"questline_key","questline_name","quest_count_from_item_cache","buddy_url","http_status","fetch_timestamp_utc","wait_seconds","total_request_silver","parse_status","raw_body","raw_headers","sha256"
"1,000,000 farmers","1,000,000 Farmers","9","https://buddy.farm/ql/1-000-000-farmers/","200","2026-08-27T19:31:03.2097569Z","6","","ambiguous_missing_total_request","raw/questlines/1-000-000-farmers.html","raw/questlines/1-000-000-farmers-headers.txt","03D7CE54E602BB836C10DEF9722659E07E2FBDA7A5D81BF82F77B752C96A8CFF"
"10,000 players!","10,000 Players!","1","https://buddy.farm/ql/10-000-players/","404","2026-08-27T19:31:09.7756560Z","6","","not_found","raw/questlines/10-000-players.html","raw/questlines/10-000-players-headers.txt","4C0DCA3858E7A3EC4BAD0F8230A8004041E0F98D911D145BAEF43B999A7924E6"
"100,000","100,000","1","https://buddy.farm/ql/100-000/","404","2026-08-27T19:31:16.3370896Z","7","","not_found","raw/questlines/100-000.html","raw/questlines/100-000-headers.txt","4C0DCA3858E7A3EC4BAD0F8230A8004041E0F98D911D145BAEF43B999A7924E6"
"12 days of christmas","12 Days of Christmas","12","https://buddy.farm/ql/12-days-of-christmas/","200","2026-08-27T19:31:23.5856853Z","8","","parsed_no_silver_total","raw/questlines/12-days-of-christmas.html","raw/questlines/12-days-of-christmas-headers.txt","64643AA83B36238D7B424B53679E41B31DF756B47181A22D8107DC0F22F2911C"
"12 days of sweet treats","12 Days of Sweet Treats","12","https://buddy.farm/ql/12-days-of-sweet-treats/","200","2026-08-27T19:31:32.0541851Z","7","","parsed_no_silver_total","raw/questlines/12-days-of-sweet-treats.html","raw/questlines/12-days-of-sweet-treats-headers.txt","66695E61DA0165D86195736E1E6465518F7B770AC5725A5917B2FA286FE515FF"
"20,000 players!","20,000 Players!","1","https://buddy.farm/ql/20-000-players/","404","2026-08-27T19:32:12.4073903Z","10","","not_found","raw/questlines/20-000-players.html","raw/questlines/20-000-players-headers.txt","4C0DCA3858E7A3EC4BAD0F8230A8004041E0F98D911D145BAEF43B999A7924E6"
"200 patrons!","200 Patrons!","1","https://buddy.farm/ql/200-patrons/","404","2026-08-27T19:32:23.0808238Z","8","","not_found","raw/questlines/200-patrons.html","raw/questlines/200-patrons-headers.txt","4C0DCA3858E7A3EC4BAD0F8230A8004041E0F98D911D145BAEF43B999A7924E6"
"200,000","200,000","3","https://buddy.farm/ql/200-000/","200","2026-08-27T19:32:31.3568394Z","6","","parsed_no_silver_total","raw/questlines/200-000.html","raw/questlines/200-000-headers.txt","9D2C1627E108AE6BF2766748E3CB129DE5AA51EEF74443D4FD1A71CDBE776641"
"25,000","25,000","1","https://buddy.farm/ql/25-000/","404","2026-08-27T19:32:37.8898399Z","6","","not_found","raw/questlines/25-000.html","raw/questlines/25-000-headers.txt","4C0DCA3858E7A3EC4BAD0F8230A8004041E0F98D911D145BAEF43B999A7924E6"
"5 times even tastier","5 Times Even Tastier","5","https://buddy.farm/ql/5-times-even-tastier/","200","2026-08-27T19:32:44.1718701Z","7","","parsed_no_silver_total","raw/questlines/5-times-even-tastier.html","raw/questlines/5-times-even-tastier-headers.txt","3F5DA10DD3486C8B5F913AA31D6DF4E5FFECAD4954194A55BA298E4F35FA583B"
"5 times tastier","5 Times Tastier","5","https://buddy.farm/ql/5-times-tastier/","200","2026-08-27T19:32:51.5492027Z","8","","parsed_no_silver_total","raw/questlines/5-times-tastier.html","raw/questlines/5-times-tastier-headers.txt","E06D2C14B2FD5BB31E413F8095A321797552B26D0C1A7CE3A2A1F09C7A52DC27"
"50,000 players!","50,000 Players!","1","https://buddy.farm/ql/50-000-players/","404","2026-08-27T19:33:00.0471164Z","8","","not_found","raw/questlines/50-000-players.html","raw/questlines/50-000-players-headers.txt","4C0DCA3858E7A3EC4BAD0F8230A8004041E0F98D911D145BAEF43B999A7924E6"
"60,000","60,000","1","https://buddy.farm/ql/60-000/","404","2026-08-27T19:33:08.2997967Z","6","","not_found","raw/questlines/60-000.html","raw/questlines/60-000-headers.txt","4C0DCA3858E7A3EC4BAD0F8230A8004041E0F98D911D145BAEF43B999A7924E6"
"75,000","75,000","1","https://buddy.farm/ql/75-000/","404","2026-08-27T19:33:14.5921758Z","7","","not_found","raw/questlines/75-000.html","raw/questlines/75-000-headers.txt","4C0DCA3858E7A3EC4BAD0F8230A8004041E0F98D911D145BAEF43B999A7924E6"
"750,000 farmers","750,000 Farmers","8","https://buddy.farm/ql/750-000-farmers/","200","2026-08-27T19:33:22.1240231Z","10","","ambiguous_missing_total_request","raw/questlines/750-000-farmers.html","raw/questlines/750-000-farmers-headers.txt","50972F42B18C5FB5E16B32F4DCBA053CC269D06D1200230B6BD4428C9AF7D7F5"
"99 bottles","99 Bottles","99","https://buddy.farm/ql/99-bottles/","200","2026-08-27T19:33:32.6254306Z","8","","parsed_no_silver_total","raw/questlines/99-bottles.html","raw/questlines/99-bottles-headers.txt","166AD29AC92B9EA9AE51068E82C1903E4E2E257591AD5AAA65A853233861618E"
"a bear skin rug","A Bear Skin Rug","1","https://buddy.farm/ql/a-bear-skin-rug/","404","2026-08-27T19:33:41.0199550Z","10","","not_found","raw/questlines/a-bear-skin-rug.html","raw/questlines/a-bear-skin-rug-headers.txt","4C0DCA3858E7A3EC4BAD0F8230A8004041E0F98D911D145BAEF43B999A7924E6"
"a better understanding","A Better Understanding","2","https://buddy.farm/ql/a-better-understanding/","200","2026-08-27T19:33:51.2892775Z","6","","parsed_no_silver_total","raw/questlines/a-better-understanding.html","raw/questlines/a-better-understanding-headers.txt","BF1429D7A13876A6D587C46AB1BE878713BC048E7AE386042DBC00241BAA51E0"
"a captain's voyage","A Captain?s Voyage","7","https://buddy.farm/ql/a-captain-s-voyage/","200","2026-08-27T19:33:57.8922410Z","7","","parsed_no_silver_total","raw/questlines/a-captain-s-voyage.html","raw/questlines/a-captain-s-voyage-headers.txt","F8C9F8A79A091F0B335116BFBD9F484C337D4A8BB1C949DE0984F3E5A6EEE97A"
"a celebration of freedom","A Celebration of Freedom","5","https://buddy.farm/ql/a-celebration-of-freedom/","200","2026-08-27T19:34:05.2234564Z","9","","parsed_no_silver_total","raw/questlines/a-celebration-of-freedom.html","raw/questlines/a-celebration-of-freedom-headers.txt","EFBC256C5BDA48BBF2D637C6058C65820BACA4F19DC268F68A024848FE482159"
"a cog in the wheel","A Cog In The Wheel","1","https://buddy.farm/ql/a-cog-in-the-wheel/","404","2026-08-27T19:34:14.7043379Z","7","","not_found","raw/questlines/a-cog-in-the-wheel.html","raw/questlines/a-cog-in-the-wheel-headers.txt","4C0DCA3858E7A3EC4BAD0F8230A8004041E0F98D911D145BAEF43B999A7924E6"
"a cold start","A Cold Start","2","https://buddy.farm/ql/a-cold-start/","200","2026-08-27T19:34:21.9920740Z","8","","parsed_no_silver_total","raw/questlines/a-cold-start.html","raw/questlines/a-cold-start-headers.txt","3123022C9D0BFC876C8EA043D48C51D2130206CC7A16566D95A7FE2CB24B6EB5"
"a difficult option requires bravery sometimes","A Difficult Option Requires Bravery Sometimes","13","https://buddy.farm/ql/a-difficult-option-requires-bravery-sometimes/","200","2026-08-27T19:34:30.4416136Z","9","","parsed_no_silver_total","raw/questlines/a-difficult-option-requires-bravery-sometimes.html","raw/questlines/a-difficult-option-requires-bravery-sometimes-headers.txt","93C31029650B42DEA2A9F3D7E968396E5D2E3B9B71771E17D150137C54B3FEF4"
"a feathery thanks","A Feathery Thanks","1","https://buddy.farm/ql/a-feathery-thanks/","404","2026-08-27T19:34:39.7686264Z","7","","not_found","raw/questlines/a-feathery-thanks.html","raw/questlines/a-feathery-thanks-headers.txt","4C0DCA3858E7A3EC4BAD0F8230A8004041E0F98D911D145BAEF43B999A7924E6"
"a few of his favorite things","A Few Of His Favorite Things","1","https://buddy.farm/ql/a-few-of-his-favorite-things/","404","2026-08-27T19:34:47.0203496Z","10","","not_found","raw/questlines/a-few-of-his-favorite-things.html","raw/questlines/a-few-of-his-favorite-things-headers.txt","4C0DCA3858E7A3EC4BAD0F8230A8004041E0F98D911D145BAEF43B999A7924E6"
"a fool and their money","A Fool And Their Money","1","https://buddy.farm/ql/a-fool-and-their-money/","200","2026-08-27T19:34:57.4115354Z","7","5000000000000","parsed_silver_total","raw/questlines/a-fool-and-their-money.html","raw/questlines/a-fool-and-their-money-headers.txt","2356B44C9B57954A6C514CA125D72A45BD69D56FE841AFB4CAAC8BF1E124656C"
"a game of thanks","A Game Of Thanks","4","https://buddy.farm/ql/a-game-of-thanks/","200","2026-08-27T19:35:04.7441925Z","10","","parsed_no_silver_total","raw/questlines/a-game-of-thanks.html","raw/questlines/a-game-of-thanks-headers.txt","6E9EA74C749C7C2218F32E40C7D3EE8FF51980951422153D2194C895B8FC198D"
"a great way to unwind","A Great Way To Unwind","2","https://buddy.farm/ql/a-great-way-to-unwind/","200","2026-08-27T19:35:15.2247922Z","6","","parsed_no_silver_total","raw/questlines/a-great-way-to-unwind.html","raw/questlines/a-great-way-to-unwind-headers.txt","4CCD287BC4513C7A582A1350F23CB09445FCE4FD62894CA85E6729081D97A013"
"a horse of a different color","A Horse Of A Different Color","7","https://buddy.farm/ql/a-horse-of-a-different-color/","200","2026-08-27T19:35:21.8843351Z","10","","parsed_no_silver_total","raw/questlines/a-horse-of-a-different-color.html","raw/questlines/a-horse-of-a-different-color-headers.txt","829353E8566E4CA725C7D09F85595700E6EF5BBF47A017D381ACEC2E999E3559"
"a horse, afraid","A Horse, Afraid","1","https://buddy.farm/ql/a-horse-afraid/","404","2026-08-27T19:35:32.2631448Z","6","","not_found","raw/questlines/a-horse-afraid.html","raw/questlines/a-horse-afraid-headers.txt","4C0DCA3858E7A3EC4BAD0F8230A8004041E0F98D911D145BAEF43B999A7924E6"
"a little cheer","A Little Cheer","3","https://buddy.farm/ql/a-little-cheer/","200","2026-08-27T19:35:38.6170768Z","7","","parsed_no_silver_total","raw/questlines/a-little-cheer.html","raw/questlines/a-little-cheer-headers.txt","E3802F779B0EF26FEC60C606F8B4D7A336D057D592276716A9C2FA31B60F1ED5"
"a little gardening","A Little Gardening","3","https://buddy.farm/ql/a-little-gardening/","200","2026-08-27T19:35:46.0978631Z","6","","parsed_no_silver_total","raw/questlines/a-little-gardening.html","raw/questlines/a-little-gardening-headers.txt","12EE737E52D284C0F1DD6FFE18ED42D33F2CB6229BA6C56AF2AF9281500A65F2"
"a little luckier","A Little Luckier","2","https://buddy.farm/ql/a-little-luckier/","200","2026-08-27T19:35:52.6534771Z","8","","parsed_no_silver_total","raw/questlines/a-little-luckier.html","raw/questlines/a-little-luckier-headers.txt","3F1E33315F43DACABC0482F07A078C3FB43BB6AD0F392FE44CCD27C1E575E58E"
"a lot of trees","A Lot Of Trees","19","https://buddy.farm/ql/a-lot-of-trees/","200","2026-08-27T19:36:01.0421717Z","6","","parsed_no_silver_total","raw/questlines/a-lot-of-trees.html","raw/questlines/a-lot-of-trees-headers.txt","34752EBF36656709774B8B8890C9675B1643FD053C647068A460025ABB47C416"
"a moo hope","A Moo Hope","9","https://buddy.farm/ql/a-moo-hope/","200","2026-08-27T19:36:08.0117617Z","9","","parsed_no_silver_total","raw/questlines/a-moo-hope.html","raw/questlines/a-moo-hope-headers.txt","D955C0D942C51BF3026768D33B761A3603851D9D382A90654DD2AFD62261B127"
"a new town hall","A New Town Hall","1","https://buddy.farm/ql/a-new-town-hall/","404","2026-08-27T19:36:17.5691097Z","6","","not_found","raw/questlines/a-new-town-hall.html","raw/questlines/a-new-town-hall-headers.txt","4C0DCA3858E7A3EC4BAD0F8230A8004041E0F98D911D145BAEF43B999A7924E6"
"a new year","A New Year","4","https://buddy.farm/ql/a-new-year/","200","2026-08-27T19:36:23.9996084Z","8","","parsed_no_silver_total","raw/questlines/a-new-year.html","raw/questlines/a-new-year-headers.txt","6BBF522D60BA436D13A1E40E48DF03AA1BBD88FDBA7D94CFF6CC55534D9A7F74"
"a new year extra","A New Year Extra","1","https://buddy.farm/ql/a-new-year-extra/","404","2026-08-27T19:36:32.4789746Z","9","","not_found","raw/questlines/a-new-year-extra.html","raw/questlines/a-new-year-extra-headers.txt","4C0DCA3858E7A3EC4BAD0F8230A8004041E0F98D911D145BAEF43B999A7924E6"
"a pearl jam","A Pearl Jam","9","https://buddy.farm/ql/a-pearl-jam/","200","2026-08-27T19:36:41.7720028Z","8","","parsed_no_silver_total","raw/questlines/a-pearl-jam.html","raw/questlines/a-pearl-jam-headers.txt","78FEAE1186D7E2641090522E4B45210DEDCDFF77460B16EA0D04075F2AD2F5E4"
"a peg leg","A Peg Leg","1","https://buddy.farm/ql/a-peg-leg/","404","2026-08-27T19:36:50.3992349Z","8","","not_found","raw/questlines/a-peg-leg.html","raw/questlines/a-peg-leg-headers.txt","4C0DCA3858E7A3EC4BAD0F8230A8004041E0F98D911D145BAEF43B999A7924E6"
"a pinata trouble","A Pinata Trouble","8","https://buddy.farm/ql/a-pinata-trouble/","200","2026-08-27T19:36:58.6923857Z","10","","parsed_no_silver_total","raw/questlines/a-pinata-trouble.html","raw/questlines/a-pinata-trouble-headers.txt","AB1A111610316D53181072DF1A01FA344E9862F8DFC6D53F4382D9EDC18ECAD6"
"a real gem","A Real Gem","1","https://buddy.farm/ql/a-real-gem/","200","2026-08-27T19:37:09.1805111Z","10","","parsed_no_silver_total","raw/questlines/a-real-gem.html","raw/questlines/a-real-gem-headers.txt","33552E3093DB909AC915DB675B62ADF9763B761B916713E37C554929472B0A74"
"a ring for every finger","A Ring for Every Finger","1","https://buddy.farm/ql/a-ring-for-every-finger/","404","2026-08-27T19:37:19.6383797Z","6","","not_found","raw/questlines/a-ring-for-every-finger.html","raw/questlines/a-ring-for-every-finger-headers.txt","4C0DCA3858E7A3EC4BAD0F8230A8004041E0F98D911D145BAEF43B999A7924E6"
"a slime covered wish","A Slime Covered Wish","2","https://buddy.farm/ql/a-slime-covered-wish/","200","2026-08-27T19:37:25.9271702Z","6","","parsed_no_silver_total","raw/questlines/a-slime-covered-wish.html","raw/questlines/a-slime-covered-wish-headers.txt","9426264FC894E0AA97B48F3A2B1ACDEA87B0174C64F9ED3DB07A9A10544D197C"
"a small gift","A Small Gift","5","https://buddy.farm/ql/a-small-gift/","200","2026-08-27T19:37:32.4984949Z","6","","parsed_no_silver_total","raw/questlines/a-small-gift.html","raw/questlines/a-small-gift-headers.txt","744F82BB1A1C115F02EA3C65F39142E6B1FF85C4C81BC3AC1CCD7D97786B2331"
"a study of color","A Study of Color","16","https://buddy.farm/ql/a-study-of-color/","200","2026-08-27T19:37:38.8024042Z","8","","parsed_no_silver_total","raw/questlines/a-study-of-color.html","raw/questlines/a-study-of-color-headers.txt","A5B364DE3663E6A7D054FDEC278A4698E11E11379AFBA695DAD105B5A077FB4C"
"a study of spuds","A Study of Spuds","8","https://buddy.farm/ql/a-study-of-spuds/","200","2026-08-27T19:37:48.2273462Z","6","","parsed_no_silver_total","raw/questlines/a-study-of-spuds.html","raw/questlines/a-study-of-spuds-headers.txt","46839184AB08E13E4BC3C7DD611D836CFC4DEBB75FCD256605EEA862788EDD45"
"a taste for gold","A Taste for Gold","1","https://buddy.farm/ql/a-taste-for-gold/","404","2026-08-27T19:37:54.7110807Z","8","","not_found","raw/questlines/a-taste-for-gold.html","raw/questlines/a-taste-for-gold-headers.txt","4C0DCA3858E7A3EC4BAD0F8230A8004041E0F98D911D145BAEF43B999A7924E6"
"a tower divided","A Tower Divided","3","https://buddy.farm/ql/a-tower-divided/","200","2026-08-27T19:38:03.0189505Z","10","","parsed_no_silver_total","raw/questlines/a-tower-divided.html","raw/questlines/a-tower-divided-headers.txt","00951D2DD3AA5445EEFF04C5506EB7DD9795B275751C8CA64F2CD425E7DAA895"
"a tower redecorated","A Tower Redecorated","3","https://buddy.farm/ql/a-tower-redecorated/","200","2026-08-27T19:38:13.6855571Z","8","","parsed_no_silver_total","raw/questlines/a-tower-redecorated.html","raw/questlines/a-tower-redecorated-headers.txt","76ADB0BB5E324F2FA0808B66C41AF91AE7084F414453B3EF8D8BF5969B44133B"
"a tower remade","A Tower Remade","2","https://buddy.farm/ql/a-tower-remade/","200","2026-08-27T19:38:22.1381850Z","6","","parsed_no_silver_total","raw/questlines/a-tower-remade.html","raw/questlines/a-tower-remade-headers.txt","E48E0DCB3DDEF517305C8657206015EA9B3DFAC7B706E9E82B8E3E526D926FFD"
"a towering investment","A Towering Investment","18","https://buddy.farm/ql/a-towering-investment/","200","2026-08-27T19:38:28.6060536Z","6","10737418235","parsed_silver_total","raw/questlines/a-towering-investment.html","raw/questlines/a-towering-investment-headers.txt","D8EB00B1F2C562AB84F867EB095037FD73E6E34D252383BF3209D4D26D82104F"
"a wall in the way","A Wall In The Way","15","https://buddy.farm/ql/a-wall-in-the-way/","200","2026-08-27T19:38:34.9448308Z","10","","parsed_no_silver_total","raw/questlines/a-wall-in-the-way.html","raw/questlines/a-wall-in-the-way-headers.txt","50A655BEA508404E32C0C65C75591D1D92698CD22A8D03DB8C125F1037A679B8"
"a way back","A Way Back","33","https://buddy.farm/ql/a-way-back/","200","2026-08-27T19:38:45.3900528Z","8","","parsed_no_silver_total","raw/questlines/a-way-back.html","raw/questlines/a-way-back-headers.txt","3689B992E660E6E03C63D139259063B2030B7769234741F4F726FB4E315544A2"
"a way forward","A Way Forward","11","https://buddy.farm/ql/a-way-forward/","200","2026-08-27T19:38:54.2797328Z","9","","parsed_no_silver_total","raw/questlines/a-way-forward.html","raw/questlines/a-way-forward-headers.txt","4B7321691479F80749EC7E547C35578EAFDE37F96B806D3DCD3098C75AA3518B"
"a way to say thanks","A Way to Say Thanks","1","https://buddy.farm/ql/a-way-to-say-thanks/","404","2026-08-27T19:39:03.8330843Z","9","","not_found","raw/questlines/a-way-to-say-thanks.html","raw/questlines/a-way-to-say-thanks-headers.txt","4C0DCA3858E7A3EC4BAD0F8230A8004041E0F98D911D145BAEF43B999A7924E6"
"acorns a callin","Acorns A Callin","1","https://buddy.farm/ql/acorns-a-callin/","404","2026-08-27T19:39:13.6789078Z","7","","not_found","raw/questlines/acorns-a-callin.html","raw/questlines/acorns-a-callin-headers.txt","4C0DCA3858E7A3EC4BAD0F8230A8004041E0F98D911D145BAEF43B999A7924E6"
"air of celebration","Air of Celebration","2","https://buddy.farm/ql/air-of-celebration/","200","2026-08-27T19:39:21.0255094Z","8","","parsed_no_silver_total","raw/questlines/air-of-celebration.html","raw/questlines/air-of-celebration-headers.txt","9EDA89C6B0B5F710A53E99578FC13B3D4FDAEC533C3FBA6D2D936F0E7C46FBBE"
"always be corn-ing","Always Be Corn-ing","7","https://buddy.farm/ql/always-be-corn-ing/","200","2026-08-27T19:39:29.4874530Z","9","","parsed_no_silver_total","raw/questlines/always-be-corn-ing.html","raw/questlines/always-be-corn-ing-headers.txt","351F9CDF85E90C1826BEE7E0D9314B02B90A75CCCC13EE503EDCA27F6AEBE5BC"
"an apple a day...","An Apple a Day...","1","https://buddy.farm/ql/an-apple-a-day/","404","2026-08-27T19:39:38.9768767Z","10","","not_found","raw/questlines/an-apple-a-day.html","raw/questlines/an-apple-a-day-headers.txt","4C0DCA3858E7A3EC4BAD0F8230A8004041E0F98D911D145BAEF43B999A7924E6"
"an exchange of prisoners","An Exchange of Prisoners","1","https://buddy.farm/ql/an-exchange-of-prisoners/","404","2026-08-27T19:39:49.2160519Z","7","","not_found","raw/questlines/an-exchange-of-prisoners.html","raw/questlines/an-exchange-of-prisoners-headers.txt","4C0DCA3858E7A3EC4BAD0F8230A8004041E0F98D911D145BAEF43B999A7924E6"
"an interesting lunch","An Interesting Lunch","2","https://buddy.farm/ql/an-interesting-lunch/","200","2026-08-27T19:39:56.4810855Z","8","","parsed_no_silver_total","raw/questlines/an-interesting-lunch.html","raw/questlines/an-interesting-lunch-headers.txt","8EF5E34905F2FC580C51D969361C5C179520CFEE08BB8E754E40E2A88447D774"
"an owl's best friend","An Owl's Best Friend","1","https://buddy.farm/ql/an-owls-best-friend/","404","2026-08-27T19:40:04.8221729Z","6","","not_found","raw/questlines/an-owls-best-friend.html","raw/questlines/an-owls-best-friend-headers.txt","4C0DCA3858E7A3EC4BAD0F8230A8004041E0F98D911D145BAEF43B999A7924E6"
"another lot of trees","Another Lot Of Trees","9","https://buddy.farm/ql/another-lot-of-trees/","200","2026-08-27T19:40:11.0597456Z","10","","parsed_no_silver_total","raw/questlines/another-lot-of-trees.html","raw/questlines/another-lot-of-trees-headers.txt","86A9C063B5E579C3676BAA999A6DB7DAFD7A18808BCBEEBFE408DADD8B047BC2"
"april trout brings may flowers","April Trout Brings May Flowers","24","https://buddy.farm/ql/april-trout-brings-may-flowers/","200","2026-08-27T19:40:21.5958331Z","6","","parsed_no_silver_total","raw/questlines/april-trout-brings-may-flowers.html","raw/questlines/april-trout-brings-may-flowers-headers.txt","E6AC0D08E793FCEF047BE57CA6B0F5043C8C3DF793A70595A225B4813F72B131"
"archeology requires knowhow","Archeology Requires Knowhow","17","https://buddy.farm/ql/archeology-requires-knowhow/","200","2026-08-27T19:40:28.0953271Z","6","","parsed_no_silver_total","raw/questlines/archeology-requires-knowhow.html","raw/questlines/archeology-requires-knowhow-headers.txt","BF94FF8E2B44038331983B0BFBF2F66ACD9215C2A970B5F0ED53C7052B51BE1F"
"archery practice","Archery Practice","1","https://buddy.farm/ql/archery-practice/","404","2026-08-27T19:40:34.4297930Z","8","","not_found","raw/questlines/archery-practice.html","raw/questlines/archery-practice-headers.txt","4C0DCA3858E7A3EC4BAD0F8230A8004041E0F98D911D145BAEF43B999A7924E6"
"art of gaming","Art Of Gaming","2","https://buddy.farm/ql/art-of-gaming/","200","2026-08-27T19:40:42.7324453Z","8","","parsed_no_silver_total","raw/questlines/art-of-gaming.html","raw/questlines/art-of-gaming-headers.txt","78F3A37FA538A6B9DCAF782EA754A92A21C4DAE32F0AF2E17A9D1E41C7D8F4F3"
"artistic rosalie","Artistic Rosalie","6","https://buddy.farm/ql/artistic-rosalie/","200","2026-08-27T19:40:51.1759236Z","7","","parsed_no_silver_total","raw/questlines/artistic-rosalie.html","raw/questlines/artistic-rosalie-headers.txt","68F85EAC22DBCAC2D8F14F3FC8A872682CA7DEEB7EC9C8710E2DD8C9EA6705EB"
"as the horse clops","As The Horse Clops","1","https://buddy.farm/ql/as-the-horse-clops/","200","2026-08-27T19:40:58.6803686Z","7","","parsed_no_silver_total","raw/questlines/as-the-horse-clops.html","raw/questlines/as-the-horse-clops-headers.txt","11EF3E8959FA8F97179290F98D69425FCE817919807A256F4A0583011C0BC23A"
"augment redbrook through masonry","Augment Redbrook Through Masonry","1","https://buddy.farm/ql/augment-redbrook-through-masonry/","200","2026-08-27T19:41:06.1335537Z","6","","parsed_no_silver_total","raw/questlines/augment-redbrook-through-masonry.html","raw/questlines/augment-redbrook-through-masonry-headers.txt","43CFA3ED11FFC50A0FDF986BEA3BEF2D0D7E79DF87EF8E030831F586E0017736"
"bad dirt","Bad Dirt","3","https://buddy.farm/ql/bad-dirt/","200","2026-08-27T19:41:12.6827949Z","10","","ambiguous_missing_total_request","raw/questlines/bad-dirt.html","raw/questlines/bad-dirt-headers.txt","1A7F0F2202C936355396C90AA1F9323EC793ADBE7544093A32512979BAB24DC4"
"bad luck tempering","Bad Luck Tempering","1","https://buddy.farm/ql/bad-luck-tempering/","404","2026-08-27T19:41:23.2142866Z","9","","not_found","raw/questlines/bad-luck-tempering.html","raw/questlines/bad-luck-tempering-headers.txt","4C0DCA3858E7A3EC4BAD0F8230A8004041E0F98D911D145BAEF43B999A7924E6"
"baited and outsmarted","Baited And Outsmarted","7","https://buddy.farm/ql/baited-and-outsmarted/","200","2026-08-27T19:41:32.5041916Z","6","","parsed_no_silver_total","raw/questlines/baited-and-outsmarted.html","raw/questlines/baited-and-outsmarted-headers.txt","A1DE077E5FF96502C6FD1482514DE59D70857DC12FE5372D74C8AFDA4A9013D3"
"banana stand","Banana Stand","3","https://buddy.farm/ql/banana-stand/","200","2026-08-27T19:41:39.0376204Z","9","","parsed_no_silver_total","raw/questlines/banana-stand.html","raw/questlines/banana-stand-headers.txt","016A40FC7FAA0D06F39594D3E57EFFA785C7C8E1AFC8E0A17A4F58ADB8C3B5E8"
"be mine","Be Mine","11","https://buddy.farm/ql/be-mine/","200","2026-08-27T19:41:48.3611544Z","10","","parsed_no_silver_total","raw/questlines/be-mine.html","raw/questlines/be-mine-headers.txt","1BD030A12896324849371A3EC20305BD3F403990A23FFB2532CDF00A9F95A15F"
"beach bum","Beach Bum","4","https://buddy.farm/ql/beach-bum/","200","2026-08-27T19:41:58.8093829Z","9","","parsed_no_silver_total","raw/questlines/beach-bum.html","raw/questlines/beach-bum-headers.txt","29AE994DFE29E6F51D389D351C3917DF0960287B1C915167FEF744DE2CF06CAB"
"beach bum hard mode","Beach Bum Hard Mode","1","https://buddy.farm/ql/beach-bum-hard-mode/","404","2026-08-27T19:42:08.3042772Z","9","","not_found","raw/questlines/beach-bum-hard-mode.html","raw/questlines/beach-bum-hard-mode-headers.txt","4C0DCA3858E7A3EC4BAD0F8230A8004041E0F98D911D145BAEF43B999A7924E6"
"beaches are like deserts","Beaches Are Like Deserts","2","https://buddy.farm/ql/beaches-are-like-deserts/","200","2026-08-27T19:42:17.5305725Z","8","","parsed_no_silver_total","raw/questlines/beaches-are-like-deserts.html","raw/questlines/beaches-are-like-deserts-headers.txt","509B3F1DC4C15F56F3B830D28CE3E4179E66A0A2AD465E142AD8FDC7A07C0061"
"bearly hygienic enough","Bearly Hygienic Enough","2","https://buddy.farm/ql/bearly-hygienic-enough/","200","2026-08-27T19:42:26.6192570Z","7","","parsed_no_silver_total","raw/questlines/bearly-hygienic-enough.html","raw/questlines/bearly-hygienic-enough-headers.txt","F6701699CFD23A3B2C548E1E24B029C34B3E759A94820155AC6F4BC43E0CC9C0"
"befriending buddy","Befriending Buddy","4","https://buddy.farm/ql/befriending-buddy/","200","2026-08-27T19:42:34.0729333Z","9","","parsed_no_silver_total","raw/questlines/befriending-buddy.html","raw/questlines/befriending-buddy-headers.txt","5F0296571BFD158E5DA96C2DFE4E7BFAD150B841CAF2B2FE64A9BE58A266CE92"
"belt out of shape","Belt out of Shape","6","https://buddy.farm/ql/belt-out-of-shape/","200","2026-08-27T19:42:43.4190635Z","8","","parsed_no_silver_total","raw/questlines/belt-out-of-shape.html","raw/questlines/belt-out-of-shape-headers.txt","F6ECDCC319F1D6D8F10C792FBA7ACE25FBF001A789B7743CAFC170278BBE4B6D"
"best served thawed","Best Served Thawed","3","https://buddy.farm/ql/best-served-thawed/","200","2026-08-27T19:42:51.9044540Z","7","","parsed_no_silver_total","raw/questlines/best-served-thawed.html","raw/questlines/best-served-thawed-headers.txt","CAE0D531BC987690F727DC36942508ED5D8E6EA3D2789CD989F2C035DCA6196E"
"best stored frozen","Best Stored Frozen","7","https://buddy.farm/ql/best-stored-frozen/","200","2026-08-27T19:42:59.4734860Z","8","","parsed_no_silver_total","raw/questlines/best-stored-frozen.html","raw/questlines/best-stored-frozen-headers.txt","58E54A6BD64C03C87F3E018FBEB5BFA5B4BD314A42BB37D4D565E3D796994F2F"
"better late than never","Better Late Than Never","4","https://buddy.farm/ql/better-late-than-never/","200","2026-08-27T19:43:08.4427184Z","10","","parsed_no_silver_total","raw/questlines/better-late-than-never.html","raw/questlines/better-late-than-never-headers.txt","F2F2230E86FE5ED111165D13372286C8A913F2459DD433ECB877B73B5BBDFD4A"
"bff <3","BFF <3","4","https://buddy.farm/ql/bff-3/","200","2026-08-27T19:43:18.9165374Z","10","","parsed_no_silver_total","raw/questlines/bff-3.html","raw/questlines/bff-3-headers.txt","7DB9B4E0845F866107A90E221ED3CE14267B05DC0DB1C05992C2C83F3003364F"
"big boom","Big Boom","5","https://buddy.farm/ql/big-boom/","200","2026-08-27T19:43:29.6563650Z","8","","parsed_no_silver_total","raw/questlines/big-boom.html","raw/questlines/big-boom-headers.txt","116AFBD4BC5C5ADF931A8E59AFAC95ED217B1F4679AFB1C4ECB24DE9EF5E9F82"
"big finale","Big Finale","1","https://buddy.farm/ql/big-finale/","404","2026-08-27T19:43:38.1810410Z","7","","not_found","raw/questlines/big-finale.html","raw/questlines/big-finale-headers.txt","4C0DCA3858E7A3EC4BAD0F8230A8004041E0F98D911D145BAEF43B999A7924E6"
"bling things","Bling Things","2","https://buddy.farm/ql/bling-things/","200","2026-08-27T19:43:45.4346939Z","9","","parsed_no_silver_total","raw/questlines/bling-things.html","raw/questlines/bling-things-headers.txt","83B7144E1B226C9E31FE429AFF0E79590E793E2A92FEBC0594017009770D84CE"
"blizzard warning","Blizzard Warning","1","https://buddy.farm/ql/blizzard-warning/","200","2026-08-27T19:43:54.9870576Z","7","","parsed_no_silver_total","raw/questlines/blizzard-warning.html","raw/questlines/blizzard-warning-headers.txt","9E01FD45D49E267B96C22E4FDAFEA985D881549BA49E1F3CA75510E36794E1A1"
"blizzard warning ii - a","Blizzard Warning II - A","1","https://buddy.farm/ql/blizzard-warning-ii-a/","404","2026-08-27T19:44:02.4849125Z","6","","not_found","raw/questlines/blizzard-warning-ii-a.html","raw/questlines/blizzard-warning-ii-a-headers.txt","4C0DCA3858E7A3EC4BAD0F8230A8004041E0F98D911D145BAEF43B999A7924E6"
"blizzard warning ii - b","Blizzard Warning II - B","1","https://buddy.farm/ql/blizzard-warning-ii-b/","404","2026-08-27T19:44:08.7820689Z","10","","not_found","raw/questlines/blizzard-warning-ii-b.html","raw/questlines/blizzard-warning-ii-b-headers.txt","4C0DCA3858E7A3EC4BAD0F8230A8004041E0F98D911D145BAEF43B999A7924E6"
"blizzard warning iii -","Blizzard Warning III -","2","https://buddy.farm/ql/blizzard-warning-iii/","404","2026-08-27T19:44:19.1044414Z","8","","not_found","raw/questlines/blizzard-warning-iii.html","raw/questlines/blizzard-warning-iii-headers.txt","4C0DCA3858E7A3EC4BAD0F8230A8004041E0F98D911D145BAEF43B999A7924E6"
"blizzard warning iii - a","Blizzard Warning III - A","1","https://buddy.farm/ql/blizzard-warning-iii-a/","404","2026-08-27T19:44:27.4793439Z","6","","not_found","raw/questlines/blizzard-warning-iii-a.html","raw/questlines/blizzard-warning-iii-a-headers.txt","4C0DCA3858E7A3EC4BAD0F8230A8004041E0F98D911D145BAEF43B999A7924E6"
"blizzard warning iii - b","Blizzard Warning III - B","1","https://buddy.farm/ql/blizzard-warning-iii-b/","404","2026-08-27T19:44:33.7963921Z","9","","not_found","raw/questlines/blizzard-warning-iii-b.html","raw/questlines/blizzard-warning-iii-b-headers.txt","4C0DCA3858E7A3EC4BAD0F8230A8004041E0F98D911D145BAEF43B999A7924E6"
"blizzard warning iv -","Blizzard Warning IV -","2","https://buddy.farm/ql/blizzard-warning-iv/","404","2026-08-27T19:44:43.0556804Z","7","","not_found","raw/questlines/blizzard-warning-iv.html","raw/questlines/blizzard-warning-iv-headers.txt","4C0DCA3858E7A3EC4BAD0F8230A8004041E0F98D911D145BAEF43B999A7924E6"
"blizzard warning iv - a","Blizzard Warning IV - A","1","https://buddy.farm/ql/blizzard-warning-iv-a/","404","2026-08-27T19:44:50.4464830Z","9","","not_found","raw/questlines/blizzard-warning-iv-a.html","raw/questlines/blizzard-warning-iv-a-headers.txt","4C0DCA3858E7A3EC4BAD0F8230A8004041E0F98D911D145BAEF43B999A7924E6"
"blizzard warning iv - b","Blizzard Warning IV - B","1","https://buddy.farm/ql/blizzard-warning-iv-b/","404","2026-08-27T19:44:59.7296666Z","9","","not_found","raw/questlines/blizzard-warning-iv-b.html","raw/questlines/blizzard-warning-iv-b-headers.txt","4C0DCA3858E7A3EC4BAD0F8230A8004041E0F98D911D145BAEF43B999A7924E6"
"blizzard warning iv - e","Blizzard Warning IV - E","1","https://buddy.farm/ql/blizzard-warning-iv-e/","404","2026-08-27T19:45:08.9954096Z","6","","not_found","raw/questlines/blizzard-warning-iv-e.html","raw/questlines/blizzard-warning-iv-e-headers.txt","4C0DCA3858E7A3EC4BAD0F8230A8004041E0F98D911D145BAEF43B999A7924E6"
"blizzard warning iv - f","Blizzard Warning IV - F","1","https://buddy.farm/ql/blizzard-warning-iv-f/","404","2026-08-27T19:45:15.3045208Z","8","","not_found","raw/questlines/blizzard-warning-iv-f.html","raw/questlines/blizzard-warning-iv-f-headers.txt","4C0DCA3858E7A3EC4BAD0F8230A8004041E0F98D911D145BAEF43B999A7924E6"
"blizzard warning iv - g","Blizzard Warning IV - G","1","https://buddy.farm/ql/blizzard-warning-iv-g/","404","2026-08-27T19:45:23.5734186Z","10","","not_found","raw/questlines/blizzard-warning-iv-g.html","raw/questlines/blizzard-warning-iv-g-headers.txt","4C0DCA3858E7A3EC4BAD0F8230A8004041E0F98D911D145BAEF43B999A7924E6"
"blizzard warning iv - h","Blizzard Warning IV - H","1","https://buddy.farm/ql/blizzard-warning-iv-h/","404","2026-08-27T19:45:33.8402934Z","7","","not_found","raw/questlines/blizzard-warning-iv-h.html","raw/questlines/blizzard-warning-iv-h-headers.txt","4C0DCA3858E7A3EC4BAD0F8230A8004041E0F98D911D145BAEF43B999A7924E6"
"blooming thaw already","Blooming Thaw Already","6","https://buddy.farm/ql/blooming-thaw-already/","200","2026-08-27T19:45:41.1139037Z","9","","parsed_no_silver_total","raw/questlines/blooming-thaw-already.html","raw/questlines/blooming-thaw-already-headers.txt","0324670A0C44A9428BEE54BC9DC06629F0AA6ED794BEEB9B7327FFCE02D66DDD"
"blue diamond fish","Blue Diamond Fish","8","https://buddy.farm/ql/blue-diamond-fish/","200","2026-08-27T19:45:50.6194402Z","9","","parsed_no_silver_total","raw/questlines/blue-diamond-fish.html","raw/questlines/blue-diamond-fish-headers.txt","803C7AFF9C485B01E8A7F4C642A28EB2DF311F981A4085729934919E3BAFF3AA"
"bombs bursting","Bombs Bursting","2","https://buddy.farm/ql/bombs-bursting/","200","2026-08-27T19:46:00.2040756Z","6","","parsed_no_silver_total","raw/questlines/bombs-bursting.html","raw/questlines/bombs-bursting-headers.txt","06430762DDA44FEC73D9A0D2623335204CC9A9B343AF7DE5F201F31228CF3D81"
"bons temps","Bons Temps","6","https://buddy.farm/ql/bons-temps/","200","2026-08-27T19:46:07.0493481Z","10","","parsed_no_silver_total","raw/questlines/bons-temps.html","raw/questlines/bons-temps-headers.txt","A543CFE8952FC2BD00DFA0CD284DDF2AC6E144322CC9BBD30FE6BA8516E599F2"
"book of dewstar mastery","Book of Dewstar Mastery","12","https://buddy.farm/ql/book-of-dewstar-mastery/","200","2026-08-27T19:46:17.5240388Z","6","","ambiguous_missing_total_request","raw/questlines/book-of-dewstar-mastery.html","raw/questlines/book-of-dewstar-mastery-headers.txt","92B347853F082F42048B4883FFB2B6FB5D7B14B10862303F7EAF0328B214038C"
"booms open opportunities, mark successes","Booms Open Opportunities, Mark Successes","4","https://buddy.farm/ql/booms-open-opportunities-mark-successes/","200","2026-08-27T19:46:24.0173912Z","9","","parsed_no_silver_total","raw/questlines/booms-open-opportunities-mark-successes.html","raw/questlines/booms-open-opportunities-mark-successes-headers.txt","B5005DA678A01FA50584E5ABDAAC7E49A0013B7CA67F128BC303081D58A85922"
"booms, our other monetary system","Booms, Our Other Monetary System","4","https://buddy.farm/ql/booms-our-other-monetary-system/","200","2026-08-27T19:46:33.5667998Z","10","","parsed_no_silver_total","raw/questlines/booms-our-other-monetary-system.html","raw/questlines/booms-our-other-monetary-system-headers.txt","31F51DFBD134FC692503CAAF39A892ED5E7AEC37CD42796E2FEA6706E7E05FC1"
"borgen builds a nest egg","Borgen Builds a Nest Egg","7","https://buddy.farm/ql/borgen-builds-a-nest-egg/","200","2026-08-27T19:46:44.0527858Z","7","","parsed_no_silver_total","raw/questlines/borgen-builds-a-nest-egg.html","raw/questlines/borgen-builds-a-nest-egg-headers.txt","F3B33844F0ACADAD47EF67FD0AF90DC5C532DA981BCE1BBD73C32E1023B2D403"
"breaking the ice","Breaking The Ice","6","https://buddy.farm/ql/breaking-the-ice/","200","2026-08-27T19:46:51.6214702Z","10","","parsed_no_silver_total","raw/questlines/breaking-the-ice.html","raw/questlines/breaking-the-ice-headers.txt","CB6731DE983910E182749B2AF9296833ADBEC15CA94ED0E6121B2279F9BB2DFB"
"breaking the ice even icier","Breaking The Ice Even Icier","4","https://buddy.farm/ql/breaking-the-ice-even-icier/","200","2026-08-27T19:47:02.1069771Z","8","","parsed_no_silver_total","raw/questlines/breaking-the-ice-even-icier.html","raw/questlines/breaking-the-ice-even-icier-headers.txt","356151531522A5844C970C5FEEB8BA14DA607CF91FF472A41A937D946F899C5E"
"bright horseshoe","Bright Horseshoe","1","https://buddy.farm/ql/bright-horseshoe/","200","2026-08-27T19:47:10.5748832Z","9","","parsed_no_silver_total","raw/questlines/bright-horseshoe.html","raw/questlines/bright-horseshoe-headers.txt","E2B9CBA77E00AD4E0D62431725A77C7F2886C4F6C3E7EB581FABBE6A1560965D"
"bringing egg-sy back","Bringing Egg-sy Back","29","https://buddy.farm/ql/bringing-egg-sy-back/","200","2026-08-27T19:47:20.0913548Z","10","1000000","parsed_silver_total","raw/questlines/bringing-egg-sy-back.html","raw/questlines/bringing-egg-sy-back-headers.txt","D260FF22BE76883E0CB165FB152CF82883079527D3EE1E35EA544F14E33D5502"
"buddy doll mixup","Buddy Doll Mixup","1","https://buddy.farm/ql/buddy-doll-mixup/","404","2026-08-27T19:47:30.6725487Z","10","","not_found","raw/questlines/buddy-doll-mixup.html","raw/questlines/buddy-doll-mixup-headers.txt","4C0DCA3858E7A3EC4BAD0F8230A8004041E0F98D911D145BAEF43B999A7924E6"
"buddy found","Buddy Found","1","https://buddy.farm/ql/buddy-found/","404","2026-08-27T19:47:40.9555657Z","6","","not_found","raw/questlines/buddy-found.html","raw/questlines/buddy-found-headers.txt","4C0DCA3858E7A3EC4BAD0F8230A8004041E0F98D911D145BAEF43B999A7924E6"
"buddy of friendship","Buddy of Friendship","1","https://buddy.farm/ql/buddy-of-friendship/","404","2026-08-27T19:47:47.1964294Z","10","","not_found","raw/questlines/buddy-of-friendship.html","raw/questlines/buddy-of-friendship-headers.txt","4C0DCA3858E7A3EC4BAD0F8230A8004041E0F98D911D145BAEF43B999A7924E6"
"buddy rabbit","Buddy Rabbit","9","https://buddy.farm/ql/buddy-rabbit/","200","2026-08-27T19:47:57.4784798Z","6","","parsed_no_silver_total","raw/questlines/buddy-rabbit.html","raw/questlines/buddy-rabbit-headers.txt","75A84ED0379F1EA60894B8839407979A283EF7C57CF503646E298D0A42BAAAFA"
"buddy's christmas adventure","Buddy's Christmas Adventure","11","https://buddy.farm/ql/buddys-christmas-adventure/","404","2026-08-27T19:48:04.0712970Z","7","","not_found","raw/questlines/buddys-christmas-adventure.html","raw/questlines/buddys-christmas-adventure-headers.txt","4C0DCA3858E7A3EC4BAD0F8230A8004041E0F98D911D145BAEF43B999A7924E6"
"buddy's school shenanigans","Buddy's School Shenanigans","10","https://buddy.farm/ql/buddys-school-shenanigans/","404","2026-08-27T19:48:11.3595992Z","8","","not_found","raw/questlines/buddys-school-shenanigans.html","raw/questlines/buddys-school-shenanigans-headers.txt","4C0DCA3858E7A3EC4BAD0F8230A8004041E0F98D911D145BAEF43B999A7924E6"
"bug exporter enterprise","Bug Exporter Enterprise","9","https://buddy.farm/ql/bug-exporter-enterprise/","200","2026-08-27T19:48:19.5811068Z","6","","parsed_no_silver_total","raw/questlines/bug-exporter-enterprise.html","raw/questlines/bug-exporter-enterprise-headers.txt","84E892EA827A21F76D71825C4CA08A2D1C80D15EC36B7524EAA146D4C49138EB"
"bug life","Bug Life","1","https://buddy.farm/ql/bug-life/","200","2026-08-27T19:48:25.9557487Z","7","","parsed_no_silver_total","raw/questlines/bug-life.html","raw/questlines/bug-life-headers.txt","31108DC353AD98B44FF041E447C1194FC04D6A31A5A43DFE484511F6AD41252E"
"business is blooming","Business Is Blooming","9","https://buddy.farm/ql/business-is-blooming/","200","2026-08-27T19:48:33.4558154Z","9","","parsed_no_silver_total","raw/questlines/business-is-blooming.html","raw/questlines/business-is-blooming-headers.txt","24325ADEA9713EE23593BB21FCB32C6C35CDF3ABDEA1612DCBB87579A9FFD0CF"
"bust a ghost","Bust A Ghost","1","https://buddy.farm/ql/bust-a-ghost/","404","2026-08-27T19:48:42.9656363Z","10","","not_found","raw/questlines/bust-a-ghost.html","raw/questlines/bust-a-ghost-headers.txt","4C0DCA3858E7A3EC4BAD0F8230A8004041E0F98D911D145BAEF43B999A7924E6"
"but are you sure?","But are you sure?","1","https://buddy.farm/ql/but-are-you-sure/","404","2026-08-27T19:48:53.4632145Z","8","","not_found","raw/questlines/but-are-you-sure.html","raw/questlines/but-are-you-sure-headers.txt","4C0DCA3858E7A3EC4BAD0F8230A8004041E0F98D911D145BAEF43B999A7924E6"
"cabbages of friendship","Cabbages of Friendship","1","https://buddy.farm/ql/cabbages-of-friendship/","404","2026-08-27T19:49:01.7599979Z","7","","not_found","raw/questlines/cabbages-of-friendship.html","raw/questlines/cabbages-of-friendship-headers.txt","4C0DCA3858E7A3EC4BAD0F8230A8004041E0F98D911D145BAEF43B999A7924E6"
"cake it or not","Cake It Or Not","3","https://buddy.farm/ql/cake-it-or-not/","200","2026-08-27T19:49:09.0241807Z","7","","parsed_no_silver_total","raw/questlines/cake-it-or-not.html","raw/questlines/cake-it-or-not-headers.txt","96623E50E5E3EDD8A1E9B006640FB12C40E68A792C885CABD3A716D42B9CAB4A"
"calm, cool, collected","Calm, Cool, Collected","3","https://buddy.farm/ql/calm-cool-collected/","200","2026-08-27T19:49:16.5368871Z","6","","parsed_no_silver_total","raw/questlines/calm-cool-collected.html","raw/questlines/calm-cool-collected-headers.txt","24AF35AA0036A8B5EC2120EB36348B9318AD1477A232689E825BCB38C4E83D62"
"candy and non dairy yummies","Candy And Non Dairy Yummies","6","https://buddy.farm/ql/candy-and-non-dairy-yummies/","200","2026-08-27T19:49:23.1441157Z","8","","parsed_no_silver_total","raw/questlines/candy-and-non-dairy-yummies.html","raw/questlines/candy-and-non-dairy-yummies-headers.txt","044B6B8FEB0A8547BAFFE5D556C64DB5AA82514799D3F5048140DF594047F2F5"
"candy causes","Candy Causes","10","https://buddy.farm/ql/candy-causes/","200","2026-08-27T19:49:31.4962197Z","7","","parsed_no_silver_total","raw/questlines/candy-causes.html","raw/questlines/candy-causes-headers.txt","38B5E7B1DA5E410DDE941395995743CF32125797C511AA2B26E3A5B91105C658"
"candy cure","Candy Cure","2","https://buddy.farm/ql/candy-cure/","200","2026-08-27T19:49:38.9157954Z","10","","parsed_no_silver_total","raw/questlines/candy-cure.html","raw/questlines/candy-cure-headers.txt","30C3231501EDF3E2DAAB7961D73219BA2181191D376FDE0C8D7675750D5D0EE9"
"candy mystery","Candy Mystery","4","https://buddy.farm/ql/candy-mystery/","200","2026-08-27T19:49:49.4165772Z","9","","parsed_no_silver_total","raw/questlines/candy-mystery.html","raw/questlines/candy-mystery-headers.txt","4391F23AFAE441FAB1B6C1B8A589F4A85B2C7173951A0E40AA08D0326831A81E"
"carve out some time","Carve Out Some Time","1","https://buddy.farm/ql/carve-out-some-time/","404","2026-08-27T19:49:58.9215775Z","10","","not_found","raw/questlines/carve-out-some-time.html","raw/questlines/carve-out-some-time-headers.txt","4C0DCA3858E7A3EC4BAD0F8230A8004041E0F98D911D145BAEF43B999A7924E6"
"cat food","Cat Food","1","https://buddy.farm/ql/cat-food/","404","2026-08-27T19:50:09.1966935Z","10","","not_found","raw/questlines/cat-food.html","raw/questlines/cat-food-headers.txt","4C0DCA3858E7A3EC4BAD0F8230A8004041E0F98D911D145BAEF43B999A7924E6"
"catch them all","Catch Them All","3","https://buddy.farm/ql/catch-them-all/","200","2026-08-27T19:50:19.4986952Z","8","","parsed_no_silver_total","raw/questlines/catch-them-all.html","raw/questlines/catch-them-all-headers.txt","4913E7DAB8BA488793BC93E7A3189F38E9832C53BAE77DA5E31403FB6F243D7B"
"catcher of ghosts","Catcher of Ghosts","10","https://buddy.farm/ql/catcher-of-ghosts/","200","2026-08-27T19:50:28.0016873Z","6","","parsed_no_silver_total","raw/questlines/catcher-of-ghosts.html","raw/questlines/catcher-of-ghosts-headers.txt","1129FB26B098475C1E146E9C9AA5DC476C3D2C29228EF41EDA19E9B3B2AC263B"
"cecil's new steed","Cecil's New Steed","1","https://buddy.farm/ql/cecils-new-steed/","404","2026-08-27T19:50:34.5096723Z","8","","not_found","raw/questlines/cecils-new-steed.html","raw/questlines/cecils-new-steed-headers.txt","4C0DCA3858E7A3EC4BAD0F8230A8004041E0F98D911D145BAEF43B999A7924E6"
"celebrate learning","Celebrate Learning","1","https://buddy.farm/ql/celebrate-learning/","404","2026-08-27T19:50:42.8538699Z","9","","not_found","raw/questlines/celebrate-learning.html","raw/questlines/celebrate-learning-headers.txt","4C0DCA3858E7A3EC4BAD0F8230A8004041E0F98D911D145BAEF43B999A7924E6"
"change of address","Change of Address","1","https://buddy.farm/ql/change-of-address/","404","2026-08-27T19:50:52.1231527Z","7","","not_found","raw/questlines/change-of-address.html","raw/questlines/change-of-address-headers.txt","4C0DCA3858E7A3EC4BAD0F8230A8004041E0F98D911D145BAEF43B999A7924E6"
"chums","Chums","6","https://buddy.farm/ql/chums/","200","2026-08-27T19:50:59.4476134Z","6","","parsed_no_silver_total","raw/questlines/chums.html","raw/questlines/chums-headers.txt","9B1828615D4A426D9B344DFD5BAF62D3F73B4AF776D2094B42BFC0A6621190EE"
"coin connoisseur","Coin Connoisseur","1","https://buddy.farm/ql/coin-connoisseur/","404","2026-08-27T19:51:05.7825780Z","7","","not_found","raw/questlines/coin-connoisseur.html","raw/questlines/coin-connoisseur-headers.txt","4C0DCA3858E7A3EC4BAD0F8230A8004041E0F98D911D145BAEF43B999A7924E6"
"comfort of friendship","Comfort of Friendship","1","https://buddy.farm/ql/comfort-of-friendship/","404","2026-08-27T19:51:13.0982705Z","7","","not_found","raw/questlines/comfort-of-friendship.html","raw/questlines/comfort-of-friendship-headers.txt","4C0DCA3858E7A3EC4BAD0F8230A8004041E0F98D911D145BAEF43B999A7924E6"
"concessions to be made","Concessions To Be Made","8","https://buddy.farm/ql/concessions-to-be-made/","200","2026-08-27T19:51:20.3941703Z","6","","parsed_no_silver_total","raw/questlines/concessions-to-be-made.html","raw/questlines/concessions-to-be-made-headers.txt","5C4BB67CE08E04B778BF706C2CD71753F631F131E08D77B1693B2108929CA3CF"
"conjure up a new recipe","Conjure Up A New Recipe","1","https://buddy.farm/ql/conjure-up-a-new-recipe/","200","2026-08-27T19:51:26.9704368Z","8","","parsed_no_silver_total","raw/questlines/conjure-up-a-new-recipe.html","raw/questlines/conjure-up-a-new-recipe-headers.txt","A225E0FC9D32523436024CA9002E50FE95D1AEBCBA477639AEC2103BEAFD05A1"
"consequences and defenses","Consequences and Defenses","22","https://buddy.farm/ql/consequences-and-defenses/","200","2026-08-27T19:51:35.3069340Z","6","","parsed_no_silver_total","raw/questlines/consequences-and-defenses.html","raw/questlines/consequences-and-defenses-headers.txt","94CC3AC22681DFFAFF906F4F10E1E2FD99EB4F19EBC09EE7D05D20E05658999A"
"cookies of friendship","Cookies of Friendship","1","https://buddy.farm/ql/cookies-of-friendship/","404","2026-08-27T19:51:42.3033022Z","7","","not_found","raw/questlines/cookies-of-friendship.html","raw/questlines/cookies-of-friendship-headers.txt","4C0DCA3858E7A3EC4BAD0F8230A8004041E0F98D911D145BAEF43B999A7924E6"
"core of friendship","Core of Friendship","1","https://buddy.farm/ql/core-of-friendship/","404","2026-08-27T19:51:49.5886150Z","7","","not_found","raw/questlines/core-of-friendship.html","raw/questlines/core-of-friendship-headers.txt","4C0DCA3858E7A3EC4BAD0F8230A8004041E0F98D911D145BAEF43B999A7924E6"
"corn of interest part 01","Corn of Interest Part 01","1","https://buddy.farm/ql/corn-of-interest-part-01/","404","2026-08-27T19:51:56.8606701Z","10","","not_found","raw/questlines/corn-of-interest-part-01.html","raw/questlines/corn-of-interest-part-01-headers.txt","4C0DCA3858E7A3EC4BAD0F8230A8004041E0F98D911D145BAEF43B999A7924E6"
"corn of interest part 02","Corn of Interest Part 02","1","https://buddy.farm/ql/corn-of-interest-part-02/","404","2026-08-27T19:52:07.2116955Z","7","","not_found","raw/questlines/corn-of-interest-part-02.html","raw/questlines/corn-of-interest-part-02-headers.txt","4C0DCA3858E7A3EC4BAD0F8230A8004041E0F98D911D145BAEF43B999A7924E6"
"corn of interest part 03","Corn of Interest Part 03","1","https://buddy.farm/ql/corn-of-interest-part-03/","404","2026-08-27T19:52:14.4962003Z","7","","not_found","raw/questlines/corn-of-interest-part-03.html","raw/questlines/corn-of-interest-part-03-headers.txt","4C0DCA3858E7A3EC4BAD0F8230A8004041E0F98D911D145BAEF43B999A7924E6"
"corn of interest part 04","Corn of Interest Part 04","1","https://buddy.farm/ql/corn-of-interest-part-04/","404","2026-08-27T19:52:21.7767512Z","6","","not_found","raw/questlines/corn-of-interest-part-04.html","raw/questlines/corn-of-interest-part-04-headers.txt","4C0DCA3858E7A3EC4BAD0F8230A8004041E0F98D911D145BAEF43B999A7924E6"
"corn of interest part 05","Corn of Interest Part 05","1","https://buddy.farm/ql/corn-of-interest-part-05/","404","2026-08-27T19:52:28.0714513Z","6","","not_found","raw/questlines/corn-of-interest-part-05.html","raw/questlines/corn-of-interest-part-05-headers.txt","4C0DCA3858E7A3EC4BAD0F8230A8004041E0F98D911D145BAEF43B999A7924E6"
"corn of interest part 06","Corn of Interest Part 06","1","https://buddy.farm/ql/corn-of-interest-part-06/","404","2026-08-27T19:52:34.3788000Z","10","","not_found","raw/questlines/corn-of-interest-part-06.html","raw/questlines/corn-of-interest-part-06-headers.txt","4C0DCA3858E7A3EC4BAD0F8230A8004041E0F98D911D145BAEF43B999A7924E6"
"corn of interest part 07","Corn of Interest Part 07","1","https://buddy.farm/ql/corn-of-interest-part-07/","404","2026-08-27T19:52:44.7416244Z","8","","not_found","raw/questlines/corn-of-interest-part-07.html","raw/questlines/corn-of-interest-part-07-headers.txt","4C0DCA3858E7A3EC4BAD0F8230A8004041E0F98D911D145BAEF43B999A7924E6"
"corn of interest part 08","Corn of Interest Part 08","1","https://buddy.farm/ql/corn-of-interest-part-08/","404","2026-08-27T19:52:52.9880565Z","7","","not_found","raw/questlines/corn-of-interest-part-08.html","raw/questlines/corn-of-interest-part-08-headers.txt","4C0DCA3858E7A3EC4BAD0F8230A8004041E0F98D911D145BAEF43B999A7924E6"
"corn of interest part 09","Corn of Interest Part 09","1","https://buddy.farm/ql/corn-of-interest-part-09/","404","2026-08-27T19:53:00.3146528Z","7","","not_found","raw/questlines/corn-of-interest-part-09.html","raw/questlines/corn-of-interest-part-09-headers.txt","4C0DCA3858E7A3EC4BAD0F8230A8004041E0F98D911D145BAEF43B999A7924E6"
"corn of interest part 10","Corn of Interest Part 10","1","https://buddy.farm/ql/corn-of-interest-part-10/","404","2026-08-27T19:53:07.5796119Z","9","","not_found","raw/questlines/corn-of-interest-part-10.html","raw/questlines/corn-of-interest-part-10-headers.txt","4C0DCA3858E7A3EC4BAD0F8230A8004041E0F98D911D145BAEF43B999A7924E6"
"corn of interest part 11","Corn of Interest Part 11","1","https://buddy.farm/ql/corn-of-interest-part-11/","404","2026-08-27T19:53:16.8747827Z","7","","not_found","raw/questlines/corn-of-interest-part-11.html","raw/questlines/corn-of-interest-part-11-headers.txt","4C0DCA3858E7A3EC4BAD0F8230A8004041E0F98D911D145BAEF43B999A7924E6"
"corn of interest part 12","Corn of Interest Part 12","1","https://buddy.farm/ql/corn-of-interest-part-12/","404","2026-08-27T19:53:24.2595363Z","6","","not_found","raw/questlines/corn-of-interest-part-12.html","raw/questlines/corn-of-interest-part-12-headers.txt","4C0DCA3858E7A3EC4BAD0F8230A8004041E0F98D911D145BAEF43B999A7924E6"
"corn of interest part 13","Corn of Interest Part 13","1","https://buddy.farm/ql/corn-of-interest-part-13/","404","2026-08-27T19:53:30.5312973Z","10","","not_found","raw/questlines/corn-of-interest-part-13.html","raw/questlines/corn-of-interest-part-13-headers.txt","4C0DCA3858E7A3EC4BAD0F8230A8004041E0F98D911D145BAEF43B999A7924E6"
"corn of interest part 14","Corn of Interest Part 14","1","https://buddy.farm/ql/corn-of-interest-part-14/","404","2026-08-27T19:53:40.8486707Z","6","","not_found","raw/questlines/corn-of-interest-part-14.html","raw/questlines/corn-of-interest-part-14-headers.txt","4C0DCA3858E7A3EC4BAD0F8230A8004041E0F98D911D145BAEF43B999A7924E6"
"corn of interest part 15","Corn of Interest Part 15","1","https://buddy.farm/ql/corn-of-interest-part-15/","404","2026-08-27T19:53:47.0938966Z","9","","not_found","raw/questlines/corn-of-interest-part-15.html","raw/questlines/corn-of-interest-part-15-headers.txt","4C0DCA3858E7A3EC4BAD0F8230A8004041E0F98D911D145BAEF43B999A7924E6"
"corn of interest part 16","Corn of Interest Part 16","1","https://buddy.farm/ql/corn-of-interest-part-16/","404","2026-08-27T19:53:56.3610442Z","6","","not_found","raw/questlines/corn-of-interest-part-16.html","raw/questlines/corn-of-interest-part-16-headers.txt","4C0DCA3858E7A3EC4BAD0F8230A8004041E0F98D911D145BAEF43B999A7924E6"
"corn of interest part 17","Corn of Interest Part 17","1","https://buddy.farm/ql/corn-of-interest-part-17/","404","2026-08-27T19:54:02.5955944Z","10","","not_found","raw/questlines/corn-of-interest-part-17.html","raw/questlines/corn-of-interest-part-17-headers.txt","4C0DCA3858E7A3EC4BAD0F8230A8004041E0F98D911D145BAEF43B999A7924E6"
"corn of interest part 18","Corn of Interest Part 18","1","https://buddy.farm/ql/corn-of-interest-part-18/","404","2026-08-27T19:54:12.8568782Z","9","","not_found","raw/questlines/corn-of-interest-part-18.html","raw/questlines/corn-of-interest-part-18-headers.txt","4C0DCA3858E7A3EC4BAD0F8230A8004041E0F98D911D145BAEF43B999A7924E6"
"corn of interest part 19","Corn of Interest Part 19","1","https://buddy.farm/ql/corn-of-interest-part-19/","404","2026-08-27T19:54:22.1597997Z","9","","not_found","raw/questlines/corn-of-interest-part-19.html","raw/questlines/corn-of-interest-part-19-headers.txt","4C0DCA3858E7A3EC4BAD0F8230A8004041E0F98D911D145BAEF43B999A7924E6"
"corn of interest part 20","Corn of Interest Part 20","1","https://buddy.farm/ql/corn-of-interest-part-20/","404","2026-08-27T19:54:31.4320125Z","10","","not_found","raw/questlines/corn-of-interest-part-20.html","raw/questlines/corn-of-interest-part-20-headers.txt","4C0DCA3858E7A3EC4BAD0F8230A8004041E0F98D911D145BAEF43B999A7924E6"
"corn of interest part 21","Corn of Interest Part 21","1","https://buddy.farm/ql/corn-of-interest-part-21/","404","2026-08-27T19:54:41.8193669Z","6","","not_found","raw/questlines/corn-of-interest-part-21.html","raw/questlines/corn-of-interest-part-21-headers.txt","4C0DCA3858E7A3EC4BAD0F8230A8004041E0F98D911D145BAEF43B999A7924E6"
"corn of interest part 22","Corn of Interest Part 22","1","https://buddy.farm/ql/corn-of-interest-part-22/","404","2026-08-27T19:54:48.1309861Z","8","","not_found","raw/questlines/corn-of-interest-part-22.html","raw/questlines/corn-of-interest-part-22-headers.txt","4C0DCA3858E7A3EC4BAD0F8230A8004041E0F98D911D145BAEF43B999A7924E6"
"corn of interest part 23","Corn of Interest Part 23","1","https://buddy.farm/ql/corn-of-interest-part-23/","404","2026-08-27T19:54:56.4197931Z","9","","not_found","raw/questlines/corn-of-interest-part-23.html","raw/questlines/corn-of-interest-part-23-headers.txt","4C0DCA3858E7A3EC4BAD0F8230A8004041E0F98D911D145BAEF43B999A7924E6"
"corn of interest part 24","Corn of Interest Part 24","1","https://buddy.farm/ql/corn-of-interest-part-24/","404","2026-08-27T19:55:05.6998014Z","7","","not_found","raw/questlines/corn-of-interest-part-24.html","raw/questlines/corn-of-interest-part-24-headers.txt","4C0DCA3858E7A3EC4BAD0F8230A8004041E0F98D911D145BAEF43B999A7924E6"
"corn of interest part 25","Corn of Interest Part 25","1","https://buddy.farm/ql/corn-of-interest-part-25/","404","2026-08-27T19:55:13.0119730Z","7","","not_found","raw/questlines/corn-of-interest-part-25.html","raw/questlines/corn-of-interest-part-25-headers.txt","4C0DCA3858E7A3EC4BAD0F8230A8004041E0F98D911D145BAEF43B999A7924E6"
"corn of interest part 26","Corn of Interest Part 26","1","https://buddy.farm/ql/corn-of-interest-part-26/","404","2026-08-27T19:55:20.3169031Z","6","","not_found","raw/questlines/corn-of-interest-part-26.html","raw/questlines/corn-of-interest-part-26-headers.txt","4C0DCA3858E7A3EC4BAD0F8230A8004041E0F98D911D145BAEF43B999A7924E6"
"corn of interest part 27","Corn of Interest Part 27","1","https://buddy.farm/ql/corn-of-interest-part-27/","404","2026-08-27T19:55:26.6342583Z","6","","not_found","raw/questlines/corn-of-interest-part-27.html","raw/questlines/corn-of-interest-part-27-headers.txt","4C0DCA3858E7A3EC4BAD0F8230A8004041E0F98D911D145BAEF43B999A7924E6"
"corn of interest part 28","Corn of Interest Part 28","1","https://buddy.farm/ql/corn-of-interest-part-28/","404","2026-08-27T19:55:32.9387883Z","7","","not_found","raw/questlines/corn-of-interest-part-28.html","raw/questlines/corn-of-interest-part-28-headers.txt","4C0DCA3858E7A3EC4BAD0F8230A8004041E0F98D911D145BAEF43B999A7924E6"
"corn of interest part 29","Corn of Interest Part 29","1","https://buddy.farm/ql/corn-of-interest-part-29/","404","2026-08-27T19:55:40.9710895Z","7","","not_found","raw/questlines/corn-of-interest-part-29.html","raw/questlines/corn-of-interest-part-29-headers.txt","4C0DCA3858E7A3EC4BAD0F8230A8004041E0F98D911D145BAEF43B999A7924E6"
"corn of interest part 30","Corn of Interest Part 30","1","https://buddy.farm/ql/corn-of-interest-part-30/","404","2026-08-27T19:55:48.2817181Z","10","","not_found","raw/questlines/corn-of-interest-part-30.html","raw/questlines/corn-of-interest-part-30-headers.txt","4C0DCA3858E7A3EC4BAD0F8230A8004041E0F98D911D145BAEF43B999A7924E6"
"corn of interest part 31","Corn of Interest Part 31","1","https://buddy.farm/ql/corn-of-interest-part-31/","404","2026-08-27T19:55:58.5424542Z","10","","not_found","raw/questlines/corn-of-interest-part-31.html","raw/questlines/corn-of-interest-part-31-headers.txt","4C0DCA3858E7A3EC4BAD0F8230A8004041E0F98D911D145BAEF43B999A7924E6"
"corn quandary","Corn Quandary","30","https://buddy.farm/ql/corn-quandary/","200","2026-08-27T19:56:08.8016939Z","10","","parsed_no_silver_total","raw/questlines/corn-quandary.html","raw/questlines/corn-quandary-headers.txt","9446D1CC9A400982A7D38EDA6C443EE0FC4911C56F61D07B4C51B65AC17448ED"
"cosplay costume","Cosplay Costume","1","https://buddy.farm/ql/cosplay-costume/","404","2026-08-27T19:56:19.3213822Z","10","","not_found","raw/questlines/cosplay-costume.html","raw/questlines/cosplay-costume-headers.txt","4C0DCA3858E7A3EC4BAD0F8230A8004041E0F98D911D145BAEF43B999A7924E6"
"could one occasion kindly involve everyone?","Could One Occasion Kindly Involve Everyone?","7","https://buddy.farm/ql/could-one-occasion-kindly-involve-everyone/","404","2026-08-27T19:56:29.6721663Z","9","","not_found","raw/questlines/could-one-occasion-kindly-involve-everyone.html","raw/questlines/could-one-occasion-kindly-involve-everyone-headers.txt","4C0DCA3858E7A3EC4BAD0F8230A8004041E0F98D911D145BAEF43B999A7924E6"
"covert santa","Covert Santa","18","https://buddy.farm/ql/covert-santa/","200","2026-08-27T19:56:39.0334420Z","10","","parsed_no_silver_total","raw/questlines/covert-santa.html","raw/questlines/covert-santa-headers.txt","15F71C8263D247581A2E3E1FD157E13E57659A208E22039EA881156DFF390AB3"
"coveted canine","Coveted Canine","1","https://buddy.farm/ql/coveted-canine/","404","2026-08-27T19:56:49.4068172Z","10","","not_found","raw/questlines/coveted-canine.html","raw/questlines/coveted-canine-headers.txt","4C0DCA3858E7A3EC4BAD0F8230A8004041E0F98D911D145BAEF43B999A7924E6"
"cowboy cecil","Cowboy Cecil","2","https://buddy.farm/ql/cowboy-cecil/","200","2026-08-27T19:56:59.6953630Z","6","","parsed_no_silver_total","raw/questlines/cowboy-cecil.html","raw/questlines/cowboy-cecil-headers.txt","72F7630A02A0C43A053BF1F370C34D4EBDFAF1EB464B3DFEB5F6D92F3EF91397"
"crafting is easy","Crafting Is Easy","4","https://buddy.farm/ql/crafting-is-easy/","200","2026-08-27T19:57:06.4274303Z","8","","parsed_no_silver_total","raw/questlines/crafting-is-easy.html","raw/questlines/crafting-is-easy-headers.txt","F21A7F5B113BD5D0F094397225AE7DB7D9742C94C640ED4887710A2727B399EC"
"crates unlocked for buddy's enrichment","Crates Unlocked for Buddy's Enrichment","6","https://buddy.farm/ql/crates-unlocked-for-buddys-enrichment/","404","2026-08-27T19:57:14.8974114Z","6","","not_found","raw/questlines/crates-unlocked-for-buddys-enrichment.html","raw/questlines/crates-unlocked-for-buddys-enrichment-headers.txt","4C0DCA3858E7A3EC4BAD0F8230A8004041E0F98D911D145BAEF43B999A7924E6"
"crush of waves","Crush of Waves","10","https://buddy.farm/ql/crush-of-waves/","200","2026-08-27T19:57:21.1592254Z","10","","parsed_no_silver_total","raw/questlines/crush-of-waves.html","raw/questlines/crush-of-waves-headers.txt","92261EF11CFA8600EB9BEC21495D9747A528208A1A03F8BF880BF7CEE5F33891"
"cuucoo's awakening","Cuucoo's Awakening","8","https://buddy.farm/ql/cuucoos-awakening/","404","2026-08-27T19:57:31.9642949Z","6","","not_found","raw/questlines/cuucoos-awakening.html","raw/questlines/cuucoos-awakening-headers.txt","4C0DCA3858E7A3EC4BAD0F8230A8004041E0F98D911D145BAEF43B999A7924E6"
"deck the town (with bats and lanterns)","Deck The Town (With Bats And Lanterns)","20","https://buddy.farm/ql/deck-the-town-with-bats-and-lanterns/","404","2026-08-27T19:57:38.2621313Z","10","","not_found","raw/questlines/deck-the-town-with-bats-and-lanterns.html","raw/questlines/deck-the-town-with-bats-and-lanterns-headers.txt","4C0DCA3858E7A3EC4BAD0F8230A8004041E0F98D911D145BAEF43B999A7924E6"
"defenses and consequences","Defenses and Consequences","22","https://buddy.farm/ql/defenses-and-consequences/","200","2026-08-27T19:57:48.5128342Z","6","","parsed_no_silver_total","raw/questlines/defenses-and-consequences.html","raw/questlines/defenses-and-consequences-headers.txt","779E30F18E71943707A11175AD5A40F792E1CA9A5028A89DF1A1C35E5ACA5D46"
"depths of friendship","Depths of Friendship","1","https://buddy.farm/ql/depths-of-friendship/","404","2026-08-27T19:57:55.1010717Z","6","","not_found","raw/questlines/depths-of-friendship.html","raw/questlines/depths-of-friendship-headers.txt","4C0DCA3858E7A3EC4BAD0F8230A8004041E0F98D911D145BAEF43B999A7924E6"
"dice for a fireball","Dice for a Fireball","1","https://buddy.farm/ql/dice-for-a-fireball/","404","2026-08-27T19:58:01.3856937Z","8","","not_found","raw/questlines/dice-for-a-fireball.html","raw/questlines/dice-for-a-fireball-headers.txt","4C0DCA3858E7A3EC4BAD0F8230A8004041E0F98D911D145BAEF43B999A7924E6"
"dinner party","Dinner Party","7","https://buddy.farm/ql/dinner-party/","200","2026-08-27T19:58:09.6077815Z","9","","parsed_no_silver_total","raw/questlines/dinner-party.html","raw/questlines/dinner-party-headers.txt","8BA7A22BED8DCF97D1A21404893C3338299A22B86B1FC890F8FF772D8DD5ADE6"
"distant illusions","Distant Illusions","14","https://buddy.farm/ql/distant-illusions/","200","2026-08-27T19:58:19.1165410Z","8","","parsed_no_silver_total","raw/questlines/distant-illusions.html","raw/questlines/distant-illusions-headers.txt","F05F3C4F6677C1282C523D883600050774057602BA5A5C4B9407DB5D7D7F27AA"
"distant superfan 36","Distant Superfan 36","1","https://buddy.farm/ql/distant-superfan-36/","404","2026-08-27T19:58:27.4710830Z","9","","not_found","raw/questlines/distant-superfan-36.html","raw/questlines/distant-superfan-36-headers.txt","4C0DCA3858E7A3EC4BAD0F8230A8004041E0F98D911D145BAEF43B999A7924E6"
"distant superfan 77","Distant Superfan 77","1","https://buddy.farm/ql/distant-superfan-77/","404","2026-08-27T19:58:37.0878189Z","8","","not_found","raw/questlines/distant-superfan-77.html","raw/questlines/distant-superfan-77-headers.txt","4C0DCA3858E7A3EC4BAD0F8230A8004041E0F98D911D145BAEF43B999A7924E6"
"do you carrot all?","do you carrot all?","1","https://buddy.farm/ql/do-you-carrot-all/","404","2026-08-27T19:58:45.4008521Z","9","","not_found","raw/questlines/do-you-carrot-all.html","raw/questlines/do-you-carrot-all-headers.txt","4C0DCA3858E7A3EC4BAD0F8230A8004041E0F98D911D145BAEF43B999A7924E6"
"do you want to build a snowman?","Do You Want to Build A Snowman?","4","https://buddy.farm/ql/do-you-want-to-build-a-snowman/","404","2026-08-27T19:58:54.6884348Z","10","","not_found","raw/questlines/do-you-want-to-build-a-snowman.html","raw/questlines/do-you-want-to-build-a-snowman-headers.txt","4C0DCA3858E7A3EC4BAD0F8230A8004041E0F98D911D145BAEF43B999A7924E6"
"dog days of summer","Dog Days of Summer","1","https://buddy.farm/ql/dog-days-of-summer/","404","2026-08-27T19:59:04.9654553Z","10","","not_found","raw/questlines/dog-days-of-summer.html","raw/questlines/dog-days-of-summer-headers.txt","4C0DCA3858E7A3EC4BAD0F8230A8004041E0F98D911D145BAEF43B999A7924E6"
"donation for education","Donation For Education","7","https://buddy.farm/ql/donation-for-education/","200","2026-08-27T19:59:15.2776035Z","10","","parsed_no_silver_total","raw/questlines/donation-for-education.html","raw/questlines/donation-for-education-headers.txt","8D138082D7D367001A4FD0163E1E6BBB30731D80DA7330BD920DB20EB155D6C3"
"don't nog it until you try it","Don't Nog It Until You Try It","1","https://buddy.farm/ql/dont-nog-it-until-you-try-it/","404","2026-08-27T19:59:25.6358161Z","9","","not_found","raw/questlines/dont-nog-it-until-you-try-it.html","raw/questlines/dont-nog-it-until-you-try-it-headers.txt","4C0DCA3858E7A3EC4BAD0F8230A8004041E0F98D911D145BAEF43B999A7924E6"
"dragon of friendship","Dragon of Friendship","1","https://buddy.farm/ql/dragon-of-friendship/","404","2026-08-27T19:59:35.2725770Z","8","","not_found","raw/questlines/dragon-of-friendship.html","raw/questlines/dragon-of-friendship-headers.txt","4C0DCA3858E7A3EC4BAD0F8230A8004041E0F98D911D145BAEF43B999A7924E6"
"dread stations","Dread Stations","3","https://buddy.farm/ql/dread-stations/","200","2026-08-27T19:59:43.5032311Z","6","","parsed_no_silver_total","raw/questlines/dread-stations.html","raw/questlines/dread-stations-headers.txt","155F7F484FA144FEE7926869DA2436642EC5A4D913E6D004D4DF2264E45BE95B"
"drink in the green","Drink in the Green","7","https://buddy.farm/ql/drink-in-the-green/","200","2026-08-27T19:59:50.0179162Z","6","","parsed_no_silver_total","raw/questlines/drink-in-the-green.html","raw/questlines/drink-in-the-green-headers.txt","2B74FE80447D845FE4FA38FE76ADF85CB653D8DF7D7520E2FD8BC680AF7663CD"
"effigy of friendship","Effigy of Friendship","1","https://buddy.farm/ql/effigy-of-friendship/","404","2026-08-27T19:59:56.4959233Z","6","","not_found","raw/questlines/effigy-of-friendship.html","raw/questlines/effigy-of-friendship-headers.txt","4C0DCA3858E7A3EC4BAD0F8230A8004041E0F98D911D145BAEF43B999A7924E6"
"egg drop contest","Egg Drop Contest","1","https://buddy.farm/ql/egg-drop-contest/","404","2026-08-27T20:00:02.7903680Z","10","","not_found","raw/questlines/egg-drop-contest.html","raw/questlines/egg-drop-contest-headers.txt","4C0DCA3858E7A3EC4BAD0F8230A8004041E0F98D911D145BAEF43B999A7924E6"
"egg hunt","Egg Hunt","1","https://buddy.farm/ql/egg-hunt/","404","2026-08-27T20:00:13.1235567Z","10","","not_found","raw/questlines/egg-hunt.html","raw/questlines/egg-hunt-headers.txt","4C0DCA3858E7A3EC4BAD0F8230A8004041E0F98D911D145BAEF43B999A7924E6"
"eggsellent plan","Eggsellent Plan","6","https://buddy.farm/ql/eggsellent-plan/","200","2026-08-27T20:00:23.4777165Z","10","","parsed_no_silver_total","raw/questlines/eggsellent-plan.html","raw/questlines/eggsellent-plan-headers.txt","ACA5BF21F0F511739A96DA0493AE817A93B8891D6CBA7B0B73BADAAEB9FBF6B4"
"eggstra lucky","Eggstra Lucky","4","https://buddy.farm/ql/eggstra-lucky/","200","2026-08-27T20:00:34.1341669Z","10","","parsed_no_silver_total","raw/questlines/eggstra-lucky.html","raw/questlines/eggstra-lucky-headers.txt","7A55CBF5143A62E68323B11C91A8AEC7787D5DEB266B0ED1FCFEC8B624810E8D"
"eggstra profits","Eggstra Profits","1","https://buddy.farm/ql/eggstra-profits/","404","2026-08-27T20:00:44.6227627Z","10","","not_found","raw/questlines/eggstra-profits.html","raw/questlines/eggstra-profits-headers.txt","4C0DCA3858E7A3EC4BAD0F8230A8004041E0F98D911D145BAEF43B999A7924E6"
"eggstremely delicious","Eggstremely Delicious","2","https://buddy.farm/ql/eggstremely-delicious/","200","2026-08-27T20:00:54.8760697Z","7","","parsed_no_silver_total","raw/questlines/eggstremely-delicious.html","raw/questlines/eggstremely-delicious-headers.txt","3DBDA63E342BE00339D820A2CAF5D740D78F33C61041BAF50BAA3A671D052EA1"
"eggstremely magical","Eggstremely Magical","6","https://buddy.farm/ql/eggstremely-magical/","200","2026-08-27T20:01:02.5218113Z","8","","parsed_no_silver_total","raw/questlines/eggstremely-magical.html","raw/questlines/eggstremely-magical-headers.txt","AA40B9CBBA78F0CFFEB37520076B9FB2261FC7EB77A35021202D458B9E9A8AB4"
"eggstremely valuable","Eggstremely Valuable","13","https://buddy.farm/ql/eggstremely-valuable/","200","2026-08-27T20:01:11.0081026Z","9","","ambiguous_missing_total_request","raw/questlines/eggstremely-valuable.html","raw/questlines/eggstremely-valuable-headers.txt","73609A01F766ACCD6405950179D39900A5BEB7053579B8DC3438990CBFB8EDF3"
"emerald walks everyday","Emerald Walks Everyday","2","https://buddy.farm/ql/emerald-walks-everyday/","200","2026-08-27T20:01:20.5271089Z","8","","parsed_no_silver_total","raw/questlines/emerald-walks-everyday.html","raw/questlines/emerald-walks-everyday-headers.txt","ACD8D727C409982D7688A83D50611F2374310206165A3B98EEBB5F42124CA504"
"ends of the rainbow","Ends Of The Rainbow","1","https://buddy.farm/ql/ends-of-the-rainbow/","404","2026-08-27T20:01:28.8425147Z","7","","not_found","raw/questlines/ends-of-the-rainbow.html","raw/questlines/ends-of-the-rainbow-headers.txt","4C0DCA3858E7A3EC4BAD0F8230A8004041E0F98D911D145BAEF43B999A7924E6"
"escape from pirate's cove","Escape from Pirate's Cove","1","https://buddy.farm/ql/escape-from-pirates-cove/","404","2026-08-27T20:01:36.1295301Z","10","","not_found","raw/questlines/escape-from-pirates-cove.html","raw/questlines/escape-from-pirates-cove-headers.txt","4C0DCA3858E7A3EC4BAD0F8230A8004041E0F98D911D145BAEF43B999A7924E6"
"escargot","Escargot","1","https://buddy.farm/ql/escargot/","404","2026-08-27T20:01:46.3998146Z","7","","not_found","raw/questlines/escargot.html","raw/questlines/escargot-headers.txt","4C0DCA3858E7A3EC4BAD0F8230A8004041E0F98D911D145BAEF43B999A7924E6"
"excuuuse me, farmer","Excuuuse me, Farmer","5","https://buddy.farm/ql/excuuuse-me-farmer/","200","2026-08-27T20:01:53.6988510Z","9","","parsed_no_silver_total","raw/questlines/excuuuse-me-farmer.html","raw/questlines/excuuuse-me-farmer-headers.txt","56B334DDE8E55C04B010251713F03158CBAC7EAF68CDAF045CB5414BA27BA670"
"exotic omelette","Exotic Omelette","1","https://buddy.farm/ql/exotic-omelette/","404","2026-08-27T20:02:03.2220449Z","9","","not_found","raw/questlines/exotic-omelette.html","raw/questlines/exotic-omelette-headers.txt","4C0DCA3858E7A3EC4BAD0F8230A8004041E0F98D911D145BAEF43B999A7924E6"
"experimental bait","Experimental Bait","2","https://buddy.farm/ql/experimental-bait/","200","2026-08-27T20:02:12.4796303Z","9","","parsed_no_silver_total","raw/questlines/experimental-bait.html","raw/questlines/experimental-bait-headers.txt","0251BFBCAE1664B5E231ECCFC77A012798FDBAB6EF335D7C0B2135203D69EEBD"
"explosively grand offer","Explosively Grand Offer","2","https://buddy.farm/ql/explosively-grand-offer/","200","2026-08-27T20:02:22.4418744Z","6","","parsed_no_silver_total","raw/questlines/explosively-grand-offer.html","raw/questlines/explosively-grand-offer-headers.txt","6E2A73B626719B5B08F98311A3DA056AF465759B9AD7EA86ECDD67470EC63091"
"explosively thankful","Explosively Thankful","1","https://buddy.farm/ql/explosively-thankful/","404","2026-08-27T20:02:28.9351872Z","8","","not_found","raw/questlines/explosively-thankful.html","raw/questlines/explosively-thankful-headers.txt","4C0DCA3858E7A3EC4BAD0F8230A8004041E0F98D911D145BAEF43B999A7924E6"
"exquisite cuisine, iced","Exquisite Cuisine, Iced","2","https://buddy.farm/ql/exquisite-cuisine-iced/","200","2026-08-27T20:02:37.2159461Z","10","","parsed_no_silver_total","raw/questlines/exquisite-cuisine-iced.html","raw/questlines/exquisite-cuisine-iced-headers.txt","3226782EFD3C7D80F43EC24CEA0790E66395B7F88A62D1E107D68DDCD8B97D44"
"fabled sailor","Fabled Sailor","1","https://buddy.farm/ql/fabled-sailor/","404","2026-08-27T20:02:47.6932429Z","6","","not_found","raw/questlines/fabled-sailor.html","raw/questlines/fabled-sailor-headers.txt","4C0DCA3858E7A3EC4BAD0F8230A8004041E0F98D911D145BAEF43B999A7924E6"
"fake fishing","Fake Fishing","1","https://buddy.farm/ql/fake-fishing/","200","2026-08-27T20:02:54.0055888Z","10","","parsed_no_silver_total","raw/questlines/fake-fishing.html","raw/questlines/fake-fishing-headers.txt","281D1177FEBF35F2AA89C3CF7093C4964544EF0A9140975846A7A98956151791"
"falling autumn leaves loved","Falling Autumn Leaves Loved","1","https://buddy.farm/ql/falling-autumn-leaves-loved/","404","2026-08-27T20:03:04.5162536Z","7","","not_found","raw/questlines/falling-autumn-leaves-loved.html","raw/questlines/falling-autumn-leaves-loved-headers.txt","4C0DCA3858E7A3EC4BAD0F8230A8004041E0F98D911D145BAEF43B999A7924E6"
"fancy dinner","Fancy Dinner","1","https://buddy.farm/ql/fancy-dinner/","404","2026-08-27T20:03:11.8034884Z","9","","not_found","raw/questlines/fancy-dinner.html","raw/questlines/fancy-dinner-headers.txt","4C0DCA3858E7A3EC4BAD0F8230A8004041E0F98D911D145BAEF43B999A7924E6"
"far away","Far Away","36","https://buddy.farm/ql/far-away/","200","2026-08-27T20:03:21.1345987Z","6","","parsed_no_silver_total","raw/questlines/far-away.html","raw/questlines/far-away-headers.txt","60BD48BDC3BA56B6FBEA7B4764550FC6E89CD801B23DC44E7498C1D0BFBD2218"
"fear or treat","Fear or Treat","2","https://buddy.farm/ql/fear-or-treat/","200","2026-08-27T20:03:27.7274167Z","10","","parsed_no_silver_total","raw/questlines/fear-or-treat.html","raw/questlines/fear-or-treat-headers.txt","5ABB53C55874C11C6C4C0414677E0F6F242840BC4D4B969D360A0690AE04550E"
"feathers","Feathers","9","https://buddy.farm/ql/feathers/","200","2026-08-27T20:03:38.2111488Z","7","","parsed_no_silver_total","raw/questlines/feathers.html","raw/questlines/feathers-headers.txt","40FE7C0D1E7EE47C96D1EAC10F97EEFF5ED98C85BA622FFA365130A985F7D96B"
"fellow farmer","Fellow Farmer","3","https://buddy.farm/ql/fellow-farmer/","200","2026-08-27T20:03:45.5418212Z","10","","parsed_no_silver_total","raw/questlines/fellow-farmer.html","raw/questlines/fellow-farmer-headers.txt","4DC8059E05D7C0108A03BB177A64D54F951558CF57FADE4CBA320490CCDEFFFE"
"find a way","Find A Way","11","https://buddy.farm/ql/find-a-way/","200","2026-08-27T20:03:55.9183671Z","7","","parsed_no_silver_total","raw/questlines/find-a-way.html","raw/questlines/find-a-way-headers.txt","32EC70DA24E6EC6E844BE8450FC1937D7DC2C6EE6ACF23F43A4A5D2A9F0A53D9"
"fine fishing","Fine Fishing","9","https://buddy.farm/ql/fine-fishing/","200","2026-08-27T20:04:03.4299095Z","8","","parsed_no_silver_total","raw/questlines/fine-fishing.html","raw/questlines/fine-fishing-headers.txt","AF16E74C050257A33DA331F6F5CC09374B0EB52E3EB2538D04BC630C01FFE5D5"
"fire alarm","Fire Alarm","1","https://buddy.farm/ql/fire-alarm/","404","2026-08-27T20:04:11.9184481Z","7","","not_found","raw/questlines/fire-alarm.html","raw/questlines/fire-alarm-headers.txt","4C0DCA3858E7A3EC4BAD0F8230A8004041E0F98D911D145BAEF43B999A7924E6"
"fire brigade","Fire Brigade","1","https://buddy.farm/ql/fire-brigade/","404","2026-08-27T20:04:19.2046792Z","6","","not_found","raw/questlines/fire-brigade.html","raw/questlines/fire-brigade-headers.txt","4C0DCA3858E7A3EC4BAD0F8230A8004041E0F98D911D145BAEF43B999A7924E6"
"fire in the belly","Fire in the Belly","2","https://buddy.farm/ql/fire-in-the-belly/","200","2026-08-27T20:04:26.5177488Z","8","","parsed_no_silver_total","raw/questlines/fire-in-the-belly.html","raw/questlines/fire-in-the-belly-headers.txt","DF970095C93AFDE0DA70D6B64710760F81222F1B556B417D258CDE197643645F"
"fire in the field","Fire in the Field","1","https://buddy.farm/ql/fire-in-the-field/","404","2026-08-27T20:04:35.0898834Z","10","","not_found","raw/questlines/fire-in-the-field.html","raw/questlines/fire-in-the-field-headers.txt","4C0DCA3858E7A3EC4BAD0F8230A8004041E0F98D911D145BAEF43B999A7924E6"
"fire in the forest","Fire in the Forest","1","https://buddy.farm/ql/fire-in-the-forest/","404","2026-08-27T20:04:45.3686862Z","7","","not_found","raw/questlines/fire-in-the-forest.html","raw/questlines/fire-in-the-forest-headers.txt","4C0DCA3858E7A3EC4BAD0F8230A8004041E0F98D911D145BAEF43B999A7924E6"
"fire unstable","Fire Unstable","1","https://buddy.farm/ql/fire-unstable/","404","2026-08-27T20:04:52.7699364Z","7","","not_found","raw/questlines/fire-unstable.html","raw/questlines/fire-unstable-headers.txt","4C0DCA3858E7A3EC4BAD0F8230A8004041E0F98D911D145BAEF43B999A7924E6"
"fishin' in the dark","Fishin' in the Dark","1","https://buddy.farm/ql/fishin-in-the-dark/","404","2026-08-27T20:05:00.0679303Z","7","","not_found","raw/questlines/fishin-in-the-dark.html","raw/questlines/fishin-in-the-dark-headers.txt","4C0DCA3858E7A3EC4BAD0F8230A8004041E0F98D911D145BAEF43B999A7924E6"
"fishing for thanks","Fishing For Thanks","1","https://buddy.farm/ql/fishing-for-thanks/","404","2026-08-27T20:05:07.3623362Z","6","","not_found","raw/questlines/fishing-for-thanks.html","raw/questlines/fishing-for-thanks-headers.txt","4C0DCA3858E7A3EC4BAD0F8230A8004041E0F98D911D145BAEF43B999A7924E6"
"fishing tournament","Fishing Tournament","8","https://buddy.farm/ql/fishing-tournament/","200","2026-08-27T20:05:13.6179984Z","9","","parsed_no_silver_total","raw/questlines/fishing-tournament.html","raw/questlines/fishing-tournament-headers.txt","1E02BDD44205FA02669A86B67DF880D8D84246EFB9CEE8AB13C3522E8E75FE63"
"fitness friends fit forever","Fitness Friends Fit Forever","3","https://buddy.farm/ql/fitness-friends-fit-forever/","200","2026-08-27T20:05:23.4215995Z","8","","parsed_no_silver_total","raw/questlines/fitness-friends-fit-forever.html","raw/questlines/fitness-friends-fit-forever-headers.txt","90B15D2978701F00719A36FE03F71B4DC05801F1C17D589D6C2280FE4A1E0233"
"flexible spending","Flexible Spending","1","https://buddy.farm/ql/flexible-spending/","200","2026-08-27T20:05:31.8007477Z","0","5000000000000","parsed_silver_total","raw/quests/questline-flexible-spending.html","raw/quests/questline-flexible-spending-headers.txt","A2E2BC5884974EE95D796C572101479A6085EF59DE51ECA7AEACE884A18868FD"
"flu away","Flu Away","1","https://buddy.farm/ql/flu-away/","200","2026-08-27T20:05:31.8173421Z","8","","parsed_no_silver_total","raw/questlines/flu-away.html","raw/questlines/flu-away-headers.txt","C946C0F34A89CC82E199C230CC7A9471FC25E93BA4E246B5A3F389589A664072"
"flux capacitor","Flux Capacitor","1","https://buddy.farm/ql/flux-capacitor/","404","2026-08-27T20:05:40.2850054Z","10","","not_found","raw/questlines/flux-capacitor.html","raw/questlines/flux-capacitor-headers.txt","4C0DCA3858E7A3EC4BAD0F8230A8004041E0F98D911D145BAEF43B999A7924E6"
"fly fishing lures","Fly Fishing Lures","1","https://buddy.farm/ql/fly-fishing-lures/","404","2026-08-27T20:05:50.5512135Z","10","","not_found","raw/questlines/fly-fishing-lures.html","raw/questlines/fly-fishing-lures-headers.txt","4C0DCA3858E7A3EC4BAD0F8230A8004041E0F98D911D145BAEF43B999A7924E6"
"fooled","Fooled","5","https://buddy.farm/ql/fooled/","200","2026-08-27T20:06:01.0509735Z","10","","parsed_no_silver_total","raw/questlines/fooled.html","raw/questlines/fooled-headers.txt","6BEFC99462CB57781BB48273C34905A43AD210128F5CA6E9451331FEFD2079EE"
"foraging for food","Foraging for Food","1","https://buddy.farm/ql/foraging-for-food/","404","2026-08-27T20:06:11.5111871Z","8","","not_found","raw/questlines/foraging-for-food.html","raw/questlines/foraging-for-food-headers.txt","4C0DCA3858E7A3EC4BAD0F8230A8004041E0F98D911D145BAEF43B999A7924E6"
"frank's pranks","frank's pranks","20","https://buddy.farm/ql/franks-pranks/","404","2026-08-27T20:06:19.8052534Z","8","","not_found","raw/questlines/franks-pranks.html","raw/questlines/franks-pranks-headers.txt","4C0DCA3858E7A3EC4BAD0F8230A8004041E0F98D911D145BAEF43B999A7924E6"
"free candy","Free Candy","5","https://buddy.farm/ql/free-candy/","200","2026-08-27T20:06:28.0777657Z","10","50003","parsed_silver_total","raw/questlines/free-candy.html","raw/questlines/free-candy-headers.txt","CECE0AC5EE0DB2713687672FA8E758398A1EFB13D3B2CCAB3BC37C918C517B0C"
"free to fly","Free To Fly","2","https://buddy.farm/ql/free-to-fly/","200","2026-08-27T20:06:38.5578621Z","7","","parsed_no_silver_total","raw/questlines/free-to-fly.html","raw/questlines/free-to-fly-headers.txt","0A1FA13151E5CA22CBDEF1AAD96911835149AD7186500FBD3DC0B726BAB84F24"
"freedom universally","Freedom Universally","4","https://buddy.farm/ql/freedom-universally/","200","2026-08-27T20:06:46.7275087Z","6","","parsed_no_silver_total","raw/questlines/freedom-universally.html","raw/questlines/freedom-universally-headers.txt","0B6E5AA87FAE7055A9C4CDC98FC530DE6923706BB9B2845197CF0AFEA08B31E9"
"friday the 13th","Friday the 13th","4","https://buddy.farm/ql/friday-the-13th/","200","2026-08-27T20:06:53.5004872Z","7","","parsed_no_silver_total","raw/questlines/friday-the-13th.html","raw/questlines/friday-the-13th-headers.txt","B7D6C65E5BC83133F4D4BC73B2A35BEAA6A918B0385F8208CE7420439E45B4F6"
"friends with charles","Friends With Charles","1","https://buddy.farm/ql/friends-with-charles/","200","2026-08-27T20:07:01.0236638Z","9","","ambiguous_missing_total_request","raw/questlines/friends-with-charles.html","raw/questlines/friends-with-charles-headers.txt","EAE8CBB5D079FDD546679CE79606CD171A61A8DB76C0796E1A8E7053497E9032"
"frog got your tongue","Frog Got Your Tongue","3","https://buddy.farm/ql/frog-got-your-tongue/","200","2026-08-27T20:07:10.5239019Z","10","","parsed_no_silver_total","raw/questlines/frog-got-your-tongue.html","raw/questlines/frog-got-your-tongue-headers.txt","C218E3EF682ABE1DC35481758917DCAF00DDB93DFF7690EC1454312974E68BB1"
"fruit mix","Fruit Mix","1","https://buddy.farm/ql/fruit-mix/","404","2026-08-27T20:07:21.0180431Z","6","","not_found","raw/questlines/fruit-mix.html","raw/questlines/fruit-mix-headers.txt","4C0DCA3858E7A3EC4BAD0F8230A8004041E0F98D911D145BAEF43B999A7924E6"
"fun in the sun","Fun in the Sun","2","https://buddy.farm/ql/fun-in-the-sun/","200","2026-08-27T20:07:27.3070014Z","6","","parsed_no_silver_total","raw/questlines/fun-in-the-sun.html","raw/questlines/fun-in-the-sun-headers.txt","8149C4D02A730290618432C9276727D93365449ACD909E7553E546F60BEC4C85"
"fun with fusion","Fun With Fusion","2","https://buddy.farm/ql/fun-with-fusion/","200","2026-08-27T20:07:33.7604196Z","7","","parsed_no_silver_total","raw/questlines/fun-with-fusion.html","raw/questlines/fun-with-fusion-headers.txt","923F0433BE08566E9B4081CF504110A0978A26662B35C10B074705BFB1B6D19A"
"fungal bungle","Fungal Bungle","12","https://buddy.farm/ql/fungal-bungle/","200","2026-08-27T20:08:27.0262861Z","8","","parsed_no_silver_total","raw/questlines/fungal-bungle.html","raw/questlines/fungal-bungle-headers.txt","CDD02E8B50D9E84A19E33114E7442712F15F545284470BACE04DD7E0A5BC7E5C"
"funny teeth","Funny Teeth","1","https://buddy.farm/ql/funny-teeth/","404","2026-08-27T20:08:36.3010390Z","9","","not_found","raw/questlines/funny-teeth.html","raw/questlines/funny-teeth-headers.txt","4C0DCA3858E7A3EC4BAD0F8230A8004041E0F98D911D145BAEF43B999A7924E6"
"fuzzy unfairness neutralized","Fuzzy Unfairness Neutralized","1","https://buddy.farm/ql/fuzzy-unfairness-neutralized/","200","2026-08-27T20:08:46.1100374Z","8","","parsed_no_silver_total","raw/questlines/fuzzy-unfairness-neutralized.html","raw/questlines/fuzzy-unfairness-neutralized-headers.txt","DEDDA302A3576C557D08A5D197CC9FF62FD7C0F2411FEFA5017B9815DBE729CC"
"ghosts of candies past","Ghosts of Candies Past","2","https://buddy.farm/ql/ghosts-of-candies-past/","200","2026-08-27T20:08:55.0614736Z","9","","parsed_no_silver_total","raw/questlines/ghosts-of-candies-past.html","raw/questlines/ghosts-of-candies-past-headers.txt","FBE60F0C48B2208C6DD174C5A0229DEA36BF1FD46BCC1E389B3758AEC2C9FF42"
"giamics' jubilee","Giamics' Jubilee","14","https://buddy.farm/ql/giamics-jubilee/","200","2026-08-27T20:09:04.5084846Z","10","","parsed_no_silver_total","raw/questlines/giamics-jubilee.html","raw/questlines/giamics-jubilee-headers.txt","5135851594FF1D4E6408818CB7BF915917654F0FBF51F91B93710CDE7A6B8070"
"glacier lake effect","Glacier Lake Effect","5","https://buddy.farm/ql/glacier-lake-effect/","200","2026-08-27T20:09:14.9210353Z","7","","parsed_no_silver_total","raw/questlines/glacier-lake-effect.html","raw/questlines/glacier-lake-effect-headers.txt","73EFBB8BE0E61295D2758ACFBBA5C51B3D9D0123BF599F8E494E7CBE2AE3A09F"
"goat of friendship","GOAT of Friendship","1","https://buddy.farm/ql/goat-of-friendship/","404","2026-08-27T20:09:23.1781367Z","10","","not_found","raw/questlines/goat-of-friendship.html","raw/questlines/goat-of-friendship-headers.txt","4C0DCA3858E7A3EC4BAD0F8230A8004041E0F98D911D145BAEF43B999A7924E6"
"gold mine","Gold Mine","1","https://buddy.farm/ql/gold-mine/","404","2026-08-27T20:09:33.5482505Z","6","","not_found","raw/questlines/gold-mine.html","raw/questlines/gold-mine-headers.txt","4C0DCA3858E7A3EC4BAD0F8230A8004041E0F98D911D145BAEF43B999A7924E6"
"gone fishing","Gone Fishing","1","https://buddy.farm/ql/gone-fishing/","404","2026-08-27T20:09:39.8528611Z","8","","not_found","raw/questlines/gone-fishing.html","raw/questlines/gone-fishing-headers.txt","4C0DCA3858E7A3EC4BAD0F8230A8004041E0F98D911D145BAEF43B999A7924E6"
"gossip gelding","Gossip Gelding","1","https://buddy.farm/ql/gossip-gelding/","200","2026-08-27T20:09:48.1435743Z","6","","parsed_no_silver_total","raw/questlines/gossip-gelding.html","raw/questlines/gossip-gelding-headers.txt","426B648911BAF64353B8E4EE9D57E8E5952A636A1889CEAA5A0774BBB8E55799"
"gourd intentions","Gourd Intentions","3","https://buddy.farm/ql/gourd-intentions/","200","2026-08-27T20:09:54.6409406Z","7","","parsed_no_silver_total","raw/questlines/gourd-intentions.html","raw/questlines/gourd-intentions-headers.txt","8061B83733EA8B40911351D10BBBE7542D6B63E531EAEAE7B744E8DC8251CCD6"
"gratitude and gravy","Gratitude and Gravy","2","https://buddy.farm/ql/gratitude-and-gravy/","200","2026-08-27T20:10:02.1367879Z","8","","parsed_no_silver_total","raw/questlines/gratitude-and-gravy.html","raw/questlines/gratitude-and-gravy-headers.txt","653B04951D91F143FEA0F43EE687730A88E61A3DCC6AE285B94DFB00ACB25B77"
"green alchemy","Green Alchemy","21","https://buddy.farm/ql/green-alchemy/","200","2026-08-27T20:10:10.7631922Z","6","500000000","parsed_silver_total","raw/questlines/green-alchemy.html","raw/questlines/green-alchemy-headers.txt","8F4EA1F94B585849010CEE5DBABCFD8E188C722959EB218E9C345D66DF0BF533"
"green eggs and bacon","Green Eggs and Bacon","4","https://buddy.farm/ql/green-eggs-and-bacon/","200","2026-08-27T20:10:18.1022517Z","10","","parsed_no_silver_total","raw/questlines/green-eggs-and-bacon.html","raw/questlines/green-eggs-and-bacon-headers.txt","54BB5B8F4D0EF99A80219D5E290A11C396869623BDF9440CACF9734F831D1D49"
"green initiative","Green Initiative","10","https://buddy.farm/ql/green-initiative/","200","2026-08-27T20:10:28.5955701Z","9","","parsed_no_silver_total","raw/questlines/green-initiative.html","raw/questlines/green-initiative-headers.txt","613C1CA63CCB437B3D67DA18BB74445890565792ABB4818C0093427C8CE91384"
"grill and thrill","Grill And Thrill","4","https://buddy.farm/ql/grill-and-thrill/","200","2026-08-27T20:10:38.0269609Z","8","","parsed_no_silver_total","raw/questlines/grill-and-thrill.html","raw/questlines/grill-and-thrill-headers.txt","507BE1C6D91DFEBC29B112162FDA328A9B4228E9E5BBE87752471F4391AE6C31"
"grill party","Grill Party","1","https://buddy.farm/ql/grill-party/","404","2026-08-27T20:10:46.4778039Z","6","","not_found","raw/questlines/grill-party.html","raw/questlines/grill-party-headers.txt","4C0DCA3858E7A3EC4BAD0F8230A8004041E0F98D911D145BAEF43B999A7924E6"
"guess who","Guess Who","4","https://buddy.farm/ql/guess-who/","200","2026-08-27T20:10:52.8415145Z","10","","parsed_no_silver_total","raw/questlines/guess-who.html","raw/questlines/guess-who-headers.txt","F0F4B12E5C2E7289C5728A3B75671C7DA197601332CE5BD019967EFE2D149550"
"guest ledger","Guest Ledger","1","https://buddy.farm/ql/guest-ledger/","404","2026-08-27T20:11:03.3130619Z","9","","not_found","raw/questlines/guest-ledger.html","raw/questlines/guest-ledger-headers.txt","4C0DCA3858E7A3EC4BAD0F8230A8004041E0F98D911D145BAEF43B999A7924E6"
"hakuna matata","Hakuna Matata","1","https://buddy.farm/ql/hakuna-matata/","404","2026-08-27T20:11:12.5886510Z","9","","not_found","raw/questlines/hakuna-matata.html","raw/questlines/hakuna-matata-headers.txt","4C0DCA3858E7A3EC4BAD0F8230A8004041E0F98D911D145BAEF43B999A7924E6"
"daily dairy","Daily Dairy","0","https://buddy.farm/ql/daily-dairy/","200","2026-08-27T20:12:46.0653745Z","0","5000000000000","parsed_silver_total","raw/questlines/daily-dairy.html","raw/questlines/daily-dairy-headers.txt","0983916396F114069C626FFA7F9C1EAA209BC1D43782970A9E42D8BDCC7CE9F8"
"half a million","Half a Million","7","https://buddy.farm/ql/half-a-million/","200","2026-08-27T20:12:46.1618402Z","7","","ambiguous_missing_total_request","raw/questlines/half-a-million.html","raw/questlines/half-a-million-headers.txt","8E64C6A4F568037C0660C459056222A64CDB2F390019EB7AA4C55E1439EDCAB8"
"halloween safety","Halloween Safety","1","https://buddy.farm/ql/halloween-safety/","404","2026-08-27T20:12:53.6581383Z","6","","not_found","raw/questlines/halloween-safety.html","raw/questlines/halloween-safety-headers.txt","4C0DCA3858E7A3EC4BAD0F8230A8004041E0F98D911D145BAEF43B999A7924E6"
"halloween trade","Halloween Trade","1","https://buddy.farm/ql/halloween-trade/","404","2026-08-27T20:13:00.4833667Z","9","","not_found","raw/questlines/halloween-trade.html","raw/questlines/halloween-trade-headers.txt","4C0DCA3858E7A3EC4BAD0F8230A8004041E0F98D911D145BAEF43B999A7924E6"
"happy all hallows' eve","Happy All Hallows' Eve","1","https://buddy.farm/ql/happy-all-hallows-eve/","404","2026-08-27T20:13:09.7636839Z","7","","not_found","raw/questlines/happy-all-hallows-eve.html","raw/questlines/happy-all-hallows-eve-headers.txt","4C0DCA3858E7A3EC4BAD0F8230A8004041E0F98D911D145BAEF43B999A7924E6"
"happy halloween","Happy Halloween","4","https://buddy.farm/ql/happy-halloween/","200","2026-08-27T20:13:17.0428080Z","6","","parsed_no_silver_total","raw/questlines/happy-halloween.html","raw/questlines/happy-halloween-headers.txt","B2049B17FFA8A32DA965D58E022E6CB650F98EB35AFB233F28D20894C2B8AD62"
"happy homunculus","Happy Homunculus","2","https://buddy.farm/ql/happy-homunculus/","200","2026-08-27T20:13:23.5463259Z","9","","parsed_no_silver_total","raw/questlines/happy-homunculus.html","raw/questlines/happy-homunculus-headers.txt","956D49FEEE956268EE22F7A61B2647F3B3ECC8B8C011E63284990BC1A0DC24AC"
"happy neigh year","Happy Neigh Year","10","https://buddy.farm/ql/happy-neigh-year/","200","2026-08-27T20:13:33.3464741Z","6","","parsed_no_silver_total","raw/questlines/happy-neigh-year.html","raw/questlines/happy-neigh-year-headers.txt","A6285B518B4D1A2D7986410C33CEC2C6884519FA94FCB84B267CA8918565F5B9"
"hard at work","Hard At Work","6","https://buddy.farm/ql/hard-at-work/","200","2026-08-27T20:13:39.8112939Z","7","","parsed_no_silver_total","raw/questlines/hard-at-work.html","raw/questlines/hard-at-work-headers.txt","46E85A36F92D4786B32DC43A7F43430AF2B8D65B1E1C760585735675DF22FA5D"
"hare handler","Hare Handler","8","https://buddy.farm/ql/hare-handler/","200","2026-08-27T20:13:47.5216871Z","10","","parsed_no_silver_total","raw/questlines/hare-handler.html","raw/questlines/hare-handler-headers.txt","F39D9CBAF25AC3A7BB78245EC74934FE6F62C11776E7CB8738919D00459A2DED"
"have a ball","Have A Ball","1","https://buddy.farm/ql/have-a-ball/","404","2026-08-27T20:13:57.9871957Z","8","","not_found","raw/questlines/have-a-ball.html","raw/questlines/have-a-ball-headers.txt","4C0DCA3858E7A3EC4BAD0F8230A8004041E0F98D911D145BAEF43B999A7924E6"
"hay holidays","Hay Holidays","4","https://buddy.farm/ql/hay-holidays/","200","2026-08-27T20:14:06.3314074Z","6","","parsed_no_silver_total","raw/questlines/hay-holidays.html","raw/questlines/hay-holidays-headers.txt","85B169C46D54641E085759656538C13E044C77496E2CBADB67F092B9A3AD9D23"
"hay, how are you?","Hay, How Are You?","5","https://buddy.farm/ql/hay-how-are-you/","404","2026-08-27T20:14:12.8003625Z","7","","not_found","raw/questlines/hay-how-are-you.html","raw/questlines/hay-how-are-you-headers.txt","4C0DCA3858E7A3EC4BAD0F8230A8004041E0F98D911D145BAEF43B999A7924E6"
"hay-lloween","Hay-lloween","1","https://buddy.farm/ql/hay-lloween/","404","2026-08-27T20:14:20.0899482Z","10","","not_found","raw/questlines/hay-lloween.html","raw/questlines/hay-lloween-headers.txt","4C0DCA3858E7A3EC4BAD0F8230A8004041E0F98D911D145BAEF43B999A7924E6"
"heart items inventory incrementally increased","Heart Items Inventory Incrementally Increased","5","https://buddy.farm/ql/heart-items-inventory-incrementally-increased/","200","2026-08-27T20:14:30.3524505Z","9","","parsed_no_silver_total","raw/questlines/heart-items-inventory-incrementally-increased.html","raw/questlines/heart-items-inventory-incrementally-increased-headers.txt","1A76AC55DEEC116171069D88B9953476CC4F62770ED83EBD702408F30B7F4A5E"
"heart of the matter","Heart Of The Matter","2","https://buddy.farm/ql/heart-of-the-matter/","200","2026-08-27T20:14:40.0647701Z","6","","parsed_no_silver_total","raw/questlines/heart-of-the-matter.html","raw/questlines/heart-of-the-matter-headers.txt","4BCAA0DC4B16EE82DFA16AEE5FD77AE2424A0E075ED97F74A790AE8A6F73889C"
"help kneaded","Help Kneaded","2","https://buddy.farm/ql/help-kneaded/","200","2026-08-27T20:14:46.5218978Z","8","","parsed_no_silver_total","raw/questlines/help-kneaded.html","raw/questlines/help-kneaded-headers.txt","B556C87AF1F5C2DA7E972BC8ECA8F897CEE8BAB75116F86ABEC3FA3625CE7BD7"
"his mane quest","His Mane Quest","7","https://buddy.farm/ql/his-mane-quest/","200","2026-08-27T20:14:54.9931991Z","9","","parsed_no_silver_total","raw/questlines/his-mane-quest.html","raw/questlines/his-mane-quest-headers.txt","33AF6574A234B0F23F5335BF62CE6685EA872D590C50D9475DA105D030C39117"
"history of friendship","History of Friendship","1","https://buddy.farm/ql/history-of-friendship/","404","2026-08-27T20:15:04.5228310Z","8","","not_found","raw/questlines/history-of-friendship.html","raw/questlines/history-of-friendship-headers.txt","4C0DCA3858E7A3EC4BAD0F8230A8004041E0F98D911D145BAEF43B999A7924E6"
"hold the line","Hold The Line","1","https://buddy.farm/ql/hold-the-line/","200","2026-08-27T20:15:12.8379909Z","10","","parsed_no_silver_total","raw/questlines/hold-the-line.html","raw/questlines/hold-the-line-headers.txt","EB45D916F428EF66F7A26A067CE51B369AE69B0A8BD3D8FE0E1E600394C0652D"
"home for the holidays","Home For The Holidays","10","https://buddy.farm/ql/home-for-the-holidays/","200","2026-08-27T20:15:23.1945923Z","6","","parsed_no_silver_total","raw/questlines/home-for-the-holidays.html","raw/questlines/home-for-the-holidays-headers.txt","5BB7DF0676580B7E4BB998BAC07670A1FA07D5C77F89868B1C676A94B68FAC76"
"hoptimistic","Hoptimistic","8","https://buddy.farm/ql/hoptimistic/","200","2026-08-27T20:15:30.0478971Z","8","62777","parsed_silver_total","raw/questlines/hoptimistic.html","raw/questlines/hoptimistic-headers.txt","7968250BCA2D73FD7EB21D5E8AF91DD378A84BD00DAE687E2F6F6832E56035C0"
"horse before the carton","Horse Before The Carton","5","https://buddy.farm/ql/horse-before-the-carton/","200","2026-08-27T20:15:38.7124017Z","8","","parsed_no_silver_total","raw/questlines/horse-before-the-carton.html","raw/questlines/horse-before-the-carton-headers.txt","D25477FEA3FB70E742538EA9E9AE7FFE89C3E567A4E8C854E8FD36DFA3C46668"
"hot peppers","Hot Peppers","1","https://buddy.farm/ql/hot-peppers/","404","2026-08-27T20:15:47.1931163Z","8","","not_found","raw/questlines/hot-peppers.html","raw/questlines/hot-peppers-headers.txt","4C0DCA3858E7A3EC4BAD0F8230A8004041E0F98D911D145BAEF43B999A7924E6"
"humming along helps","Humming Along Helps","2","https://buddy.farm/ql/humming-along-helps/","200","2026-08-27T20:15:55.5219259Z","6","","parsed_no_silver_total","raw/questlines/humming-along-helps.html","raw/questlines/humming-along-helps-headers.txt","12AD0307C706B3ABCFA17177DC6485E52EEF702E374510F4F7AC826C796D4FBD"
"hungry holger","Hungry Holger","4","https://buddy.farm/ql/hungry-holger/","200","2026-08-27T20:16:02.0355736Z","8","","parsed_no_silver_total","raw/questlines/hungry-holger.html","raw/questlines/hungry-holger-headers.txt","25BAFC66AD8FA86EE80D185DCA7B2AD7B6F458CA9FE0C9ABCB66E6AB097085CF"
"i <3 halloween","I <3 Halloween","1","https://buddy.farm/ql/i-3-halloween/","404","2026-08-27T20:16:10.6102632Z","7","","not_found","raw/questlines/i-3-halloween.html","raw/questlines/i-3-halloween-headers.txt","4C0DCA3858E7A3EC4BAD0F8230A8004041E0F98D911D145BAEF43B999A7924E6"
"i hate to bug you","I Hate To Bug You","7","https://buddy.farm/ql/i-hate-to-bug-you/","200","2026-08-27T20:16:17.9908897Z","10","","parsed_no_silver_total","raw/questlines/i-hate-to-bug-you.html","raw/questlines/i-hate-to-bug-you-headers.txt","97E73BF8A7F3D04CE1648F4F8B4EF05C7D808B0D6089878668F60FFB6C10782A"
"ice cleared everywhere","Ice Cleared Everywhere","2","https://buddy.farm/ql/ice-cleared-everywhere/","200","2026-08-27T20:16:28.4947870Z","9","","parsed_no_silver_total","raw/questlines/ice-cleared-everywhere.html","raw/questlines/ice-cleared-everywhere-headers.txt","60DDB116230AD59F6EE500216E69ECF70ABC0D0C25C738FDC0B522731010E557"
"ice collections","Ice Collections","3","https://buddy.farm/ql/ice-collections/","200","2026-08-27T20:16:37.9365299Z","9","","parsed_no_silver_total","raw/questlines/ice-collections.html","raw/questlines/ice-collections-headers.txt","F2DAEBE4D6AC7545E195CB7AB23DC7D2DE32C003A2A57785BC3359DE20B65B41"
"ice covers everything","Ice Covers Everything","2","https://buddy.farm/ql/ice-covers-everything/","200","2026-08-27T20:16:47.4190420Z","7","","parsed_no_silver_total","raw/questlines/ice-covers-everything.html","raw/questlines/ice-covers-everything-headers.txt","B995C05C5C31B6EC792E6BDCBFA8CE305667185B97FA4DC6FACD2754DB35C79E"
"iced crops examination","Iced Crops Examination","8","https://buddy.farm/ql/iced-crops-examination/","200","2026-08-27T20:16:54.9604966Z","8","","parsed_no_silver_total","raw/questlines/iced-crops-examination.html","raw/questlines/iced-crops-examination-headers.txt","D1D990FA286EDCEA49BE39DDCB0C4BE0B2742D3CD2B697684B523B83315845FF"
"iced crops extreme examination","Iced Crops Extreme Examination","7","https://buddy.farm/ql/iced-crops-extreme-examination/","200","2026-08-27T20:17:03.6796710Z","9","","parsed_no_silver_total","raw/questlines/iced-crops-extreme-examination.html","raw/questlines/iced-crops-extreme-examination-headers.txt","1819F22E4EAB9AAA28C21A3C940EA676FA59850B09FE3BAEA1DEFBBF981DF860"
"iced crops extreme examination extra extremey","Iced Crops Extreme Examination Extra Extremey","2","https://buddy.farm/ql/iced-crops-extreme-examination-extra-extremey/","200","2026-08-27T20:17:13.3229418Z","8","","parsed_no_silver_total","raw/questlines/iced-crops-extreme-examination-extra-extremey.html","raw/questlines/iced-crops-extreme-examination-extra-extremey-headers.txt","933D771072DDD917074CA8BBED1FBBE13895FC743A4E53B98B1C17986D9DB0D2"
"idle wild","Idle Wild","2","https://buddy.farm/ql/idle-wild/","200","2026-08-27T20:17:22.0053443Z","6","","parsed_no_silver_total","raw/questlines/idle-wild.html","raw/questlines/idle-wild-headers.txt","2DF31D80EC0C41BBCDB692A17B73E34D4E1BBE494E7C891DBBE8C7EFBE200370"
"incrementally collecting everything","Incrementally Collecting Everything","8","https://buddy.farm/ql/incrementally-collecting-everything/","200","2026-08-27T20:17:29.7457988Z","7","","parsed_no_silver_total","raw/questlines/incrementally-collecting-everything.html","raw/questlines/incrementally-collecting-everything-headers.txt","A8179DA5765F0BED0F92F53A5C589EB01D39B6FD3E88DF92D72198BCE8440118"
"indecipherable note","Indecipherable Note","3","https://buddy.farm/ql/indecipherable-note/","200","2026-08-27T20:17:37.3263455Z","8","","parsed_no_silver_total","raw/questlines/indecipherable-note.html","raw/questlines/indecipherable-note-headers.txt","0BE0B2353F15C049B75ECC97083FBDE8E3F4407E8E7C122DA721D7DDA6668803"
"ingredients of friendship","Ingredients of Friendship","1","https://buddy.farm/ql/ingredients-of-friendship/","404","2026-08-27T20:17:45.6468408Z","8","","not_found","raw/questlines/ingredients-of-friendship.html","raw/questlines/ingredients-of-friendship-headers.txt","4C0DCA3858E7A3EC4BAD0F8230A8004041E0F98D911D145BAEF43B999A7924E6"
"interior design","Interior Design","1","https://buddy.farm/ql/interior-design/","200","2026-08-27T20:17:53.9637900Z","8","","parsed_no_silver_total","raw/questlines/interior-design.html","raw/questlines/interior-design-headers.txt","8088F06757FCDF9A5ADC78C35D98965931BAC1E0618FABE7AFD6B343D60D449F"
"intruders beware","Intruders Beware","11","https://buddy.farm/ql/intruders-beware/","200","2026-08-27T20:18:02.6420022Z","9","","parsed_no_silver_total","raw/questlines/intruders-beware.html","raw/questlines/intruders-beware-headers.txt","C14F002C65399FBDF1BF72C813C00CD6ECA2991783072488BF7F380E92DA7984"
"invasive fish","Invasive Fish","1","https://buddy.farm/ql/invasive-fish/","404","2026-08-27T20:18:12.0381324Z","8","","not_found","raw/questlines/invasive-fish.html","raw/questlines/invasive-fish-headers.txt","4C0DCA3858E7A3EC4BAD0F8230A8004041E0F98D911D145BAEF43B999A7924E6"
"irrational numbers","Irrational Numbers","3","https://buddy.farm/ql/irrational-numbers/","200","2026-08-27T20:18:20.3120300Z","10","","parsed_no_silver_total","raw/questlines/irrational-numbers.html","raw/questlines/irrational-numbers-headers.txt","881055F30E85DCF20B209BC36064D34C48035807C42A804368DC65C73B24A390"
"irrational numbers iii.14","Irrational Numbers III.14","1","https://buddy.farm/ql/irrational-numbers-iii-14/","404","2026-08-27T20:18:31.0321790Z","7","","not_found","raw/questlines/irrational-numbers-iii-14.html","raw/questlines/irrational-numbers-iii-14-headers.txt","4C0DCA3858E7A3EC4BAD0F8230A8004041E0F98D911D145BAEF43B999A7924E6"
"irrationally hungry","Irrationally Hungry","2","https://buddy.farm/ql/irrationally-hungry/","200","2026-08-27T20:18:38.3003809Z","8","","parsed_no_silver_total","raw/questlines/irrationally-hungry.html","raw/questlines/irrationally-hungry-headers.txt","228836968FC3BB35C4603A98243FF1E70D5BCDF72D872C9126575E1245B9488A"
"island of friendship","Island of Friendship","1","https://buddy.farm/ql/island-of-friendship/","404","2026-08-27T20:18:46.8491824Z","10","","not_found","raw/questlines/island-of-friendship.html","raw/questlines/island-of-friendship-headers.txt","4C0DCA3858E7A3EC4BAD0F8230A8004041E0F98D911D145BAEF43B999A7924E6"
"islands are hard to catch","Islands Are Hard To Catch","11","https://buddy.farm/ql/islands-are-hard-to-catch/","200","2026-08-27T20:18:57.4807625Z","8","","parsed_no_silver_total","raw/questlines/islands-are-hard-to-catch.html","raw/questlines/islands-are-hard-to-catch-headers.txt","9D538CDB130A2A78E32B8BFEB0F4F2B6E8468DAD6F210340B695036984055EEE"
"it's beginning to look a lot like warfare","It?s Beginning To Look A Lot Like Warfare","21","https://buddy.farm/ql/it-s-beginning-to-look-a-lot-like-warfare/","200","2026-08-27T20:19:06.8319779Z","9","","parsed_no_silver_total","raw/questlines/it-s-beginning-to-look-a-lot-like-warfare.html","raw/questlines/it-s-beginning-to-look-a-lot-like-warfare-headers.txt","527A5AD1E57189AF1278C2F88F62A4D11A858E0F591085CDBF645D2FE0BCAE54"
"joyful thanks","Joyful Thanks","1","https://buddy.farm/ql/joyful-thanks/","404","2026-08-27T20:19:16.7798109Z","7","","not_found","raw/questlines/joyful-thanks.html","raw/questlines/joyful-thanks-headers.txt","4C0DCA3858E7A3EC4BAD0F8230A8004041E0F98D911D145BAEF43B999A7924E6"
"jubilee invitation","Jubilee Invitation","15","https://buddy.farm/ql/jubilee-invitation/","200","2026-08-27T20:19:24.0963835Z","9","","parsed_no_silver_total","raw/questlines/jubilee-invitation.html","raw/questlines/jubilee-invitation-headers.txt","E069CB888C6D46AD58EDE830212334F3F221821E5CE94C98C24A42150B489312"
"junction of joyful appreciation","Junction Of Joyful Appreciation","1","https://buddy.farm/ql/junction-of-joyful-appreciation/","404","2026-08-27T20:19:33.5748153Z","10","","not_found","raw/questlines/junction-of-joyful-appreciation.html","raw/questlines/junction-of-joyful-appreciation-headers.txt","4C0DCA3858E7A3EC4BAD0F8230A8004041E0F98D911D145BAEF43B999A7924E6"
"just a pinch","Just A Pinch","3","https://buddy.farm/ql/just-a-pinch/","200","2026-08-27T20:19:43.9483936Z","7","","parsed_no_silver_total","raw/questlines/just-a-pinch.html","raw/questlines/just-a-pinch-headers.txt","774ABFBC184844BBAD8EF955BE91B731C0638F7CB66E6AC9932701A73FF9F84B"
"just as sweet","Just As Sweet","2","https://buddy.farm/ql/just-as-sweet/","200","2026-08-27T20:19:51.8438581Z","8","","parsed_no_silver_total","raw/questlines/just-as-sweet.html","raw/questlines/just-as-sweet-headers.txt","3D03B294C4DAD20DD2EAFD57E2639AB7FBD02F4E88CB3FE012746D5D47E65987"
"keep scarecrows always masked","Keep Scarecrows Always Masked","3","https://buddy.farm/ql/keep-scarecrows-always-masked/","200","2026-08-27T20:20:00.3492075Z","10","","parsed_no_silver_total","raw/questlines/keep-scarecrows-always-masked.html","raw/questlines/keep-scarecrows-always-masked-headers.txt","53CED3FDC031CB6E76ED78D6126374DA5E506B5A9EFEA2B90BF41DAF555DE031"
"kernel of friendship","Kernel of Friendship","1","https://buddy.farm/ql/kernel-of-friendship/","404","2026-08-27T20:20:10.8026836Z","6","","not_found","raw/questlines/kernel-of-friendship.html","raw/questlines/kernel-of-friendship-headers.txt","4C0DCA3858E7A3EC4BAD0F8230A8004041E0F98D911D145BAEF43B999A7924E6"
"king of apples","King of Apples","10","https://buddy.farm/ql/king-of-apples/","200","2026-08-27T20:20:17.1081250Z","7","","parsed_no_silver_total","raw/questlines/king-of-apples.html","raw/questlines/king-of-apples-headers.txt","B2015C600E435A2FAA1696D9CCF7F13D5A1B5D97BD4CE1ADD38B76DE02381EDB"
"king of cakes","King of Cakes","3","https://buddy.farm/ql/king-of-cakes/","200","2026-08-27T20:20:24.7195115Z","6","","parsed_no_silver_total","raw/questlines/king-of-cakes.html","raw/questlines/king-of-cakes-headers.txt","07600CADCBF2974904A432D919166B7BD5EC0C4CE5B5210560D87656B58FB987"
"knowledge is power","Knowledge is Power","1","https://buddy.farm/ql/knowledge-is-power/","200","2026-08-27T20:20:31.1992808Z","10","10","parsed_silver_total","raw/questlines/knowledge-is-power.html","raw/questlines/knowledge-is-power-headers.txt","73E652D64657A4C9E82EA198E1EA561EF40C424FA8D8AC1B4615C4AFBA606697"
"last but not least...","Last but not least...","1","https://buddy.farm/ql/last-but-not-least/","404","2026-08-27T20:20:42.2320609Z","10","","not_found","raw/questlines/last-but-not-least.html","raw/questlines/last-but-not-least-headers.txt","4C0DCA3858E7A3EC4BAD0F8230A8004041E0F98D911D145BAEF43B999A7924E6"
"lasting impression","Lasting Impression","4","https://buddy.farm/ql/lasting-impression/","200","2026-08-27T20:20:52.6069001Z","10","","parsed_no_silver_total","raw/questlines/lasting-impression.html","raw/questlines/lasting-impression-headers.txt","A59AE9A9961D8F1C49671BFD192099E1DD718F301AC930CB30DA2453476FF47A"
"leaky roof","Leaky Roof","1","https://buddy.farm/ql/leaky-roof/","404","2026-08-27T20:21:03.0648369Z","7","","not_found","raw/questlines/leaky-roof.html","raw/questlines/leaky-roof-headers.txt","4C0DCA3858E7A3EC4BAD0F8230A8004041E0F98D911D145BAEF43B999A7924E6"
"lemon, interrupted","Lemon, Interrupted","1","https://buddy.farm/ql/lemon-interrupted/","404","2026-08-27T20:21:10.3303283Z","6","","not_found","raw/questlines/lemon-interrupted.html","raw/questlines/lemon-interrupted-headers.txt","4C0DCA3858E7A3EC4BAD0F8230A8004041E0F98D911D145BAEF43B999A7924E6"
"let's do the time warp","Let?s Do The Time Warp","5","https://buddy.farm/ql/let-s-do-the-time-warp/","200","2026-08-27T20:21:16.8713198Z","7","","parsed_no_silver_total","raw/questlines/let-s-do-the-time-warp.html","raw/questlines/let-s-do-the-time-warp-headers.txt","55EF9986C653729B0F4471805C84BEE4DEB248FED4B061F4F85050AD7AA3F36D"
"let's play pirates","Let's Play Pirates","5","https://buddy.farm/ql/lets-play-pirates/","404","2026-08-27T20:21:24.9977012Z","6","","not_found","raw/questlines/lets-play-pirates.html","raw/questlines/lets-play-pirates-headers.txt","4C0DCA3858E7A3EC4BAD0F8230A8004041E0F98D911D145BAEF43B999A7924E6"
"letters to sarafina","Letters To Sarafina","1","https://buddy.farm/ql/letters-to-sarafina/","404","2026-08-27T20:21:31.2819216Z","10","","not_found","raw/questlines/letters-to-sarafina.html","raw/questlines/letters-to-sarafina-headers.txt","4C0DCA3858E7A3EC4BAD0F8230A8004041E0F98D911D145BAEF43B999A7924E6"
"liberty to the captives","Liberty To The Captives","7","https://buddy.farm/ql/liberty-to-the-captives/","200","2026-08-27T20:21:41.6087589Z","8","","parsed_no_silver_total","raw/questlines/liberty-to-the-captives.html","raw/questlines/liberty-to-the-captives-headers.txt","CDDAFF9382F2BC2E6DED9BEFC83E93ED4E1D7F2F4B474EBDEAB23F751C44F836"
"limerick or treat","Limerick or Treat","3","https://buddy.farm/ql/limerick-or-treat/","200","2026-08-27T20:21:50.1002673Z","10","","parsed_no_silver_total","raw/questlines/limerick-or-treat.html","raw/questlines/limerick-or-treat-headers.txt","F0EEEABA84C4F5BE5149EFFFF1017BC552241513F32D61030CA0E750DCF7CDB5"
"look, a secret temple","Look, A Secret Temple","1","https://buddy.farm/ql/look-a-secret-temple/","404","2026-08-27T20:22:00.8529693Z","8","","not_found","raw/questlines/look-a-secret-temple.html","raw/questlines/look-a-secret-temple-headers.txt","4C0DCA3858E7A3EC4BAD0F8230A8004041E0F98D911D145BAEF43B999A7924E6"
"lorn's advice","Lorn's Advice","5","https://buddy.farm/ql/lorns-advice/","404","2026-08-27T20:22:09.1506654Z","8","","not_found","raw/questlines/lorns-advice.html","raw/questlines/lorns-advice-headers.txt","4C0DCA3858E7A3EC4BAD0F8230A8004041E0F98D911D145BAEF43B999A7924E6"
"lorn's awakening","Lorn's Awakening","14","https://buddy.farm/ql/lorns-awakening/","404","2026-08-27T20:22:17.4821086Z","7","","not_found","raw/questlines/lorns-awakening.html","raw/questlines/lorns-awakening-headers.txt","4C0DCA3858E7A3EC4BAD0F8230A8004041E0F98D911D145BAEF43B999A7924E6"
"lost and found","Lost and Found","1","https://buddy.farm/ql/lost-and-found/","404","2026-08-27T20:22:24.7777135Z","9","","not_found","raw/questlines/lost-and-found.html","raw/questlines/lost-and-found-headers.txt","4C0DCA3858E7A3EC4BAD0F8230A8004041E0F98D911D145BAEF43B999A7924E6"
"lost at sea?","Lost at Sea?","1","https://buddy.farm/ql/lost-at-sea/","404","2026-08-27T20:22:34.0515792Z","8","","not_found","raw/questlines/lost-at-sea.html","raw/questlines/lost-at-sea-headers.txt","4C0DCA3858E7A3EC4BAD0F8230A8004041E0F98D911D145BAEF43B999A7924E6"
"lost family heirloom","Lost Family Heirloom","1","https://buddy.farm/ql/lost-family-heirloom/","404","2026-08-27T20:22:42.3449298Z","7","","not_found","raw/questlines/lost-family-heirloom.html","raw/questlines/lost-family-heirloom-headers.txt","4C0DCA3858E7A3EC4BAD0F8230A8004041E0F98D911D145BAEF43B999A7924E6"
"lost reindeer","Lost Reindeer","10","https://buddy.farm/ql/lost-reindeer/","200","2026-08-27T20:22:49.7097358Z","10","","parsed_no_silver_total","raw/questlines/lost-reindeer.html","raw/questlines/lost-reindeer-headers.txt","668EB5390DE8F6078284FF537A047A8DDAD2040DBD417DCD8B680BC38467CED6"
"love at first bite","Love At First Bite","2","https://buddy.farm/ql/love-at-first-bite/","200","2026-08-27T20:23:00.2226408Z","8","","parsed_no_silver_total","raw/questlines/love-at-first-bite.html","raw/questlines/love-at-first-bite-headers.txt","40FE51C49012AEE9FA6664072E26F93EAA9B61F1BEA6A402F6D9246D85AE8EC8"
"love is for the horses","Love Is For The Horses","3","https://buddy.farm/ql/love-is-for-the-horses/","200","2026-08-27T20:23:08.7143585Z","8","","parsed_no_silver_total","raw/questlines/love-is-for-the-horses.html","raw/questlines/love-is-for-the-horses-headers.txt","CEEDC12A912D62D1B688DC270EE2201AC140DF61DDF813DBCFA3651E474B04F8"
"low on coal","Low On Coal","4","https://buddy.farm/ql/low-on-coal/","200","2026-08-27T20:23:17.6251888Z","8","","parsed_no_silver_total","raw/questlines/low-on-coal.html","raw/questlines/low-on-coal-headers.txt","4C9C1F946CA7A3F896924ABF5A3BC1584E1086B89F26E31B8AF6CFCEAE589EA3"
"lucky clover","Lucky Clover","1","https://buddy.farm/ql/lucky-clover/","404","2026-08-27T20:23:26.8262319Z","7","","not_found","raw/questlines/lucky-clover.html","raw/questlines/lucky-clover-headers.txt","4C0DCA3858E7A3EC4BAD0F8230A8004041E0F98D911D145BAEF43B999A7924E6"
"lunar telescope","Lunar Telescope","1","https://buddy.farm/ql/lunar-telescope/","404","2026-08-27T20:23:34.1090457Z","6","","not_found","raw/questlines/lunar-telescope.html","raw/questlines/lunar-telescope-headers.txt","4C0DCA3858E7A3EC4BAD0F8230A8004041E0F98D911D145BAEF43B999A7924E6"
"magic of friendship","Magic of Friendship","1","https://buddy.farm/ql/magic-of-friendship/","404","2026-08-27T20:23:40.3429371Z","6","","not_found","raw/questlines/magic-of-friendship.html","raw/questlines/magic-of-friendship-headers.txt","4C0DCA3858E7A3EC4BAD0F8230A8004041E0F98D911D145BAEF43B999A7924E6"
"make life take the lemons back!","Make Life Take The Lemons Back!","1","https://buddy.farm/ql/make-life-take-the-lemons-back/","404","2026-08-27T20:23:46.6467820Z","6","","not_found","raw/questlines/make-life-take-the-lemons-back.html","raw/questlines/make-life-take-the-lemons-back-headers.txt","4C0DCA3858E7A3EC4BAD0F8230A8004041E0F98D911D145BAEF43B999A7924E6"
"mane hospital","Mane Hospital","1","https://buddy.farm/ql/mane-hospital/","200","2026-08-27T20:23:52.9449671Z","10","","parsed_no_silver_total","raw/questlines/mane-hospital.html","raw/questlines/mane-hospital-headers.txt","A5D0C0189DA941F0A1AB0D9253FC50A763CC9C65A615A61C3A78253ACEB2165A"
"masked delivery","Masked Delivery","1","https://buddy.farm/ql/masked-delivery/","404","2026-08-27T20:24:03.4125982Z","8","","not_found","raw/questlines/masked-delivery.html","raw/questlines/masked-delivery-headers.txt","4C0DCA3858E7A3EC4BAD0F8230A8004041E0F98D911D145BAEF43B999A7924E6"
"masks aren't scary, kids","Masks Aren?t Scary, Kids","3","https://buddy.farm/ql/masks-aren-t-scary-kids/","200","2026-08-27T20:24:11.7417680Z","10","","parsed_no_silver_total","raw/questlines/masks-aren-t-scary-kids.html","raw/questlines/masks-aren-t-scary-kids-headers.txt","F919B791F38460C04B1BC660BB58EBF1970B218D7CA01C2DE7ADF6444442EDB8"
"may the horse be with you","May The Horse Be With You","8","https://buddy.farm/ql/may-the-horse-be-with-you/","200","2026-08-27T20:24:22.5625066Z","10","","parsed_no_silver_total","raw/questlines/may-the-horse-be-with-you.html","raw/questlines/may-the-horse-be-with-you-headers.txt","F3BE093E1A8D02078C2919F1B92C9372D87861E83145C85C2EC65A8F9B0EEBEF"
"milk chugging","Milk Chugging","1","https://buddy.farm/ql/milk-chugging/","404","2026-08-27T20:24:33.0703570Z","7","","not_found","raw/questlines/milk-chugging.html","raw/questlines/milk-chugging-headers.txt","4C0DCA3858E7A3EC4BAD0F8230A8004041E0F98D911D145BAEF43B999A7924E6"
"monetarily thankful","Monetarily Thankful","1","https://buddy.farm/ql/monetarily-thankful/","404","2026-08-27T20:24:40.4342375Z","10","","not_found","raw/questlines/monetarily-thankful.html","raw/questlines/monetarily-thankful-headers.txt","4C0DCA3858E7A3EC4BAD0F8230A8004041E0F98D911D145BAEF43B999A7924E6"
"money for nothing","Money For Nothing","1","https://buddy.farm/ql/money-for-nothing/","200","2026-08-27T20:24:50.7850310Z","9","","parsed_no_silver_total","raw/questlines/money-for-nothing.html","raw/questlines/money-for-nothing-headers.txt","5177BA12656903BCE0BE21D4AC37F9BE1294380B40BBB87D1703D1579113B78B"
"monster hunter","Monster Hunter","7","https://buddy.farm/ql/monster-hunter/","200","2026-08-27T20:25:00.2829360Z","9","","parsed_no_silver_total","raw/questlines/monster-hunter.html","raw/questlines/monster-hunter-headers.txt","215DBF1B74367C6A96E79A43F8BA3DF735CB5E997A9DD7842319E16809F0F39C"
"moon shot","Moon Shot","2","https://buddy.farm/ql/moon-shot/","200","2026-08-27T20:25:09.6149749Z","6","","parsed_no_silver_total","raw/questlines/moon-shot.html","raw/questlines/moon-shot-headers.txt","C88DB9FE78EBFCD5A2ADA4327FBEA747342F4AA06E1F89DD092FA511A86B998C"
"moose horns","Moose Horns","1","https://buddy.farm/ql/moose-horns/","404","2026-08-27T20:25:16.1474481Z","6","","not_found","raw/questlines/moose-horns.html","raw/questlines/moose-horns-headers.txt","4C0DCA3858E7A3EC4BAD0F8230A8004041E0F98D911D145BAEF43B999A7924E6"
"more a-peeling","More A-peeling","2","https://buddy.farm/ql/more-a-peeling/","200","2026-08-27T20:25:22.5726882Z","10","","parsed_no_silver_total","raw/questlines/more-a-peeling.html","raw/questlines/more-a-peeling-headers.txt","05D18934D1C835C4E99835DBE28FECBF5EB5F2E72781674D5E0A710BEE6E91FD"
"mushroom stew","Mushroom Stew","1","https://buddy.farm/ql/mushroom-stew/","404","2026-08-27T20:25:33.0595129Z","8","","not_found","raw/questlines/mushroom-stew.html","raw/questlines/mushroom-stew-headers.txt","4C0DCA3858E7A3EC4BAD0F8230A8004041E0F98D911D145BAEF43B999A7924E6"
"music of friendship","Music of Friendship","1","https://buddy.farm/ql/music-of-friendship/","404","2026-08-27T20:25:41.3452823Z","7","","not_found","raw/questlines/music-of-friendship.html","raw/questlines/music-of-friendship-headers.txt","4C0DCA3858E7A3EC4BAD0F8230A8004041E0F98D911D145BAEF43B999A7924E6"
"my cabbages","My Cabbages","20","https://buddy.farm/ql/my-cabbages/","200","2026-08-27T20:25:48.7057234Z","7","","parsed_no_silver_total","raw/questlines/my-cabbages.html","raw/questlines/my-cabbages-headers.txt","C0453860301128ABC36D1BA041288C278D61261CD8300CE823DC34897D77D094"
"my favorite corn","My Favorite Corn","1","https://buddy.farm/ql/my-favorite-corn/","404","2026-08-27T20:25:56.0618003Z","9","","not_found","raw/questlines/my-favorite-corn.html","raw/questlines/my-favorite-corn-headers.txt","4C0DCA3858E7A3EC4BAD0F8230A8004041E0F98D911D145BAEF43B999A7924E6"
"mysteries of friendship","Mysteries of Friendship","1","https://buddy.farm/ql/mysteries-of-friendship/","404","2026-08-27T20:26:05.3441526Z","9","","not_found","raw/questlines/mysteries-of-friendship.html","raw/questlines/mysteries-of-friendship-headers.txt","4C0DCA3858E7A3EC4BAD0F8230A8004041E0F98D911D145BAEF43B999A7924E6"
"mystery contraption","Mystery Contraption","2","https://buddy.farm/ql/mystery-contraption/","200","2026-08-27T20:26:14.6250320Z","7","","parsed_no_silver_total","raw/questlines/mystery-contraption.html","raw/questlines/mystery-contraption-headers.txt","939F68B25594E34FDF4192B29C3800E77210CCE38B1DE388280462D37C1D3FE9"
"naturally thankful","Naturally Thankful","1","https://buddy.farm/ql/naturally-thankful/","404","2026-08-27T20:26:22.1645004Z","9","","not_found","raw/questlines/naturally-thankful.html","raw/questlines/naturally-thankful-headers.txt","4C0DCA3858E7A3EC4BAD0F8230A8004041E0F98D911D145BAEF43B999A7924E6"
"need for nog","Need For Nog","3","https://buddy.farm/ql/need-for-nog/","200","2026-08-27T20:26:31.5254669Z","9","","parsed_no_silver_total","raw/questlines/need-for-nog.html","raw/questlines/need-for-nog-headers.txt","FA6D0408A2A34DA1E6F688671227533CBDBFA94729800C9ECB7613F423C82742"
"neighborly gesture","Neighborly Gesture","1","https://buddy.farm/ql/neighborly-gesture/","404","2026-08-27T20:26:40.9919880Z","9","","not_found","raw/questlines/neighborly-gesture.html","raw/questlines/neighborly-gesture-headers.txt","4C0DCA3858E7A3EC4BAD0F8230A8004041E0F98D911D145BAEF43B999A7924E6"
"neighs of our lives","Neighs Of Our Lives","1","https://buddy.farm/ql/neighs-of-our-lives/","200","2026-08-27T20:26:50.2822755Z","9","","parsed_no_silver_total","raw/questlines/neighs-of-our-lives.html","raw/questlines/neighs-of-our-lives-headers.txt","43DE8EADBBA500A7726F650EA17D34AE83EFE8C94C37ED5152F7DC2B4E16DFC0"
"never gonna give corn up","Never Gonna Give Corn Up","1","https://buddy.farm/ql/never-gonna-give-corn-up/","404","2026-08-27T20:26:59.8104665Z","8","","not_found","raw/questlines/never-gonna-give-corn-up.html","raw/questlines/never-gonna-give-corn-up-headers.txt","4C0DCA3858E7A3EC4BAD0F8230A8004041E0F98D911D145BAEF43B999A7924E6"
"new moon","New Moon","4","https://buddy.farm/ql/new-moon/","200","2026-08-27T20:27:08.0905749Z","8","","parsed_no_silver_total","raw/questlines/new-moon.html","raw/questlines/new-moon-headers.txt","FC49EFC2B140D139194E075E00EF01C517705174F36D5E98BDB34E1537D925A7"
"new neighbor","New Neighbor","4","https://buddy.farm/ql/new-neighbor/","200","2026-08-27T20:27:16.5931020Z","6","","parsed_no_silver_total","raw/questlines/new-neighbor.html","raw/questlines/new-neighbor-headers.txt","0B4BCC8AE97FAB2CA217C87423D071B898D56F4A47B3AE9FE3DE85C6968EF111"
"new year new moon","New Year New Moon","5","https://buddy.farm/ql/new-year-new-moon/","200","2026-08-27T20:27:23.1515812Z","6","","parsed_no_silver_total","raw/questlines/new-year-new-moon.html","raw/questlines/new-year-new-moon-headers.txt","D24AFBDE168123E1137462BA20E0381957171776EF2E333B05A8E0CD3A5352DF"
"noisy nuisance","Noisy Nuisance","2","https://buddy.farm/ql/noisy-nuisance/","200","2026-08-27T20:27:29.6298672Z","8","","parsed_no_silver_total","raw/questlines/noisy-nuisance.html","raw/questlines/noisy-nuisance-headers.txt","EEDA26CDCF360AD0158A949CFE061C61F0AB8613CD0A5D800A2116BD3BA03FB7"
"not from around here","Not From Around Here","3","https://buddy.farm/ql/not-from-around-here/","200","2026-08-27T20:27:37.9498127Z","9","","parsed_no_silver_total","raw/questlines/not-from-around-here.html","raw/questlines/not-from-around-here-headers.txt","2CDD09F6758A70141FFAB7F19ACD95D08C75FCE122BCC74F992C9006B5AC9B57"
"notary public","Notary Public","10","https://buddy.farm/ql/notary-public/","200","2026-08-27T20:27:47.3935955Z","9","5000000","parsed_silver_total","raw/questlines/notary-public.html","raw/questlines/notary-public-headers.txt","CF5C0534603C08D24E8C26AADFF52F6C7DC6DDEA461FDE3B62F6A68E5222DF18"
"not-so-strange stones","Not-So-Strange Stones","1","https://buddy.farm/ql/not-so-strange-stones/","404","2026-08-27T20:27:56.9101942Z","9","","not_found","raw/questlines/not-so-strange-stones.html","raw/questlines/not-so-strange-stones-headers.txt","4C0DCA3858E7A3EC4BAD0F8230A8004041E0F98D911D145BAEF43B999A7924E6"
"now you don't","Now You Don't","1","https://buddy.farm/ql/now-you-dont/","404","2026-08-27T20:28:06.2022181Z","9","","not_found","raw/questlines/now-you-dont.html","raw/questlines/now-you-dont-headers.txt","4C0DCA3858E7A3EC4BAD0F8230A8004041E0F98D911D145BAEF43B999A7924E6"
"now you see it","Now You See It","1","https://buddy.farm/ql/now-you-see-it/","404","2026-08-27T20:28:15.5037457Z","10","","not_found","raw/questlines/now-you-see-it.html","raw/questlines/now-you-see-it-headers.txt","4C0DCA3858E7A3EC4BAD0F8230A8004041E0F98D911D145BAEF43B999A7924E6"
"observation logs","Observation Logs","1","https://buddy.farm/ql/observation-logs/","404","2026-08-27T20:28:26.0570268Z","8","","not_found","raw/questlines/observation-logs.html","raw/questlines/observation-logs-headers.txt","4C0DCA3858E7A3EC4BAD0F8230A8004041E0F98D911D145BAEF43B999A7924E6"
"of hares and feathers","Of Hares And Feathers","1","https://buddy.farm/ql/of-hares-and-feathers/","404","2026-08-27T20:28:34.3821125Z","10","","not_found","raw/questlines/of-hares-and-feathers.html","raw/questlines/of-hares-and-feathers-headers.txt","4C0DCA3858E7A3EC4BAD0F8230A8004041E0F98D911D145BAEF43B999A7924E6"
"of planks and cannonballs","Of Planks and Cannonballs","1","https://buddy.farm/ql/of-planks-and-cannonballs/","404","2026-08-27T20:28:44.6929758Z","10","","not_found","raw/questlines/of-planks-and-cannonballs.html","raw/questlines/of-planks-and-cannonballs-headers.txt","4C0DCA3858E7A3EC4BAD0F8230A8004041E0F98D911D145BAEF43B999A7924E6"
"once upon a halloween","Once Upon A Halloween","6","https://buddy.farm/ql/once-upon-a-halloween/","200","2026-08-27T20:28:54.9788274Z","9","","parsed_no_silver_total","raw/questlines/once-upon-a-halloween.html","raw/questlines/once-upon-a-halloween-headers.txt","07EEDD8DD1AC34A27904A94D53069DB18DCBF821295ACF7D655FBFE431395A09"
"one hoof to live","One Hoof to Live","1","https://buddy.farm/ql/one-hoof-to-live/","200","2026-08-27T20:29:04.4812227Z","7","","parsed_no_silver_total","raw/questlines/one-hoof-to-live.html","raw/questlines/one-hoof-to-live-headers.txt","8A6A2F479EEF672E198EED7A7C41BA67AB08213BE74CA2AE84B3B41759781986"
"orange justice","Orange Justice","1","https://buddy.farm/ql/orange-justice/","404","2026-08-27T20:29:11.9271827Z","8","","not_found","raw/questlines/orange-justice.html","raw/questlines/orange-justice-headers.txt","4C0DCA3858E7A3EC4BAD0F8230A8004041E0F98D911D145BAEF43B999A7924E6"
"our patron of refreshment","Our Patron of Refreshment","4","https://buddy.farm/ql/our-patron-of-refreshment/","200","2026-08-27T20:29:20.1984175Z","8","","parsed_no_silver_total","raw/questlines/our-patron-of-refreshment.html","raw/questlines/our-patron-of-refreshment-headers.txt","ACB5E6B2BA91802F9714D835507FD31BC8D606BEB0573030EACD25D36D1D989C"
"parts unknown","Parts Unknown","24","https://buddy.farm/ql/parts-unknown/","200","2026-08-27T20:29:28.6788834Z","10","","parsed_no_silver_total","raw/questlines/parts-unknown.html","raw/questlines/parts-unknown-headers.txt","53A3E99673B8F8EA412A6D55B28A58F981E137E0F0902352B88CF89171D68CA7"
"party corn","Party Corn","2","https://buddy.farm/ql/party-corn/","200","2026-08-27T20:29:38.9916088Z","9","","parsed_no_silver_total","raw/questlines/party-corn.html","raw/questlines/party-corn-headers.txt","5C3C577CEE86B48E1BF45F92229207509E2B51DD114685AA5C4237663C664167"
"patiently baking","Patiently Baking","2","https://buddy.farm/ql/patiently-baking/","200","2026-08-27T20:29:48.4829503Z","7","","parsed_no_silver_total","raw/questlines/patiently-baking.html","raw/questlines/patiently-baking-headers.txt","019516373BD2D27EF1C74609E9E8AC7E57434D41C623065431B5B02E3D59BDDF"
"peaches for free","Peaches For Free","3","https://buddy.farm/ql/peaches-for-free/","200","2026-08-27T20:29:56.1899197Z","8","","parsed_no_silver_total","raw/questlines/peaches-for-free.html","raw/questlines/peaches-for-free-headers.txt","21B3BA96C73B99A7AF182C65BAE9CD1953D811A23F8D1DC8BEF29FA501D0CC0E"
"peculiar endings","Peculiar Endings","7","https://buddy.farm/ql/peculiar-endings/","200","2026-08-27T20:30:04.6933393Z","10","","parsed_no_silver_total","raw/questlines/peculiar-endings.html","raw/questlines/peculiar-endings-headers.txt","C538CC93B7F506559C04A81D3BCDE3C0E79877BAAFE2CF6C898BEA1BD29C4366"
"performance enhancing grapes","Performance Enhancing Grapes","4","https://buddy.farm/ql/performance-enhancing-grapes/","200","2026-08-27T20:30:15.0283562Z","9","","parsed_no_silver_total","raw/questlines/performance-enhancing-grapes.html","raw/questlines/performance-enhancing-grapes-headers.txt","F96898C73A404F2236C11EF83C4B87869AE3E6198F0DE08B9D1AA5533786C971"
"perils of friendship","Perils of Friendship","1","https://buddy.farm/ql/perils-of-friendship/","404","2026-08-27T20:30:25.2611046Z","7","","not_found","raw/questlines/perils-of-friendship.html","raw/questlines/perils-of-friendship-headers.txt","4C0DCA3858E7A3EC4BAD0F8230A8004041E0F98D911D145BAEF43B999A7924E6"
"pet spider","Pet Spider","5","https://buddy.farm/ql/pet-spider/","200","2026-08-27T20:30:32.6986262Z","10","","parsed_no_silver_total","raw/questlines/pet-spider.html","raw/questlines/pet-spider-headers.txt","D04FC56D302BABBFFBC868613BC8FFB5226E819FE2E4F3DC20A276A080F545EC"
"pirate stealth arrival","Pirate Stealth Arrival","2","https://buddy.farm/ql/pirate-stealth-arrival/","200","2026-08-27T20:32:40.7727465Z","10","","parsed_no_silver_total","raw/questlines/pirate-stealth-arrival.html","raw/questlines/pirate-stealth-arrival-headers.txt","CB68A220DD07866FEB5F42AF0679B34E68BB0BF4C553E35677E6D5F4C289E9B4"
"pirate's cove","Pirate's Cove","9","https://buddy.farm/ql/pirates-cove/","404","2026-08-27T20:32:51.3946497Z","9","","not_found","raw/questlines/pirates-cove.html","raw/questlines/pirates-cove-headers.txt","4C0DCA3858E7A3EC4BAD0F8230A8004041E0F98D911D145BAEF43B999A7924E6"
"pirates start arriving","Pirates Start Arriving","13","https://buddy.farm/ql/pirates-start-arriving/","200","2026-08-27T20:33:00.6498714Z","6","1000000000000","parsed_silver_total","raw/questlines/pirates-start-arriving.html","raw/questlines/pirates-start-arriving-headers.txt","4D8C65B9F5A4D8B9E43BAB8BC99ADD6AF73E2B9AE5B988C1823FA86A01486AFE"
"pleasantly arbitrating misconstrued relational affronts, troubles skirted","Pleasantly Arbitrating Misconstrued Relational Affronts, Troubles Skirted","13","https://buddy.farm/ql/pleasantly-arbitrating-misconstrued-relational-affronts-troubles-skirted/","404","2026-08-27T20:33:07.1075889Z","10","","not_found","raw/questlines/pleasantly-arbitrating-misconstrued-relational-affronts-troubles-skirted.html","raw/questlines/pleasantly-arbitrating-misconstrued-relational-affronts-troubles-skirted-headers.txt","4C0DCA3858E7A3EC4BAD0F8230A8004041E0F98D911D145BAEF43B999A7924E6"
"pretty abrupt save","Pretty Abrupt Save","1","https://buddy.farm/ql/pretty-abrupt-save/","200","2026-08-27T20:33:17.4203354Z","7","","parsed_no_silver_total","raw/questlines/pretty-abrupt-save.html","raw/questlines/pretty-abrupt-save-headers.txt","3DB4A2BFBC1F8FD5AE5D91CE75468804FFD84C6B7C7F55CEA59A7612DE8FD999"
"price of friendship","Price of Friendship","1","https://buddy.farm/ql/price-of-friendship/","404","2026-08-27T20:33:24.9379143Z","6","","not_found","raw/questlines/price-of-friendship.html","raw/questlines/price-of-friendship-headers.txt","4C0DCA3858E7A3EC4BAD0F8230A8004041E0F98D911D145BAEF43B999A7924E6"
"probably nothing to worry about","Probably Nothing to Worry About","1","https://buddy.farm/ql/probably-nothing-to-worry-about/","404","2026-08-27T20:33:31.3107020Z","10","","not_found","raw/questlines/probably-nothing-to-worry-about.html","raw/questlines/probably-nothing-to-worry-about-headers.txt","4C0DCA3858E7A3EC4BAD0F8230A8004041E0F98D911D145BAEF43B999A7924E6"
"problems start arising","Problems Start Arising","5","https://buddy.farm/ql/problems-start-arising/","200","2026-08-27T20:33:41.6912212Z","10","5000000000000","parsed_silver_total","raw/questlines/problems-start-arising.html","raw/questlines/problems-start-arising-headers.txt","C4906D5047C7268F0DFF8B9B0178E7A7C778CF2D3D9F7C58B7D3B9C2EC1308B6"
"problems still abound","Problems Still Abound","2","https://buddy.farm/ql/problems-still-abound/","200","2026-08-27T20:33:52.0069277Z","8","3000000000000","parsed_silver_total","raw/questlines/problems-still-abound.html","raw/questlines/problems-still-abound-headers.txt","6128B7FE6274C2900776AC2789F8C1E73B43D70BE3FD76846D3CA9CB2078C566"
"pumpkins spiced, apples tart","Pumpkins Spiced, Apples Tart","8","https://buddy.farm/ql/pumpkins-spiced-apples-tart/","200","2026-08-27T20:34:00.5181957Z","10","","parsed_no_silver_total","raw/questlines/pumpkins-spiced-apples-tart.html","raw/questlines/pumpkins-spiced-apples-tart-headers.txt","8868D46136DA1375E1DECDEEC3674FDCD4D1DEA89DFC4E41707D50A84BF050C1"
"punkin chunkin trebuchet","Punkin Chunkin Trebuchet","1","https://buddy.farm/ql/punkin-chunkin-trebuchet/","404","2026-08-27T20:34:10.9530231Z","8","","not_found","raw/questlines/punkin-chunkin-trebuchet.html","raw/questlines/punkin-chunkin-trebuchet-headers.txt","4C0DCA3858E7A3EC4BAD0F8230A8004041E0F98D911D145BAEF43B999A7924E6"
"putting down roots","Putting Down Roots","1","https://buddy.farm/ql/putting-down-roots/","200","2026-08-27T20:34:19.3095405Z","9","","parsed_no_silver_total","raw/questlines/putting-down-roots.html","raw/questlines/putting-down-roots-headers.txt","BD95EA697B4FA7609EB4E1D7676788F53F67F979CCADAB5D84724E355BC14EB4"
"pyramid scheme","Pyramid Scheme","3","https://buddy.farm/ql/pyramid-scheme/","200","2026-08-27T20:34:28.7985865Z","10","","parsed_no_silver_total","raw/questlines/pyramid-scheme.html","raw/questlines/pyramid-scheme-headers.txt","DD2C0242D6E5B93E17037AB75F958BF3A5320D7A6B713EC0965D5BEDFF3FD42D"
"quarter million","Quarter Million","6","https://buddy.farm/ql/quarter-million/","200","2026-08-27T20:34:39.2601290Z","10","","ambiguous_missing_total_request","raw/questlines/quarter-million.html","raw/questlines/quarter-million-headers.txt","30524C8232AEBC1E42C9BD34379E1D76A4DF54B4F012A8FEC91B209FD3FEF86C"
"queen bea of friendship","Queen Bea of Friendship","1","https://buddy.farm/ql/queen-bea-of-friendship/","404","2026-08-27T20:34:49.6964128Z","7","","not_found","raw/questlines/queen-bea-of-friendship.html","raw/questlines/queen-bea-of-friendship-headers.txt","4C0DCA3858E7A3EC4BAD0F8230A8004041E0F98D911D145BAEF43B999A7924E6"
"questionable cooking","Questionable Cooking","1","https://buddy.farm/ql/questionable-cooking/","404","2026-08-27T20:34:57.0144591Z","7","","not_found","raw/questlines/questionable-cooking.html","raw/questlines/questionable-cooking-headers.txt","4C0DCA3858E7A3EC4BAD0F8230A8004041E0F98D911D145BAEF43B999A7924E6"
"rage against tattered masonry","Rage Against Tattered Masonry","1","https://buddy.farm/ql/rage-against-tattered-masonry/","200","2026-08-27T20:35:04.4572491Z","8","","parsed_no_silver_total","raw/questlines/rage-against-tattered-masonry.html","raw/questlines/rage-against-tattered-masonry-headers.txt","EC0AF297445B23AB335ED83558FB20A01F556F19141937226CAD80BD892ABB09"
"rapturous thanksgiving","Rapturous Thanksgiving","2","https://buddy.farm/ql/rapturous-thanksgiving/","200","2026-08-27T20:35:12.9830284Z","6","","parsed_no_silver_total","raw/questlines/rapturous-thanksgiving.html","raw/questlines/rapturous-thanksgiving-headers.txt","7B02DE48F6518C065B783CB0673B6F57D1080F45A34CB6CEF0D5B6649A0CECEF"
"rat trap!","Rat Trap!","1","https://buddy.farm/ql/rat-trap/","404","2026-08-27T20:35:19.8447042Z","6","","not_found","raw/questlines/rat-trap.html","raw/questlines/rat-trap-headers.txt","4C0DCA3858E7A3EC4BAD0F8230A8004041E0F98D911D145BAEF43B999A7924E6"
"recycling project","Recycling Project","1","https://buddy.farm/ql/recycling-project/","404","2026-08-27T20:35:26.1167259Z","9","","not_found","raw/questlines/recycling-project.html","raw/questlines/recycling-project-headers.txt","4C0DCA3858E7A3EC4BAD0F8230A8004041E0F98D911D145BAEF43B999A7924E6"
"red diamond four of a kind","Red Diamond Four of a Kind","4","https://buddy.farm/ql/red-diamond-four-of-a-kind/","200","2026-08-27T20:35:35.4064410Z","9","","parsed_no_silver_total","raw/questlines/red-diamond-four-of-a-kind.html","raw/questlines/red-diamond-four-of-a-kind-headers.txt","DB0C3F4EE4AE6E15D1D615A7D78C7B263A81B01A54B1AFE46243952B80405078"
"red diamond full house","Red Diamond Full House","2","https://buddy.farm/ql/red-diamond-full-house/","200","2026-08-27T20:35:44.9649276Z","6","","parsed_no_silver_total","raw/questlines/red-diamond-full-house.html","raw/questlines/red-diamond-full-house-headers.txt","57BD5E332F5F756B18404155C40BE75132D95C8ED5963418F13D457899F92118"
"red diamond high card","Red Diamond High Card","1","https://buddy.farm/ql/red-diamond-high-card/","404","2026-08-27T20:35:51.4783880Z","8","","not_found","raw/questlines/red-diamond-high-card.html","raw/questlines/red-diamond-high-card-headers.txt","4C0DCA3858E7A3EC4BAD0F8230A8004041E0F98D911D145BAEF43B999A7924E6"
"red diamond pair","Red Diamond Pair","2","https://buddy.farm/ql/red-diamond-pair/","200","2026-08-27T20:35:59.8268788Z","8","","parsed_no_silver_total","raw/questlines/red-diamond-pair.html","raw/questlines/red-diamond-pair-headers.txt","291C1F3DF2A3870A6C2F64ED054ECA2440A11BBC20A0D1A9577AE1A4EE99B57D"
"red diamond royal flush","Red Diamond Royal Flush","5","https://buddy.farm/ql/red-diamond-royal-flush/","200","2026-08-27T20:36:08.2938343Z","10","","parsed_no_silver_total","raw/questlines/red-diamond-royal-flush.html","raw/questlines/red-diamond-royal-flush-headers.txt","C6FB6F1041B8350E1BE6C95309D87C6C5286479B7D61B297C9FC44D85BB76494"
"red diamond ruined","Red Diamond Ruined","2","https://buddy.farm/ql/red-diamond-ruined/","200","2026-08-27T20:36:18.7946937Z","6","","parsed_no_silver_total","raw/questlines/red-diamond-ruined.html","raw/questlines/red-diamond-ruined-headers.txt","5B864B15A48CEEF6DBBB0756423EA89A5F6E1441E602C0DF58654FF047797E43"
"red diamond runathon","Red Diamond Runathon","11","https://buddy.farm/ql/red-diamond-runathon/","200","2026-08-27T20:36:25.4293987Z","10","","parsed_no_silver_total","raw/questlines/red-diamond-runathon.html","raw/questlines/red-diamond-runathon-headers.txt","99D7E210E96DE22FBE620BDABF651224C61D7AE76291A8646A35AE7826B54163"
"red diamond straight flush","Red Diamond Straight Flush","5","https://buddy.farm/ql/red-diamond-straight-flush/","200","2026-08-27T20:36:35.9088027Z","8","","parsed_no_silver_total","raw/questlines/red-diamond-straight-flush.html","raw/questlines/red-diamond-straight-flush-headers.txt","E7284AE6521A35AA7B8086E737A4D0FF78F7CCAA1A4C633E4532AF4E70CC51B8"
"red diamond three of a kind","Red Diamond Three of a Kind","3","https://buddy.farm/ql/red-diamond-three-of-a-kind/","200","2026-08-27T20:36:44.4286621Z","9","","parsed_no_silver_total","raw/questlines/red-diamond-three-of-a-kind.html","raw/questlines/red-diamond-three-of-a-kind-headers.txt","B564A662416BE267ECE4D26D82A2831093419908AFD6DCD9DDEC8BA145792198"
"red diamond two pair","Red Diamond Two Pair","2","https://buddy.farm/ql/red-diamond-two-pair/","200","2026-08-27T20:36:54.0163466Z","8","","parsed_no_silver_total","raw/questlines/red-diamond-two-pair.html","raw/questlines/red-diamond-two-pair-headers.txt","9BC9174F83344E6617B0832B7C11587BBF58022AE486CF3455E3FC7E078DD1A1"
"red diamond wild","Red Diamond Wild","1","https://buddy.farm/ql/red-diamond-wild/","404","2026-08-27T20:37:02.5126520Z","8","","not_found","raw/questlines/red-diamond-wild.html","raw/questlines/red-diamond-wild-headers.txt","4C0DCA3858E7A3EC4BAD0F8230A8004041E0F98D911D145BAEF43B999A7924E6"
"reindeer safety program","Reindeer Safety Program","9","https://buddy.farm/ql/reindeer-safety-program/","200","2026-08-27T20:37:10.7929068Z","6","","parsed_no_silver_total","raw/questlines/reindeer-safety-program.html","raw/questlines/reindeer-safety-program-headers.txt","D6AE5B1E845A732AE4D1361C748FCE67D2009038D32A447696A23BEA755273AC"
"reindeer search protocol","Reindeer Search Protocol","1","https://buddy.farm/ql/reindeer-search-protocol/","404","2026-08-27T20:37:17.2441401Z","10","","not_found","raw/questlines/reindeer-search-protocol.html","raw/questlines/reindeer-search-protocol-headers.txt","4C0DCA3858E7A3EC4BAD0F8230A8004041E0F98D911D145BAEF43B999A7924E6"
"relaxing refreshment required","Relaxing Refreshment Required","2","https://buddy.farm/ql/relaxing-refreshment-required/","200","2026-08-27T20:37:27.5316324Z","6","10000","parsed_silver_total","raw/questlines/relaxing-refreshment-required.html","raw/questlines/relaxing-refreshment-required-headers.txt","46D09392B3FED07C11F5D960166AC9E9EDEC00F9599C75F08EBD1A9B6C8E712A"
"remember to be thankful","Remember To Be Thankful","4","https://buddy.farm/ql/remember-to-be-thankful/","200","2026-08-27T20:37:34.1681937Z","7","","parsed_no_silver_total","raw/questlines/remember-to-be-thankful.html","raw/questlines/remember-to-be-thankful-headers.txt","A376A58EDCAEC5F038E975D35E928F393D3CADF188E875C7CDBF570963D7AAA6"
"return our lost friend","Return Our Lost Friend","5","https://buddy.farm/ql/return-our-lost-friend/","200","2026-08-27T20:37:41.7570848Z","10","","parsed_no_silver_total","raw/questlines/return-our-lost-friend.html","raw/questlines/return-our-lost-friend-headers.txt","04526E6A889C7D0DC8D3397293086A6C262E236C9FF14628AD9D49362BD87C0A"
"revenge of the fifth","Revenge Of The Fifth","1","https://buddy.farm/ql/revenge-of-the-fifth/","404","2026-08-27T20:37:52.1639447Z","8","","not_found","raw/questlines/revenge-of-the-fifth.html","raw/questlines/revenge-of-the-fifth-headers.txt","4C0DCA3858E7A3EC4BAD0F8230A8004041E0F98D911D145BAEF43B999A7924E6"
"revenge of the fifth, even fifthier","Revenge of the Fifth, Even Fifthier","1","https://buddy.farm/ql/revenge-of-the-fifth-even-fifthier/","404","2026-08-27T20:38:00.9570318Z","9","","not_found","raw/questlines/revenge-of-the-fifth-even-fifthier.html","raw/questlines/revenge-of-the-fifth-even-fifthier-headers.txt","4C0DCA3858E7A3EC4BAD0F8230A8004041E0F98D911D145BAEF43B999A7924E6"
"ribbetribbetribbetribbet ribbet ribbetcroakribbetribbet<br>ibbetcroakcroakribbet croakcroak ribbet<br>ribbetribbet ribbetribbet ribbetribbet","ribbetribbetribbetribbet ribbet ribbetcroakribbetribbet<br>ibbetcroakcroakribbet croakcroak ribbet<br>ribbetribbet ribbetribbet ribbetribbet","1","https://buddy.farm/ql/ribbetribbetribbetribbet-ribbet-ribbetcroakribbetribbet-br-ibbetcroakcroakribbet-croakcroak-ribbet-br-ribbetribbet-ribbetribbet-ribbetribbet/","404","2026-08-27T20:38:10.2568275Z","7","","not_found","raw/questlines/ribbetribbetribbetribbet-ribbet-ribbetcroakribbetribbet-br-ibbetcroakcroakribbet-croakcroak-ribbet-br-ribbetribbet-ribbetribbet-ribbetribbet.html","raw/questlines/ribbetribbetribbetribbet-ribbet-ribbetcroakribbetribbet-br-ibbetcroakcroakribbet-croakcroak-ribbet-br-ribbetribbet-ribbetribbet-ribbetribbet-headers.txt","4C0DCA3858E7A3EC4BAD0F8230A8004041E0F98D911D145BAEF43B999A7924E6"
"ribbetribbetribbetribbet ribbet ribbetcroakribbetribbet<br>ribbetcroakcroakribbet croakcroak ribbet ribbetribbet","ribbetribbetribbetribbet ribbet ribbetcroakribbetribbet<br>ribbetcroakcroakribbet croakcroak ribbet ribbetribbet","1","https://buddy.farm/ql/ribbetribbetribbetribbet-ribbet-ribbetcroakribbetribbet-br-ribbetcroakcroakribbet-croakcroak-ribbet-ribbetribbet/","404","2026-08-27T20:38:17.5446716Z","9","","not_found","raw/questlines/ribbetribbetribbetribbet-ribbet-ribbetcroakribbetribbet-br-ribbetcroakcroakribbet-croakcroak-ribbet-ribbetribbet.html","raw/questlines/ribbetribbetribbetribbet-ribbet-ribbetcroakribbetribbet-br-ribbetcroakcroakribbet-croakcroak-ribbet-ribbetribbet-headers.txt","4C0DCA3858E7A3EC4BAD0F8230A8004041E0F98D911D145BAEF43B999A7924E6"
"ribbetribbetribbetribbet ribbet ribbetcroakribbetribbet<br>ribbetcroakcroakribbet croakcroak ribbet<br>ribbetribbet ribbetribbet","ribbetribbetribbetribbet ribbet ribbetcroakribbetribbet<br>ribbetcroakcroakribbet croakcroak ribbet<br>ribbetribbet ribbetribbet","1","https://buddy.farm/ql/ribbetribbetribbetribbet-ribbet-ribbetcroakribbetribbet-br-ribbetcroakcroakribbet-croakcroak-ribbet-br-ribbetribbet-ribbetribbet/","404","2026-08-27T20:38:26.8181393Z","9","","not_found","raw/questlines/ribbetribbetribbetribbet-ribbet-ribbetcroakribbetribbet-br-ribbetcroakcroakribbet-croakcroak-ribbet-br-ribbetribbet-ribbetribbet.html","raw/questlines/ribbetribbetribbetribbet-ribbet-ribbetcroakribbetribbet-br-ribbetcroakcroakribbet-croakcroak-ribbet-br-ribbetribbet-ribbetribbet-headers.txt","4C0DCA3858E7A3EC4BAD0F8230A8004041E0F98D911D145BAEF43B999A7924E6"
"ric's embrace falls","Ric's Embrace Falls","1","https://buddy.farm/ql/rics-embrace-falls/","404","2026-08-27T20:38:36.0984940Z","9","","not_found","raw/questlines/rics-embrace-falls.html","raw/questlines/rics-embrace-falls-headers.txt","4C0DCA3858E7A3EC4BAD0F8230A8004041E0F98D911D145BAEF43B999A7924E6"
"ring king","Ring King","5","https://buddy.farm/ql/ring-king/","200","2026-08-27T20:38:45.4014786Z","10","","parsed_no_silver_total","raw/questlines/ring-king.html","raw/questlines/ring-king-headers.txt","7C8043AD5F3AFCE8CD4E3EC84443385DE204A3D9349B4BF75F6B6AD84A3E765E"
"roots of friendship","Roots of Friendship","1","https://buddy.farm/ql/roots-of-friendship/","404","2026-08-27T20:38:55.8550168Z","9","","not_found","raw/questlines/roots-of-friendship.html","raw/questlines/roots-of-friendship-headers.txt","4C0DCA3858E7A3EC4BAD0F8230A8004041E0F98D911D145BAEF43B999A7924E6"
"rumor has it","Rumor Has It","8","https://buddy.farm/ql/rumor-has-it/","200","2026-08-27T20:39:05.1144332Z","10","","ambiguous_missing_total_request","raw/questlines/rumor-has-it.html","raw/questlines/rumor-has-it-headers.txt","1C104BCE981F73A37A82009B055EF3E1FFBBDF81B63D13B4D7EDABC636277CCB"
"salad mix","Salad Mix","1","https://buddy.farm/ql/salad-mix/","404","2026-08-27T20:39:15.5419757Z","6","","not_found","raw/questlines/salad-mix.html","raw/questlines/salad-mix-headers.txt","4C0DCA3858E7A3EC4BAD0F8230A8004041E0F98D911D145BAEF43B999A7924E6"
"sandwich quest","Sandwich Quest","5","https://buddy.farm/ql/sandwich-quest/","200","2026-08-27T20:39:21.8805359Z","10","","parsed_no_silver_total","raw/questlines/sandwich-quest.html","raw/questlines/sandwich-quest-headers.txt","8DBB7677048B935FF6A681986C9FB32E8F3EADB4D5B00248D11EBDCD58BC9A07"
"schoolhouse rocks","Schoolhouse Rocks","11","https://buddy.farm/ql/schoolhouse-rocks/","200","2026-08-27T20:39:32.4068717Z","8","","parsed_no_silver_total","raw/questlines/schoolhouse-rocks.html","raw/questlines/schoolhouse-rocks-headers.txt","CA628905EF62885C8F95FF56DB3E1863949F548DC215D052CFC0FD3B9C63CE50"
"secretly a society summons you","Secretly A Society Summons You","12","https://buddy.farm/ql/secretly-a-society-summons-you/","200","2026-08-27T20:39:40.7491977Z","6","24500000000","parsed_silver_total","raw/questlines/secretly-a-society-summons-you.html","raw/questlines/secretly-a-society-summons-you-headers.txt","254581AF1136F5A46C488F6A514D069F73E245A342A54196486427AEAA7A3244"
"secrets with lorn","Secrets With Lorn","2","https://buddy.farm/ql/secrets-with-lorn/","200","2026-08-27T20:39:47.2140244Z","10","","parsed_no_silver_total","raw/questlines/secrets-with-lorn.html","raw/questlines/secrets-with-lorn-headers.txt","D71068719BD383C08E9CE31C4C2839712045F31BA8ADB8C17DBB7A5AC1C549F2"
"selfishly, thanks","Selfishly, Thanks","1","https://buddy.farm/ql/selfishly-thanks/","404","2026-08-27T20:39:58.0293923Z","9","","not_found","raw/questlines/selfishly-thanks.html","raw/questlines/selfishly-thanks-headers.txt","4C0DCA3858E7A3EC4BAD0F8230A8004041E0F98D911D145BAEF43B999A7924E6"
"serious snow safety","Serious Snow Safety","1","https://buddy.farm/ql/serious-snow-safety/","404","2026-08-27T20:40:07.3414190Z","7","","not_found","raw/questlines/serious-snow-safety.html","raw/questlines/serious-snow-safety-headers.txt","4C0DCA3858E7A3EC4BAD0F8230A8004041E0F98D911D145BAEF43B999A7924E6"
"set sail for pirate's cove","Set Sail for Pirate's Cove","1","https://buddy.farm/ql/set-sail-for-pirates-cove/","404","2026-08-27T20:40:14.5792104Z","10","","not_found","raw/questlines/set-sail-for-pirates-cove.html","raw/questlines/set-sail-for-pirates-cove-headers.txt","4C0DCA3858E7A3EC4BAD0F8230A8004041E0F98D911D145BAEF43B999A7924E6"
"shadow of spring","Shadow of Spring","2","https://buddy.farm/ql/shadow-of-spring/","200","2026-08-27T20:40:24.8622584Z","9","","parsed_no_silver_total","raw/questlines/shadow-of-spring.html","raw/questlines/shadow-of-spring-headers.txt","4338382F203BFB6308787DEA464AD9685A039FACE5C2B1949B0EF0C8C86C48C3"
"shadow's reach","Shadow?s Reach","2","https://buddy.farm/ql/shadow-s-reach/","200","2026-08-27T20:40:34.3897357Z","6","","parsed_no_silver_total","raw/questlines/shadow-s-reach.html","raw/questlines/shadow-s-reach-headers.txt","CBBDF6FBDC7424065A2853FAF8A793C88373A4673CC7FBA391C47E35E250AAAD"
"shark week","Shark Week","4","https://buddy.farm/ql/shark-week/","200","2026-08-27T20:40:40.9312340Z","8","","parsed_no_silver_total","raw/questlines/shark-week.html","raw/questlines/shark-week-headers.txt","AE1784E8609FDEA1EE78AFD06A8AB3C33A09B456DCB7AED6EDE71F2DFEF22524"
"she sells sea shells","She Sells Sea Shells","1","https://buddy.farm/ql/she-sells-sea-shells/","404","2026-08-27T20:40:49.3822710Z","9","","not_found","raw/questlines/she-sells-sea-shells.html","raw/questlines/she-sells-sea-shells-headers.txt","4C0DCA3858E7A3EC4BAD0F8230A8004041E0F98D911D145BAEF43B999A7924E6"
"shell collection attempt two","Shell Collection Attempt Two","7","https://buddy.farm/ql/shell-collection-attempt-two/","200","2026-08-27T20:40:58.6350727Z","9","","parsed_no_silver_total","raw/questlines/shell-collection-attempt-two.html","raw/questlines/shell-collection-attempt-two-headers.txt","88D4DB187FDEF98174A4AAF68C987917AC0926171D13121F773C068D60F68D8F"
"shells hold extraordinary little lives","Shells Hold Extraordinary Little Lives","3","https://buddy.farm/ql/shells-hold-extraordinary-little-lives/","200","2026-08-27T20:41:08.0961435Z","8","","parsed_no_silver_total","raw/questlines/shells-hold-extraordinary-little-lives.html","raw/questlines/shells-hold-extraordinary-little-lives-headers.txt","1ED7F385E57302AEBB570F9BDCB78E4FC130445840E0E09017E9AC4909D8D31C"
"shimmering masterpiece","Shimmering Masterpiece","1","https://buddy.farm/ql/shimmering-masterpiece/","404","2026-08-27T20:41:16.5637462Z","8","","not_found","raw/questlines/shimmering-masterpiece.html","raw/questlines/shimmering-masterpiece-headers.txt","4C0DCA3858E7A3EC4BAD0F8230A8004041E0F98D911D145BAEF43B999A7924E6"
"shiny object","Shiny Object","1","https://buddy.farm/ql/shiny-object/","404","2026-08-27T20:41:24.9330157Z","9","","not_found","raw/questlines/shiny-object.html","raw/questlines/shiny-object-headers.txt","4C0DCA3858E7A3EC4BAD0F8230A8004041E0F98D911D145BAEF43B999A7924E6"
"shipshape decorations","Shipshape Decorations","2","https://buddy.farm/ql/shipshape-decorations/","200","2026-08-27T20:41:34.2166691Z","8","","parsed_no_silver_total","raw/questlines/shipshape-decorations.html","raw/questlines/shipshape-decorations-headers.txt","05595516B54ED51D430F9AD8C7196D068888E2B041A40178EB070BE8A45956E3"
"shipwrecked!","Shipwrecked!","1","https://buddy.farm/ql/shipwrecked/","404","2026-08-27T20:45:07.4682630Z","8","","not_found","raw/questlines/shipwrecked.html","raw/questlines/shipwrecked-headers.txt","4C0DCA3858E7A3EC4BAD0F8230A8004041E0F98D911D145BAEF43B999A7924E6"
"shoveling snow","Shoveling Snow","5","https://buddy.farm/ql/shoveling-snow/","200","2026-08-27T20:45:15.8131160Z","9","","parsed_no_silver_total","raw/questlines/shoveling-snow.html","raw/questlines/shoveling-snow-headers.txt","55B6685AC8BB94DD08634CBF83EEAD68EAD7E2D70883023CA2115C0185493697"
"shoveling snow i -","Shoveling Snow I -","3","https://buddy.farm/ql/shoveling-snow-i/","404","2026-08-27T20:45:25.2861075Z","6","","not_found","raw/questlines/shoveling-snow-i.html","raw/questlines/shoveling-snow-i-headers.txt","4C0DCA3858E7A3EC4BAD0F8230A8004041E0F98D911D145BAEF43B999A7924E6"
"shoveling snow i - a","Shoveling Snow I - A","1","https://buddy.farm/ql/shoveling-snow-i-a/","404","2026-08-27T20:45:31.5628787Z","7","","not_found","raw/questlines/shoveling-snow-i-a.html","raw/questlines/shoveling-snow-i-a-headers.txt","4C0DCA3858E7A3EC4BAD0F8230A8004041E0F98D911D145BAEF43B999A7924E6"
"shoveling snow i - b","Shoveling Snow I - B","1","https://buddy.farm/ql/shoveling-snow-i-b/","404","2026-08-27T20:45:38.8641179Z","6","","not_found","raw/questlines/shoveling-snow-i-b.html","raw/questlines/shoveling-snow-i-b-headers.txt","4C0DCA3858E7A3EC4BAD0F8230A8004041E0F98D911D145BAEF43B999A7924E6"
"shoveling snow i - e","Shoveling Snow I - E","1","https://buddy.farm/ql/shoveling-snow-i-e/","404","2026-08-27T20:45:45.2503943Z","6","","not_found","raw/questlines/shoveling-snow-i-e.html","raw/questlines/shoveling-snow-i-e-headers.txt","4C0DCA3858E7A3EC4BAD0F8230A8004041E0F98D911D145BAEF43B999A7924E6"
"shoveling snow i - f","Shoveling Snow I - F","1","https://buddy.farm/ql/shoveling-snow-i-f/","404","2026-08-27T20:45:51.5255943Z","8","","not_found","raw/questlines/shoveling-snow-i-f.html","raw/questlines/shoveling-snow-i-f-headers.txt","4C0DCA3858E7A3EC4BAD0F8230A8004041E0F98D911D145BAEF43B999A7924E6"
"shoveling snow i - g","Shoveling Snow I - G","1","https://buddy.farm/ql/shoveling-snow-i-g/","404","2026-08-27T20:46:00.2102494Z","6","","not_found","raw/questlines/shoveling-snow-i-g.html","raw/questlines/shoveling-snow-i-g-headers.txt","4C0DCA3858E7A3EC4BAD0F8230A8004041E0F98D911D145BAEF43B999A7924E6"
"shoveling snow i - h","Shoveling Snow I - H","1","https://buddy.farm/ql/shoveling-snow-i-h/","404","2026-08-27T20:46:06.4471726Z","7","","not_found","raw/questlines/shoveling-snow-i-h.html","raw/questlines/shoveling-snow-i-h-headers.txt","4C0DCA3858E7A3EC4BAD0F8230A8004041E0F98D911D145BAEF43B999A7924E6"
"shoveling snow i - j","Shoveling Snow I - J","1","https://buddy.farm/ql/shoveling-snow-i-j/","404","2026-08-27T20:46:13.7306082Z","6","","not_found","raw/questlines/shoveling-snow-i-j.html","raw/questlines/shoveling-snow-i-j-headers.txt","4C0DCA3858E7A3EC4BAD0F8230A8004041E0F98D911D145BAEF43B999A7924E6"
"shoveling snow i - k","Shoveling Snow I - K","1","https://buddy.farm/ql/shoveling-snow-i-k/","404","2026-08-27T20:46:19.9969614Z","6","","not_found","raw/questlines/shoveling-snow-i-k.html","raw/questlines/shoveling-snow-i-k-headers.txt","4C0DCA3858E7A3EC4BAD0F8230A8004041E0F98D911D145BAEF43B999A7924E6"
"shoveling snow ii -","Shoveling Snow II -","1","https://buddy.farm/ql/shoveling-snow-ii/","404","2026-08-27T20:46:26.2835428Z","10","","not_found","raw/questlines/shoveling-snow-ii.html","raw/questlines/shoveling-snow-ii-headers.txt","4C0DCA3858E7A3EC4BAD0F8230A8004041E0F98D911D145BAEF43B999A7924E6"
"shoveling snow ii - a","Shoveling Snow II - A","1","https://buddy.farm/ql/shoveling-snow-ii-a/","404","2026-08-27T20:46:36.5646283Z","8","","not_found","raw/questlines/shoveling-snow-ii-a.html","raw/questlines/shoveling-snow-ii-a-headers.txt","4C0DCA3858E7A3EC4BAD0F8230A8004041E0F98D911D145BAEF43B999A7924E6"
"shoveling snow ii - b","Shoveling Snow II - B","1","https://buddy.farm/ql/shoveling-snow-ii-b/","404","2026-08-27T20:46:44.8358420Z","6","","not_found","raw/questlines/shoveling-snow-ii-b.html","raw/questlines/shoveling-snow-ii-b-headers.txt","4C0DCA3858E7A3EC4BAD0F8230A8004041E0F98D911D145BAEF43B999A7924E6"
"shoveling snow iii -","Shoveling Snow III -","1","https://buddy.farm/ql/shoveling-snow-iii/","404","2026-08-27T20:46:51.1052333Z","9","","not_found","raw/questlines/shoveling-snow-iii.html","raw/questlines/shoveling-snow-iii-headers.txt","4C0DCA3858E7A3EC4BAD0F8230A8004041E0F98D911D145BAEF43B999A7924E6"
"shoveling snow iii - a","Shoveling Snow III - A","1","https://buddy.farm/ql/shoveling-snow-iii-a/","404","2026-08-27T20:47:00.3436279Z","9","","not_found","raw/questlines/shoveling-snow-iii-a.html","raw/questlines/shoveling-snow-iii-a-headers.txt","4C0DCA3858E7A3EC4BAD0F8230A8004041E0F98D911D145BAEF43B999A7924E6"
"shoveling snow iii - b","Shoveling Snow III - B","1","https://buddy.farm/ql/shoveling-snow-iii-b/","404","2026-08-27T20:47:09.6366768Z","8","","not_found","raw/questlines/shoveling-snow-iii-b.html","raw/questlines/shoveling-snow-iii-b-headers.txt","4C0DCA3858E7A3EC4BAD0F8230A8004041E0F98D911D145BAEF43B999A7924E6"
"shoveling snow iv -","Shoveling Snow IV -","1","https://buddy.farm/ql/shoveling-snow-iv/","404","2026-08-27T20:47:17.9184998Z","9","","not_found","raw/questlines/shoveling-snow-iv.html","raw/questlines/shoveling-snow-iv-headers.txt","4C0DCA3858E7A3EC4BAD0F8230A8004041E0F98D911D145BAEF43B999A7924E6"
"shoveling snow iv - a","Shoveling Snow IV - A","1","https://buddy.farm/ql/shoveling-snow-iv-a/","404","2026-08-27T20:47:27.1624964Z","8","","not_found","raw/questlines/shoveling-snow-iv-a.html","raw/questlines/shoveling-snow-iv-a-headers.txt","4C0DCA3858E7A3EC4BAD0F8230A8004041E0F98D911D145BAEF43B999A7924E6"
"shoveling snow iv - b","Shoveling Snow IV - B","1","https://buddy.farm/ql/shoveling-snow-iv-b/","404","2026-08-27T20:47:35.4283171Z","7","","not_found","raw/questlines/shoveling-snow-iv-b.html","raw/questlines/shoveling-snow-iv-b-headers.txt","4C0DCA3858E7A3EC4BAD0F8230A8004041E0F98D911D145BAEF43B999A7924E6"
"shoveling snow v - a","Shoveling Snow V - A","1","https://buddy.farm/ql/shoveling-snow-v-a/","404","2026-08-27T20:47:42.9270468Z","6","","not_found","raw/questlines/shoveling-snow-v-a.html","raw/questlines/shoveling-snow-v-a-headers.txt","4C0DCA3858E7A3EC4BAD0F8230A8004041E0F98D911D145BAEF43B999A7924E6"
"shoveling snow v - b","Shoveling Snow V - B","1","https://buddy.farm/ql/shoveling-snow-v-b/","404","2026-08-27T20:47:49.7067001Z","8","","not_found","raw/questlines/shoveling-snow-v-b.html","raw/questlines/shoveling-snow-v-b-headers.txt","4C0DCA3858E7A3EC4BAD0F8230A8004041E0F98D911D145BAEF43B999A7924E6"
"silo duo","Silo Duo","2","https://buddy.farm/ql/silo-duo/","200","2026-08-27T20:47:57.9766061Z","8","","parsed_no_silver_total","raw/questlines/silo-duo.html","raw/questlines/silo-duo-headers.txt","747CEFB8DB49D11A9E5E29F0A795AD952A939C9F1B165C209172D80CB736937B"
"so hot right now","So Hot Right Now","9","https://buddy.farm/ql/so-hot-right-now/","200","2026-08-27T20:48:06.4270949Z","8","","parsed_no_silver_total","raw/questlines/so-hot-right-now.html","raw/questlines/so-hot-right-now-headers.txt","8E9BE70E583B8FFC6AB64EBC51C5A2A10ED7FE3DB5B6220D23576A98A00C358F"
"sound unstable","Sound Unstable","5","https://buddy.farm/ql/sound-unstable/","200","2026-08-27T20:48:15.7964962Z","10","","parsed_no_silver_total","raw/questlines/sound-unstable.html","raw/questlines/sound-unstable-headers.txt","45D3E7729121D6471154922D986F5C65883C4DEC6EED7C96A23A236612D1A4CE"
"spellbound","Spellbound","1","https://buddy.farm/ql/spellbound/","404","2026-08-27T20:48:26.3180117Z","6","","not_found","raw/questlines/spellbound.html","raw/questlines/spellbound-headers.txt","4C0DCA3858E7A3EC4BAD0F8230A8004041E0F98D911D145BAEF43B999A7924E6"
"spirit of the cards","Spirit of the Cards","5","https://buddy.farm/ql/spirit-of-the-cards/","200","2026-08-27T20:48:32.5929017Z","7","","parsed_no_silver_total","raw/questlines/spirit-of-the-cards.html","raw/questlines/spirit-of-the-cards-headers.txt","B4B29AEA061FF9CAAD0F21BC182DAC55DAF8514252938F2E05BE79ED6156C062"
"spooky exchanges","Spooky Exchanges","5","https://buddy.farm/ql/spooky-exchanges/","200","2026-08-27T20:48:40.0615299Z","7","","parsed_no_silver_total","raw/questlines/spooky-exchanges.html","raw/questlines/spooky-exchanges-headers.txt","AC88B0D7B9D5CF2B0653CD00916F4A805DE81AF4A46710E821DC0C7C538D52A2"
"sprung forth","Sprung Forth","0","https://buddy.farm/ql/sprung-forth/","200","2026-08-27T20:48:47.5839128Z","0","","parsed_no_silver_total","raw/questlines/sprung-forth.html","raw/questlines/sprung-forth-headers.txt","EA27199FC947EE2959C7CD3A9B41E9B184E557DFEDB9BF36CC5C30797221116D"
"squirrel problems","Squirrel Problems","1","https://buddy.farm/ql/squirrel-problems/","200","2026-08-27T20:48:47.6647596Z","8","","parsed_no_silver_total","raw/questlines/squirrel-problems.html","raw/questlines/squirrel-problems-headers.txt","D64C9C3A8C1D86A2B33FBBB2855A2172BDB4FE02D919223D02C7AD0633704C07"
"starting to actually realize magic ain't pretty","Starting To Actually Realize Magic Ain't Pretty","12","https://buddy.farm/ql/starting-to-actually-realize-magic-aint-pretty/","404","2026-08-27T20:48:56.1240077Z","6","","not_found","raw/questlines/starting-to-actually-realize-magic-aint-pretty.html","raw/questlines/starting-to-actually-realize-magic-aint-pretty-headers.txt","4C0DCA3858E7A3EC4BAD0F8230A8004041E0F98D911D145BAEF43B999A7924E6"
"steam powered","Steam Powered","4","https://buddy.farm/ql/steam-powered/","200","2026-08-27T20:49:02.3652257Z","8","","parsed_no_silver_total","raw/questlines/steam-powered.html","raw/questlines/steam-powered-headers.txt","2584E269E2B20AE79FDBADA3CE383C90C505F9D333170EEA4E1AFA207228F587"
"steam powered 2: episode 1","Steam Powered 2: Episode 1","1","https://buddy.farm/ql/steam-powered-2-episode-1/","404","2026-08-27T20:49:10.8667492Z","10","","not_found","raw/questlines/steam-powered-2-episode-1.html","raw/questlines/steam-powered-2-episode-1-headers.txt","4C0DCA3858E7A3EC4BAD0F8230A8004041E0F98D911D145BAEF43B999A7924E6"
"steam powered 2: episode 2","Steam Powered 2: Episode 2","1","https://buddy.farm/ql/steam-powered-2-episode-2/","404","2026-08-27T20:49:21.1214056Z","8","","not_found","raw/questlines/steam-powered-2-episode-2.html","raw/questlines/steam-powered-2-episode-2-headers.txt","4C0DCA3858E7A3EC4BAD0F8230A8004041E0F98D911D145BAEF43B999A7924E6"
"stickiness of friendship","Stickiness of Friendship","1","https://buddy.farm/ql/stickiness-of-friendship/","200","2026-08-27T20:49:29.4134174Z","8","","ambiguous_missing_total_request","raw/questlines/stickiness-of-friendship.html","raw/questlines/stickiness-of-friendship-headers.txt","244F7C39A5A6B9E637F008D9513082D5A50FC6F7C061FD98C7B55251538E274E"
"stinky bait","Stinky Bait","1","https://buddy.farm/ql/stinky-bait/","404","2026-08-27T20:49:37.8888950Z","7","","not_found","raw/questlines/stinky-bait.html","raw/questlines/stinky-bait-headers.txt","4C0DCA3858E7A3EC4BAD0F8230A8004041E0F98D911D145BAEF43B999A7924E6"
"strange companions","Strange Companions","40","https://buddy.farm/ql/strange-companions/","200","2026-08-27T20:49:45.1658262Z","9","","parsed_no_silver_total","raw/questlines/strange-companions.html","raw/questlines/strange-companions-headers.txt","6A96908362A342FA298EACE56DE1F790815032E5F5D33B129403A5D04D8E29C6"
"strange currency","Strange Currency","4","https://buddy.farm/ql/strange-currency/","200","2026-08-27T20:49:54.8985918Z","9","","parsed_no_silver_total","raw/questlines/strange-currency.html","raw/questlines/strange-currency-headers.txt","EC4A85B7B5CD01012023B5852F7772792EF4F6DF12D5E19D3E18AB920734F15A"
"strange stones","Strange Stones","10","https://buddy.farm/ql/strange-stones/","200","2026-08-27T20:50:04.6813333Z","6","","parsed_no_silver_total","raw/questlines/strange-stones.html","raw/questlines/strange-stones-headers.txt","A982027A15ADA70FDDFEF3EC6A403F79917EBE5B93D6769B145421ACBD366211"
"strange stones exigent","Strange Stones Exigent","1","https://buddy.farm/ql/strange-stones-exigent/","404","2026-08-27T20:50:11.2400444Z","6","","not_found","raw/questlines/strange-stones-exigent.html","raw/questlines/strange-stones-exigent-headers.txt","4C0DCA3858E7A3EC4BAD0F8230A8004041E0F98D911D145BAEF43B999A7924E6"
"summer festival","Summer Festival","1","https://buddy.farm/ql/summer-festival/","404","2026-08-27T20:50:17.5157620Z","10","","not_found","raw/questlines/summer-festival.html","raw/questlines/summer-festival-headers.txt","4C0DCA3858E7A3EC4BAD0F8230A8004041E0F98D911D145BAEF43B999A7924E6"
"summer lessons in science","Summer Lessons in Science","7","https://buddy.farm/ql/summer-lessons-in-science/","200","2026-08-27T20:50:27.9783399Z","8","","parsed_no_silver_total","raw/questlines/summer-lessons-in-science.html","raw/questlines/summer-lessons-in-science-headers.txt","836B71D7269A0EC2970A9862CB3E8C9A01CB26579AF15D4652918106F25078DF"
"sunblock","Sunblock","9","https://buddy.farm/ql/sunblock/","200","2026-08-27T20:50:36.6133324Z","8","","parsed_no_silver_total","raw/questlines/sunblock.html","raw/questlines/sunblock-headers.txt","A3429722BD945115F0AD192AB6462AF645A4933CCAF3026259DFC1B1B6B0A7CE"
"super calamari","Super Calamari","1","https://buddy.farm/ql/super-calamari/","404","2026-08-27T20:50:45.1286819Z","10","","not_found","raw/questlines/super-calamari.html","raw/questlines/super-calamari-headers.txt","4C0DCA3858E7A3EC4BAD0F8230A8004041E0F98D911D145BAEF43B999A7924E6"
"super fun fart goo substance","Super Fun Fart Goo Substance","2","https://buddy.farm/ql/super-fun-fart-goo-substance/","200","2026-08-27T20:50:55.3839494Z","10","","parsed_no_silver_total","raw/questlines/super-fun-fart-goo-substance.html","raw/questlines/super-fun-fart-goo-substance-headers.txt","C23FAE6560F034AEE7FF303009A42B9FFB08EE7A5CFD8CFB920319499C21C835"
"sweet days of summer","Sweet Days of Summer","2","https://buddy.farm/ql/sweet-days-of-summer/","200","2026-08-27T20:51:05.8652936Z","6","","ambiguous_missing_total_request","raw/questlines/sweet-days-of-summer.html","raw/questlines/sweet-days-of-summer-headers.txt","F4FF86E9BA3093F470E041FEEEA4FA10545E67EFB592AC3ECBEBC9F7BBB491F2"
"sweet dreams","Sweet Dreams","1","https://buddy.farm/ql/sweet-dreams/","404","2026-08-27T20:51:12.7631830Z","10","","not_found","raw/questlines/sweet-dreams.html","raw/questlines/sweet-dreams-headers.txt","4C0DCA3858E7A3EC4BAD0F8230A8004041E0F98D911D145BAEF43B999A7924E6"
"sweet tooth","Sweet Tooth","3","https://buddy.farm/ql/sweet-tooth/","200","2026-08-27T20:51:23.0932715Z","6","","parsed_no_silver_total","raw/questlines/sweet-tooth.html","raw/questlines/sweet-tooth-headers.txt","9DC9FF4BC23F2CEA17FAAEFDA1CECCB3E7EEEA49CB283CA23CB874E5974EC1B8"
"take a day off","Take a Day Off","1","https://buddy.farm/ql/take-a-day-off/","404","2026-08-27T20:51:29.5432948Z","9","","not_found","raw/questlines/take-a-day-off.html","raw/questlines/take-a-day-off-headers.txt","4C0DCA3858E7A3EC4BAD0F8230A8004041E0F98D911D145BAEF43B999A7924E6"
"take this.","Take this.","1","https://buddy.farm/ql/take-this/","404","2026-08-27T20:51:38.8228422Z","7","","not_found","raw/questlines/take-this.html","raw/questlines/take-this-headers.txt","4C0DCA3858E7A3EC4BAD0F8230A8004041E0F98D911D145BAEF43B999A7924E6"
"tales from the great logs","Tales From The Great Logs","1","https://buddy.farm/ql/tales-from-the-great-logs/","200","2026-08-27T20:51:46.0721458Z","6","","parsed_no_silver_total","raw/questlines/tales-from-the-great-logs.html","raw/questlines/tales-from-the-great-logs-headers.txt","B2FF6E9ABB80C4E2902C1046C0B6B68E34C9BE5F34B672306600332C172E0334"
"tell-tale beat","Tell-Tale Beat","3","https://buddy.farm/ql/tell-tale-beat/","200","2026-08-27T20:51:52.5680567Z","7","","parsed_no_silver_total","raw/questlines/tell-tale-beat.html","raw/questlines/tell-tale-beat-headers.txt","CA76D0EDBB90294AC9EA9EDB74DEAF4BB0C10D076CAAD4692EDFAAF39EA8113D"
"temporary prankster","Temporary Prankster","3","https://buddy.farm/ql/temporary-prankster/","200","2026-08-27T20:52:00.0524657Z","9","","parsed_no_silver_total","raw/questlines/temporary-prankster.html","raw/questlines/temporary-prankster-headers.txt","BA0EF74181F0EB688EAA070A64FB9F4D31F91C45CB075691AA20E02E9ED7AF23"
"testing excellence","Testing Excellence","1","https://buddy.farm/ql/testing-excellence/","404","2026-08-27T20:52:09.4891859Z","6","","not_found","raw/questlines/testing-excellence.html","raw/questlines/testing-excellence-headers.txt","4C0DCA3858E7A3EC4BAD0F8230A8004041E0F98D911D145BAEF43B999A7924E6"
"thank you!","Thank You!","1","https://buddy.farm/ql/thank-you/","404","2026-08-27T20:52:15.7704889Z","7","","not_found","raw/questlines/thank-you.html","raw/questlines/thank-you-headers.txt","4C0DCA3858E7A3EC4BAD0F8230A8004041E0F98D911D145BAEF43B999A7924E6"
"than-key-ful for sales","Than-key-ful For Sales","1","https://buddy.farm/ql/than-key-ful-for-sales/","404","2026-08-27T20:52:23.0455781Z","6","","not_found","raw/questlines/than-key-ful-for-sales.html","raw/questlines/than-key-ful-for-sales-headers.txt","4C0DCA3858E7A3EC4BAD0F8230A8004041E0F98D911D145BAEF43B999A7924E6"
"thankful and hungry","Thankful and Hungry","1","https://buddy.farm/ql/thankful-and-hungry/","404","2026-08-27T20:52:29.3560556Z","9","","not_found","raw/questlines/thankful-and-hungry.html","raw/questlines/thankful-and-hungry-headers.txt","4C0DCA3858E7A3EC4BAD0F8230A8004041E0F98D911D145BAEF43B999A7924E6"
"thankful for fish","Thankful For Fish","1","https://buddy.farm/ql/thankful-for-fish/","404","2026-08-27T20:52:38.6677810Z","6","","not_found","raw/questlines/thankful-for-fish.html","raw/questlines/thankful-for-fish-headers.txt","4C0DCA3858E7A3EC4BAD0F8230A8004041E0F98D911D145BAEF43B999A7924E6"
"thankful for wisdom","Thankful For Wisdom","1","https://buddy.farm/ql/thankful-for-wisdom/","404","2026-08-27T20:52:44.9501188Z","8","","not_found","raw/questlines/thankful-for-wisdom.html","raw/questlines/thankful-for-wisdom-headers.txt","4C0DCA3858E7A3EC4BAD0F8230A8004041E0F98D911D145BAEF43B999A7924E6"
"thankfully a horse","Thankfully A Horse","1","https://buddy.farm/ql/thankfully-a-horse/","404","2026-08-27T20:52:53.2260720Z","9","","not_found","raw/questlines/thankfully-a-horse.html","raw/questlines/thankfully-a-horse-headers.txt","4C0DCA3858E7A3EC4BAD0F8230A8004041E0F98D911D145BAEF43B999A7924E6"
"thankfully curious","Thankfully Curious","1","https://buddy.farm/ql/thankfully-curious/","404","2026-08-27T20:53:02.5830797Z","7","","not_found","raw/questlines/thankfully-curious.html","raw/questlines/thankfully-curious-headers.txt","4C0DCA3858E7A3EC4BAD0F8230A8004041E0F98D911D145BAEF43B999A7924E6"
"thankfully friendly","Thankfully Friendly","1","https://buddy.farm/ql/thankfully-friendly/","404","2026-08-27T20:53:09.8961714Z","6","","not_found","raw/questlines/thankfully-friendly.html","raw/questlines/thankfully-friendly-headers.txt","4C0DCA3858E7A3EC4BAD0F8230A8004041E0F98D911D145BAEF43B999A7924E6"
"thankfully in love","Thankfully In Love","1","https://buddy.farm/ql/thankfully-in-love/","404","2026-08-27T20:53:16.8082379Z","7","","not_found","raw/questlines/thankfully-in-love.html","raw/questlines/thankfully-in-love-headers.txt","4C0DCA3858E7A3EC4BAD0F8230A8004041E0F98D911D145BAEF43B999A7924E6"
"thankfully treacherous","Thankfully Treacherous","1","https://buddy.farm/ql/thankfully-treacherous/","404","2026-08-27T20:53:24.1212254Z","9","","not_found","raw/questlines/thankfully-treacherous.html","raw/questlines/thankfully-treacherous-headers.txt","4C0DCA3858E7A3EC4BAD0F8230A8004041E0F98D911D145BAEF43B999A7924E6"
"that which hat bewitches witches and wizards","That Which Hat Bewitches Witches And Wizards","5","https://buddy.farm/ql/that-which-hat-bewitches-witches-and-wizards/","200","2026-08-27T20:53:33.4289953Z","8","","parsed_no_silver_total","raw/questlines/that-which-hat-bewitches-witches-and-wizards.html","raw/questlines/that-which-hat-bewitches-witches-and-wizards-headers.txt","F69799A72F92C2E6F6A43027BFC997FD6E30275FD4E9F77B2D55F12858703FDD"
"the big cleanup","The Big Cleanup","2","https://buddy.farm/ql/the-big-cleanup/","200","2026-08-27T20:53:41.9027034Z","8","","parsed_no_silver_total","raw/questlines/the-big-cleanup.html","raw/questlines/the-big-cleanup-headers.txt","0F2ECF8861F99BA65DCAEAD0BDB5FC415595A029D7BB8B29A4AF6CE67413C4F0"
"the collector","The Collector","1","https://buddy.farm/ql/the-collector/","404","2026-08-27T20:53:50.3529883Z","9","","not_found","raw/questlines/the-collector.html","raw/questlines/the-collector-headers.txt","4C0DCA3858E7A3EC4BAD0F8230A8004041E0F98D911D145BAEF43B999A7924E6"
"the collector - gold crab","The Collector - Gold Crab","1","https://buddy.farm/ql/the-collector-gold-crab/","404","2026-08-27T20:53:59.6067460Z","10","","not_found","raw/questlines/the-collector-gold-crab.html","raw/questlines/the-collector-gold-crab-headers.txt","4C0DCA3858E7A3EC4BAD0F8230A8004041E0F98D911D145BAEF43B999A7924E6"
"the collector - goldfish","The Collector - Goldfish","1","https://buddy.farm/ql/the-collector-goldfish/","404","2026-08-27T20:54:09.9395534Z","9","","not_found","raw/questlines/the-collector-goldfish.html","raw/questlines/the-collector-goldfish-headers.txt","4C0DCA3858E7A3EC4BAD0F8230A8004041E0F98D911D145BAEF43B999A7924E6"
"the collector - large clam shell","The Collector - Large Clam Shell","1","https://buddy.farm/ql/the-collector-large-clam-shell/","404","2026-08-27T20:54:19.2241526Z","8","","not_found","raw/questlines/the-collector-large-clam-shell.html","raw/questlines/the-collector-large-clam-shell-headers.txt","4C0DCA3858E7A3EC4BAD0F8230A8004041E0F98D911D145BAEF43B999A7924E6"
"the collector - shinefish","The Collector - Shinefish","1","https://buddy.farm/ql/the-collector-shinefish/","404","2026-08-27T20:54:27.4967335Z","10","","not_found","raw/questlines/the-collector-shinefish.html","raw/questlines/the-collector-shinefish-headers.txt","4C0DCA3858E7A3EC4BAD0F8230A8004041E0F98D911D145BAEF43B999A7924E6"
"the elusiveness of freedom","The Elusiveness of Freedom","1","https://buddy.farm/ql/the-elusiveness-of-freedom/","404","2026-08-27T20:54:37.7461727Z","9","","not_found","raw/questlines/the-elusiveness-of-freedom.html","raw/questlines/the-elusiveness-of-freedom-headers.txt","4C0DCA3858E7A3EC4BAD0F8230A8004041E0F98D911D145BAEF43B999A7924E6"
"the fall of water","The Fall of Water","6","https://buddy.farm/ql/the-fall-of-water/","200","2026-08-27T20:54:46.9835321Z","10","","parsed_no_silver_total","raw/questlines/the-fall-of-water.html","raw/questlines/the-fall-of-water-headers.txt","B52F7DB97C5769AFB8168E3B10448D1329569482814CB4FCD531F9CE0580430A"
"the great hunt","The Great Hunt","7","https://buddy.farm/ql/the-great-hunt/","200","2026-08-27T20:54:57.3221309Z","7","","parsed_no_silver_total","raw/questlines/the-great-hunt.html","raw/questlines/the-great-hunt-headers.txt","BD6109C38D6D70BAB4D4FCF741FAA80AC887AC695C97180DCDD2A31BEFC2CC74"
"the greater good","The Greater Good","4","https://buddy.farm/ql/the-greater-good/","200","2026-08-27T20:55:04.8629694Z","7","28996","parsed_silver_total","raw/questlines/the-greater-good.html","raw/questlines/the-greater-good-headers.txt","93A22C17C19EF238A6DFC55CB474D2835FB7F997F3EDD0C028DBE75ABD93A483"
"the hardest apples to reach","The Hardest Apples To Reach","2","https://buddy.farm/ql/the-hardest-apples-to-reach/","200","2026-08-27T20:55:12.7442043Z","10","","parsed_no_silver_total","raw/questlines/the-hardest-apples-to-reach.html","raw/questlines/the-hardest-apples-to-reach-headers.txt","8611982640DF6DEB2C1F03BDF7E7AAA743AEA465298D84BA36A5F0EB352C7567"
"the hat which makes the magic","The Hat Which Makes The Magic","4","https://buddy.farm/ql/the-hat-which-makes-the-magic/","200","2026-08-27T20:55:23.4682176Z","9","","parsed_no_silver_total","raw/questlines/the-hat-which-makes-the-magic.html","raw/questlines/the-hat-which-makes-the-magic-headers.txt","A1E83EA8F282131438D1511D6082D05908563B4771E147F62E6A6764934A13C5"
"the heat makes it hotter","The Heat Makes It Hotter","10","https://buddy.farm/ql/the-heat-makes-it-hotter/","200","2026-08-27T20:55:32.9163958Z","10","","parsed_no_silver_total","raw/questlines/the-heat-makes-it-hotter.html","raw/questlines/the-heat-makes-it-hotter-headers.txt","80EB04A8DBAAA8CBCD0AE641C0D73AA198AF287869C164A11517CB237F9F607A"
"the light continues","The Light Continues","2","https://buddy.farm/ql/the-light-continues/","200","2026-08-27T20:55:43.2260742Z","10","","parsed_no_silver_total","raw/questlines/the-light-continues.html","raw/questlines/the-light-continues-headers.txt","445A1C1DC4B757EECADB384C2B647D457CF96B898CD4735FED50F2525E377ADF"
"the masonry requires action","The Masonry Requires Action","1","https://buddy.farm/ql/the-masonry-requires-action/","200","2026-08-27T20:55:53.7160577Z","7","","parsed_no_silver_total","raw/questlines/the-masonry-requires-action.html","raw/questlines/the-masonry-requires-action-headers.txt","D21E69CB5D7FCAC6CCDBA7078D9B34991D8B25F594B1FEC275EC60EF4BB0B186"
"the masonry requires activity","The Masonry Requires Activity","1","https://buddy.farm/ql/the-masonry-requires-activity/","200","2026-08-27T20:56:01.1880591Z","9","","parsed_no_silver_total","raw/questlines/the-masonry-requires-activity.html","raw/questlines/the-masonry-requires-activity-headers.txt","0E527955913752E82F46F7FF002C77C94427036B27A9A385F8FEEE1943CD7670"
"the masonry requires attention","The Masonry Requires Attention","1","https://buddy.farm/ql/the-masonry-requires-attention/","200","2026-08-27T20:56:10.5835569Z","10","","parsed_no_silver_total","raw/questlines/the-masonry-requires-attention.html","raw/questlines/the-masonry-requires-attention-headers.txt","9C1B18B96DF58D15A7443B080C35AEC5E24D9F83B8FA92F2F6C3B898FEAE357F"
"the mystery triangle","The Mystery Triangle","2","https://buddy.farm/ql/the-mystery-triangle/","200","2026-08-27T20:56:21.0846231Z","9","","parsed_no_silver_total","raw/questlines/the-mystery-triangle.html","raw/questlines/the-mystery-triangle-headers.txt","F51CF3158CDE95E8D3E9CE75FF3EBB851939A22B5A8D927D4CE34F53E5CDC48B"
"the neighs have it","The Neighs Have It","1","https://buddy.farm/ql/the-neighs-have-it/","404","2026-08-27T20:56:30.5411000Z","10","","not_found","raw/questlines/the-neighs-have-it.html","raw/questlines/the-neighs-have-it-headers.txt","4C0DCA3858E7A3EC4BAD0F8230A8004041E0F98D911D145BAEF43B999A7924E6"
"the otipeg line","The Otipeg Line","4","https://buddy.farm/ql/the-otipeg-line/","200","2026-08-27T20:56:40.8306469Z","9","","parsed_no_silver_total","raw/questlines/the-otipeg-line.html","raw/questlines/the-otipeg-line-headers.txt","81244737D8481AD935E57FBEF42CD2DD49FBCAC3552363169113B9C22677B827"
"the ramparts mended anew","The Ramparts Mended Anew","1","https://buddy.farm/ql/the-ramparts-mended-anew/","200","2026-08-27T20:56:50.2968455Z","6","","parsed_no_silver_total","raw/questlines/the-ramparts-mended-anew.html","raw/questlines/the-ramparts-mended-anew-headers.txt","E98FCD2E9295C277000B528D2691B43E9BE678682FFF414A72E9DD63ADF02E4A"
"the right snacks","The Right Snacks","3","https://buddy.farm/ql/the-right-snacks/","200","2026-08-27T20:56:56.7411228Z","7","","parsed_no_silver_total","raw/questlines/the-right-snacks.html","raw/questlines/the-right-snacks-headers.txt","86A6233FC06CA786C5F4CF8C8D9FEFB5AFF4669F09A209A2B83373528072097E"
"the rocket's red glare","The Rocket?s Red Glare","12","https://buddy.farm/ql/the-rocket-s-red-glare/","200","2026-08-27T20:57:04.2284791Z","8","","parsed_no_silver_total","raw/questlines/the-rocket-s-red-glare.html","raw/questlines/the-rocket-s-red-glare-headers.txt","68E0B202399819DBF7C4572DB61E22AE6B34A3E0D68B38B8C08FA719BE7A8F90"
"the smell of a fun guy","The Smell of a Fun Guy","10","https://buddy.farm/ql/the-smell-of-a-fun-guy/","200","2026-08-27T20:57:12.6962632Z","10","","parsed_no_silver_total","raw/questlines/the-smell-of-a-fun-guy.html","raw/questlines/the-smell-of-a-fun-guy-headers.txt","EB67BFE00A788F686B4E6E2F82E16687960FB060FB9D53FC2F9B25C7262CD712"
"the void and you","The Void and You","4","https://buddy.farm/ql/the-void-and-you/","200","2026-08-27T20:57:23.0652625Z","8","","parsed_no_silver_total","raw/questlines/the-void-and-you.html","raw/questlines/the-void-and-you-headers.txt","8CDB978A520F4F3901B67A415C72EC3608AD8B3FDEF13413E285C3D28D0A6195"
"the wind beneath my wings","The Wind Beneath My Wings","6","https://buddy.farm/ql/the-wind-beneath-my-wings/","200","2026-08-27T20:57:31.5034043Z","9","","parsed_no_silver_total","raw/questlines/the-wind-beneath-my-wings.html","raw/questlines/the-wind-beneath-my-wings-headers.txt","803E51CEADBDC2927BA90048A60981DEB991E5C1947A9604C2C923B42B429280"
"the young and the mareless","The Young and the Mareless","1","https://buddy.farm/ql/the-young-and-the-mareless/","200","2026-08-27T20:57:40.9874595Z","7","","parsed_no_silver_total","raw/questlines/the-young-and-the-mareless.html","raw/questlines/the-young-and-the-mareless-headers.txt","BD6CC838D577FD2B4CE54D68B9E03B55DE9FD646B9FE9F9E6EF87AEDEFC08398"
"themed crop labels","Themed Crop Labels","1","https://buddy.farm/ql/themed-crop-labels/","404","2026-08-27T20:57:49.2670026Z","6","","not_found","raw/questlines/themed-crop-labels.html","raw/questlines/themed-crop-labels-headers.txt","4C0DCA3858E7A3EC4BAD0F8230A8004041E0F98D911D145BAEF43B999A7924E6"
"there's a way","There?s A Way","8","https://buddy.farm/ql/there-s-a-way/","200","2026-08-27T20:57:55.5553898Z","6","","parsed_no_silver_total","raw/questlines/there-s-a-way.html","raw/questlines/there-s-a-way-headers.txt","B89E13A31B501C6C3F5F4DFF621D7221614C6C1CFF25CD2B64C31168CAC68F0F"
"thirst for exploring","Thirst for Exploring","1","https://buddy.farm/ql/thirst-for-exploring/","404","2026-08-27T20:58:02.0156546Z","7","","not_found","raw/questlines/thirst-for-exploring.html","raw/questlines/thirst-for-exploring-headers.txt","4C0DCA3858E7A3EC4BAD0F8230A8004041E0F98D911D145BAEF43B999A7924E6"
"thomas' tea party","Thomas' Tea Party","1","https://buddy.farm/ql/thomas-tea-party/","404","2026-08-27T20:58:09.3988978Z","9","","not_found","raw/questlines/thomas-tea-party.html","raw/questlines/thomas-tea-party-headers.txt","4C0DCA3858E7A3EC4BAD0F8230A8004041E0F98D911D145BAEF43B999A7924E6"
"threads of music","Threads of Music","3","https://buddy.farm/ql/threads-of-music/","200","2026-08-27T20:58:18.6727205Z","10","","parsed_no_silver_total","raw/questlines/threads-of-music.html","raw/questlines/threads-of-music-headers.txt","21083A5280CC2B2C7555272B16EDE192B10384E610B8B6A04C2A427055CD1E49"
"time is of the essence","Time is of the Essence","1","https://buddy.farm/ql/time-is-of-the-essence/","404","2026-08-27T20:58:29.1397520Z","10","","not_found","raw/questlines/time-is-of-the-essence.html","raw/questlines/time-is-of-the-essence-headers.txt","4C0DCA3858E7A3EC4BAD0F8230A8004041E0F98D911D145BAEF43B999A7924E6"
"to quench the worst thirst","To Quench The Worst Thirst","8","https://buddy.farm/ql/to-quench-the-worst-thirst/","200","2026-08-27T20:58:39.4106253Z","10","","parsed_no_silver_total","raw/questlines/to-quench-the-worst-thirst.html","raw/questlines/to-quench-the-worst-thirst-headers.txt","426FB55A615931AC98CE7B15F169A5626443452D37424E9CA382D9040DDBF28B"
"to ride a horse","To Ride A Horse","1","https://buddy.farm/ql/to-ride-a-horse/","404","2026-08-27T20:58:49.9005436Z","7","","not_found","raw/questlines/to-ride-a-horse.html","raw/questlines/to-ride-a-horse-headers.txt","4C0DCA3858E7A3EC4BAD0F8230A8004041E0F98D911D145BAEF43B999A7924E6"
"toil and trouble","Toil And Trouble","6","https://buddy.farm/ql/toil-and-trouble/","200","2026-08-27T20:58:57.2265197Z","8","","parsed_no_silver_total","raw/questlines/toil-and-trouble.html","raw/questlines/toil-and-trouble-headers.txt","245349162A1BC6A5BFE186CFB7BACACF9437F8372C1881BF2558CD57FB2ACFFB"
"top turkey","Top Turkey","1","https://buddy.farm/ql/top-turkey/","404","2026-08-27T20:59:05.6982893Z","8","","not_found","raw/questlines/top-turkey.html","raw/questlines/top-turkey-headers.txt","4C0DCA3858E7A3EC4BAD0F8230A8004041E0F98D911D145BAEF43B999A7924E6"
"trapper's delight","Trapper?s Delight","3","https://buddy.farm/ql/trapper-s-delight/","200","2026-08-27T20:59:14.0157753Z","8","","parsed_no_silver_total","raw/questlines/trapper-s-delight.html","raw/questlines/trapper-s-delight-headers.txt","00261E08D3B7E2EB9F099671FE79A5A05ACD77B66D8770416A3841AC86C90DD1"
"treasure chests for plunder","Treasure Chests for Plunder","1","https://buddy.farm/ql/treasure-chests-for-plunder/","404","2026-08-27T20:59:22.5197833Z","8","","not_found","raw/questlines/treasure-chests-for-plunder.html","raw/questlines/treasure-chests-for-plunder-headers.txt","4C0DCA3858E7A3EC4BAD0F8230A8004041E0F98D911D145BAEF43B999A7924E6"
"treat or fear","Treat or Fear","1","https://buddy.farm/ql/treat-or-fear/","200","2026-08-27T20:59:30.7753817Z","7","","parsed_no_silver_total","raw/questlines/treat-or-fear.html","raw/questlines/treat-or-fear-headers.txt","77688B61AA6735519D1883BA5EBE5DF55A3FD9831C94DAEA5BEA8326BC7A4EC4"
"tricks not treats","Tricks Not Treats","4","https://buddy.farm/ql/tricks-not-treats/","200","2026-08-27T20:59:38.2306473Z","6","","parsed_no_silver_total","raw/questlines/tricks-not-treats.html","raw/questlines/tricks-not-treats-headers.txt","F7098A2D2EA51C31BBCA5E93161EA9B1F602B1E5C4237F58244FD6D6D0B19C1D"
"trouble a head","Trouble A Head","6","https://buddy.farm/ql/trouble-a-head/","200","2026-08-27T20:59:44.6936815Z","10","","parsed_no_silver_total","raw/questlines/trouble-a-head.html","raw/questlines/trouble-a-head-headers.txt","8CF7E69161A1DE4BDB377D4A1A6B8FB37BB220094B4D0930699EB82E7031A434"
"tru3 70v3","TRU3 70V3","2","https://buddy.farm/ql/tru3-70v3/","200","2026-08-27T20:59:55.1122548Z","7","","parsed_no_silver_total","raw/questlines/tru3-70v3.html","raw/questlines/tru3-70v3-headers.txt","A3F60E3340AE74A3B8C95B295C34441C793F088BD4FF0B4132984A0603C536B4"
"understanding of friendship","Understanding of Friendship","1","https://buddy.farm/ql/understanding-of-friendship/","404","2026-08-27T21:00:02.6169020Z","6","","not_found","raw/questlines/understanding-of-friendship.html","raw/questlines/understanding-of-friendship-headers.txt","4C0DCA3858E7A3EC4BAD0F8230A8004041E0F98D911D145BAEF43B999A7924E6"
"uneggspected consequences","Uneggspected Consequences","11","https://buddy.farm/ql/uneggspected-consequences/","200","2026-08-27T21:00:08.8684180Z","6","","parsed_no_silver_total","raw/questlines/uneggspected-consequences.html","raw/questlines/uneggspected-consequences-headers.txt","62816231366F8093357DE2D292B2DB70A5B2B71E2DA6425A74DBCF1F59EBC06B"
"unexpected visitor","Unexpected Visitor","20","https://buddy.farm/ql/unexpected-visitor/","200","2026-08-27T21:00:15.2947300Z","9","","parsed_no_silver_total","raw/questlines/unexpected-visitor.html","raw/questlines/unexpected-visitor-headers.txt","F11168DB534E7EFD9B974BAEF5A12281B14BF92081A6E398319C1717C2523AB1"
"unique fish","Unique Fish","1","https://buddy.farm/ql/unique-fish/","200","2026-08-27T21:00:24.7330780Z","9","","parsed_no_silver_total","raw/questlines/unique-fish.html","raw/questlines/unique-fish-headers.txt","0DA1AAA51598833EED13C264D7DBB833FE7F45BD29B464E2C29491DA98350C51"
"uni-que meals","Uni-que Meals","3","https://buddy.farm/ql/uni-que-meals/","200","2026-08-27T21:00:34.2152176Z","6","","parsed_no_silver_total","raw/questlines/uni-que-meals.html","raw/questlines/uni-que-meals-headers.txt","0BD80473A4AE35ADE5203F21BBA2B509977215C4398BBAFD3AB6E560D6806F30"
"unlikely pair","Unlikely Pair","19","https://buddy.farm/ql/unlikely-pair/","200","2026-08-27T21:00:40.7177528Z","10","","parsed_no_silver_total","raw/questlines/unlikely-pair.html","raw/questlines/unlikely-pair-headers.txt","2C887564C65A3A1AD5E98C6A818001790113AFB228DB03AB38B5B921FF4C35C2"
"uptime dreamin","Uptime Dreamin","4","https://buddy.farm/ql/uptime-dreamin/","200","2026-08-27T21:00:51.1026823Z","8","","ambiguous_missing_total_request","raw/questlines/uptime-dreamin.html","raw/questlines/uptime-dreamin-headers.txt","C11FCA78AE7EF08B6A4B22D0F4D96D0B2108B42D5D923782AFD4EEAEA8F14A70"
"value of friendship","Value of Friendship","1","https://buddy.farm/ql/value-of-friendship/","404","2026-08-27T21:00:59.6044991Z","6","","not_found","raw/questlines/value-of-friendship.html","raw/questlines/value-of-friendship-headers.txt","4C0DCA3858E7A3EC4BAD0F8230A8004041E0F98D911D145BAEF43B999A7924E6"
"warning shots","Warning Shots","1","https://buddy.farm/ql/warning-shots/","404","2026-08-27T21:01:05.8970865Z","10","","not_found","raw/questlines/warning-shots.html","raw/questlines/warning-shots-headers.txt","4C0DCA3858E7A3EC4BAD0F8230A8004041E0F98D911D145BAEF43B999A7924E6"
"watermelon canard woes","Watermelon Canard Woes","1","https://buddy.farm/ql/watermelon-canard-woes/","200","2026-08-27T21:01:16.1642774Z","10","","parsed_no_silver_total","raw/questlines/watermelon-canard-woes.html","raw/questlines/watermelon-canard-woes-headers.txt","CFC5A778E53FA1E88C0B506208E9F4340B9A0AEF16B34EB2A4C8A7FCE53D04FF"
"watermelon competitions worldwide","Watermelon Competitions Worldwide","3","https://buddy.farm/ql/watermelon-competitions-worldwide/","200","2026-08-27T21:01:26.4812438Z","9","","parsed_no_silver_total","raw/questlines/watermelon-competitions-worldwide.html","raw/questlines/watermelon-competitions-worldwide-headers.txt","E29D4DD4D60C28EC0D8978D9018B46D1CE9B8448A8B8A5169898E0799A9B7F32"
"watermelon eating contest","Watermelon Eating Contest","1","https://buddy.farm/ql/watermelon-eating-contest/","404","2026-08-27T21:01:35.9779012Z","7","","not_found","raw/questlines/watermelon-eating-contest.html","raw/questlines/watermelon-eating-contest-headers.txt","4C0DCA3858E7A3EC4BAD0F8230A8004041E0F98D911D145BAEF43B999A7924E6"
"we carrot a lot!","We Carrot a Lot!","1","https://buddy.farm/ql/we-carrot-a-lot/","404","2026-08-27T21:01:43.2274796Z","6","","not_found","raw/questlines/we-carrot-a-lot.html","raw/questlines/we-carrot-a-lot-headers.txt","4C0DCA3858E7A3EC4BAD0F8230A8004041E0F98D911D145BAEF43B999A7924E6"
"wedding feast","Wedding Feast","1","https://buddy.farm/ql/wedding-feast/","404","2026-08-27T21:01:49.5168502Z","9","","not_found","raw/questlines/wedding-feast.html","raw/questlines/wedding-feast-headers.txt","4C0DCA3858E7A3EC4BAD0F8230A8004041E0F98D911D145BAEF43B999A7924E6"
"welcome to your farm","Welcome to your Farm","1","https://buddy.farm/ql/welcome-to-your-farm/","404","2026-08-27T21:01:58.7922591Z","6","","not_found","raw/questlines/welcome-to-your-farm.html","raw/questlines/welcome-to-your-farm-headers.txt","4C0DCA3858E7A3EC4BAD0F8230A8004041E0F98D911D145BAEF43B999A7924E6"
"we're back (again)!","We're back (again)!","1","https://buddy.farm/ql/were-back-again/","404","2026-08-27T21:02:05.1120137Z","8","","not_found","raw/questlines/were-back-again.html","raw/questlines/were-back-again-headers.txt","4C0DCA3858E7A3EC4BAD0F8230A8004041E0F98D911D145BAEF43B999A7924E6"
"we're back!","We're back!","1","https://buddy.farm/ql/were-back/","404","2026-08-27T21:02:13.4767664Z","10","","not_found","raw/questlines/were-back.html","raw/questlines/were-back-headers.txt","4C0DCA3858E7A3EC4BAD0F8230A8004041E0F98D911D145BAEF43B999A7924E6"
"what is halloween?","What is Halloween?","1","https://buddy.farm/ql/what-is-halloween/","404","2026-08-27T21:02:23.7696296Z","8","","not_found","raw/questlines/what-is-halloween.html","raw/questlines/what-is-halloween-headers.txt","4C0DCA3858E7A3EC4BAD0F8230A8004041E0F98D911D145BAEF43B999A7924E6"
"what the heart wants","What The Heart Wants","7","https://buddy.farm/ql/what-the-heart-wants/","200","2026-08-27T21:02:32.1507378Z","10","","parsed_no_silver_total","raw/questlines/what-the-heart-wants.html","raw/questlines/what-the-heart-wants-headers.txt","21902D10160AC9D3C72469E283C6689E24ED1DC1C7BA305318CF091752632BBB"
"when you wish upon a well","When You Wish Upon A Well","1","https://buddy.farm/ql/when-you-wish-upon-a-well/","404","2026-08-27T21:02:42.6723425Z","6","","not_found","raw/questlines/when-you-wish-upon-a-well.html","raw/questlines/when-you-wish-upon-a-well-headers.txt","4C0DCA3858E7A3EC4BAD0F8230A8004041E0F98D911D145BAEF43B999A7924E6"
"which wizard hats and which witch hats","Which Wizard Hats And Which Witch Hats","5","https://buddy.farm/ql/which-wizard-hats-and-which-witch-hats/","200","2026-08-27T21:02:48.9754105Z","10","","parsed_no_silver_total","raw/questlines/which-wizard-hats-and-which-witch-hats.html","raw/questlines/which-wizard-hats-and-which-witch-hats-headers.txt","DFCF8B0C06E41DBCFAF609F1FB293269FAB4CC7F48FFCF87D9A34D41CBFFB9C2"
"wolf of main street","Wolf of Main Street","1","https://buddy.farm/ql/wolf-of-main-street/","404","2026-08-27T21:02:59.3177542Z","10","","not_found","raw/questlines/wolf-of-main-street.html","raw/questlines/wolf-of-main-street-headers.txt","4C0DCA3858E7A3EC4BAD0F8230A8004041E0F98D911D145BAEF43B999A7924E6"
"words of friendship","Words of Friendship","1","https://buddy.farm/ql/words-of-friendship/","404","2026-08-27T21:03:09.6279527Z","8","","not_found","raw/questlines/words-of-friendship.html","raw/questlines/words-of-friendship-headers.txt","4C0DCA3858E7A3EC4BAD0F8230A8004041E0F98D911D145BAEF43B999A7924E6"
"wrapped up in friendship","Wrapped Up In Friendship","1","https://buddy.farm/ql/wrapped-up-in-friendship/","404","2026-08-27T21:03:17.9172098Z","9","","not_found","raw/questlines/wrapped-up-in-friendship.html","raw/questlines/wrapped-up-in-friendship-headers.txt","4C0DCA3858E7A3EC4BAD0F8230A8004041E0F98D911D145BAEF43B999A7924E6"
"yes i'm sure!","Yes I'm Sure!","1","https://buddy.farm/ql/yes-im-sure/","404","2026-08-27T21:03:27.1838899Z","7","","not_found","raw/questlines/yes-im-sure.html","raw/questlines/yes-im-sure-headers.txt","4C0DCA3858E7A3EC4BAD0F8230A8004041E0F98D911D145BAEF43B999A7924E6"
"you must build a boat","You Must Build A Boat","5","https://buddy.farm/ql/you-must-build-a-boat/","200","2026-08-27T21:03:34.4689741Z","10","","parsed_no_silver_total","raw/questlines/you-must-build-a-boat.html","raw/questlines/you-must-build-a-boat-headers.txt","54B8FD94347433874D10622DA61F01CE387E6A6F288BB98CDC603EB9D90D591F"
"you must build a stealth boat","You Must Build A Stealth Boat","4","https://buddy.farm/ql/you-must-build-a-stealth-boat/","200","2026-08-27T21:03:44.9109342Z","9","","parsed_no_silver_total","raw/questlines/you-must-build-a-stealth-boat.html","raw/questlines/you-must-build-a-stealth-boat-headers.txt","3D4A0819143FFB9F83BA1273782E3EA5F21E8D6D20547BBF7C5BF4DF7B028DD8"
"you must repair a boat","You Must Repair A Boat","1","https://buddy.farm/ql/you-must-repair-a-boat/","404","2026-08-27T21:03:54.4335369Z","9","","not_found","raw/questlines/you-must-repair-a-boat.html","raw/questlines/you-must-repair-a-boat-headers.txt","4C0DCA3858E7A3EC4BAD0F8230A8004041E0F98D911D145BAEF43B999A7924E6"
"you spin me right round, buddy, right round","You Spin Me Right Round, Buddy, Right Round","1","https://buddy.farm/ql/you-spin-me-right-round-buddy-right-round/","404","2026-08-27T21:04:03.7253728Z","9","","not_found","raw/questlines/you-spin-me-right-round-buddy-right-round.html","raw/questlines/you-spin-me-right-round-buddy-right-round-headers.txt","4C0DCA3858E7A3EC4BAD0F8230A8004041E0F98D911D145BAEF43B999A7924E6"
"zap of the sting","Zap of the Sting","8","https://buddy.farm/ql/zap-of-the-sting/","200","2026-08-27T21:04:13.0244356Z","6","","parsed_no_silver_total","raw/questlines/zap-of-the-sting.html","raw/questlines/zap-of-the-sting-headers.txt","1C7A559EAE4A6C2716D0487232B4E6F80928F44F5A3E81B0655A7A6DD918D467"
