item_name,canonical_key,generated_buddy_slug,candidate_buddy_url,extraction_status,http_status,page_title,icon_url,icon_pathname,icon_filename,image_url_count,flags,notes
10 Gold,10 gold,10-gold,https://buddy.farm/i/10-gold/,icon_found,200,10 Gold,https://farmrpg.com/img/items/10gold.png,/img/items/10gold.png,10gold.png,6,,
100 Gold,100 gold,100-gold,https://buddy.farm/i/100-gold/,icon_found,200,100 Gold,https://farmrpg.com/img/items/goldpouch2.png,/img/items/goldpouch2.png,goldpouch2.png,9,,
11th Leaf Centerpiece,11th leaf centerpiece,11th-leaf-centerpiece,https://buddy.farm/i/11th-leaf-centerpiece/,icon_found,200,11th Leaf Centerpiece,https://farmrpg.com/img/items/centerpiece.png,/img/items/centerpiece.png,centerpiece.png,1,,
25 Gold,25 gold,25-gold,https://buddy.farm/i/25-gold/,icon_found,200,25 Gold,https://farmrpg.com/img/items/25gold.png,/img/items/25gold.png,25gold.png,5,,
3-leaf Clover,3-leaf clover,3-leaf-clover,https://buddy.farm/i/3-leaf-clover/,icon_found,200,3-leaf Clover,https://farmrpg.com/img/items/8250.PNG,/img/items/8250.PNG,8250.PNG,27,,
3rd Birthday Card,3rd birthday card,3rd-birthday-card,https://buddy.farm/i/3rd-birthday-card/,icon_found,200,3rd Birthday Card,https://farmrpg.com/img/items/card_3ears.png,/img/items/card_3ears.png,card_3ears.png,12,,
4-leaf Clover,4-leaf clover,4-leaf-clover,https://buddy.farm/i/4-leaf-clover/,icon_found,200,4-leaf Clover,https://farmrpg.com/img/items/fourleaf.png,/img/items/fourleaf.png,fourleaf.png,50,,
4th Birthday Card,4th birthday card,4th-birthday-card,https://buddy.farm/i/4th-birthday-card/,icon_found,200,4th Birthday Card,https://farmrpg.com/img/items/card_4th.png,/img/items/card_4th.png,card_4th.png,27,,
5 Gold,5 gold,5-gold,https://buddy.farm/i/5-gold/,icon_found,200,5 Gold,https://farmrpg.com/img/items/5gold.png,/img/items/5gold.png,5gold.png,8,,
50 Gold,50 gold,50-gold,https://buddy.farm/i/50-gold/,icon_found,200,50 Gold,https://farmrpg.com/img/items/goldpouch1.png,/img/items/goldpouch1.png,goldpouch1.png,5,,
Acorn,acorn,acorn,https://buddy.farm/i/acorn/,icon_found,200,Acorn,https://farmrpg.com/img/items/5759.PNG,/img/items/5759.PNG,5759.PNG,34,,
Acorn Butter,acorn butter,acorn-butter,https://buddy.farm/i/acorn-butter/,icon_found,200,Acorn Butter,https://farmrpg.com/img/items/acornbutter.png?1,/img/items/acornbutter.png,acornbutter.png,21,,
Acorn Pie,acorn pie,acorn-pie,https://buddy.farm/i/acorn-pie/,icon_found,200,Acorn Pie,https://farmrpg.com/img/items/acorn_pie.png,/img/items/acorn_pie.png,acorn_pie.png,18,,
Adventure Buddy Doll,adventure buddy doll,adventure-buddy-doll,https://buddy.farm/i/adventure-buddy-doll/,icon_found,200,Adventure Buddy Doll,https://farmrpg.com/img/items/ebuddy.png,/img/items/ebuddy.png,ebuddy.png,2,,
Amber,amber,amber,https://buddy.farm/i/amber/,icon_found,200,Amber,https://farmrpg.com/img/items/6675.png,/img/items/6675.png,6675.png,8,,
Amber Cane,amber cane,amber-cane,https://buddy.farm/i/amber-cane/,icon_found,200,Amber Cane,https://farmrpg.com/img/items/ambercane.png?2,/img/items/ambercane.png,ambercane.png,24,,
Amber Mire Bloom,amber mire bloom,amber-mire-bloom,https://buddy.farm/i/amber-mire-bloom/,icon_found,200,Amber Mire Bloom,https://farmrpg.com/img/items/amberbloom.png,/img/items/amberbloom.png,amberbloom.png,2,,
Amethyst,amethyst,amethyst,https://buddy.farm/i/amethyst/,icon_found,200,Amethyst,https://farmrpg.com/img/items/amethyst.png,/img/items/amethyst.png,amethyst.png,21,,
Amethyst Necklace,amethyst necklace,amethyst-necklace,https://buddy.farm/i/amethyst-necklace/,icon_found,200,Amethyst Necklace,https://farmrpg.com/img/items/8016.png,/img/items/8016.png,8016.png,31,,
Anchor,anchor,anchor,https://buddy.farm/i/anchor/,icon_found,200,Anchor,https://farmrpg.com/img/items/pirates_45_t.png?1,/img/items/pirates_45_t.png,pirates_45_t.png,1,,
Ancient Coin,ancient coin,ancient-coin,https://buddy.farm/i/ancient-coin/,icon_found,200,Ancient Coin,https://farmrpg.com/img/items/6019.PNG,/img/items/6019.PNG,6019.PNG,147,,
Ancient Stone Cicada,ancient stone cicada,ancient-stone-cicada,https://buddy.farm/i/ancient-stone-cicada/,icon_found,200,Ancient Stone Cicada,https://farmrpg.com/img/items/stonecicada.png?1,/img/items/stonecicada.png,stonecicada.png,3,,
Ancient Treasure Belt,ancient treasure belt,ancient-treasure-belt,https://buddy.farm/i/ancient-treasure-belt/,icon_found,200,Ancient Treasure Belt,https://farmrpg.com/img/items/ancientbelt.png,/img/items/ancientbelt.png,ancientbelt.png,2,,
Anglerfish,anglerfish,anglerfish,https://buddy.farm/i/anglerfish/,icon_found,200,Anglerfish,https://farmrpg.com/img/items/pirates_76_t.png,/img/items/pirates_76_t.png,pirates_76_t.png,7,,
Ant Apple,ant apple,ant-apple,https://buddy.farm/i/ant-apple/,icon_found,200,Ant Apple,https://farmrpg.com/img/items/ant_apple.png,/img/items/ant_apple.png,ant_apple.png,10,,
Antler,antler,antler,https://buddy.farm/i/antler/,icon_found,200,Antler,https://farmrpg.com/img/items/5922.png,/img/items/5922.png,5922.png,51,,
Apple,apple,apple,https://buddy.farm/i/apple/,icon_found,200,Apple,https://farmrpg.com/img/items/8297.png,/img/items/8297.png,8297.png,153,,
Apple Ant,apple ant,apple-ant,https://buddy.farm/i/apple-ant/,icon_found,200,Apple Ant,https://farmrpg.com/img/items/apple_ant.png,/img/items/apple_ant.png,apple_ant.png,10,,
Apple Ant Buddy Doll,apple ant buddy doll,apple-ant-buddy-doll,https://buddy.farm/i/apple-ant-buddy-doll/,icon_found,200,Apple Ant Buddy Doll,https://farmrpg.com/img/items/ant_apple_buddy_doll.png,/img/items/ant_apple_buddy_doll.png,ant_apple_buddy_doll.png,1,,
Apple Basket,apple basket,apple-basket,https://buddy.farm/i/apple-basket/,icon_found,200,Apple Basket,https://farmrpg.com/img/items/applebasket.png?2,/img/items/applebasket.png,applebasket.png,10,,
Apple Belt,apple belt,apple-belt,https://buddy.farm/i/apple-belt/,icon_found,200,Apple Belt,https://farmrpg.com/img/items/applebelt.png,/img/items/applebelt.png,applebelt.png,1,,
Apple Buddy Doll,apple buddy doll,apple-buddy-doll,https://buddy.farm/i/apple-buddy-doll/,icon_found,200,Apple Buddy Doll,https://farmrpg.com/img/items/apple_buddy_doll.png,/img/items/apple_buddy_doll.png,apple_buddy_doll.png,1,,
Apple Cider,apple cider,apple-cider,https://buddy.farm/i/apple-cider/,icon_found,200,Apple Cider,https://farmrpg.com/img/items/8984.png,/img/items/8984.png,8984.png,166,,
Apple Core,apple core,apple-core,https://buddy.farm/i/apple-core/,icon_found,200,Apple Core,https://farmrpg.com/img/items/8267.PNG,/img/items/8267.PNG,8267.PNG,6,,
Apple Crate 01,apple crate 01,apple-crate-01,https://buddy.farm/i/apple-crate-01/,icon_found,200,Apple Crate 01,https://farmrpg.com/img/items/applecrate.png,/img/items/applecrate.png,applecrate.png,11,,
Apple Crate 02,apple crate 02,apple-crate-02,https://buddy.farm/i/apple-crate-02/,icon_found,200,Apple Crate 02,https://farmrpg.com/img/items/applecrate.png,/img/items/applecrate.png,applecrate.png,14,,
Apple Picker,apple picker,apple-picker,https://buddy.farm/i/apple-picker/,icon_found,200,Apple Picker,https://farmrpg.com/img/items/applepicker.png,/img/items/applepicker.png,applepicker.png,4,,
Apple Pie,apple pie,apple-pie,https://buddy.farm/i/apple-pie/,icon_found,200,Apple Pie,https://farmrpg.com/img/items/applepie2.png,/img/items/applepie2.png,applepie2.png,17,,
Apple Slice,apple slice,apple-slice,https://buddy.farm/i/apple-slice/,icon_found,200,Apple Slice,https://farmrpg.com/img/items/apple_slice.png,/img/items/apple_slice.png,apple_slice.png,1,,
Apple Slicer,apple slicer,apple-slicer,https://buddy.farm/i/apple-slicer/,icon_found,200,Apple Slicer,https://farmrpg.com/img/items/applecutter.png,/img/items/applecutter.png,applecutter.png,5,,
Apple Turnover,apple turnover,apple-turnover,https://buddy.farm/i/apple-turnover/,icon_found,200,Apple Turnover,https://farmrpg.com/img/items/appleturnover.png,/img/items/appleturnover.png,appleturnover.png,9,,
Aquacite,aquacite,aquacite,https://buddy.farm/i/aquacite/,icon_found,200,Aquacite,https://farmrpg.com/img/items/aquacite.png,/img/items/aquacite.png,aquacite.png,3,,
Aquamarine,aquamarine,aquamarine,https://buddy.farm/i/aquamarine/,icon_found,200,Aquamarine,https://farmrpg.com/img/items/6146.PNG,/img/items/6146.PNG,6146.PNG,53,,
Aquamarine Ring,aquamarine ring,aquamarine-ring,https://buddy.farm/i/aquamarine-ring/,icon_found,200,Aquamarine Ring,https://farmrpg.com/img/items/aquaring.png,/img/items/aquaring.png,aquaring.png,28,,
Arnold Palmer,arnold palmer,arnold-palmer,https://buddy.farm/i/arnold-palmer/,icon_found,200,Arnold Palmer,https://farmrpg.com/img/items/ap.png,/img/items/ap.png,ap.png,151,,
Arrowhead,arrowhead,arrowhead,https://buddy.farm/i/arrowhead/,icon_found,200,Arrowhead,https://farmrpg.com/img/items/5910.png,/img/items/5910.png,5910.png,27,,
Ashes of Pentagorn,ashes of pentagorn,ashes-of-pentagorn,https://buddy.farm/i/ashes-of-pentagorn/,icon_found,200,Ashes of Pentagorn,https://farmrpg.com/img/items/5848.png,/img/items/5848.png,5848.png,2,,
Awl,awl,awl,https://buddy.farm/i/awl/,icon_found,200,Awl,https://farmrpg.com/img/items/2451.png,/img/items/2451.png,2451.png,36,,
Axe,axe,axe,https://buddy.farm/i/axe/,icon_found,200,Axe,https://farmrpg.com/img/items/5875.png?1,/img/items/5875.png,5875.png,49,,
B for Buddies,b for buddies,b-for-buddies,https://buddy.farm/i/b-for-buddies/,icon_found,200,B for Buddies,https://farmrpg.com/img/items/Buddiescandy.png,/img/items/Buddiescandy.png,Buddiescandy.png,14,,
Baba Bobblehead,baba bobblehead,baba-bobblehead,https://buddy.farm/i/baba-bobblehead/,icon_found,200,Baba Bobblehead,https://farmrpg.com/img/items/bobble_baba.png,/img/items/bobble_baba.png,bobble_baba.png,2,,
Baba Cola,baba cola,baba-cola,https://buddy.farm/i/baba-cola/,icon_found,200,Baba Cola,https://farmrpg.com/img/items/babacola.png,/img/items/babacola.png,babacola.png,13,,
Baba Gec's Cabbage Stew,baba gec's cabbage stew,baba-gec-s-cabbage-stew,https://buddy.farm/i/baba-gec-s-cabbage-stew/,icon_found,200,Baba Gec&#x27;s Cabbage Stew,https://farmrpg.com/img/items/recipe.png,/img/items/recipe.png,recipe.png,3,,
Baba's Snack Pack,baba's snack pack,baba-s-snack-pack,https://buddy.farm/i/baba-s-snack-pack/,icon_found,200,Baba&#x27;s Snack Pack,https://farmrpg.com/img/items/babasnack.png,/img/items/babasnack.png,babasnack.png,13,,
Backpack,backpack,backpack,https://buddy.farm/i/backpack/,icon_found,200,Backpack,https://farmrpg.com/img/items/BagsAndBoxes_64_t.png,/img/items/BagsAndBoxes_64_t.png,BagsAndBoxes_64_t.png,19,,
Backstabbing Dagger,backstabbing dagger,backstabbing-dagger,https://buddy.farm/i/backstabbing-dagger/,icon_found,200,Backstabbing Dagger,https://farmrpg.com/img/items/9078.png,/img/items/9078.png,9078.png,6,,
Bacon,bacon,bacon,https://buddy.farm/i/bacon/,icon_found,200,Bacon,https://farmrpg.com/img/items/bacon.png,/img/items/bacon.png,bacon.png,70,,
Bag of Ghost Candy,bag of ghost candy,bag-of-ghost-candy,https://buddy.farm/i/bag-of-ghost-candy/,icon_found,200,Bag of Ghost Candy,https://farmrpg.com/img/items/ghost_candy_bag.png,/img/items/ghost_candy_bag.png,ghost_candy_bag.png,17,,
Bag of Presents 01,bag of presents 01,bag-of-presents-01,https://buddy.farm/i/bag-of-presents-01/,icon_found,200,Bag of Presents 01,https://farmrpg.com/img/items/12_sm.png,/img/items/12_sm.png,12_sm.png,11,,
Bag of Presents 02,bag of presents 02,bag-of-presents-02,https://buddy.farm/i/bag-of-presents-02/,icon_found,200,Bag of Presents 02,https://farmrpg.com/img/items/12_sm.png,/img/items/12_sm.png,12_sm.png,10,,
Bag of Snowballs,bag of snowballs,bag-of-snowballs,https://buddy.farm/i/bag-of-snowballs/,icon_found,200,Bag of Snowballs,https://farmrpg.com/img/items/bagofsnowballs.png,/img/items/bagofsnowballs.png,bagofsnowballs.png,3,,
Bag of Spring Seeds,bag of spring seeds,bag-of-spring-seeds,https://buddy.farm/i/bag-of-spring-seeds/,icon_found,200,Bag of Spring Seeds,https://farmrpg.com/img/items/4497.png,/img/items/4497.png,4497.png,16,,
Bahltruvian Scales,bahltruvian scales,bahltruvian-scales,https://buddy.farm/i/bahltruvian-scales/,icon_found,200,Bahltruvian Scales,https://farmrpg.com/img/items/2392.png,/img/items/2392.png,2392.png,2,,
Bait Bag 01,bait bag 01,bait-bag-01,https://buddy.farm/i/bait-bag-01/,icon_found,200,Bait Bag 01,https://farmrpg.com/img/items/baitbag01.png,/img/items/baitbag01.png,baitbag01.png,12,,
Bamboo,bamboo,bamboo,https://buddy.farm/i/bamboo/,icon_found,200,Bamboo,https://farmrpg.com/img/items/viri_4773.png,/img/items/viri_4773.png,viri_4773.png,6,,
Bamboo Chair,bamboo chair,bamboo-chair,https://buddy.farm/i/bamboo-chair/,icon_found,200,Bamboo Chair,https://farmrpg.com/img/items/bamboochair.png,/img/items/bamboochair.png,bamboochair.png,5,,
Bamboo Fence,bamboo fence,bamboo-fence,https://buddy.farm/i/bamboo-fence/,icon_found,200,Bamboo Fence,https://farmrpg.com/img/items/bamboofence.png,/img/items/bamboofence.png,bamboofence.png,5,,
Bamboo Flute,bamboo flute,bamboo-flute,https://buddy.farm/i/bamboo-flute/,icon_found,200,Bamboo Flute,https://farmrpg.com/img/items/bambooflute.png,/img/items/bambooflute.png,bambooflute.png,5,,
Bamboo Rope,bamboo rope,bamboo-rope,https://buddy.farm/i/bamboo-rope/,icon_found,200,Bamboo Rope,https://farmrpg.com/img/items/rope_t_01.png,/img/items/rope_t_01.png,rope_t_01.png,3,,
Bamboo Trellis,bamboo trellis,bamboo-trellis,https://buddy.farm/i/bamboo-trellis/,icon_found,200,Bamboo Trellis,https://farmrpg.com/img/items/bambootrellis.png,/img/items/bambootrellis.png,bambootrellis.png,4,,
Banana Peel,banana peel,banana-peel,https://buddy.farm/i/banana-peel/,icon_found,200,Banana Peel,https://farmrpg.com/img/items/1586.png,/img/items/1586.png,1586.png,1,,
Bananas,bananas,bananas,https://buddy.farm/i/bananas/,icon_found,200,Bananas,https://farmrpg.com/img/items/8285.png,/img/items/8285.png,8285.png,14,,
Bar of Silver,bar of silver,bar-of-silver,https://buddy.farm/i/bar-of-silver/,icon_found,200,Bar of Silver,https://farmrpg.com/img/items/silverbar.png,/img/items/silverbar.png,silverbar.png,2,,
Barbed Wire,barbed wire,barbed-wire,https://buddy.farm/i/barbed-wire/,icon_found,200,Barbed Wire,https://farmrpg.com/img/items/barbedwire.png,/img/items/barbedwire.png,barbedwire.png,8,,
Barnacle Shell,barnacle shell,barnacle-shell,https://buddy.farm/i/barnacle-shell/,icon_found,200,Barnacle Shell,https://farmrpg.com/img/items/afk_8532.png,/img/items/afk_8532.png,afk_8532.png,5,,
Barracuda,barracuda,barracuda,https://buddy.farm/i/barracuda/,icon_found,200,Barracuda,https://farmrpg.com/img/items/7486.png,/img/items/7486.png,7486.png,11,,
Basic Pillow,basic pillow,basic-pillow,https://buddy.farm/i/basic-pillow/,icon_found,200,Basic Pillow,https://farmrpg.com/img/items/basicpillow.png,/img/items/basicpillow.png,basicpillow.png,6,,
Bat Wing,bat wing,bat-wing,https://buddy.farm/i/bat-wing/,icon_found,200,Bat Wing,https://farmrpg.com/img/items/5990.png,/img/items/5990.png,5990.png,13,,
Beach Ball,beach ball,beach-ball,https://buddy.farm/i/beach-ball/,icon_found,200,Beach Ball,https://farmrpg.com/img/items/beachball.png?1,/img/items/beachball.png,beachball.png,2,,
Beach Towel,beach towel,beach-towel,https://buddy.farm/i/beach-towel/,icon_found,200,Beach Towel,https://farmrpg.com/img/items/beach_towel.png,/img/items/beach_towel.png,beach_towel.png,1,,
Beach Umbrella,beach umbrella,beach-umbrella,https://buddy.farm/i/beach-umbrella/,icon_found,200,Beach Umbrella,https://farmrpg.com/img/items/beach_umbrella.png,/img/items/beach_umbrella.png,beach_umbrella.png,20,,
Bear Buddy Doll,bear buddy doll,bear-buddy-doll,https://buddy.farm/i/bear-buddy-doll/,icon_found,200,Bear Buddy Doll,https://farmrpg.com/img/items/Bear_buddy.png,/img/items/Bear_buddy.png,Bear_buddy.png,1,,
Beary Squishies,beary squishies,beary-squishies,https://buddy.farm/i/beary-squishies/,icon_found,200,Beary Squishies,https://farmrpg.com/img/items/squishybears.png,/img/items/squishybears.png,squishybears.png,14,,
Beatrix Bobblehead,beatrix bobblehead,beatrix-bobblehead,https://buddy.farm/i/beatrix-bobblehead/,icon_found,200,Beatrix Bobblehead,https://farmrpg.com/img/items/bobble_beatrix.png,/img/items/bobble_beatrix.png,bobble_beatrix.png,2,,
Beatrix's Big Box of Boom,beatrix's big box of boom,beatrix-s-big-box-of-boom,https://buddy.farm/i/beatrix-s-big-box-of-boom/,icon_found,200,Beatrix&#x27;s Big Box of Boom,https://farmrpg.com/img/items/beatrixbox.png?1,/img/items/beatrixbox.png,beatrixbox.png,12,,
Beatrix's Booming Brawl Box 01,beatrix's booming brawl box 01,beatrix-s-booming-brawl-box-01,https://buddy.farm/i/beatrix-s-booming-brawl-box-01/,icon_found,200,Beatrix&#x27;s Booming Brawl Box 01,https://farmrpg.com/img/items/bfw.png,/img/items/bfw.png,bfw.png,13,,
Beatrix's Booming Brawl Box 02,beatrix's booming brawl box 02,beatrix-s-booming-brawl-box-02,https://buddy.farm/i/beatrix-s-booming-brawl-box-02/,icon_found,200,Beatrix&#x27;s Booming Brawl Box 02,https://farmrpg.com/img/items/fireworks_box_2.png,/img/items/fireworks_box_2.png,fireworks_box_2.png,14,,
Beet,beet,beet,https://buddy.farm/i/beet/,icon_found,200,Beet,https://farmrpg.com/img/items/2850.png,/img/items/2850.png,2850.png,29,,
Beet Seeds,beet seeds,beet-seeds,https://buddy.farm/i/beet-seeds/,icon_found,200,Beet Seeds,https://farmrpg.com/img/items/seeds_beet.png,/img/items/seeds_beet.png,seeds_beet.png,5,,
Bell,bell,bell,https://buddy.farm/i/bell/,icon_found,200,Bell,https://farmrpg.com/img/items/bell.png,/img/items/bell.png,bell.png,6,,
Belt Drive,belt drive,belt-drive,https://buddy.farm/i/belt-drive/,icon_found,200,Belt Drive,https://farmrpg.com/img/items/9347.png,/img/items/9347.png,9347.png,31,,
Belt of Commander Uteer,belt of commander uteer,belt-of-commander-uteer,https://buddy.farm/i/belt-of-commander-uteer/,icon_found,200,Belt of Commander Uteer,https://farmrpg.com/img/items/1679.png,/img/items/1679.png,1679.png,1,,
Belt of Freedom,belt of freedom,belt-of-freedom,https://buddy.farm/i/belt-of-freedom/,icon_found,200,Belt of Freedom,https://farmrpg.com/img/items/freedombelt.png,/img/items/freedombelt.png,freedombelt.png,1,,
Belt of Menace,belt of menace,belt-of-menace,https://buddy.farm/i/belt-of-menace/,icon_found,200,Belt of Menace,https://farmrpg.com/img/items/s_98.png,/img/items/s_98.png,s_98.png,3,,
Belt of Truth,belt of truth,belt-of-truth,https://buddy.farm/i/belt-of-truth/,icon_found,200,Belt of Truth,https://farmrpg.com/img/items/5488.png,/img/items/5488.png,5488.png,2,,
Bessi Gan Belt,bessi gan belt,bessi-gan-belt,https://buddy.farm/i/bessi-gan-belt/,icon_found,200,Bessi Gan Belt,https://farmrpg.com/img/items/5304.png,/img/items/5304.png,5304.png,2,,
Bird Egg,bird egg,bird-egg,https://buddy.farm/i/bird-egg/,icon_found,200,Bird Egg,https://farmrpg.com/img/items/6067.PNG,/img/items/6067.PNG,6067.PNG,23,,
Bird Key,bird key,bird-key,https://buddy.farm/i/bird-key/,icon_found,200,Bird Key,https://farmrpg.com/img/items/birdkey.png,/img/items/birdkey.png,birdkey.png,2,,
Bird Skull 01,bird skull 01,bird-skull-01,https://buddy.farm/i/bird-skull-01/,icon_found,200,Bird Skull 01,https://farmrpg.com/img/items/1138.png,/img/items/1138.png,1138.png,1,,
Birthday Present,birthday present,birthday-present,https://buddy.farm/i/birthday-present/,icon_found,200,Birthday Present,https://farmrpg.com/img/items/present03.png,/img/items/present03.png,present03.png,12,,
Birthday Suit Buddy Doll,birthday suit buddy doll,birthday-suit-buddy-doll,https://buddy.farm/i/birthday-suit-buddy-doll/,icon_found,200,Birthday Suit Buddy Doll,https://farmrpg.com/img/items/birthday_suit_undies_buddy_doll.png,/img/items/birthday_suit_undies_buddy_doll.png,birthday_suit_undies_buddy_doll.png,1,,
Birthday Surprise Box 03,birthday surprise box 03,birthday-surprise-box-03,https://buddy.farm/i/birthday-surprise-box-03/,icon_found,200,Birthday Surprise Box 03,https://farmrpg.com/img/items/bsb01.png,/img/items/bsb01.png,bsb01.png,27,,
Birthday Surprise Box 04,birthday surprise box 04,birthday-surprise-box-04,https://buddy.farm/i/birthday-surprise-box-04/,icon_found,200,Birthday Surprise Box 04,https://farmrpg.com/img/items/bsb01.png,/img/items/bsb01.png,bsb01.png,36,,
Bitten Apple,bitten apple,bitten-apple,https://buddy.farm/i/bitten-apple/,icon_found,200,Bitten Apple,https://farmrpg.com/img/items/bittenapple.png,/img/items/bittenapple.png,bittenapple.png,2,,
Black Bag,black bag,black-bag,https://buddy.farm/i/black-bag/,icon_found,200,Black Bag,https://farmrpg.com/img/items/blackbag.png,/img/items/blackbag.png,blackbag.png,4,,
Black Cloak,black cloak,black-cloak,https://buddy.farm/i/black-cloak/,icon_found,200,Black Cloak,https://farmrpg.com/img/items/blackcloak.png,/img/items/blackcloak.png,blackcloak.png,6,,
Black Dye,black dye,black-dye,https://buddy.farm/i/black-dye/,icon_found,200,Black Dye,https://farmrpg.com/img/items/blackdye.png,/img/items/blackdye.png,blackdye.png,11,,
Black Powder,black powder,black-powder,https://buddy.farm/i/black-powder/,icon_found,200,Black Powder,https://farmrpg.com/img/items/powder.png,/img/items/powder.png,powder.png,36,,
Black Purse,black purse,black-purse,https://buddy.farm/i/black-purse/,icon_found,200,Black Purse,https://farmrpg.com/img/items/blackpurse.png,/img/items/blackpurse.png,blackpurse.png,4,,
Black Scarf,black scarf,black-scarf,https://buddy.farm/i/black-scarf/,icon_found,200,Black Scarf,https://farmrpg.com/img/items/blackscarf.png,/img/items/blackscarf.png,blackscarf.png,4,,
Black Shield,black shield,black-shield,https://buddy.farm/i/black-shield/,icon_found,200,Black Shield,https://farmrpg.com/img/items/blackshield.png,/img/items/blackshield.png,blackshield.png,5,,
Black Shirt,black shirt,black-shirt,https://buddy.farm/i/black-shirt/,icon_found,200,Black Shirt,https://farmrpg.com/img/items/blackshirt.png,/img/items/blackshirt.png,blackshirt.png,5,,
Black Truffle,black truffle,black-truffle,https://buddy.farm/i/black-truffle/,icon_found,200,Black Truffle,https://farmrpg.com/img/items/blacktruffle.png,/img/items/blacktruffle.png,blacktruffle.png,5,,
Black Twine,black twine,black-twine,https://buddy.farm/i/black-twine/,icon_found,200,Black Twine,https://farmrpg.com/img/items/blacktwine.png,/img/items/blacktwine.png,blacktwine.png,5,,
Blitzen,blitzen,blitzen,https://buddy.farm/i/blitzen/,icon_found,200,Blitzen,https://farmrpg.com/img/items/blitzen.png,/img/items/blitzen.png,blitzen.png,7,,
Block of Wood,block of wood,block-of-wood,https://buddy.farm/i/block-of-wood/,icon_found,200,Block of Wood,https://farmrpg.com/img/items/wood_block.png,/img/items/wood_block.png,wood_block.png,25,,
Blood Crystal,blood crystal,blood-crystal,https://buddy.farm/i/blood-crystal/,icon_found,200,Blood Crystal,https://farmrpg.com/img/items/2429.png,/img/items/2429.png,2429.png,1,,
Blubberfish,blubberfish,blubberfish,https://buddy.farm/i/blubberfish/,icon_found,200,Blubberfish,https://farmrpg.com/img/items/finp_415.png,/img/items/finp_415.png,finp_415.png,1,,
Blue Butterfly,blue butterfly,blue-butterfly,https://buddy.farm/i/blue-butterfly/,icon_found,200,Blue Butterfly,https://farmrpg.com/img/items/afk_8578b.png,/img/items/afk_8578b.png,afk_8578b.png,6,,
Blue Catfish,blue catfish,blue-catfish,https://buddy.farm/i/blue-catfish/,icon_found,200,Blue Catfish,https://farmrpg.com/img/items/7842.PNG,/img/items/7842.PNG,7842.PNG,14,,
Blue Crab,blue crab,blue-crab,https://buddy.farm/i/blue-crab/,icon_found,200,Blue Crab,https://farmrpg.com/img/items/7825.PNG,/img/items/7825.PNG,7825.PNG,12,,
Blue Diary,blue diary,blue-diary,https://buddy.farm/i/blue-diary/,icon_found,200,Blue Diary,https://farmrpg.com/img/items/bluediary.png,/img/items/bluediary.png,bluediary.png,18,,
Blue Dye,blue dye,blue-dye,https://buddy.farm/i/blue-dye/,icon_found,200,Blue Dye,https://farmrpg.com/img/items/bluedye.png,/img/items/bluedye.png,bluedye.png,28,,
Blue Feathers,blue feathers,blue-feathers,https://buddy.farm/i/blue-feathers/,icon_found,200,Blue Feathers,https://farmrpg.com/img/items/5963.png,/img/items/5963.png,5963.png,32,,
Blue Flowers,blue flowers,blue-flowers,https://buddy.farm/i/blue-flowers/,icon_found,200,Blue Flowers,https://farmrpg.com/img/items/bflowers.png,/img/items/bflowers.png,bflowers.png,13,,
Blue Gel,blue gel,blue-gel,https://buddy.farm/i/blue-gel/,icon_found,200,Blue Gel,https://farmrpg.com/img/items/ForestIcons_34_t.png,/img/items/ForestIcons_34_t.png,ForestIcons_34_t.png,28,,
Blue Milk,blue milk,blue-milk,https://buddy.farm/i/blue-milk/,icon_found,200,Blue Milk,https://farmrpg.com/img/items/bluemilk.png?2,/img/items/bluemilk.png,bluemilk.png,17,,
Blue Ornament,blue ornament,blue-ornament,https://buddy.farm/i/blue-ornament/,icon_found,200,Blue Ornament,https://farmrpg.com/img/items/cr_t_03_f.png,/img/items/cr_t_03_f.png,cr_t_03_f.png,9,,
Blue Parchment,blue parchment,blue-parchment,https://buddy.farm/i/blue-parchment/,icon_found,200,Blue Parchment,https://farmrpg.com/img/items/blueparchment.png,/img/items/blueparchment.png,blueparchment.png,4,,
Blue Purse,blue purse,blue-purse,https://buddy.farm/i/blue-purse/,icon_found,200,Blue Purse,https://farmrpg.com/img/items/bluepurse.png,/img/items/bluepurse.png,bluepurse.png,16,,
Blue Sea Bass,blue sea bass,blue-sea-bass,https://buddy.farm/i/blue-sea-bass/,icon_found,200,Blue Sea Bass,https://farmrpg.com/img/items/7818.png,/img/items/7818.png,7818.png,19,,
Blue Shell,blue shell,blue-shell,https://buddy.farm/i/blue-shell/,icon_found,200,Blue Shell,https://farmrpg.com/img/items/7875.PNG,/img/items/7875.PNG,7875.PNG,13,,
Blue Shirt,blue shirt,blue-shirt,https://buddy.farm/i/blue-shirt/,icon_found,200,Blue Shirt,https://farmrpg.com/img/items/blueshirt.png,/img/items/blueshirt.png,blueshirt.png,5,,
Blue Spritz,blue spritz,blue-spritz,https://buddy.farm/i/blue-spritz/,icon_found,200,Blue Spritz,https://farmrpg.com/img/items/bluedrink.png,/img/items/bluedrink.png,bluedrink.png,4,,
Blue Star Stomper,blue star stomper,blue-star-stomper,https://buddy.farm/i/blue-star-stomper/,icon_found,200,Blue Star Stomper,https://farmrpg.com/img/items/bluefireworks.png,/img/items/bluefireworks.png,bluefireworks.png,4,,
Blue Tang,blue tang,blue-tang,https://buddy.farm/i/blue-tang/,icon_found,200,Blue Tang,https://farmrpg.com/img/items/bluetang.png?1,/img/items/bluetang.png,bluetang.png,2,,
Blue Tiger Fish,blue tiger fish,blue-tiger-fish,https://buddy.farm/i/blue-tiger-fish/,icon_found,200,Blue Tiger Fish,https://farmrpg.com/img/items/5772.png,/img/items/5772.png,5772.png,9,,
Blue Twine,blue twine,blue-twine,https://buddy.farm/i/blue-twine/,icon_found,200,Blue Twine,https://farmrpg.com/img/items/bluetwine.png,/img/items/bluetwine.png,bluetwine.png,6,,
Bluegill,bluegill,bluegill,https://buddy.farm/i/bluegill/,icon_found,200,Bluegill,https://farmrpg.com/img/items/7722.PNG,/img/items/7722.PNG,7722.PNG,12,,
Board,board,board,https://buddy.farm/i/board/,icon_found,200,Board,https://farmrpg.com/img/items/5885.png,/img/items/5885.png,5885.png,76,,
Bog Barnacle,bog barnacle,bog-barnacle,https://buddy.farm/i/bog-barnacle/,icon_found,200,Bog Barnacle,https://farmrpg.com/img/items/382.png,/img/items/382.png,382.png,1,,
Boghead Snapper,boghead snapper,boghead-snapper,https://buddy.farm/i/boghead-snapper/,icon_found,200,Boghead Snapper,https://farmrpg.com/img/items/afk_8800.png,/img/items/afk_8800.png,afk_8800.png,1,,
Bogslug,bogslug,bogslug,https://buddy.farm/i/bogslug/,icon_found,200,Bogslug,https://farmrpg.com/img/items/afk_8381.png,/img/items/afk_8381.png,afk_8381.png,1,,
Boltonic Love Potion 4,boltonic love potion 4,boltonic-love-potion-4,https://buddy.farm/i/boltonic-love-potion-4/,icon_found,200,Boltonic Love Potion 4,https://farmrpg.com/img/items/lovepotion.png,/img/items/lovepotion.png,lovepotion.png,4,,
Bomb,bomb,bomb,https://buddy.farm/i/bomb/,icon_found,200,Bomb,https://farmrpg.com/img/items/bomb.png,/img/items/bomb.png,bomb.png,16,,
Bone,bone,bone,https://buddy.farm/i/bone/,icon_found,200,Bone,https://farmrpg.com/img/items/6033.PNG,/img/items/6033.PNG,6033.PNG,25,,
Bone 02,bone 02,bone-02,https://buddy.farm/i/bone-02/,icon_found,200,Bone 02,https://farmrpg.com/img/items/bone2.png,/img/items/bone2.png,bone2.png,1,,
Bone 03,bone 03,bone-03,https://buddy.farm/i/bone-03/,icon_found,200,Bone 03,https://farmrpg.com/img/items/bone3.png,/img/items/bone3.png,bone3.png,1,,
Bone 04,bone 04,bone-04,https://buddy.farm/i/bone-04/,icon_found,200,Bone 04,https://farmrpg.com/img/items/bone4.png,/img/items/bone4.png,bone4.png,1,,
Bone 05,bone 05,bone-05,https://buddy.farm/i/bone-05/,icon_found,200,Bone 05,https://farmrpg.com/img/items/bone5.png,/img/items/bone5.png,bone5.png,1,,
Bone 06,bone 06,bone-06,https://buddy.farm/i/bone-06/,icon_found,200,Bone 06,https://farmrpg.com/img/items/1276.PNG,/img/items/1276.PNG,1276.PNG,1,,
Bone Broth,bone broth,bone-broth,https://buddy.farm/i/bone-broth/,icon_found,200,Bone Broth,https://farmrpg.com/img/items/bonebroth.png,/img/items/bonebroth.png,bonebroth.png,23,,
Bone Fish,bone fish,bone-fish,https://buddy.farm/i/bone-fish/,icon_found,200,Bone Fish,https://farmrpg.com/img/items/7741.PNG,/img/items/7741.PNG,7741.PNG,11,,
Bone Fragments,bone fragments,bone-fragments,https://buddy.farm/i/bone-fragments/,icon_found,200,Bone Fragments,https://farmrpg.com/img/items/873.PNG,/img/items/873.PNG,873.PNG,1,,
Bone Pickaxe,bone pickaxe,bone-pickaxe,https://buddy.farm/i/bone-pickaxe/,icon_found,200,Bone Pickaxe,https://farmrpg.com/img/items/boneaxe.png?2,/img/items/boneaxe.png,boneaxe.png,6,,
Boobun's Spray Bottle,boobun's spray bottle,boobun-s-spray-bottle,https://buddy.farm/i/boobun-s-spray-bottle/,icon_found,200,Boobun&#x27;s Spray Bottle,https://farmrpg.com/img/items/spraybottle.png,/img/items/spraybottle.png,spraybottle.png,2,,
Book of Clues,book of clues,book-of-clues,https://buddy.farm/i/book-of-clues/,icon_found,200,Book of Clues,https://farmrpg.com/img/items/6979.png,/img/items/6979.png,6979.png,2,,
Book of Fish,book of fish,book-of-fish,https://buddy.farm/i/book-of-fish/,icon_found,200,Book of Fish,https://farmrpg.com/img/items/bookoffish.png,/img/items/bookoffish.png,bookoffish.png,2,,
Book of Flora,book of flora,book-of-flora,https://buddy.farm/i/book-of-flora/,icon_found,200,Book of Flora,https://farmrpg.com/img/items/7587.png,/img/items/7587.png,7587.png,3,,
Book of Insects,book of insects,book-of-insects,https://buddy.farm/i/book-of-insects/,icon_found,200,Book of Insects,https://farmrpg.com/img/items/7578.png,/img/items/7578.png,7578.png,2,,
Book of Knots,book of knots,book-of-knots,https://buddy.farm/i/book-of-knots/,icon_found,200,Book of Knots,https://farmrpg.com/img/items/5835.png,/img/items/5835.png,5835.png,2,,
Book of Maps,book of maps,book-of-maps,https://buddy.farm/i/book-of-maps/,icon_found,200,Book of Maps,https://farmrpg.com/img/items/7583.png,/img/items/7583.png,7583.png,2,,
Book of Schemas,book of schemas,book-of-schemas,https://buddy.farm/i/book-of-schemas/,icon_found,200,Book of Schemas,https://farmrpg.com/img/items/7922.png,/img/items/7922.png,7922.png,4,,
Book of Skill,book of skill,book-of-skill,https://buddy.farm/i/book-of-skill/,icon_found,200,Book of Skill,https://farmrpg.com/img/items/7792.png,/img/items/7792.png,7792.png,2,,
Book of Spells,book of spells,book-of-spells,https://buddy.farm/i/book-of-spells/,icon_found,200,Book of Spells,https://farmrpg.com/img/items/afk_9510.png,/img/items/afk_9510.png,afk_9510.png,1,,
Book of Time,book of time,book-of-time,https://buddy.farm/i/book-of-time/,icon_found,200,Book of Time,https://farmrpg.com/img/items/7574.png,/img/items/7574.png,7574.png,2,,
Borgen Bag 01,borgen bag 01,borgen-bag-01,https://buddy.farm/i/borgen-bag-01/,icon_found,200,Borgen Bag 01,https://farmrpg.com/img/items/BagsAndBoxes_59_t.png,/img/items/BagsAndBoxes_59_t.png,BagsAndBoxes_59_t.png,86,,
Borgen Bobblehead,borgen bobblehead,borgen-bobblehead,https://buddy.farm/i/borgen-bobblehead/,icon_found,200,Borgen Bobblehead,https://farmrpg.com/img/items/bobble_borgen.png,/img/items/bobble_borgen.png,bobble_borgen.png,2,,
Borgen Buck,borgen buck,borgen-buck,https://buddy.farm/i/borgen-buck/,icon_found,200,Borgen Buck,https://farmrpg.com/img/items/borgenbuck.png,/img/items/borgenbuck.png,borgenbuck.png,42,,
Borgen's Dancing Belt,borgen's dancing belt,borgen-s-dancing-belt,https://buddy.farm/i/borgen-s-dancing-belt/,icon_found,200,Borgen&#x27;s Dancing Belt,https://farmrpg.com/img/items/2064.png,/img/items/2064.png,2064.png,1,,
Bottle Rocket,bottle rocket,bottle-rocket,https://buddy.farm/i/bottle-rocket/,icon_found,200,Bottle Rocket,https://farmrpg.com/img/items/6123.png,/img/items/6123.png,6123.png,24,,
Bouquet of Flowers,bouquet of flowers,bouquet-of-flowers,https://buddy.farm/i/bouquet-of-flowers/,icon_found,200,Bouquet of Flowers,https://farmrpg.com/img/items/bouquet.png?1,/img/items/bouquet.png,bouquet.png,16,,
Bouquet of Roses,bouquet of roses,bouquet-of-roses,https://buddy.farm/i/bouquet-of-roses/,icon_found,200,Bouquet of Roses,https://farmrpg.com/img/items/l_03_t.PNG,/img/items/l_03_t.PNG,l_03_t.PNG,14,,
Box of Chocolate 01,box of chocolate 01,box-of-chocolate-01,https://buddy.farm/i/box-of-chocolate-01/,icon_found,200,Box of Chocolate 01,https://farmrpg.com/img/items/l_06_t.png?1,/img/items/l_06_t.png,l_06_t.png,18,,
Box of Chocolate 02,box of chocolate 02,box-of-chocolate-02,https://buddy.farm/i/box-of-chocolate-02/,icon_found,200,Box of Chocolate 02,https://farmrpg.com/img/items/l_06_t.png?1,/img/items/l_06_t.png,l_06_t.png,13,,
Box of Holiday Cakes,box of holiday cakes,box-of-holiday-cakes,https://buddy.farm/i/box-of-holiday-cakes/,icon_found,200,Box of Holiday Cakes,https://farmrpg.com/img/items/treecakebox.png,/img/items/treecakebox.png,treecakebox.png,14,,
Brain Fungus,brain fungus,brain-fungus,https://buddy.farm/i/brain-fungus/,icon_found,200,Brain Fungus,https://farmrpg.com/img/items/brainfungus.png,/img/items/brainfungus.png,brainfungus.png,1,,
Bread,bread,bread,https://buddy.farm/i/bread/,icon_found,200,Bread,https://farmrpg.com/img/items/7200.png,/img/items/7200.png,7200.png,3,,
Breakfast Boost,breakfast boost,breakfast-boost,https://buddy.farm/i/breakfast-boost/,icon_found,200,Breakfast Boost,https://farmrpg.com/img/items/eggsandwich.png,/img/items/eggsandwich.png,eggsandwich.png,38,,
Briomine,briomine,briomine,https://buddy.farm/i/briomine/,icon_found,200,Briomine,https://farmrpg.com/img/items/9439.png,/img/items/9439.png,9439.png,1,,
Broccoli,broccoli,broccoli,https://buddy.farm/i/broccoli/,icon_found,200,Broccoli,https://farmrpg.com/img/items/8757.png,/img/items/8757.png,8757.png,36,,
Broccoli Seeds,broccoli seeds,broccoli-seeds,https://buddy.farm/i/broccoli-seeds/,icon_found,200,Broccoli Seeds,https://farmrpg.com/img/items/seeds_broccoli.png,/img/items/seeds_broccoli.png,seeds_broccoli.png,7,,
Broken Bangle,broken bangle,broken-bangle,https://buddy.farm/i/broken-bangle/,icon_found,200,Broken Bangle,https://farmrpg.com/img/items/9090.png,/img/items/9090.png,9090.png,1,,
Broken Memory Belt,broken memory belt,broken-memory-belt,https://buddy.farm/i/broken-memory-belt/,icon_found,200,Broken Memory Belt,https://farmrpg.com/img/items/5576.png,/img/items/5576.png,5576.png,3,,
Broken Pipe,broken pipe,broken-pipe,https://buddy.farm/i/broken-pipe/,icon_found,200,Broken Pipe,https://farmrpg.com/img/items/9389.PNG,/img/items/9389.PNG,9389.PNG,11,,
Broken Sword,broken sword,broken-sword,https://buddy.farm/i/broken-sword/,icon_found,200,Broken Sword,https://farmrpg.com/img/items/9489.png,/img/items/9489.png,9489.png,1,,
Brooch of the Bahltruvian Elite,brooch of the bahltruvian elite,brooch-of-the-bahltruvian-elite,https://buddy.farm/i/brooch-of-the-bahltruvian-elite/,icon_found,200,Brooch of the Bahltruvian Elite,https://farmrpg.com/img/items/brooch.png?1,/img/items/brooch.png,brooch.png,2,,
Broom,broom,broom,https://buddy.farm/i/broom/,icon_found,200,Broom,https://farmrpg.com/img/items/5717.PNG,/img/items/5717.PNG,5717.PNG,14,,
Brown Bag,brown bag,brown-bag,https://buddy.farm/i/brown-bag/,icon_found,200,Brown Bag,https://farmrpg.com/img/items/brownbag.png,/img/items/brownbag.png,brownbag.png,4,,
Brown Cloak,brown cloak,brown-cloak,https://buddy.farm/i/brown-cloak/,icon_found,200,Brown Cloak,https://farmrpg.com/img/items/browncloak.png,/img/items/browncloak.png,browncloak.png,6,,
Brown Dye,brown dye,brown-dye,https://buddy.farm/i/brown-dye/,icon_found,200,Brown Dye,https://farmrpg.com/img/items/browndye.png,/img/items/browndye.png,browndye.png,7,,
Brown Sugar,brown sugar,brown-sugar,https://buddy.farm/i/brown-sugar/,icon_found,200,Brown Sugar,https://farmrpg.com/img/items/sugar-brown.png,/img/items/sugar-brown.png,sugar-brown.png,8,,
Brown Twine,brown twine,brown-twine,https://buddy.farm/i/brown-twine/,icon_found,200,Brown Twine,https://farmrpg.com/img/items/browntwine.png,/img/items/browntwine.png,browntwine.png,4,,
Bucket,bucket,bucket,https://buddy.farm/i/bucket/,icon_found,200,Bucket,https://farmrpg.com/img/items/8263.PNG?1,/img/items/8263.PNG,8263.PNG,67,,
Buddy Bobblehead,buddy bobblehead,buddy-bobblehead,https://buddy.farm/i/buddy-bobblehead/,icon_found,200,Buddy Bobblehead,https://farmrpg.com/img/items/bobble_buddy.png,/img/items/bobble_buddy.png,bobble_buddy.png,2,,
Buddy Cushion,buddy cushion,buddy-cushion,https://buddy.farm/i/buddy-cushion/,icon_found,200,Buddy Cushion,https://farmrpg.com/img/items/buddycushion.png,/img/items/buddycushion.png,buddycushion.png,2,,
Buddy Doll,buddy doll,buddy-doll,https://buddy.farm/i/buddy-doll/,icon_found,200,Buddy Doll,https://farmrpg.com/img/items/buddydoll2.png,/img/items/buddydoll2.png,buddydoll2.png,18,,
Buddy Doll Bag 01,buddy doll bag 01,buddy-doll-bag-01,https://buddy.farm/i/buddy-doll-bag-01/,icon_found,200,Buddy Doll Bag 01,https://farmrpg.com/img/items/Buddybag3.png,/img/items/Buddybag3.png,Buddybag3.png,14,,
Buddy Doll Bag 02,buddy doll bag 02,buddy-doll-bag-02,https://buddy.farm/i/buddy-doll-bag-02/,icon_found,200,Buddy Doll Bag 02,https://farmrpg.com/img/items/Buddybag4.png,/img/items/Buddybag4.png,Buddybag4.png,9,,
Buddy Elf on a Shelf,buddy elf on a shelf,buddy-elf-on-a-shelf,https://buddy.farm/i/buddy-elf-on-a-shelf/,icon_found,200,Buddy Elf on a Shelf,https://farmrpg.com/img/items/belfonashelf.png,/img/items/belfonashelf.png,belfonashelf.png,2,,
Buddy Loves You Card,buddy loves you card,buddy-loves-you-card,https://buddy.farm/i/buddy-loves-you-card/,icon_found,200,Buddy Loves You Card,https://farmrpg.com/img/items/card_buddylove.png,/img/items/card_buddylove.png,card_buddylove.png,7,,
Buddy's Beach Bag,buddy's beach bag,buddy-s-beach-bag,https://buddy.farm/i/buddy-s-beach-bag/,icon_found,200,Buddy&#x27;s Beach Bag,https://farmrpg.com/img/items/buddybag2.png,/img/items/buddybag2.png,buddybag2.png,13,,
Buddy's Beach Ball,buddy's beach ball,buddy-s-beach-ball,https://buddy.farm/i/buddy-s-beach-ball/,icon_found,200,Buddy&#x27;s Beach Ball,https://farmrpg.com/img/items/beachball2.png,/img/items/beachball2.png,beachball2.png,3,,
Buddy's Old Pirate Belt,buddy's old pirate belt,buddy-s-old-pirate-belt,https://buddy.farm/i/buddy-s-old-pirate-belt/,icon_found,200,Buddy&#x27;s Old Pirate Belt,https://farmrpg.com/img/items/2077.png,/img/items/2077.png,2077.png,1,,
Buddy's School Bag,buddy's school bag,buddy-s-school-bag,https://buddy.farm/i/buddy-s-school-bag/,icon_found,200,Buddy&#x27;s School Bag,https://farmrpg.com/img/items/buddybag.png?2,/img/items/buddybag.png,buddybag.png,11,,
Buddy's Sleeping Cap,buddy's sleeping cap,buddy-s-sleeping-cap,https://buddy.farm/i/buddy-s-sleeping-cap/,icon_found,200,Buddy&#x27;s Sleeping Cap,https://farmrpg.com/img/items/buddyssleepingcap.png,/img/items/buddyssleepingcap.png,buddyssleepingcap.png,3,,
Buddystone,buddystone,buddystone,https://buddy.farm/i/buddystone/,icon_found,200,Buddystone,https://farmrpg.com/img/items/buddystone.png,/img/items/buddystone.png,buddystone.png,14,,
Bug Bag 01,bug bag 01,bug-bag-01,https://buddy.farm/i/bug-bag-01/,icon_found,200,Bug Bag 01,https://farmrpg.com/img/items/bug_bag.png,/img/items/bug_bag.png,bug_bag.png,22,,
Bullfish,bullfish,bullfish,https://buddy.farm/i/bullfish/,icon_found,200,Bullfish,https://farmrpg.com/img/items/bullfish.png,/img/items/bullfish.png,bullfish.png,6,,
Bunny Buddy Doll,bunny buddy doll,bunny-buddy-doll,https://buddy.farm/i/bunny-buddy-doll/,icon_found,200,Bunny Buddy Doll,https://farmrpg.com/img/items/bunnybuddydollx.png,/img/items/bunnybuddydollx.png,bunnybuddydollx.png,2,,
Bunny Ears,bunny ears,bunny-ears,https://buddy.farm/i/bunny-ears/,icon_found,200,Bunny Ears,https://farmrpg.com/img/items/ears.png,/img/items/ears.png,ears.png,2,,
Butter,butter,butter,https://buddy.farm/i/butter/,icon_found,200,Butter,https://farmrpg.com/img/items/4431.png,/img/items/4431.png,4431.png,33,,
Butter Churn,butter churn,butter-churn,https://buddy.farm/i/butter-churn/,icon_found,200,Butter Churn,https://farmrpg.com/img/items/churn.png,/img/items/churn.png,churn.png,5,,
Cabbage,cabbage,cabbage,https://buddy.farm/i/cabbage/,icon_found,200,Cabbage,https://farmrpg.com/img/items/8319-3.png?1,/img/items/8319-3.png,8319-3.png,60,,
Cabbage Seeds,cabbage seeds,cabbage-seeds,https://buddy.farm/i/cabbage-seeds/,icon_found,200,Cabbage Seeds,https://farmrpg.com/img/items/seeds_cabbage.png,/img/items/seeds_cabbage.png,seeds_cabbage.png,4,,
Cabbage Stew,cabbage stew,cabbage-stew,https://buddy.farm/i/cabbage-stew/,icon_found,200,Cabbage Stew,https://farmrpg.com/img/items/greensoup.png,/img/items/greensoup.png,greensoup.png,35,,
Calavera 01,calavera 01,calavera-01,https://buddy.farm/i/calavera-01/,icon_found,200,Calavera 01,https://farmrpg.com/img/items/738.png,/img/items/738.png,738.png,5,,
Calavera 02,calavera 02,calavera-02,https://buddy.farm/i/calavera-02/,icon_found,200,Calavera 02,https://farmrpg.com/img/items/739.png,/img/items/739.png,739.png,5,,
Calcifite,calcifite,calcifite,https://buddy.farm/i/calcifite/,icon_found,200,Calcifite,https://farmrpg.com/img/items/9441.png,/img/items/9441.png,9441.png,1,,
Candy,candy,candy,https://buddy.farm/i/candy/,icon_found,200,Candy,https://farmrpg.com/img/items/candy_t_09.png,/img/items/candy_t_09.png,candy_t_09.png,66,,
Candy Cane,candy cane,candy-cane,https://buddy.farm/i/candy-cane/,icon_found,200,Candy Cane,https://farmrpg.com/img/items/cr_t_05.png,/img/items/cr_t_05.png,cr_t_05.png,27,,
Candy Corn,candy corn,candy-corn,https://buddy.farm/i/candy-corn/,icon_found,200,Candy Corn,https://farmrpg.com/img/items/candycorn.png,/img/items/candycorn.png,candycorn.png,54,,
Candy Roll,candy roll,candy-roll,https://buddy.farm/i/candy-roll/,icon_found,200,Candy Roll,https://farmrpg.com/img/items/14_sm.png,/img/items/14_sm.png,14_sm.png,21,,
Cannon,cannon,cannon,https://buddy.farm/i/cannon/,icon_found,200,Cannon,https://farmrpg.com/img/items/1096.png,/img/items/1096.png,1096.png,23,,
Canoe,canoe,canoe,https://buddy.farm/i/canoe/,icon_found,200,Canoe,https://farmrpg.com/img/items/554.png,/img/items/554.png,554.png,15,,
Captains Log,captains log,captains-log,https://buddy.farm/i/captains-log/,icon_found,200,Captains Log,https://farmrpg.com/img/items/4868.png,/img/items/4868.png,4868.png,13,,
Captured Ghost,captured ghost,captured-ghost,https://buddy.farm/i/captured-ghost/,uncertain,200,Captured Ghost,https://farmrpg.com/img/ghost.png,/img/ghost.png,ghost.png,41,unexpected_icon_path,The extracted icon URL did not use the expected /img/items/ path.
Capy Birthday Card,capy birthday card,capy-birthday-card,https://buddy.farm/i/capy-birthday-card/,icon_found,200,Capy Birthday Card,https://farmrpg.com/img/items/card_capybirthday.png,/img/items/card_capybirthday.png,card_capybirthday.png,5,,
Carbon Sphere,carbon sphere,carbon-sphere,https://buddy.farm/i/carbon-sphere/,icon_found,200,Carbon Sphere,https://farmrpg.com/img/items/carbonsphere.png,/img/items/carbonsphere.png,carbonsphere.png,36,,
Carnevale,carnevale,carnevale,https://buddy.farm/i/carnevale/,icon_found,200,Carnevale,https://farmrpg.com/img/items/2749.png,/img/items/2749.png,2749.png,3,,
Carp,carp,carp,https://buddy.farm/i/carp/,icon_found,200,Carp,https://farmrpg.com/img/items/7737.PNG,/img/items/7737.PNG,7737.PNG,11,,
Carrot,carrot,carrot,https://buddy.farm/i/carrot/,icon_found,200,Carrot,https://farmrpg.com/img/items/8391.PNG,/img/items/8391.PNG,8391.PNG,66,,
Carrot Seeds,carrot seeds,carrot-seeds,https://buddy.farm/i/carrot-seeds/,icon_found,200,Carrot Seeds,https://farmrpg.com/img/items/seeds_carrots.png,/img/items/seeds_carrots.png,seeds_carrots.png,9,,
Carved Bear,carved bear,carved-bear,https://buddy.farm/i/carved-bear/,icon_found,200,Carved Bear,https://farmrpg.com/img/items/carvedbear.png,/img/items/carvedbear.png,carvedbear.png,17,,
Carved Camel,carved camel,carved-camel,https://buddy.farm/i/carved-camel/,icon_found,200,Carved Camel,https://farmrpg.com/img/items/carvedcamel.png,/img/items/carvedcamel.png,carvedcamel.png,7,,
Carved Chicken,carved chicken,carved-chicken,https://buddy.farm/i/carved-chicken/,icon_found,200,Carved Chicken,https://farmrpg.com/img/items/carved_chicken.png,/img/items/carved_chicken.png,carved_chicken.png,3,,
Carved Cow,carved cow,carved-cow,https://buddy.farm/i/carved-cow/,icon_found,200,Carved Cow,https://farmrpg.com/img/items/carved_cow.png,/img/items/carved_cow.png,carved_cow.png,3,,
Carved Dragon,carved dragon,carved-dragon,https://buddy.farm/i/carved-dragon/,icon_found,200,Carved Dragon,https://farmrpg.com/img/items/carved_dragon.png,/img/items/carved_dragon.png,carved_dragon.png,4,,
Carved Fox,carved fox,carved-fox,https://buddy.farm/i/carved-fox/,icon_found,200,Carved Fox,https://farmrpg.com/img/items/carved_fox.png,/img/items/carved_fox.png,carved_fox.png,7,,
Carved Kitty,carved kitty,carved-kitty,https://buddy.farm/i/carved-kitty/,icon_found,200,Carved Kitty,https://farmrpg.com/img/items/carved_cat.png,/img/items/carved_cat.png,carved_cat.png,3,,
Carved Moose,carved moose,carved-moose,https://buddy.farm/i/carved-moose/,icon_found,200,Carved Moose,https://farmrpg.com/img/items/carvedmoose.png,/img/items/carvedmoose.png,carvedmoose.png,8,,
Carved Mouse,carved mouse,carved-mouse,https://buddy.farm/i/carved-mouse/,icon_found,200,Carved Mouse,https://farmrpg.com/img/items/carved_mouse.png,/img/items/carved_mouse.png,carved_mouse.png,4,,
Carved Owl,carved owl,carved-owl,https://buddy.farm/i/carved-owl/,icon_found,200,Carved Owl,https://farmrpg.com/img/items/carvedowl.png,/img/items/carvedowl.png,carvedowl.png,19,,
Carved Pig,carved pig,carved-pig,https://buddy.farm/i/carved-pig/,icon_found,200,Carved Pig,https://farmrpg.com/img/items/carved_pig.png,/img/items/carved_pig.png,carved_pig.png,2,,
Carved Rabbit,carved rabbit,carved-rabbit,https://buddy.farm/i/carved-rabbit/,icon_found,200,Carved Rabbit,https://farmrpg.com/img/items/carvedrabbit.png,/img/items/carvedrabbit.png,carvedrabbit.png,11,,
Carved Rhino,carved rhino,carved-rhino,https://buddy.farm/i/carved-rhino/,icon_found,200,Carved Rhino,https://farmrpg.com/img/items/carvedrhino.png,/img/items/carvedrhino.png,carvedrhino.png,9,,
Carved Squirrel,carved squirrel,carved-squirrel,https://buddy.farm/i/carved-squirrel/,icon_found,200,Carved Squirrel,https://farmrpg.com/img/items/carvedsquirrel.png,/img/items/carvedsquirrel.png,carvedsquirrel.png,9,,
Carved Squisquatch,carved squisquatch,carved-squisquatch,https://buddy.farm/i/carved-squisquatch/,icon_found,200,Carved Squisquatch,https://farmrpg.com/img/items/carved_squisquatch.png,/img/items/carved_squisquatch.png,carved_squisquatch.png,5,,
Carved Warthog,carved warthog,carved-warthog,https://buddy.farm/i/carved-warthog/,icon_found,200,Carved Warthog,https://farmrpg.com/img/items/carvedwh.png,/img/items/carvedwh.png,carvedwh.png,16,,
Cat's Meow,cat's meow,cat-s-meow,https://buddy.farm/i/cat-s-meow/,icon_found,200,Cat&#x27;s Meow,https://farmrpg.com/img/items/fishessensestew.png,/img/items/fishessensestew.png,fishessensestew.png,27,,
Caterpillar,caterpillar,caterpillar,https://buddy.farm/i/caterpillar/,icon_found,200,Caterpillar,https://farmrpg.com/img/items/caterpillar.png,/img/items/caterpillar.png,caterpillar.png,51,,
Catfish,catfish,catfish,https://buddy.farm/i/catfish/,icon_found,200,Catfish,https://farmrpg.com/img/items/redcatfish.png,/img/items/redcatfish.png,redcatfish.png,17,,
Cave Key,cave key,cave-key,https://buddy.farm/i/cave-key/,icon_found,200,Cave Key,https://farmrpg.com/img/items/stonekey.png?3,/img/items/stonekey.png,stonekey.png,1,,
Cave Mushroom,cave mushroom,cave-mushroom,https://buddy.farm/i/cave-mushroom/,icon_found,200,Cave Mushroom,https://farmrpg.com/img/items/6475.png,/img/items/6475.png,6475.png,1,,
Cecil Bobblehead,cecil bobblehead,cecil-bobblehead,https://buddy.farm/i/cecil-bobblehead/,icon_found,200,Cecil Bobblehead,https://farmrpg.com/img/items/bobble_cecil.png,/img/items/bobble_cecil.png,bobble_cecil.png,2,,
Cecil's Shrimp-a-Plenty,cecil's shrimp-a-plenty,cecil-s-shrimp-a-plenty,https://buddy.farm/i/cecil-s-shrimp-a-plenty/,icon_found,200,Cecil&#x27;s Shrimp-a-Plenty,https://farmrpg.com/img/items/recipe.png,/img/items/recipe.png,recipe.png,3,,
Cepathorf's Case,cepathorf's case,cepathorf-s-case,https://buddy.farm/i/cepathorf-s-case/,icon_found,200,Cepathorf&#x27;s Case,https://farmrpg.com/img/items/boxes_012.png,/img/items/boxes_012.png,boxes_012.png,2,,
Certificate of Beet Giving,certificate of beet giving,certificate-of-beet-giving,https://buddy.farm/i/certificate-of-beet-giving/,icon_found,200,Certificate of Beet Giving,https://farmrpg.com/img/items/7896-purple.png,/img/items/7896-purple.png,7896-purple.png,2,,
Certificate of Broccoli Giving,certificate of broccoli giving,certificate-of-broccoli-giving,https://buddy.farm/i/certificate-of-broccoli-giving/,icon_found,200,Certificate of Broccoli Giving,https://farmrpg.com/img/items/7896-green.png,/img/items/7896-green.png,7896-green.png,4,,
Certificate of Cabbage Giving,certificate of cabbage giving,certificate-of-cabbage-giving,https://buddy.farm/i/certificate-of-cabbage-giving/,icon_found,200,Certificate of Cabbage Giving,https://farmrpg.com/img/items/7896-green.png,/img/items/7896-green.png,7896-green.png,2,,
Certificate of Carrot Giving,certificate of carrot giving,certificate-of-carrot-giving,https://buddy.farm/i/certificate-of-carrot-giving/,icon_found,200,Certificate of Carrot Giving,https://farmrpg.com/img/items/7896-orange.png,/img/items/7896-orange.png,7896-orange.png,2,,
Certificate of Corn Giving,certificate of corn giving,certificate-of-corn-giving,https://buddy.farm/i/certificate-of-corn-giving/,icon_found,200,Certificate of Corn Giving,https://farmrpg.com/img/items/7896-yellow.png,/img/items/7896-yellow.png,7896-yellow.png,4,,
Certificate of Cotton Giving,certificate of cotton giving,certificate-of-cotton-giving,https://buddy.farm/i/certificate-of-cotton-giving/,icon_found,200,Certificate of Cotton Giving,https://farmrpg.com/img/items/7896-gray.png,/img/items/7896-gray.png,7896-gray.png,4,,
Certificate of Cucumber Giving,certificate of cucumber giving,certificate-of-cucumber-giving,https://buddy.farm/i/certificate-of-cucumber-giving/,icon_found,200,Certificate of Cucumber Giving,https://farmrpg.com/img/items/7896-green.png,/img/items/7896-green.png,7896-green.png,4,,
Certificate of Eggplant Giving,certificate of eggplant giving,certificate-of-eggplant-giving,https://buddy.farm/i/certificate-of-eggplant-giving/,icon_found,200,Certificate of Eggplant Giving,https://farmrpg.com/img/items/7896-purple.png,/img/items/7896-purple.png,7896-purple.png,4,,
Certificate of Hops Giving,certificate of hops giving,certificate-of-hops-giving,https://buddy.farm/i/certificate-of-hops-giving/,icon_found,200,Certificate of Hops Giving,https://farmrpg.com/img/items/7896-green.png,/img/items/7896-green.png,7896-green.png,2,,
Certificate of Leek Giving,certificate of leek giving,certificate-of-leek-giving,https://buddy.farm/i/certificate-of-leek-giving/,icon_found,200,Certificate of Leek Giving,https://farmrpg.com/img/items/7896-green.png,/img/items/7896-green.png,7896-green.png,2,,
Certificate of Onion Giving,certificate of onion giving,certificate-of-onion-giving,https://buddy.farm/i/certificate-of-onion-giving/,icon_found,200,Certificate of Onion Giving,https://farmrpg.com/img/items/7896-green.png,/img/items/7896-green.png,7896-green.png,2,,
Certificate of Pea Giving,certificate of pea giving,certificate-of-pea-giving,https://buddy.farm/i/certificate-of-pea-giving/,icon_found,200,Certificate of Pea Giving,https://farmrpg.com/img/items/7896-green.png,/img/items/7896-green.png,7896-green.png,2,,
Certificate of Pepper Giving,certificate of pepper giving,certificate-of-pepper-giving,https://buddy.farm/i/certificate-of-pepper-giving/,icon_found,200,Certificate of Pepper Giving,https://farmrpg.com/img/items/7896.png,/img/items/7896.png,7896.png,4,,
Certificate of Pine Giving,certificate of pine giving,certificate-of-pine-giving,https://buddy.farm/i/certificate-of-pine-giving/,icon_found,200,Certificate of Pine Giving,https://farmrpg.com/img/items/7896-green.png,/img/items/7896-green.png,7896-green.png,4,,
Certificate of Potato Giving,certificate of potato giving,certificate-of-potato-giving,https://buddy.farm/i/certificate-of-potato-giving/,icon_found,200,Certificate of Potato Giving,https://farmrpg.com/img/items/7896-blue.png,/img/items/7896-blue.png,7896-blue.png,4,,
Certificate of Pumpkin Giving,certificate of pumpkin giving,certificate-of-pumpkin-giving,https://buddy.farm/i/certificate-of-pumpkin-giving/,icon_found,200,Certificate of Pumpkin Giving,https://farmrpg.com/img/items/7896-orange.png,/img/items/7896-orange.png,7896-orange.png,2,,
Certificate of Radish Giving,certificate of radish giving,certificate-of-radish-giving,https://buddy.farm/i/certificate-of-radish-giving/,icon_found,200,Certificate of Radish Giving,https://farmrpg.com/img/items/7896.png,/img/items/7896.png,7896.png,2,,
Certificate of Rice Giving,certificate of rice giving,certificate-of-rice-giving,https://buddy.farm/i/certificate-of-rice-giving/,icon_found,200,Certificate of Rice Giving,https://farmrpg.com/img/items/7896-yellow.png,/img/items/7896-yellow.png,7896-yellow.png,4,,
Certificate of Sugar Cane Giving,certificate of sugar cane giving,certificate-of-sugar-cane-giving,https://buddy.farm/i/certificate-of-sugar-cane-giving/,icon_found,200,Certificate of Sugar Cane Giving,https://farmrpg.com/img/items/7896-yellow.png,/img/items/7896-yellow.png,7896-yellow.png,2,,
Certificate of Sunflower Giving,certificate of sunflower giving,certificate-of-sunflower-giving,https://buddy.farm/i/certificate-of-sunflower-giving/,icon_found,200,Certificate of Sunflower Giving,https://farmrpg.com/img/items/7896-yellow.png,/img/items/7896-yellow.png,7896-yellow.png,2,,
Certificate of Tomato Giving,certificate of tomato giving,certificate-of-tomato-giving,https://buddy.farm/i/certificate-of-tomato-giving/,icon_found,200,Certificate of Tomato Giving,https://farmrpg.com/img/items/7896.png,/img/items/7896.png,7896.png,2,,
Certificate of Watermelon Giving,certificate of watermelon giving,certificate-of-watermelon-giving,https://buddy.farm/i/certificate-of-watermelon-giving/,icon_found,200,Certificate of Watermelon Giving,https://farmrpg.com/img/items/7896-green.png,/img/items/7896-green.png,7896-green.png,4,,
Certificate of Wheat Giving,certificate of wheat giving,certificate-of-wheat-giving,https://buddy.farm/i/certificate-of-wheat-giving/,icon_found,200,Certificate of Wheat Giving,https://farmrpg.com/img/items/7896-yellow.png,/img/items/7896-yellow.png,7896-yellow.png,4,,
Chapiku,chapiku,chapiku,https://buddy.farm/i/chapiku/,icon_found,200,Chapiku,https://farmrpg.com/img/items/Stripeymouse.png,/img/items/Stripeymouse.png,Stripeymouse.png,2,,
Charles Bobblehead,charles bobblehead,charles-bobblehead,https://buddy.farm/i/charles-bobblehead/,icon_found,200,Charles Bobblehead,https://farmrpg.com/img/items/bobble_charles.png,/img/items/bobble_charles.png,bobble_charles.png,2,,
Charles's Neigh,charles's neigh,charles-s-neigh,https://buddy.farm/i/charles-s-neigh/,icon_found,200,Charles&#x27;s Neigh,https://farmrpg.com/img/items/recipe.png,/img/items/recipe.png,recipe.png,3,,
Chattering Teeth,chattering teeth,chattering-teeth,https://buddy.farm/i/chattering-teeth/,icon_found,200,Chattering Teeth,https://farmrpg.com/img/items/jaw_t_01.png?1,/img/items/jaw_t_01.png,jaw_t_01.png,18,,
Cheese,cheese,cheese,https://buddy.farm/i/cheese/,icon_found,200,Cheese,https://farmrpg.com/img/items/8279.png,/img/items/8279.png,8279.png,40,,
Cheese Wheel,cheese wheel,cheese-wheel,https://buddy.farm/i/cheese-wheel/,icon_found,200,Cheese Wheel,https://farmrpg.com/img/items/viri_4437.png,/img/items/viri_4437.png,viri_4437.png,1,,
Chocolate Bunny,chocolate bunny,chocolate-bunny,https://buddy.farm/i/chocolate-bunny/,icon_found,200,Chocolate Bunny,https://farmrpg.com/img/items/chocobunny.png,/img/items/chocobunny.png,chocobunny.png,7,,
Christmas Card,christmas card,christmas-card,https://buddy.farm/i/christmas-card/,icon_found,200,Christmas Card,https://farmrpg.com/img/items/card_christmas.png,/img/items/card_christmas.png,card_christmas.png,8,,
Christmas Present 01,christmas present 01,christmas-present-01,https://buddy.farm/i/christmas-present-01/,icon_found,200,Christmas Present 01,https://farmrpg.com/img/items/7468.png,/img/items/7468.png,7468.png,5,,
Christmas Present 02,christmas present 02,christmas-present-02,https://buddy.farm/i/christmas-present-02/,icon_found,200,Christmas Present 02,https://farmrpg.com/img/items/7468.png,/img/items/7468.png,7468.png,6,,
Christmas Present 03,christmas present 03,christmas-present-03,https://buddy.farm/i/christmas-present-03/,icon_found,200,Christmas Present 03,https://farmrpg.com/img/items/7468.png,/img/items/7468.png,7468.png,6,,
Christmas Present 04,christmas present 04,christmas-present-04,https://buddy.farm/i/christmas-present-04/,icon_found,200,Christmas Present 04,https://farmrpg.com/img/items/7468.png,/img/items/7468.png,7468.png,7,,
Christmas Present 05,christmas present 05,christmas-present-05,https://buddy.farm/i/christmas-present-05/,icon_found,200,Christmas Present 05,https://farmrpg.com/img/items/7468.png,/img/items/7468.png,7468.png,8,,
Christmas Present 06,christmas present 06,christmas-present-06,https://buddy.farm/i/christmas-present-06/,icon_found,200,Christmas Present 06,https://farmrpg.com/img/items/7468.png,/img/items/7468.png,7468.png,9,,
Christmas Present 07,christmas present 07,christmas-present-07,https://buddy.farm/i/christmas-present-07/,icon_found,200,Christmas Present 07,https://farmrpg.com/img/items/7468.png,/img/items/7468.png,7468.png,5,,
Christmas Present 08,christmas present 08,christmas-present-08,https://buddy.farm/i/christmas-present-08/,icon_found,200,Christmas Present 08,https://farmrpg.com/img/items/7468.png,/img/items/7468.png,7468.png,11,,
Christmas Present 09,christmas present 09,christmas-present-09,https://buddy.farm/i/christmas-present-09/,icon_found,200,Christmas Present 09,https://farmrpg.com/img/items/7468.png,/img/items/7468.png,7468.png,12,,
Christmas Present 10,christmas present 10,christmas-present-10,https://buddy.farm/i/christmas-present-10/,icon_found,200,Christmas Present 10,https://farmrpg.com/img/items/7468.png,/img/items/7468.png,7468.png,14,,
Christmas Present 11,christmas present 11,christmas-present-11,https://buddy.farm/i/christmas-present-11/,icon_found,200,Christmas Present 11,https://farmrpg.com/img/items/7468.png,/img/items/7468.png,7468.png,7,,
Christmas Present 12,christmas present 12,christmas-present-12,https://buddy.farm/i/christmas-present-12/,icon_found,200,Christmas Present 12,https://farmrpg.com/img/items/7468.png,/img/items/7468.png,7468.png,4,,
Christmas Stocking,christmas stocking,christmas-stocking,https://buddy.farm/i/christmas-stocking/,icon_found,200,Christmas Stocking,https://farmrpg.com/img/items/18_sm.png,/img/items/18_sm.png,18_sm.png,15,,
Christmas Sweater,christmas sweater,christmas-sweater,https://buddy.farm/i/christmas-sweater/,icon_found,200,Christmas Sweater,https://farmrpg.com/img/items/9_sm.png,/img/items/9_sm.png,9_sm.png,19,,
Christmas Tree,christmas tree,christmas-tree,https://buddy.farm/i/christmas-tree/,icon_found,200,Christmas Tree,https://farmrpg.com/img/items/cr_t_06_b.png?1,/img/items/cr_t_06_b.png,cr_t_06_b.png,33,,
Chum,chum,chum,https://buddy.farm/i/chum/,icon_found,200,Chum,https://farmrpg.com/img/items/chumbucket.png,/img/items/chumbucket.png,chumbucket.png,27,,
Cicada,cicada,cicada,https://buddy.farm/i/cicada/,icon_found,200,Cicada,https://farmrpg.com/img/items/cicada.png?1,/img/items/cicada.png,cicada.png,10,,
Cicada Shell,cicada shell,cicada-shell,https://buddy.farm/i/cicada-shell/,icon_found,200,Cicada Shell,https://farmrpg.com/img/items/cicadashell.png,/img/items/cicadashell.png,cicadashell.png,5,,
Cid Bobblehead,cid bobblehead,cid-bobblehead,https://buddy.farm/i/cid-bobblehead/,icon_found,200,Cid Bobblehead,https://farmrpg.com/img/items/bobble_cid.png,/img/items/bobble_cid.png,bobble_cid.png,2,,
Cid's Stone Ale,cid's stone ale,cid-s-stone-ale,https://buddy.farm/i/cid-s-stone-ale/,icon_found,200,Cid&#x27;s Stone Ale,https://farmrpg.com/img/items/ale.png,/img/items/ale.png,ale.png,3,,
Circuit Breaker Belt,circuit breaker belt,circuit-breaker-belt,https://buddy.farm/i/circuit-breaker-belt/,icon_found,200,Circuit Breaker Belt,https://farmrpg.com/img/items/973.png,/img/items/973.png,973.png,2,,
Clam Shell,clam shell,clam-shell,https://buddy.farm/i/clam-shell/,icon_found,200,Clam Shell,https://farmrpg.com/img/items/7820.png,/img/items/7820.png,7820.png,7,,
Clawed Card,clawed card,clawed-card,https://buddy.farm/i/clawed-card/,icon_found,200,Clawed Card,https://farmrpg.com/img/items/card_clawed.png,/img/items/card_clawed.png,card_clawed.png,4,,
Cleaver,cleaver,cleaver,https://buddy.farm/i/cleaver/,icon_found,200,Cleaver,https://farmrpg.com/img/items/876.png,/img/items/876.png,876.png,3,,
Cloth,cloth,cloth,https://buddy.farm/i/cloth/,icon_found,200,Cloth,https://farmrpg.com/img/items/690.png,/img/items/690.png,690.png,13,,
Clownfish,clownfish,clownfish,https://buddy.farm/i/clownfish/,icon_found,200,Clownfish,https://farmrpg.com/img/items/7832.PNG,/img/items/7832.PNG,7832.PNG,10,,
Clubs,clubs,clubs,https://buddy.farm/i/clubs/,icon_found,200,Clubs,https://farmrpg.com/img/items/card_clubs.png,/img/items/card_clubs.png,card_clubs.png,27,,
Coal,coal,coal,https://buddy.farm/i/coal/,icon_found,200,Coal,https://farmrpg.com/img/items/coal.png,/img/items/coal.png,coal.png,73,,
Cockatrice Egg,cockatrice egg,cockatrice-egg,https://buddy.farm/i/cockatrice-egg/,icon_found,200,Cockatrice Egg,https://farmrpg.com/img/items/cockatrice_egg.png,/img/items/cockatrice_egg.png,cockatrice_egg.png,2,,
Cockatrice Ether Source,cockatrice ether source,cockatrice-ether-source,https://buddy.farm/i/cockatrice-ether-source/,icon_found,200,Cockatrice Ether Source,https://farmrpg.com/img/items/ethersource.png,/img/items/ethersource.png,ethersource.png,1,,
Coconut,coconut,coconut,https://buddy.farm/i/coconut/,icon_found,200,Coconut,https://farmrpg.com/img/items/coconut.png,/img/items/coconut.png,coconut.png,4,,
Coderanger's Missing Semicolon,coderanger's missing semicolon,coderanger-s-missing-semicolon,https://buddy.farm/i/coderanger-s-missing-semicolon/,icon_found,200,Coderanger&#x27;s Missing Semicolon,https://farmrpg.com/img/items/semi.png,/img/items/semi.png,semi.png,2,,
Cogwheel,cogwheel,cogwheel,https://buddy.farm/i/cogwheel/,icon_found,200,Cogwheel,https://farmrpg.com/img/items/7211.png,/img/items/7211.png,7211.png,42,,
Coin Purse,coin purse,coin-purse,https://buddy.farm/i/coin-purse/,icon_found,200,Coin Purse,https://farmrpg.com/img/items/5945.PNG,/img/items/5945.PNG,5945.PNG,21,,
Comet,comet,comet,https://buddy.farm/i/comet/,icon_found,200,Comet,https://farmrpg.com/img/items/comet.png,/img/items/comet.png,comet.png,5,,
Compass,compass,compass,https://buddy.farm/i/compass/,icon_found,200,Compass,https://farmrpg.com/img/items/4919.png,/img/items/4919.png,4919.png,17,,
Conch Shell,conch shell,conch-shell,https://buddy.farm/i/conch-shell/,icon_found,200,Conch Shell,https://farmrpg.com/img/items/7904.png,/img/items/7904.png,7904.png,10,,
Concord Grape Pie,concord grape pie,concord-grape-pie,https://buddy.farm/i/concord-grape-pie/,icon_found,200,Concord Grape Pie,https://farmrpg.com/img/items/grapepie.png,/img/items/grapepie.png,grapepie.png,23,,
Congratulations Card,congratulations card,congratulations-card,https://buddy.farm/i/congratulations-card/,icon_found,200,Congratulations Card,https://farmrpg.com/img/items/card_congrats.png,/img/items/card_congrats.png,card_congrats.png,5,,
Consumption Belt,consumption belt,consumption-belt,https://buddy.farm/i/consumption-belt/,icon_found,200,Consumption Belt,https://farmrpg.com/img/items/afk_9592.png,/img/items/afk_9592.png,afk_9592.png,1,,
Control Box,control box,control-box,https://buddy.farm/i/control-box/,icon_found,200,Control Box,https://farmrpg.com/img/items/9306b32.png,/img/items/9306b32.png,9306b32.png,13,,
Cooked Fish,cooked fish,cooked-fish,https://buddy.farm/i/cooked-fish/,icon_found,200,Cooked Fish,https://farmrpg.com/img/items/6320.png,/img/items/6320.png,6320.png,3,,
Cooked Turkey,cooked turkey,cooked-turkey,https://buddy.farm/i/cooked-turkey/,icon_found,200,Cooked Turkey,https://farmrpg.com/img/items/5742.png,/img/items/5742.png,5742.png,34,,
Cooking Pot,cooking pot,cooking-pot,https://buddy.farm/i/cooking-pot/,icon_found,200,Cooking Pot,https://farmrpg.com/img/items/2364.png?1,/img/items/2364.png,2364.png,18,,
Copper Wire,copper wire,copper-wire,https://buddy.farm/i/copper-wire/,icon_found,200,Copper Wire,https://farmrpg.com/img/items/9327.PNG,/img/items/9327.PNG,9327.PNG,12,,
Corn,corn,corn,https://buddy.farm/i/corn/,icon_found,200,Corn,https://farmrpg.com/img/items/8288.png,/img/items/8288.png,8288.png,151,,
Corn Ball,corn ball,corn-ball,https://buddy.farm/i/corn-ball/,icon_found,200,Corn Ball,https://farmrpg.com/img/items/Cornball.png,/img/items/Cornball.png,Cornball.png,4,,
Corn Bread,corn bread,corn-bread,https://buddy.farm/i/corn-bread/,icon_found,200,Corn Bread,https://farmrpg.com/img/items/cornbread.png,/img/items/cornbread.png,cornbread.png,1,,
Corn Buddy Doll,corn buddy doll,corn-buddy-doll,https://buddy.farm/i/corn-buddy-doll/,icon_found,200,Corn Buddy Doll,https://farmrpg.com/img/items/cornbuddydollx.png,/img/items/cornbuddydollx.png,cornbuddydollx.png,1,,
Corn Husk Doll,corn husk doll,corn-husk-doll,https://buddy.farm/i/corn-husk-doll/,icon_found,200,Corn Husk Doll,https://farmrpg.com/img/items/856.png,/img/items/856.png,856.png,21,,
Corn Kabob,corn kabob,corn-kabob,https://buddy.farm/i/corn-kabob/,icon_found,200,Corn Kabob,https://farmrpg.com/img/items/cornkabob.png,/img/items/cornkabob.png,cornkabob.png,5,,
Corn Oil,corn oil,corn-oil,https://buddy.farm/i/corn-oil/,icon_found,200,Corn Oil,https://farmrpg.com/img/items/cornoil.png,/img/items/cornoil.png,cornoil.png,69,,
Corn Prize Bag,corn prize bag,corn-prize-bag,https://buddy.farm/i/corn-prize-bag/,icon_found,200,Corn Prize Bag,https://farmrpg.com/img/items/bagofcorn.png,/img/items/bagofcorn.png,bagofcorn.png,47,,
Corn Seeds,corn seeds,corn-seeds,https://buddy.farm/i/corn-seeds/,icon_found,200,Corn Seeds,https://farmrpg.com/img/items/seeds_corn.png,/img/items/seeds_corn.png,seeds_corn.png,10,,
Corn Speedrun Trophy,corn speedrun trophy,corn-speedrun-trophy,https://buddy.farm/i/corn-speedrun-trophy/,icon_found,200,Corn Speedrun Trophy,https://farmrpg.com/img/items/corntrophy.png,/img/items/corntrophy.png,corntrophy.png,1,,
Cornucopia 01,cornucopia 01,cornucopia-01,https://buddy.farm/i/cornucopia-01/,icon_found,200,Cornucopia 01,https://farmrpg.com/img/items/cornucopia.png,/img/items/cornucopia.png,cornucopia.png,15,,
Cornucopia 02,cornucopia 02,cornucopia-02,https://buddy.farm/i/cornucopia-02/,icon_found,200,Cornucopia 02,https://farmrpg.com/img/items/cornucopia.png,/img/items/cornucopia.png,cornucopia.png,14,,
Cornucopia 03,cornucopia 03,cornucopia-03,https://buddy.farm/i/cornucopia-03/,icon_found,200,Cornucopia 03,https://farmrpg.com/img/items/cornucopia.png,/img/items/cornucopia.png,cornucopia.png,12,,
Cotton,cotton,cotton,https://buddy.farm/i/cotton/,icon_found,200,Cotton,https://farmrpg.com/img/items/8311.png,/img/items/8311.png,8311.png,49,,
Cotton Candy,cotton candy,cotton-candy,https://buddy.farm/i/cotton-candy/,icon_found,200,Cotton Candy,https://farmrpg.com/img/items/cottoncandy.png,/img/items/cottoncandy.png,cottoncandy.png,3,,
Cotton Seeds,cotton seeds,cotton-seeds,https://buddy.farm/i/cotton-seeds/,icon_found,200,Cotton Seeds,https://farmrpg.com/img/items/seeds_cotton.png,/img/items/seeds_cotton.png,seeds_cotton.png,7,,
CptThomas Bobblehead,cptthomas bobblehead,cptthomas-bobblehead,https://buddy.farm/i/cptthomas-bobblehead/,icon_found,200,CptThomas Bobblehead,https://farmrpg.com/img/items/bobble_ct.png,/img/items/bobble_ct.png,bobble_ct.png,2,,
Crab,crab,crab,https://buddy.farm/i/crab/,icon_found,200,Crab,https://farmrpg.com/img/items/3296.PNG,/img/items/3296.PNG,3296.PNG,6,,
Crab Claw,crab claw,crab-claw,https://buddy.farm/i/crab-claw/,icon_found,200,Crab Claw,https://farmrpg.com/img/items/crabclaw.png,/img/items/crabclaw.png,crabclaw.png,30,,
Cranberry Juice,cranberry juice,cranberry-juice,https://buddy.farm/i/cranberry-juice/,icon_found,200,Cranberry Juice,https://farmrpg.com/img/items/cranjuice2.png,/img/items/cranjuice2.png,cranjuice2.png,45,,
Crappie,crappie,crappie,https://buddy.farm/i/crappie/,icon_found,200,Crappie,https://farmrpg.com/img/items/7735.PNG,/img/items/7735.PNG,7735.PNG,11,,
Cricket,cricket,cricket,https://buddy.farm/i/cricket/,icon_found,200,Cricket,https://farmrpg.com/img/items/cricket.png,/img/items/cricket.png,cricket.png,4,,
Crossbow,crossbow,crossbow,https://buddy.farm/i/crossbow/,icon_found,200,Crossbow,https://farmrpg.com/img/items/8976.png,/img/items/8976.png,8976.png,20,,
Crowfish,crowfish,crowfish,https://buddy.farm/i/crowfish/,icon_found,200,Crowfish,https://farmrpg.com/img/items/crowfish.png,/img/items/crowfish.png,crowfish.png,6,,
Crown of Clover,crown of clover,crown-of-clover,https://buddy.farm/i/crown-of-clover/,icon_found,200,Crown of Clover,https://farmrpg.com/img/items/Crownofclover.png,/img/items/Crownofclover.png,Crownofclover.png,5,,
Crunchy Omelette,crunchy omelette,crunchy-omelette,https://buddy.farm/i/crunchy-omelette/,icon_found,200,Crunchy Omelette,https://farmrpg.com/img/items/omelet2.png,/img/items/omelet2.png,omelet2.png,7,,
Crystal Pickaxe,crystal pickaxe,crystal-pickaxe,https://buddy.farm/i/crystal-pickaxe/,icon_found,200,Crystal Pickaxe,https://farmrpg.com/img/items/crystalpickaxe.png,/img/items/crystalpickaxe.png,crystalpickaxe.png,9,,
Cucumber,cucumber,cucumber,https://buddy.farm/i/cucumber/,icon_found,200,Cucumber,https://farmrpg.com/img/items/5805.png,/img/items/5805.png,5805.png,27,,
Cucumber Seeds,cucumber seeds,cucumber-seeds,https://buddy.farm/i/cucumber-seeds/,icon_found,200,Cucumber Seeds,https://farmrpg.com/img/items/seeds_cucumber.png,/img/items/seeds_cucumber.png,seeds_cucumber.png,7,,
Cupid,cupid,cupid,https://buddy.farm/i/cupid/,icon_found,200,Cupid,https://farmrpg.com/img/items/cupid.png,/img/items/cupid.png,cupid.png,7,,
Cupid Buddy Doll,cupid buddy doll,cupid-buddy-doll,https://buddy.farm/i/cupid-buddy-doll/,icon_found,200,Cupid Buddy Doll,https://farmrpg.com/img/items/buddydoll_cupid.png,/img/items/buddydoll_cupid.png,buddydoll_cupid.png,2,,
Cursed Effigy,cursed effigy,cursed-effigy,https://buddy.farm/i/cursed-effigy/,icon_found,200,Cursed Effigy,https://farmrpg.com/img/items/Buddyidol.png,/img/items/Buddyidol.png,Buddyidol.png,2,,
Cursed Effigy Body,cursed effigy body,cursed-effigy-body,https://buddy.farm/i/cursed-effigy-body/,icon_found,200,Cursed Effigy Body,https://farmrpg.com/img/items/Buddyidolbody.png,/img/items/Buddyidolbody.png,Buddyidolbody.png,2,,
Cursed Effigy Gem,cursed effigy gem,cursed-effigy-gem,https://buddy.farm/i/cursed-effigy-gem/,icon_found,200,Cursed Effigy Gem,https://farmrpg.com/img/items/Buddyidolgem.png,/img/items/Buddyidolgem.png,Buddyidolgem.png,3,,
Cursed Effigy Hair,cursed effigy hair,cursed-effigy-hair,https://buddy.farm/i/cursed-effigy-hair/,icon_found,200,Cursed Effigy Hair,https://farmrpg.com/img/items/Buddyidolhair.png,/img/items/Buddyidolhair.png,Buddyidolhair.png,3,,
Cursed Effigy Head,cursed effigy head,cursed-effigy-head,https://buddy.farm/i/cursed-effigy-head/,icon_found,200,Cursed Effigy Head,https://farmrpg.com/img/items/Buddyidolhead.png,/img/items/Buddyidolhead.png,Buddyidolhead.png,2,,
Cursed Shield,cursed shield,cursed-shield,https://buddy.farm/i/cursed-shield/,icon_found,200,Cursed Shield,https://farmrpg.com/img/items/9199.png,/img/items/9199.png,9199.png,1,,
Cutlass,cutlass,cutlass,https://buddy.farm/i/cutlass/,icon_found,200,Cutlass,https://farmrpg.com/img/items/pirates_47_t.png,/img/items/pirates_47_t.png,pirates_47_t.png,22,,
Cyclops Spider,cyclops spider,cyclops-spider,https://buddy.farm/i/cyclops-spider/,icon_found,200,Cyclops Spider,https://farmrpg.com/img/items/4080.png,/img/items/4080.png,4080.png,12,,
Dancer,dancer,dancer,https://buddy.farm/i/dancer/,icon_found,200,Dancer,https://farmrpg.com/img/items/dancer.png,/img/items/dancer.png,dancer.png,7,,
Dasher,dasher,dasher,https://buddy.farm/i/dasher/,icon_found,200,Dasher,https://farmrpg.com/img/items/dasher.png,/img/items/dasher.png,dasher.png,11,,
Desk Calendar,desk calendar,desk-calendar,https://buddy.farm/i/desk-calendar/,icon_found,200,Desk Calendar,https://farmrpg.com/img/items/calendar_t_01.png,/img/items/calendar_t_01.png,calendar_t_01.png,2,,
Dewstar's Journal,dewstar's journal,dewstar-s-journal,https://buddy.farm/i/dewstar-s-journal/,icon_found,200,Dewstar&#x27;s Journal,https://farmrpg.com/img/items/dewstarbook.png,/img/items/dewstarbook.png,dewstarbook.png,2,,
Diamond,diamond,diamond,https://buddy.farm/i/diamond/,icon_found,200,Diamond,https://farmrpg.com/img/items/7999.png,/img/items/7999.png,7999.png,36,,
Diamonds,diamonds,diamonds,https://buddy.farm/i/diamonds/,icon_found,200,Diamonds,https://farmrpg.com/img/items/card_diamonds.png,/img/items/card_diamonds.png,card_diamonds.png,23,,
Diary of O'Dynn,diary of o'dynn,diary-of-o-dynn,https://buddy.farm/i/diary-of-o-dynn/,icon_found,200,Diary of O&#x27;Dynn,https://farmrpg.com/img/items/pt_t_18.png,/img/items/pt_t_18.png,pt_t_18.png,2,,
Dice,dice,dice,https://buddy.farm/i/dice/,icon_found,200,Dice,https://farmrpg.com/img/items/4848.png,/img/items/4848.png,4848.png,32,,
Dino Buddy Doll,dino buddy doll,dino-buddy-doll,https://buddy.farm/i/dino-buddy-doll/,icon_found,200,Dino Buddy Doll,https://farmrpg.com/img/items/yoshi_buddy_doll.png,/img/items/yoshi_buddy_doll.png,yoshi_buddy_doll.png,3,,
Diving Helmet,diving helmet,diving-helmet,https://buddy.farm/i/diving-helmet/,icon_found,200,Diving Helmet,https://farmrpg.com/img/items/fishing_70_t.png,/img/items/fishing_70_t.png,fishing_70_t.png,11,,
Donner,donner,donner,https://buddy.farm/i/donner/,icon_found,200,Donner,https://farmrpg.com/img/items/donner.png,/img/items/donner.png,donner.png,6,,
Dragon Heart,dragon heart,dragon-heart,https://buddy.farm/i/dragon-heart/,icon_found,200,Dragon Heart,https://farmrpg.com/img/items/3900.png,/img/items/3900.png,3900.png,2,,
Dragon Skull,dragon skull,dragon-skull,https://buddy.farm/i/dragon-skull/,icon_found,200,Dragon Skull,https://farmrpg.com/img/items/7212.png,/img/items/7212.png,7212.png,18,,
Dragonfly,dragonfly,dragonfly,https://buddy.farm/i/dragonfly/,icon_found,200,Dragonfly,https://farmrpg.com/img/items/fishing_64_t.png,/img/items/fishing_64_t.png,fishing_64_t.png,14,,
Dream Nail,dream nail,dream-nail,https://buddy.farm/i/dream-nail/,icon_found,200,Dream Nail,https://farmrpg.com/img/items/dream_nail.png?3,/img/items/dream_nail.png,dream_nail.png,2,,
Drink Bundle,drink bundle,drink-bundle,https://buddy.farm/i/drink-bundle/,icon_found,200,Drink Bundle,https://farmrpg.com/img/items/juices.png,/img/items/juices.png,juices.png,10,,
Drum,drum,drum,https://buddy.farm/i/drum/,icon_found,200,Drum,https://farmrpg.com/img/items/7718.PNG,/img/items/7718.PNG,7718.PNG,16,,
Duck Egg,duck egg,duck-egg,https://buddy.farm/i/duck-egg/,icon_found,200,Duck Egg,https://farmrpg.com/img/items/duckegg2.png,/img/items/duckegg2.png,duckegg2.png,1,,
Duck Feather,duck feather,duck-feather,https://buddy.farm/i/duck-feather/,icon_found,200,Duck Feather,https://farmrpg.com/img/items/duckfeather.png,/img/items/duckfeather.png,duckfeather.png,2,,
Egg 01,egg 01,egg-01,https://buddy.farm/i/egg-01/,icon_found,200,Egg 01,https://farmrpg.com/img/items/egg01.png,/img/items/egg01.png,egg01.png,11,,
Egg 02,egg 02,egg-02,https://buddy.farm/i/egg-02/,icon_found,200,Egg 02,https://farmrpg.com/img/items/egg02.png,/img/items/egg02.png,egg02.png,12,,
Egg 03,egg 03,egg-03,https://buddy.farm/i/egg-03/,icon_found,200,Egg 03,https://farmrpg.com/img/items/egg03.png,/img/items/egg03.png,egg03.png,11,,
Egg 04,egg 04,egg-04,https://buddy.farm/i/egg-04/,icon_found,200,Egg 04,https://farmrpg.com/img/items/egg04.png,/img/items/egg04.png,egg04.png,11,,
Egg 05,egg 05,egg-05,https://buddy.farm/i/egg-05/,icon_found,200,Egg 05,https://farmrpg.com/img/items/egg05.png,/img/items/egg05.png,egg05.png,13,,
Egg 06,egg 06,egg-06,https://buddy.farm/i/egg-06/,icon_found,200,Egg 06,https://farmrpg.com/img/items/egg06.png,/img/items/egg06.png,egg06.png,10,,
Egg 07,egg 07,egg-07,https://buddy.farm/i/egg-07/,icon_found,200,Egg 07,https://farmrpg.com/img/items/egg07.png,/img/items/egg07.png,egg07.png,10,,
Egg 08,egg 08,egg-08,https://buddy.farm/i/egg-08/,icon_found,200,Egg 08,https://farmrpg.com/img/items/egg08.png,/img/items/egg08.png,egg08.png,11,,
Egg 09,egg 09,egg-09,https://buddy.farm/i/egg-09/,icon_found,200,Egg 09,https://farmrpg.com/img/items/egg09.png,/img/items/egg09.png,egg09.png,12,,
Egg 10,egg 10,egg-10,https://buddy.farm/i/egg-10/,icon_found,200,Egg 10,https://farmrpg.com/img/items/egg10.png,/img/items/egg10.png,egg10.png,15,,
Egg 11,egg 11,egg-11,https://buddy.farm/i/egg-11/,icon_found,200,Egg 11,https://farmrpg.com/img/items/egg11.png,/img/items/egg11.png,egg11.png,12,,
Egg 12,egg 12,egg-12,https://buddy.farm/i/egg-12/,icon_found,200,Egg 12,https://farmrpg.com/img/items/egg12.png,/img/items/egg12.png,egg12.png,13,,
Egg Basket,egg basket,egg-basket,https://buddy.farm/i/egg-basket/,icon_found,200,Egg Basket,https://farmrpg.com/img/items/eggbasket.png,/img/items/eggbasket.png,eggbasket.png,53,,
Egg of Ages,egg of ages,egg-of-ages,https://buddy.farm/i/egg-of-ages/,icon_found,200,Egg of Ages,https://farmrpg.com/img/items/timeegg2.png,/img/items/timeegg2.png,timeegg2.png,6,,
Egg of Air,egg of air,egg-of-air,https://buddy.farm/i/egg-of-air/,icon_found,200,Egg of Air,https://farmrpg.com/img/items/airegg.png,/img/items/airegg.png,airegg.png,11,,
Egg of Chaos,egg of chaos,egg-of-chaos,https://buddy.farm/i/egg-of-chaos/,icon_found,200,Egg of Chaos,https://farmrpg.com/img/items/chaosegg.png,/img/items/chaosegg.png,chaosegg.png,7,,
Egg of Chicken,egg of chicken,egg-of-chicken,https://buddy.farm/i/egg-of-chicken/,icon_found,200,Egg of Chicken,https://farmrpg.com/img/items/3270.png,/img/items/3270.png,3270.png,6,,
Egg of Duck,egg of duck,egg-of-duck,https://buddy.farm/i/egg-of-duck/,icon_found,200,Egg of Duck,https://farmrpg.com/img/items/3270d.png,/img/items/3270d.png,3270d.png,1,,
Egg of Earth,egg of earth,egg-of-earth,https://buddy.farm/i/egg-of-earth/,icon_found,200,Egg of Earth,https://farmrpg.com/img/items/earthegg.png,/img/items/earthegg.png,earthegg.png,6,,
Egg of Fire,egg of fire,egg-of-fire,https://buddy.farm/i/egg-of-fire/,icon_found,200,Egg of Fire,https://farmrpg.com/img/items/fireegg.png,/img/items/fireegg.png,fireegg.png,6,,
Egg of Life,egg of life,egg-of-life,https://buddy.farm/i/egg-of-life/,icon_found,200,Egg of Life,https://farmrpg.com/img/items/lifeegg.png,/img/items/lifeegg.png,lifeegg.png,6,,
Egg of Light,egg of light,egg-of-light,https://buddy.farm/i/egg-of-light/,icon_found,200,Egg of Light,https://farmrpg.com/img/items/lightegg.png,/img/items/lightegg.png,lightegg.png,8,,
Egg of Shadow,egg of shadow,egg-of-shadow,https://buddy.farm/i/egg-of-shadow/,icon_found,200,Egg of Shadow,https://farmrpg.com/img/items/shadowegg.png,/img/items/shadowegg.png,shadowegg.png,7,,
Egg of Space,egg of space,egg-of-space,https://buddy.farm/i/egg-of-space/,icon_found,200,Egg of Space,https://farmrpg.com/img/items/spaceegg.png,/img/items/spaceegg.png,spaceegg.png,8,,
Egg of Tree,egg of tree,egg-of-tree,https://buddy.farm/i/egg-of-tree/,icon_found,200,Egg of Tree,https://farmrpg.com/img/items/egg_of_tree.png,/img/items/egg_of_tree.png,egg_of_tree.png,4,,
Egg of Water,egg of water,egg-of-water,https://buddy.farm/i/egg-of-water/,icon_found,200,Egg of Water,https://farmrpg.com/img/items/wateregg.png,/img/items/wateregg.png,wateregg.png,11,,
Egg of Zeal,egg of zeal,egg-of-zeal,https://buddy.farm/i/egg-of-zeal/,icon_found,200,Egg of Zeal,https://farmrpg.com/img/items/eggofzeal2.gif,/img/items/eggofzeal2.gif,eggofzeal2.gif,2,,
Eggplant,eggplant,eggplant,https://buddy.farm/i/eggplant/,icon_found,200,Eggplant,https://farmrpg.com/img/items/eggplant.png,/img/items/eggplant.png,eggplant.png,19,,
Eggplant Seeds,eggplant seeds,eggplant-seeds,https://buddy.farm/i/eggplant-seeds/,icon_found,200,Eggplant Seeds,https://farmrpg.com/img/items/seeds_eggplants.png,/img/items/seeds_eggplants.png,seeds_eggplants.png,7,,
Eggs,eggs,eggs,https://buddy.farm/i/eggs/,icon_found,200,Eggs,https://farmrpg.com/img/items/5720.PNG,/img/items/5720.PNG,5720.PNG,51,,
Egyptian Necklace,egyptian necklace,egyptian-necklace,https://buddy.farm/i/egyptian-necklace/,icon_found,200,Egyptian Necklace,https://farmrpg.com/img/items/egyptian1.png,/img/items/egyptian1.png,egyptian1.png,7,,
Embershard,embershard,embershard,https://buddy.farm/i/embershard/,icon_found,200,Embershard,https://farmrpg.com/img/items/embershard.png,/img/items/embershard.png,embershard.png,1,,
Emberstone,emberstone,emberstone,https://buddy.farm/i/emberstone/,icon_found,200,Emberstone,https://farmrpg.com/img/items/8166.png,/img/items/8166.png,8166.png,49,,
Emerald,emerald,emerald,https://buddy.farm/i/emerald/,icon_found,200,Emerald,https://farmrpg.com/img/items/emerald.png,/img/items/emerald.png,emerald.png,22,,
Emerald Ring,emerald ring,emerald-ring,https://buddy.farm/i/emerald-ring/,icon_found,200,Emerald Ring,https://farmrpg.com/img/items/greenring.png,/img/items/greenring.png,greenring.png,30,,
Energy Coil,energy coil,energy-coil,https://buddy.farm/i/energy-coil/,icon_found,200,Energy Coil,https://farmrpg.com/img/items/9379b.png,/img/items/9379b.png,9379b.png,17,,
Energy Core,energy core,energy-core,https://buddy.farm/i/energy-core/,icon_found,200,Energy Core,https://farmrpg.com/img/items/parts_026.png,/img/items/parts_026.png,parts_026.png,3,,
Engine,engine,engine,https://buddy.farm/i/engine/,icon_found,200,Engine,https://farmrpg.com/img/items/engine.png?1,/img/items/engine.png,engine.png,55,,
Esperium,esperium,esperium,https://buddy.farm/i/esperium/,icon_found,200,Esperium,https://farmrpg.com/img/items/9446.png,/img/items/9446.png,9446.png,1,,
Essence of Slime,essence of slime,essence-of-slime,https://buddy.farm/i/essence-of-slime/,icon_found,200,Essence of Slime,https://farmrpg.com/img/items/essense.png,/img/items/essense.png,essense.png,45,,
Event Key,event key,event-key,https://buddy.farm/i/event-key/,icon_found,200,Event Key,https://farmrpg.com/img/items/eventkey.png,/img/items/eventkey.png,eventkey.png,3,,
Event Token,event token,event-token,https://buddy.farm/i/event-token/,icon_found,200,Event Token,https://farmrpg.com/img/items/token.png,/img/items/token.png,token.png,48,,
Event Token Purse,event token purse,event-token-purse,https://buddy.farm/i/event-token-purse/,icon_found,200,Event Token Purse,https://farmrpg.com/img/items/BagsAndBoxes_46_t.png,/img/items/BagsAndBoxes_46_t.png,BagsAndBoxes_46_t.png,3,,
Expired Ticket,expired ticket,expired-ticket,https://buddy.farm/i/expired-ticket/,icon_found,200,Expired Ticket,https://farmrpg.com/img/items/expiredticket.png,/img/items/expiredticket.png,expiredticket.png,1,,
Explosive,explosive,explosive,https://buddy.farm/i/explosive/,icon_found,200,Explosive,https://farmrpg.com/img/items/6124.png,/img/items/6124.png,6124.png,36,,
Eye Patch,eye patch,eye-patch,https://buddy.farm/i/eye-patch/,icon_found,200,Eye Patch,https://farmrpg.com/img/items/4920.png,/img/items/4920.png,4920.png,18,,
Fairy Crystal,fairy crystal,fairy-crystal,https://buddy.farm/i/fairy-crystal/,icon_found,200,Fairy Crystal,https://farmrpg.com/img/items/fairycrystal.png,/img/items/fairycrystal.png,fairycrystal.png,3,,
Fall Basket,fall basket,fall-basket,https://buddy.farm/i/fall-basket/,icon_found,200,Fall Basket,https://farmrpg.com/img/items/fallbasket.png,/img/items/fallbasket.png,fallbasket.png,13,,
Fall Leaves,fall leaves,fall-leaves,https://buddy.farm/i/fall-leaves/,icon_found,200,Fall Leaves,https://farmrpg.com/img/items/fallleaves.png,/img/items/fallleaves.png,fallleaves.png,3,,
Fancy Box,fancy box,fancy-box,https://buddy.farm/i/fancy-box/,icon_found,200,Fancy Box,https://farmrpg.com/img/items/4238.png,/img/items/4238.png,4238.png,7,,
Fancy Chair,fancy chair,fancy-chair,https://buddy.farm/i/fancy-chair/,icon_found,200,Fancy Chair,https://farmrpg.com/img/items/195.png,/img/items/195.png,195.png,21,,
Fancy Clock,fancy clock,fancy-clock,https://buddy.farm/i/fancy-clock/,icon_found,200,Fancy Clock,https://farmrpg.com/img/items/viri_4696.png,/img/items/viri_4696.png,viri_4696.png,12,,
Fancy Drum,fancy drum,fancy-drum,https://buddy.farm/i/fancy-drum/,icon_found,200,Fancy Drum,https://farmrpg.com/img/items/drum.png,/img/items/drum.png,drum.png,20,,
Fancy Guitar,fancy guitar,fancy-guitar,https://buddy.farm/i/fancy-guitar/,icon_found,200,Fancy Guitar,https://farmrpg.com/img/items/3857.png?1,/img/items/3857.png,3857.png,25,,
Fancy Pan Flute,fancy pan flute,fancy-pan-flute,https://buddy.farm/i/fancy-pan-flute/,icon_found,200,Fancy Pan Flute,https://farmrpg.com/img/items/1240.png,/img/items/1240.png,1240.png,16,,
Fancy Pillow,fancy pillow,fancy-pillow,https://buddy.farm/i/fancy-pillow/,icon_found,200,Fancy Pillow,https://farmrpg.com/img/items/Fancy_pillow.png,/img/items/Fancy_pillow.png,Fancy_pillow.png,5,,
Fancy Pipe,fancy pipe,fancy-pipe,https://buddy.farm/i/fancy-pipe/,icon_found,200,Fancy Pipe,https://farmrpg.com/img/items/7275.png?1,/img/items/7275.png,7275.png,10,,
Fancy Present,fancy present,fancy-present,https://buddy.farm/i/fancy-present/,icon_found,200,Fancy Present,https://farmrpg.com/img/items/gift_2.png,/img/items/gift_2.png,gift_2.png,13,,
Fancy Shoe,fancy shoe,fancy-shoe,https://buddy.farm/i/fancy-shoe/,icon_found,200,Fancy Shoe,https://farmrpg.com/img/items/bshoe2.png,/img/items/bshoe2.png,bshoe2.png,4,,
Fancy Sword,fancy sword,fancy-sword,https://buddy.farm/i/fancy-sword/,icon_found,200,Fancy Sword,https://farmrpg.com/img/items/fancysword.png,/img/items/fancysword.png,fancysword.png,14,,
Fancy Table,fancy table,fancy-table,https://buddy.farm/i/fancy-table/,icon_found,200,Fancy Table,https://farmrpg.com/img/items/193.png?1,/img/items/193.png,193.png,19,,
Fancy Violin,fancy violin,fancy-violin,https://buddy.farm/i/fancy-violin/,icon_found,200,Fancy Violin,https://farmrpg.com/img/items/finp_618.png?1,/img/items/finp_618.png,finp_618.png,14,,
Fangs,fangs,fangs,https://buddy.farm/i/fangs/,icon_found,200,Fangs,https://farmrpg.com/img/items/3980.png,/img/items/3980.png,3980.png,2,,
Fantastic Buddy Doll,fantastic buddy doll,fantastic-buddy-doll,https://buddy.farm/i/fantastic-buddy-doll/,icon_found,200,Fantastic Buddy Doll,https://farmrpg.com/img/items/four_buddy_doll.png,/img/items/four_buddy_doll.png,four_buddy_doll.png,1,,
Feathers,feathers,feathers,https://buddy.farm/i/feathers/,icon_found,200,Feathers,https://farmrpg.com/img/items/feathers.png,/img/items/feathers.png,feathers.png,55,,
Feed,feed,feed,https://buddy.farm/i/feed/,icon_found,200,Feed,https://farmrpg.com/img/items/8299.png,/img/items/8299.png,8299.png,12,,
Fenrir's Coin,fenrir's coin,fenrir-s-coin,https://buddy.farm/i/fenrir-s-coin/,icon_found,200,Fenrir&#x27;s Coin,https://farmrpg.com/img/items/4173.png,/img/items/4173.png,4173.png,1,,
Fern Leaf,fern leaf,fern-leaf,https://buddy.farm/i/fern-leaf/,icon_found,200,Fern Leaf,https://farmrpg.com/img/items/fern.png,/img/items/fern.png,fern.png,21,,
Festive Eggnog,festive eggnog,festive-eggnog,https://buddy.farm/i/festive-eggnog/,icon_found,200,Festive Eggnog,https://farmrpg.com/img/items/eggnog.png,/img/items/eggnog.png,eggnog.png,16,,
Fire Ant,fire ant,fire-ant,https://buddy.farm/i/fire-ant/,icon_found,200,Fire Ant,https://farmrpg.com/img/items/fireant.png,/img/items/fireant.png,fireant.png,44,,
Fire Ant Farm,fire ant farm,fire-ant-farm,https://buddy.farm/i/fire-ant-farm/,icon_found,200,Fire Ant Farm,https://farmrpg.com/img/items/antfarm.png?1,/img/items/antfarm.png,antfarm.png,10,,
Fire Crystal,fire crystal,fire-crystal,https://buddy.farm/i/fire-crystal/,icon_found,200,Fire Crystal,https://farmrpg.com/img/items/firecrystal.png,/img/items/firecrystal.png,firecrystal.png,1,,
Firestream's Magic Wire,firestream's magic wire,firestream-s-magic-wire,https://buddy.farm/i/firestream-s-magic-wire/,icon_found,200,Firestream&#x27;s Magic Wire,https://farmrpg.com/img/items/magicwire.png,/img/items/magicwire.png,magicwire.png,2,,
Fireworks,fireworks,fireworks,https://buddy.farm/i/fireworks/,icon_found,200,Fireworks,https://farmrpg.com/img/items/petard.png,/img/items/petard.png,petard.png,17,,
Fish and Chips,fish and chips,fish-and-chips,https://buddy.farm/i/fish-and-chips/,icon_found,200,Fish and Chips,https://farmrpg.com/img/items/fishnchips.png,/img/items/fishnchips.png,fishnchips.png,14,,
Fish Biscuit,fish biscuit,fish-biscuit,https://buddy.farm/i/fish-biscuit/,icon_found,200,Fish Biscuit,https://farmrpg.com/img/items/fish_biscuit.png,/img/items/fish_biscuit.png,fish_biscuit.png,4,,
Fish Bones,fish bones,fish-bones,https://buddy.farm/i/fish-bones/,icon_found,200,Fish Bones,https://farmrpg.com/img/items/7747.PNG,/img/items/7747.PNG,7747.PNG,33,,
Fishing Hook,fishing hook,fishing-hook,https://buddy.farm/i/fishing-hook/,icon_found,200,Fishing Hook,https://farmrpg.com/img/items/fishing_48_t.png,/img/items/fishing_48_t.png,fishing_48_t.png,4,,
Fishing Net,fishing net,fishing-net,https://buddy.farm/i/fishing-net/,icon_found,200,Fishing Net,https://farmrpg.com/img/items/7748.png,/img/items/7748.png,7748.png,93,,
Five Point Mace,five point mace,five-point-mace,https://buddy.farm/i/five-point-mace/,icon_found,200,Five Point Mace,https://farmrpg.com/img/items/5046.png,/img/items/5046.png,5046.png,4,,
Flame Orb,flame orb,flame-orb,https://buddy.farm/i/flame-orb/,icon_found,200,Flame Orb,https://farmrpg.com/img/items/7405.png,/img/items/7405.png,7405.png,2,,
Flamejack,flamejack,flamejack,https://buddy.farm/i/flamejack/,icon_found,200,Flamejack,https://farmrpg.com/img/items/5162-2.png,/img/items/5162-2.png,5162-2.png,9,,
Flarefin,flarefin,flarefin,https://buddy.farm/i/flarefin/,icon_found,200,Flarefin,https://farmrpg.com/img/items/5230-2.png,/img/items/5230-2.png,5230-2.png,15,,
Flarite,flarite,flarite,https://buddy.farm/i/flarite/,icon_found,200,Flarite,https://farmrpg.com/img/items/flarite.png,/img/items/flarite.png,flarite.png,4,,
Flier,flier,flier,https://buddy.farm/i/flier/,icon_found,200,Flier,https://farmrpg.com/img/items/7843.png,/img/items/7843.png,7843.png,24,,
Flour,flour,flour,https://buddy.farm/i/flour/,icon_found,200,Flour,https://farmrpg.com/img/items/5763.png,/img/items/5763.png,5763.png,35,,
Fluorifish,fluorifish,fluorifish,https://buddy.farm/i/fluorifish/,icon_found,200,Fluorifish,https://farmrpg.com/img/items/5771.png,/img/items/5771.png,5771.png,16,,
Flying Machine,flying machine,flying-machine,https://buddy.farm/i/flying-machine/,icon_found,200,Flying Machine,https://farmrpg.com/img/items/147.png,/img/items/147.png,147.png,18,,
Flywheel,flywheel,flywheel,https://buddy.farm/i/flywheel/,icon_found,200,Flywheel,https://farmrpg.com/img/items/9387.png,/img/items/9387.png,9387.png,25,,
Forcepath's Book of Quest Requirements,forcepath's book of quest requirements,forcepath-s-book-of-quest-requirements,https://buddy.farm/i/forcepath-s-book-of-quest-requirements/,icon_found,200,Forcepath&#x27;s Book of Quest Requirements,https://farmrpg.com/img/items/7581.png,/img/items/7581.png,7581.png,2,,
Fossilized Frog,fossilized frog,fossilized-frog,https://buddy.farm/i/fossilized-frog/,icon_found,200,Fossilized Frog,https://farmrpg.com/img/items/1896.PNG,/img/items/1896.PNG,1896.PNG,1,,
Fossilized Leaf,fossilized leaf,fossilized-leaf,https://buddy.farm/i/fossilized-leaf/,icon_found,200,Fossilized Leaf,https://farmrpg.com/img/items/2836.png,/img/items/2836.png,2836.png,1,,
Fossilized Print,fossilized print,fossilized-print,https://buddy.farm/i/fossilized-print/,icon_found,200,Fossilized Print,https://farmrpg.com/img/items/2125.PNG,/img/items/2125.PNG,2125.PNG,1,,
Fossilized Shell,fossilized shell,fossilized-shell,https://buddy.farm/i/fossilized-shell/,icon_found,200,Fossilized Shell,https://farmrpg.com/img/items/1672.png,/img/items/1672.png,1672.png,1,,
frank Bobblehead,frank bobblehead,frank-bobblehead,https://buddy.farm/i/frank-bobblehead/,icon_found,200,frank Bobblehead,https://farmrpg.com/img/items/bobble_frank.png,/img/items/bobble_frank.png,bobble_frank.png,2,,
frank's Basket,frank's basket,frank-s-basket,https://buddy.farm/i/frank-s-basket/,icon_found,200,frank&#x27;s Basket,https://farmrpg.com/img/items/fbasket.png,/img/items/fbasket.png,fbasket.png,12,,
frank's Bunny Mask,frank's bunny mask,frank-s-bunny-mask,https://buddy.farm/i/frank-s-bunny-mask/,icon_found,200,frank&#x27;s Bunny Mask,https://farmrpg.com/img/items/afk_8744.png,/img/items/afk_8744.png,afk_8744.png,2,,
Freaky Picture,freaky picture,freaky-picture,https://buddy.farm/i/freaky-picture/,icon_found,200,Freaky Picture,https://farmrpg.com/img/items/5592.png,/img/items/5592.png,5592.png,11,,
Friendship Bag 01,friendship bag 01,friendship-bag-01,https://buddy.farm/i/friendship-bag-01/,icon_found,200,Friendship Bag 01,https://farmrpg.com/img/items/friendshipbag.png,/img/items/friendshipbag.png,friendshipbag.png,16,,
Friendship Bracelet,friendship bracelet,friendship-bracelet,https://buddy.farm/i/friendship-bracelet/,icon_found,200,Friendship Bracelet,https://farmrpg.com/img/items/3788.png,/img/items/3788.png,3788.png,2,,
Frog,frog,frog,https://buddy.farm/i/frog/,icon_found,200,Frog,https://farmrpg.com/img/items/frog.png,/img/items/frog.png,frog.png,28,,
Frost Shield,frost shield,frost-shield,https://buddy.farm/i/frost-shield/,icon_found,200,Frost Shield,https://farmrpg.com/img/items/frostshield.png?1,/img/items/frostshield.png,frostshield.png,16,,
Frost Snapper Shell,frost snapper shell,frost-snapper-shell,https://buddy.farm/i/frost-snapper-shell/,icon_found,200,Frost Snapper Shell,https://farmrpg.com/img/items/iceshell.png,/img/items/iceshell.png,iceshell.png,7,,
Frosteye,frosteye,frosteye,https://buddy.farm/i/frosteye/,icon_found,200,Frosteye,https://farmrpg.com/img/items/frosteye.png,/img/items/frosteye.png,frosteye.png,7,,
Frozen Angelfish,frozen angelfish,frozen-angelfish,https://buddy.farm/i/frozen-angelfish/,icon_found,200,Frozen Angelfish,https://farmrpg.com/img/items/frozen_angelfish.png,/img/items/frozen_angelfish.png,frozen_angelfish.png,3,,
Frozen Biter,frozen biter,frozen-biter,https://buddy.farm/i/frozen-biter/,icon_found,200,Frozen Biter,https://farmrpg.com/img/items/frozen_biter.png,/img/items/frozen_biter.png,frozen_biter.png,8,,
Frozen Bones,frozen bones,frozen-bones,https://buddy.farm/i/frozen-bones/,icon_found,200,Frozen Bones,https://farmrpg.com/img/items/frozen_bones.png,/img/items/frozen_bones.png,frozen_bones.png,15,,
Frozen Book,frozen book,frozen-book,https://buddy.farm/i/frozen-book/,icon_found,200,Frozen Book,https://farmrpg.com/img/items/frozen_book.png,/img/items/frozen_book.png,frozen_book.png,7,,
Frozen Boot,frozen boot,frozen-boot,https://buddy.farm/i/frozen-boot/,icon_found,200,Frozen Boot,https://farmrpg.com/img/items/frozen_boot.png,/img/items/frozen_boot.png,frozen_boot.png,9,,
Frozen Bouquet,frozen bouquet,frozen-bouquet,https://buddy.farm/i/frozen-bouquet/,icon_found,200,Frozen Bouquet,https://farmrpg.com/img/items/frozen_flowers.png?1,/img/items/frozen_flowers.png,frozen_flowers.png,3,,
Frozen Buddy Doll,frozen buddy doll,frozen-buddy-doll,https://buddy.farm/i/frozen-buddy-doll/,icon_found,200,Frozen Buddy Doll,https://farmrpg.com/img/items/Buddy_doll_frozen.png,/img/items/Buddy_doll_frozen.png,Buddy_doll_frozen.png,2,,
Frozen Cabbage,frozen cabbage,frozen-cabbage,https://buddy.farm/i/frozen-cabbage/,icon_found,200,Frozen Cabbage,https://farmrpg.com/img/items/frozencabbage.png,/img/items/frozencabbage.png,frozencabbage.png,26,,
Frozen Catfish,frozen catfish,frozen-catfish,https://buddy.farm/i/frozen-catfish/,icon_found,200,Frozen Catfish,https://farmrpg.com/img/items/frozen_catfish.png,/img/items/frozen_catfish.png,frozen_catfish.png,11,,
Frozen Chest 01,frozen chest 01,frozen-chest-01,https://buddy.farm/i/frozen-chest-01/,icon_found,200,Frozen Chest 01,https://farmrpg.com/img/items/frozen_chest.png,/img/items/frozen_chest.png,frozen_chest.png,15,,
Frozen Chest 02,frozen chest 02,frozen-chest-02,https://buddy.farm/i/frozen-chest-02/,icon_found,200,Frozen Chest 02,https://farmrpg.com/img/items/frozen_chest.png,/img/items/frozen_chest.png,frozen_chest.png,14,,
Frozen Chest 03,frozen chest 03,frozen-chest-03,https://buddy.farm/i/frozen-chest-03/,icon_found,200,Frozen Chest 03,https://farmrpg.com/img/items/frozenchest.png,/img/items/frozenchest.png,frozenchest.png,14,,
Frozen Coin,frozen coin,frozen-coin,https://buddy.farm/i/frozen-coin/,icon_found,200,Frozen Coin,https://farmrpg.com/img/items/frozen_coin.png,/img/items/frozen_coin.png,frozen_coin.png,5,,
Frozen Corn,frozen corn,frozen-corn,https://buddy.farm/i/frozen-corn/,icon_found,200,Frozen Corn,https://farmrpg.com/img/items/frozen_corn.png,/img/items/frozen_corn.png,frozen_corn.png,19,,
Frozen Crab Claw,frozen crab claw,frozen-crab-claw,https://buddy.farm/i/frozen-crab-claw/,icon_found,200,Frozen Crab Claw,https://farmrpg.com/img/items/frozen_claw.png,/img/items/frozen_claw.png,frozen_claw.png,4,,
Frozen Dagger,frozen dagger,frozen-dagger,https://buddy.farm/i/frozen-dagger/,icon_found,200,Frozen Dagger,https://farmrpg.com/img/items/frozen_dagger.png,/img/items/frozen_dagger.png,frozen_dagger.png,4,,
Frozen Feather,frozen feather,frozen-feather,https://buddy.farm/i/frozen-feather/,icon_found,200,Frozen Feather,https://farmrpg.com/img/items/frozen_feather.png,/img/items/frozen_feather.png,frozen_feather.png,6,,
Frozen Fishing Net,frozen fishing net,frozen-fishing-net,https://buddy.farm/i/frozen-fishing-net/,icon_found,200,Frozen Fishing Net,https://farmrpg.com/img/items/frozen_net.png,/img/items/frozen_net.png,frozen_net.png,2,,
Frozen Hops,frozen hops,frozen-hops,https://buddy.farm/i/frozen-hops/,icon_found,200,Frozen Hops,https://farmrpg.com/img/items/frozen_hops.png,/img/items/frozen_hops.png,frozen_hops.png,6,,
Frozen Jelly,frozen jelly,frozen-jelly,https://buddy.farm/i/frozen-jelly/,icon_found,200,Frozen Jelly,https://farmrpg.com/img/items/frozen_jelly.png,/img/items/frozen_jelly.png,frozen_jelly.png,3,,
Frozen Large Net,frozen large net,frozen-large-net,https://buddy.farm/i/frozen-large-net/,icon_found,200,Frozen Large Net,https://farmrpg.com/img/items/frozen_large_net.png,/img/items/frozen_large_net.png,frozen_large_net.png,19,,
Frozen Lobster,frozen lobster,frozen-lobster,https://buddy.farm/i/frozen-lobster/,icon_found,200,Frozen Lobster,https://farmrpg.com/img/items/frozen_lobster.png,/img/items/frozen_lobster.png,frozen_lobster.png,7,,
Frozen Manta Ray,frozen manta ray,frozen-manta-ray,https://buddy.farm/i/frozen-manta-ray/,icon_found,200,Frozen Manta Ray,https://farmrpg.com/img/items/frozen_ray.png,/img/items/frozen_ray.png,frozen_ray.png,6,,
Frozen Peas,frozen peas,frozen-peas,https://buddy.farm/i/frozen-peas/,icon_found,200,Frozen Peas,https://farmrpg.com/img/items/frozenpeas.png,/img/items/frozenpeas.png,frozenpeas.png,25,,
Frozen Pine,frozen pine,frozen-pine,https://buddy.farm/i/frozen-pine/,icon_found,200,Frozen Pine,https://farmrpg.com/img/items/frozenpine.png,/img/items/frozenpine.png,frozenpine.png,23,,
Frozen Playground Key,frozen playground key,frozen-playground-key,https://buddy.farm/i/frozen-playground-key/,icon_found,200,Frozen Playground Key,https://farmrpg.com/img/items/frozenkey.png,/img/items/frozenkey.png,frozenkey.png,2,,
Frozen Radish,frozen radish,frozen-radish,https://buddy.farm/i/frozen-radish/,icon_found,200,Frozen Radish,https://farmrpg.com/img/items/frozen_radish.png,/img/items/frozen_radish.png,frozen_radish.png,9,,
Frozen Sheepshead,frozen sheepshead,frozen-sheepshead,https://buddy.farm/i/frozen-sheepshead/,icon_found,200,Frozen Sheepshead,https://farmrpg.com/img/items/frozen_sheepshead.png,/img/items/frozen_sheepshead.png,frozen_sheepshead.png,6,,
Frozen Shell,frozen shell,frozen-shell,https://buddy.farm/i/frozen-shell/,icon_found,200,Frozen Shell,https://farmrpg.com/img/items/frozen_shell.png,/img/items/frozen_shell.png,frozen_shell.png,6,,
Frozen Skull,frozen skull,frozen-skull,https://buddy.farm/i/frozen-skull/,icon_found,200,Frozen Skull,https://farmrpg.com/img/items/frozen_skull.png,/img/items/frozen_skull.png,frozen_skull.png,8,,
Frozen Spyfish,frozen spyfish,frozen-spyfish,https://buddy.farm/i/frozen-spyfish/,icon_found,200,Frozen Spyfish,https://farmrpg.com/img/items/frozen_spy.png,/img/items/frozen_spy.png,frozen_spy.png,11,,
Frozen Squid,frozen squid,frozen-squid,https://buddy.farm/i/frozen-squid/,icon_found,200,Frozen Squid,https://farmrpg.com/img/items/frozen_squid.png,/img/items/frozen_squid.png,frozen_squid.png,4,,
Frozen Starfish,frozen starfish,frozen-starfish,https://buddy.farm/i/frozen-starfish/,icon_found,200,Frozen Starfish,https://farmrpg.com/img/items/frozen_starfish.png,/img/items/frozen_starfish.png,frozen_starfish.png,6,,
Frozen Tomato,frozen tomato,frozen-tomato,https://buddy.farm/i/frozen-tomato/,icon_found,200,Frozen Tomato,https://farmrpg.com/img/items/frozen_tomato.png,/img/items/frozen_tomato.png,frozen_tomato.png,20,,
Frozen Wheel,frozen wheel,frozen-wheel,https://buddy.farm/i/frozen-wheel/,icon_found,200,Frozen Wheel,https://farmrpg.com/img/items/frozen_wheel.png,/img/items/frozen_wheel.png,frozen_wheel.png,4,,
Fruit Punch,fruit punch,fruit-punch,https://buddy.farm/i/fruit-punch/,icon_found,200,Fruit Punch,https://farmrpg.com/img/items/fruitpunch.png,/img/items/fruitpunch.png,fruitpunch.png,26,,
Fuji Apple,fuji apple,fuji-apple,https://buddy.farm/i/fuji-apple/,icon_found,200,Fuji Apple,https://farmrpg.com/img/items/fujiapple.png,/img/items/fujiapple.png,fujiapple.png,1,,
Fungus Processing and You,fungus processing and you,fungus-processing-and-you,https://buddy.farm/i/fungus-processing-and-you/,icon_found,200,Fungus Processing and You,https://farmrpg.com/img/items/mushroombook.png,/img/items/mushroombook.png,mushroombook.png,2,,
Fuzzy Bunny,fuzzy bunny,fuzzy-bunny,https://buddy.farm/i/fuzzy-bunny/,icon_found,200,Fuzzy Bunny,https://farmrpg.com/img/items/Fuzzybunny.png,/img/items/Fuzzybunny.png,Fuzzybunny.png,2,,
Fuzzy Chick 01,fuzzy chick 01,fuzzy-chick-01,https://buddy.farm/i/fuzzy-chick-01/,icon_found,200,Fuzzy Chick 01,https://farmrpg.com/img/items/fuzzychick1pink.png,/img/items/fuzzychick1pink.png,fuzzychick1pink.png,7,,
Fuzzy Chick 02,fuzzy chick 02,fuzzy-chick-02,https://buddy.farm/i/fuzzy-chick-02/,icon_found,200,Fuzzy Chick 02,https://farmrpg.com/img/items/Fuzzychick2.png,/img/items/Fuzzychick2.png,Fuzzychick2.png,6,,
Fuzzy Chick 03,fuzzy chick 03,fuzzy-chick-03,https://buddy.farm/i/fuzzy-chick-03/,icon_found,200,Fuzzy Chick 03,https://farmrpg.com/img/items/Fuzzychick3green.png,/img/items/Fuzzychick3green.png,Fuzzychick3green.png,5,,
Fuzzy Chick 04,fuzzy chick 04,fuzzy-chick-04,https://buddy.farm/i/fuzzy-chick-04/,icon_found,200,Fuzzy Chick 04,https://farmrpg.com/img/items/Fuzzychick3yellow.png,/img/items/Fuzzychick3yellow.png,Fuzzychick3yellow.png,6,,
Fuzzy Chick 05,fuzzy chick 05,fuzzy-chick-05,https://buddy.farm/i/fuzzy-chick-05/,icon_found,200,Fuzzy Chick 05,https://farmrpg.com/img/items/Fuzzychick1blue.png,/img/items/Fuzzychick1blue.png,Fuzzychick1blue.png,6,,
Fuzzy Chick 06,fuzzy chick 06,fuzzy-chick-06,https://buddy.farm/i/fuzzy-chick-06/,icon_found,200,Fuzzy Chick 06,https://farmrpg.com/img/items/Fuzzychick3.png,/img/items/Fuzzychick3.png,Fuzzychick3.png,5,,
Fuzzy Chick 07,fuzzy chick 07,fuzzy-chick-07,https://buddy.farm/i/fuzzy-chick-07/,icon_found,200,Fuzzy Chick 07,https://farmrpg.com/img/items/Fuzzychick2green.png,/img/items/Fuzzychick2green.png,Fuzzychick2green.png,5,,
Fuzzy Chick 08,fuzzy chick 08,fuzzy-chick-08,https://buddy.farm/i/fuzzy-chick-08/,icon_found,200,Fuzzy Chick 08,https://farmrpg.com/img/items/Fuzzychick1.png,/img/items/Fuzzychick1.png,Fuzzychick1.png,6,,
Fuzzy Chick 09,fuzzy chick 09,fuzzy-chick-09,https://buddy.farm/i/fuzzy-chick-09/,icon_found,200,Fuzzy Chick 09,https://farmrpg.com/img/items/Fuzzychick2pink.png,/img/items/Fuzzychick2pink.png,Fuzzychick2pink.png,6,,
Fuzzy Chick 10,fuzzy chick 10,fuzzy-chick-10,https://buddy.farm/i/fuzzy-chick-10/,icon_found,200,Fuzzy Chick 10,https://farmrpg.com/img/items/Fuzzychick1green.png,/img/items/Fuzzychick1green.png,Fuzzychick1green.png,6,,
Fuzzy Chick 11,fuzzy chick 11,fuzzy-chick-11,https://buddy.farm/i/fuzzy-chick-11/,icon_found,200,Fuzzy Chick 11,https://farmrpg.com/img/items/Fuzzychick2yellow.png,/img/items/Fuzzychick2yellow.png,Fuzzychick2yellow.png,6,,
Fuzzy Chick 12,fuzzy chick 12,fuzzy-chick-12,https://buddy.farm/i/fuzzy-chick-12/,icon_found,200,Fuzzy Chick 12,https://farmrpg.com/img/items/Fuzzychick3blue.png,/img/items/Fuzzychick3blue.png,Fuzzychick3blue.png,6,,
Fuzzy Egg,fuzzy egg,fuzzy-egg,https://buddy.farm/i/fuzzy-egg/,icon_found,200,Fuzzy Egg,https://farmrpg.com/img/items/fuzzychickegg.png,/img/items/fuzzychickegg.png,fuzzychickegg.png,16,,
Gainite,gainite,gainite,https://buddy.farm/i/gainite/,icon_found,200,Gainite,https://farmrpg.com/img/items/gainite.png,/img/items/gainite.png,gainite.png,7,,
Gare Bear,gare bear,gare-bear,https://buddy.farm/i/gare-bear/,icon_found,200,Gare Bear,https://farmrpg.com/img/items/buffteddy2.png,/img/items/buffteddy2.png,buffteddy2.png,4,,
Garlic,garlic,garlic,https://buddy.farm/i/garlic/,icon_found,200,Garlic,https://farmrpg.com/img/items/garlic_t_02.png,/img/items/garlic_t_02.png,garlic_t_02.png,7,,
Garnet,garnet,garnet,https://buddy.farm/i/garnet/,icon_found,200,Garnet,https://farmrpg.com/img/items/8008.png,/img/items/8008.png,8008.png,16,,
Garnet Ring,garnet ring,garnet-ring,https://buddy.farm/i/garnet-ring/,icon_found,200,Garnet Ring,https://farmrpg.com/img/items/garnetring.png,/img/items/garnetring.png,garnetring.png,40,,
Gary Bobblehead,gary bobblehead,gary-bobblehead,https://buddy.farm/i/gary-bobblehead/,icon_found,200,Gary Bobblehead,https://farmrpg.com/img/items/bobble_gary.png,/img/items/bobble_gary.png,bobble_gary.png,2,,
Gary's Crushroom Key,gary's crushroom key,gary-s-crushroom-key,https://buddy.farm/i/gary-s-crushroom-key/,icon_found,200,Gary&#x27;s Crushroom Key,https://farmrpg.com/img/items/mushroomkey.png,/img/items/mushroomkey.png,mushroomkey.png,2,,
Gary's Diary Page 12,gary's diary page 12,gary-s-diary-page-12,https://buddy.farm/i/gary-s-diary-page-12/,icon_found,200,Gary&#x27;s Diary Page 12,https://farmrpg.com/img/items/d_page12.png,/img/items/d_page12.png,d_page12.png,1,,
Gary's Diary Page 36,gary's diary page 36,gary-s-diary-page-36,https://buddy.farm/i/gary-s-diary-page-36/,icon_found,200,Gary&#x27;s Diary Page 36,https://farmrpg.com/img/items/d_page36.png,/img/items/d_page36.png,d_page36.png,5,,
Gary's Diary Page 77,gary's diary page 77,gary-s-diary-page-77,https://buddy.farm/i/gary-s-diary-page-77/,icon_found,200,Gary&#x27;s Diary Page 77,https://farmrpg.com/img/items/d_page77.png,/img/items/d_page77.png,d_page77.png,5,,
Gary's Diary Page 86,gary's diary page 86,gary-s-diary-page-86,https://buddy.farm/i/gary-s-diary-page-86/,icon_found,200,Gary&#x27;s Diary Page 86,https://farmrpg.com/img/items/d_page86.png,/img/items/d_page86.png,d_page86.png,1,,
Gazebo,gazebo,gazebo,https://buddy.farm/i/gazebo/,icon_found,200,Gazebo,https://farmrpg.com/img/items/Gazebo.png,/img/items/Gazebo.png,Gazebo.png,5,,
Geist Bobblehead,geist bobblehead,geist-bobblehead,https://buddy.farm/i/geist-bobblehead/,icon_found,200,Geist Bobblehead,https://farmrpg.com/img/items/bobble_geist.png,/img/items/bobble_geist.png,bobble_geist.png,2,,
George Bobblehead,george bobblehead,george-bobblehead,https://buddy.farm/i/george-bobblehead/,icon_found,200,George Bobblehead,https://farmrpg.com/img/items/bobble_george.png,/img/items/bobble_george.png,bobble_george.png,2,,
George's Acorn Pie,george's acorn pie,george-s-acorn-pie,https://buddy.farm/i/george-s-acorn-pie/,icon_found,200,George&#x27;s Acorn Pie,https://farmrpg.com/img/items/recipe.png,/img/items/recipe.png,recipe.png,3,,
George's Onion Soup,george's onion soup,george-s-onion-soup,https://buddy.farm/i/george-s-onion-soup/,icon_found,200,George&#x27;s Onion Soup,https://farmrpg.com/img/items/recipe.png,/img/items/recipe.png,recipe.png,3,,
Get Well Soon Card,get well soon card,get-well-soon-card,https://buddy.farm/i/get-well-soon-card/,icon_found,200,Get Well Soon Card,https://farmrpg.com/img/items/card_gws.png,/img/items/card_gws.png,card_gws.png,6,,
Ghost Buddy Doll,ghost buddy doll,ghost-buddy-doll,https://buddy.farm/i/ghost-buddy-doll/,icon_found,200,Ghost Buddy Doll,https://farmrpg.com/img/items/gbuddy.png,/img/items/gbuddy.png,gbuddy.png,2,,
Ghost Candy,ghost candy,ghost-candy,https://buddy.farm/i/ghost-candy/,icon_found,200,Ghost Candy,https://farmrpg.com/img/items/ghost_candy.png,/img/items/ghost_candy.png,ghost_candy.png,17,,
Ghost Jelly,ghost jelly,ghost-jelly,https://buddy.farm/i/ghost-jelly/,icon_found,200,Ghost Jelly,https://farmrpg.com/img/items/afk_8592.png,/img/items/afk_8592.png,afk_8592.png,3,,
Giant Centipede,giant centipede,giant-centipede,https://buddy.farm/i/giant-centipede/,icon_found,200,Giant Centipede,https://farmrpg.com/img/items/giantcent.png,/img/items/giantcent.png,giantcent.png,39,,
Giant Squid,giant squid,giant-squid,https://buddy.farm/i/giant-squid/,icon_found,200,Giant Squid,https://farmrpg.com/img/items/7726.PNG,/img/items/7726.PNG,7726.PNG,36,,
Gift Basket 01,gift basket 01,gift-basket-01,https://buddy.farm/i/gift-basket-01/,icon_found,200,Gift Basket 01,https://farmrpg.com/img/items/giftbasket.png,/img/items/giftbasket.png,giftbasket.png,11,,
Gift Basket 02,gift basket 02,gift-basket-02,https://buddy.farm/i/gift-basket-02/,icon_found,200,Gift Basket 02,https://farmrpg.com/img/items/giftbasket.png,/img/items/giftbasket.png,giftbasket.png,7,,
Gingerbread Buddy Doll,gingerbread buddy doll,gingerbread-buddy-doll,https://buddy.farm/i/gingerbread-buddy-doll/,icon_found,200,Gingerbread Buddy Doll,https://farmrpg.com/img/items/gingerbreadbuddydoll.png,/img/items/gingerbreadbuddydoll.png,gingerbreadbuddydoll.png,1,,
Gingerbread House,gingerbread house,gingerbread-house,https://buddy.farm/i/gingerbread-house/,icon_found,200,Gingerbread House,https://farmrpg.com/img/items/10_sm.png,/img/items/10_sm.png,10_sm.png,10,,
Gingerbread Man,gingerbread man,gingerbread-man,https://buddy.farm/i/gingerbread-man/,icon_found,200,Gingerbread Man,https://farmrpg.com/img/items/4_sm.png,/img/items/4_sm.png,4_sm.png,16,,
Giving Box 01,giving box 01,giving-box-01,https://buddy.farm/i/giving-box-01/,icon_found,200,Giving Box 01,https://farmrpg.com/img/items/nicebox1.png,/img/items/nicebox1.png,nicebox1.png,8,,
Glacierstone,glacierstone,glacierstone,https://buddy.farm/i/glacierstone/,icon_found,200,Glacierstone,https://farmrpg.com/img/items/icestone.png,/img/items/icestone.png,icestone.png,7,,
Glass Bottle,glass bottle,glass-bottle,https://buddy.farm/i/glass-bottle/,icon_found,200,Glass Bottle,https://farmrpg.com/img/items/7727.PNG?1,/img/items/7727.PNG,7727.PNG,152,,
Glass Eye Urchin,glass eye urchin,glass-eye-urchin,https://buddy.farm/i/glass-eye-urchin/,icon_found,200,Glass Eye Urchin,https://farmrpg.com/img/items/afk_8843.png,/img/items/afk_8843.png,afk_8843.png,1,,
Glass Eyes,glass eyes,glass-eyes,https://buddy.farm/i/glass-eyes/,icon_found,200,Glass Eyes,https://farmrpg.com/img/items/eyes_t_01.png,/img/items/eyes_t_01.png,eyes_t_01.png,4,,
Glass Jar,glass jar,glass-jar,https://buddy.farm/i/glass-jar/,icon_found,200,Glass Jar,https://farmrpg.com/img/items/glassjar.png,/img/items/glassjar.png,glassjar.png,9,,
Glass Orb,glass orb,glass-orb,https://buddy.farm/i/glass-orb/,icon_found,200,Glass Orb,https://farmrpg.com/img/items/5708.PNG,/img/items/5708.PNG,5708.PNG,161,,
Glassback,glassback,glassback,https://buddy.farm/i/glassback/,icon_found,200,Glassback,https://farmrpg.com/img/items/glassback.png,/img/items/glassback.png,glassback.png,5,,
Globber,globber,globber,https://buddy.farm/i/globber/,icon_found,200,Globber,https://farmrpg.com/img/items/5766.png,/img/items/5766.png,5766.png,18,,
Glowing Lantern,glowing lantern,glowing-lantern,https://buddy.farm/i/glowing-lantern/,icon_found,200,Glowing Lantern,https://farmrpg.com/img/items/glowinglantern.png,/img/items/glowinglantern.png,glowinglantern.png,7,,
Glowshroom,glowshroom,glowshroom,https://buddy.farm/i/glowshroom/,icon_found,200,Glowshroom,https://farmrpg.com/img/items/glowshroom.png,/img/items/glowshroom.png,glowshroom.png,3,,
Gold Apple,gold apple,gold-apple,https://buddy.farm/i/gold-apple/,icon_found,200,Gold Apple,https://farmrpg.com/img/items/goldapple2.png,/img/items/goldapple2.png,goldapple2.png,1,,
Gold Aquamarine Ring,gold aquamarine ring,gold-aquamarine-ring,https://buddy.farm/i/gold-aquamarine-ring/,icon_found,200,Gold Aquamarine Ring,https://farmrpg.com/img/items/goldaqring.png,/img/items/goldaqring.png,goldaqring.png,5,,
Gold Boot,gold boot,gold-boot,https://buddy.farm/i/gold-boot/,icon_found,200,Gold Boot,https://farmrpg.com/img/items/gboot.png?1,/img/items/gboot.png,gboot.png,7,,
Gold Buddy Sweater,gold buddy sweater,gold-buddy-sweater,https://buddy.farm/i/gold-buddy-sweater/,icon_found,200,Gold Buddy Sweater,https://farmrpg.com/img/items/ugly_sweater_gold.png,/img/items/ugly_sweater_gold.png,ugly_sweater_gold.png,1,,
Gold Carrot,gold carrot,gold-carrot,https://buddy.farm/i/gold-carrot/,icon_found,200,Gold Carrot,https://farmrpg.com/img/items/8391g.png,/img/items/8391g.png,8391g.png,38,,
Gold Carrot Seeds,gold carrot seeds,gold-carrot-seeds,https://buddy.farm/i/gold-carrot-seeds/,icon_found,200,Gold Carrot Seeds,https://farmrpg.com/img/items/seeds_gcarrots.png,/img/items/seeds_gcarrots.png,seeds_gcarrots.png,22,,
Gold Catfish,gold catfish,gold-catfish,https://buddy.farm/i/gold-catfish/,icon_found,200,Gold Catfish,https://farmrpg.com/img/items/goldcatfish.png,/img/items/goldcatfish.png,goldcatfish.png,25,,
Gold Coral,gold coral,gold-coral,https://buddy.farm/i/gold-coral/,icon_found,200,Gold Coral,https://farmrpg.com/img/items/goldcoral.png,/img/items/goldcoral.png,goldcoral.png,24,,
Gold Crab,gold crab,gold-crab,https://buddy.farm/i/gold-crab/,icon_found,200,Gold Crab,https://farmrpg.com/img/items/fishing_102_t.png,/img/items/fishing_102_t.png,fishing_102_t.png,10,,
Gold Cucumber,gold cucumber,gold-cucumber,https://buddy.farm/i/gold-cucumber/,icon_found,200,Gold Cucumber,https://farmrpg.com/img/items/5805g.png?1,/img/items/5805g.png,5805g.png,31,,
Gold Cucumber Seeds,gold cucumber seeds,gold-cucumber-seeds,https://buddy.farm/i/gold-cucumber-seeds/,icon_found,200,Gold Cucumber Seeds,https://farmrpg.com/img/items/seeds_gcucumber.png,/img/items/seeds_gcucumber.png,seeds_gcucumber.png,13,,
Gold Diamond Ring,gold diamond ring,gold-diamond-ring,https://buddy.farm/i/gold-diamond-ring/,icon_found,200,Gold Diamond Ring,https://farmrpg.com/img/items/864.png,/img/items/864.png,864.png,5,,
Gold Drum,gold drum,gold-drum,https://buddy.farm/i/gold-drum/,icon_found,200,Gold Drum,https://farmrpg.com/img/items/golddrum.png,/img/items/golddrum.png,golddrum.png,18,,
Gold Egg,gold egg,gold-egg,https://buddy.farm/i/gold-egg/,icon_found,200,Gold Egg,https://farmrpg.com/img/items/egg_gold.png,/img/items/egg_gold.png,egg_gold.png,4,,
Gold Eggplant,gold eggplant,gold-eggplant,https://buddy.farm/i/gold-eggplant/,icon_found,200,Gold Eggplant,https://farmrpg.com/img/items/geggplant.png?1,/img/items/geggplant.png,geggplant.png,28,,
Gold Eggplant Seeds,gold eggplant seeds,gold-eggplant-seeds,https://buddy.farm/i/gold-eggplant-seeds/,icon_found,200,Gold Eggplant Seeds,https://farmrpg.com/img/items/seeds_geggplants.png,/img/items/seeds_geggplants.png,seeds_geggplants.png,12,,
Gold Emerald Ring,gold emerald ring,gold-emerald-ring,https://buddy.farm/i/gold-emerald-ring/,icon_found,200,Gold Emerald Ring,https://farmrpg.com/img/items/goldemring.png,/img/items/goldemring.png,goldemring.png,5,,
Gold Feather,gold feather,gold-feather,https://buddy.farm/i/gold-feather/,icon_found,200,Gold Feather,https://farmrpg.com/img/items/5996.png,/img/items/5996.png,5996.png,82,,
Gold Feed,gold feed,gold-feed,https://buddy.farm/i/gold-feed/,icon_found,200,Gold Feed,https://farmrpg.com/img/items/goldfeed.png,/img/items/goldfeed.png,goldfeed.png,2,,
Gold Flier,gold flier,gold-flier,https://buddy.farm/i/gold-flier/,icon_found,200,Gold Flier,https://farmrpg.com/img/items/goldflier.png,/img/items/goldflier.png,goldflier.png,26,,
Gold Garnet Ring,gold garnet ring,gold-garnet-ring,https://buddy.farm/i/gold-garnet-ring/,icon_found,200,Gold Garnet Ring,https://farmrpg.com/img/items/goldgarnetring.png,/img/items/goldgarnetring.png,goldgarnetring.png,5,,
Gold Horseshoe,gold horseshoe,gold-horseshoe,https://buddy.farm/i/gold-horseshoe/,icon_found,200,Gold Horseshoe,https://farmrpg.com/img/items/goldhs.png,/img/items/goldhs.png,goldhs.png,3,,
Gold Jade Ring,gold jade ring,gold-jade-ring,https://buddy.farm/i/gold-jade-ring/,icon_found,200,Gold Jade Ring,https://farmrpg.com/img/items/goldjadering2.png,/img/items/goldjadering2.png,goldjadering2.png,5,,
Gold Jelly,gold jelly,gold-jelly,https://buddy.farm/i/gold-jelly/,icon_found,200,Gold Jelly,https://farmrpg.com/img/items/goldjelly.png,/img/items/goldjelly.png,goldjelly.png,6,,
Gold King Apple,gold king apple,gold-king-apple,https://buddy.farm/i/gold-king-apple/,icon_found,200,Gold King Apple,https://farmrpg.com/img/items/king_apple_gold.png?1,/img/items/king_apple_gold.png,king_apple_gold.png,1,,
Gold Laurel,gold laurel,gold-laurel,https://buddy.farm/i/gold-laurel/,icon_found,200,Gold Laurel,https://farmrpg.com/img/items/goldleaflaurel.png,/img/items/goldleaflaurel.png,goldleaflaurel.png,4,,
Gold Leaf,gold leaf,gold-leaf,https://buddy.farm/i/gold-leaf/,icon_found,200,Gold Leaf,https://farmrpg.com/img/items/8774.png,/img/items/8774.png,8774.png,58,,
Gold Lemon Quartz Ring,gold lemon quartz ring,gold-lemon-quartz-ring,https://buddy.farm/i/gold-lemon-quartz-ring/,icon_found,200,Gold Lemon Quartz Ring,https://farmrpg.com/img/items/goldlqring.png,/img/items/goldlqring.png,goldlqring.png,5,,
Gold Mittens,gold mittens,gold-mittens,https://buddy.farm/i/gold-mittens/,icon_found,200,Gold Mittens,https://farmrpg.com/img/items/goldmittens.png,/img/items/goldmittens.png,goldmittens.png,1,,
Gold Pea Seeds,gold pea seeds,gold-pea-seeds,https://buddy.farm/i/gold-pea-seeds/,icon_found,200,Gold Pea Seeds,https://farmrpg.com/img/items/seeds_gpeas.png,/img/items/seeds_gpeas.png,seeds_gpeas.png,11,,
Gold Peas,gold peas,gold-peas,https://buddy.farm/i/gold-peas/,icon_found,200,Gold Peas,https://farmrpg.com/img/items/8259g.png,/img/items/8259g.png,8259g.png,34,,
Gold Pepper Seeds,gold pepper seeds,gold-pepper-seeds,https://buddy.farm/i/gold-pepper-seeds/,icon_found,200,Gold Pepper Seeds,https://farmrpg.com/img/items/seeds_gpeppers.png,/img/items/seeds_gpeppers.png,seeds_gpeppers.png,14,,
Gold Peppers,gold peppers,gold-peppers,https://buddy.farm/i/gold-peppers/,icon_found,200,Gold Peppers,https://farmrpg.com/img/items/8301g.png?1,/img/items/8301g.png,8301g.png,36,,
Gold Potato,gold potato,gold-potato,https://buddy.farm/i/gold-potato/,icon_found,200,Gold Potato,https://farmrpg.com/img/items/gp3.png,/img/items/gp3.png,gp3.png,10,,
Gold Ring,gold ring,gold-ring,https://buddy.farm/i/gold-ring/,icon_found,200,Gold Ring,https://farmrpg.com/img/items/goldring.png,/img/items/goldring.png,goldring.png,8,,
Gold Ruby Ring,gold ruby ring,gold-ruby-ring,https://buddy.farm/i/gold-ruby-ring/,icon_found,200,Gold Ruby Ring,https://farmrpg.com/img/items/goldrubyring.png,/img/items/goldrubyring.png,goldrubyring.png,5,,
Gold Rudolph,gold rudolph,gold-rudolph,https://buddy.farm/i/gold-rudolph/,icon_found,200,Gold Rudolph,https://farmrpg.com/img/items/goldrudolph.png,/img/items/goldrudolph.png,goldrudolph.png,1,,
Gold Sea Bass,gold sea bass,gold-sea-bass,https://buddy.farm/i/gold-sea-bass/,icon_found,200,Gold Sea Bass,https://farmrpg.com/img/items/goldseabass.png,/img/items/goldseabass.png,goldseabass.png,25,,
Gold Sea Crest,gold sea crest,gold-sea-crest,https://buddy.farm/i/gold-sea-crest/,icon_found,200,Gold Sea Crest,https://farmrpg.com/img/items/goldseacrest.png,/img/items/goldseacrest.png,goldseacrest.png,9,,
Gold Seed Bag 01,gold seed bag 01,gold-seed-bag-01,https://buddy.farm/i/gold-seed-bag-01/,icon_found,200,Gold Seed Bag 01,https://farmrpg.com/img/items/gold_bag.png,/img/items/gold_bag.png,gold_bag.png,11,,
Gold Shamrock,gold shamrock,gold-shamrock,https://buddy.farm/i/gold-shamrock/,icon_found,200,Gold Shamrock,https://farmrpg.com/img/items/goldclover.png,/img/items/goldclover.png,goldclover.png,5,,
Gold Slimeback,gold slimeback,gold-slimeback,https://buddy.farm/i/gold-slimeback/,icon_found,200,Gold Slimeback,https://farmrpg.com/img/items/goldslimeback.png,/img/items/goldslimeback.png,goldslimeback.png,1,,
Gold Trout,gold trout,gold-trout,https://buddy.farm/i/gold-trout/,icon_found,200,Gold Trout,https://farmrpg.com/img/items/goldtrout.png?1,/img/items/goldtrout.png,goldtrout.png,24,,
Gold Wreath,gold wreath,gold-wreath,https://buddy.farm/i/gold-wreath/,icon_found,200,Gold Wreath,https://farmrpg.com/img/items/goldwreath.png,/img/items/goldwreath.png,goldwreath.png,1,,
Goldfin,goldfin,goldfin,https://buddy.farm/i/goldfin/,icon_found,200,Goldfin,https://farmrpg.com/img/items/goldfin.png,/img/items/goldfin.png,goldfin.png,15,,
Goldfish,goldfish,goldfish,https://buddy.farm/i/goldfish/,icon_found,200,Goldfish,https://farmrpg.com/img/items/fishing_118_t.png,/img/items/fishing_118_t.png,fishing_118_t.png,10,,
Goldgill,goldgill,goldgill,https://buddy.farm/i/goldgill/,icon_found,200,Goldgill,https://farmrpg.com/img/items/goldgill.png,/img/items/goldgill.png,goldgill.png,21,,
Goldjack,goldjack,goldjack,https://buddy.farm/i/goldjack/,icon_found,200,Goldjack,https://farmrpg.com/img/items/goldjack.png?1,/img/items/goldjack.png,goldjack.png,17,,
Goldray,goldray,goldray,https://buddy.farm/i/goldray/,icon_found,200,Goldray,https://farmrpg.com/img/items/goldray.png,/img/items/goldray.png,goldray.png,22,,
Good Luck Card,good luck card,good-luck-card,https://buddy.farm/i/good-luck-card/,icon_found,200,Good Luck Card,https://farmrpg.com/img/items/card_goodluck.png,/img/items/card_goodluck.png,card_goodluck.png,9,,
Goostav Bobblehead,goostav bobblehead,goostav-bobblehead,https://buddy.farm/i/goostav-bobblehead/,icon_found,200,Goostav Bobblehead,https://farmrpg.com/img/items/bobble_goostav.png,/img/items/bobble_goostav.png,bobble_goostav.png,2,,
Gouda,gouda,gouda,https://buddy.farm/i/gouda/,icon_found,200,Gouda,https://farmrpg.com/img/items/4601.png,/img/items/4601.png,4601.png,18,,
Grab Bag 01,grab bag 01,grab-bag-01,https://buddy.farm/i/grab-bag-01/,icon_found,200,Grab Bag 01,https://farmrpg.com/img/items/4497.png,/img/items/4497.png,4497.png,28,,
Grab Bag 02,grab bag 02,grab-bag-02,https://buddy.farm/i/grab-bag-02/,icon_found,200,Grab Bag 02,https://farmrpg.com/img/items/4497.png,/img/items/4497.png,4497.png,27,,
Grab Bag 03,grab bag 03,grab-bag-03,https://buddy.farm/i/grab-bag-03/,icon_found,200,Grab Bag 03,https://farmrpg.com/img/items/4497.png,/img/items/4497.png,4497.png,22,,
Grab Bag 04,grab bag 04,grab-bag-04,https://buddy.farm/i/grab-bag-04/,icon_found,200,Grab Bag 04,https://farmrpg.com/img/items/4497.png,/img/items/4497.png,4497.png,25,,
Grab Bag 05,grab bag 05,grab-bag-05,https://buddy.farm/i/grab-bag-05/,icon_found,200,Grab Bag 05,https://farmrpg.com/img/items/4497.png,/img/items/4497.png,4497.png,26,,
Grab Bag 06,grab bag 06,grab-bag-06,https://buddy.farm/i/grab-bag-06/,icon_found,200,Grab Bag 06,https://farmrpg.com/img/items/4497.png,/img/items/4497.png,4497.png,36,,
Grab Bag 07,grab bag 07,grab-bag-07,https://buddy.farm/i/grab-bag-07/,icon_found,200,Grab Bag 07,https://farmrpg.com/img/items/4497.png,/img/items/4497.png,4497.png,59,,
Grab Bag 08,grab bag 08,grab-bag-08,https://buddy.farm/i/grab-bag-08/,icon_found,200,Grab Bag 08,https://farmrpg.com/img/items/4497.png,/img/items/4497.png,4497.png,13,,
Grand Piano,grand piano,grand-piano,https://buddy.farm/i/grand-piano/,icon_found,200,Grand Piano,https://farmrpg.com/img/items/piano.png,/img/items/piano.png,piano.png,17,,
Grape Juice,grape juice,grape-juice,https://buddy.farm/i/grape-juice/,icon_found,200,Grape Juice,https://farmrpg.com/img/items/grapejuice.png,/img/items/grapejuice.png,grapejuice.png,63,,
Grapes,grapes,grapes,https://buddy.farm/i/grapes/,icon_found,200,Grapes,https://farmrpg.com/img/items/8272.PNG,/img/items/8272.PNG,8272.PNG,44,,
Grasshopper,grasshopper,grasshopper,https://buddy.farm/i/grasshopper/,icon_found,200,Grasshopper,https://farmrpg.com/img/items/3315.png,/img/items/3315.png,3315.png,20,,
Gravy Boat,gravy boat,gravy-boat,https://buddy.farm/i/gravy-boat/,icon_found,200,Gravy Boat,https://farmrpg.com/img/items/gravyboat.png,/img/items/gravyboat.png,gravyboat.png,4,,
Green Apple,green apple,green-apple,https://buddy.farm/i/green-apple/,icon_found,200,Green Apple,https://farmrpg.com/img/items/greenapple.png,/img/items/greenapple.png,greenapple.png,1,,
Green Backpack,green backpack,green-backpack,https://buddy.farm/i/green-backpack/,icon_found,200,Green Backpack,https://farmrpg.com/img/items/luckybag.png,/img/items/luckybag.png,luckybag.png,9,,
Green Barracuda,green barracuda,green-barracuda,https://buddy.farm/i/green-barracuda/,icon_found,200,Green Barracuda,https://farmrpg.com/img/items/3284.png,/img/items/3284.png,3284.png,5,,
Green Butterfly,green butterfly,green-butterfly,https://buddy.farm/i/green-butterfly/,icon_found,200,Green Butterfly,https://farmrpg.com/img/items/afk_8578g.png,/img/items/afk_8578g.png,afk_8578g.png,6,,
Green Chromis,green chromis,green-chromis,https://buddy.farm/i/green-chromis/,icon_found,200,Green Chromis,https://farmrpg.com/img/items/7828.PNG,/img/items/7828.PNG,7828.PNG,16,,
Green Cloak,green cloak,green-cloak,https://buddy.farm/i/green-cloak/,icon_found,200,Green Cloak,https://farmrpg.com/img/items/ForestIcons_54_t.png,/img/items/ForestIcons_54_t.png,ForestIcons_54_t.png,55,,
Green Diary,green diary,green-diary,https://buddy.farm/i/green-diary/,icon_found,200,Green Diary,https://farmrpg.com/img/items/greenbook.png,/img/items/greenbook.png,greenbook.png,31,,
Green Dye,green dye,green-dye,https://buddy.farm/i/green-dye/,icon_found,200,Green Dye,https://farmrpg.com/img/items/greendye.png,/img/items/greendye.png,greendye.png,41,,
Green Halite,green halite,green-halite,https://buddy.farm/i/green-halite/,icon_found,200,Green Halite,https://farmrpg.com/img/items/9445.png,/img/items/9445.png,9445.png,1,,
Green Jellyfish,green jellyfish,green-jellyfish,https://buddy.farm/i/green-jellyfish/,icon_found,200,Green Jellyfish,https://farmrpg.com/img/items/7787.png,/img/items/7787.png,7787.png,17,,
Green Ornament,green ornament,green-ornament,https://buddy.farm/i/green-ornament/,icon_found,200,Green Ornament,https://farmrpg.com/img/items/cr_t_03_c.png,/img/items/cr_t_03_c.png,cr_t_03_c.png,9,,
Green Parchment,green parchment,green-parchment,https://buddy.farm/i/green-parchment/,icon_found,200,Green Parchment,https://farmrpg.com/img/items/greenparchment.png,/img/items/greenparchment.png,greenparchment.png,14,,
Green Rubee,green rubee,green-rubee,https://buddy.farm/i/green-rubee/,icon_found,200,Green Rubee,https://farmrpg.com/img/items/greengem.png,/img/items/greengem.png,greengem.png,6,,
Green Scarf,green scarf,green-scarf,https://buddy.farm/i/green-scarf/,icon_found,200,Green Scarf,https://farmrpg.com/img/items/scarf.png,/img/items/scarf.png,scarf.png,25,,
Green Shield,green shield,green-shield,https://buddy.farm/i/green-shield/,icon_found,200,Green Shield,https://farmrpg.com/img/items/greenshield.png,/img/items/greenshield.png,greenshield.png,20,,
Green Shirt,green shirt,green-shirt,https://buddy.farm/i/green-shirt/,icon_found,200,Green Shirt,https://farmrpg.com/img/items/greenshirt.png,/img/items/greenshirt.png,greenshirt.png,5,,
Green Top Hat,green top hat,green-top-hat,https://buddy.farm/i/green-top-hat/,icon_found,200,Green Top Hat,https://farmrpg.com/img/items/greenhat.png,/img/items/greenhat.png,greenhat.png,26,,
Green Torpedo,green torpedo,green-torpedo,https://buddy.farm/i/green-torpedo/,icon_found,200,Green Torpedo,https://farmrpg.com/img/items/greenfw.png,/img/items/greenfw.png,greenfw.png,4,,
Green Twine,green twine,green-twine,https://buddy.farm/i/green-twine/,icon_found,200,Green Twine,https://farmrpg.com/img/items/greentwine.png,/img/items/greentwine.png,greentwine.png,11,,
Groundhog Buddy Doll,groundhog buddy doll,groundhog-buddy-doll,https://buddy.farm/i/groundhog-buddy-doll/,icon_found,200,Groundhog Buddy Doll,https://farmrpg.com/img/items/buddydoll_groundhog.png,/img/items/buddydoll_groundhog.png,buddydoll_groundhog.png,2,,
Growth Medallion I,growth medallion i,growth-medallion-i,https://buddy.farm/i/growth-medallion-i/,icon_found,200,Growth Medallion I,https://farmrpg.com/img/items/ForestIcons_32_t.png,/img/items/ForestIcons_32_t.png,ForestIcons_32_t.png,2,,
Growth Medallion II,growth medallion ii,growth-medallion-ii,https://buddy.farm/i/growth-medallion-ii/,icon_found,200,Growth Medallion II,https://farmrpg.com/img/items/ForestIcons_32_t.png,/img/items/ForestIcons_32_t.png,ForestIcons_32_t.png,2,,
Grubs,grubs,grubs,https://buddy.farm/i/grubs/,icon_found,200,Grubs,https://farmrpg.com/img/items/7745.png,/img/items/7745.png,7745.png,28,,
Gummy Globber,gummy globber,gummy-globber,https://buddy.farm/i/gummy-globber/,icon_found,200,Gummy Globber,https://farmrpg.com/img/items/candyfish.png,/img/items/candyfish.png,candyfish.png,3,,
Gummy Worms,gummy worms,gummy-worms,https://buddy.farm/i/gummy-worms/,icon_found,200,Gummy Worms,https://farmrpg.com/img/items/gworm.png,/img/items/gworm.png,gworm.png,29,,
Hammer,hammer,hammer,https://buddy.farm/i/hammer/,icon_found,200,Hammer,https://farmrpg.com/img/items/hammer.png?2,/img/items/hammer.png,hammer.png,51,,
Handsaw,handsaw,handsaw,https://buddy.farm/i/handsaw/,icon_found,200,Handsaw,https://farmrpg.com/img/items/3149.png,/img/items/3149.png,3149.png,11,,
Happy Cookies,happy cookies,happy-cookies,https://buddy.farm/i/happy-cookies/,icon_found,200,Happy Cookies,https://farmrpg.com/img/items/ccookies.png,/img/items/ccookies.png,ccookies.png,30,,
Happy Farmiversary Card,happy farmiversary card,happy-farmiversary-card,https://buddy.farm/i/happy-farmiversary-card/,icon_found,200,Happy Farmiversary Card,https://farmrpg.com/img/items/card_farmiversary.png,/img/items/card_farmiversary.png,card_farmiversary.png,3,,
Happy Halloween Card,happy halloween card,happy-halloween-card,https://buddy.farm/i/happy-halloween-card/,icon_found,200,Happy Halloween Card,https://farmrpg.com/img/items/halloween_card.png,/img/items/halloween_card.png,halloween_card.png,3,,
Harpoon,harpoon,harpoon,https://buddy.farm/i/harpoon/,icon_found,200,Harpoon,https://farmrpg.com/img/items/harpoon.png,/img/items/harpoon.png,harpoon.png,1,,
Headdress of Luna,headdress of luna,headdress-of-luna,https://buddy.farm/i/headdress-of-luna/,icon_found,200,Headdress of Luna,https://farmrpg.com/img/items/3911.png,/img/items/3911.png,3911.png,2,,
Heart Candies,heart candies,heart-candies,https://buddy.farm/i/heart-candies/,icon_found,200,Heart Candies,https://farmrpg.com/img/items/heartcandies.png,/img/items/heartcandies.png,heartcandies.png,4,,
Heart Container,heart container,heart-container,https://buddy.farm/i/heart-container/,icon_found,200,Heart Container,https://farmrpg.com/img/items/heartcontainer.png?1,/img/items/heartcontainer.png,heartcontainer.png,15,,
Heart Necklace,heart necklace,heart-necklace,https://buddy.farm/i/heart-necklace/,icon_found,200,Heart Necklace,https://farmrpg.com/img/items/l_02_t_a.PNG,/img/items/l_02_t_a.PNG,l_02_t_a.PNG,18,,
Heart Necklace Left Piece,heart necklace left piece,heart-necklace-left-piece,https://buddy.farm/i/heart-necklace-left-piece/,icon_found,200,Heart Necklace Left Piece,https://farmrpg.com/img/items/l_02_t_b.PNG,/img/items/l_02_t_b.PNG,l_02_t_b.PNG,4,,
Heart Necklace Right Piece,heart necklace right piece,heart-necklace-right-piece,https://buddy.farm/i/heart-necklace-right-piece/,icon_found,200,Heart Necklace Right Piece,https://farmrpg.com/img/items/l_02_t_c.PNG,/img/items/l_02_t_c.PNG,l_02_t_c.PNG,3,,
Heart-shaped Box 01,heart-shaped box 01,heart-shaped-box-01,https://buddy.farm/i/heart-shaped-box-01/,icon_found,200,Heart-shaped Box 01,https://farmrpg.com/img/items/heartshapedbox1.png,/img/items/heartshapedbox1.png,heartshapedbox1.png,12,,
Heart-shaped Box 02,heart-shaped box 02,heart-shaped-box-02,https://buddy.farm/i/heart-shaped-box-02/,icon_found,200,Heart-shaped Box 02,https://farmrpg.com/img/items/heartshapedbox1.png,/img/items/heartshapedbox1.png,heartshapedbox1.png,11,,
Heart-shaped Box 03,heart-shaped box 03,heart-shaped-box-03,https://buddy.farm/i/heart-shaped-box-03/,icon_found,200,Heart-shaped Box 03,https://farmrpg.com/img/items/heartshapedbox1.png,/img/items/heartshapedbox1.png,heartshapedbox1.png,14,,
Heart-shaped Gem,heart-shaped gem,heart-shaped-gem,https://buddy.farm/i/heart-shaped-gem/,icon_found,200,Heart-shaped Gem,https://farmrpg.com/img/items/3495.png,/img/items/3495.png,3495.png,10,,
Hearts,hearts,hearts,https://buddy.farm/i/hearts/,icon_found,200,Hearts,https://farmrpg.com/img/items/card_hearts.png,/img/items/card_hearts.png,card_hearts.png,29,,
Hensods's Bonsai,hensods's bonsai,hensods-s-bonsai,https://buddy.farm/i/hensods-s-bonsai/,icon_found,200,Hensods&#x27;s Bonsai,https://farmrpg.com/img/items/bonsai01.png,/img/items/bonsai01.png,bonsai01.png,2,,
Herbs,herbs,herbs,https://buddy.farm/i/herbs/,icon_found,200,Herbs,https://farmrpg.com/img/items/5686.png,/img/items/5686.png,5686.png,44,,
Hessian's Axe,hessian's axe,hessian-s-axe,https://buddy.farm/i/hessian-s-axe/,icon_found,200,Hessian&#x27;s Axe,https://farmrpg.com/img/items/hessaxe2.png,/img/items/hessaxe2.png,hessaxe2.png,2,,
Hickory Omelette,hickory omelette,hickory-omelette,https://buddy.farm/i/hickory-omelette/,icon_found,200,Hickory Omelette,https://farmrpg.com/img/items/omelet1.png,/img/items/omelet1.png,omelet1.png,27,,
Hide,hide,hide,https://buddy.farm/i/hide/,icon_found,200,Hide,https://farmrpg.com/img/items/5986.PNG,/img/items/5986.PNG,5986.PNG,18,,
Hockey Mask,hockey mask,hockey-mask,https://buddy.farm/i/hockey-mask/,icon_found,200,Hockey Mask,https://farmrpg.com/img/items/hockeymask.png,/img/items/hockeymask.png,hockeymask.png,14,,
Holger Bobblehead,holger bobblehead,holger-bobblehead,https://buddy.farm/i/holger-bobblehead/,icon_found,200,Holger Bobblehead,https://farmrpg.com/img/items/bobble_holger.png,/img/items/bobble_holger.png,bobble_holger.png,2,,
Holger's Lunch Box,holger's lunch box,holger-s-lunch-box,https://buddy.farm/i/holger-s-lunch-box/,icon_found,200,Holger&#x27;s Lunch Box,https://farmrpg.com/img/items/lunchbox2.png?1,/img/items/lunchbox2.png,lunchbox2.png,12,,
Holger's Mushroom Stew,holger's mushroom stew,holger-s-mushroom-stew,https://buddy.farm/i/holger-s-mushroom-stew/,icon_found,200,Holger&#x27;s Mushroom Stew,https://farmrpg.com/img/items/recipe.png,/img/items/recipe.png,recipe.png,3,,
Holiday Cake,holiday cake,holiday-cake,https://buddy.farm/i/holiday-cake/,icon_found,200,Holiday Cake,https://farmrpg.com/img/items/treecake.png,/img/items/treecake.png,treecake.png,9,,
Holiday Candles,holiday candles,holiday-candles,https://buddy.farm/i/holiday-candles/,icon_found,200,Holiday Candles,https://farmrpg.com/img/items/11_sm.png,/img/items/11_sm.png,11_sm.png,4,,
Holiday Cheer Bundle 01,holiday cheer bundle 01,holiday-cheer-bundle-01,https://buddy.farm/i/holiday-cheer-bundle-01/,icon_found,200,Holiday Cheer Bundle 01,https://farmrpg.com/img/items/holidaycheerbundle.png,/img/items/holidaycheerbundle.png,holidaycheerbundle.png,15,,
Holiday Garland,holiday garland,holiday-garland,https://buddy.farm/i/holiday-garland/,icon_found,200,Holiday Garland,https://farmrpg.com/img/items/garland.png,/img/items/garland.png,garland.png,4,,
Holiday Wreath,holiday wreath,holiday-wreath,https://buddy.farm/i/holiday-wreath/,icon_found,200,Holiday Wreath,https://farmrpg.com/img/items/wreath.png?2,/img/items/wreath.png,wreath.png,16,,
Honey,honey,honey,https://buddy.farm/i/honey/,icon_found,200,Honey,https://farmrpg.com/img/items/jarofhoney.png,/img/items/jarofhoney.png,jarofhoney.png,61,,
Honeycomb,honeycomb,honeycomb,https://buddy.farm/i/honeycomb/,icon_found,200,Honeycomb,https://farmrpg.com/img/items/6311.png,/img/items/6311.png,6311.png,9,,
Honeysuckle,honeysuckle,honeysuckle,https://buddy.farm/i/honeysuckle/,icon_found,200,Honeysuckle,https://farmrpg.com/img/items/honeysuckle.png,/img/items/honeysuckle.png,honeysuckle.png,4,,
Hops,hops,hops,https://buddy.farm/i/hops/,icon_found,200,Hops,https://farmrpg.com/img/items/8248n.png,/img/items/8248n.png,8248n.png,127,,
Hops Seeds,hops seeds,hops-seeds,https://buddy.farm/i/hops-seeds/,icon_found,200,Hops Seeds,https://farmrpg.com/img/items/seeds_hops.png,/img/items/seeds_hops.png,seeds_hops.png,106,,
Horn,horn,horn,https://buddy.farm/i/horn/,icon_found,200,Horn,https://farmrpg.com/img/items/6111.PNG,/img/items/6111.PNG,6111.PNG,20,,
Horn Canteen,horn canteen,horn-canteen,https://buddy.farm/i/horn-canteen/,icon_found,200,Horn Canteen,https://farmrpg.com/img/items/5969.PNG,/img/items/5969.PNG,5969.PNG,31,,
Horned Beetle,horned beetle,horned-beetle,https://buddy.farm/i/horned-beetle/,icon_found,200,Horned Beetle,https://farmrpg.com/img/items/hbeetle.png,/img/items/hbeetle.png,hbeetle.png,31,,
Horseman's Belt,horseman's belt,horseman-s-belt,https://buddy.farm/i/horseman-s-belt/,icon_found,200,Horseman&#x27;s Belt,https://farmrpg.com/img/items/s_08.png,/img/items/s_08.png,s_08.png,2,,
Horseshoe,horseshoe,horseshoe,https://buddy.farm/i/horseshoe/,icon_found,200,Horseshoe,https://farmrpg.com/img/items/6956.png,/img/items/6956.png,6956.png,15,,
Hot Cocoa,hot cocoa,hot-cocoa,https://buddy.farm/i/hot-cocoa/,icon_found,200,Hot Cocoa,https://farmrpg.com/img/items/5_sm.png,/img/items/5_sm.png,5_sm.png,13,,
Hot Potato,hot potato,hot-potato,https://buddy.farm/i/hot-potato/,icon_found,200,Hot Potato,https://farmrpg.com/img/items/hotpotato.png,/img/items/hotpotato.png,hotpotato.png,14,,
Hotdog Buddy Doll,hotdog buddy doll,hotdog-buddy-doll,https://buddy.farm/i/hotdog-buddy-doll/,icon_found,200,Hotdog Buddy Doll,https://farmrpg.com/img/items/hot_dog_buddy_doll.png,/img/items/hot_dog_buddy_doll.png,hot_dog_buddy_doll.png,1,,
Hourglass,hourglass,hourglass,https://buddy.farm/i/hourglass/,icon_found,200,Hourglass,https://farmrpg.com/img/items/4241.png,/img/items/4241.png,4241.png,18,,
Hummingbird Feeder,hummingbird feeder,hummingbird-feeder,https://buddy.farm/i/hummingbird-feeder/,icon_found,200,Hummingbird Feeder,https://farmrpg.com/img/items/hummingbird_feeder.png,/img/items/hummingbird_feeder.png,hummingbird_feeder.png,7,,
Ice Scraper,ice scraper,ice-scraper,https://buddy.farm/i/ice-scraper/,icon_found,200,Ice Scraper,https://farmrpg.com/img/items/ice_scraper.png,/img/items/ice_scraper.png,ice_scraper.png,3,,
Ice Shark,ice shark,ice-shark,https://buddy.farm/i/ice-shark/,icon_found,200,Ice Shark,https://farmrpg.com/img/items/iceshark.png,/img/items/iceshark.png,iceshark.png,5,,
Iced Tea,iced tea,iced-tea,https://buddy.farm/i/iced-tea/,icon_found,200,Iced Tea,https://farmrpg.com/img/items/tea.png,/img/items/tea.png,tea.png,62,,
Inferno Pepper,inferno pepper,inferno-pepper,https://buddy.farm/i/inferno-pepper/,icon_found,200,Inferno Pepper,https://farmrpg.com/img/items/infpepper.png,/img/items/infpepper.png,infpepper.png,12,,
Inferno Ring,inferno ring,inferno-ring,https://buddy.farm/i/inferno-ring/,icon_found,200,Inferno Ring,https://farmrpg.com/img/items/infring2.png,/img/items/infring2.png,infring2.png,2,,
Inferno Sphere,inferno sphere,inferno-sphere,https://buddy.farm/i/inferno-sphere/,icon_found,200,Inferno Sphere,https://farmrpg.com/img/items/6017.png,/img/items/6017.png,6017.png,24,,
Iron,iron,iron,https://buddy.farm/i/iron/,icon_found,200,Iron,https://farmrpg.com/img/items/5779.PNG,/img/items/5779.PNG,5779.PNG,65,,
Iron Cup,iron cup,iron-cup,https://buddy.farm/i/iron-cup/,icon_found,200,Iron Cup,https://farmrpg.com/img/items/ironcup.png,/img/items/ironcup.png,ironcup.png,27,,
Iron Ring,iron ring,iron-ring,https://buddy.farm/i/iron-ring/,icon_found,200,Iron Ring,https://farmrpg.com/img/items/ironring.png,/img/items/ironring.png,ironring.png,46,,
Jack-o-key,jack-o-key,jack-o-key,https://buddy.farm/i/jack-o-key/,icon_found,200,Jack-o-key,https://farmrpg.com/img/items/jkey.png,/img/items/jkey.png,jkey.png,2,,
Jack-o-lantern,jack-o-lantern,jack-o-lantern,https://buddy.farm/i/jack-o-lantern/,icon_found,200,Jack-o-lantern,https://farmrpg.com/img/items/pumpkin_t_05.png,/img/items/pumpkin_t_05.png,pumpkin_t_05.png,46,,
Jade,jade,jade,https://buddy.farm/i/jade/,icon_found,200,Jade,https://farmrpg.com/img/items/jade.png,/img/items/jade.png,jade.png,31,,
Jade Charm,jade charm,jade-charm,https://buddy.farm/i/jade-charm/,icon_found,200,Jade Charm,https://farmrpg.com/img/items/jadecharm.png,/img/items/jadecharm.png,jadecharm.png,28,,
Jadeite,jadeite,jadeite,https://buddy.farm/i/jadeite/,icon_found,200,Jadeite,https://farmrpg.com/img/items/jadeite.png?1,/img/items/jadeite.png,jadeite.png,1,,
Jar of Pickles,jar of pickles,jar-of-pickles,https://buddy.farm/i/jar-of-pickles/,icon_found,200,Jar of Pickles,https://farmrpg.com/img/items/jarofpickles.png,/img/items/jarofpickles.png,jarofpickles.png,4,,
Jellyfish,jellyfish,jellyfish,https://buddy.farm/i/jellyfish/,icon_found,200,Jellyfish,https://farmrpg.com/img/items/7808.png,/img/items/7808.png,7808.png,14,,
Jester Buddy Doll,jester buddy doll,jester-buddy-doll,https://buddy.farm/i/jester-buddy-doll/,icon_found,200,Jester Buddy Doll,https://farmrpg.com/img/items/jbuddy.png,/img/items/jbuddy.png,jbuddy.png,2,,
Jill Bobblehead,jill bobblehead,jill-bobblehead,https://buddy.farm/i/jill-bobblehead/,icon_found,200,Jill Bobblehead,https://farmrpg.com/img/items/bobble_jill.png,/img/items/bobble_jill.png,bobble_jill.png,2,,
Jill's Quandary Chowder,jill's quandary chowder,jill-s-quandary-chowder,https://buddy.farm/i/jill-s-quandary-chowder/,icon_found,200,Jill&#x27;s Quandary Chowder,https://farmrpg.com/img/items/recipe.png,/img/items/recipe.png,recipe.png,3,,
Joker,joker,joker,https://buddy.farm/i/joker/,icon_found,200,Joker,https://farmrpg.com/img/items/joker.png,/img/items/joker.png,joker.png,20,,
Jumbo Fish,jumbo fish,jumbo-fish,https://buddy.farm/i/jumbo-fish/,icon_found,200,Jumbo Fish,https://farmrpg.com/img/items/3279.png,/img/items/3279.png,3279.png,4,,
Keeper Trapper,keeper trapper,keeper-trapper,https://buddy.farm/i/keeper-trapper/,icon_found,200,Keeper Trapper,https://farmrpg.com/img/items/buddytk.png,/img/items/buddytk.png,buddytk.png,2,,
Keyglobe,keyglobe,keyglobe,https://buddy.farm/i/keyglobe/,icon_found,200,Keyglobe,https://farmrpg.com/img/items/keyglobe.png,/img/items/keyglobe.png,keyglobe.png,2,,
Kill Switch,kill switch,kill-switch,https://buddy.farm/i/kill-switch/,icon_found,200,Kill Switch,https://farmrpg.com/img/items/9311.png,/img/items/9311.png,9311.png,16,,
King Apple,king apple,king-apple,https://buddy.farm/i/king-apple/,icon_found,200,King Apple,https://farmrpg.com/img/items/king_apple3.png?1,/img/items/king_apple3.png,king_apple3.png,11,,
King Cake,king cake,king-cake,https://buddy.farm/i/king-cake/,icon_found,200,King Cake,https://farmrpg.com/img/items/king_cake_new.png,/img/items/king_cake_new.png,king_cake_new.png,2,,
Kite Kite,kite kite,kite-kite,https://buddy.farm/i/kite-kite/,icon_found,200,Kite Kite,https://farmrpg.com/img/items/birdkite.png,/img/items/birdkite.png,birdkite.png,3,,
Krampus Buddy Doll,krampus buddy doll,krampus-buddy-doll,https://buddy.farm/i/krampus-buddy-doll/,icon_found,200,Krampus Buddy Doll,https://farmrpg.com/img/items/kbuddy.png,/img/items/kbuddy.png,kbuddy.png,2,,
Labubuddy Doll,labubuddy doll,labubuddy-doll,https://buddy.farm/i/labubuddy-doll/,icon_found,200,Labubuddy Doll,https://farmrpg.com/img/items/labubuddy.png,/img/items/labubuddy.png,labubuddy.png,1,,
Ladder,ladder,ladder,https://buddy.farm/i/ladder/,icon_found,200,Ladder,https://farmrpg.com/img/items/5629.png,/img/items/5629.png,5629.png,21,,
Langstaff Crest,langstaff crest,langstaff-crest,https://buddy.farm/i/langstaff-crest/,icon_found,200,Langstaff Crest,https://farmrpg.com/img/items/langstaff.png,/img/items/langstaff.png,langstaff.png,11,,
Lantern,lantern,lantern,https://buddy.farm/i/lantern/,icon_found,200,Lantern,https://farmrpg.com/img/items/lantern.png?1,/img/items/lantern.png,lantern.png,27,,
Lapis Lazuli,lapis lazuli,lapis-lazuli,https://buddy.farm/i/lapis-lazuli/,icon_found,200,Lapis Lazuli,https://farmrpg.com/img/items/lapislazuli.png,/img/items/lapislazuli.png,lapislazuli.png,2,,
Large Chest 01,large chest 01,large-chest-01,https://buddy.farm/i/large-chest-01/,icon_found,200,Large Chest 01,https://farmrpg.com/img/items/LC-1.png?1,/img/items/LC-1.png,LC-1.png,43,,
Large Chest 02,large chest 02,large-chest-02,https://buddy.farm/i/large-chest-02/,icon_found,200,Large Chest 02,https://farmrpg.com/img/items/LC-2.png?1,/img/items/LC-2.png,LC-2.png,55,,
Large Chest 03,large chest 03,large-chest-03,https://buddy.farm/i/large-chest-03/,icon_found,200,Large Chest 03,https://farmrpg.com/img/items/LC-3.png?1,/img/items/LC-3.png,LC-3.png,20,,
Large Clam Shell,large clam shell,large-clam-shell,https://buddy.farm/i/large-clam-shell/,icon_found,200,Large Clam Shell,https://farmrpg.com/img/items/fishing_74_t.png,/img/items/fishing_74_t.png,fishing_74_t.png,12,,
Large Net,large net,large-net,https://buddy.farm/i/large-net/,icon_found,200,Large Net,https://farmrpg.com/img/items/lnet.png?3,/img/items/lnet.png,lnet.png,99,,
Largemouth Bass,largemouth bass,largemouth-bass,https://buddy.farm/i/largemouth-bass/,icon_found,200,Largemouth Bass,https://farmrpg.com/img/items/7736.PNG,/img/items/7736.PNG,7736.PNG,14,,
Lava Ring,lava ring,lava-ring,https://buddy.farm/i/lava-ring/,icon_found,200,Lava Ring,https://farmrpg.com/img/items/lavaring2.png,/img/items/lavaring2.png,lavaring2.png,2,,
Lava Sphere,lava sphere,lava-sphere,https://buddy.farm/i/lava-sphere/,icon_found,200,Lava Sphere,https://farmrpg.com/img/items/5249.png,/img/items/5249.png,5249.png,24,,
Lavos Shard,lavos shard,lavos-shard,https://buddy.farm/i/lavos-shard/,icon_found,200,Lavos Shard,https://farmrpg.com/img/items/408.png,/img/items/408.png,408.png,1,,
Leather,leather,leather,https://buddy.farm/i/leather/,icon_found,200,Leather,https://farmrpg.com/img/items/5987.PNG,/img/items/5987.PNG,5987.PNG,75,,
Leather Bag,leather bag,leather-bag,https://buddy.farm/i/leather-bag/,icon_found,200,Leather Bag,https://farmrpg.com/img/items/6175.PNG,/img/items/6175.PNG,6175.PNG,20,,
Leather Belt,leather belt,leather-belt,https://buddy.farm/i/leather-belt/,icon_found,200,Leather Belt,https://farmrpg.com/img/items/finp_705.png,/img/items/finp_705.png,finp_705.png,20,,
Leather Diary,leather diary,leather-diary,https://buddy.farm/i/leather-diary/,icon_found,200,Leather Diary,https://farmrpg.com/img/items/5754.PNG,/img/items/5754.PNG,5754.PNG,36,,
Leather Helmet,leather helmet,leather-helmet,https://buddy.farm/i/leather-helmet/,icon_found,200,Leather Helmet,https://farmrpg.com/img/items/afk_9140.png,/img/items/afk_9140.png,afk_9140.png,14,,
Leather Waterskin,leather waterskin,leather-waterskin,https://buddy.farm/i/leather-waterskin/,icon_found,200,Leather Waterskin,https://farmrpg.com/img/items/5563.png,/img/items/5563.png,5563.png,17,,
Leek,leek,leek,https://buddy.farm/i/leek/,icon_found,200,Leek,https://farmrpg.com/img/items/8291.png,/img/items/8291.png,8291.png,37,,
Leek Seeds,leek seeds,leek-seeds,https://buddy.farm/i/leek-seeds/,icon_found,200,Leek Seeds,https://farmrpg.com/img/items/seeds_leek.png,/img/items/seeds_leek.png,seeds_leek.png,5,,
Lemon,lemon,lemon,https://buddy.farm/i/lemon/,icon_found,200,Lemon,https://farmrpg.com/img/items/8251.PNG,/img/items/8251.PNG,8251.PNG,56,,
Lemon Cream Pie,lemon cream pie,lemon-cream-pie,https://buddy.farm/i/lemon-cream-pie/,icon_found,200,Lemon Cream Pie,https://farmrpg.com/img/items/lemoncreampie.png,/img/items/lemoncreampie.png,lemoncreampie.png,31,,
Lemon Quartz,lemon quartz,lemon-quartz,https://buddy.farm/i/lemon-quartz/,icon_found,200,Lemon Quartz,https://farmrpg.com/img/items/5798.png,/img/items/5798.png,5798.png,23,,
Lemon Quartz Ring,lemon quartz ring,lemon-quartz-ring,https://buddy.farm/i/lemon-quartz-ring/,icon_found,200,Lemon Quartz Ring,https://farmrpg.com/img/items/lemonring.png,/img/items/lemonring.png,lemonring.png,19,,
Lemon Seltzer,lemon seltzer,lemon-seltzer,https://buddy.farm/i/lemon-seltzer/,icon_found,200,Lemon Seltzer,https://farmrpg.com/img/items/lemonseltzer.png,/img/items/lemonseltzer.png,lemonseltzer.png,15,,
Lemonade,lemonade,lemonade,https://buddy.farm/i/lemonade/,icon_found,200,Lemonade,https://farmrpg.com/img/items/lemonade.png,/img/items/lemonade.png,lemonade.png,94,,
Leprechaun Buddy Doll,leprechaun buddy doll,leprechaun-buddy-doll,https://buddy.farm/i/leprechaun-buddy-doll/,icon_found,200,Leprechaun Buddy Doll,https://farmrpg.com/img/items/leafymcluckybuddydoll.png,/img/items/leafymcluckybuddydoll.png,leafymcluckybuddydoll.png,2,,
Leprechaun Hat,leprechaun hat,leprechaun-hat,https://buddy.farm/i/leprechaun-hat/,icon_found,200,Leprechaun Hat,https://farmrpg.com/img/items/Leprechaun_hatnew.png,/img/items/Leprechaun_hatnew.png,Leprechaun_hatnew.png,3,,
Lima Bean,lima bean,lima-bean,https://buddy.farm/i/lima-bean/,icon_found,200,Lima Bean,https://farmrpg.com/img/items/limabean.png?1,/img/items/limabean.png,limabean.png,10,,
Linked Lantern,linked lantern,linked-lantern,https://buddy.farm/i/linked-lantern/,icon_found,200,Linked Lantern,https://farmrpg.com/img/items/mlantern.png?1,/img/items/mlantern.png,mlantern.png,39,,
List of Corn Puns,list of corn puns,list-of-corn-puns,https://buddy.farm/i/list-of-corn-puns/,icon_found,200,List of Corn Puns,https://farmrpg.com/img/items/cornlist.png,/img/items/cornlist.png,cornlist.png,2,,
Lobster,lobster,lobster,https://buddy.farm/i/lobster/,icon_found,200,Lobster,https://farmrpg.com/img/items/lobster.png,/img/items/lobster.png,lobster.png,1,,
Lollipop,lollipop,lollipop,https://buddy.farm/i/lollipop/,icon_found,200,Lollipop,https://farmrpg.com/img/items/candy_t_08.png,/img/items/candy_t_08.png,candy_t_08.png,40,,
Looking Glass,looking glass,looking-glass,https://buddy.farm/i/looking-glass/,icon_found,200,Looking Glass,https://farmrpg.com/img/items/5865.png,/img/items/5865.png,5865.png,31,,
Lorn Bobblehead,lorn bobblehead,lorn-bobblehead,https://buddy.farm/i/lorn-bobblehead/,icon_found,200,Lorn Bobblehead,https://farmrpg.com/img/items/bobble_lorn.png,/img/items/bobble_lorn.png,bobble_lorn.png,2,,
Lorn's Breakfast Boost,lorn's breakfast boost,lorn-s-breakfast-boost,https://buddy.farm/i/lorn-s-breakfast-boost/,icon_found,200,Lorn&#x27;s Breakfast Boost,https://farmrpg.com/img/items/recipe.png,/img/items/recipe.png,recipe.png,3,,
Lovely Cookies,lovely cookies,lovely-cookies,https://buddy.farm/i/lovely-cookies/,icon_found,200,Lovely Cookies,https://farmrpg.com/img/items/lcookies.png,/img/items/lcookies.png,lcookies.png,35,,
Lovely Present,lovely present,lovely-present,https://buddy.farm/i/lovely-present/,icon_found,200,Lovely Present,https://farmrpg.com/img/items/lpres.png,/img/items/lpres.png,lpres.png,13,,
Lovely Rose,lovely rose,lovely-rose,https://buddy.farm/i/lovely-rose/,icon_found,200,Lovely Rose,https://farmrpg.com/img/items/afk_9604.png,/img/items/afk_9604.png,afk_9604.png,3,,
Lucky Cat Buddy Doll,lucky cat buddy doll,lucky-cat-buddy-doll,https://buddy.farm/i/lucky-cat-buddy-doll/,icon_found,200,Lucky Cat Buddy Doll,https://farmrpg.com/img/items/Manekinekobuddydoll.png,/img/items/Manekinekobuddydoll.png,Manekinekobuddydoll.png,2,,
Lucky Rabbit Foot,lucky rabbit foot,lucky-rabbit-foot,https://buddy.farm/i/lucky-rabbit-foot/,icon_found,200,Lucky Rabbit Foot,https://farmrpg.com/img/items/4289.png,/img/items/4289.png,4289.png,2,,
Lucky Spiral Belt,lucky spiral belt,lucky-spiral-belt,https://buddy.farm/i/lucky-spiral-belt/,icon_found,200,Lucky Spiral Belt,https://farmrpg.com/img/items/2059.png,/img/items/2059.png,2059.png,2,,
Machine Part,machine part,machine-part,https://buddy.farm/i/machine-part/,icon_found,200,Machine Part,https://farmrpg.com/img/items/9331.PNG,/img/items/9331.PNG,9331.PNG,9,,
Machine Press,machine press,machine-press,https://buddy.farm/i/machine-press/,icon_found,200,Machine Press,https://farmrpg.com/img/items/press.png,/img/items/press.png,press.png,26,,
Mackerel,mackerel,mackerel,https://buddy.farm/i/mackerel/,icon_found,200,Mackerel,https://farmrpg.com/img/items/5768.png,/img/items/5768.png,5768.png,18,,
Maduin's Cup,maduin's cup,maduin-s-cup,https://buddy.farm/i/maduin-s-cup/,icon_found,200,Maduin&#x27;s Cup,https://farmrpg.com/img/items/3729.png,/img/items/3729.png,3729.png,2,,
Magenta Growth,magenta growth,magenta-growth,https://buddy.farm/i/magenta-growth/,icon_found,200,Magenta Growth,https://farmrpg.com/img/items/afk_8827.png,/img/items/afk_8827.png,afk_8827.png,1,,
Magic Conch Shell,magic conch shell,magic-conch-shell,https://buddy.farm/i/magic-conch-shell/,icon_found,200,Magic Conch Shell,https://farmrpg.com/img/items/mcs.png,/img/items/mcs.png,mcs.png,19,,
Magic Lamp,magic lamp,magic-lamp,https://buddy.farm/i/magic-lamp/,icon_found,200,Magic Lamp,https://farmrpg.com/img/items/3330.png,/img/items/3330.png,3330.png,1,,
Magic Mirror,magic mirror,magic-mirror,https://buddy.farm/i/magic-mirror/,icon_found,200,Magic Mirror,https://farmrpg.com/img/items/2687.png,/img/items/2687.png,2687.png,2,,
Magical Chest 01,magical chest 01,magical-chest-01,https://buddy.farm/i/magical-chest-01/,icon_found,200,Magical Chest 01,https://farmrpg.com/img/items/magicchest01.png,/img/items/magicchest01.png,magicchest01.png,12,,
Magical Chest 02,magical chest 02,magical-chest-02,https://buddy.farm/i/magical-chest-02/,icon_found,200,Magical Chest 02,https://farmrpg.com/img/items/magicchest01.png,/img/items/magicchest01.png,magicchest01.png,13,,
Magical Egg Basket,magical egg basket,magical-egg-basket,https://buddy.farm/i/magical-egg-basket/,icon_found,200,Magical Egg Basket,https://farmrpg.com/img/items/mageggbasket.png,/img/items/mageggbasket.png,mageggbasket.png,34,,
Magicite,magicite,magicite,https://buddy.farm/i/magicite/,icon_found,200,Magicite,https://farmrpg.com/img/items/7963.png,/img/items/7963.png,7963.png,51,,
Magmastone,magmastone,magmastone,https://buddy.farm/i/magmastone/,icon_found,200,Magmastone,https://farmrpg.com/img/items/magmastone.png,/img/items/magmastone.png,magmastone.png,1,,
Magna Core,magna core,magna-core,https://buddy.farm/i/magna-core/,icon_found,200,Magna Core,https://farmrpg.com/img/items/9376.png,/img/items/9376.png,9376.png,18,,
Magna Quartz,magna quartz,magna-quartz,https://buddy.farm/i/magna-quartz/,icon_found,200,Magna Quartz,https://farmrpg.com/img/items/magnaquartz.png,/img/items/magnaquartz.png,magnaquartz.png,44,,
Magnifying Glass,magnifying glass,magnifying-glass,https://buddy.farm/i/magnifying-glass/,icon_found,200,Magnifying Glass,https://farmrpg.com/img/items/7210.png,/img/items/7210.png,7210.png,12,,
Magus Hat,magus hat,magus-hat,https://buddy.farm/i/magus-hat/,icon_found,200,Magus Hat,https://farmrpg.com/img/items/5404.png,/img/items/5404.png,5404.png,7,,
Mana Scarab,mana scarab,mana-scarab,https://buddy.farm/i/mana-scarab/,icon_found,200,Mana Scarab,https://farmrpg.com/img/items/afk_9531.png,/img/items/afk_9531.png,afk_9531.png,1,,
Mapping Compass,mapping compass,mapping-compass,https://buddy.farm/i/mapping-compass/,icon_found,200,Mapping Compass,https://farmrpg.com/img/items/mappingcompass.png,/img/items/mappingcompass.png,mappingcompass.png,2,,
Mariya Bobblehead,mariya bobblehead,mariya-bobblehead,https://buddy.farm/i/mariya-bobblehead/,icon_found,200,Mariya Bobblehead,https://farmrpg.com/img/items/bobble_mariya.png,/img/items/bobble_mariya.png,bobble_mariya.png,2,,
Mariya's Crunchy Omelette,mariya's crunchy omelette,mariya-s-crunchy-omelette,https://buddy.farm/i/mariya-s-crunchy-omelette/,icon_found,200,Mariya&#x27;s Crunchy Omelette,https://farmrpg.com/img/items/recipe.png,/img/items/recipe.png,recipe.png,3,,
Mariya's Festive Eggnog,mariya's festive eggnog,mariya-s-festive-eggnog,https://buddy.farm/i/mariya-s-festive-eggnog/,icon_found,200,Mariya&#x27;s Festive Eggnog,https://farmrpg.com/img/items/recipe.png,/img/items/recipe.png,recipe.png,3,,
Mariya's Hickory Omelette,mariya's hickory omelette,mariya-s-hickory-omelette,https://buddy.farm/i/mariya-s-hickory-omelette/,icon_found,200,Mariya&#x27;s Hickory Omelette,https://farmrpg.com/img/items/recipe.png,/img/items/recipe.png,recipe.png,3,,
Mark of Knowledge,mark of knowledge,mark-of-knowledge,https://buddy.farm/i/mark-of-knowledge/,icon_found,200,Mark of Knowledge,https://farmrpg.com/img/items/3966.png,/img/items/3966.png,3966.png,5,,
Marlin,marlin,marlin,https://buddy.farm/i/marlin/,icon_found,200,Marlin,https://farmrpg.com/img/items/7816.png,/img/items/7816.png,7816.png,18,,
Maverick Chip,maverick chip,maverick-chip,https://buddy.farm/i/maverick-chip/,icon_found,200,Maverick Chip,https://farmrpg.com/img/items/Maverick_coin.png,/img/items/Maverick_coin.png,Maverick_coin.png,12,,
Mayonnaise,mayonnaise,mayonnaise,https://buddy.farm/i/mayonnaise/,icon_found,200,Mayonnaise,https://farmrpg.com/img/items/mayo.png,/img/items/mayo.png,mayo.png,10,,
Mealworms,mealworms,mealworms,https://buddy.farm/i/mealworms/,icon_found,200,Mealworms,https://farmrpg.com/img/items/mw.png,/img/items/mw.png,mw.png,21,,
Mechanical Heart,mechanical heart,mechanical-heart,https://buddy.farm/i/mechanical-heart/,icon_found,200,Mechanical Heart,https://farmrpg.com/img/items/mechheart.png,/img/items/mechheart.png,mechheart.png,2,,
Medium Chest 01,medium chest 01,medium-chest-01,https://buddy.farm/i/medium-chest-01/,icon_found,200,Medium Chest 01,https://farmrpg.com/img/items/8574.png,/img/items/8574.png,8574.png,17,,
Medium Chest 02,medium chest 02,medium-chest-02,https://buddy.farm/i/medium-chest-02/,icon_found,200,Medium Chest 02,https://farmrpg.com/img/items/8574.png,/img/items/8574.png,8574.png,24,,
Medium Chest 03,medium chest 03,medium-chest-03,https://buddy.farm/i/medium-chest-03/,icon_found,200,Medium Chest 03,https://farmrpg.com/img/items/8574.png,/img/items/8574.png,8574.png,10,,
Meerif Crest,meerif crest,meerif-crest,https://buddy.farm/i/meerif-crest/,icon_found,200,Meerif Crest,https://farmrpg.com/img/items/meerif.png,/img/items/meerif.png,meerif.png,3,,
Mega Beet Seeds,mega beet seeds,mega-beet-seeds,https://buddy.farm/i/mega-beet-seeds/,icon_found,200,Mega Beet Seeds,https://farmrpg.com/img/items/seeds_mbeet.png,/img/items/seeds_mbeet.png,seeds_mbeet.png,6,,
Mega Cotton Seeds,mega cotton seeds,mega-cotton-seeds,https://buddy.farm/i/mega-cotton-seeds/,icon_found,200,Mega Cotton Seeds,https://farmrpg.com/img/items/seeds_mcotton.png?1,/img/items/seeds_mcotton.png,seeds_mcotton.png,32,,
Mega Sunflower Seeds,mega sunflower seeds,mega-sunflower-seeds,https://buddy.farm/i/mega-sunflower-seeds/,icon_found,200,Mega Sunflower Seeds,https://farmrpg.com/img/items/seeds_msunflower.png,/img/items/seeds_msunflower.png,seeds_msunflower.png,7,,
Mermaid's Necklace,mermaid's necklace,mermaid-s-necklace,https://buddy.farm/i/mermaid-s-necklace/,icon_found,200,Mermaid&#x27;s Necklace,https://farmrpg.com/img/items/5164.png,/img/items/5164.png,5164.png,4,,
Mermaid's Scale,mermaid's scale,mermaid-s-scale,https://buddy.farm/i/mermaid-s-scale/,icon_found,200,Mermaid&#x27;s Scale,https://farmrpg.com/img/items/mermaidscale.png,/img/items/mermaidscale.png,mermaidscale.png,3,,
Metal Spool,metal spool,metal-spool,https://buddy.farm/i/metal-spool/,icon_found,200,Metal Spool,https://farmrpg.com/img/items/9325.png,/img/items/9325.png,9325.png,10,,
MIAB,miab,miab,https://buddy.farm/i/miab/,icon_found,200,MIAB,https://farmrpg.com/img/items/7756.png,/img/items/7756.png,7756.png,17,,
Milk,milk,milk,https://buddy.farm/i/milk/,icon_found,200,Milk,https://farmrpg.com/img/items/8382.PNG,/img/items/8382.PNG,8382.PNG,47,,
Milk and Cookies,milk and cookies,milk-and-cookies,https://buddy.farm/i/milk-and-cookies/,icon_found,200,Milk and Cookies,https://farmrpg.com/img/items/25_sm.png,/img/items/25_sm.png,25_sm.png,23,,
Milk Carton,milk carton,milk-carton,https://buddy.farm/i/milk-carton/,icon_found,200,Milk Carton,https://farmrpg.com/img/items/packaging_t_01.PNG,/img/items/packaging_t_01.PNG,packaging_t_01.PNG,18,,
Mini Marshmallows,mini marshmallows,mini-marshmallows,https://buddy.farm/i/mini-marshmallows/,icon_found,200,Mini Marshmallows,https://farmrpg.com/img/items/mms.png,/img/items/mms.png,mms.png,7,,
Mini Slime Squid,mini slime squid,mini-slime-squid,https://buddy.farm/i/mini-slime-squid/,icon_found,200,Mini Slime Squid,https://farmrpg.com/img/items/3992.png,/img/items/3992.png,3992.png,1,,
Mini Time Egg,mini time egg,mini-time-egg,https://buddy.farm/i/mini-time-egg/,icon_found,200,Mini Time Egg,https://farmrpg.com/img/items/minitimeegg.png,/img/items/minitimeegg.png,minitimeegg.png,14,,
Minnows,minnows,minnows,https://buddy.farm/i/minnows/,icon_found,200,Minnows,https://farmrpg.com/img/items/7749.png,/img/items/7749.png,7749.png,24,,
Mist Lily,mist lily,mist-lily,https://buddy.farm/i/mist-lily/,icon_found,200,Mist Lily,https://farmrpg.com/img/items/whiteflower.png,/img/items/whiteflower.png,whiteflower.png,2,,
Mistletoe,mistletoe,mistletoe,https://buddy.farm/i/mistletoe/,icon_found,200,Mistletoe,https://farmrpg.com/img/items/28_sm.png,/img/items/28_sm.png,28_sm.png,6,,
Mittens,mittens,mittens,https://buddy.farm/i/mittens/,icon_found,200,Mittens,https://farmrpg.com/img/items/15_sm.png,/img/items/15_sm.png,15_sm.png,9,,
Mixed Nuts,mixed nuts,mixed-nuts,https://buddy.farm/i/mixed-nuts/,icon_found,200,Mixed Nuts,https://farmrpg.com/img/items/nuts.png,/img/items/nuts.png,nuts.png,3,,
Mizzem's Daisies,mizzem's daisies,mizzem-s-daisies,https://buddy.farm/i/mizzem-s-daisies/,icon_found,200,Mizzem&#x27;s Daisies,https://farmrpg.com/img/items/MizzemsDaisies.png,/img/items/MizzemsDaisies.png,MizzemsDaisies.png,2,,
Model Ship,model ship,model-ship,https://buddy.farm/i/model-ship/,icon_found,200,Model Ship,https://farmrpg.com/img/items/4925.png,/img/items/4925.png,4925.png,9,,
Molasses,molasses,molasses,https://buddy.farm/i/molasses/,icon_found,200,Molasses,https://farmrpg.com/img/items/molasses.png,/img/items/molasses.png,molasses.png,6,,
Monster Skull,monster skull,monster-skull,https://buddy.farm/i/monster-skull/,icon_found,200,Monster Skull,https://farmrpg.com/img/items/8617.png,/img/items/8617.png,8617.png,20,,
Moonbreaker,moonbreaker,moonbreaker,https://buddy.farm/i/moonbreaker/,icon_found,200,Moonbreaker,https://farmrpg.com/img/items/moonbreaker.png,/img/items/moonbreaker.png,moonbreaker.png,4,,
Moonstone,moonstone,moonstone,https://buddy.farm/i/moonstone/,icon_found,200,Moonstone,https://farmrpg.com/img/items/8014.png,/img/items/8014.png,8014.png,54,,
Mossy Stone,mossy stone,mossy-stone,https://buddy.farm/i/mossy-stone/,icon_found,200,Mossy Stone,https://farmrpg.com/img/items/viri_4012.png,/img/items/viri_4012.png,viri_4012.png,1,,
Movember Buddy Doll,movember buddy doll,movember-buddy-doll,https://buddy.farm/i/movember-buddy-doll/,icon_found,200,Movember Buddy Doll,https://farmrpg.com/img/items/mbuddy.png,/img/items/mbuddy.png,mbuddy.png,2,,
Mudcap,mudcap,mudcap,https://buddy.farm/i/mudcap/,icon_found,200,Mudcap,https://farmrpg.com/img/items/afk_8440.png,/img/items/afk_8440.png,afk_8440.png,3,,
Mug of Beer,mug of beer,mug-of-beer,https://buddy.farm/i/mug-of-beer/,icon_found,200,Mug of Beer,https://farmrpg.com/img/items/7264.png?1,/img/items/7264.png,7264.png,26,,
Mulberry Snapper,mulberry snapper,mulberry-snapper,https://buddy.farm/i/mulberry-snapper/,icon_found,200,Mulberry Snapper,https://farmrpg.com/img/items/3276.png,/img/items/3276.png,3276.png,4,,
Mummy Bobblehead,mummy bobblehead,mummy-bobblehead,https://buddy.farm/i/mummy-bobblehead/,icon_found,200,Mummy Bobblehead,https://farmrpg.com/img/items/bobble_mummy.png,/img/items/bobble_mummy.png,bobble_mummy.png,2,,
Mushroom,mushroom,mushroom,https://buddy.farm/i/mushroom/,icon_found,200,Mushroom,https://farmrpg.com/img/items/mushroom.png,/img/items/mushroom.png,mushroom.png,33,,
Mushroom Paste,mushroom paste,mushroom-paste,https://buddy.farm/i/mushroom-paste/,icon_found,200,Mushroom Paste,https://farmrpg.com/img/items/5691.png,/img/items/5691.png,5691.png,85,,
Mushroom Spores,mushroom spores,mushroom-spores,https://buddy.farm/i/mushroom-spores/,icon_found,200,Mushroom Spores,https://farmrpg.com/img/items/seeds_mushroom.png,/img/items/seeds_mushroom.png,seeds_mushroom.png,4,,
Mushroom Stew,mushroom stew,mushroom-stew,https://buddy.farm/i/mushroom-stew/,icon_found,200,Mushroom Stew,https://farmrpg.com/img/items/mushroomstew.png,/img/items/mushroomstew.png,mushroomstew.png,50,,
Music Box,music box,music-box,https://buddy.farm/i/music-box/,icon_found,200,Music Box,https://farmrpg.com/img/items/809.png,/img/items/809.png,809.png,2,,
Mussel,mussel,mussel,https://buddy.farm/i/mussel/,icon_found,200,Mussel,https://farmrpg.com/img/items/7785.png,/img/items/7785.png,7785.png,11,,
Mystic Ring,mystic ring,mystic-ring,https://buddy.farm/i/mystic-ring/,icon_found,200,Mystic Ring,https://farmrpg.com/img/items/8038.png,/img/items/8038.png,8038.png,36,,
Mystical Chest 01,mystical chest 01,mystical-chest-01,https://buddy.farm/i/mystical-chest-01/,icon_found,200,Mystical Chest 01,https://farmrpg.com/img/items/4456.png,/img/items/4456.png,4456.png,20,,
Mystical Chest 02,mystical chest 02,mystical-chest-02,https://buddy.farm/i/mystical-chest-02/,icon_found,200,Mystical Chest 02,https://farmrpg.com/img/items/4456.png,/img/items/4456.png,4456.png,10,,
Mystical Staff,mystical staff,mystical-staff,https://buddy.farm/i/mystical-staff/,icon_found,200,Mystical Staff,https://farmrpg.com/img/items/5273.png?1,/img/items/5273.png,5273.png,6,,
Nailed Board,nailed board,nailed-board,https://buddy.farm/i/nailed-board/,icon_found,200,Nailed Board,https://farmrpg.com/img/items/finp_607.png,/img/items/finp_607.png,finp_607.png,6,,
Nails,nails,nails,https://buddy.farm/i/nails/,icon_found,200,Nails,https://farmrpg.com/img/items/5860.png,/img/items/5860.png,5860.png,73,,
Neigh,neigh,neigh,https://buddy.farm/i/neigh/,icon_found,200,Neigh,https://farmrpg.com/img/items/vegsoup4.png,/img/items/vegsoup4.png,vegsoup4.png,22,,
Nightshade Cap,nightshade cap,nightshade-cap,https://buddy.farm/i/nightshade-cap/,icon_found,200,Nightshade Cap,https://farmrpg.com/img/items/6594.png,/img/items/6594.png,6594.png,1,,
Nirumdivar,nirumdivar,nirumdivar,https://buddy.farm/i/nirumdivar/,icon_found,200,Nirumdivar,https://farmrpg.com/img/items/stave1.png,/img/items/stave1.png,stave1.png,4,,
Notary Certificate,notary certificate,notary-certificate,https://buddy.farm/i/notary-certificate/,icon_found,200,Notary Certificate,https://farmrpg.com/img/items/7594.png,/img/items/7594.png,7594.png,3,,
Notary Stamp,notary stamp,notary-stamp,https://buddy.farm/i/notary-stamp/,icon_found,200,Notary Stamp,https://farmrpg.com/img/items/stamper.png,/img/items/stamper.png,stamper.png,2,,
Notebook,notebook,notebook,https://buddy.farm/i/notebook/,icon_found,200,Notebook,https://farmrpg.com/img/items/pad_t_01.PNG,/img/items/pad_t_01.PNG,pad_t_01.PNG,3,,
Nut Cracker Buddy,nut cracker buddy,nut-cracker-buddy,https://buddy.farm/i/nut-cracker-buddy/,icon_found,200,Nut Cracker Buddy,https://farmrpg.com/img/items/nutcrackerbuddy.png,/img/items/nutcrackerbuddy.png,nutcrackerbuddy.png,3,,
Nut Cracker Buddy Doll,nut cracker buddy doll,nut-cracker-buddy-doll,https://buddy.farm/i/nut-cracker-buddy-doll/,icon_found,200,Nut Cracker Buddy Doll,https://farmrpg.com/img/items/cbuddy.png,/img/items/cbuddy.png,cbuddy.png,2,,
Oak,oak,oak,https://buddy.farm/i/oak/,icon_found,200,Oak,https://farmrpg.com/img/items/6695.png,/img/items/6695.png,6695.png,33,,
Oak Table,oak table,oak-table,https://buddy.farm/i/oak-table/,icon_found,200,Oak Table,https://farmrpg.com/img/items/Oak_table_.png,/img/items/Oak_table_.png,Oak_table_.png,5,,
Oceanite,oceanite,oceanite,https://buddy.farm/i/oceanite/,icon_found,200,Oceanite,https://farmrpg.com/img/items/oceanite.png,/img/items/oceanite.png,oceanite.png,1,,
Octopus,octopus,octopus,https://buddy.farm/i/octopus/,icon_found,200,Octopus,https://farmrpg.com/img/items/octopus.png,/img/items/octopus.png,octopus.png,25,,
Odthorin's Charm,odthorin's charm,odthorin-s-charm,https://buddy.farm/i/odthorin-s-charm/,icon_found,200,Odthorin&#x27;s Charm,https://farmrpg.com/img/items/8455.png,/img/items/8455.png,8455.png,2,,
Official Share,official share,official-share,https://buddy.farm/i/official-share/,icon_found,200,Official Share,https://farmrpg.com/img/items/7896.png,/img/items/7896.png,7896.png,19,,
Old Boot,old boot,old-boot,https://buddy.farm/i/old-boot/,icon_found,200,Old Boot,https://farmrpg.com/img/items/7848.PNG,/img/items/7848.PNG,7848.PNG,29,,
Onion,onion,onion,https://buddy.farm/i/onion/,icon_found,200,Onion,https://farmrpg.com/img/items/8317.png,/img/items/8317.png,8317.png,40,,
Onion Rings,onion rings,onion-rings,https://buddy.farm/i/onion-rings/,icon_found,200,Onion Rings,https://farmrpg.com/img/items/onionrings.png,/img/items/onionrings.png,onionrings.png,3,,
Onion Seeds,onion seeds,onion-seeds,https://buddy.farm/i/onion-seeds/,icon_found,200,Onion Seeds,https://farmrpg.com/img/items/seeds_onions.png,/img/items/seeds_onions.png,seeds_onions.png,6,,
Onion Soup,onion soup,onion-soup,https://buddy.farm/i/onion-soup/,icon_found,200,Onion Soup,https://farmrpg.com/img/items/onionsoup.png,/img/items/onionsoup.png,onionsoup.png,26,,
Onyx Scorpion,onyx scorpion,onyx-scorpion,https://buddy.farm/i/onyx-scorpion/,icon_found,200,Onyx Scorpion,https://farmrpg.com/img/items/4514b.png,/img/items/4514b.png,4514b.png,10,,
Opposition Hourglass,opposition hourglass,opposition-hourglass,https://buddy.farm/i/opposition-hourglass/,icon_found,200,Opposition Hourglass,https://farmrpg.com/img/items/hourglass.png,/img/items/hourglass.png,hourglass.png,4,,
Orange,orange,orange,https://buddy.farm/i/orange/,icon_found,200,Orange,https://farmrpg.com/img/items/orange.png,/img/items/orange.png,orange.png,49,,
Orange Butterfly,orange butterfly,orange-butterfly,https://buddy.farm/i/orange-butterfly/,icon_found,200,Orange Butterfly,https://farmrpg.com/img/items/orangebutterfly.png,/img/items/orangebutterfly.png,orangebutterfly.png,6,,
Orange Calcite,orange calcite,orange-calcite,https://buddy.farm/i/orange-calcite/,icon_found,200,Orange Calcite,https://farmrpg.com/img/items/3384.PNG,/img/items/3384.PNG,3384.PNG,1,,
Orange Dye,orange dye,orange-dye,https://buddy.farm/i/orange-dye/,icon_found,200,Orange Dye,https://farmrpg.com/img/items/orangedye.png,/img/items/orangedye.png,orangedye.png,9,,
Orange Flowers,orange flowers,orange-flowers,https://buddy.farm/i/orange-flowers/,icon_found,200,Orange Flowers,https://farmrpg.com/img/items/oflowers.png,/img/items/oflowers.png,oflowers.png,14,,
Orange Gecko,orange gecko,orange-gecko,https://buddy.farm/i/orange-gecko/,icon_found,200,Orange Gecko,https://farmrpg.com/img/items/3493.png,/img/items/3493.png,3493.png,54,,
Orange Juice,orange juice,orange-juice,https://buddy.farm/i/orange-juice/,icon_found,200,Orange Juice,https://farmrpg.com/img/items/orangejuice.png,/img/items/orangejuice.png,orangejuice.png,218,,
Orange Ornament,orange ornament,orange-ornament,https://buddy.farm/i/orange-ornament/,icon_found,200,Orange Ornament,https://farmrpg.com/img/items/cr_t_03_d.png,/img/items/cr_t_03_d.png,cr_t_03_d.png,7,,
Orange Scarf,orange scarf,orange-scarf,https://buddy.farm/i/orange-scarf/,icon_found,200,Orange Scarf,https://farmrpg.com/img/items/orangescarf.png,/img/items/orangescarf.png,orangescarf.png,4,,
Orange Shirt,orange shirt,orange-shirt,https://buddy.farm/i/orange-shirt/,icon_found,200,Orange Shirt,https://farmrpg.com/img/items/orangeshirt.png,/img/items/orangeshirt.png,orangeshirt.png,5,,
Orange Twine,orange twine,orange-twine,https://buddy.farm/i/orange-twine/,icon_found,200,Orange Twine,https://farmrpg.com/img/items/orangetwine.png,/img/items/orangetwine.png,orangetwine.png,4,,
Orcafish,orcafish,orcafish,https://buddy.farm/i/orcafish/,icon_found,200,Orcafish,https://farmrpg.com/img/items/3282.png,/img/items/3282.png,3282.png,4,,
Over The Moon,over the moon,over-the-moon,https://buddy.farm/i/over-the-moon/,icon_found,200,Over The Moon,https://farmrpg.com/img/items/leekmeatcorn.png,/img/items/leekmeatcorn.png,leekmeatcorn.png,45,,
Owl Feather,owl feather,owl-feather,https://buddy.farm/i/owl-feather/,icon_found,200,Owl Feather,https://farmrpg.com/img/items/owlfeather.png,/img/items/owlfeather.png,owlfeather.png,2,,
Owl Guard Belt,owl guard belt,owl-guard-belt,https://buddy.farm/i/owl-guard-belt/,icon_found,200,Owl Guard Belt,https://farmrpg.com/img/items/8708.png,/img/items/8708.png,8708.png,1,,
Painite,painite,painite,https://buddy.farm/i/painite/,icon_found,200,Painite,https://farmrpg.com/img/items/painite.png,/img/items/painite.png,painite.png,2,,
Pair of Boots,pair of boots,pair-of-boots,https://buddy.farm/i/pair-of-boots/,icon_found,200,Pair of Boots,https://farmrpg.com/img/items/pboot2.png,/img/items/pboot2.png,pboot2.png,6,,
Pair of Gold Boots,pair of gold boots,pair-of-gold-boots,https://buddy.farm/i/pair-of-gold-boots/,icon_found,200,Pair of Gold Boots,https://farmrpg.com/img/items/gboots.png?2,/img/items/gboots.png,gboots.png,4,,
Paper Receipt,paper receipt,paper-receipt,https://buddy.farm/i/paper-receipt/,icon_found,200,Paper Receipt,https://farmrpg.com/img/items/7611.png,/img/items/7611.png,7611.png,15,,
Parade Balloon Buddy Doll,parade balloon buddy doll,parade-balloon-buddy-doll,https://buddy.farm/i/parade-balloon-buddy-doll/,icon_found,200,Parade Balloon Buddy Doll,https://farmrpg.com/img/items/paradefloatbuddydoll.png,/img/items/paradefloatbuddydoll.png,paradefloatbuddydoll.png,1,,
Party Hat,party hat,party-hat,https://buddy.farm/i/party-hat/,icon_found,200,Party Hat,https://farmrpg.com/img/items/partyhat.png,/img/items/partyhat.png,partyhat.png,11,,
Party Horn,party horn,party-horn,https://buddy.farm/i/party-horn/,icon_found,200,Party Horn,https://farmrpg.com/img/items/party_horn.png,/img/items/party_horn.png,party_horn.png,4,,
Pea Seeds,pea seeds,pea-seeds,https://buddy.farm/i/pea-seeds/,icon_found,200,Pea Seeds,https://farmrpg.com/img/items/seeds_peas.png,/img/items/seeds_peas.png,seeds_peas.png,5,,
Peach,peach,peach,https://buddy.farm/i/peach/,icon_found,200,Peach,https://farmrpg.com/img/items/peach.png,/img/items/peach.png,peach.png,28,,
Peach Juice,peach juice,peach-juice,https://buddy.farm/i/peach-juice/,icon_found,200,Peach Juice,https://farmrpg.com/img/items/peachjuice.png,/img/items/peachjuice.png,peachjuice.png,21,,
Peafowl Feather,peafowl feather,peafowl-feather,https://buddy.farm/i/peafowl-feather/,icon_found,200,Peafowl Feather,https://farmrpg.com/img/items/2599.png?1,/img/items/2599.png,2599.png,5,,
Pear Grease,pear grease,pear-grease,https://buddy.farm/i/pear-grease/,icon_found,200,Pear Grease,https://farmrpg.com/img/items/8957.png,/img/items/8957.png,8957.png,26,,
Pearl,pearl,pearl,https://buddy.farm/i/pearl/,icon_found,200,Pearl,https://farmrpg.com/img/items/7876.PNG,/img/items/7876.PNG,7876.PNG,14,,
Pearl Berries,pearl berries,pearl-berries,https://buddy.farm/i/pearl-berries/,icon_found,200,Pearl Berries,https://farmrpg.com/img/items/4488.png,/img/items/4488.png,4488.png,10,,
Pearl Berry Jam,pearl berry jam,pearl-berry-jam,https://buddy.farm/i/pearl-berry-jam/,icon_found,200,Pearl Berry Jam,https://farmrpg.com/img/items/pbj.png,/img/items/pbj.png,pbj.png,2,,
Pearl Necklace,pearl necklace,pearl-necklace,https://buddy.farm/i/pearl-necklace/,icon_found,200,Pearl Necklace,https://farmrpg.com/img/items/pearlnecklace.png,/img/items/pearlnecklace.png,pearlnecklace.png,14,,
Peas,peas,peas,https://buddy.farm/i/peas/,icon_found,200,Peas,https://farmrpg.com/img/items/8259.PNG,/img/items/8259.PNG,8259.PNG,32,,
Peculiar Gem,peculiar gem,peculiar-gem,https://buddy.farm/i/peculiar-gem/,icon_found,200,Peculiar Gem,https://farmrpg.com/img/items/4255.png,/img/items/4255.png,4255.png,1,,
Peg Leg,peg leg,peg-leg,https://buddy.farm/i/peg-leg/,icon_found,200,Peg Leg,https://farmrpg.com/img/items/pegleg.png,/img/items/pegleg.png,pegleg.png,3,,
Pencil,pencil,pencil,https://buddy.farm/i/pencil/,icon_found,200,Pencil,https://farmrpg.com/img/items/pencil_t_01.png,/img/items/pencil_t_01.png,pencil_t_01.png,5,,
Pepper Seeds,pepper seeds,pepper-seeds,https://buddy.farm/i/pepper-seeds/,icon_found,200,Pepper Seeds,https://farmrpg.com/img/items/seeds_peppers.png,/img/items/seeds_peppers.png,seeds_peppers.png,6,,
Peppers,peppers,peppers,https://buddy.farm/i/peppers/,icon_found,200,Peppers,https://farmrpg.com/img/items/8301.png,/img/items/8301.png,8301.png,35,,
Perfect Paint Palette,perfect paint palette,perfect-paint-palette,https://buddy.farm/i/perfect-paint-palette/,icon_found,200,Perfect Paint Palette,https://farmrpg.com/img/items/palette.png,/img/items/palette.png,palette.png,4,,
Pet Treat,pet treat,pet-treat,https://buddy.farm/i/pet-treat/,icon_found,200,Pet Treat,https://farmrpg.com/img/items/pettreat.png,/img/items/pettreat.png,pettreat.png,8,,
PHR Voucher,phr voucher,phr-voucher,https://buddy.farm/i/phr-voucher/,icon_found,200,PHR Voucher,https://farmrpg.com/img/items/viri_3437.png,/img/items/viri_3437.png,viri_3437.png,2,,
Pickaxe,pickaxe,pickaxe,https://buddy.farm/i/pickaxe/,icon_found,200,Pickaxe,https://farmrpg.com/img/items/6687.png?2,/img/items/6687.png,6687.png,11,,
Picnic Basket 01,picnic basket 01,picnic-basket-01,https://buddy.farm/i/picnic-basket-01/,icon_found,200,Picnic Basket 01,https://farmrpg.com/img/items/picnicbasket.png,/img/items/picnicbasket.png,picnicbasket.png,14,,
Pie,pie,pie,https://buddy.farm/i/pie/,icon_found,200,Pie,https://farmrpg.com/img/items/5794.png,/img/items/5794.png,5794.png,16,,
Pie Pan,pie pan,pie-pan,https://buddy.farm/i/pie-pan/,icon_found,200,Pie Pan,https://farmrpg.com/img/items/piepan.png,/img/items/piepan.png,piepan.png,27,,
Piece 01,piece 01,piece-01,https://buddy.farm/i/piece-01/,icon_found,200,Piece 01,https://farmrpg.com/img/items/piece01.png?1,/img/items/piece01.png,piece01.png,3,,
Piece 03,piece 03,piece-03,https://buddy.farm/i/piece-03/,icon_found,200,Piece 03,https://farmrpg.com/img/items/piece03.png?1,/img/items/piece03.png,piece03.png,3,,
Piece 04,piece 04,piece-04,https://buddy.farm/i/piece-04/,icon_found,200,Piece 04,https://farmrpg.com/img/items/piece04.png?1,/img/items/piece04.png,piece04.png,3,,
Piece 07,piece 07,piece-07,https://buddy.farm/i/piece-07/,icon_found,200,Piece 07,https://farmrpg.com/img/items/piece07.png?1,/img/items/piece07.png,piece07.png,3,,
Piece 09,piece 09,piece-09,https://buddy.farm/i/piece-09/,icon_found,200,Piece 09,https://farmrpg.com/img/items/piece09.png?1,/img/items/piece09.png,piece09.png,4,,
Piece 11,piece 11,piece-11,https://buddy.farm/i/piece-11/,icon_found,200,Piece 11,https://farmrpg.com/img/items/piece11.png?1,/img/items/piece11.png,piece11.png,4,,
Piece 12,piece 12,piece-12,https://buddy.farm/i/piece-12/,icon_found,200,Piece 12,https://farmrpg.com/img/items/piece12.png?1,/img/items/piece12.png,piece12.png,3,,
Piece 15,piece 15,piece-15,https://buddy.farm/i/piece-15/,icon_found,200,Piece 15,https://farmrpg.com/img/items/piece15.png?1,/img/items/piece15.png,piece15.png,3,,
Piece 18,piece 18,piece-18,https://buddy.farm/i/piece-18/,icon_found,200,Piece 18,https://farmrpg.com/img/items/piece18.png?1,/img/items/piece18.png,piece18.png,2,,
Piece 22,piece 22,piece-22,https://buddy.farm/i/piece-22/,icon_found,200,Piece 22,https://farmrpg.com/img/items/piece22.png?1,/img/items/piece22.png,piece22.png,2,,
Piece 23,piece 23,piece-23,https://buddy.farm/i/piece-23/,icon_found,200,Piece 23,https://farmrpg.com/img/items/piece23.png?1,/img/items/piece23.png,piece23.png,3,,
Piece 24,piece 24,piece-24,https://buddy.farm/i/piece-24/,icon_found,200,Piece 24,https://farmrpg.com/img/items/piece24.png?1,/img/items/piece24.png,piece24.png,2,,
Piece 26,piece 26,piece-26,https://buddy.farm/i/piece-26/,icon_found,200,Piece 26,https://farmrpg.com/img/items/piece26.png?1,/img/items/piece26.png,piece26.png,3,,
Piece 30,piece 30,piece-30,https://buddy.farm/i/piece-30/,icon_found,200,Piece 30,https://farmrpg.com/img/items/piece30.png?1,/img/items/piece30.png,piece30.png,4,,
Piece 31,piece 31,piece-31,https://buddy.farm/i/piece-31/,icon_found,200,Piece 31,https://farmrpg.com/img/items/piece31.png?1,/img/items/piece31.png,piece31.png,3,,
Piece of Cake,piece of cake,piece-of-cake,https://buddy.farm/i/piece-of-cake/,icon_found,200,Piece of Cake,https://farmrpg.com/img/items/birthdaycakeslice.png,/img/items/birthdaycakeslice.png,birthdaycakeslice.png,3,,
Piece of Heart,piece of heart,piece-of-heart,https://buddy.farm/i/piece-of-heart/,icon_found,200,Piece of Heart,https://farmrpg.com/img/items/poh.png,/img/items/poh.png,poh.png,19,,
Pig Collar,pig collar,pig-collar,https://buddy.farm/i/pig-collar/,icon_found,200,Pig Collar,https://farmrpg.com/img/items/pigcollar.png?1,/img/items/pigcollar.png,pigcollar.png,2,,
Pillow Case 01,pillow case 01,pillow-case-01,https://buddy.farm/i/pillow-case-01/,icon_found,200,Pillow Case 01,https://farmrpg.com/img/items/pillow_case.png,/img/items/pillow_case.png,pillow_case.png,9,,
Piñata,piñata,pi-ata,https://buddy.farm/i/pi-ata/,icon_found,200,Piñata,https://farmrpg.com/img/items/pinata.png,/img/items/pinata.png,pinata.png,4,,
Piñata Whop Stick,piñata whop stick,pi-ata-whop-stick,https://buddy.farm/i/pi-ata-whop-stick/,icon_found,200,Piñata Whop Stick,https://farmrpg.com/img/items/pinata_stick.png,/img/items/pinata_stick.png,pinata_stick.png,42,,
Pine Board,pine board,pine-board,https://buddy.farm/i/pine-board/,icon_found,200,Pine Board,https://farmrpg.com/img/items/pineboard.png,/img/items/pineboard.png,pineboard.png,16,,
Pine Cone,pine cone,pine-cone,https://buddy.farm/i/pine-cone/,icon_found,200,Pine Cone,https://farmrpg.com/img/items/pinecone2.png,/img/items/pinecone2.png,pinecone2.png,8,,
Pine Seeds,pine seeds,pine-seeds,https://buddy.farm/i/pine-seeds/,icon_found,200,Pine Seeds,https://farmrpg.com/img/items/seeds_pine.png,/img/items/seeds_pine.png,seeds_pine.png,19,,
Pine Shelf,pine shelf,pine-shelf,https://buddy.farm/i/pine-shelf/,icon_found,200,Pine Shelf,https://farmrpg.com/img/items/pineshelf.png,/img/items/pineshelf.png,pineshelf.png,6,,
Pine Tree,pine tree,pine-tree,https://buddy.farm/i/pine-tree/,icon_found,200,Pine Tree,https://farmrpg.com/img/items/cr_t_06.png,/img/items/cr_t_06.png,cr_t_06.png,16,,
Pineapple,pineapple,pineapple,https://buddy.farm/i/pineapple/,icon_found,200,Pineapple,https://farmrpg.com/img/items/1523.png,/img/items/1523.png,1523.png,3,,
Pink Jelly,pink jelly,pink-jelly,https://buddy.farm/i/pink-jelly/,icon_found,200,Pink Jelly,https://farmrpg.com/img/items/pinkjelly.png,/img/items/pinkjelly.png,pinkjelly.png,9,,
Pink Ribbon,pink ribbon,pink-ribbon,https://buddy.farm/i/pink-ribbon/,icon_found,200,Pink Ribbon,https://farmrpg.com/img/items/l_05_t.PNG,/img/items/l_05_t.PNG,l_05_t.PNG,4,,
Pirate Bandana,pirate bandana,pirate-bandana,https://buddy.farm/i/pirate-bandana/,icon_found,200,Pirate Bandana,https://farmrpg.com/img/items/4903.png,/img/items/4903.png,4903.png,27,,
Pirate Flag,pirate flag,pirate-flag,https://buddy.farm/i/pirate-flag/,icon_found,200,Pirate Flag,https://farmrpg.com/img/items/4924.png,/img/items/4924.png,4924.png,21,,
Pirate Hook,pirate hook,pirate-hook,https://buddy.farm/i/pirate-hook/,icon_found,200,Pirate Hook,https://farmrpg.com/img/items/pirates_38_t.png,/img/items/pirates_38_t.png,pirates_38_t.png,7,,
Pitchfork,pitchfork,pitchfork,https://buddy.farm/i/pitchfork/,icon_found,200,Pitchfork,https://farmrpg.com/img/items/8322.PNG?1,/img/items/8322.PNG,8322.PNG,11,,
Pitviper Tail,pitviper tail,pitviper-tail,https://buddy.farm/i/pitviper-tail/,icon_found,200,Pitviper Tail,https://farmrpg.com/img/items/9478.png,/img/items/9478.png,9478.png,1,,
Pizza Slice,pizza slice,pizza-slice,https://buddy.farm/i/pizza-slice/,icon_found,200,Pizza Slice,https://farmrpg.com/img/items/pizzaslice.png,/img/items/pizzaslice.png,pizzaslice.png,7,,
Plum Ore,plum ore,plum-ore,https://buddy.farm/i/plum-ore/,icon_found,200,Plum Ore,https://farmrpg.com/img/items/plumore.png,/img/items/plumore.png,plumore.png,1,,
Plumbfish,plumbfish,plumbfish,https://buddy.farm/i/plumbfish/,icon_found,200,Plumbfish,https://farmrpg.com/img/items/7754.png,/img/items/7754.png,7754.png,11,,
Pocket Watch,pocket watch,pocket-watch,https://buddy.farm/i/pocket-watch/,icon_found,200,Pocket Watch,https://farmrpg.com/img/items/4887.png,/img/items/4887.png,4887.png,21,,
Podcast Swear Jar,podcast swear jar,podcast-swear-jar,https://buddy.farm/i/podcast-swear-jar/,icon_found,200,Podcast Swear Jar,https://farmrpg.com/img/items/Podcast_Swear_jar.png,/img/items/Podcast_Swear_jar.png,Podcast_Swear_jar.png,1,,
Polished Boot,polished boot,polished-boot,https://buddy.farm/i/polished-boot/,icon_found,200,Polished Boot,https://farmrpg.com/img/items/pboot.png,/img/items/pboot.png,pboot.png,8,,
Popcorn,popcorn,popcorn,https://buddy.farm/i/popcorn/,icon_found,200,Popcorn,https://farmrpg.com/img/items/popcorn.png,/img/items/popcorn.png,popcorn.png,17,,
Pot of Gold (Large),pot of gold (large),pot-of-gold-large-,https://buddy.farm/i/pot-of-gold-large-/,icon_found,200,Pot of Gold (Large),https://farmrpg.com/img/items/potogold.png,/img/items/potogold.png,potogold.png,8,,
Pot of Gold (Medium),pot of gold (medium),pot-of-gold-medium-,https://buddy.farm/i/pot-of-gold-medium-/,icon_found,200,Pot of Gold (Medium),https://farmrpg.com/img/items/pog2.png,/img/items/pog2.png,pog2.png,8,,
Pot of Gold (Small),pot of gold (small),pot-of-gold-small-,https://buddy.farm/i/pot-of-gold-small-/,icon_found,200,Pot of Gold (Small),https://farmrpg.com/img/items/pog3.png,/img/items/pog3.png,pog3.png,10,,
Potato,potato,potato,https://buddy.farm/i/potato/,icon_found,200,Potato,https://farmrpg.com/img/items/potato.png,/img/items/potato.png,potato.png,44,,
Potato Battery,potato battery,potato-battery,https://buddy.farm/i/potato-battery/,icon_found,200,Potato Battery,https://farmrpg.com/img/items/potatobattery.png,/img/items/potatobattery.png,potatobattery.png,52,,
Potato Seeds,potato seeds,potato-seeds,https://buddy.farm/i/potato-seeds/,icon_found,200,Potato Seeds,https://farmrpg.com/img/items/seeds_potato.png,/img/items/seeds_potato.png,seeds_potato.png,23,,
Potted Flower,potted flower,potted-flower,https://buddy.farm/i/potted-flower/,icon_found,200,Potted Flower,https://farmrpg.com/img/items/plant_t_01.png,/img/items/plant_t_01.png,plant_t_01.png,5,,
Power Monitor,power monitor,power-monitor,https://buddy.farm/i/power-monitor/,icon_found,200,Power Monitor,https://farmrpg.com/img/items/9314.png,/img/items/9314.png,9314.png,15,,
Prancer,prancer,prancer,https://buddy.farm/i/prancer/,icon_found,200,Prancer,https://farmrpg.com/img/items/prancer.png,/img/items/prancer.png,prancer.png,6,,
Present 01,present 01,present-01,https://buddy.farm/i/present-01/,icon_found,200,Present 01,https://farmrpg.com/img/items/7447.png,/img/items/7447.png,7447.png,5,,
Present 02,present 02,present-02,https://buddy.farm/i/present-02/,icon_found,200,Present 02,https://farmrpg.com/img/items/present02.png,/img/items/present02.png,present02.png,7,,
Prickly Pear,prickly pear,prickly-pear,https://buddy.farm/i/prickly-pear/,icon_found,200,Prickly Pear,https://farmrpg.com/img/items/pricklypear.png,/img/items/pricklypear.png,pricklypear.png,7,,
Prism Shard,prism shard,prism-shard,https://buddy.farm/i/prism-shard/,icon_found,200,Prism Shard,https://farmrpg.com/img/items/8072.png,/img/items/8072.png,8072.png,7,,
Prism Shell,prism shell,prism-shell,https://buddy.farm/i/prism-shell/,icon_found,200,Prism Shell,https://farmrpg.com/img/items/prismshell.png?1,/img/items/prismshell.png,prismshell.png,4,,
Propeller Hat,propeller hat,propeller-hat,https://buddy.farm/i/propeller-hat/,icon_found,200,Propeller Hat,https://farmrpg.com/img/items/Propeller_hat.png,/img/items/Propeller_hat.png,Propeller_hat.png,9,,
Protein Bar,protein bar,protein-bar,https://buddy.farm/i/protein-bar/,icon_found,200,Protein Bar,https://farmrpg.com/img/items/chocolate_t_01.png,/img/items/chocolate_t_01.png,chocolate_t_01.png,22,,
Prune Juice,prune juice,prune-juice,https://buddy.farm/i/prune-juice/,icon_found,200,Prune Juice,https://farmrpg.com/img/items/prunejuice.png,/img/items/prunejuice.png,prunejuice.png,19,,
Puffer,puffer,puffer,https://buddy.farm/i/puffer/,icon_found,200,Puffer,https://farmrpg.com/img/items/pufferfix.png,/img/items/pufferfix.png,pufferfix.png,13,,
Pulley,pulley,pulley,https://buddy.farm/i/pulley/,icon_found,200,Pulley,https://farmrpg.com/img/items/pulley.png,/img/items/pulley.png,pulley.png,12,,
Pumpkin,pumpkin,pumpkin,https://buddy.farm/i/pumpkin/,icon_found,200,Pumpkin,https://farmrpg.com/img/items/8294.png,/img/items/8294.png,8294.png,24,,
Pumpkin Juice,pumpkin juice,pumpkin-juice,https://buddy.farm/i/pumpkin-juice/,icon_found,200,Pumpkin Juice,https://farmrpg.com/img/items/8874.png,/img/items/8874.png,8874.png,10,,
Pumpkin Pie,pumpkin pie,pumpkin-pie,https://buddy.farm/i/pumpkin-pie/,icon_found,200,Pumpkin Pie,https://farmrpg.com/img/items/ppie.png,/img/items/ppie.png,ppie.png,2,,
Pumpkin Seeds,pumpkin seeds,pumpkin-seeds,https://buddy.farm/i/pumpkin-seeds/,icon_found,200,Pumpkin Seeds,https://farmrpg.com/img/items/seeds_pumpkin.png,/img/items/seeds_pumpkin.png,seeds_pumpkin.png,4,,
Pumpkin Spiced Milk,pumpkin spiced milk,pumpkin-spiced-milk,https://buddy.farm/i/pumpkin-spiced-milk/,icon_found,200,Pumpkin Spiced Milk,https://farmrpg.com/img/items/Psm2.png,/img/items/Psm2.png,Psm2.png,9,,
Purple Bag,purple bag,purple-bag,https://buddy.farm/i/purple-bag/,icon_found,200,Purple Bag,https://farmrpg.com/img/items/purplebag.png,/img/items/purplebag.png,purplebag.png,16,,
Purple Butterfly,purple butterfly,purple-butterfly,https://buddy.farm/i/purple-butterfly/,icon_found,200,Purple Butterfly,https://farmrpg.com/img/items/afk_8578.png,/img/items/afk_8578.png,afk_8578.png,6,,
Purple Butterfly Fish,purple butterfly fish,purple-butterfly-fish,https://buddy.farm/i/purple-butterfly-fish/,icon_found,200,Purple Butterfly Fish,https://farmrpg.com/img/items/pirates_77_t.png,/img/items/pirates_77_t.png,pirates_77_t.png,6,,
Purple Diary,purple diary,purple-diary,https://buddy.farm/i/purple-diary/,icon_found,200,Purple Diary,https://farmrpg.com/img/items/purplebook.png,/img/items/purplebook.png,purplebook.png,27,,
Purple Dye,purple dye,purple-dye,https://buddy.farm/i/purple-dye/,icon_found,200,Purple Dye,https://farmrpg.com/img/items/purpledye.png,/img/items/purpledye.png,purpledye.png,19,,
Purple Flower,purple flower,purple-flower,https://buddy.farm/i/purple-flower/,icon_found,200,Purple Flower,https://farmrpg.com/img/items/flower.png,/img/items/flower.png,flower.png,35,,
Purple Mushroom,purple mushroom,purple-mushroom,https://buddy.farm/i/purple-mushroom/,icon_found,200,Purple Mushroom,https://farmrpg.com/img/items/woodblewit.png,/img/items/woodblewit.png,woodblewit.png,2,,
Purple Ornament,purple ornament,purple-ornament,https://buddy.farm/i/purple-ornament/,icon_found,200,Purple Ornament,https://farmrpg.com/img/items/cr_t_03_b.png,/img/items/cr_t_03_b.png,cr_t_03_b.png,9,,
Purple Parchment,purple parchment,purple-parchment,https://buddy.farm/i/purple-parchment/,icon_found,200,Purple Parchment,https://farmrpg.com/img/items/5755.PNG,/img/items/5755.PNG,5755.PNG,13,,
Purple Shirt,purple shirt,purple-shirt,https://buddy.farm/i/purple-shirt/,icon_found,200,Purple Shirt,https://farmrpg.com/img/items/purpleshirt.png,/img/items/purpleshirt.png,purpleshirt.png,5,,
Purple Twine,purple twine,purple-twine,https://buddy.farm/i/purple-twine/,icon_found,200,Purple Twine,https://farmrpg.com/img/items/purpletwine.png,/img/items/purpletwine.png,purpletwine.png,6,,
Pyredrop,pyredrop,pyredrop,https://buddy.farm/i/pyredrop/,icon_found,200,Pyredrop,https://farmrpg.com/img/items/pyredrop.png,/img/items/pyredrop.png,pyredrop.png,1,,
Pyrite,pyrite,pyrite,https://buddy.farm/i/pyrite/,icon_found,200,Pyrite,https://farmrpg.com/img/items/pyrite.png,/img/items/pyrite.png,pyrite.png,3,,
QED Cell,qed cell,qed-cell,https://buddy.farm/i/qed-cell/,icon_found,200,QED Cell,https://farmrpg.com/img/items/battery_t_01.png,/img/items/battery_t_01.png,battery_t_01.png,28,,
QED Pack,qed pack,qed-pack,https://buddy.farm/i/qed-pack/,icon_found,200,QED Pack,https://farmrpg.com/img/items/149.png,/img/items/149.png,149.png,2,,
Quandary Chowder,quandary chowder,quandary-chowder,https://buddy.farm/i/quandary-chowder/,icon_found,200,Quandary Chowder,https://farmrpg.com/img/items/corngreens.png,/img/items/corngreens.png,corngreens.png,30,,
Quicksilver's Ring,quicksilver's ring,quicksilver-s-ring,https://buddy.farm/i/quicksilver-s-ring/,icon_found,200,Quicksilver&#x27;s Ring,https://farmrpg.com/img/items/viri_3369b.png,/img/items/viri_3369b.png,viri_3369b.png,1,,
R.O.A.S.,r.o.a.s.,r-o-a-s-,https://buddy.farm/i/r-o-a-s-/,icon_found,200,R.O.A.S.,https://farmrpg.com/img/items/rat_t_01.png,/img/items/rat_t_01.png,rat_t_01.png,14,,
Radish,radish,radish,https://buddy.farm/i/radish/,icon_found,200,Radish,https://farmrpg.com/img/items/radish.png?1,/img/items/radish.png,radish.png,20,,
Radish Seeds,radish seeds,radish-seeds,https://buddy.farm/i/radish-seeds/,icon_found,200,Radish Seeds,https://farmrpg.com/img/items/seeds_radish.png,/img/items/seeds_radish.png,seeds_radish.png,10,,
Raffle Ticket,raffle ticket,raffle-ticket,https://buddy.farm/i/raffle-ticket/,icon_found,200,Raffle Ticket,https://farmrpg.com/img/items/raffleticket.png,/img/items/raffleticket.png,raffleticket.png,30,,
Ram Skull 01,ram skull 01,ram-skull-01,https://buddy.farm/i/ram-skull-01/,icon_found,200,Ram Skull 01,https://farmrpg.com/img/items/1137.png,/img/items/1137.png,1137.png,1,,
Ramjoram's Mask,ramjoram's mask,ramjoram-s-mask,https://buddy.farm/i/ramjoram-s-mask/,icon_found,200,Ramjoram&#x27;s Mask,https://farmrpg.com/img/items/ramjorammask.png,/img/items/ramjorammask.png,ramjorammask.png,10,,
Raptor Chicken Egg,raptor chicken egg,raptor-chicken-egg,https://buddy.farm/i/raptor-chicken-egg/,icon_found,200,Raptor Chicken Egg,https://farmrpg.com/img/items/raptor_chicken_egg.png,/img/items/raptor_chicken_egg.png,raptor_chicken_egg.png,1,,
Raptor Claw,raptor claw,raptor-claw,https://buddy.farm/i/raptor-claw/,icon_found,200,Raptor Claw,https://farmrpg.com/img/items/raptor.png,/img/items/raptor.png,raptor.png,30,,
Raptor Egg,raptor egg,raptor-egg,https://buddy.farm/i/raptor-egg/,icon_found,200,Raptor Egg,https://farmrpg.com/img/items/raptoregg.png,/img/items/raptoregg.png,raptoregg.png,6,,
Raptor Wrangler Belt,raptor wrangler belt,raptor-wrangler-belt,https://buddy.farm/i/raptor-wrangler-belt/,icon_found,200,Raptor Wrangler Belt,https://farmrpg.com/img/items/rwb.png,/img/items/rwb.png,rwb.png,2,,
Raw Meat,raw meat,raw-meat,https://buddy.farm/i/raw-meat/,icon_found,200,Raw Meat,https://farmrpg.com/img/items/rawmeat.png,/img/items/rawmeat.png,rawmeat.png,6,,
Re'taw,re'taw,re-taw,https://buddy.farm/i/re-taw/,icon_found,200,Re&#x27;taw,https://farmrpg.com/img/items/4696.png,/img/items/4696.png,4696.png,5,,
Re'taw Pail,re'taw pail,re-taw-pail,https://buddy.farm/i/re-taw-pail/,icon_found,200,Re&#x27;taw Pail,https://farmrpg.com/img/items/8263w.PNG?1,/img/items/8263w.PNG,8263w.PNG,5,,
Reaver Claw,reaver claw,reaver-claw,https://buddy.farm/i/reaver-claw/,icon_found,200,Reaver Claw,https://farmrpg.com/img/items/293.png,/img/items/293.png,293.png,1,,
Red Berries,red berries,red-berries,https://buddy.farm/i/red-berries/,icon_found,200,Red Berries,https://farmrpg.com/img/items/ForestIcons_46_t.png,/img/items/ForestIcons_46_t.png,ForestIcons_46_t.png,11,,
Red Berry Pie,red berry pie,red-berry-pie,https://buddy.farm/i/red-berry-pie/,icon_found,200,Red Berry Pie,https://farmrpg.com/img/items/pie1.png?1,/img/items/pie1.png,pie1.png,24,,
Red Brick,red brick,red-brick,https://buddy.farm/i/red-brick/,icon_found,200,Red Brick,https://farmrpg.com/img/items/redbrick2.png,/img/items/redbrick2.png,redbrick2.png,17,,
Red Butterfly,red butterfly,red-butterfly,https://buddy.farm/i/red-butterfly/,icon_found,200,Red Butterfly,https://farmrpg.com/img/items/afk_8578r.png,/img/items/afk_8578r.png,afk_8578r.png,6,,
Red Diamond Fish,red diamond fish,red-diamond-fish,https://buddy.farm/i/red-diamond-fish/,icon_found,200,Red Diamond Fish,https://farmrpg.com/img/items/reddfish.png,/img/items/reddfish.png,reddfish.png,33,,
Red Diary,red diary,red-diary,https://buddy.farm/i/red-diary/,icon_found,200,Red Diary,https://farmrpg.com/img/items/reddiary.png,/img/items/reddiary.png,reddiary.png,5,,
Red Dye,red dye,red-dye,https://buddy.farm/i/red-dye/,icon_found,200,Red Dye,https://farmrpg.com/img/items/reddye.png,/img/items/reddye.png,reddye.png,31,,
Red Envelope,red envelope,red-envelope,https://buddy.farm/i/red-envelope/,icon_found,200,Red Envelope,https://farmrpg.com/img/items/redletter.png,/img/items/redletter.png,redletter.png,18,,
Red Flowers,red flowers,red-flowers,https://buddy.farm/i/red-flowers/,icon_found,200,Red Flowers,https://farmrpg.com/img/items/rflowers.png,/img/items/rflowers.png,rflowers.png,12,,
Red Mushrooms,red mushrooms,red-mushrooms,https://buddy.farm/i/red-mushrooms/,icon_found,200,Red Mushrooms,https://farmrpg.com/img/items/redmushrooms.png,/img/items/redmushrooms.png,redmushrooms.png,1,,
Red Ornament,red ornament,red-ornament,https://buddy.farm/i/red-ornament/,icon_found,200,Red Ornament,https://farmrpg.com/img/items/cr_t_03.png,/img/items/cr_t_03.png,cr_t_03.png,10,,
Red Parchment,red parchment,red-parchment,https://buddy.farm/i/red-parchment/,icon_found,200,Red Parchment,https://farmrpg.com/img/items/redparchment.png,/img/items/redparchment.png,redparchment.png,4,,
Red Rocket,red rocket,red-rocket,https://buddy.farm/i/red-rocket/,icon_found,200,Red Rocket,https://farmrpg.com/img/items/redrocket.png,/img/items/redrocket.png,redrocket.png,3,,
Red Scarf,red scarf,red-scarf,https://buddy.farm/i/red-scarf/,icon_found,200,Red Scarf,https://farmrpg.com/img/items/redscarf.png,/img/items/redscarf.png,redscarf.png,5,,
Red Shield,red shield,red-shield,https://buddy.farm/i/red-shield/,icon_found,200,Red Shield,https://farmrpg.com/img/items/redshield.png,/img/items/redshield.png,redshield.png,24,,
Red Shirt,red shirt,red-shirt,https://buddy.farm/i/red-shirt/,icon_found,200,Red Shirt,https://farmrpg.com/img/items/redshirt.png,/img/items/redshirt.png,redshirt.png,5,,
Red Starfish,red starfish,red-starfish,https://buddy.farm/i/red-starfish/,icon_found,200,Red Starfish,https://farmrpg.com/img/items/8814.png?1,/img/items/8814.png,8814.png,9,,
Red Trunk,red trunk,red-trunk,https://buddy.farm/i/red-trunk/,icon_found,200,Red Trunk,https://farmrpg.com/img/items/1026.png,/img/items/1026.png,1026.png,17,,
Red Twine,red twine,red-twine,https://buddy.farm/i/red-twine/,icon_found,200,Red Twine,https://farmrpg.com/img/items/1621.png,/img/items/1621.png,1621.png,22,,
Redgill,redgill,redgill,https://buddy.farm/i/redgill/,icon_found,200,Redgill,https://farmrpg.com/img/items/5182-2.png,/img/items/5182-2.png,5182-2.png,8,,
Refined Corn Quartz,refined corn quartz,refined-corn-quartz,https://buddy.farm/i/refined-corn-quartz/,icon_found,200,Refined Corn Quartz,https://farmrpg.com/img/items/cornquartz2.png,/img/items/cornquartz2.png,cornquartz2.png,4,,
Reindeer Headband,reindeer headband,reindeer-headband,https://buddy.farm/i/reindeer-headband/,icon_found,200,Reindeer Headband,https://farmrpg.com/img/items/horns.png,/img/items/horns.png,horns.png,5,,
Reinforced Helmet,reinforced helmet,reinforced-helmet,https://buddy.farm/i/reinforced-helmet/,icon_found,200,Reinforced Helmet,https://farmrpg.com/img/items/9096.png,/img/items/9096.png,9096.png,11,,
Ric Ryph Bobblehead,ric ryph bobblehead,ric-ryph-bobblehead,https://buddy.farm/i/ric-ryph-bobblehead/,icon_found,200,Ric Ryph Bobblehead,https://farmrpg.com/img/items/bobble_ric.png,/img/items/bobble_ric.png,bobble_ric.png,2,,
Rice,rice,rice,https://buddy.farm/i/rice/,icon_found,200,Rice,https://farmrpg.com/img/items/rice.png,/img/items/rice.png,rice.png,30,,
Rice Seeds,rice seeds,rice-seeds,https://buddy.farm/i/rice-seeds/,icon_found,200,Rice Seeds,https://farmrpg.com/img/items/seeds_rice.png,/img/items/seeds_rice.png,seeds_rice.png,3,,
Ring of Renthisj,ring of renthisj,ring-of-renthisj,https://buddy.farm/i/ring-of-renthisj/,icon_found,200,Ring of Renthisj,https://farmrpg.com/img/items/5466.png,/img/items/5466.png,5466.png,4,,
Roomba Bobblehead,roomba bobblehead,roomba-bobblehead,https://buddy.farm/i/roomba-bobblehead/,icon_found,200,Roomba Bobblehead,https://farmrpg.com/img/items/bobble_roomba.png,/img/items/bobble_roomba.png,bobble_roomba.png,2,,
Roomba's Over The Moon,roomba's over the moon,roomba-s-over-the-moon,https://buddy.farm/i/roomba-s-over-the-moon/,icon_found,200,Roomba&#x27;s Over The Moon,https://farmrpg.com/img/items/recipe.png,/img/items/recipe.png,recipe.png,3,,
Rope,rope,rope,https://buddy.farm/i/rope/,icon_found,200,Rope,https://farmrpg.com/img/items/5624.png,/img/items/5624.png,5624.png,57,,
Rosalie Bobblehead,rosalie bobblehead,rosalie-bobblehead,https://buddy.farm/i/rosalie-bobblehead/,icon_found,200,Rosalie Bobblehead,https://farmrpg.com/img/items/bobble_rosalie.png,/img/items/bobble_rosalie.png,bobble_rosalie.png,2,,
Rosalie's Beach Tote,rosalie's beach tote,rosalie-s-beach-tote,https://buddy.farm/i/rosalie-s-beach-tote/,icon_found,200,Rosalie&#x27;s Beach Tote,https://farmrpg.com/img/items/tote1.png,/img/items/tote1.png,tote1.png,15,,
Rosalie's Bone Broth,rosalie's bone broth,rosalie-s-bone-broth,https://buddy.farm/i/rosalie-s-bone-broth/,icon_found,200,Rosalie&#x27;s Bone Broth,https://farmrpg.com/img/items/recipe.png,/img/items/recipe.png,recipe.png,2,,
Rosalie's Concord Grape Pie,rosalie's concord grape pie,rosalie-s-concord-grape-pie,https://buddy.farm/i/rosalie-s-concord-grape-pie/,icon_found,200,Rosalie&#x27;s Concord Grape Pie,https://farmrpg.com/img/items/recipe.png,/img/items/recipe.png,recipe.png,3,,
Rosalie's Red Berry Pie,rosalie's red berry pie,rosalie-s-red-berry-pie,https://buddy.farm/i/rosalie-s-red-berry-pie/,icon_found,200,Rosalie&#x27;s Red Berry Pie,https://farmrpg.com/img/items/recipe.png,/img/items/recipe.png,recipe.png,3,,
Rubber Duckie,rubber duckie,rubber-duckie,https://buddy.farm/i/rubber-duckie/,icon_found,200,Rubber Duckie,https://farmrpg.com/img/items/ducky.png,/img/items/ducky.png,ducky.png,11,,
Ruby,ruby,ruby,https://buddy.farm/i/ruby/,icon_found,200,Ruby,https://farmrpg.com/img/items/6071.PNG,/img/items/6071.PNG,6071.PNG,23,,
Ruby Coral,ruby coral,ruby-coral,https://buddy.farm/i/ruby-coral/,icon_found,200,Ruby Coral,https://farmrpg.com/img/items/coral.png,/img/items/coral.png,coral.png,11,,
Ruby Fish,ruby fish,ruby-fish,https://buddy.farm/i/ruby-fish/,icon_found,200,Ruby Fish,https://farmrpg.com/img/items/7838.png?1,/img/items/7838.png,7838.png,16,,
Ruby Ring,ruby ring,ruby-ring,https://buddy.farm/i/ruby-ring/,icon_found,200,Ruby Ring,https://farmrpg.com/img/items/rubyring.png,/img/items/rubyring.png,rubyring.png,25,,
Ruby Scorpion,ruby scorpion,ruby-scorpion,https://buddy.farm/i/ruby-scorpion/,icon_found,200,Ruby Scorpion,https://farmrpg.com/img/items/4514.png,/img/items/4514.png,4514.png,28,,
Rucksack,rucksack,rucksack,https://buddy.farm/i/rucksack/,icon_found,200,Rucksack,https://farmrpg.com/img/items/rucksack2.png,/img/items/rucksack2.png,rucksack2.png,19,,
Rudolph,rudolph,rudolph,https://buddy.farm/i/rudolph/,icon_found,200,Rudolph,https://farmrpg.com/img/items/rudolph.png,/img/items/rudolph.png,rudolph.png,5,,
Rudolph Buddy Doll,rudolph buddy doll,rudolph-buddy-doll,https://buddy.farm/i/rudolph-buddy-doll/,icon_found,200,Rudolph Buddy Doll,https://farmrpg.com/img/items/rbuddy.png,/img/items/rbuddy.png,rbuddy.png,2,,
Rune Dice,rune dice,rune-dice,https://buddy.farm/i/rune-dice/,icon_found,200,Rune Dice,https://farmrpg.com/img/items/1931.png,/img/items/1931.png,1931.png,2,,
Rune Shard,rune shard,rune-shard,https://buddy.farm/i/rune-shard/,icon_found,200,Rune Shard,https://farmrpg.com/img/items/3476.png,/img/items/3476.png,3476.png,1,,
Runecorn,runecorn,runecorn,https://buddy.farm/i/runecorn/,icon_found,200,Runecorn,https://farmrpg.com/img/items/runecorn.png,/img/items/runecorn.png,runecorn.png,1,,
Runecube,runecube,runecube,https://buddy.farm/i/runecube/,icon_found,200,Runecube,https://farmrpg.com/img/items/2099.png,/img/items/2099.png,2099.png,2,,
Runestone 01,runestone 01,runestone-01,https://buddy.farm/i/runestone-01/,icon_found,200,Runestone 01,https://farmrpg.com/img/items/rs1.png,/img/items/rs1.png,rs1.png,25,,
Runestone 02,runestone 02,runestone-02,https://buddy.farm/i/runestone-02/,icon_found,200,Runestone 02,https://farmrpg.com/img/items/rs2.png,/img/items/rs2.png,rs2.png,24,,
Runestone 03,runestone 03,runestone-03,https://buddy.farm/i/runestone-03/,icon_found,200,Runestone 03,https://farmrpg.com/img/items/rs3.png,/img/items/rs3.png,rs3.png,20,,
Runestone 04,runestone 04,runestone-04,https://buddy.farm/i/runestone-04/,icon_found,200,Runestone 04,https://farmrpg.com/img/items/rs4.png,/img/items/rs4.png,rs4.png,25,,
Runestone 05,runestone 05,runestone-05,https://buddy.farm/i/runestone-05/,icon_found,200,Runestone 05,https://farmrpg.com/img/items/rs5.png,/img/items/rs5.png,rs5.png,23,,
Runestone 06,runestone 06,runestone-06,https://buddy.farm/i/runestone-06/,icon_found,200,Runestone 06,https://farmrpg.com/img/items/rs6.png,/img/items/rs6.png,rs6.png,24,,
Runestone 07,runestone 07,runestone-07,https://buddy.farm/i/runestone-07/,icon_found,200,Runestone 07,https://farmrpg.com/img/items/rs7.png,/img/items/rs7.png,rs7.png,22,,
Runestone 08,runestone 08,runestone-08,https://buddy.farm/i/runestone-08/,icon_found,200,Runestone 08,https://farmrpg.com/img/items/rs8.png,/img/items/rs8.png,rs8.png,22,,
Runestone 09,runestone 09,runestone-09,https://buddy.farm/i/runestone-09/,icon_found,200,Runestone 09,https://farmrpg.com/img/items/rs9.png,/img/items/rs9.png,rs9.png,27,,
Runestone 10,runestone 10,runestone-10,https://buddy.farm/i/runestone-10/,icon_found,200,Runestone 10,https://farmrpg.com/img/items/rs10.png,/img/items/rs10.png,rs10.png,25,,
Runestone 11,runestone 11,runestone-11,https://buddy.farm/i/runestone-11/,icon_found,200,Runestone 11,https://farmrpg.com/img/items/rs11.png?1,/img/items/rs11.png,rs11.png,24,,
Runestone 12,runestone 12,runestone-12,https://buddy.farm/i/runestone-12/,icon_found,200,Runestone 12,https://farmrpg.com/img/items/rs12.png,/img/items/rs12.png,rs12.png,23,,
Runestone 13,runestone 13,runestone-13,https://buddy.farm/i/runestone-13/,icon_found,200,Runestone 13,https://farmrpg.com/img/items/rs13.png,/img/items/rs13.png,rs13.png,19,,
Runestone 14,runestone 14,runestone-14,https://buddy.farm/i/runestone-14/,icon_found,200,Runestone 14,https://farmrpg.com/img/items/rs14.png?1,/img/items/rs14.png,rs14.png,24,,
Runestone 15,runestone 15,runestone-15,https://buddy.farm/i/runestone-15/,icon_found,200,Runestone 15,https://farmrpg.com/img/items/rs15.png,/img/items/rs15.png,rs15.png,24,,
Runestone 16,runestone 16,runestone-16,https://buddy.farm/i/runestone-16/,icon_found,200,Runestone 16,https://farmrpg.com/img/items/rs16.png?1,/img/items/rs16.png,rs16.png,14,,
Runestone 17,runestone 17,runestone-17,https://buddy.farm/i/runestone-17/,icon_found,200,Runestone 17,https://farmrpg.com/img/items/rs17.png,/img/items/rs17.png,rs17.png,14,,
Runestone 18,runestone 18,runestone-18,https://buddy.farm/i/runestone-18/,icon_found,200,Runestone 18,https://farmrpg.com/img/items/rs18.png?1,/img/items/rs18.png,rs18.png,15,,
Runestone 19,runestone 19,runestone-19,https://buddy.farm/i/runestone-19/,icon_found,200,Runestone 19,https://farmrpg.com/img/items/rs19.png?1,/img/items/rs19.png,rs19.png,13,,
Runestone 20,runestone 20,runestone-20,https://buddy.farm/i/runestone-20/,icon_found,200,Runestone 20,https://farmrpg.com/img/items/rs20.png,/img/items/rs20.png,rs20.png,16,,
Runestone 23,runestone 23,runestone-23,https://buddy.farm/i/runestone-23/,icon_found,200,Runestone 23,https://farmrpg.com/img/items/5658.png,/img/items/5658.png,5658.png,2,,
Runestone 27,runestone 27,runestone-27,https://buddy.farm/i/runestone-27/,icon_found,200,Runestone 27,https://farmrpg.com/img/items/rs27.png,/img/items/rs27.png,rs27.png,1,,
Runestone Necklace,runestone necklace,runestone-necklace,https://buddy.farm/i/runestone-necklace/,icon_found,200,Runestone Necklace,https://farmrpg.com/img/items/pirates_17_t.png,/img/items/pirates_17_t.png,pirates_17_t.png,3,,
Safety Goggles,safety goggles,safety-goggles,https://buddy.farm/i/safety-goggles/,icon_found,200,Safety Goggles,https://farmrpg.com/img/items/2129.png,/img/items/2129.png,2129.png,5,,
Safety Mask,safety mask,safety-mask,https://buddy.farm/i/safety-mask/,icon_found,200,Safety Mask,https://farmrpg.com/img/items/2755.png,/img/items/2755.png,2755.png,2,,
Safety Pin,safety pin,safety-pin,https://buddy.farm/i/safety-pin/,icon_found,200,Safety Pin,https://farmrpg.com/img/items/pin_t_01.png,/img/items/pin_t_01.png,pin_t_01.png,6,,
Sail Cloth,sail cloth,sail-cloth,https://buddy.farm/i/sail-cloth/,icon_found,200,Sail Cloth,https://farmrpg.com/img/items/2453.png,/img/items/2453.png,2453.png,12,,
Salt,salt,salt,https://buddy.farm/i/salt/,icon_found,200,Salt,https://farmrpg.com/img/items/salt.png,/img/items/salt.png,salt.png,83,,
Salt Rock,salt rock,salt-rock,https://buddy.farm/i/salt-rock/,icon_found,200,Salt Rock,https://farmrpg.com/img/items/saltrock.png,/img/items/saltrock.png,saltrock.png,10,,
Sand,sand,sand,https://buddy.farm/i/sand/,icon_found,200,Sand,https://farmrpg.com/img/items/am_t_01.png,/img/items/am_t_01.png,am_t_01.png,25,,
Sand Castle Bucket,sand castle bucket,sand-castle-bucket,https://buddy.farm/i/sand-castle-bucket/,icon_found,200,Sand Castle Bucket,https://farmrpg.com/img/items/sand_castle_bucket.png,/img/items/sand_castle_bucket.png,sand_castle_bucket.png,4,,
Sand Dollar,sand dollar,sand-dollar,https://buddy.farm/i/sand-dollar/,icon_found,200,Sand Dollar,https://farmrpg.com/img/items/sanddollar.png?1,/img/items/sanddollar.png,sanddollar.png,5,,
Sand Shovel,sand shovel,sand-shovel,https://buddy.farm/i/sand-shovel/,icon_found,200,Sand Shovel,https://farmrpg.com/img/items/sand_shovel.png,/img/items/sand_shovel.png,sand_shovel.png,4,,
Sandstone,sandstone,sandstone,https://buddy.farm/i/sandstone/,icon_found,200,Sandstone,https://farmrpg.com/img/items/5197.png,/img/items/5197.png,5197.png,23,,
Santa Bobblehead,santa bobblehead,santa-bobblehead,https://buddy.farm/i/santa-bobblehead/,icon_found,200,Santa Bobblehead,https://farmrpg.com/img/items/bobble_santa.png,/img/items/bobble_santa.png,bobble_santa.png,2,,
Santa Buddy Doll,santa buddy doll,santa-buddy-doll,https://buddy.farm/i/santa-buddy-doll/,icon_found,200,Santa Buddy Doll,https://farmrpg.com/img/items/sbuddy.png,/img/items/sbuddy.png,sbuddy.png,2,,
Santa Hat,santa hat,santa-hat,https://buddy.farm/i/santa-hat/,icon_found,200,Santa Hat,https://farmrpg.com/img/items/cr_t_04.png,/img/items/cr_t_04.png,cr_t_04.png,7,,
Santa's Travel Belt,santa's travel belt,santa-s-travel-belt,https://buddy.farm/i/santa-s-travel-belt/,icon_found,200,Santa&#x27;s Travel Belt,https://farmrpg.com/img/items/487.png,/img/items/487.png,487.png,2,,
Sappy Christmas Card,sappy christmas card,sappy-christmas-card,https://buddy.farm/i/sappy-christmas-card/,icon_found,200,Sappy Christmas Card,https://farmrpg.com/img/items/card_sappy.png,/img/items/card_sappy.png,card_sappy.png,11,,
School Buddy Doll,school buddy doll,school-buddy-doll,https://buddy.farm/i/school-buddy-doll/,icon_found,200,School Buddy Doll,https://farmrpg.com/img/items/back_to_school_buddy_doll.png,/img/items/back_to_school_buddy_doll.png,back_to_school_buddy_doll.png,1,,
Schoolbook,schoolbook,schoolbook,https://buddy.farm/i/schoolbook/,icon_found,200,Schoolbook,https://farmrpg.com/img/items/book_t_01.png?1,/img/items/book_t_01.png,book_t_01.png,2,,
Scissors,scissors,scissors,https://buddy.farm/i/scissors/,icon_found,200,Scissors,https://farmrpg.com/img/items/scissors.png,/img/items/scissors.png,scissors.png,18,,
Scrap Cloth,scrap cloth,scrap-cloth,https://buddy.farm/i/scrap-cloth/,icon_found,200,Scrap Cloth,https://farmrpg.com/img/items/1529.png,/img/items/1529.png,1529.png,2,,
Scrap Metal,scrap metal,scrap-metal,https://buddy.farm/i/scrap-metal/,icon_found,200,Scrap Metal,https://farmrpg.com/img/items/9383.PNG,/img/items/9383.PNG,9383.PNG,13,,
Scrap Wire,scrap wire,scrap-wire,https://buddy.farm/i/scrap-wire/,icon_found,200,Scrap Wire,https://farmrpg.com/img/items/9398.PNG,/img/items/9398.PNG,9398.PNG,12,,
Scythe of Dewstar,scythe of dewstar,scythe-of-dewstar,https://buddy.farm/i/scythe-of-dewstar/,icon_found,200,Scythe of Dewstar,https://farmrpg.com/img/items/goldscythe.png,/img/items/goldscythe.png,goldscythe.png,2,,
Sea Catfish,sea catfish,sea-catfish,https://buddy.farm/i/sea-catfish/,icon_found,200,Sea Catfish,https://farmrpg.com/img/items/7477.png,/img/items/7477.png,7477.png,7,,
Sea Crest,sea crest,sea-crest,https://buddy.farm/i/sea-crest/,icon_found,200,Sea Crest,https://farmrpg.com/img/items/seacrest.png,/img/items/seacrest.png,seacrest.png,5,,
Sea Dragon,sea dragon,sea-dragon,https://buddy.farm/i/sea-dragon/,icon_found,200,Sea Dragon,https://farmrpg.com/img/items/seadragon.png,/img/items/seadragon.png,seadragon.png,24,,
Sea Pincher Special,sea pincher special,sea-pincher-special,https://buddy.farm/i/sea-pincher-special/,icon_found,200,Sea Pincher Special,https://farmrpg.com/img/items/crabclawsoup.png,/img/items/crabclawsoup.png,crabclawsoup.png,30,,
Sea Turtle,sea turtle,sea-turtle,https://buddy.farm/i/sea-turtle/,icon_found,200,Sea Turtle,https://farmrpg.com/img/items/afk_8514.png?1,/img/items/afk_8514.png,afk_8514.png,10,,
Sea Urchin,sea urchin,sea-urchin,https://buddy.farm/i/sea-urchin/,icon_found,200,Sea Urchin,https://farmrpg.com/img/items/afk_8528.png,/img/items/afk_8528.png,afk_8528.png,5,,
Seahorse,seahorse,seahorse,https://buddy.farm/i/seahorse/,icon_found,200,Seahorse,https://farmrpg.com/img/items/8819.png,/img/items/8819.png,8819.png,10,,
Sealed Letter,sealed letter,sealed-letter,https://buddy.farm/i/sealed-letter/,icon_found,200,Sealed Letter,https://farmrpg.com/img/items/7475.png?1,/img/items/7475.png,7475.png,29,,
Seashell Necklace,seashell necklace,seashell-necklace,https://buddy.farm/i/seashell-necklace/,icon_found,200,Seashell Necklace,https://farmrpg.com/img/items/shell_necklace.png,/img/items/shell_necklace.png,shell_necklace.png,13,,
Seaweed,seaweed,seaweed,https://buddy.farm/i/seaweed/,icon_found,200,Seaweed,https://farmrpg.com/img/items/fishing_75_t.png,/img/items/fishing_75_t.png,fishing_75_t.png,25,,
Seeing Stone,seeing stone,seeing-stone,https://buddy.farm/i/seeing-stone/,icon_found,200,Seeing Stone,https://farmrpg.com/img/items/5557.png?4,/img/items/5557.png,5557.png,4,,
Seeker,seeker,seeker,https://buddy.farm/i/seeker/,icon_found,200,Seeker,https://farmrpg.com/img/items/seeker.png,/img/items/seeker.png,seeker.png,6,,
Serpent Eel,serpent eel,serpent-eel,https://buddy.farm/i/serpent-eel/,icon_found,200,Serpent Eel,https://farmrpg.com/img/items/7817.png,/img/items/7817.png,7817.png,11,,
Serpent of Trym,serpent of trym,serpent-of-trym,https://buddy.farm/i/serpent-of-trym/,icon_found,200,Serpent of Trym,https://farmrpg.com/img/items/3320.png,/img/items/3320.png,3320.png,2,,
Sewing Needle,sewing needle,sewing-needle,https://buddy.farm/i/sewing-needle/,icon_found,200,Sewing Needle,https://farmrpg.com/img/items/needle.png,/img/items/needle.png,needle.png,22,,
Shadow Bloom,shadow bloom,shadow-bloom,https://buddy.farm/i/shadow-bloom/,icon_found,200,Shadow Bloom,https://farmrpg.com/img/items/blackflower.png,/img/items/blackflower.png,blackflower.png,2,,
Shamrock Milk,shamrock milk,shamrock-milk,https://buddy.farm/i/shamrock-milk/,icon_found,200,Shamrock Milk,https://farmrpg.com/img/items/shamrock_milk.png,/img/items/shamrock_milk.png,shamrock_milk.png,14,,
Shark Jaws,shark jaws,shark-jaws,https://buddy.farm/i/shark-jaws/,icon_found,200,Shark Jaws,https://farmrpg.com/img/items/370.png,/img/items/370.png,370.png,2,,
Shark Tooth,shark tooth,shark-tooth,https://buddy.farm/i/shark-tooth/,icon_found,200,Shark Tooth,https://farmrpg.com/img/items/sharktooth.png,/img/items/sharktooth.png,sharktooth.png,13,,
Shillelagh,shillelagh,shillelagh,https://buddy.farm/i/shillelagh/,icon_found,200,Shillelagh,https://farmrpg.com/img/items/irishstick.png,/img/items/irishstick.png,irishstick.png,3,,
Shimmer Quartz,shimmer quartz,shimmer-quartz,https://buddy.farm/i/shimmer-quartz/,icon_found,200,Shimmer Quartz,https://farmrpg.com/img/items/5707.PNG,/img/items/5707.PNG,5707.PNG,16,,
Shimmer Ring,shimmer ring,shimmer-ring,https://buddy.farm/i/shimmer-ring/,icon_found,200,Shimmer Ring,https://farmrpg.com/img/items/shimmertopazring.png,/img/items/shimmertopazring.png,shimmertopazring.png,20,,
Shimmer Stone,shimmer stone,shimmer-stone,https://buddy.farm/i/shimmer-stone/,icon_found,200,Shimmer Stone,https://farmrpg.com/img/items/5711.PNG,/img/items/5711.PNG,5711.PNG,13,,
Shimmer Topaz,shimmer topaz,shimmer-topaz,https://buddy.farm/i/shimmer-topaz/,icon_found,200,Shimmer Topaz,https://farmrpg.com/img/items/8055.png,/img/items/8055.png,8055.png,12,,
Shinefish,shinefish,shinefish,https://buddy.farm/i/shinefish/,icon_found,200,Shinefish,https://farmrpg.com/img/items/fishing_112_t.png,/img/items/fishing_112_t.png,fishing_112_t.png,7,,
Shiny Beetle,shiny beetle,shiny-beetle,https://buddy.farm/i/shiny-beetle/,icon_found,200,Shiny Beetle,https://farmrpg.com/img/items/beetle.png,/img/items/beetle.png,beetle.png,43,,
Shiny Present,shiny present,shiny-present,https://buddy.farm/i/shiny-present/,icon_found,200,Shiny Present,https://farmrpg.com/img/items/shinypresent.png,/img/items/shinypresent.png,shinypresent.png,12,,
Ship in a Bottle,ship in a bottle,ship-in-a-bottle,https://buddy.farm/i/ship-in-a-bottle/,icon_found,200,Ship in a Bottle,https://farmrpg.com/img/items/shipinabottle.png?3,/img/items/shipinabottle.png,shipinabottle.png,22,,
Ship Mast,ship mast,ship-mast,https://buddy.farm/i/ship-mast/,icon_found,200,Ship Mast,https://farmrpg.com/img/items/viri_4089.png,/img/items/viri_4089.png,viri_4089.png,14,,
Ship Wheel,ship wheel,ship-wheel,https://buddy.farm/i/ship-wheel/,icon_found,200,Ship Wheel,https://farmrpg.com/img/items/pirates_63_t.png?1,/img/items/pirates_63_t.png,pirates_63_t.png,1,,
Shovel,shovel,shovel,https://buddy.farm/i/shovel/,icon_found,200,Shovel,https://farmrpg.com/img/items/5853.png?1,/img/items/5853.png,5853.png,30,,
Shrimp,shrimp,shrimp,https://buddy.farm/i/shrimp/,icon_found,200,Shrimp,https://farmrpg.com/img/items/7844.PNG,/img/items/7844.PNG,7844.PNG,21,,
Shrimp-a-Plenty,shrimp-a-plenty,shrimp-a-plenty,https://buddy.farm/i/shrimp-a-plenty/,icon_found,200,Shrimp-a-Plenty,https://farmrpg.com/img/items/shrimpgreensmix.png,/img/items/shrimpgreensmix.png,shrimpgreensmix.png,36,,
Silk,silk,silk,https://buddy.farm/i/silk/,icon_found,200,Silk,https://farmrpg.com/img/items/silk.png,/img/items/silk.png,silk.png,18,,
Sinkroot,sinkroot,sinkroot,https://buddy.farm/i/sinkroot/,icon_found,200,Sinkroot,https://farmrpg.com/img/items/3488.png,/img/items/3488.png,3488.png,1,,
Skeleton Key,skeleton key,skeleton-key,https://buddy.farm/i/skeleton-key/,icon_found,200,Skeleton Key,https://farmrpg.com/img/items/skelkey.png,/img/items/skelkey.png,skelkey.png,11,,
Skipjack,skipjack,skipjack,https://buddy.farm/i/skipjack/,icon_found,200,Skipjack,https://farmrpg.com/img/items/7790.png,/img/items/7790.png,7790.png,17,,
Skull Coin,skull coin,skull-coin,https://buddy.farm/i/skull-coin/,icon_found,200,Skull Coin,https://farmrpg.com/img/items/7286.png,/img/items/7286.png,7286.png,39,,
Skull-in-the-box,skull-in-the-box,skull-in-the-box,https://buddy.farm/i/skull-in-the-box/,icon_found,200,Skull-in-the-box,https://farmrpg.com/img/items/1584.png,/img/items/1584.png,1584.png,2,,
Slime Bucket,slime bucket,slime-bucket,https://buddy.farm/i/slime-bucket/,icon_found,200,Slime Bucket,https://farmrpg.com/img/items/bucket_of_slime.png,/img/items/bucket_of_slime.png,bucket_of_slime.png,2,,
Slime Buddy Doll,slime buddy doll,slime-buddy-doll,https://buddy.farm/i/slime-buddy-doll/,icon_found,200,Slime Buddy Doll,https://farmrpg.com/img/items/slimebuddydoll2.png,/img/items/slimebuddydoll2.png,slimebuddydoll2.png,2,,
Slime Egg Shell,slime egg shell,slime-egg-shell,https://buddy.farm/i/slime-egg-shell/,icon_found,200,Slime Egg Shell,https://farmrpg.com/img/items/afk_8847.png,/img/items/afk_8847.png,afk_8847.png,1,,
Slimeback,slimeback,slimeback,https://buddy.farm/i/slimeback/,icon_found,200,Slimeback,https://farmrpg.com/img/items/slimeback.png,/img/items/slimeback.png,slimeback.png,1,,
Slimestone,slimestone,slimestone,https://buddy.farm/i/slimestone/,icon_found,200,Slimestone,https://farmrpg.com/img/items/5655.png,/img/items/5655.png,5655.png,12,,
Sling Blade,sling blade,sling-blade,https://buddy.farm/i/sling-blade/,icon_found,200,Sling Blade,https://farmrpg.com/img/items/8974.png,/img/items/8974.png,8974.png,1,,
Slobster,slobster,slobster,https://buddy.farm/i/slobster/,icon_found,200,Slobster,https://farmrpg.com/img/items/goobster.png,/img/items/goobster.png,goobster.png,1,,
Small Bolt,small bolt,small-bolt,https://buddy.farm/i/small-bolt/,icon_found,200,Small Bolt,https://farmrpg.com/img/items/9374.PNG,/img/items/9374.PNG,9374.PNG,17,,
Small Chest 01,small chest 01,small-chest-01,https://buddy.farm/i/small-chest-01/,icon_found,200,Small Chest 01,https://farmrpg.com/img/items/4493.png,/img/items/4493.png,4493.png,25,,
Small Chest 02,small chest 02,small-chest-02,https://buddy.farm/i/small-chest-02/,icon_found,200,Small Chest 02,https://farmrpg.com/img/items/4493.png,/img/items/4493.png,4493.png,20,,
Small Flute,small flute,small-flute,https://buddy.farm/i/small-flute/,icon_found,200,Small Flute,https://farmrpg.com/img/items/5255.png?1,/img/items/5255.png,5255.png,20,,
Small Gear,small gear,small-gear,https://buddy.farm/i/small-gear/,icon_found,200,Small Gear,https://farmrpg.com/img/items/9388.png,/img/items/9388.png,9388.png,25,,
Small Key,small key,small-key,https://buddy.farm/i/small-key/,icon_found,200,Small Key,https://farmrpg.com/img/items/basickey.png,/img/items/basickey.png,basickey.png,24,,
Small Prawn,small prawn,small-prawn,https://buddy.farm/i/small-prawn/,icon_found,200,Small Prawn,https://farmrpg.com/img/items/7826.PNG,/img/items/7826.PNG,7826.PNG,12,,
Small Screw,small screw,small-screw,https://buddy.farm/i/small-screw/,icon_found,200,Small Screw,https://farmrpg.com/img/items/9380.png,/img/items/9380.png,9380.png,44,,
Small Spring,small spring,small-spring,https://buddy.farm/i/small-spring/,icon_found,200,Small Spring,https://farmrpg.com/img/items/5633.png,/img/items/5633.png,5633.png,32,,
Smart Buddy Doll,smart buddy doll,smart-buddy-doll,https://buddy.farm/i/smart-buddy-doll/,icon_found,200,Smart Buddy Doll,https://farmrpg.com/img/items/nerdy_buddy_doll.png,/img/items/nerdy_buddy_doll.png,nerdy_buddy_doll.png,1,,
Snail,snail,snail,https://buddy.farm/i/snail/,icon_found,200,Snail,https://farmrpg.com/img/items/snail.png,/img/items/snail.png,snail.png,29,,
Snow Globe,snow globe,snow-globe,https://buddy.farm/i/snow-globe/,icon_found,200,Snow Globe,https://farmrpg.com/img/items/21_sm.png,/img/items/21_sm.png,21_sm.png,16,,
Snow Shoes,snow shoes,snow-shoes,https://buddy.farm/i/snow-shoes/,icon_found,200,Snow Shoes,https://farmrpg.com/img/items/snowshoes.png,/img/items/snowshoes.png,snowshoes.png,17,,
Snowball,snowball,snowball,https://buddy.farm/i/snowball/,icon_found,200,Snowball,https://farmrpg.com/img/items/cr_t_07.png,/img/items/cr_t_07.png,cr_t_07.png,53,,
Snowball Cup,snowball cup,snowball-cup,https://buddy.farm/i/snowball-cup/,icon_found,200,Snowball Cup,https://farmrpg.com/img/items/snowcup.png,/img/items/snowcup.png,snowcup.png,2,,
Snowflakes,snowflakes,snowflakes,https://buddy.farm/i/snowflakes/,icon_found,200,Snowflakes,https://farmrpg.com/img/items/snowflakes.png,/img/items/snowflakes.png,snowflakes.png,6,,
Snowman,snowman,snowman,https://buddy.farm/i/snowman/,icon_found,200,Snowman,https://farmrpg.com/img/items/cr_t_08.png,/img/items/cr_t_08.png,cr_t_08.png,24,,
Snowman Buddy Doll,snowman buddy doll,snowman-buddy-doll,https://buddy.farm/i/snowman-buddy-doll/,icon_found,200,Snowman Buddy Doll,https://farmrpg.com/img/items/Snowman_Buddy_doll.png,/img/items/Snowman_Buddy_doll.png,Snowman_Buddy_doll.png,2,,
Soap,soap,soap,https://buddy.farm/i/soap/,icon_found,200,Soap,https://farmrpg.com/img/items/soap_r.png,/img/items/soap_r.png,soap_r.png,9,,
Sol Orb,sol orb,sol-orb,https://buddy.farm/i/sol-orb/,icon_found,200,Sol Orb,https://farmrpg.com/img/items/solorb.png,/img/items/solorb.png,solorb.png,1,,
Sombrero,sombrero,sombrero,https://buddy.farm/i/sombrero/,icon_found,200,Sombrero,https://farmrpg.com/img/items/sombrero.png,/img/items/sombrero.png,sombrero.png,2,,
Sour Root,sour root,sour-root,https://buddy.farm/i/sour-root/,icon_found,200,Sour Root,https://farmrpg.com/img/items/ForestIcons_11_t.png,/img/items/ForestIcons_11_t.png,ForestIcons_11_t.png,8,,
Spades,spades,spades,https://buddy.farm/i/spades/,icon_found,200,Spades,https://farmrpg.com/img/items/card_spades.png,/img/items/card_spades.png,card_spades.png,30,,
Speckled Grouper,speckled grouper,speckled-grouper,https://buddy.farm/i/speckled-grouper/,icon_found,200,Speckled Grouper,https://farmrpg.com/img/items/3281.png,/img/items/3281.png,3281.png,4,,
Spectacles,spectacles,spectacles,https://buddy.farm/i/spectacles/,icon_found,200,Spectacles,https://farmrpg.com/img/items/5392.png,/img/items/5392.png,5392.png,37,,
Spider,spider,spider,https://buddy.farm/i/spider/,icon_found,200,Spider,https://farmrpg.com/img/items/spiderbutcutererr.png,/img/items/spiderbutcutererr.png,spiderbutcutererr.png,43,,
Spiked Shell,spiked shell,spiked-shell,https://buddy.farm/i/spiked-shell/,icon_found,200,Spiked Shell,https://farmrpg.com/img/items/spikey.png,/img/items/spikey.png,spikey.png,40,,
Spiky Bracelet,spiky bracelet,spiky-bracelet,https://buddy.farm/i/spiky-bracelet/,icon_found,200,Spiky Bracelet,https://farmrpg.com/img/items/5175.png,/img/items/5175.png,5175.png,8,,
Spiral Shell,spiral shell,spiral-shell,https://buddy.farm/i/spiral-shell/,icon_found,200,Spiral Shell,https://farmrpg.com/img/items/7878.png,/img/items/7878.png,7878.png,8,,
Splatfish,splatfish,splatfish,https://buddy.farm/i/splatfish/,icon_found,200,Splatfish,https://farmrpg.com/img/items/splatterfish.png,/img/items/splatterfish.png,splatterfish.png,1,,
Sponge,sponge,sponge,https://buddy.farm/i/sponge/,icon_found,200,Sponge,https://farmrpg.com/img/items/sponge.png?3,/img/items/sponge.png,sponge.png,2,,
Spooky Cookies,spooky cookies,spooky-cookies,https://buddy.farm/i/spooky-cookies/,icon_found,200,Spooky Cookies,https://farmrpg.com/img/items/854.png,/img/items/854.png,854.png,27,,
Spooky Doll,spooky doll,spooky-doll,https://buddy.farm/i/spooky-doll/,icon_found,200,Spooky Doll,https://farmrpg.com/img/items/3827.png,/img/items/3827.png,3827.png,3,,
Spooky Pie,spooky pie,spooky-pie,https://buddy.farm/i/spooky-pie/,icon_found,200,Spooky Pie,https://farmrpg.com/img/items/923.png,/img/items/923.png,923.png,21,,
Spooky Scarecrow,spooky scarecrow,spooky-scarecrow,https://buddy.farm/i/spooky-scarecrow/,icon_found,200,Spooky Scarecrow,https://farmrpg.com/img/items/scarecrow.png,/img/items/scarecrow.png,scarecrow.png,5,,
Spooky Slime,spooky slime,spooky-slime,https://buddy.farm/i/spooky-slime/,icon_found,200,Spooky Slime,https://farmrpg.com/img/items/afk_9541.png,/img/items/afk_9541.png,afk_9541.png,2,,
Spool of Copper,spool of copper,spool-of-copper,https://buddy.farm/i/spool-of-copper/,icon_found,200,Spool of Copper,https://farmrpg.com/img/items/9324.png,/img/items/9324.png,9324.png,12,,
Spoon,spoon,spoon,https://buddy.farm/i/spoon/,icon_found,200,Spoon,https://farmrpg.com/img/items/2473.png,/img/items/2473.png,2473.png,27,,
Sporefly,sporefly,sporefly,https://buddy.farm/i/sporefly/,icon_found,200,Sporefly,https://farmrpg.com/img/items/1916.png,/img/items/1916.png,1916.png,1,,
Spring Bangle,spring bangle,spring-bangle,https://buddy.farm/i/spring-bangle/,icon_found,200,Spring Bangle,https://farmrpg.com/img/items/615.png,/img/items/615.png,615.png,2,,
Spring Basket 01,spring basket 01,spring-basket-01,https://buddy.farm/i/spring-basket-01/,icon_found,200,Spring Basket 01,https://farmrpg.com/img/items/springbasket.png,/img/items/springbasket.png,springbasket.png,12,,
Spring Basket 02,spring basket 02,spring-basket-02,https://buddy.farm/i/spring-basket-02/,icon_found,200,Spring Basket 02,https://farmrpg.com/img/items/springbasket.png,/img/items/springbasket.png,springbasket.png,13,,
Spring Basket 03,spring basket 03,spring-basket-03,https://buddy.farm/i/spring-basket-03/,icon_found,200,Spring Basket 03,https://farmrpg.com/img/items/springbasket.png,/img/items/springbasket.png,springbasket.png,14,,
Spring Seeds,spring seeds,spring-seeds,https://buddy.farm/i/spring-seeds/,icon_found,200,Spring Seeds,https://farmrpg.com/img/items/seeds_spring.png?1,/img/items/seeds_spring.png,seeds_spring.png,21,,
Square Key,square key,square-key,https://buddy.farm/i/square-key/,icon_found,200,Square Key,https://farmrpg.com/img/items/7179.png,/img/items/7179.png,7179.png,33,,
Stack of Cards,stack of cards,stack-of-cards,https://buddy.farm/i/stack-of-cards/,icon_found,200,Stack of Cards,https://farmrpg.com/img/items/stack_cards.png?2,/img/items/stack_cards.png,stack_cards.png,11,,
Star,star,star,https://buddy.farm/i/star/,icon_found,200,Star,https://farmrpg.com/img/items/29_sm.png,/img/items/29_sm.png,29_sm.png,18,,
Star Bobblehead,star bobblehead,star-bobblehead,https://buddy.farm/i/star-bobblehead/,icon_found,200,Star Bobblehead,https://farmrpg.com/img/items/bobble_star.png,/img/items/bobble_star.png,bobble_star.png,2,,
Star's Treasure Map,star's treasure map,star-s-treasure-map,https://buddy.farm/i/star-s-treasure-map/,icon_found,200,Star&#x27;s Treasure Map,https://farmrpg.com/img/items/starmap1.png,/img/items/starmap1.png,starmap1.png,2,,
Starfish,starfish,starfish,https://buddy.farm/i/starfish/,icon_found,200,Starfish,https://farmrpg.com/img/items/7821.png,/img/items/7821.png,7821.png,8,,
Steak,steak,steak,https://buddy.farm/i/steak/,icon_found,200,Steak,https://farmrpg.com/img/items/steak.png,/img/items/steak.png,steak.png,32,,
Steak Kabob,steak kabob,steak-kabob,https://buddy.farm/i/steak-kabob/,icon_found,200,Steak Kabob,https://farmrpg.com/img/items/8898.png,/img/items/8898.png,8898.png,21,,
Steel,steel,steel,https://buddy.farm/i/steel/,icon_found,200,Steel,https://farmrpg.com/img/items/6150.png,/img/items/6150.png,6150.png,97,,
Steel Buckle,steel buckle,steel-buckle,https://buddy.farm/i/steel-buckle/,icon_found,200,Steel Buckle,https://farmrpg.com/img/items/buckle.png?2,/img/items/buckle.png,buckle.png,18,,
Steel Pickaxe,steel pickaxe,steel-pickaxe,https://buddy.farm/i/steel-pickaxe/,icon_found,200,Steel Pickaxe,https://farmrpg.com/img/items/5296b.png,/img/items/5296b.png,5296b.png,8,,
Steel Plate,steel plate,steel-plate,https://buddy.farm/i/steel-plate/,icon_found,200,Steel Plate,https://farmrpg.com/img/items/9313.png,/img/items/9313.png,9313.png,25,,
Steel Soap Belt,steel soap belt,steel-soap-belt,https://buddy.farm/i/steel-soap-belt/,icon_found,200,Steel Soap Belt,https://farmrpg.com/img/items/soapbelt.png,/img/items/soapbelt.png,soapbelt.png,2,,
Steel Vise,steel vise,steel-vise,https://buddy.farm/i/steel-vise/,icon_found,200,Steel Vise,https://farmrpg.com/img/items/199.png,/img/items/199.png,199.png,21,,
Steel Wire,steel wire,steel-wire,https://buddy.farm/i/steel-wire/,icon_found,200,Steel Wire,https://farmrpg.com/img/items/wire.png,/img/items/wire.png,wire.png,40,,
Step Ladder,step ladder,step-ladder,https://buddy.farm/i/step-ladder/,icon_found,200,Step Ladder,https://farmrpg.com/img/items/211.png,/img/items/211.png,211.png,19,,
Stingray,stingray,stingray,https://buddy.farm/i/stingray/,icon_found,200,Stingray,https://farmrpg.com/img/items/7831.PNG,/img/items/7831.PNG,7831.PNG,18,,
Stone,stone,stone,https://buddy.farm/i/stone/,icon_found,200,Stone,https://farmrpg.com/img/items/6174.PNG,/img/items/6174.PNG,6174.PNG,59,,
Stone Fragment,stone fragment,stone-fragment,https://buddy.farm/i/stone-fragment/,icon_found,200,Stone Fragment,https://farmrpg.com/img/items/stonefragment.png,/img/items/stonefragment.png,stonefragment.png,1,,
Stone Jelly,stone jelly,stone-jelly,https://buddy.farm/i/stone-jelly/,icon_found,200,Stone Jelly,https://farmrpg.com/img/items/stonejelly.png,/img/items/stonejelly.png,stonejelly.png,5,,
Stone Key,stone key,stone-key,https://buddy.farm/i/stone-key/,icon_found,200,Stone Key,https://farmrpg.com/img/items/stonekey2.png,/img/items/stonekey2.png,stonekey2.png,2,,
Stone Shell,stone shell,stone-shell,https://buddy.farm/i/stone-shell/,icon_found,200,Stone Shell,https://farmrpg.com/img/items/stoneshell.png,/img/items/stoneshell.png,stoneshell.png,2,,
Stones of Gallodor,stones of gallodor,stones-of-gallodor,https://buddy.farm/i/stones-of-gallodor/,icon_found,200,Stones of Gallodor,https://farmrpg.com/img/items/2606.png,/img/items/2606.png,2606.png,2,,
Strange Gem,strange gem,strange-gem,https://buddy.farm/i/strange-gem/,icon_found,200,Strange Gem,https://farmrpg.com/img/items/5167.png,/img/items/5167.png,5167.png,3,,
Strange Key 01,strange key 01,strange-key-01,https://buddy.farm/i/strange-key-01/,icon_found,200,Strange Key 01,https://farmrpg.com/img/items/strangekey.png,/img/items/strangekey.png,strangekey.png,2,,
Strange Letter,strange letter,strange-letter,https://buddy.farm/i/strange-letter/,icon_found,200,Strange Letter,https://farmrpg.com/img/items/7852.png,/img/items/7852.png,7852.png,22,,
Strange Mushroom,strange mushroom,strange-mushroom,https://buddy.farm/i/strange-mushroom/,icon_found,200,Strange Mushroom,https://farmrpg.com/img/items/smush.png,/img/items/smush.png,smush.png,6,,
Strange Ring,strange ring,strange-ring,https://buddy.farm/i/strange-ring/,icon_found,200,Strange Ring,https://farmrpg.com/img/items/onering.png,/img/items/onering.png,onering.png,14,,
Strange Temple Necklace,strange temple necklace,strange-temple-necklace,https://buddy.farm/i/strange-temple-necklace/,icon_found,200,Strange Temple Necklace,https://farmrpg.com/img/items/9419.png,/img/items/9419.png,9419.png,1,,
Straw,straw,straw,https://buddy.farm/i/straw/,icon_found,200,Straw,https://farmrpg.com/img/items/5908.png,/img/items/5908.png,5908.png,29,,
Strawberry Good Goods,strawberry good goods,strawberry-good-goods,https://buddy.farm/i/strawberry-good-goods/,icon_found,200,Strawberry Good Goods,https://farmrpg.com/img/items/strawberrycandy.png,/img/items/strawberrycandy.png,strawberrycandy.png,12,,
Striped Feather,striped feather,striped-feather,https://buddy.farm/i/striped-feather/,icon_found,200,Striped Feather,https://farmrpg.com/img/items/6005.png,/img/items/6005.png,6005.png,18,,
Strong Paste,strong paste,strong-paste,https://buddy.farm/i/strong-paste/,icon_found,200,Strong Paste,https://farmrpg.com/img/items/strongpaste.png,/img/items/strongpaste.png,strongpaste.png,12,,
Sturdy Bow,sturdy bow,sturdy-bow,https://buddy.farm/i/sturdy-bow/,icon_found,200,Sturdy Bow,https://farmrpg.com/img/items/4765.png,/img/items/4765.png,4765.png,33,,
Sturdy Box,sturdy box,sturdy-box,https://buddy.farm/i/sturdy-box/,icon_found,200,Sturdy Box,https://farmrpg.com/img/items/5812.PNG,/img/items/5812.PNG,5812.PNG,16,,
Sturdy Pickaxe,sturdy pickaxe,sturdy-pickaxe,https://buddy.farm/i/sturdy-pickaxe/,icon_found,200,Sturdy Pickaxe,https://farmrpg.com/img/items/sturdypickaxe.png,/img/items/sturdypickaxe.png,sturdypickaxe.png,9,,
Sturdy Saw,sturdy saw,sturdy-saw,https://buddy.farm/i/sturdy-saw/,icon_found,200,Sturdy Saw,https://farmrpg.com/img/items/318.png,/img/items/318.png,318.png,2,,
Sturdy Shield,sturdy shield,sturdy-shield,https://buddy.farm/i/sturdy-shield/,icon_found,200,Sturdy Shield,https://farmrpg.com/img/items/5847.png,/img/items/5847.png,5847.png,22,,
Sturdy Sword,sturdy sword,sturdy-sword,https://buddy.farm/i/sturdy-sword/,icon_found,200,Sturdy Sword,https://farmrpg.com/img/items/8927.png?1,/img/items/8927.png,8927.png,27,,
Sugar Cane,sugar cane,sugar-cane,https://buddy.farm/i/sugar-cane/,icon_found,200,Sugar Cane,https://farmrpg.com/img/items/scane.png,/img/items/scane.png,scane.png,5,,
Sugar Cane Seeds,sugar cane seeds,sugar-cane-seeds,https://buddy.farm/i/sugar-cane-seeds/,icon_found,200,Sugar Cane Seeds,https://farmrpg.com/img/items/scane_seeds.png,/img/items/scane_seeds.png,scane_seeds.png,2,,
Sugar Cube,sugar cube,sugar-cube,https://buddy.farm/i/sugar-cube/,icon_found,200,Sugar Cube,https://farmrpg.com/img/items/sugar_cube.png,/img/items/sugar_cube.png,sugar_cube.png,9,,
Summer Basket,summer basket,summer-basket,https://buddy.farm/i/summer-basket/,icon_found,200,Summer Basket,https://farmrpg.com/img/items/basket.png,/img/items/basket.png,basket.png,15,,
Sun Shades,sun shades,sun-shades,https://buddy.farm/i/sun-shades/,icon_found,200,Sun Shades,https://farmrpg.com/img/items/4221.png,/img/items/4221.png,4221.png,4,,
Sunfish,sunfish,sunfish,https://buddy.farm/i/sunfish/,icon_found,200,Sunfish,https://farmrpg.com/img/items/7802.png,/img/items/7802.png,7802.png,7,,
Sunflower,sunflower,sunflower,https://buddy.farm/i/sunflower/,icon_found,200,Sunflower,https://farmrpg.com/img/items/sunflower.png,/img/items/sunflower.png,sunflower.png,34,,
Sunflower Oil,sunflower oil,sunflower-oil,https://buddy.farm/i/sunflower-oil/,icon_found,200,Sunflower Oil,https://farmrpg.com/img/items/nj_985.png,/img/items/nj_985.png,nj_985.png,25,,
Sunflower Seeds,sunflower seeds,sunflower-seeds,https://buddy.farm/i/sunflower-seeds/,icon_found,200,Sunflower Seeds,https://farmrpg.com/img/items/seeds_sunflower.png,/img/items/seeds_sunflower.png,seeds_sunflower.png,4,,
Sunscreen,sunscreen,sunscreen,https://buddy.farm/i/sunscreen/,icon_found,200,Sunscreen,https://farmrpg.com/img/items/sunscreen.png,/img/items/sunscreen.png,sunscreen.png,4,,
Sunstone,sunstone,sunstone,https://buddy.farm/i/sunstone/,icon_found,200,Sunstone,https://farmrpg.com/img/items/sunstone.png,/img/items/sunstone.png,sunstone.png,1,,
Supply Bag 01,supply bag 01,supply-bag-01,https://buddy.farm/i/supply-bag-01/,icon_found,200,Supply Bag 01,https://farmrpg.com/img/items/BagsAndBoxes_30_t.png,/img/items/BagsAndBoxes_30_t.png,BagsAndBoxes_30_t.png,6,,
Supply Bag 02,supply bag 02,supply-bag-02,https://buddy.farm/i/supply-bag-02/,icon_found,200,Supply Bag 02,https://farmrpg.com/img/items/BagsAndBoxes_30_t.png,/img/items/BagsAndBoxes_30_t.png,BagsAndBoxes_30_t.png,5,,
Supply Crate 01,supply crate 01,supply-crate-01,https://buddy.farm/i/supply-crate-01/,icon_found,200,Supply Crate 01,https://farmrpg.com/img/items/BagsAndBoxes_17_t.png,/img/items/BagsAndBoxes_17_t.png,BagsAndBoxes_17_t.png,7,,
Supply Crate 02,supply crate 02,supply-crate-02,https://buddy.farm/i/supply-crate-02/,icon_found,200,Supply Crate 02,https://farmrpg.com/img/items/BagsAndBoxes_17_t.png,/img/items/BagsAndBoxes_17_t.png,BagsAndBoxes_17_t.png,7,,
Supply Voucher,supply voucher,supply-voucher,https://buddy.farm/i/supply-voucher/,icon_found,200,Supply Voucher,https://farmrpg.com/img/items/voucher.png,/img/items/voucher.png,voucher.png,6,,
Support's Ticket,support's ticket,support-s-ticket,https://buddy.farm/i/support-s-ticket/,icon_found,200,Support&#x27;s Ticket,https://farmrpg.com/img/items/sticket.png,/img/items/sticket.png,sticket.png,2,,
Swamp Algae,swamp algae,swamp-algae,https://buddy.farm/i/swamp-algae/,icon_found,200,Swamp Algae,https://farmrpg.com/img/items/3342.png,/img/items/3342.png,3342.png,1,,
Swamp Gourd,swamp gourd,swamp-gourd,https://buddy.farm/i/swamp-gourd/,icon_found,200,Swamp Gourd,https://farmrpg.com/img/items/finp_382.png,/img/items/finp_382.png,finp_382.png,1,,
Swamp Puzzle,swamp puzzle,swamp-puzzle,https://buddy.farm/i/swamp-puzzle/,icon_found,200,Swamp Puzzle,https://farmrpg.com/img/items/puzzle3.png,/img/items/puzzle3.png,puzzle3.png,17,,
Swamp Thistle,swamp thistle,swamp-thistle,https://buddy.farm/i/swamp-thistle/,icon_found,200,Swamp Thistle,https://farmrpg.com/img/items/finp_634.png,/img/items/finp_634.png,finp_634.png,2,,
Sweet Root,sweet root,sweet-root,https://buddy.farm/i/sweet-root/,icon_found,200,Sweet Root,https://farmrpg.com/img/items/5685.png,/img/items/5685.png,5685.png,21,,
Swordfish,swordfish,swordfish,https://buddy.farm/i/swordfish/,icon_found,200,Swordfish,https://farmrpg.com/img/items/4899.png,/img/items/4899.png,4899.png,8,,
Tackle Box,tackle box,tackle-box,https://buddy.farm/i/tackle-box/,icon_found,200,Tackle Box,https://farmrpg.com/img/items/7847.png,/img/items/7847.png,7847.png,12,,
Taco,taco,taco,https://buddy.farm/i/taco/,icon_found,200,Taco,https://farmrpg.com/img/items/taco.png,/img/items/taco.png,taco.png,8,,
Taffy,taffy,taffy,https://buddy.farm/i/taffy/,icon_found,200,Taffy,https://farmrpg.com/img/items/candy_t_11.png,/img/items/candy_t_11.png,candy_t_11.png,40,,
Tanooki Buddy Doll,tanooki buddy doll,tanooki-buddy-doll,https://buddy.farm/i/tanooki-buddy-doll/,icon_found,200,Tanooki Buddy Doll,https://farmrpg.com/img/items/tanooki_buddy_doll.png,/img/items/tanooki_buddy_doll.png,tanooki_buddy_doll.png,2,,
Tea Leaves,tea leaves,tea-leaves,https://buddy.farm/i/tea-leaves/,icon_found,200,Tea Leaves,https://farmrpg.com/img/items/5600.png,/img/items/5600.png,5600.png,28,,
Teapot,teapot,teapot,https://buddy.farm/i/teapot/,icon_found,200,Teapot,https://farmrpg.com/img/items/teapot.png,/img/items/teapot.png,teapot.png,19,,
Teddy Bear,teddy bear,teddy-bear,https://buddy.farm/i/teddy-bear/,icon_found,200,Teddy Bear,https://farmrpg.com/img/items/17_sm.png,/img/items/17_sm.png,17_sm.png,18,,
Tenfoo's Lost Sock,tenfoo's lost sock,tenfoo-s-lost-sock,https://buddy.farm/i/tenfoo-s-lost-sock/,icon_found,200,Tenfoo&#x27;s Lost Sock,https://farmrpg.com/img/items/sock.png,/img/items/sock.png,sock.png,2,,
Thank You Card,thank you card,thank-you-card,https://buddy.farm/i/thank-you-card/,icon_found,200,Thank You Card,https://farmrpg.com/img/items/card_thankyou.png,/img/items/card_thankyou.png,card_thankyou.png,7,,
Thankful Notes,thankful notes,thankful-notes,https://buddy.farm/i/thankful-notes/,icon_found,200,Thankful Notes,https://farmrpg.com/img/items/2379.png,/img/items/2379.png,2379.png,6,,
Thomas Bobblehead,thomas bobblehead,thomas-bobblehead,https://buddy.farm/i/thomas-bobblehead/,icon_found,200,Thomas Bobblehead,https://farmrpg.com/img/items/bobble_thomas.png,/img/items/bobble_thomas.png,bobble_thomas.png,2,,
Thomas's Cat's Meow,thomas's cat's meow,thomas-s-cat-s-meow,https://buddy.farm/i/thomas-s-cat-s-meow/,icon_found,200,Thomas&#x27;s Cat&#x27;s Meow,https://farmrpg.com/img/items/recipe.png,/img/items/recipe.png,recipe.png,3,,
Thomas's Cup of PB,thomas's cup of pb,thomas-s-cup-of-pb,https://buddy.farm/i/thomas-s-cup-of-pb/,icon_found,200,Thomas&#x27;s Cup of PB,https://farmrpg.com/img/items/pbcup.png,/img/items/pbcup.png,pbcup.png,4,,
Thomas's Tavern Tote,thomas's tavern tote,thomas-s-tavern-tote,https://buddy.farm/i/thomas-s-tavern-tote/,icon_found,200,Thomas&#x27;s Tavern Tote,https://farmrpg.com/img/items/7307.png,/img/items/7307.png,7307.png,12,,
Thorns,thorns,thorns,https://buddy.farm/i/thorns/,icon_found,200,Thorns,https://farmrpg.com/img/items/ForestIcons_15_t.png,/img/items/ForestIcons_15_t.png,ForestIcons_15_t.png,18,,
Tie Dye Scarf,tie dye scarf,tie-dye-scarf,https://buddy.farm/i/tie-dye-scarf/,icon_found,200,Tie Dye Scarf,https://farmrpg.com/img/items/tiedyescarf2.png,/img/items/tiedyescarf2.png,tiedyescarf2.png,9,,
Time Egg,time egg,time-egg,https://buddy.farm/i/time-egg/,icon_found,200,Time Egg,https://farmrpg.com/img/items/timeegg.png,/img/items/timeegg.png,timeegg.png,12,,
Tin Can,tin can,tin-can,https://buddy.farm/i/tin-can/,icon_found,200,Tin Can,https://farmrpg.com/img/items/198.png,/img/items/198.png,198.png,2,,
Tin Scraps,tin scraps,tin-scraps,https://buddy.farm/i/tin-scraps/,icon_found,200,Tin Scraps,https://farmrpg.com/img/items/tinscraps.png,/img/items/tinscraps.png,tinscraps.png,5,,
Toga Buddy Doll,toga buddy doll,toga-buddy-doll,https://buddy.farm/i/toga-buddy-doll/,icon_found,200,Toga Buddy Doll,https://farmrpg.com/img/items/toga_buddy_doll.png,/img/items/toga_buddy_doll.png,toga_buddy_doll.png,1,,
Toilet Paper,toilet paper,toilet-paper,https://buddy.farm/i/toilet-paper/,icon_found,200,Toilet Paper,https://farmrpg.com/img/items/bandages_t_01.png,/img/items/bandages_t_01.png,bandages_t_01.png,21,,
Tomato,tomato,tomato,https://buddy.farm/i/tomato/,icon_found,200,Tomato,https://farmrpg.com/img/items/8290.png,/img/items/8290.png,8290.png,38,,
Tomato Seeds,tomato seeds,tomato-seeds,https://buddy.farm/i/tomato-seeds/,icon_found,200,Tomato Seeds,https://farmrpg.com/img/items/seeds_tomato.png,/img/items/seeds_tomato.png,seeds_tomato.png,6,,
Tombstone,tombstone,tombstone,https://buddy.farm/i/tombstone/,icon_found,200,Tombstone,https://farmrpg.com/img/items/afk_9605.png,/img/items/afk_9605.png,afk_9605.png,1,,
Toothbrush,toothbrush,toothbrush,https://buddy.farm/i/toothbrush/,icon_found,200,Toothbrush,https://farmrpg.com/img/items/brush_t_01.png,/img/items/brush_t_01.png,brush_t_01.png,3,,
Torch Fish,torch fish,torch-fish,https://buddy.farm/i/torch-fish/,icon_found,200,Torch Fish,https://farmrpg.com/img/items/5147-2.png,/img/items/5147-2.png,5147-2.png,5,,
Tower Key,tower key,tower-key,https://buddy.farm/i/tower-key/,icon_found,200,Tower Key,https://farmrpg.com/img/items/7140.png,/img/items/7140.png,7140.png,2,,
Tower Prep Pack 01,tower prep pack 01,tower-prep-pack-01,https://buddy.farm/i/tower-prep-pack-01/,icon_found,200,Tower Prep Pack 01,https://farmrpg.com/img/items/1570.png,/img/items/1570.png,1570.png,14,,
Toxic Tendrils,toxic tendrils,toxic-tendrils,https://buddy.farm/i/toxic-tendrils/,icon_found,200,Toxic Tendrils,https://farmrpg.com/img/items/finp_476.png,/img/items/finp_476.png,finp_476.png,1,,
Transistor,transistor,transistor,https://buddy.farm/i/transistor/,icon_found,200,Transistor,https://farmrpg.com/img/items/9319.png,/img/items/9319.png,9319.png,10,,
Travel Voucher,travel voucher,travel-voucher,https://buddy.farm/i/travel-voucher/,icon_found,200,Travel Voucher,https://farmrpg.com/img/items/4876.png,/img/items/4876.png,4876.png,13,,
Treasure Chest,treasure chest,treasure-chest,https://buddy.farm/i/treasure-chest/,icon_found,200,Treasure Chest,https://farmrpg.com/img/items/4917.png,/img/items/4917.png,4917.png,32,,
Treasure Key,treasure key,treasure-key,https://buddy.farm/i/treasure-key/,icon_found,200,Treasure Key,https://farmrpg.com/img/items/7148.png,/img/items/7148.png,7148.png,60,,
Treat Bag 01,treat bag 01,treat-bag-01,https://buddy.farm/i/treat-bag-01/,icon_found,200,Treat Bag 01,https://farmrpg.com/img/items/bag_t_03.png,/img/items/bag_t_03.png,bag_t_03.png,31,,
Treat Bag 02,treat bag 02,treat-bag-02,https://buddy.farm/i/treat-bag-02/,icon_found,200,Treat Bag 02,https://farmrpg.com/img/items/bag_t_03.png,/img/items/bag_t_03.png,bag_t_03.png,30,,
Treat Bag 03,treat bag 03,treat-bag-03,https://buddy.farm/i/treat-bag-03/,icon_found,200,Treat Bag 03,https://farmrpg.com/img/items/bag_t_03.png,/img/items/bag_t_03.png,bag_t_03.png,25,,
Treat Bag 04,treat bag 04,treat-bag-04,https://buddy.farm/i/treat-bag-04/,icon_found,200,Treat Bag 04,https://farmrpg.com/img/items/bag_t_03.png,/img/items/bag_t_03.png,bag_t_03.png,15,,
Treat Bag 05,treat bag 05,treat-bag-05,https://buddy.farm/i/treat-bag-05/,icon_found,200,Treat Bag 05,https://farmrpg.com/img/items/bag_t_03.png,/img/items/bag_t_03.png,bag_t_03.png,15,,
Treat Bag 06,treat bag 06,treat-bag-06,https://buddy.farm/i/treat-bag-06/,icon_found,200,Treat Bag 06,https://farmrpg.com/img/items/bag_t_03.png,/img/items/bag_t_03.png,bag_t_03.png,13,,
Tribal Mask,tribal mask,tribal-mask,https://buddy.farm/i/tribal-mask/,icon_found,200,Tribal Mask,https://farmrpg.com/img/items/ForestIcons_19_t.png,/img/items/ForestIcons_19_t.png,ForestIcons_19_t.png,2,,
Tribal Staff,tribal staff,tribal-staff,https://buddy.farm/i/tribal-staff/,icon_found,200,Tribal Staff,https://farmrpg.com/img/items/3972.png,/img/items/3972.png,3972.png,11,,
Trident of Poseidon,trident of poseidon,trident-of-poseidon,https://buddy.farm/i/trident-of-poseidon/,icon_found,200,Trident of Poseidon,https://farmrpg.com/img/items/trident.png,/img/items/trident.png,trident.png,2,,
Trigon Knot,trigon knot,trigon-knot,https://buddy.farm/i/trigon-knot/,icon_found,200,Trigon Knot,https://farmrpg.com/img/items/3179.png,/img/items/3179.png,3179.png,2,,
Trout,trout,trout,https://buddy.farm/i/trout/,icon_found,200,Trout,https://farmrpg.com/img/items/trout.png,/img/items/trout.png,trout.png,25,,
Turkey Buddy Doll,turkey buddy doll,turkey-buddy-doll,https://buddy.farm/i/turkey-buddy-doll/,icon_found,200,Turkey Buddy Doll,https://farmrpg.com/img/items/tbuddy.png,/img/items/tbuddy.png,tbuddy.png,2,,
Twine,twine,twine,https://buddy.farm/i/twine/,icon_found,200,Twine,https://farmrpg.com/img/items/6172-1.png,/img/items/6172-1.png,6172-1.png,73,,
Two Hearts Belt,two hearts belt,two-hearts-belt,https://buddy.farm/i/two-hearts-belt/,icon_found,200,Two Hearts Belt,https://farmrpg.com/img/items/valbelt.png,/img/items/valbelt.png,valbelt.png,2,,
U'ral Talisman,u'ral talisman,u-ral-talisman,https://buddy.farm/i/u-ral-talisman/,icon_found,200,U&#x27;ral Talisman,https://farmrpg.com/img/items/viri_3731.png,/img/items/viri_3731.png,viri_3731.png,1,,
Ugly Buddy Sweater,ugly buddy sweater,ugly-buddy-sweater,https://buddy.farm/i/ugly-buddy-sweater/,icon_found,200,Ugly Buddy Sweater,https://farmrpg.com/img/items/ugly_sweater.png,/img/items/ugly_sweater.png,ugly_sweater.png,11,,
Uncle Sam Buddy Doll,uncle sam buddy doll,uncle-sam-buddy-doll,https://buddy.farm/i/uncle-sam-buddy-doll/,icon_found,200,Uncle Sam Buddy Doll,https://farmrpg.com/img/items/unclesambuddydoll.png,/img/items/unclesambuddydoll.png,unclesambuddydoll.png,1,,
Unicorn Key,unicorn key,unicorn-key,https://buddy.farm/i/unicorn-key/,icon_found,200,Unicorn Key,https://farmrpg.com/img/items/unicornkey.png,/img/items/unicornkey.png,unicornkey.png,1,,
Unpolished Aquacite,unpolished aquacite,unpolished-aquacite,https://buddy.farm/i/unpolished-aquacite/,icon_found,200,Unpolished Aquacite,https://farmrpg.com/img/items/1525.PNG,/img/items/1525.PNG,1525.PNG,2,,
Unpolished Emerald,unpolished emerald,unpolished-emerald,https://buddy.farm/i/unpolished-emerald/,icon_found,200,Unpolished Emerald,https://farmrpg.com/img/items/uemerald.png,/img/items/uemerald.png,uemerald.png,6,,
Unpolished Flarite,unpolished flarite,unpolished-flarite,https://buddy.farm/i/unpolished-flarite/,icon_found,200,Unpolished Flarite,https://farmrpg.com/img/items/uflarite.png,/img/items/uflarite.png,uflarite.png,2,,
Unpolished Garnet,unpolished garnet,unpolished-garnet,https://buddy.farm/i/unpolished-garnet/,icon_found,200,Unpolished Garnet,https://farmrpg.com/img/items/8030.png,/img/items/8030.png,8030.png,8,,
Unpolished Jade,unpolished jade,unpolished-jade,https://buddy.farm/i/unpolished-jade/,icon_found,200,Unpolished Jade,https://farmrpg.com/img/items/ujade.png,/img/items/ujade.png,ujade.png,19,,
Unpolished Pyrite,unpolished pyrite,unpolished-pyrite,https://buddy.farm/i/unpolished-pyrite/,icon_found,200,Unpolished Pyrite,https://farmrpg.com/img/items/upyrite.png,/img/items/upyrite.png,upyrite.png,2,,
Unpolished Ruby,unpolished ruby,unpolished-ruby,https://buddy.farm/i/unpolished-ruby/,icon_found,200,Unpolished Ruby,https://farmrpg.com/img/items/5992.png,/img/items/5992.png,5992.png,6,,
Unpolished Shimmer Stone,unpolished shimmer stone,unpolished-shimmer-stone,https://buddy.farm/i/unpolished-shimmer-stone/,icon_found,200,Unpolished Shimmer Stone,https://farmrpg.com/img/items/5782.PNG,/img/items/5782.PNG,5782.PNG,12,,
Unrefined Sugar,unrefined sugar,unrefined-sugar,https://buddy.farm/i/unrefined-sugar/,icon_found,200,Unrefined Sugar,https://farmrpg.com/img/items/unrefined_sugar.png,/img/items/unrefined_sugar.png,unrefined_sugar.png,1,,
Unusual Gem,unusual gem,unusual-gem,https://buddy.farm/i/unusual-gem/,icon_found,200,Unusual Gem,https://farmrpg.com/img/items/unusualgem.png,/img/items/unusualgem.png,unusualgem.png,2,,
Utal's Sabre,utal's sabre,utal-s-sabre,https://buddy.farm/i/utal-s-sabre/,icon_found,200,Utal&#x27;s Sabre,https://farmrpg.com/img/items/4902.png,/img/items/4902.png,4902.png,2,,
Vacation Buddy Doll,vacation buddy doll,vacation-buddy-doll,https://buddy.farm/i/vacation-buddy-doll/,icon_found,200,Vacation Buddy Doll,https://farmrpg.com/img/items/vacation_buddy_doll.png,/img/items/vacation_buddy_doll.png,vacation_buddy_doll.png,1,,
Valentines Card,valentines card,valentines-card,https://buddy.farm/i/valentines-card/,icon_found,200,Valentines Card,https://farmrpg.com/img/items/card_valentines.png,/img/items/card_valentines.png,card_valentines.png,30,,
Vampire Buddy Doll,vampire buddy doll,vampire-buddy-doll,https://buddy.farm/i/vampire-buddy-doll/,icon_found,200,Vampire Buddy Doll,https://farmrpg.com/img/items/vbuddy.png,/img/items/vbuddy.png,vbuddy.png,2,,
Veggie Juice,veggie juice,veggie-juice,https://buddy.farm/i/veggie-juice/,icon_found,200,Veggie Juice,https://farmrpg.com/img/items/8879.png,/img/items/8879.png,8879.png,14,,
Velocity Belt,velocity belt,velocity-belt,https://buddy.farm/i/velocity-belt/,icon_found,200,Velocity Belt,https://farmrpg.com/img/items/5310.png,/img/items/5310.png,5310.png,2,,
Vincent Bobblehead,vincent bobblehead,vincent-bobblehead,https://buddy.farm/i/vincent-bobblehead/,icon_found,200,Vincent Bobblehead,https://farmrpg.com/img/items/bobble_vincent.png,/img/items/bobble_vincent.png,bobble_vincent.png,2,,
Vincent's Sea Pincher Special,vincent's sea pincher special,vincent-s-sea-pincher-special,https://buddy.farm/i/vincent-s-sea-pincher-special/,icon_found,200,Vincent&#x27;s Sea Pincher Special,https://farmrpg.com/img/items/recipe.png,/img/items/recipe.png,recipe.png,3,,
VIP Card,vip card,vip-card,https://buddy.farm/i/vip-card/,icon_found,200,VIP Card,https://farmrpg.com/img/items/vipcard.png,/img/items/vipcard.png,vipcard.png,1,,
VIP Platinum Card,vip platinum card,vip-platinum-card,https://buddy.farm/i/vip-platinum-card/,icon_found,200,VIP Platinum Card,https://farmrpg.com/img/items/vipcard2.png,/img/items/vipcard2.png,vipcard2.png,2,,
Vixen,vixen,vixen,https://buddy.farm/i/vixen/,icon_found,200,Vixen,https://farmrpg.com/img/items/vixen.png,/img/items/vixen.png,vixen.png,7,,
Void Bag 01,void bag 01,void-bag-01,https://buddy.farm/i/void-bag-01/,icon_found,200,Void Bag 01,https://farmrpg.com/img/items/voidbag.png,/img/items/voidbag.png,voidbag.png,72,,
Waffle,waffle,waffle,https://buddy.farm/i/waffle/,icon_found,200,Waffle,https://farmrpg.com/img/items/1588.png,/img/items/1588.png,1588.png,2,,
Wagon Wheel,wagon wheel,wagon-wheel,https://buddy.farm/i/wagon-wheel/,icon_found,200,Wagon Wheel,https://farmrpg.com/img/items/wheel.png,/img/items/wheel.png,wheel.png,27,,
Wampa Buddy Doll,wampa buddy doll,wampa-buddy-doll,https://buddy.farm/i/wampa-buddy-doll/,icon_found,200,Wampa Buddy Doll,https://farmrpg.com/img/items/wampabuddydoll.png,/img/items/wampabuddydoll.png,wampabuddydoll.png,1,,
Water Bottle,water bottle,water-bottle,https://buddy.farm/i/water-bottle/,icon_found,200,Water Bottle,https://farmrpg.com/img/items/water_t_01.png,/img/items/water_t_01.png,water_t_01.png,11,,
Water Lily,water lily,water-lily,https://buddy.farm/i/water-lily/,icon_found,200,Water Lily,https://farmrpg.com/img/items/3258.png,/img/items/3258.png,3258.png,32,,
Water Orb,water orb,water-orb,https://buddy.farm/i/water-orb/,icon_found,200,Water Orb,https://farmrpg.com/img/items/2324.png?1,/img/items/2324.png,2324.png,2,,
Watermelon,watermelon,watermelon,https://buddy.farm/i/watermelon/,icon_found,200,Watermelon,https://farmrpg.com/img/items/8293.png,/img/items/8293.png,8293.png,31,,
Watermelon Seeds,watermelon seeds,watermelon-seeds,https://buddy.farm/i/watermelon-seeds/,icon_found,200,Watermelon Seeds,https://farmrpg.com/img/items/seeds_watermelon.png,/img/items/seeds_watermelon.png,seeds_watermelon.png,16,,
Wax Candle,wax candle,wax-candle,https://buddy.farm/i/wax-candle/,icon_found,200,Wax Candle,https://farmrpg.com/img/items/candle.png,/img/items/candle.png,candle.png,19,,
We Know Card,we know card,we-know-card,https://buddy.farm/i/we-know-card/,icon_found,200,We Know Card,https://farmrpg.com/img/items/card_weknow.png?12,/img/items/card_weknow.png,card_weknow.png,2,,
Welcome Card,welcome card,welcome-card,https://buddy.farm/i/welcome-card/,icon_found,200,Welcome Card,https://farmrpg.com/img/items/card_welcome.png,/img/items/card_welcome.png,card_welcome.png,12,,
Werewolf Buddy Doll,werewolf buddy doll,werewolf-buddy-doll,https://buddy.farm/i/werewolf-buddy-doll/,icon_found,200,Werewolf Buddy Doll,https://farmrpg.com/img/items/wbuddy.png,/img/items/wbuddy.png,wbuddy.png,2,,
Wheat,wheat,wheat,https://buddy.farm/i/wheat/,icon_found,200,Wheat,https://farmrpg.com/img/items/8249.png,/img/items/8249.png,8249.png,23,,
Wheat Seeds,wheat seeds,wheat-seeds,https://buddy.farm/i/wheat-seeds/,icon_found,200,Wheat Seeds,https://farmrpg.com/img/items/seeds_wheet.png,/img/items/seeds_wheet.png,seeds_wheet.png,7,,
Whistle,whistle,whistle,https://buddy.farm/i/whistle/,icon_found,200,Whistle,https://farmrpg.com/img/items/whistle_t_01.PNG,/img/items/whistle_t_01.PNG,whistle_t_01.PNG,2,,
White Cloak,white cloak,white-cloak,https://buddy.farm/i/white-cloak/,icon_found,200,White Cloak,https://farmrpg.com/img/items/whitecloak.png,/img/items/whitecloak.png,whitecloak.png,6,,
White Dye,white dye,white-dye,https://buddy.farm/i/white-dye/,icon_found,200,White Dye,https://farmrpg.com/img/items/whitedye.png,/img/items/whitedye.png,whitedye.png,9,,
White Flowers,white flowers,white-flowers,https://buddy.farm/i/white-flowers/,icon_found,200,White Flowers,https://farmrpg.com/img/items/wflowers.png,/img/items/wflowers.png,wflowers.png,12,,
White Parchment,white parchment,white-parchment,https://buddy.farm/i/white-parchment/,icon_found,200,White Parchment,https://farmrpg.com/img/items/whiteparchment.png,/img/items/whiteparchment.png,whiteparchment.png,29,,
White Purse,white purse,white-purse,https://buddy.farm/i/white-purse/,icon_found,200,White Purse,https://farmrpg.com/img/items/whitepurse.png,/img/items/whitepurse.png,whitepurse.png,4,,
White Scarf,white scarf,white-scarf,https://buddy.farm/i/white-scarf/,icon_found,200,White Scarf,https://farmrpg.com/img/items/whitescarf.png,/img/items/whitescarf.png,whitescarf.png,4,,
White Shirt,white shirt,white-shirt,https://buddy.farm/i/white-shirt/,icon_found,200,White Shirt,https://farmrpg.com/img/items/whiteshirt.png,/img/items/whiteshirt.png,whiteshirt.png,5,,
White Sugar,white sugar,white-sugar,https://buddy.farm/i/white-sugar/,icon_found,200,White Sugar,https://farmrpg.com/img/items/sugar-white.png,/img/items/sugar-white.png,sugar-white.png,10,,
White Truffle,white truffle,white-truffle,https://buddy.farm/i/white-truffle/,icon_found,200,White Truffle,https://farmrpg.com/img/items/whitetruffle.png,/img/items/whitetruffle.png,whitetruffle.png,5,,
White Twine,white twine,white-twine,https://buddy.farm/i/white-twine/,icon_found,200,White Twine,https://farmrpg.com/img/items/whitetwine.png,/img/items/whitetwine.png,whitetwine.png,4,,
Wine,wine,wine,https://buddy.farm/i/wine/,icon_found,200,Wine,https://farmrpg.com/img/items/wine.png,/img/items/wine.png,wine.png,41,,
Winged Amulet,winged amulet,winged-amulet,https://buddy.farm/i/winged-amulet/,icon_found,200,Winged Amulet,https://farmrpg.com/img/items/7422.png,/img/items/7422.png,7422.png,4,,
Winter Basket,winter basket,winter-basket,https://buddy.farm/i/winter-basket/,icon_found,200,Winter Basket,https://farmrpg.com/img/items/winterbasket.png?2,/img/items/winterbasket.png,winterbasket.png,14,,
Wishbone Necklace,wishbone necklace,wishbone-necklace,https://buddy.farm/i/wishbone-necklace/,icon_found,200,Wishbone Necklace,https://farmrpg.com/img/items/wishbone.png,/img/items/wishbone.png,wishbone.png,2,,
Witch Hat,witch hat,witch-hat,https://buddy.farm/i/witch-hat/,icon_found,200,Witch Hat,https://farmrpg.com/img/items/hat_t_02.png,/img/items/hat_t_02.png,hat_t_02.png,31,,
Witch's Brew,witch's brew,witch-s-brew,https://buddy.farm/i/witch-s-brew/,icon_found,200,Witch&#x27;s Brew,https://farmrpg.com/img/items/pot_t_01.png,/img/items/pot_t_01.png,pot_t_01.png,17,,
Witch's Broom,witch's broom,witch-s-broom,https://buddy.farm/i/witch-s-broom/,icon_found,200,Witch&#x27;s Broom,https://farmrpg.com/img/items/broom_t_01.png,/img/items/broom_t_01.png,broom_t_01.png,10,,
Wizard Hat,wizard hat,wizard-hat,https://buddy.farm/i/wizard-hat/,icon_found,200,Wizard Hat,https://farmrpg.com/img/items/4798.png,/img/items/4798.png,4798.png,61,,
Wizard's Second Favorite Feather,wizard's second favorite feather,wizard-s-second-favorite-feather,https://buddy.farm/i/wizard-s-second-favorite-feather/,icon_found,200,Wizard&#x27;s Second Favorite Feather,https://farmrpg.com/img/items/magicfeather.png?1,/img/items/magicfeather.png,magicfeather.png,2,,
Wood,wood,wood,https://buddy.farm/i/wood/,icon_found,200,Wood,https://farmrpg.com/img/items/6143.PNG,/img/items/6143.PNG,6143.PNG,55,,
Wooden Barrel,wooden barrel,wooden-barrel,https://buddy.farm/i/wooden-barrel/,icon_found,200,Wooden Barrel,https://farmrpg.com/img/items/5829.PNG,/img/items/5829.PNG,5829.PNG,42,,
Wooden Bow,wooden bow,wooden-bow,https://buddy.farm/i/wooden-bow/,icon_found,200,Wooden Bow,https://farmrpg.com/img/items/4764.png,/img/items/4764.png,4764.png,12,,
Wooden Box,wooden box,wooden-box,https://buddy.farm/i/wooden-box/,icon_found,200,Wooden Box,https://farmrpg.com/img/items/5736.PNG,/img/items/5736.PNG,5736.PNG,53,,
Wooden Button,wooden button,wooden-button,https://buddy.farm/i/wooden-button/,icon_found,200,Wooden Button,https://farmrpg.com/img/items/707.png,/img/items/707.png,707.png,10,,
Wooden Mask,wooden mask,wooden-mask,https://buddy.farm/i/wooden-mask/,icon_found,200,Wooden Mask,https://farmrpg.com/img/items/4880.png,/img/items/4880.png,4880.png,28,,
Wooden Pipe,wooden pipe,wooden-pipe,https://buddy.farm/i/wooden-pipe/,icon_found,200,Wooden Pipe,https://farmrpg.com/img/items/4910.png?1,/img/items/4910.png,4910.png,8,,
Wooden Plank,wooden plank,wooden-plank,https://buddy.farm/i/wooden-plank/,icon_found,200,Wooden Plank,https://farmrpg.com/img/items/5733.PNG,/img/items/5733.PNG,5733.PNG,63,,
Wooden Shield,wooden shield,wooden-shield,https://buddy.farm/i/wooden-shield/,icon_found,200,Wooden Shield,https://farmrpg.com/img/items/5822.PNG,/img/items/5822.PNG,5822.PNG,20,,
Wooden Spear,wooden spear,wooden-spear,https://buddy.farm/i/wooden-spear/,icon_found,200,Wooden Spear,https://farmrpg.com/img/items/spear.png,/img/items/spear.png,spear.png,7,,
Wooden Sword,wooden sword,wooden-sword,https://buddy.farm/i/wooden-sword/,icon_found,200,Wooden Sword,https://farmrpg.com/img/items/sword2.png,/img/items/sword2.png,sword2.png,17,,
Wooden Table,wooden table,wooden-table,https://buddy.farm/i/wooden-table/,icon_found,200,Wooden Table,https://farmrpg.com/img/items/3826.png,/img/items/3826.png,3826.png,22,,
World Globe,world globe,world-globe,https://buddy.farm/i/world-globe/,icon_found,200,World Globe,https://farmrpg.com/img/items/globe.png,/img/items/globe.png,globe.png,2,,
Worms,worms,worms,https://buddy.farm/i/worms/,icon_found,200,Worms,https://farmrpg.com/img/items/7758.png,/img/items/7758.png,7758.png,54,,
Wrench,wrench,wrench,https://buddy.farm/i/wrench/,icon_found,200,Wrench,https://farmrpg.com/img/items/9310.png,/img/items/9310.png,9310.png,15,,
Y73841 Blueprint,y73841 blueprint,y73841-blueprint,https://buddy.farm/i/y73841-blueprint/,icon_found,200,Y73841 Blueprint,https://farmrpg.com/img/items/7793.png,/img/items/7793.png,7793.png,3,,
Y73841 Detector,y73841 detector,y73841-detector,https://buddy.farm/i/y73841-detector/,icon_found,200,Y73841 Detector,https://farmrpg.com/img/items/9304.png,/img/items/9304.png,9304.png,9,,
Yarn,yarn,yarn,https://buddy.farm/i/yarn/,icon_found,200,Yarn,https://farmrpg.com/img/items/pt_t_07.png,/img/items/pt_t_07.png,pt_t_07.png,31,,
Yellow Bag,yellow bag,yellow-bag,https://buddy.farm/i/yellow-bag/,icon_found,200,Yellow Bag,https://farmrpg.com/img/items/yellowbag.png,/img/items/yellowbag.png,yellowbag.png,4,,
Yellow Butterfly,yellow butterfly,yellow-butterfly,https://buddy.farm/i/yellow-butterfly/,icon_found,200,Yellow Butterfly,https://farmrpg.com/img/items/yellowbutterfly.png,/img/items/yellowbutterfly.png,yellowbutterfly.png,6,,
Yellow Dye,yellow dye,yellow-dye,https://buddy.farm/i/yellow-dye/,icon_found,200,Yellow Dye,https://farmrpg.com/img/items/yellowdye.png,/img/items/yellowdye.png,yellowdye.png,12,,
Yellow Flowers,yellow flowers,yellow-flowers,https://buddy.farm/i/yellow-flowers/,icon_found,200,Yellow Flowers,https://farmrpg.com/img/items/yflowers.png,/img/items/yflowers.png,yflowers.png,15,,
Yellow Ornament,yellow ornament,yellow-ornament,https://buddy.farm/i/yellow-ornament/,icon_found,200,Yellow Ornament,https://farmrpg.com/img/items/cr_t_03_e.png,/img/items/cr_t_03_e.png,cr_t_03_e.png,9,,
Yellow Perch,yellow perch,yellow-perch,https://buddy.farm/i/yellow-perch/,icon_found,200,Yellow Perch,https://farmrpg.com/img/items/yellowperch.png,/img/items/yellowperch.png,yellowperch.png,17,,
Yellow Purse,yellow purse,yellow-purse,https://buddy.farm/i/yellow-purse/,icon_found,200,Yellow Purse,https://farmrpg.com/img/items/yellowpurse.png,/img/items/yellowpurse.png,yellowpurse.png,4,,
Yellow Scarf,yellow scarf,yellow-scarf,https://buddy.farm/i/yellow-scarf/,icon_found,200,Yellow Scarf,https://farmrpg.com/img/items/yellowscarf.png,/img/items/yellowscarf.png,yellowscarf.png,4,,
Yellow Shirt,yellow shirt,yellow-shirt,https://buddy.farm/i/yellow-shirt/,icon_found,200,Yellow Shirt,https://farmrpg.com/img/items/yellowshirt.png,/img/items/yellowshirt.png,yellowshirt.png,5,,
Yellow Twine,yellow twine,yellow-twine,https://buddy.farm/i/yellow-twine/,icon_found,200,Yellow Twine,https://farmrpg.com/img/items/yellowtwine.png,/img/items/yellowtwine.png,yellowtwine.png,4,,
Yellow Watermelon,yellow watermelon,yellow-watermelon,https://buddy.farm/i/yellow-watermelon/,icon_found,200,Yellow Watermelon,https://farmrpg.com/img/items/yellowwatermelon.png,/img/items/yellowwatermelon.png,yellowwatermelon.png,24,,
You Rock Card,you rock card,you-rock-card,https://buddy.farm/i/you-rock-card/,icon_found,200,You Rock Card,https://farmrpg.com/img/items/card_yourock.png,/img/items/card_yourock.png,card_yourock.png,12,,
YoYo,yoyo,yoyo,https://buddy.farm/i/yoyo/,icon_found,200,YoYo,https://farmrpg.com/img/items/yoyo.png,/img/items/yoyo.png,yoyo.png,4,,
Yule Goat,yule goat,yule-goat,https://buddy.farm/i/yule-goat/,icon_found,200,Yule Goat,https://farmrpg.com/img/items/yulegoatsm.png,/img/items/yulegoatsm.png,yulegoatsm.png,13,,
Zho's Dagger,zho's dagger,zho-s-dagger,https://buddy.farm/i/zho-s-dagger/,icon_found,200,Zho&#x27;s Dagger,https://farmrpg.com/img/items/4773.png,/img/items/4773.png,4773.png,5,,
Zombie Buddy Doll,zombie buddy doll,zombie-buddy-doll,https://buddy.farm/i/zombie-buddy-doll/,icon_found,200,Zombie Buddy Doll,https://farmrpg.com/img/items/zbuddy.png,/img/items/zbuddy.png,zbuddy.png,2,,