item_index,item_name,canonical_key,source_status,previous_museum_category,previous_category_key,previous_slot_index,obtainable,review_status,generated_buddy_slug,buddy_url,source_label,notes
1,Unpolished Aquacite,unpolished aquacite,existing_museum_completion_canon,Items,items,876,Y,source_parsed,unpolished-aquacite,https://buddy.farm/i/unpolished-aquacite/,2026-06-04 museum Library Everything export,Previously present in museum_completion_canon.csv; included for full current-universe Buddy evidence refresh.
2,Broccoli Seeds,broccoli seeds,existing_museum_completion_canon,Seeds,seeds,2,Y,source_parsed,broccoli-seeds,https://buddy.farm/i/broccoli-seeds/,2026-06-04 museum Library Everything export,Previously present in museum_completion_canon.csv; included for full current-universe Buddy evidence refresh.
3,Goldray,goldray,existing_museum_completion_canon,Fish,fish,47,Y,source_parsed,goldray,https://buddy.farm/i/goldray/,2026-06-04 museum Library Everything export,Previously present in museum_completion_canon.csv; included for full current-universe Buddy evidence refresh.
4,Sunflower Seeds,sunflower seeds,existing_museum_completion_canon,Seeds,seeds,30,Y,source_parsed,sunflower-seeds,https://buddy.farm/i/sunflower-seeds/,2026-06-04 museum Library Everything export,Previously present in museum_completion_canon.csv; included for full current-universe Buddy evidence refresh.
5,Glass Jar,glass jar,existing_museum_completion_canon,Items,items,371,Y,source_parsed,glass-jar,https://buddy.farm/i/glass-jar/,2026-06-04 museum Library Everything export,Previously present in museum_completion_canon.csv; included for full current-universe Buddy evidence refresh.
6,Eggs,eggs,existing_museum_completion_canon,Items,items,279,Y,source_parsed,eggs,https://buddy.farm/i/eggs/,2026-06-04 museum Library Everything export,Previously present in museum_completion_canon.csv; included for full current-universe Buddy evidence refresh.
7,Dragon Skull,dragon skull,existing_museum_completion_canon,Items,items,271,Y,source_parsed,dragon-skull,https://buddy.farm/i/dragon-skull/,2026-06-04 museum Library Everything export,Previously present in museum_completion_canon.csv; included for full current-universe Buddy evidence refresh.
8,Fish Biscuit,fish biscuit,existing_museum_completion_canon,Items,items,318,Y,source_parsed,fish-biscuit,https://buddy.farm/i/fish-biscuit/,2026-06-04 museum Library Everything export,Previously present in museum_completion_canon.csv; included for full current-universe Buddy evidence refresh.
9,Leather Waterskin,leather waterskin,existing_museum_completion_canon,Items,items,486,Y,source_parsed,leather-waterskin,https://buddy.farm/i/leather-waterskin/,2026-06-04 museum Library Everything export,Previously present in museum_completion_canon.csv; included for full current-universe Buddy evidence refresh.
10,Groundhog Buddy Doll,groundhog buddy doll,existing_museum_completion_canon,Items,items,417,Y,source_parsed,groundhog-buddy-doll,https://buddy.farm/i/groundhog-buddy-doll/,2026-06-04 museum Library Everything export,Previously present in museum_completion_canon.csv; included for full current-universe Buddy evidence refresh.
11,Garden Claw,garden claw,new_in_current_museum_export,,,,,reviewed_name_from_current_export,garden-claw,https://buddy.farm/i/garden-claw/,2026-06-04 museum Library Everything export,"New in current museum export; review sources, icons, recipes, and aliases before canonical promotion."
12,Ghost Jelly,ghost jelly,existing_museum_completion_canon,Items,items,363,Y,source_parsed,ghost-jelly,https://buddy.farm/i/ghost-jelly/,2026-06-04 museum Library Everything export,Previously present in museum_completion_canon.csv; included for full current-universe Buddy evidence refresh.
13,White Dye,white dye,existing_museum_completion_canon,Items,items,904,Y,source_parsed,white-dye,https://buddy.farm/i/white-dye/,2026-06-04 museum Library Everything export,Previously present in museum_completion_canon.csv; included for full current-universe Buddy evidence refresh.
14,Moonstone,moonstone,existing_museum_completion_canon,Items,items,539,Y,source_parsed,moonstone,https://buddy.farm/i/moonstone/,2026-06-04 museum Library Everything export,Previously present in museum_completion_canon.csv; included for full current-universe Buddy evidence refresh.
15,Crunchy Omelette,crunchy omelette,existing_museum_completion_canon,Event,event,61,Y,source_parsed,crunchy-omelette,https://buddy.farm/i/crunchy-omelette/,2026-06-04 museum Library Everything export,Previously present in museum_completion_canon.csv; included for full current-universe Buddy evidence refresh.
16,Certificate of Pine Giving,certificate of pine giving,existing_museum_completion_canon,Items,items,203,Y,source_parsed,certificate-of-pine-giving,https://buddy.farm/i/certificate-of-pine-giving/,2026-06-04 museum Library Everything export,Previously present in museum_completion_canon.csv; included for full current-universe Buddy evidence refresh.
17,Swordfish,swordfish,existing_museum_completion_canon,Fish,fish,95,Y,source_parsed,swordfish,https://buddy.farm/i/swordfish/,2026-06-04 museum Library Everything export,Previously present in museum_completion_canon.csv; included for full current-universe Buddy evidence refresh.
18,Concord Grape Pie,concord grape pie,existing_museum_completion_canon,Items,items,233,Y,source_parsed,concord-grape-pie,https://buddy.farm/i/concord-grape-pie/,2026-06-04 museum Library Everything export,Previously present in museum_completion_canon.csv; included for full current-universe Buddy evidence refresh.
19,Vixen,vixen,existing_museum_completion_canon,Event,event,253,Y,source_parsed,vixen,https://buddy.farm/i/vixen/,2026-06-04 museum Library Everything export,Previously present in museum_completion_canon.csv; included for full current-universe Buddy evidence refresh.
20,Amber,amber,existing_museum_completion_canon,Items,items,11,Y,source_parsed,amber,https://buddy.farm/i/amber/,2026-06-04 museum Library Everything export,Previously present in museum_completion_canon.csv; included for full current-universe Buddy evidence refresh.
21,Present 02,present 02,existing_museum_completion_canon,Items,items,636,Y,source_parsed,present-02,https://buddy.farm/i/present-02/,2026-06-04 museum Library Everything export,Previously present in museum_completion_canon.csv; included for full current-universe Buddy evidence refresh.
22,Party Horn,party horn,existing_museum_completion_canon,Items,items,585,Y,source_parsed,party-horn,https://buddy.farm/i/party-horn/,2026-06-04 museum Library Everything export,Previously present in museum_completion_canon.csv; included for full current-universe Buddy evidence refresh.
23,Flame Orb,flame orb,existing_museum_completion_canon,Items,items,321,Y,source_parsed,flame-orb,https://buddy.farm/i/flame-orb/,2026-06-04 museum Library Everything export,Previously present in museum_completion_canon.csv; included for full current-universe Buddy evidence refresh.
24,Teddy Bear,teddy bear,existing_museum_completion_canon,Event,event,239,Y,source_parsed,teddy-bear,https://buddy.farm/i/teddy-bear/,2026-06-04 museum Library Everything export,Previously present in museum_completion_canon.csv; included for full current-universe Buddy evidence refresh.
25,Thomas Bobblehead,thomas bobblehead,existing_museum_completion_canon,Items,items,852,Y,source_parsed,thomas-bobblehead,https://buddy.farm/i/thomas-bobblehead/,2026-06-04 museum Library Everything export,Previously present in museum_completion_canon.csv; included for full current-universe Buddy evidence refresh.
26,Peculiar Gem,peculiar gem,existing_museum_completion_canon,Items,items,592,N,source_parsed,peculiar-gem,https://buddy.farm/i/peculiar-gem/,2026-06-04 museum Library Everything export,Previously present in museum_completion_canon.csv; included for full current-universe Buddy evidence refresh.
27,Shark Tooth,shark tooth,existing_museum_completion_canon,Items,items,754,Y,source_parsed,shark-tooth,https://buddy.farm/i/shark-tooth/,2026-06-04 museum Library Everything export,Previously present in museum_completion_canon.csv; included for full current-universe Buddy evidence refresh.
28,Mystical Chest 01,mystical chest 01,existing_museum_completion_canon,Items,items,549,Y,source_parsed,mystical-chest-01,https://buddy.farm/i/mystical-chest-01/,2026-06-04 museum Library Everything export,Previously present in museum_completion_canon.csv; included for full current-universe Buddy evidence refresh.
29,Book of Maps,book of maps,existing_museum_completion_canon,Items,items,125,Y,source_parsed,book-of-maps,https://buddy.farm/i/book-of-maps/,2026-06-04 museum Library Everything export,Previously present in museum_completion_canon.csv; included for full current-universe Buddy evidence refresh.
30,Egg 03,egg 03,existing_museum_completion_canon,Event,event,71,Y,source_parsed,egg-03,https://buddy.farm/i/egg-03/,2026-06-04 museum Library Everything export,Previously present in museum_completion_canon.csv; included for full current-universe Buddy evidence refresh.
31,Large Chest 01,large chest 01,existing_museum_completion_canon,Items,items,474,Y,source_parsed,large-chest-01,https://buddy.farm/i/large-chest-01/,2026-06-04 museum Library Everything export,Previously present in museum_completion_canon.csv; included for full current-universe Buddy evidence refresh.
32,Borgen Buck,borgen buck,existing_museum_completion_canon,Items,items,131,Y,source_parsed,borgen-buck,https://buddy.farm/i/borgen-buck/,2026-06-04 museum Library Everything export,Previously present in museum_completion_canon.csv; included for full current-universe Buddy evidence refresh.
33,Apple Belt,apple belt,existing_museum_completion_canon,Items,items,23,Y,source_parsed,apple-belt,https://buddy.farm/i/apple-belt/,2026-06-04 museum Library Everything export,Previously present in museum_completion_canon.csv; included for full current-universe Buddy evidence refresh.
34,Gold Laurel,gold laurel,existing_museum_completion_canon,Items,items,383,Y,source_parsed,gold-laurel,https://buddy.farm/i/gold-laurel/,2026-06-04 museum Library Everything export,Previously present in museum_completion_canon.csv; included for full current-universe Buddy evidence refresh.
35,Fossilized Print,fossilized print,existing_museum_completion_canon,Items,items,329,Y,source_parsed,fossilized-print,https://buddy.farm/i/fossilized-print/,2026-06-04 museum Library Everything export,Previously present in museum_completion_canon.csv; included for full current-universe Buddy evidence refresh.
36,Buddy's Sleeping Cap,buddy's sleeping cap,existing_museum_completion_canon,Items,items,157,Y,source_parsed,buddy-s-sleeping-cap,https://buddy.farm/i/buddy-s-sleeping-cap/,2026-06-04 museum Library Everything export,Previously present in museum_completion_canon.csv; included for full current-universe Buddy evidence refresh.
37,Blue Feathers,blue feathers,existing_museum_completion_canon,Items,items,99,Y,source_parsed,blue-feathers,https://buddy.farm/i/blue-feathers/,2026-06-04 museum Library Everything export,Previously present in museum_completion_canon.csv; included for full current-universe Buddy evidence refresh.
38,Rune Dice,rune dice,existing_museum_completion_canon,Items,items,698,Y,source_parsed,rune-dice,https://buddy.farm/i/rune-dice/,2026-06-04 museum Library Everything export,Previously present in museum_completion_canon.csv; included for full current-universe Buddy evidence refresh.
39,Veggie Juice,veggie juice,existing_museum_completion_canon,Items,items,889,Y,source_parsed,veggie-juice,https://buddy.farm/i/veggie-juice/,2026-06-04 museum Library Everything export,Previously present in museum_completion_canon.csv; included for full current-universe Buddy evidence refresh.
40,Watermelon Seeds,watermelon seeds,existing_museum_completion_canon,Seeds,seeds,32,Y,source_parsed,watermelon-seeds,https://buddy.farm/i/watermelon-seeds/,2026-06-04 museum Library Everything export,Previously present in museum_completion_canon.csv; included for full current-universe Buddy evidence refresh.
41,Fancy Table,fancy table,existing_museum_completion_canon,Items,items,305,Y,source_parsed,fancy-table,https://buddy.farm/i/fancy-table/,2026-06-04 museum Library Everything export,Previously present in museum_completion_canon.csv; included for full current-universe Buddy evidence refresh.
42,Reaver Claw,reaver claw,existing_museum_completion_canon,Fish,fish,70,Y,source_parsed,reaver-claw,https://buddy.farm/i/reaver-claw/,2026-06-04 museum Library Everything export,Previously present in museum_completion_canon.csv; included for full current-universe Buddy evidence refresh.
43,Egg of Air,egg of air,existing_museum_completion_canon,Event,event,83,Y,source_parsed,egg-of-air,https://buddy.farm/i/egg-of-air/,2026-06-04 museum Library Everything export,Previously present in museum_completion_canon.csv; included for full current-universe Buddy evidence refresh.
44,Dino Buddy Doll,dino buddy doll,existing_museum_completion_canon,Items,items,268,Y,source_parsed,dino-buddy-doll,https://buddy.farm/i/dino-buddy-doll/,2026-06-04 museum Library Everything export,Previously present in museum_completion_canon.csv; included for full current-universe Buddy evidence refresh.
45,YoYo,yoyo,existing_museum_completion_canon,Items,items,944,Y,source_parsed,yoyo,https://buddy.farm/i/yoyo/,2026-06-04 museum Library Everything export,Previously present in museum_completion_canon.csv; included for full current-universe Buddy evidence refresh.
46,Shinefish,shinefish,existing_museum_completion_canon,Fish,fish,80,Y,source_parsed,shinefish,https://buddy.farm/i/shinefish/,2026-06-04 museum Library Everything export,Previously present in museum_completion_canon.csv; included for full current-universe Buddy evidence refresh.
47,Gold Boot,gold boot,existing_museum_completion_canon,Items,items,376,Y,source_parsed,gold-boot,https://buddy.farm/i/gold-boot/,2026-06-04 museum Library Everything export,Previously present in museum_completion_canon.csv; included for full current-universe Buddy evidence refresh.
48,Bunny Ears,bunny ears,existing_museum_completion_canon,Event,event,27,Y,source_parsed,bunny-ears,https://buddy.farm/i/bunny-ears/,2026-06-04 museum Library Everything export,Previously present in museum_completion_canon.csv; included for full current-universe Buddy evidence refresh.
49,Snow Shoes,snow shoes,existing_museum_completion_canon,Items,items,782,Y,source_parsed,snow-shoes,https://buddy.farm/i/snow-shoes/,2026-06-04 museum Library Everything export,Previously present in museum_completion_canon.csv; included for full current-universe Buddy evidence refresh.
50,Egg Basket,egg basket,existing_museum_completion_canon,Event,event,81,Y,source_parsed,egg-basket,https://buddy.farm/i/egg-basket/,2026-06-04 museum Library Everything export,Previously present in museum_completion_canon.csv; included for full current-universe Buddy evidence refresh.
51,Spooky Pie,spooky pie,existing_museum_completion_canon,Meals,meals,19,Y,source_parsed,spooky-pie,https://buddy.farm/i/spooky-pie/,2026-06-04 museum Library Everything export,Previously present in museum_completion_canon.csv; included for full current-universe Buddy evidence refresh.
52,Gold Apple,gold apple,existing_museum_completion_canon,Event,event,143,Y,source_parsed,gold-apple,https://buddy.farm/i/gold-apple/,2026-06-04 museum Library Everything export,Previously present in museum_completion_canon.csv; included for full current-universe Buddy evidence refresh.
53,Eggplant,eggplant,existing_museum_completion_canon,Crops,crops,8,Y,source_parsed,eggplant,https://buddy.farm/i/eggplant/,2026-06-04 museum Library Everything export,Previously present in museum_completion_canon.csv; included for full current-universe Buddy evidence refresh.
54,Odthorin's Charm,odthorin's charm,existing_museum_completion_canon,Items,items,562,Y,source_parsed,odthorin-s-charm,https://buddy.farm/i/odthorin-s-charm/,2026-06-04 museum Library Everything export,Previously present in museum_completion_canon.csv; included for full current-universe Buddy evidence refresh.
55,Drum,drum,existing_museum_completion_canon,Fish,fish,22,Y,source_parsed,drum,https://buddy.farm/i/drum/,2026-06-04 museum Library Everything export,Previously present in museum_completion_canon.csv; included for full current-universe Buddy evidence refresh.
56,Bug Bag 01,bug bag 01,existing_museum_completion_canon,Items,items,159,Y,source_parsed,bug-bag-01,https://buddy.farm/i/bug-bag-01/,2026-06-04 museum Library Everything export,Previously present in museum_completion_canon.csv; included for full current-universe Buddy evidence refresh.
57,Onyx Scorpion,onyx scorpion,existing_museum_completion_canon,Items,items,565,Y,source_parsed,onyx-scorpion,https://buddy.farm/i/onyx-scorpion/,2026-06-04 museum Library Everything export,Previously present in museum_completion_canon.csv; included for full current-universe Buddy evidence refresh.
58,Winter Basket,winter basket,existing_museum_completion_canon,Items,items,915,Y,source_parsed,winter-basket,https://buddy.farm/i/winter-basket/,2026-06-04 museum Library Everything export,Previously present in museum_completion_canon.csv; included for full current-universe Buddy evidence refresh.
59,Peas,peas,existing_museum_completion_canon,Crops,crops,24,Y,source_parsed,peas,https://buddy.farm/i/peas/,2026-06-04 museum Library Everything export,Previously present in museum_completion_canon.csv; included for full current-universe Buddy evidence refresh.
60,Blue Diamond Fish,blue diamond fish,new_in_current_museum_export,,,,,reviewed_name_from_current_export,blue-diamond-fish,https://buddy.farm/i/blue-diamond-fish/,2026-06-04 museum Library Everything export,"New in current museum export; review sources, icons, recipes, and aliases before canonical promotion."
61,Thank You Card,thank you card,existing_museum_completion_canon,Cards,cards,13,Y,source_parsed,thank-you-card,https://buddy.farm/i/thank-you-card/,2026-06-04 museum Library Everything export,Previously present in museum_completion_canon.csv; included for full current-universe Buddy evidence refresh.
62,Aquamarine Ring,aquamarine ring,existing_museum_completion_canon,Items,items,35,Y,source_parsed,aquamarine-ring,https://buddy.farm/i/aquamarine-ring/,2026-06-04 museum Library Everything export,Previously present in museum_completion_canon.csv; included for full current-universe Buddy evidence refresh.
63,Shrimp,shrimp,existing_museum_completion_canon,Fish,fish,81,Y,source_parsed,shrimp,https://buddy.farm/i/shrimp/,2026-06-04 museum Library Everything export,Previously present in museum_completion_canon.csv; included for full current-universe Buddy evidence refresh.
64,Jade Charm,jade charm,existing_museum_completion_canon,Items,items,457,Y,source_parsed,jade-charm,https://buddy.farm/i/jade-charm/,2026-06-04 museum Library Everything export,Previously present in museum_completion_canon.csv; included for full current-universe Buddy evidence refresh.
65,Egg of Water,egg of water,existing_museum_completion_canon,Event,event,91,Y,source_parsed,egg-of-water,https://buddy.farm/i/egg-of-water/,2026-06-04 museum Library Everything export,Previously present in museum_completion_canon.csv; included for full current-universe Buddy evidence refresh.
66,Eggypalchi,eggypalchi,new_in_current_museum_export,,,,,reviewed_name_from_current_export,eggypalchi,https://buddy.farm/i/eggypalchi/,2026-06-04 museum Library Everything export,"New in current museum export; review sources, icons, recipes, and aliases before canonical promotion."
67,Tea Leaves,tea leaves,existing_museum_completion_canon,Items,items,849,Y,source_parsed,tea-leaves,https://buddy.farm/i/tea-leaves/,2026-06-04 museum Library Everything export,Previously present in museum_completion_canon.csv; included for full current-universe Buddy evidence refresh.
68,Bat Wing,bat wing,existing_museum_completion_canon,Event,event,9,Y,source_parsed,bat-wing,https://buddy.farm/i/bat-wing/,2026-06-04 museum Library Everything export,Previously present in museum_completion_canon.csv; included for full current-universe Buddy evidence refresh.
69,Event Token Purse,event token purse,existing_museum_completion_canon,Items,items,289,Y,source_parsed,event-token-purse,https://buddy.farm/i/event-token-purse/,2026-06-04 museum Library Everything export,Previously present in museum_completion_canon.csv; included for full current-universe Buddy evidence refresh.
70,Corn Prize Bag,corn prize bag,existing_museum_completion_canon,Items,items,243,Y,source_parsed,corn-prize-bag,https://buddy.farm/i/corn-prize-bag/,2026-06-04 museum Library Everything export,Previously present in museum_completion_canon.csv; included for full current-universe Buddy evidence refresh.
71,Belt of Menace,belt of menace,existing_museum_completion_canon,Items,items,76,Y,source_parsed,belt-of-menace,https://buddy.farm/i/belt-of-menace/,2026-06-04 museum Library Everything export,Previously present in museum_completion_canon.csv; included for full current-universe Buddy evidence refresh.
72,Coderanger's Missing Semicolon,coderanger's missing semicolon,existing_museum_completion_canon,Items,items,229,Y,source_parsed,coderanger-s-missing-semicolon,https://buddy.farm/i/coderanger-s-missing-semicolon/,2026-06-04 museum Library Everything export,Previously present in museum_completion_canon.csv; included for full current-universe Buddy evidence refresh.
73,Globber,globber,existing_museum_completion_canon,Fish,fish,32,Y,source_parsed,globber,https://buddy.farm/i/globber/,2026-06-04 museum Library Everything export,Previously present in museum_completion_canon.csv; included for full current-universe Buddy evidence refresh.
74,Flying Machine,flying machine,existing_museum_completion_canon,Items,items,324,Y,source_parsed,flying-machine,https://buddy.farm/i/flying-machine/,2026-06-04 museum Library Everything export,Previously present in museum_completion_canon.csv; included for full current-universe Buddy evidence refresh.
75,Trigon Knot,trigon knot,existing_museum_completion_canon,Items,items,870,Y,source_parsed,trigon-knot,https://buddy.farm/i/trigon-knot/,2026-06-04 museum Library Everything export,Previously present in museum_completion_canon.csv; included for full current-universe Buddy evidence refresh.
76,Egg of Ages,egg of ages,existing_museum_completion_canon,Event,event,82,Y,source_parsed,egg-of-ages,https://buddy.farm/i/egg-of-ages/,2026-06-04 museum Library Everything export,Previously present in museum_completion_canon.csv; included for full current-universe Buddy evidence refresh.
77,Grab Bag 01,grab bag 01,existing_museum_completion_canon,Items,items,392,Y,source_parsed,grab-bag-01,https://buddy.farm/i/grab-bag-01/,2026-06-04 museum Library Everything export,Previously present in museum_completion_canon.csv; included for full current-universe Buddy evidence refresh.
78,Hot Cocoa,hot cocoa,existing_museum_completion_canon,Event,event,168,Y,source_parsed,hot-cocoa,https://buddy.farm/i/hot-cocoa/,2026-06-04 museum Library Everything export,Previously present in museum_completion_canon.csv; included for full current-universe Buddy evidence refresh.
79,Purple Shirt,purple shirt,existing_museum_completion_canon,Items,items,652,Y,source_parsed,purple-shirt,https://buddy.farm/i/purple-shirt/,2026-06-04 museum Library Everything export,Previously present in museum_completion_canon.csv; included for full current-universe Buddy evidence refresh.
80,Gold Mittens,gold mittens,existing_museum_completion_canon,Event,event,148,Y,source_parsed,gold-mittens,https://buddy.farm/i/gold-mittens/,2026-06-04 museum Library Everything export,Previously present in museum_completion_canon.csv; included for full current-universe Buddy evidence refresh.
81,White Parchment,white parchment,existing_museum_completion_canon,Items,items,906,Y,source_parsed,white-parchment,https://buddy.farm/i/white-parchment/,2026-06-04 museum Library Everything export,Previously present in museum_completion_canon.csv; included for full current-universe Buddy evidence refresh.
82,Tie Dye Scarf,tie dye scarf,existing_museum_completion_canon,Items,items,857,Y,source_parsed,tie-dye-scarf,https://buddy.farm/i/tie-dye-scarf/,2026-06-04 museum Library Everything export,Previously present in museum_completion_canon.csv; included for full current-universe Buddy evidence refresh.
83,We Know Card,we know card,existing_museum_completion_canon,Cards,cards,14,Y,source_parsed,we-know-card,https://buddy.farm/i/we-know-card/,2026-06-04 museum Library Everything export,Previously present in museum_completion_canon.csv; included for full current-universe Buddy evidence refresh.
84,Supply Voucher,supply voucher,existing_museum_completion_canon,Meals,meals,20,Y,source_parsed,supply-voucher,https://buddy.farm/i/supply-voucher/,2026-06-04 museum Library Everything export,Previously present in museum_completion_canon.csv; included for full current-universe Buddy evidence refresh.
85,Parade Balloon Buddy Doll,parade balloon buddy doll,existing_museum_completion_canon,Items,items,583,Y,source_parsed,parade-balloon-buddy-doll,https://buddy.farm/i/parade-balloon-buddy-doll/,2026-06-04 museum Library Everything export,Previously present in museum_completion_canon.csv; included for full current-universe Buddy evidence refresh.
86,Egg 08,egg 08,existing_museum_completion_canon,Event,event,76,Y,source_parsed,egg-08,https://buddy.farm/i/egg-08/,2026-06-04 museum Library Everything export,Previously present in museum_completion_canon.csv; included for full current-universe Buddy evidence refresh.
87,Fruit Punch,fruit punch,existing_museum_completion_canon,Items,items,345,Y,source_parsed,fruit-punch,https://buddy.farm/i/fruit-punch/,2026-06-04 museum Library Everything export,Previously present in museum_completion_canon.csv; included for full current-universe Buddy evidence refresh.
88,Y73841 Detector,y73841 detector,existing_museum_completion_canon,Items,items,934,Y,source_parsed,y73841-detector,https://buddy.farm/i/y73841-detector/,2026-06-04 museum Library Everything export,Previously present in museum_completion_canon.csv; included for full current-universe Buddy evidence refresh.
89,Frozen Fishing Net,frozen fishing net,existing_museum_completion_canon,Event,event,111,Y,source_parsed,frozen-fishing-net,https://buddy.farm/i/frozen-fishing-net/,2026-06-04 museum Library Everything export,Previously present in museum_completion_canon.csv; included for full current-universe Buddy evidence refresh.
90,Runestone 27,runestone 27,existing_museum_completion_canon,Items,items,723,Y,source_parsed,runestone-27,https://buddy.farm/i/runestone-27/,2026-06-04 museum Library Everything export,Previously present in museum_completion_canon.csv; included for full current-universe Buddy evidence refresh.
91,Summer Basket,summer basket,existing_museum_completion_canon,Items,items,833,Y,source_parsed,summer-basket,https://buddy.farm/i/summer-basket/,2026-06-04 museum Library Everything export,Previously present in museum_completion_canon.csv; included for full current-universe Buddy evidence refresh.
92,Bear Buddy Doll,bear buddy doll,existing_museum_completion_canon,Items,items,66,Y,source_parsed,bear-buddy-doll,https://buddy.farm/i/bear-buddy-doll/,2026-06-04 museum Library Everything export,Previously present in museum_completion_canon.csv; included for full current-universe Buddy evidence refresh.
93,Green Top Hat,green top hat,existing_museum_completion_canon,Event,event,155,Y,source_parsed,green-top-hat,https://buddy.farm/i/green-top-hat/,2026-06-04 museum Library Everything export,Previously present in museum_completion_canon.csv; included for full current-universe Buddy evidence refresh.
94,Fireworks,fireworks,existing_museum_completion_canon,Items,items,317,Y,source_parsed,fireworks,https://buddy.farm/i/fireworks/,2026-06-04 museum Library Everything export,Previously present in museum_completion_canon.csv; included for full current-universe Buddy evidence refresh.
95,Shadow Bloom,shadow bloom,existing_museum_completion_canon,Items,items,752,Y,source_parsed,shadow-bloom,https://buddy.farm/i/shadow-bloom/,2026-06-04 museum Library Everything export,Previously present in museum_completion_canon.csv; included for full current-universe Buddy evidence refresh.
96,Runestone 10,runestone 10,existing_museum_completion_canon,Items,items,711,Y,source_parsed,runestone-10,https://buddy.farm/i/runestone-10/,2026-06-04 museum Library Everything export,Previously present in museum_completion_canon.csv; included for full current-universe Buddy evidence refresh.
97,Adventure Buddy Doll,adventure buddy doll,existing_museum_completion_canon,Items,items,10,Y,source_parsed,adventure-buddy-doll,https://buddy.farm/i/adventure-buddy-doll/,2026-06-04 museum Library Everything export,Previously present in museum_completion_canon.csv; included for full current-universe Buddy evidence refresh.
98,Sun Shades,sun shades,existing_museum_completion_canon,Items,items,834,Y,source_parsed,sun-shades,https://buddy.farm/i/sun-shades/,2026-06-04 museum Library Everything export,Previously present in museum_completion_canon.csv; included for full current-universe Buddy evidence refresh.
99,Ghost Candy,ghost candy,existing_museum_completion_canon,Event,event,139,Y,source_parsed,ghost-candy,https://buddy.farm/i/ghost-candy/,2026-06-04 museum Library Everything export,Previously present in museum_completion_canon.csv; included for full current-universe Buddy evidence refresh.
100,Octopus,octopus,existing_museum_completion_canon,Fish,fish,64,Y,source_parsed,octopus,https://buddy.farm/i/octopus/,2026-06-04 museum Library Everything export,Previously present in museum_completion_canon.csv; included for full current-universe Buddy evidence refresh.
101,Hammer,hammer,existing_museum_completion_canon,Items,items,421,Y,source_parsed,hammer,https://buddy.farm/i/hammer/,2026-06-04 museum Library Everything export,Previously present in museum_completion_canon.csv; included for full current-universe Buddy evidence refresh.
102,Gold Feather,gold feather,existing_museum_completion_canon,Items,items,379,Y,source_parsed,gold-feather,https://buddy.farm/i/gold-feather/,2026-06-04 museum Library Everything export,Previously present in museum_completion_canon.csv; included for full current-universe Buddy evidence refresh.
103,Book of Time,book of time,existing_museum_completion_canon,Items,items,128,Y,source_parsed,book-of-time,https://buddy.farm/i/book-of-time/,2026-06-04 museum Library Everything export,Previously present in museum_completion_canon.csv; included for full current-universe Buddy evidence refresh.
104,Swamp Thistle,swamp thistle,existing_museum_completion_canon,Items,items,845,Y,source_parsed,swamp-thistle,https://buddy.farm/i/swamp-thistle/,2026-06-04 museum Library Everything export,Previously present in museum_completion_canon.csv; included for full current-universe Buddy evidence refresh.
105,Feathers,feathers,existing_museum_completion_canon,Items,items,309,Y,source_parsed,feathers,https://buddy.farm/i/feathers/,2026-06-04 museum Library Everything export,Previously present in museum_completion_canon.csv; included for full current-universe Buddy evidence refresh.
106,Frozen Boot,frozen boot,existing_museum_completion_canon,Event,event,105,Y,source_parsed,frozen-boot,https://buddy.farm/i/frozen-boot/,2026-06-04 museum Library Everything export,Previously present in museum_completion_canon.csv; included for full current-universe Buddy evidence refresh.
107,Christmas Present 06,christmas present 06,existing_museum_completion_canon,Event,event,44,Y,source_parsed,christmas-present-06,https://buddy.farm/i/christmas-present-06/,2026-06-04 museum Library Everything export,Previously present in museum_completion_canon.csv; included for full current-universe Buddy evidence refresh.
108,Ashes of Pentagorn,ashes of pentagorn,existing_museum_completion_canon,Items,items,38,Y,source_parsed,ashes-of-pentagorn,https://buddy.farm/i/ashes-of-pentagorn/,2026-06-04 museum Library Everything export,Previously present in museum_completion_canon.csv; included for full current-universe Buddy evidence refresh.
109,Rice Seeds,rice seeds,existing_museum_completion_canon,Seeds,seeds,27,Y,source_parsed,rice-seeds,https://buddy.farm/i/rice-seeds/,2026-06-04 museum Library Everything export,Previously present in museum_completion_canon.csv; included for full current-universe Buddy evidence refresh.
110,Magical Egg Basket,magical egg basket,existing_museum_completion_canon,Event,event,177,Y,source_parsed,magical-egg-basket,https://buddy.farm/i/magical-egg-basket/,2026-06-04 museum Library Everything export,Previously present in museum_completion_canon.csv; included for full current-universe Buddy evidence refresh.
111,Orange Dye,orange dye,existing_museum_completion_canon,Items,items,570,Y,source_parsed,orange-dye,https://buddy.farm/i/orange-dye/,2026-06-04 museum Library Everything export,Previously present in museum_completion_canon.csv; included for full current-universe Buddy evidence refresh.
112,Buddy Bobblehead,buddy bobblehead,existing_museum_completion_canon,Items,items,150,Y,source_parsed,buddy-bobblehead,https://buddy.farm/i/buddy-bobblehead/,2026-06-04 museum Library Everything export,Previously present in museum_completion_canon.csv; included for full current-universe Buddy evidence refresh.
113,Mystical Chest 02,mystical chest 02,existing_museum_completion_canon,Items,items,550,Y,source_parsed,mystical-chest-02,https://buddy.farm/i/mystical-chest-02/,2026-06-04 museum Library Everything export,Previously present in museum_completion_canon.csv; included for full current-universe Buddy evidence refresh.
114,Unusual Gem,unusual gem,existing_museum_completion_canon,Items,items,885,Y,source_parsed,unusual-gem,https://buddy.farm/i/unusual-gem/,2026-06-04 museum Library Everything export,Previously present in museum_completion_canon.csv; included for full current-universe Buddy evidence refresh.
115,Skull Coin,skull coin,existing_museum_completion_canon,Items,items,767,Y,source_parsed,skull-coin,https://buddy.farm/i/skull-coin/,2026-06-04 museum Library Everything export,Previously present in museum_completion_canon.csv; included for full current-universe Buddy evidence refresh.
116,Egg 06,egg 06,existing_museum_completion_canon,Event,event,74,Y,source_parsed,egg-06,https://buddy.farm/i/egg-06/,2026-06-04 museum Library Everything export,Previously present in museum_completion_canon.csv; included for full current-universe Buddy evidence refresh.
117,Tenfoo's Lost Sock,tenfoo's lost sock,existing_museum_completion_canon,Items,items,851,Y,source_parsed,tenfoo-s-lost-sock,https://buddy.farm/i/tenfoo-s-lost-sock/,2026-06-04 museum Library Everything export,Previously present in museum_completion_canon.csv; included for full current-universe Buddy evidence refresh.
118,Green Shirt,green shirt,existing_museum_completion_canon,Items,items,414,Y,source_parsed,green-shirt,https://buddy.farm/i/green-shirt/,2026-06-04 museum Library Everything export,Previously present in museum_completion_canon.csv; included for full current-universe Buddy evidence refresh.
119,Christmas Present 05,christmas present 05,existing_museum_completion_canon,Event,event,43,Y,source_parsed,christmas-present-05,https://buddy.farm/i/christmas-present-05/,2026-06-04 museum Library Everything export,Previously present in museum_completion_canon.csv; included for full current-universe Buddy evidence refresh.
120,Fishing Hook,fishing hook,existing_museum_completion_canon,Event,event,99,Y,source_parsed,fishing-hook,https://buddy.farm/i/fishing-hook/,2026-06-04 museum Library Everything export,Previously present in museum_completion_canon.csv; included for full current-universe Buddy evidence refresh.
121,Sinkroot,sinkroot,existing_museum_completion_canon,Items,items,765,Y,source_parsed,sinkroot,https://buddy.farm/i/sinkroot/,2026-06-04 museum Library Everything export,Previously present in museum_completion_canon.csv; included for full current-universe Buddy evidence refresh.
122,Duck Feather,duck feather,existing_museum_completion_canon,Items,items,275,N,source_parsed,duck-feather,https://buddy.farm/i/duck-feather/,2026-06-04 museum Library Everything export,Previously present in museum_completion_canon.csv; included for full current-universe Buddy evidence refresh.
123,Eye Patch,eye patch,existing_museum_completion_canon,Items,items,292,Y,source_parsed,eye-patch,https://buddy.farm/i/eye-patch/,2026-06-04 museum Library Everything export,Previously present in museum_completion_canon.csv; included for full current-universe Buddy evidence refresh.
124,Book of Spells,book of spells,existing_museum_completion_canon,Event,event,19,Y,source_parsed,book-of-spells,https://buddy.farm/i/book-of-spells/,2026-06-04 museum Library Everything export,Previously present in museum_completion_canon.csv; included for full current-universe Buddy evidence refresh.
125,Heart Necklace,heart necklace,existing_museum_completion_canon,Event,event,158,Y,source_parsed,heart-necklace,https://buddy.farm/i/heart-necklace/,2026-06-04 museum Library Everything export,Previously present in museum_completion_canon.csv; included for full current-universe Buddy evidence refresh.
126,Bamboo,bamboo,existing_museum_completion_canon,Items,items,52,Y,source_parsed,bamboo,https://buddy.farm/i/bamboo/,2026-06-04 museum Library Everything export,Previously present in museum_completion_canon.csv; included for full current-universe Buddy evidence refresh.
127,Lobster,lobster,existing_museum_completion_canon,Fish,fish,56,Y,source_parsed,lobster,https://buddy.farm/i/lobster/,2026-06-04 museum Library Everything export,Previously present in museum_completion_canon.csv; included for full current-universe Buddy evidence refresh.
128,Lovely Present,lovely present,existing_museum_completion_canon,Event,event,176,Y,source_parsed,lovely-present,https://buddy.farm/i/lovely-present/,2026-06-04 museum Library Everything export,Previously present in museum_completion_canon.csv; included for full current-universe Buddy evidence refresh.
129,Flywheel,flywheel,existing_museum_completion_canon,Items,items,325,Y,source_parsed,flywheel,https://buddy.farm/i/flywheel/,2026-06-04 museum Library Everything export,Previously present in museum_completion_canon.csv; included for full current-universe Buddy evidence refresh.
130,Gingerbread Buddy Doll,gingerbread buddy doll,existing_museum_completion_canon,Items,items,367,Y,source_parsed,gingerbread-buddy-doll,https://buddy.farm/i/gingerbread-buddy-doll/,2026-06-04 museum Library Everything export,Previously present in museum_completion_canon.csv; included for full current-universe Buddy evidence refresh.
131,Treat Bag 03,treat bag 03,existing_museum_completion_canon,Event,event,246,Y,source_parsed,treat-bag-03,https://buddy.farm/i/treat-bag-03/,2026-06-04 museum Library Everything export,Previously present in museum_completion_canon.csv; included for full current-universe Buddy evidence refresh.
132,Glacierstone,glacierstone,existing_museum_completion_canon,Items,items,369,Y,source_parsed,glacierstone,https://buddy.farm/i/glacierstone/,2026-06-04 museum Library Everything export,Previously present in museum_completion_canon.csv; included for full current-universe Buddy evidence refresh.
133,Comet,comet,existing_museum_completion_canon,Event,event,56,Y,source_parsed,comet,https://buddy.farm/i/comet/,2026-06-04 museum Library Everything export,Previously present in museum_completion_canon.csv; included for full current-universe Buddy evidence refresh.
134,Fossilized Frog,fossilized frog,existing_museum_completion_canon,Items,items,327,Y,source_parsed,fossilized-frog,https://buddy.farm/i/fossilized-frog/,2026-06-04 museum Library Everything export,Previously present in museum_completion_canon.csv; included for full current-universe Buddy evidence refresh.
135,Handsaw,handsaw,existing_museum_completion_canon,Items,items,422,Y,source_parsed,handsaw,https://buddy.farm/i/handsaw/,2026-06-04 museum Library Everything export,Previously present in museum_completion_canon.csv; included for full current-universe Buddy evidence refresh.
136,Piece 31,piece 31,existing_museum_completion_canon,Items,items,613,Y,source_parsed,piece-31,https://buddy.farm/i/piece-31/,2026-06-04 museum Library Everything export,Previously present in museum_completion_canon.csv; included for full current-universe Buddy evidence refresh.
137,Sturdy Saw,sturdy saw,existing_museum_completion_canon,Items,items,829,Y,source_parsed,sturdy-saw,https://buddy.farm/i/sturdy-saw/,2026-06-04 museum Library Everything export,Previously present in museum_completion_canon.csv; included for full current-universe Buddy evidence refresh.
138,Medium Chest 03,medium chest 03,existing_museum_completion_canon,Items,items,526,Y,source_parsed,medium-chest-03,https://buddy.farm/i/medium-chest-03/,2026-06-04 museum Library Everything export,Previously present in museum_completion_canon.csv; included for full current-universe Buddy evidence refresh.
139,Barracuda,barracuda,existing_museum_completion_canon,Fish,fish,2,Y,source_parsed,barracuda,https://buddy.farm/i/barracuda/,2026-06-04 museum Library Everything export,Previously present in museum_completion_canon.csv; included for full current-universe Buddy evidence refresh.
140,Fungus Processing and You,fungus processing and you,existing_museum_completion_canon,Items,items,346,Y,source_parsed,fungus-processing-and-you,https://buddy.farm/i/fungus-processing-and-you/,2026-06-04 museum Library Everything export,Previously present in museum_completion_canon.csv; included for full current-universe Buddy evidence refresh.
141,Bamboo Chair,bamboo chair,existing_museum_completion_canon,Items,items,53,Y,source_parsed,bamboo-chair,https://buddy.farm/i/bamboo-chair/,2026-06-04 museum Library Everything export,Previously present in museum_completion_canon.csv; included for full current-universe Buddy evidence refresh.
142,Green Apple,green apple,existing_museum_completion_canon,Event,event,153,Y,source_parsed,green-apple,https://buddy.farm/i/green-apple/,2026-06-04 museum Library Everything export,Previously present in museum_completion_canon.csv; included for full current-universe Buddy evidence refresh.
143,Sturdy Sword,sturdy sword,existing_museum_completion_canon,Items,items,831,Y,source_parsed,sturdy-sword,https://buddy.farm/i/sturdy-sword/,2026-06-04 museum Library Everything export,Previously present in museum_completion_canon.csv; included for full current-universe Buddy evidence refresh.
144,Puffer,puffer,existing_museum_completion_canon,Fish,fish,68,Y,source_parsed,puffer,https://buddy.farm/i/puffer/,2026-06-04 museum Library Everything export,Previously present in museum_completion_canon.csv; included for full current-universe Buddy evidence refresh.
145,Shimmer Topaz,shimmer topaz,existing_museum_completion_canon,Items,items,758,Y,source_parsed,shimmer-topaz,https://buddy.farm/i/shimmer-topaz/,2026-06-04 museum Library Everything export,Previously present in museum_completion_canon.csv; included for full current-universe Buddy evidence refresh.
146,Mariya's Hickory Omelette,mariya's hickory omelette,existing_museum_completion_canon,Items,items,519,Y,source_parsed,mariya-s-hickory-omelette,https://buddy.farm/i/mariya-s-hickory-omelette/,2026-06-04 museum Library Everything export,Previously present in museum_completion_canon.csv; included for full current-universe Buddy evidence refresh.
147,Square Key,square key,existing_museum_completion_canon,Items,items,799,Y,source_parsed,square-key,https://buddy.farm/i/square-key/,2026-06-04 museum Library Everything export,Previously present in museum_completion_canon.csv; included for full current-universe Buddy evidence refresh.
148,Coin Purse,coin purse,existing_museum_completion_canon,Items,items,231,Y,source_parsed,coin-purse,https://buddy.farm/i/coin-purse/,2026-06-04 museum Library Everything export,Previously present in museum_completion_canon.csv; included for full current-universe Buddy evidence refresh.
149,Chocolate Bunny,chocolate bunny,existing_museum_completion_canon,Event,event,37,Y,source_parsed,chocolate-bunny,https://buddy.farm/i/chocolate-bunny/,2026-06-04 museum Library Everything export,Previously present in museum_completion_canon.csv; included for full current-universe Buddy evidence refresh.
150,Butter Churn,butter churn,existing_museum_completion_canon,Items,items,162,Y,source_parsed,butter-churn,https://buddy.farm/i/butter-churn/,2026-06-04 museum Library Everything export,Previously present in museum_completion_canon.csv; included for full current-universe Buddy evidence refresh.
151,Amethyst,amethyst,existing_museum_completion_canon,Items,items,14,Y,source_parsed,amethyst,https://buddy.farm/i/amethyst/,2026-06-04 museum Library Everything export,Previously present in museum_completion_canon.csv; included for full current-universe Buddy evidence refresh.
152,Carved Warthog,carved warthog,existing_museum_completion_canon,Items,items,183,Y,source_parsed,carved-warthog,https://buddy.farm/i/carved-warthog/,2026-06-04 museum Library Everything export,Previously present in museum_completion_canon.csv; included for full current-universe Buddy evidence refresh.
153,Sunflower Oil,sunflower oil,existing_museum_completion_canon,Items,items,835,Y,source_parsed,sunflower-oil,https://buddy.farm/i/sunflower-oil/,2026-06-04 museum Library Everything export,Previously present in museum_completion_canon.csv; included for full current-universe Buddy evidence refresh.
154,Pink Jelly,pink jelly,existing_museum_completion_canon,Event,event,197,Y,source_parsed,pink-jelly,https://buddy.farm/i/pink-jelly/,2026-06-04 museum Library Everything export,Previously present in museum_completion_canon.csv; included for full current-universe Buddy evidence refresh.
155,Planet Egg,planet egg,new_in_current_museum_export,,,,,reviewed_name_from_current_export,planet-egg,https://buddy.farm/i/planet-egg/,2026-06-04 museum Library Everything export,"New in current museum export; review sources, icons, recipes, and aliases before canonical promotion."
156,Tackle Box,tackle box,existing_museum_completion_canon,Items,items,847,Y,source_parsed,tackle-box,https://buddy.farm/i/tackle-box/,2026-06-04 museum Library Everything export,Previously present in museum_completion_canon.csv; included for full current-universe Buddy evidence refresh.
157,Mystic Ring,mystic ring,existing_museum_completion_canon,Items,items,548,Y,source_parsed,mystic-ring,https://buddy.farm/i/mystic-ring/,2026-06-04 museum Library Everything export,Previously present in museum_completion_canon.csv; included for full current-universe Buddy evidence refresh.
158,Crab,crab,existing_museum_completion_canon,Fish,fish,19,Y,source_parsed,crab,https://buddy.farm/i/crab/,2026-06-04 museum Library Everything export,Previously present in museum_completion_canon.csv; included for full current-universe Buddy evidence refresh.
159,Grapes,grapes,existing_museum_completion_canon,Items,items,402,Y,source_parsed,grapes,https://buddy.farm/i/grapes/,2026-06-04 museum Library Everything export,Previously present in museum_completion_canon.csv; included for full current-universe Buddy evidence refresh.
160,Purple Parchment,purple parchment,existing_museum_completion_canon,Items,items,651,Y,source_parsed,purple-parchment,https://buddy.farm/i/purple-parchment/,2026-06-04 museum Library Everything export,Previously present in museum_completion_canon.csv; included for full current-universe Buddy evidence refresh.
161,Beatrix Bobblehead,beatrix bobblehead,existing_museum_completion_canon,Items,items,68,Y,source_parsed,beatrix-bobblehead,https://buddy.farm/i/beatrix-bobblehead/,2026-06-04 museum Library Everything export,Previously present in museum_completion_canon.csv; included for full current-universe Buddy evidence refresh.
162,Christmas Present 04,christmas present 04,existing_museum_completion_canon,Event,event,42,Y,source_parsed,christmas-present-04,https://buddy.farm/i/christmas-present-04/,2026-06-04 museum Library Everything export,Previously present in museum_completion_canon.csv; included for full current-universe Buddy evidence refresh.
163,Ruby Fish,ruby fish,existing_museum_completion_canon,Fish,fish,74,Y,source_parsed,ruby-fish,https://buddy.farm/i/ruby-fish/,2026-06-04 museum Library Everything export,Previously present in museum_completion_canon.csv; included for full current-universe Buddy evidence refresh.
164,Boltonic Love Potion 4,boltonic love potion 4,existing_museum_completion_canon,Event,event,18,Y,source_parsed,boltonic-love-potion-4,https://buddy.farm/i/boltonic-love-potion-4/,2026-06-04 museum Library Everything export,Previously present in museum_completion_canon.csv; included for full current-universe Buddy evidence refresh.
165,Pyredrop,pyredrop,existing_museum_completion_canon,Items,items,654,Y,source_parsed,pyredrop,https://buddy.farm/i/pyredrop/,2026-06-04 museum Library Everything export,Previously present in museum_completion_canon.csv; included for full current-universe Buddy evidence refresh.
166,Frozen Cabbage,frozen cabbage,existing_museum_completion_canon,Crops,crops,9,Y,source_parsed,frozen-cabbage,https://buddy.farm/i/frozen-cabbage/,2026-06-04 museum Library Everything export,Previously present in museum_completion_canon.csv; included for full current-universe Buddy evidence refresh.
167,Piece 22,piece 22,existing_museum_completion_canon,Items,items,608,Y,source_parsed,piece-22,https://buddy.farm/i/piece-22/,2026-06-04 museum Library Everything export,Previously present in museum_completion_canon.csv; included for full current-universe Buddy evidence refresh.
168,Sunstone,sunstone,existing_museum_completion_canon,Items,items,837,Y,source_parsed,sunstone,https://buddy.farm/i/sunstone/,2026-06-04 museum Library Everything export,Previously present in museum_completion_canon.csv; included for full current-universe Buddy evidence refresh.
169,Alien Fuzzy Chick,alien fuzzy chick,new_in_current_museum_export,,,,,reviewed_name_from_current_export,alien-fuzzy-chick,https://buddy.farm/i/alien-fuzzy-chick/,2026-06-04 museum Library Everything export,"New in current museum export; review sources, icons, recipes, and aliases before canonical promotion."
170,Potato Seeds,potato seeds,existing_museum_completion_canon,Seeds,seeds,24,Y,source_parsed,potato-seeds,https://buddy.farm/i/potato-seeds/,2026-06-04 museum Library Everything export,Previously present in museum_completion_canon.csv; included for full current-universe Buddy evidence refresh.
171,Santa's Travel Belt,santa's travel belt,existing_museum_completion_canon,Items,items,737,Y,source_parsed,santa-s-travel-belt,https://buddy.farm/i/santa-s-travel-belt/,2026-06-04 museum Library Everything export,Previously present in museum_completion_canon.csv; included for full current-universe Buddy evidence refresh.
172,Pig Collar,pig collar,existing_museum_completion_canon,Items,items,616,Y,source_parsed,pig-collar,https://buddy.farm/i/pig-collar/,2026-06-04 museum Library Everything export,Previously present in museum_completion_canon.csv; included for full current-universe Buddy evidence refresh.
173,Beach Ball,beach ball,existing_museum_completion_canon,Event,event,10,Y,source_parsed,beach-ball,https://buddy.farm/i/beach-ball/,2026-06-04 museum Library Everything export,Previously present in museum_completion_canon.csv; included for full current-universe Buddy evidence refresh.
174,Gift Basket 01,gift basket 01,existing_museum_completion_canon,Items,items,365,Y,source_parsed,gift-basket-01,https://buddy.farm/i/gift-basket-01/,2026-06-04 museum Library Everything export,Previously present in museum_completion_canon.csv; included for full current-universe Buddy evidence refresh.
175,Runestone 17,runestone 17,existing_museum_completion_canon,Items,items,718,Y,source_parsed,runestone-17,https://buddy.farm/i/runestone-17/,2026-06-04 museum Library Everything export,Previously present in museum_completion_canon.csv; included for full current-universe Buddy evidence refresh.
176,Frozen Chest 01,frozen chest 01,existing_museum_completion_canon,Items,items,341,Y,source_parsed,frozen-chest-01,https://buddy.farm/i/frozen-chest-01/,2026-06-04 museum Library Everything export,Previously present in museum_completion_canon.csv; included for full current-universe Buddy evidence refresh.
177,Christmas Present 07,christmas present 07,existing_museum_completion_canon,Event,event,45,Y,source_parsed,christmas-present-07,https://buddy.farm/i/christmas-present-07/,2026-06-04 museum Library Everything export,Previously present in museum_completion_canon.csv; included for full current-universe Buddy evidence refresh.
178,Steel Pickaxe,steel pickaxe,existing_museum_completion_canon,Items,items,807,Y,source_parsed,steel-pickaxe,https://buddy.farm/i/steel-pickaxe/,2026-06-04 museum Library Everything export,Previously present in museum_completion_canon.csv; included for full current-universe Buddy evidence refresh.
179,Tribal Staff,tribal staff,existing_museum_completion_canon,Items,items,868,Y,source_parsed,tribal-staff,https://buddy.farm/i/tribal-staff/,2026-06-04 museum Library Everything export,Previously present in museum_completion_canon.csv; included for full current-universe Buddy evidence refresh.
180,Small Bolt,small bolt,existing_museum_completion_canon,Items,items,772,Y,source_parsed,small-bolt,https://buddy.farm/i/small-bolt/,2026-06-04 museum Library Everything export,Previously present in museum_completion_canon.csv; included for full current-universe Buddy evidence refresh.
181,Fuzzy Chick 02,fuzzy chick 02,existing_museum_completion_canon,Event,event,126,Y,source_parsed,fuzzy-chick-02,https://buddy.farm/i/fuzzy-chick-02/,2026-06-04 museum Library Everything export,Previously present in museum_completion_canon.csv; included for full current-universe Buddy evidence refresh.
182,Thomas's Tavern Tote,thomas's tavern tote,existing_museum_completion_canon,Items,items,855,Y,source_parsed,thomas-s-tavern-tote,https://buddy.farm/i/thomas-s-tavern-tote/,2026-06-04 museum Library Everything export,Previously present in museum_completion_canon.csv; included for full current-universe Buddy evidence refresh.
183,Fancy Sword,fancy sword,existing_museum_completion_canon,Items,items,304,Y,source_parsed,fancy-sword,https://buddy.farm/i/fancy-sword/,2026-06-04 museum Library Everything export,Previously present in museum_completion_canon.csv; included for full current-universe Buddy evidence refresh.
184,Blue Diary,blue diary,existing_museum_completion_canon,Items,items,97,Y,source_parsed,blue-diary,https://buddy.farm/i/blue-diary/,2026-06-04 museum Library Everything export,Previously present in museum_completion_canon.csv; included for full current-universe Buddy evidence refresh.
185,Frog,frog,existing_museum_completion_canon,Items,items,336,Y,source_parsed,frog,https://buddy.farm/i/frog/,2026-06-04 museum Library Everything export,Previously present in museum_completion_canon.csv; included for full current-universe Buddy evidence refresh.
186,Wooden Pipe,wooden pipe,existing_museum_completion_canon,Items,items,925,Y,source_parsed,wooden-pipe,https://buddy.farm/i/wooden-pipe/,2026-06-04 museum Library Everything export,Previously present in museum_completion_canon.csv; included for full current-universe Buddy evidence refresh.
187,Roomba's Over The Moon,roomba's over the moon,existing_museum_completion_canon,Items,items,685,Y,source_parsed,roomba-s-over-the-moon,https://buddy.farm/i/roomba-s-over-the-moon/,2026-06-04 museum Library Everything export,Previously present in museum_completion_canon.csv; included for full current-universe Buddy evidence refresh.
188,Vacation Buddy Doll,vacation buddy doll,existing_museum_completion_canon,Items,items,887,Y,source_parsed,vacation-buddy-doll,https://buddy.farm/i/vacation-buddy-doll/,2026-06-04 museum Library Everything export,Previously present in museum_completion_canon.csv; included for full current-universe Buddy evidence refresh.
189,Shiny Present,shiny present,existing_museum_completion_canon,Event,event,221,Y,source_parsed,shiny-present,https://buddy.farm/i/shiny-present/,2026-06-04 museum Library Everything export,Previously present in museum_completion_canon.csv; included for full current-universe Buddy evidence refresh.
190,Frozen Chest 02,frozen chest 02,existing_museum_completion_canon,Items,items,342,Y,source_parsed,frozen-chest-02,https://buddy.farm/i/frozen-chest-02/,2026-06-04 museum Library Everything export,Previously present in museum_completion_canon.csv; included for full current-universe Buddy evidence refresh.
191,Fire Ant Farm,fire ant farm,existing_museum_completion_canon,Items,items,314,Y,source_parsed,fire-ant-farm,https://buddy.farm/i/fire-ant-farm/,2026-06-04 museum Library Everything export,Previously present in museum_completion_canon.csv; included for full current-universe Buddy evidence refresh.
192,Raptor Chicken Egg,raptor chicken egg,existing_museum_completion_canon,Items,items,659,Y,source_parsed,raptor-chicken-egg,https://buddy.farm/i/raptor-chicken-egg/,2026-06-04 museum Library Everything export,Previously present in museum_completion_canon.csv; included for full current-universe Buddy evidence refresh.
193,Fuzzy Chick 01,fuzzy chick 01,existing_museum_completion_canon,Event,event,125,Y,source_parsed,fuzzy-chick-01,https://buddy.farm/i/fuzzy-chick-01/,2026-06-04 museum Library Everything export,Previously present in museum_completion_canon.csv; included for full current-universe Buddy evidence refresh.
194,Protein Bar,protein bar,existing_museum_completion_canon,Items,items,641,Y,source_parsed,protein-bar,https://buddy.farm/i/protein-bar/,2026-06-04 museum Library Everything export,Previously present in museum_completion_canon.csv; included for full current-universe Buddy evidence refresh.
195,Fuzzy Bunny,fuzzy bunny,existing_museum_completion_canon,Event,event,124,Y,source_parsed,fuzzy-bunny,https://buddy.farm/i/fuzzy-bunny/,2026-06-04 museum Library Everything export,Previously present in museum_completion_canon.csv; included for full current-universe Buddy evidence refresh.
196,Refined Corn Quartz,refined corn quartz,existing_museum_completion_canon,Items,items,680,Y,source_parsed,refined-corn-quartz,https://buddy.farm/i/refined-corn-quartz/,2026-06-04 museum Library Everything export,Previously present in museum_completion_canon.csv; included for full current-universe Buddy evidence refresh.
197,25 Gold,25 gold,existing_museum_completion_canon,Items,items,3,Y,source_parsed,25-gold,https://buddy.farm/i/25-gold/,2026-06-04 museum Library Everything export,Previously present in museum_completion_canon.csv; included for full current-universe Buddy evidence refresh.
198,Lemonade,lemonade,existing_museum_completion_canon,Items,items,490,Y,source_parsed,lemonade,https://buddy.farm/i/lemonade/,2026-06-04 museum Library Everything export,Previously present in museum_completion_canon.csv; included for full current-universe Buddy evidence refresh.
199,Apple Slicer,apple slicer,existing_museum_completion_canon,Items,items,31,Y,source_parsed,apple-slicer,https://buddy.farm/i/apple-slicer/,2026-06-04 museum Library Everything export,Previously present in museum_completion_canon.csv; included for full current-universe Buddy evidence refresh.
200,Awl,awl,existing_museum_completion_canon,Items,items,39,Y,source_parsed,awl,https://buddy.farm/i/awl/,2026-06-04 museum Library Everything export,Previously present in museum_completion_canon.csv; included for full current-universe Buddy evidence refresh.
201,Leather Bag,leather bag,existing_museum_completion_canon,Items,items,482,Y,source_parsed,leather-bag,https://buddy.farm/i/leather-bag/,2026-06-04 museum Library Everything export,Previously present in museum_completion_canon.csv; included for full current-universe Buddy evidence refresh.
202,Runestone 18,runestone 18,existing_museum_completion_canon,Items,items,719,Y,source_parsed,runestone-18,https://buddy.farm/i/runestone-18/,2026-06-04 museum Library Everything export,Previously present in museum_completion_canon.csv; included for full current-universe Buddy evidence refresh.
203,Time Egg,time egg,existing_museum_completion_canon,Items,items,858,Y,source_parsed,time-egg,https://buddy.farm/i/time-egg/,2026-06-04 museum Library Everything export,Previously present in museum_completion_canon.csv; included for full current-universe Buddy evidence refresh.
204,Hops Seeds,hops seeds,existing_museum_completion_canon,Seeds,seeds,14,Y,source_parsed,hops-seeds,https://buddy.farm/i/hops-seeds/,2026-06-04 museum Library Everything export,Previously present in museum_completion_canon.csv; included for full current-universe Buddy evidence refresh.
205,School Buddy Doll,school buddy doll,existing_museum_completion_canon,Items,items,738,Y,source_parsed,school-buddy-doll,https://buddy.farm/i/school-buddy-doll/,2026-06-04 museum Library Everything export,Previously present in museum_completion_canon.csv; included for full current-universe Buddy evidence refresh.
206,Raptor Claw,raptor claw,existing_museum_completion_canon,Items,items,660,Y,source_parsed,raptor-claw,https://buddy.farm/i/raptor-claw/,2026-06-04 museum Library Everything export,Previously present in museum_completion_canon.csv; included for full current-universe Buddy evidence refresh.
207,Frozen Biter,frozen biter,existing_museum_completion_canon,Event,event,102,Y,source_parsed,frozen-biter,https://buddy.farm/i/frozen-biter/,2026-06-04 museum Library Everything export,Previously present in museum_completion_canon.csv; included for full current-universe Buddy evidence refresh.
208,Green Twine,green twine,existing_museum_completion_canon,Items,items,416,Y,source_parsed,green-twine,https://buddy.farm/i/green-twine/,2026-06-04 museum Library Everything export,Previously present in museum_completion_canon.csv; included for full current-universe Buddy evidence refresh.
209,Cursed Effigy Gem,cursed effigy gem,existing_museum_completion_canon,Items,items,258,Y,source_parsed,cursed-effigy-gem,https://buddy.farm/i/cursed-effigy-gem/,2026-06-04 museum Library Everything export,Previously present in museum_completion_canon.csv; included for full current-universe Buddy evidence refresh.
210,Pie,pie,existing_museum_completion_canon,Event,event,193,Y,source_parsed,pie,https://buddy.farm/i/pie/,2026-06-04 museum Library Everything export,Previously present in museum_completion_canon.csv; included for full current-universe Buddy evidence refresh.
211,Blue Gel,blue gel,existing_museum_completion_canon,Items,items,101,Y,source_parsed,blue-gel,https://buddy.farm/i/blue-gel/,2026-06-04 museum Library Everything export,Previously present in museum_completion_canon.csv; included for full current-universe Buddy evidence refresh.
212,Blue Shell,blue shell,existing_museum_completion_canon,Fish,fish,7,Y,source_parsed,blue-shell,https://buddy.farm/i/blue-shell/,2026-06-04 museum Library Everything export,Previously present in museum_completion_canon.csv; included for full current-universe Buddy evidence refresh.
213,Bone 02,bone 02,existing_museum_completion_canon,Items,items,112,Y,source_parsed,bone-02,https://buddy.farm/i/bone-02/,2026-06-04 museum Library Everything export,Previously present in museum_completion_canon.csv; included for full current-universe Buddy evidence refresh.
214,Frozen Crab Claw,frozen crab claw,existing_museum_completion_canon,Event,event,108,Y,source_parsed,frozen-crab-claw,https://buddy.farm/i/frozen-crab-claw/,2026-06-04 museum Library Everything export,Previously present in museum_completion_canon.csv; included for full current-universe Buddy evidence refresh.
215,Cicada,cicada,existing_museum_completion_canon,Event,event,54,Y,source_parsed,cicada,https://buddy.farm/i/cicada/,2026-06-04 museum Library Everything export,Previously present in museum_completion_canon.csv; included for full current-universe Buddy evidence refresh.
216,Pumpkin Spiced Milk,pumpkin spiced milk,existing_museum_completion_canon,Event,event,204,Y,source_parsed,pumpkin-spiced-milk,https://buddy.farm/i/pumpkin-spiced-milk/,2026-06-04 museum Library Everything export,Previously present in museum_completion_canon.csv; included for full current-universe Buddy evidence refresh.
217,Fuzzy Chick 04,fuzzy chick 04,existing_museum_completion_canon,Event,event,128,Y,source_parsed,fuzzy-chick-04,https://buddy.farm/i/fuzzy-chick-04/,2026-06-04 museum Library Everything export,Previously present in museum_completion_canon.csv; included for full current-universe Buddy evidence refresh.
218,Radish Seeds,radish seeds,existing_museum_completion_canon,Seeds,seeds,26,Y,source_parsed,radish-seeds,https://buddy.farm/i/radish-seeds/,2026-06-04 museum Library Everything export,Previously present in museum_completion_canon.csv; included for full current-universe Buddy evidence refresh.
219,Crowbar,crowbar,new_in_current_museum_export,,,,,reviewed_name_from_current_export,crowbar,https://buddy.farm/i/crowbar/,2026-06-04 museum Library Everything export,"New in current museum export; review sources, icons, recipes, and aliases before canonical promotion."
220,Book of Skill,book of skill,existing_museum_completion_canon,Items,items,127,Y,source_parsed,book-of-skill,https://buddy.farm/i/book-of-skill/,2026-06-04 museum Library Everything export,Previously present in museum_completion_canon.csv; included for full current-universe Buddy evidence refresh.
221,Sealed Letter,sealed letter,existing_museum_completion_canon,Items,items,746,Y,source_parsed,sealed-letter,https://buddy.farm/i/sealed-letter/,2026-06-04 museum Library Everything export,Previously present in museum_completion_canon.csv; included for full current-universe Buddy evidence refresh.
222,Crown of Clover,crown of clover,existing_museum_completion_canon,Items,items,253,Y,source_parsed,crown-of-clover,https://buddy.farm/i/crown-of-clover/,2026-06-04 museum Library Everything export,Previously present in museum_completion_canon.csv; included for full current-universe Buddy evidence refresh.
223,Certificate of Corn Giving,certificate of corn giving,existing_museum_completion_canon,Items,items,194,Y,source_parsed,certificate-of-corn-giving,https://buddy.farm/i/certificate-of-corn-giving/,2026-06-04 museum Library Everything export,Previously present in museum_completion_canon.csv; included for full current-universe Buddy evidence refresh.
224,Runestone 02,runestone 02,existing_museum_completion_canon,Items,items,703,Y,source_parsed,runestone-02,https://buddy.farm/i/runestone-02/,2026-06-04 museum Library Everything export,Previously present in museum_completion_canon.csv; included for full current-universe Buddy evidence refresh.
225,Red Diary,red diary,existing_museum_completion_canon,Items,items,670,Y,source_parsed,red-diary,https://buddy.farm/i/red-diary/,2026-06-04 museum Library Everything export,Previously present in museum_completion_canon.csv; included for full current-universe Buddy evidence refresh.
226,Certificate of Eggplant Giving,certificate of eggplant giving,existing_museum_completion_canon,Items,items,197,Y,source_parsed,certificate-of-eggplant-giving,https://buddy.farm/i/certificate-of-eggplant-giving/,2026-06-04 museum Library Everything export,Previously present in museum_completion_canon.csv; included for full current-universe Buddy evidence refresh.
227,Purple Butterfly,purple butterfly,existing_museum_completion_canon,Items,items,646,Y,source_parsed,purple-butterfly,https://buddy.farm/i/purple-butterfly/,2026-06-04 museum Library Everything export,Previously present in museum_completion_canon.csv; included for full current-universe Buddy evidence refresh.
228,Acorn,acorn,existing_museum_completion_canon,Items,items,8,Y,source_parsed,acorn,https://buddy.farm/i/acorn/,2026-06-04 museum Library Everything export,Previously present in museum_completion_canon.csv; included for full current-universe Buddy evidence refresh.
229,Engine,engine,existing_museum_completion_canon,Items,items,286,Y,source_parsed,engine,https://buddy.farm/i/engine/,2026-06-04 museum Library Everything export,Previously present in museum_completion_canon.csv; included for full current-universe Buddy evidence refresh.
230,Frozen Lobster,frozen lobster,existing_museum_completion_canon,Event,event,114,Y,source_parsed,frozen-lobster,https://buddy.farm/i/frozen-lobster/,2026-06-04 museum Library Everything export,Previously present in museum_completion_canon.csv; included for full current-universe Buddy evidence refresh.
231,Sand Dollar,sand dollar,existing_museum_completion_canon,Items,items,732,Y,source_parsed,sand-dollar,https://buddy.farm/i/sand-dollar/,2026-06-04 museum Library Everything export,Previously present in museum_completion_canon.csv; included for full current-universe Buddy evidence refresh.
232,Black Dye,black dye,existing_museum_completion_canon,Items,items,86,Y,source_parsed,black-dye,https://buddy.farm/i/black-dye/,2026-06-04 museum Library Everything export,Previously present in museum_completion_canon.csv; included for full current-universe Buddy evidence refresh.
233,Steel Plate,steel plate,existing_museum_completion_canon,Items,items,808,Y,source_parsed,steel-plate,https://buddy.farm/i/steel-plate/,2026-06-04 museum Library Everything export,Previously present in museum_completion_canon.csv; included for full current-universe Buddy evidence refresh.
234,Cotton Candy,cotton candy,existing_museum_completion_canon,Event,event,60,Y,source_parsed,cotton-candy,https://buddy.farm/i/cotton-candy/,2026-06-04 museum Library Everything export,Previously present in museum_completion_canon.csv; included for full current-universe Buddy evidence refresh.
235,Get Well Soon Card,get well soon card,existing_museum_completion_canon,Cards,cards,7,Y,source_parsed,get-well-soon-card,https://buddy.farm/i/get-well-soon-card/,2026-06-04 museum Library Everything export,Previously present in museum_completion_canon.csv; included for full current-universe Buddy evidence refresh.
236,Valentines Card,valentines card,existing_museum_completion_canon,Event,event,252,Y,source_parsed,valentines-card,https://buddy.farm/i/valentines-card/,2026-06-04 museum Library Everything export,Previously present in museum_completion_canon.csv; included for full current-universe Buddy evidence refresh.
237,Five Point Mace,five point mace,existing_museum_completion_canon,Items,items,320,Y,source_parsed,five-point-mace,https://buddy.farm/i/five-point-mace/,2026-06-04 museum Library Everything export,Previously present in museum_completion_canon.csv; included for full current-universe Buddy evidence refresh.
238,Yellow Twine,yellow twine,existing_museum_completion_canon,Items,items,943,Y,source_parsed,yellow-twine,https://buddy.farm/i/yellow-twine/,2026-06-04 museum Library Everything export,Previously present in museum_completion_canon.csv; included for full current-universe Buddy evidence refresh.
239,Slime Bucket,slime bucket,existing_museum_completion_canon,Items,items,768,Y,source_parsed,slime-bucket,https://buddy.farm/i/slime-bucket/,2026-06-04 museum Library Everything export,Previously present in museum_completion_canon.csv; included for full current-universe Buddy evidence refresh.
240,Mystical Staff,mystical staff,existing_museum_completion_canon,Items,items,551,Y,source_parsed,mystical-staff,https://buddy.farm/i/mystical-staff/,2026-06-04 museum Library Everything export,Previously present in museum_completion_canon.csv; included for full current-universe Buddy evidence refresh.
241,Grab Bag 04,grab bag 04,existing_museum_completion_canon,Items,items,395,Y,source_parsed,grab-bag-04,https://buddy.farm/i/grab-bag-04/,2026-06-04 museum Library Everything export,Previously present in museum_completion_canon.csv; included for full current-universe Buddy evidence refresh.
242,Pirate Hook,pirate hook,existing_museum_completion_canon,Items,items,623,Y,source_parsed,pirate-hook,https://buddy.farm/i/pirate-hook/,2026-06-04 museum Library Everything export,Previously present in museum_completion_canon.csv; included for full current-universe Buddy evidence refresh.
243,Onion Seeds,onion seeds,existing_museum_completion_canon,Seeds,seeds,20,Y,source_parsed,onion-seeds,https://buddy.farm/i/onion-seeds/,2026-06-04 museum Library Everything export,Previously present in museum_completion_canon.csv; included for full current-universe Buddy evidence refresh.
244,Red Velvet Cake,red velvet cake,new_in_current_museum_export,,,,,reviewed_name_from_current_export,red-velvet-cake,https://buddy.farm/i/red-velvet-cake/,2026-06-04 museum Library Everything export,"New in current museum export; review sources, icons, recipes, and aliases before canonical promotion."
245,Dragon Heart,dragon heart,existing_museum_completion_canon,Items,items,270,Y,source_parsed,dragon-heart,https://buddy.farm/i/dragon-heart/,2026-06-04 museum Library Everything export,Previously present in museum_completion_canon.csv; included for full current-universe Buddy evidence refresh.
246,Sewing Needle,sewing needle,existing_museum_completion_canon,Items,items,751,Y,source_parsed,sewing-needle,https://buddy.farm/i/sewing-needle/,2026-06-04 museum Library Everything export,Previously present in museum_completion_canon.csv; included for full current-universe Buddy evidence refresh.
247,QED Cell,qed cell,existing_museum_completion_canon,Event,event,206,Y,source_parsed,qed-cell,https://buddy.farm/i/qed-cell/,2026-06-04 museum Library Everything export,Previously present in museum_completion_canon.csv; included for full current-universe Buddy evidence refresh.
248,Frozen Squid,frozen squid,existing_museum_completion_canon,Event,event,120,Y,source_parsed,frozen-squid,https://buddy.farm/i/frozen-squid/,2026-06-04 museum Library Everything export,Previously present in museum_completion_canon.csv; included for full current-universe Buddy evidence refresh.
249,Fancy Present,fancy present,existing_museum_completion_canon,Event,event,97,Y,source_parsed,fancy-present,https://buddy.farm/i/fancy-present/,2026-06-04 museum Library Everything export,Previously present in museum_completion_canon.csv; included for full current-universe Buddy evidence refresh.
250,Gold Egg,gold egg,existing_museum_completion_canon,Event,event,145,Y,source_parsed,gold-egg,https://buddy.farm/i/gold-egg/,2026-06-04 museum Library Everything export,Previously present in museum_completion_canon.csv; included for full current-universe Buddy evidence refresh.
251,Barnacle Shell,barnacle shell,existing_museum_completion_canon,Items,items,62,Y,source_parsed,barnacle-shell,https://buddy.farm/i/barnacle-shell/,2026-06-04 museum Library Everything export,Previously present in museum_completion_canon.csv; included for full current-universe Buddy evidence refresh.
252,Notary Certificate,notary certificate,existing_museum_completion_canon,Items,items,556,Y,source_parsed,notary-certificate,https://buddy.farm/i/notary-certificate/,2026-06-04 museum Library Everything export,Previously present in museum_completion_canon.csv; included for full current-universe Buddy evidence refresh.
253,Zho's Dagger,zho's dagger,existing_museum_completion_canon,Items,items,945,Y,source_parsed,zho-s-dagger,https://buddy.farm/i/zho-s-dagger/,2026-06-04 museum Library Everything export,Previously present in museum_completion_canon.csv; included for full current-universe Buddy evidence refresh.
254,Mapping Compass,mapping compass,existing_museum_completion_canon,Items,items,516,Y,source_parsed,mapping-compass,https://buddy.farm/i/mapping-compass/,2026-06-04 museum Library Everything export,Previously present in museum_completion_canon.csv; included for full current-universe Buddy evidence refresh.
255,Leather,leather,existing_museum_completion_canon,Items,items,481,Y,source_parsed,leather,https://buddy.farm/i/leather/,2026-06-04 museum Library Everything export,Previously present in museum_completion_canon.csv; included for full current-universe Buddy evidence refresh.
256,Wagon Wheel,wagon wheel,existing_museum_completion_canon,Items,items,897,Y,source_parsed,wagon-wheel,https://buddy.farm/i/wagon-wheel/,2026-06-04 museum Library Everything export,Previously present in museum_completion_canon.csv; included for full current-universe Buddy evidence refresh.
257,Basic Pillow,basic pillow,existing_museum_completion_canon,Items,items,63,Y,source_parsed,basic-pillow,https://buddy.farm/i/basic-pillow/,2026-06-04 museum Library Everything export,Previously present in museum_completion_canon.csv; included for full current-universe Buddy evidence refresh.
258,Pea Seeds,pea seeds,existing_museum_completion_canon,Seeds,seeds,21,Y,source_parsed,pea-seeds,https://buddy.farm/i/pea-seeds/,2026-06-04 museum Library Everything export,Previously present in museum_completion_canon.csv; included for full current-universe Buddy evidence refresh.
259,Honeysuckle,honeysuckle,existing_museum_completion_canon,Items,items,439,Y,source_parsed,honeysuckle,https://buddy.farm/i/honeysuckle/,2026-06-04 museum Library Everything export,Previously present in museum_completion_canon.csv; included for full current-universe Buddy evidence refresh.
260,Gold Lemon Quartz Ring,gold lemon quartz ring,existing_museum_completion_canon,Items,items,385,Y,source_parsed,gold-lemon-quartz-ring,https://buddy.farm/i/gold-lemon-quartz-ring/,2026-06-04 museum Library Everything export,Previously present in museum_completion_canon.csv; included for full current-universe Buddy evidence refresh.
261,5th Birthday Card,5th birthday card,new_in_current_museum_export,,,,,reviewed_name_from_current_export,5th-birthday-card,https://buddy.farm/i/5th-birthday-card/,2026-06-04 museum Library Everything export,"New in current museum export; review sources, icons, recipes, and aliases before canonical promotion."
262,Orange Ornament,orange ornament,existing_museum_completion_canon,Event,event,190,Y,source_parsed,orange-ornament,https://buddy.farm/i/orange-ornament/,2026-06-04 museum Library Everything export,Previously present in museum_completion_canon.csv; included for full current-universe Buddy evidence refresh.
263,Red Shirt,red shirt,existing_museum_completion_canon,Items,items,677,Y,source_parsed,red-shirt,https://buddy.farm/i/red-shirt/,2026-06-04 museum Library Everything export,Previously present in museum_completion_canon.csv; included for full current-universe Buddy evidence refresh.
264,Certificate of Hops Giving,certificate of hops giving,existing_museum_completion_canon,Items,items,198,Y,source_parsed,certificate-of-hops-giving,https://buddy.farm/i/certificate-of-hops-giving/,2026-06-04 museum Library Everything export,Previously present in museum_completion_canon.csv; included for full current-universe Buddy evidence refresh.
265,Tin Scraps,tin scraps,existing_museum_completion_canon,Items,items,860,Y,source_parsed,tin-scraps,https://buddy.farm/i/tin-scraps/,2026-06-04 museum Library Everything export,Previously present in museum_completion_canon.csv; included for full current-universe Buddy evidence refresh.
266,Spider,spider,existing_museum_completion_canon,Items,items,789,Y,source_parsed,spider,https://buddy.farm/i/spider/,2026-06-04 museum Library Everything export,Previously present in museum_completion_canon.csv; included for full current-universe Buddy evidence refresh.
267,Wooden Sword,wooden sword,existing_museum_completion_canon,Items,items,929,Y,source_parsed,wooden-sword,https://buddy.farm/i/wooden-sword/,2026-06-04 museum Library Everything export,Previously present in museum_completion_canon.csv; included for full current-universe Buddy evidence refresh.
268,Cricket,cricket,existing_museum_completion_canon,Items,items,251,Y,source_parsed,cricket,https://buddy.farm/i/cricket/,2026-06-04 museum Library Everything export,Previously present in museum_completion_canon.csv; included for full current-universe Buddy evidence refresh.
269,Duck Egg,duck egg,existing_museum_completion_canon,Items,items,274,N,source_parsed,duck-egg,https://buddy.farm/i/duck-egg/,2026-06-04 museum Library Everything export,Previously present in museum_completion_canon.csv; included for full current-universe Buddy evidence refresh.
270,Spiral Shell,spiral shell,existing_museum_completion_canon,Fish,fish,88,Y,source_parsed,spiral-shell,https://buddy.farm/i/spiral-shell/,2026-06-04 museum Library Everything export,Previously present in museum_completion_canon.csv; included for full current-universe Buddy evidence refresh.
271,Cloth,cloth,existing_museum_completion_canon,Items,items,223,Y,source_parsed,cloth,https://buddy.farm/i/cloth/,2026-06-04 museum Library Everything export,Previously present in museum_completion_canon.csv; included for full current-universe Buddy evidence refresh.
272,White Flowers,white flowers,existing_museum_completion_canon,Items,items,905,Y,source_parsed,white-flowers,https://buddy.farm/i/white-flowers/,2026-06-04 museum Library Everything export,Previously present in museum_completion_canon.csv; included for full current-universe Buddy evidence refresh.
273,Bamboo Rope,bamboo rope,existing_museum_completion_canon,Items,items,56,Y,source_parsed,bamboo-rope,https://buddy.farm/i/bamboo-rope/,2026-06-04 museum Library Everything export,Previously present in museum_completion_canon.csv; included for full current-universe Buddy evidence refresh.
274,Milk Carton,milk carton,existing_museum_completion_canon,Event,event,183,Y,source_parsed,milk-carton,https://buddy.farm/i/milk-carton/,2026-06-04 museum Library Everything export,Previously present in museum_completion_canon.csv; included for full current-universe Buddy evidence refresh.
275,Taffy,taffy,existing_museum_completion_canon,Event,event,238,Y,source_parsed,taffy,https://buddy.farm/i/taffy/,2026-06-04 museum Library Everything export,Previously present in museum_completion_canon.csv; included for full current-universe Buddy evidence refresh.
276,Peppers,peppers,existing_museum_completion_canon,Crops,crops,25,Y,source_parsed,peppers,https://buddy.farm/i/peppers/,2026-06-04 museum Library Everything export,Previously present in museum_completion_canon.csv; included for full current-universe Buddy evidence refresh.
277,Frozen Bouquet,frozen bouquet,existing_museum_completion_canon,Items,items,339,Y,source_parsed,frozen-bouquet,https://buddy.farm/i/frozen-bouquet/,2026-06-04 museum Library Everything export,Previously present in museum_completion_canon.csv; included for full current-universe Buddy evidence refresh.
278,Jadeite,jadeite,existing_museum_completion_canon,Items,items,458,Y,source_parsed,jadeite,https://buddy.farm/i/jadeite/,2026-06-04 museum Library Everything export,Previously present in museum_completion_canon.csv; included for full current-universe Buddy evidence refresh.
279,Pie Pan,pie pan,existing_museum_completion_canon,Items,items,598,Y,source_parsed,pie-pan,https://buddy.farm/i/pie-pan/,2026-06-04 museum Library Everything export,Previously present in museum_completion_canon.csv; included for full current-universe Buddy evidence refresh.
280,Rudolph Buddy Doll,rudolph buddy doll,existing_museum_completion_canon,Items,items,697,Y,source_parsed,rudolph-buddy-doll,https://buddy.farm/i/rudolph-buddy-doll/,2026-06-04 museum Library Everything export,Previously present in museum_completion_canon.csv; included for full current-universe Buddy evidence refresh.
281,Fenrir's Coin,fenrir's coin,existing_museum_completion_canon,Items,items,311,Y,source_parsed,fenrir-s-coin,https://buddy.farm/i/fenrir-s-coin/,2026-06-04 museum Library Everything export,Previously present in museum_completion_canon.csv; included for full current-universe Buddy evidence refresh.
282,Safety Goggles,safety goggles,existing_museum_completion_canon,Items,items,725,Y,source_parsed,safety-goggles,https://buddy.farm/i/safety-goggles/,2026-06-04 museum Library Everything export,Previously present in museum_completion_canon.csv; included for full current-universe Buddy evidence refresh.
283,Board,board,existing_museum_completion_canon,Items,items,108,Y,source_parsed,board,https://buddy.farm/i/board/,2026-06-04 museum Library Everything export,Previously present in museum_completion_canon.csv; included for full current-universe Buddy evidence refresh.
284,Wooden Button,wooden button,existing_museum_completion_canon,Items,items,923,Y,source_parsed,wooden-button,https://buddy.farm/i/wooden-button/,2026-06-04 museum Library Everything export,Previously present in museum_completion_canon.csv; included for full current-universe Buddy evidence refresh.
285,Certificate of Sugar Cane Giving,certificate of sugar cane giving,existing_museum_completion_canon,Items,items,208,Y,source_parsed,certificate-of-sugar-cane-giving,https://buddy.farm/i/certificate-of-sugar-cane-giving/,2026-06-04 museum Library Everything export,Previously present in museum_completion_canon.csv; included for full current-universe Buddy evidence refresh.
286,Emerald,emerald,existing_museum_completion_canon,Items,items,282,Y,source_parsed,emerald,https://buddy.farm/i/emerald/,2026-06-04 museum Library Everything export,Previously present in museum_completion_canon.csv; included for full current-universe Buddy evidence refresh.
287,Ruby Scorpion,ruby scorpion,existing_museum_completion_canon,Items,items,695,Y,source_parsed,ruby-scorpion,https://buddy.farm/i/ruby-scorpion/,2026-06-04 museum Library Everything export,Previously present in museum_completion_canon.csv; included for full current-universe Buddy evidence refresh.
288,Mushroom Stew,mushroom stew,existing_museum_completion_canon,Meals,meals,11,Y,source_parsed,mushroom-stew,https://buddy.farm/i/mushroom-stew/,2026-06-04 museum Library Everything export,Previously present in museum_completion_canon.csv; included for full current-universe Buddy evidence refresh.
289,Hourglass,hourglass,existing_museum_completion_canon,Items,items,446,Y,source_parsed,hourglass,https://buddy.farm/i/hourglass/,2026-06-04 museum Library Everything export,Previously present in museum_completion_canon.csv; included for full current-universe Buddy evidence refresh.
290,Carved Owl,carved owl,existing_museum_completion_canon,Items,items,177,Y,source_parsed,carved-owl,https://buddy.farm/i/carved-owl/,2026-06-04 museum Library Everything export,Previously present in museum_completion_canon.csv; included for full current-universe Buddy evidence refresh.
291,Egg 01,egg 01,existing_museum_completion_canon,Event,event,69,Y,source_parsed,egg-01,https://buddy.farm/i/egg-01/,2026-06-04 museum Library Everything export,Previously present in museum_completion_canon.csv; included for full current-universe Buddy evidence refresh.
292,Gouda,gouda,existing_museum_completion_canon,Items,items,391,Y,source_parsed,gouda,https://buddy.farm/i/gouda/,2026-06-04 museum Library Everything export,Previously present in museum_completion_canon.csv; included for full current-universe Buddy evidence refresh.
293,Cave Mushroom,cave mushroom,existing_museum_completion_canon,Items,items,186,Y,source_parsed,cave-mushroom,https://buddy.farm/i/cave-mushroom/,2026-06-04 museum Library Everything export,Previously present in museum_completion_canon.csv; included for full current-universe Buddy evidence refresh.
294,Bessi Gan Belt,bessi gan belt,existing_museum_completion_canon,Items,items,78,Y,source_parsed,bessi-gan-belt,https://buddy.farm/i/bessi-gan-belt/,2026-06-04 museum Library Everything export,Previously present in museum_completion_canon.csv; included for full current-universe Buddy evidence refresh.
295,Buddy Elf on a Shelf,buddy elf on a shelf,existing_museum_completion_canon,Event,event,25,Y,source_parsed,buddy-elf-on-a-shelf,https://buddy.farm/i/buddy-elf-on-a-shelf/,2026-06-04 museum Library Everything export,Previously present in museum_completion_canon.csv; included for full current-universe Buddy evidence refresh.
296,Step Ladder,step ladder,existing_museum_completion_canon,Items,items,812,Y,source_parsed,step-ladder,https://buddy.farm/i/step-ladder/,2026-06-04 museum Library Everything export,Previously present in museum_completion_canon.csv; included for full current-universe Buddy evidence refresh.
297,Mushroom Paste,mushroom paste,existing_museum_completion_canon,Items,items,546,Y,source_parsed,mushroom-paste,https://buddy.farm/i/mushroom-paste/,2026-06-04 museum Library Everything export,Previously present in museum_completion_canon.csv; included for full current-universe Buddy evidence refresh.
298,Acorn Butter,acorn butter,existing_museum_completion_canon,Items,items,9,Y,source_parsed,acorn-butter,https://buddy.farm/i/acorn-butter/,2026-06-04 museum Library Everything export,Previously present in museum_completion_canon.csv; included for full current-universe Buddy evidence refresh.
299,Cockatrice Egg,cockatrice egg,existing_museum_completion_canon,Items,items,226,Y,source_parsed,cockatrice-egg,https://buddy.farm/i/cockatrice-egg/,2026-06-04 museum Library Everything export,Previously present in museum_completion_canon.csv; included for full current-universe Buddy evidence refresh.
300,Embershard,embershard,existing_museum_completion_canon,Items,items,280,Y,source_parsed,embershard,https://buddy.farm/i/embershard/,2026-06-04 museum Library Everything export,Previously present in museum_completion_canon.csv; included for full current-universe Buddy evidence refresh.
301,Shovel,shovel,existing_museum_completion_canon,Items,items,763,Y,source_parsed,shovel,https://buddy.farm/i/shovel/,2026-06-04 museum Library Everything export,Previously present in museum_completion_canon.csv; included for full current-universe Buddy evidence refresh.
302,Keeper Trapper,keeper trapper,existing_museum_completion_canon,Items,items,464,Y,source_parsed,keeper-trapper,https://buddy.farm/i/keeper-trapper/,2026-06-04 museum Library Everything export,Previously present in museum_completion_canon.csv; included for full current-universe Buddy evidence refresh.
303,Green Backpack,green backpack,existing_museum_completion_canon,Items,items,404,Y,source_parsed,green-backpack,https://buddy.farm/i/green-backpack/,2026-06-04 museum Library Everything export,Previously present in museum_completion_canon.csv; included for full current-universe Buddy evidence refresh.
304,Green Jellyfish,green jellyfish,existing_museum_completion_canon,Fish,fish,50,Y,source_parsed,green-jellyfish,https://buddy.farm/i/green-jellyfish/,2026-06-04 museum Library Everything export,Previously present in museum_completion_canon.csv; included for full current-universe Buddy evidence refresh.
305,Frozen Pine,frozen pine,existing_museum_completion_canon,Crops,crops,13,Y,source_parsed,frozen-pine,https://buddy.farm/i/frozen-pine/,2026-06-04 museum Library Everything export,Previously present in museum_completion_canon.csv; included for full current-universe Buddy evidence refresh.
306,Heart-shaped Box 01,heart-shaped box 01,existing_museum_completion_canon,Items,items,426,Y,source_parsed,heart-shaped-box-01,https://buddy.farm/i/heart-shaped-box-01/,2026-06-04 museum Library Everything export,Previously present in museum_completion_canon.csv; included for full current-universe Buddy evidence refresh.
307,Gary's Crushroom Key,gary's crushroom key,existing_museum_completion_canon,Items,items,352,Y,source_parsed,gary-s-crushroom-key,https://buddy.farm/i/gary-s-crushroom-key/,2026-06-04 museum Library Everything export,Previously present in museum_completion_canon.csv; included for full current-universe Buddy evidence refresh.
308,Farmiversary Trophy 02,farmiversary trophy 02,new_in_current_museum_export,,,,,reviewed_name_from_current_export,farmiversary-trophy-02,https://buddy.farm/i/farmiversary-trophy-02/,2026-06-04 museum Library Everything export,"New in current museum export; review sources, icons, recipes, and aliases before canonical promotion."
309,Sturdy Pickaxe,sturdy pickaxe,existing_museum_completion_canon,Items,items,828,Y,source_parsed,sturdy-pickaxe,https://buddy.farm/i/sturdy-pickaxe/,2026-06-04 museum Library Everything export,Previously present in museum_completion_canon.csv; included for full current-universe Buddy evidence refresh.
310,Paper Receipt,paper receipt,existing_museum_completion_canon,Items,items,582,Y,source_parsed,paper-receipt,https://buddy.farm/i/paper-receipt/,2026-06-04 museum Library Everything export,Previously present in museum_completion_canon.csv; included for full current-universe Buddy evidence refresh.
311,100 Gold,100 gold,existing_museum_completion_canon,Items,items,2,Y,source_parsed,100-gold,https://buddy.farm/i/100-gold/,2026-06-04 museum Library Everything export,Previously present in museum_completion_canon.csv; included for full current-universe Buddy evidence refresh.
312,Carved Moose,carved moose,existing_museum_completion_canon,Items,items,175,Y,source_parsed,carved-moose,https://buddy.farm/i/carved-moose/,2026-06-04 museum Library Everything export,Previously present in museum_completion_canon.csv; included for full current-universe Buddy evidence refresh.
313,Cogwheel,cogwheel,existing_museum_completion_canon,Items,items,230,Y,source_parsed,cogwheel,https://buddy.farm/i/cogwheel/,2026-06-04 museum Library Everything export,Previously present in museum_completion_canon.csv; included for full current-universe Buddy evidence refresh.
314,Glass Orb,glass orb,existing_museum_completion_canon,Items,items,372,Y,source_parsed,glass-orb,https://buddy.farm/i/glass-orb/,2026-06-04 museum Library Everything export,Previously present in museum_completion_canon.csv; included for full current-universe Buddy evidence refresh.
315,Wooden Shield,wooden shield,existing_museum_completion_canon,Items,items,927,Y,source_parsed,wooden-shield,https://buddy.farm/i/wooden-shield/,2026-06-04 museum Library Everything export,Previously present in museum_completion_canon.csv; included for full current-universe Buddy evidence refresh.
316,Nut Cracker Buddy Doll,nut cracker buddy doll,existing_museum_completion_canon,Items,items,558,Y,source_parsed,nut-cracker-buddy-doll,https://buddy.farm/i/nut-cracker-buddy-doll/,2026-06-04 museum Library Everything export,Previously present in museum_completion_canon.csv; included for full current-universe Buddy evidence refresh.
317,Buddy Cushion,buddy cushion,existing_museum_completion_canon,Event,event,24,Y,source_parsed,buddy-cushion,https://buddy.farm/i/buddy-cushion/,2026-06-04 museum Library Everything export,Previously present in museum_completion_canon.csv; included for full current-universe Buddy evidence refresh.
318,Purple Twine,purple twine,existing_museum_completion_canon,Items,items,653,Y,source_parsed,purple-twine,https://buddy.farm/i/purple-twine/,2026-06-04 museum Library Everything export,Previously present in museum_completion_canon.csv; included for full current-universe Buddy evidence refresh.
319,Frost Shield,frost shield,existing_museum_completion_canon,Items,items,337,Y,source_parsed,frost-shield,https://buddy.farm/i/frost-shield/,2026-06-04 museum Library Everything export,Previously present in museum_completion_canon.csv; included for full current-universe Buddy evidence refresh.
320,Farmiversary Trophy 05,farmiversary trophy 05,new_in_current_museum_export,,,,,reviewed_name_from_current_export,farmiversary-trophy-05,https://buddy.farm/i/farmiversary-trophy-05/,2026-06-04 museum Library Everything export,"New in current museum export; review sources, icons, recipes, and aliases before canonical promotion."
321,Polished Boot,polished boot,existing_museum_completion_canon,Items,items,630,Y,source_parsed,polished-boot,https://buddy.farm/i/polished-boot/,2026-06-04 museum Library Everything export,Previously present in museum_completion_canon.csv; included for full current-universe Buddy evidence refresh.
322,Wampa Buddy Doll,wampa buddy doll,existing_museum_completion_canon,Items,items,898,Y,source_parsed,wampa-buddy-doll,https://buddy.farm/i/wampa-buddy-doll/,2026-06-04 museum Library Everything export,Previously present in museum_completion_canon.csv; included for full current-universe Buddy evidence refresh.
323,Orcafish,orcafish,existing_museum_completion_canon,Fish,fish,65,Y,source_parsed,orcafish,https://buddy.farm/i/orcafish/,2026-06-04 museum Library Everything export,Previously present in museum_completion_canon.csv; included for full current-universe Buddy evidence refresh.
324,White Purse,white purse,existing_museum_completion_canon,Items,items,907,Y,source_parsed,white-purse,https://buddy.farm/i/white-purse/,2026-06-04 museum Library Everything export,Previously present in museum_completion_canon.csv; included for full current-universe Buddy evidence refresh.
325,Snowball,snowball,existing_museum_completion_canon,Event,event,224,Y,source_parsed,snowball,https://buddy.farm/i/snowball/,2026-06-04 museum Library Everything export,Previously present in museum_completion_canon.csv; included for full current-universe Buddy evidence refresh.
326,Cecil Bobblehead,cecil bobblehead,existing_museum_completion_canon,Items,items,187,Y,source_parsed,cecil-bobblehead,https://buddy.farm/i/cecil-bobblehead/,2026-06-04 museum Library Everything export,Previously present in museum_completion_canon.csv; included for full current-universe Buddy evidence refresh.
327,Christmas Card,christmas card,existing_museum_completion_canon,Event,event,38,Y,source_parsed,christmas-card,https://buddy.farm/i/christmas-card/,2026-06-04 museum Library Everything export,Previously present in museum_completion_canon.csv; included for full current-universe Buddy evidence refresh.
328,Dewstar's Journal,dewstar's journal,existing_museum_completion_canon,Items,items,263,Y,source_parsed,dewstar-s-journal,https://buddy.farm/i/dewstar-s-journal/,2026-06-04 museum Library Everything export,Previously present in museum_completion_canon.csv; included for full current-universe Buddy evidence refresh.
329,Orange Scarf,orange scarf,existing_museum_completion_canon,Items,items,574,Y,source_parsed,orange-scarf,https://buddy.farm/i/orange-scarf/,2026-06-04 museum Library Everything export,Previously present in museum_completion_canon.csv; included for full current-universe Buddy evidence refresh.
330,Strange Mushroom,strange mushroom,existing_museum_completion_canon,Event,event,236,Y,source_parsed,strange-mushroom,https://buddy.farm/i/strange-mushroom/,2026-06-04 museum Library Everything export,Previously present in museum_completion_canon.csv; included for full current-universe Buddy evidence refresh.
331,Stack of Cards,stack of cards,existing_museum_completion_canon,Items,items,800,Y,source_parsed,stack-of-cards,https://buddy.farm/i/stack-of-cards/,2026-06-04 museum Library Everything export,Previously present in museum_completion_canon.csv; included for full current-universe Buddy evidence refresh.
332,Consumption Belt,consumption belt,existing_museum_completion_canon,Event,event,57,Y,source_parsed,consumption-belt,https://buddy.farm/i/consumption-belt/,2026-06-04 museum Library Everything export,Previously present in museum_completion_canon.csv; included for full current-universe Buddy evidence refresh.
333,Happy Halloween Card,happy halloween card,existing_museum_completion_canon,Cards,cards,10,Y,source_parsed,happy-halloween-card,https://buddy.farm/i/happy-halloween-card/,2026-06-04 museum Library Everything export,Previously present in museum_completion_canon.csv; included for full current-universe Buddy evidence refresh.
334,Borgen's Dancing Belt,borgen's dancing belt,existing_museum_completion_canon,Items,items,132,Y,source_parsed,borgen-s-dancing-belt,https://buddy.farm/i/borgen-s-dancing-belt/,2026-06-04 museum Library Everything export,Previously present in museum_completion_canon.csv; included for full current-universe Buddy evidence refresh.
335,Diary of O'Dynn,diary of o'dynn,existing_museum_completion_canon,Items,items,266,Y,source_parsed,diary-of-o-dynn,https://buddy.farm/i/diary-of-o-dynn/,2026-06-04 museum Library Everything export,Previously present in museum_completion_canon.csv; included for full current-universe Buddy evidence refresh.
336,Magical Chest 01,magical chest 01,existing_museum_completion_canon,Items,items,508,Y,source_parsed,magical-chest-01,https://buddy.farm/i/magical-chest-01/,2026-06-04 museum Library Everything export,Previously present in museum_completion_canon.csv; included for full current-universe Buddy evidence refresh.
337,Milk,milk,existing_museum_completion_canon,Items,items,530,Y,source_parsed,milk,https://buddy.farm/i/milk/,2026-06-04 museum Library Everything export,Previously present in museum_completion_canon.csv; included for full current-universe Buddy evidence refresh.
338,Jill Bobblehead,jill bobblehead,existing_museum_completion_canon,Items,items,461,Y,source_parsed,jill-bobblehead,https://buddy.farm/i/jill-bobblehead/,2026-06-04 museum Library Everything export,Previously present in museum_completion_canon.csv; included for full current-universe Buddy evidence refresh.
339,Strange Key 01,strange key 01,existing_museum_completion_canon,Items,items,818,Y,source_parsed,strange-key-01,https://buddy.farm/i/strange-key-01/,2026-06-04 museum Library Everything export,Previously present in museum_completion_canon.csv; included for full current-universe Buddy evidence refresh.
340,Fire Crystal,fire crystal,existing_museum_completion_canon,Items,items,315,Y,source_parsed,fire-crystal,https://buddy.farm/i/fire-crystal/,2026-06-04 museum Library Everything export,Previously present in museum_completion_canon.csv; included for full current-universe Buddy evidence refresh.
341,Breakfast Boost,breakfast boost,existing_museum_completion_canon,Meals,meals,4,Y,source_parsed,breakfast-boost,https://buddy.farm/i/breakfast-boost/,2026-06-04 museum Library Everything export,Previously present in museum_completion_canon.csv; included for full current-universe Buddy evidence refresh.
342,Carved Cow,carved cow,existing_museum_completion_canon,Items,items,171,Y,source_parsed,carved-cow,https://buddy.farm/i/carved-cow/,2026-06-04 museum Library Everything export,Previously present in museum_completion_canon.csv; included for full current-universe Buddy evidence refresh.
343,Feed,feed,existing_museum_completion_canon,Items,items,310,Y,source_parsed,feed,https://buddy.farm/i/feed/,2026-06-04 museum Library Everything export,Previously present in museum_completion_canon.csv; included for full current-universe Buddy evidence refresh.
344,Popcorn,popcorn,existing_museum_completion_canon,Items,items,631,Y,source_parsed,popcorn,https://buddy.farm/i/popcorn/,2026-06-04 museum Library Everything export,Previously present in museum_completion_canon.csv; included for full current-universe Buddy evidence refresh.
345,Holger's Lunch Box,holger's lunch box,existing_museum_completion_canon,Items,items,434,Y,source_parsed,holger-s-lunch-box,https://buddy.farm/i/holger-s-lunch-box/,2026-06-04 museum Library Everything export,Previously present in museum_completion_canon.csv; included for full current-universe Buddy evidence refresh.
346,Jack-o-lantern,jack-o-lantern,existing_museum_completion_canon,Event,event,171,Y,source_parsed,jack-o-lantern,https://buddy.farm/i/jack-o-lantern/,2026-06-04 museum Library Everything export,Previously present in museum_completion_canon.csv; included for full current-universe Buddy evidence refresh.
347,Looking Glass,looking glass,existing_museum_completion_canon,Items,items,496,Y,source_parsed,looking-glass,https://buddy.farm/i/looking-glass/,2026-06-04 museum Library Everything export,Previously present in museum_completion_canon.csv; included for full current-universe Buddy evidence refresh.
348,Hensods's Bonsai,hensods's bonsai,existing_museum_completion_canon,Items,items,430,Y,source_parsed,hensods-s-bonsai,https://buddy.farm/i/hensods-s-bonsai/,2026-06-04 museum Library Everything export,Previously present in museum_completion_canon.csv; included for full current-universe Buddy evidence refresh.
349,Firestream's Magic Wire,firestream's magic wire,existing_museum_completion_canon,Items,items,316,Y,source_parsed,firestream-s-magic-wire,https://buddy.farm/i/firestream-s-magic-wire/,2026-06-04 museum Library Everything export,Previously present in museum_completion_canon.csv; included for full current-universe Buddy evidence refresh.
350,Wooden Spear,wooden spear,existing_museum_completion_canon,Items,items,928,Y,source_parsed,wooden-spear,https://buddy.farm/i/wooden-spear/,2026-06-04 museum Library Everything export,Previously present in museum_completion_canon.csv; included for full current-universe Buddy evidence refresh.
351,Model Ship,model ship,existing_museum_completion_canon,Items,items,535,Y,source_parsed,model-ship,https://buddy.farm/i/model-ship/,2026-06-04 museum Library Everything export,Previously present in museum_completion_canon.csv; included for full current-universe Buddy evidence refresh.
352,Inferno Pepper,inferno pepper,existing_museum_completion_canon,Event,event,170,Y,source_parsed,inferno-pepper,https://buddy.farm/i/inferno-pepper/,2026-06-04 museum Library Everything export,Previously present in museum_completion_canon.csv; included for full current-universe Buddy evidence refresh.
353,Calavera 01,calavera 01,existing_museum_completion_canon,Event,event,28,Y,source_parsed,calavera-01,https://buddy.farm/i/calavera-01/,2026-06-04 museum Library Everything export,Previously present in museum_completion_canon.csv; included for full current-universe Buddy evidence refresh.
354,Frozen Bones,frozen bones,existing_museum_completion_canon,Event,event,103,Y,source_parsed,frozen-bones,https://buddy.farm/i/frozen-bones/,2026-06-04 museum Library Everything export,Previously present in museum_completion_canon.csv; included for full current-universe Buddy evidence refresh.
355,Gary's Diary Page 77,gary's diary page 77,existing_museum_completion_canon,Items,items,355,Y,source_parsed,gary-s-diary-page-77,https://buddy.farm/i/gary-s-diary-page-77/,2026-06-04 museum Library Everything export,Previously present in museum_completion_canon.csv; included for full current-universe Buddy evidence refresh.
356,Cat's Meow,cat's meow,existing_museum_completion_canon,Meals,meals,6,Y,source_parsed,cat-s-meow,https://buddy.farm/i/cat-s-meow/,2026-06-04 museum Library Everything export,Previously present in museum_completion_canon.csv; included for full current-universe Buddy evidence refresh.
357,Bag of Spring Seeds,bag of spring seeds,existing_museum_completion_canon,Items,items,49,Y,source_parsed,bag-of-spring-seeds,https://buddy.farm/i/bag-of-spring-seeds/,2026-06-04 museum Library Everything export,Previously present in museum_completion_canon.csv; included for full current-universe Buddy evidence refresh.
358,Corn Ball,corn ball,existing_museum_completion_canon,Items,items,238,Y,source_parsed,corn-ball,https://buddy.farm/i/corn-ball/,2026-06-04 museum Library Everything export,Previously present in museum_completion_canon.csv; included for full current-universe Buddy evidence refresh.
359,Piece 24,piece 24,existing_museum_completion_canon,Items,items,610,Y,source_parsed,piece-24,https://buddy.farm/i/piece-24/,2026-06-04 museum Library Everything export,Previously present in museum_completion_canon.csv; included for full current-universe Buddy evidence refresh.
360,Gold Diamond Ring,gold diamond ring,existing_museum_completion_canon,Items,items,377,Y,source_parsed,gold-diamond-ring,https://buddy.farm/i/gold-diamond-ring/,2026-06-04 museum Library Everything export,Previously present in museum_completion_canon.csv; included for full current-universe Buddy evidence refresh.
361,Serpent Eel,serpent eel,existing_museum_completion_canon,Fish,fish,79,Y,source_parsed,serpent-eel,https://buddy.farm/i/serpent-eel/,2026-06-04 museum Library Everything export,Previously present in museum_completion_canon.csv; included for full current-universe Buddy evidence refresh.
362,Yellow Ornament,yellow ornament,existing_museum_completion_canon,Event,event,259,Y,source_parsed,yellow-ornament,https://buddy.farm/i/yellow-ornament/,2026-06-04 museum Library Everything export,Previously present in museum_completion_canon.csv; included for full current-universe Buddy evidence refresh.
363,Watermelon,watermelon,existing_museum_completion_canon,Crops,crops,34,Y,source_parsed,watermelon,https://buddy.farm/i/watermelon/,2026-06-04 museum Library Everything export,Previously present in museum_completion_canon.csv; included for full current-universe Buddy evidence refresh.
364,Diving Helmet,diving helmet,existing_museum_completion_canon,Items,items,269,Y,source_parsed,diving-helmet,https://buddy.farm/i/diving-helmet/,2026-06-04 museum Library Everything export,Previously present in museum_completion_canon.csv; included for full current-universe Buddy evidence refresh.
365,Reindeer Headband,reindeer headband,existing_museum_completion_canon,Event,event,213,Y,source_parsed,reindeer-headband,https://buddy.farm/i/reindeer-headband/,2026-06-04 museum Library Everything export,Previously present in museum_completion_canon.csv; included for full current-universe Buddy evidence refresh.
366,Red Flowers,red flowers,existing_museum_completion_canon,Items,items,672,Y,source_parsed,red-flowers,https://buddy.farm/i/red-flowers/,2026-06-04 museum Library Everything export,Previously present in museum_completion_canon.csv; included for full current-universe Buddy evidence refresh.
367,VIP Platinum Card,vip platinum card,existing_museum_completion_canon,Items,items,894,Y,source_parsed,vip-platinum-card,https://buddy.farm/i/vip-platinum-card/,2026-06-04 museum Library Everything export,Previously present in museum_completion_canon.csv; included for full current-universe Buddy evidence refresh.
368,Rope,rope,existing_museum_completion_canon,Items,items,686,Y,source_parsed,rope,https://buddy.farm/i/rope/,2026-06-04 museum Library Everything export,Previously present in museum_completion_canon.csv; included for full current-universe Buddy evidence refresh.
369,Black Powder,black powder,existing_museum_completion_canon,Items,items,87,Y,source_parsed,black-powder,https://buddy.farm/i/black-powder/,2026-06-04 museum Library Everything export,Previously present in museum_completion_canon.csv; included for full current-universe Buddy evidence refresh.
370,Frozen Angelfish,frozen angelfish,existing_museum_completion_canon,Event,event,101,Y,source_parsed,frozen-angelfish,https://buddy.farm/i/frozen-angelfish/,2026-06-04 museum Library Everything export,Previously present in museum_completion_canon.csv; included for full current-universe Buddy evidence refresh.
371,Sunflower,sunflower,existing_museum_completion_canon,Crops,crops,32,Y,source_parsed,sunflower,https://buddy.farm/i/sunflower/,2026-06-04 museum Library Everything export,Previously present in museum_completion_canon.csv; included for full current-universe Buddy evidence refresh.
372,Rosalie Bobblehead,rosalie bobblehead,existing_museum_completion_canon,Items,items,687,Y,source_parsed,rosalie-bobblehead,https://buddy.farm/i/rosalie-bobblehead/,2026-06-04 museum Library Everything export,Previously present in museum_completion_canon.csv; included for full current-universe Buddy evidence refresh.
373,Sappy Christmas Card,sappy christmas card,existing_museum_completion_canon,Cards,cards,12,Y,source_parsed,sappy-christmas-card,https://buddy.farm/i/sappy-christmas-card/,2026-06-04 museum Library Everything export,Previously present in museum_completion_canon.csv; included for full current-universe Buddy evidence refresh.
374,Charles Bobblehead,charles bobblehead,existing_museum_completion_canon,Items,items,214,Y,source_parsed,charles-bobblehead,https://buddy.farm/i/charles-bobblehead/,2026-06-04 museum Library Everything export,Previously present in museum_completion_canon.csv; included for full current-universe Buddy evidence refresh.
375,Pocket Watch,pocket watch,existing_museum_completion_canon,Items,items,628,Y,source_parsed,pocket-watch,https://buddy.farm/i/pocket-watch/,2026-06-04 museum Library Everything export,Previously present in museum_completion_canon.csv; included for full current-universe Buddy evidence refresh.
376,Christmas Stocking,christmas stocking,existing_museum_completion_canon,Event,event,51,Y,source_parsed,christmas-stocking,https://buddy.farm/i/christmas-stocking/,2026-06-04 museum Library Everything export,Previously present in museum_completion_canon.csv; included for full current-universe Buddy evidence refresh.
377,Fluorifish,fluorifish,existing_museum_completion_canon,Fish,fish,27,Y,source_parsed,fluorifish,https://buddy.farm/i/fluorifish/,2026-06-04 museum Library Everything export,Previously present in museum_completion_canon.csv; included for full current-universe Buddy evidence refresh.
378,Runestone 20,runestone 20,existing_museum_completion_canon,Items,items,721,Y,source_parsed,runestone-20,https://buddy.farm/i/runestone-20/,2026-06-04 museum Library Everything export,Previously present in museum_completion_canon.csv; included for full current-universe Buddy evidence refresh.
379,Apple Basket,apple basket,existing_museum_completion_canon,Items,items,22,Y,source_parsed,apple-basket,https://buddy.farm/i/apple-basket/,2026-06-04 museum Library Everything export,Previously present in museum_completion_canon.csv; included for full current-universe Buddy evidence refresh.
380,Flier,flier,existing_museum_completion_canon,Fish,fish,26,Y,source_parsed,flier,https://buddy.farm/i/flier/,2026-06-04 museum Library Everything export,Previously present in museum_completion_canon.csv; included for full current-universe Buddy evidence refresh.
381,Spiked Shell,spiked shell,existing_museum_completion_canon,Items,items,790,Y,source_parsed,spiked-shell,https://buddy.farm/i/spiked-shell/,2026-06-04 museum Library Everything export,Previously present in museum_completion_canon.csv; included for full current-universe Buddy evidence refresh.
382,Star,star,existing_museum_completion_canon,Event,event,234,Y,source_parsed,star,https://buddy.farm/i/star/,2026-06-04 museum Library Everything export,Previously present in museum_completion_canon.csv; included for full current-universe Buddy evidence refresh.
383,Wishbone Necklace,wishbone necklace,existing_museum_completion_canon,Items,items,916,Y,source_parsed,wishbone-necklace,https://buddy.farm/i/wishbone-necklace/,2026-06-04 museum Library Everything export,Previously present in museum_completion_canon.csv; included for full current-universe Buddy evidence refresh.
384,Rune Shard,rune shard,existing_museum_completion_canon,Items,items,699,Y,source_parsed,rune-shard,https://buddy.farm/i/rune-shard/,2026-06-04 museum Library Everything export,Previously present in museum_completion_canon.csv; included for full current-universe Buddy evidence refresh.
385,Anglerfish,anglerfish,existing_museum_completion_canon,Fish,fish,1,Y,source_parsed,anglerfish,https://buddy.farm/i/anglerfish/,2026-06-04 museum Library Everything export,Previously present in museum_completion_canon.csv; included for full current-universe Buddy evidence refresh.
386,Lemon Cream Pie,lemon cream pie,existing_museum_completion_canon,Meals,meals,9,Y,source_parsed,lemon-cream-pie,https://buddy.farm/i/lemon-cream-pie/,2026-06-04 museum Library Everything export,Previously present in museum_completion_canon.csv; included for full current-universe Buddy evidence refresh.
387,Bone Fragments,bone fragments,existing_museum_completion_canon,Items,items,117,Y,source_parsed,bone-fragments,https://buddy.farm/i/bone-fragments/,2026-06-04 museum Library Everything export,Previously present in museum_completion_canon.csv; included for full current-universe Buddy evidence refresh.
388,Horseman's Belt,horseman's belt,existing_museum_completion_canon,Items,items,443,Y,source_parsed,horseman-s-belt,https://buddy.farm/i/horseman-s-belt/,2026-06-04 museum Library Everything export,Previously present in museum_completion_canon.csv; included for full current-universe Buddy evidence refresh.
389,Box of Chocolate 01,box of chocolate 01,existing_museum_completion_canon,Event,event,21,Y,source_parsed,box-of-chocolate-01,https://buddy.farm/i/box-of-chocolate-01/,2026-06-04 museum Library Everything export,Previously present in museum_completion_canon.csv; included for full current-universe Buddy evidence refresh.
390,Headdress of Luna,headdress of luna,existing_museum_completion_canon,Items,items,424,Y,source_parsed,headdress-of-luna,https://buddy.farm/i/headdress-of-luna/,2026-06-04 museum Library Everything export,Previously present in museum_completion_canon.csv; included for full current-universe Buddy evidence refresh.
391,Geist Bobblehead,geist bobblehead,existing_museum_completion_canon,Items,items,358,Y,source_parsed,geist-bobblehead,https://buddy.farm/i/geist-bobblehead/,2026-06-04 museum Library Everything export,Previously present in museum_completion_canon.csv; included for full current-universe Buddy evidence refresh.
392,Certificate of Broccoli Giving,certificate of broccoli giving,existing_museum_completion_canon,Items,items,191,Y,source_parsed,certificate-of-broccoli-giving,https://buddy.farm/i/certificate-of-broccoli-giving/,2026-06-04 museum Library Everything export,Previously present in museum_completion_canon.csv; included for full current-universe Buddy evidence refresh.
393,Certificate of Pea Giving,certificate of pea giving,existing_museum_completion_canon,Items,items,201,Y,source_parsed,certificate-of-pea-giving,https://buddy.farm/i/certificate-of-pea-giving/,2026-06-04 museum Library Everything export,Previously present in museum_completion_canon.csv; included for full current-universe Buddy evidence refresh.
394,Runestone 23,runestone 23,existing_museum_completion_canon,Items,items,722,Y,source_parsed,runestone-23,https://buddy.farm/i/runestone-23/,2026-06-04 museum Library Everything export,Previously present in museum_completion_canon.csv; included for full current-universe Buddy evidence refresh.
395,White Twine,white twine,existing_museum_completion_canon,Items,items,912,Y,source_parsed,white-twine,https://buddy.farm/i/white-twine/,2026-06-04 museum Library Everything export,Previously present in museum_completion_canon.csv; included for full current-universe Buddy evidence refresh.
396,Gold Aquamarine Ring,gold aquamarine ring,existing_museum_completion_canon,Items,items,375,Y,source_parsed,gold-aquamarine-ring,https://buddy.farm/i/gold-aquamarine-ring/,2026-06-04 museum Library Everything export,Previously present in museum_completion_canon.csv; included for full current-universe Buddy evidence refresh.
397,Heart Necklace Left Piece,heart necklace left piece,existing_museum_completion_canon,Event,event,159,Y,source_parsed,heart-necklace-left-piece,https://buddy.farm/i/heart-necklace-left-piece/,2026-06-04 museum Library Everything export,Previously present in museum_completion_canon.csv; included for full current-universe Buddy evidence refresh.
398,Santa Bobblehead,santa bobblehead,existing_museum_completion_canon,Items,items,735,Y,source_parsed,santa-bobblehead,https://buddy.farm/i/santa-bobblehead/,2026-06-04 museum Library Everything export,Previously present in museum_completion_canon.csv; included for full current-universe Buddy evidence refresh.
399,Rudolph,rudolph,existing_museum_completion_canon,Event,event,214,Y,source_parsed,rudolph,https://buddy.farm/i/rudolph/,2026-06-04 museum Library Everything export,Previously present in museum_completion_canon.csv; included for full current-universe Buddy evidence refresh.
400,Copper Wire,copper wire,existing_museum_completion_canon,Items,items,237,Y,source_parsed,copper-wire,https://buddy.farm/i/copper-wire/,2026-06-04 museum Library Everything export,Previously present in museum_completion_canon.csv; included for full current-universe Buddy evidence refresh.
401,Unpolished Ruby,unpolished ruby,existing_museum_completion_canon,Items,items,882,Y,source_parsed,unpolished-ruby,https://buddy.farm/i/unpolished-ruby/,2026-06-04 museum Library Everything export,Previously present in museum_completion_canon.csv; included for full current-universe Buddy evidence refresh.
402,Chum,chum,existing_museum_completion_canon,Items,items,218,Y,source_parsed,chum,https://buddy.farm/i/chum/,2026-06-04 museum Library Everything export,Previously present in museum_completion_canon.csv; included for full current-universe Buddy evidence refresh.
403,Swamp Puzzle,swamp puzzle,existing_museum_completion_canon,Items,items,844,Y,source_parsed,swamp-puzzle,https://buddy.farm/i/swamp-puzzle/,2026-06-04 museum Library Everything export,Previously present in museum_completion_canon.csv; included for full current-universe Buddy evidence refresh.
404,Lucky Potato,lucky potato,new_in_current_museum_export,,,,,reviewed_name_from_current_export,lucky-potato,https://buddy.farm/i/lucky-potato/,2026-06-04 museum Library Everything export,"New in current museum export; review sources, icons, recipes, and aliases before canonical promotion."
405,Snow Globe,snow globe,existing_museum_completion_canon,Event,event,223,Y,source_parsed,snow-globe,https://buddy.farm/i/snow-globe/,2026-06-04 museum Library Everything export,Previously present in museum_completion_canon.csv; included for full current-universe Buddy evidence refresh.
406,Keyglobe,keyglobe,existing_museum_completion_canon,Items,items,465,Y,source_parsed,keyglobe,https://buddy.farm/i/keyglobe/,2026-06-04 museum Library Everything export,Previously present in museum_completion_canon.csv; included for full current-universe Buddy evidence refresh.
407,Mizzem's Daisies,mizzem's daisies,existing_museum_completion_canon,Items,items,534,Y,source_parsed,mizzem-s-daisies,https://buddy.farm/i/mizzem-s-daisies/,2026-06-04 museum Library Everything export,Previously present in museum_completion_canon.csv; included for full current-universe Buddy evidence refresh.
408,Egg of Fire,egg of fire,existing_museum_completion_canon,Event,event,86,Y,source_parsed,egg-of-fire,https://buddy.farm/i/egg-of-fire/,2026-06-04 museum Library Everything export,Previously present in museum_completion_canon.csv; included for full current-universe Buddy evidence refresh.
409,Gold Coral,gold coral,existing_museum_completion_canon,Fish,fish,34,Y,source_parsed,gold-coral,https://buddy.farm/i/gold-coral/,2026-06-04 museum Library Everything export,Previously present in museum_completion_canon.csv; included for full current-universe Buddy evidence refresh.
410,Carved Chicken,carved chicken,existing_museum_completion_canon,Items,items,170,Y,source_parsed,carved-chicken,https://buddy.farm/i/carved-chicken/,2026-06-04 museum Library Everything export,Previously present in museum_completion_canon.csv; included for full current-universe Buddy evidence refresh.
411,Glass Bottle,glass bottle,existing_museum_completion_canon,Items,items,370,Y,source_parsed,glass-bottle,https://buddy.farm/i/glass-bottle/,2026-06-04 museum Library Everything export,Previously present in museum_completion_canon.csv; included for full current-universe Buddy evidence refresh.
412,Mini Time Egg,mini time egg,existing_museum_completion_canon,Items,items,531,Y,source_parsed,mini-time-egg,https://buddy.farm/i/mini-time-egg/,2026-06-04 museum Library Everything export,Previously present in museum_completion_canon.csv; included for full current-universe Buddy evidence refresh.
413,Snail,snail,existing_museum_completion_canon,Items,items,781,Y,source_parsed,snail,https://buddy.farm/i/snail/,2026-06-04 museum Library Everything export,Previously present in museum_completion_canon.csv; included for full current-universe Buddy evidence refresh.
414,Carved Squisquatch,carved squisquatch,existing_museum_completion_canon,Items,items,182,Y,source_parsed,carved-squisquatch,https://buddy.farm/i/carved-squisquatch/,2026-06-04 museum Library Everything export,Previously present in museum_completion_canon.csv; included for full current-universe Buddy evidence refresh.
415,Music Box,music box,existing_museum_completion_canon,Items,items,547,Y,source_parsed,music-box,https://buddy.farm/i/music-box/,2026-06-04 museum Library Everything export,Previously present in museum_completion_canon.csv; included for full current-universe Buddy evidence refresh.
416,Ship in a Bottle,ship in a bottle,existing_museum_completion_canon,Items,items,760,Y,source_parsed,ship-in-a-bottle,https://buddy.farm/i/ship-in-a-bottle/,2026-06-04 museum Library Everything export,Previously present in museum_completion_canon.csv; included for full current-universe Buddy evidence refresh.
417,Welcome Card,welcome card,existing_museum_completion_canon,Cards,cards,15,Y,source_parsed,welcome-card,https://buddy.farm/i/welcome-card/,2026-06-04 museum Library Everything export,Previously present in museum_completion_canon.csv; included for full current-universe Buddy evidence refresh.
418,Birthday Suit Buddy Doll,birthday suit buddy doll,existing_museum_completion_canon,Items,items,82,Y,source_parsed,birthday-suit-buddy-doll,https://buddy.farm/i/birthday-suit-buddy-doll/,2026-06-04 museum Library Everything export,Previously present in museum_completion_canon.csv; included for full current-universe Buddy evidence refresh.
419,Essence of Slime,essence of slime,existing_museum_completion_canon,Items,items,288,Y,source_parsed,essence-of-slime,https://buddy.farm/i/essence-of-slime/,2026-06-04 museum Library Everything export,Previously present in museum_completion_canon.csv; included for full current-universe Buddy evidence refresh.
420,4th Birthday Card,4th birthday card,existing_museum_completion_canon,Cards,cards,2,Y,source_parsed,4th-birthday-card,https://buddy.farm/i/4th-birthday-card/,2026-06-04 museum Library Everything export,Previously present in museum_completion_canon.csv; included for full current-universe Buddy evidence refresh.
421,Sea Urchin,sea urchin,existing_museum_completion_canon,Items,items,745,Y,source_parsed,sea-urchin,https://buddy.farm/i/sea-urchin/,2026-06-04 museum Library Everything export,Previously present in museum_completion_canon.csv; included for full current-universe Buddy evidence refresh.
422,Spring Seeds,spring seeds,existing_museum_completion_canon,Seeds,seeds,28,Y,source_parsed,spring-seeds,https://buddy.farm/i/spring-seeds/,2026-06-04 museum Library Everything export,Previously present in museum_completion_canon.csv; included for full current-universe Buddy evidence refresh.
423,Cornucopia 01,cornucopia 01,existing_museum_completion_canon,Items,items,245,Y,source_parsed,cornucopia-01,https://buddy.farm/i/cornucopia-01/,2026-06-04 museum Library Everything export,Previously present in museum_completion_canon.csv; included for full current-universe Buddy evidence refresh.
424,Orange Butterfly,orange butterfly,existing_museum_completion_canon,Items,items,568,Y,source_parsed,orange-butterfly,https://buddy.farm/i/orange-butterfly/,2026-06-04 museum Library Everything export,Previously present in museum_completion_canon.csv; included for full current-universe Buddy evidence refresh.
425,Control Box,control box,existing_museum_completion_canon,Items,items,234,Y,source_parsed,control-box,https://buddy.farm/i/control-box/,2026-06-04 museum Library Everything export,Previously present in museum_completion_canon.csv; included for full current-universe Buddy evidence refresh.
426,White Sugar,white sugar,existing_museum_completion_canon,Items,items,910,Y,source_parsed,white-sugar,https://buddy.farm/i/white-sugar/,2026-06-04 museum Library Everything export,Previously present in museum_completion_canon.csv; included for full current-universe Buddy evidence refresh.
427,Magic Conch Shell,magic conch shell,existing_museum_completion_canon,Fish,fish,59,Y,source_parsed,magic-conch-shell,https://buddy.farm/i/magic-conch-shell/,2026-06-04 museum Library Everything export,Previously present in museum_completion_canon.csv; included for full current-universe Buddy evidence refresh.
428,White Truffle,white truffle,existing_museum_completion_canon,Items,items,911,Y,source_parsed,white-truffle,https://buddy.farm/i/white-truffle/,2026-06-04 museum Library Everything export,Previously present in museum_completion_canon.csv; included for full current-universe Buddy evidence refresh.
429,Machine Part,machine part,existing_museum_completion_canon,Items,items,503,Y,source_parsed,machine-part,https://buddy.farm/i/machine-part/,2026-06-04 museum Library Everything export,Previously present in museum_completion_canon.csv; included for full current-universe Buddy evidence refresh.
430,Cursed Shield,cursed shield,existing_museum_completion_canon,Event,event,63,Y,source_parsed,cursed-shield,https://buddy.farm/i/cursed-shield/,2026-06-04 museum Library Everything export,Previously present in museum_completion_canon.csv; included for full current-universe Buddy evidence refresh.
431,Runestone 11,runestone 11,existing_museum_completion_canon,Items,items,712,Y,source_parsed,runestone-11,https://buddy.farm/i/runestone-11/,2026-06-04 museum Library Everything export,Previously present in museum_completion_canon.csv; included for full current-universe Buddy evidence refresh.
432,Horned Beetle,horned beetle,existing_museum_completion_canon,Items,items,442,Y,source_parsed,horned-beetle,https://buddy.farm/i/horned-beetle/,2026-06-04 museum Library Everything export,Previously present in museum_completion_canon.csv; included for full current-universe Buddy evidence refresh.
433,Scrap Wire,scrap wire,existing_museum_completion_canon,Items,items,742,Y,source_parsed,scrap-wire,https://buddy.farm/i/scrap-wire/,2026-06-04 museum Library Everything export,Previously present in museum_completion_canon.csv; included for full current-universe Buddy evidence refresh.
434,Lucky Corn,lucky corn,new_in_current_museum_export,,,,,reviewed_name_from_current_export,lucky-corn,https://buddy.farm/i/lucky-corn/,2026-06-04 museum Library Everything export,"New in current museum export; review sources, icons, recipes, and aliases before canonical promotion."
435,Corn Bread,corn bread,existing_museum_completion_canon,Items,items,239,N,source_parsed,corn-bread,https://buddy.farm/i/corn-bread/,2026-06-04 museum Library Everything export,Previously present in museum_completion_canon.csv; included for full current-universe Buddy evidence refresh.
436,Torch Fish,torch fish,existing_museum_completion_canon,Fish,fish,96,Y,source_parsed,torch-fish,https://buddy.farm/i/torch-fish/,2026-06-04 museum Library Everything export,Previously present in museum_completion_canon.csv; included for full current-universe Buddy evidence refresh.
437,Tanooki Buddy Doll,tanooki buddy doll,existing_museum_completion_canon,Items,items,848,Y,source_parsed,tanooki-buddy-doll,https://buddy.farm/i/tanooki-buddy-doll/,2026-06-04 museum Library Everything export,Previously present in museum_completion_canon.csv; included for full current-universe Buddy evidence refresh.
438,Peach,peach,existing_museum_completion_canon,Items,items,586,Y,source_parsed,peach,https://buddy.farm/i/peach/,2026-06-04 museum Library Everything export,Previously present in museum_completion_canon.csv; included for full current-universe Buddy evidence refresh.
439,Supply Bag 02,supply bag 02,existing_museum_completion_canon,Items,items,839,Y,source_parsed,supply-bag-02,https://buddy.farm/i/supply-bag-02/,2026-06-04 museum Library Everything export,Previously present in museum_completion_canon.csv; included for full current-universe Buddy evidence refresh.
440,Apple Turnover,apple turnover,existing_museum_completion_canon,Items,items,32,Y,source_parsed,apple-turnover,https://buddy.farm/i/apple-turnover/,2026-06-04 museum Library Everything export,Previously present in museum_completion_canon.csv; included for full current-universe Buddy evidence refresh.
441,Red Parchment,red parchment,existing_museum_completion_canon,Items,items,674,Y,source_parsed,red-parchment,https://buddy.farm/i/red-parchment/,2026-06-04 museum Library Everything export,Previously present in museum_completion_canon.csv; included for full current-universe Buddy evidence refresh.
442,Potato,potato,existing_museum_completion_canon,Crops,crops,27,Y,source_parsed,potato,https://buddy.farm/i/potato/,2026-06-04 museum Library Everything export,Previously present in museum_completion_canon.csv; included for full current-universe Buddy evidence refresh.
443,You Rock Card,you rock card,existing_museum_completion_canon,Cards,cards,16,Y,source_parsed,you-rock-card,https://buddy.farm/i/you-rock-card/,2026-06-04 museum Library Everything export,Previously present in museum_completion_canon.csv; included for full current-universe Buddy evidence refresh.
444,Comet Egg,comet egg,new_in_current_museum_export,,,,,reviewed_name_from_current_export,comet-egg,https://buddy.farm/i/comet-egg/,2026-06-04 museum Library Everything export,"New in current museum export; review sources, icons, recipes, and aliases before canonical promotion."
445,Corn Seeds,corn seeds,existing_museum_completion_canon,Seeds,seeds,5,Y,source_parsed,corn-seeds,https://buddy.farm/i/corn-seeds/,2026-06-04 museum Library Everything export,Previously present in museum_completion_canon.csv; included for full current-universe Buddy evidence refresh.
446,Werewolf Buddy Doll,werewolf buddy doll,existing_museum_completion_canon,Items,items,902,Y,source_parsed,werewolf-buddy-doll,https://buddy.farm/i/werewolf-buddy-doll/,2026-06-04 museum Library Everything export,Previously present in museum_completion_canon.csv; included for full current-universe Buddy evidence refresh.
447,Toothbrush,toothbrush,existing_museum_completion_canon,Event,event,243,Y,source_parsed,toothbrush,https://buddy.farm/i/toothbrush/,2026-06-04 museum Library Everything export,Previously present in museum_completion_canon.csv; included for full current-universe Buddy evidence refresh.
448,Lollipop,lollipop,existing_museum_completion_canon,Event,event,174,Y,source_parsed,lollipop,https://buddy.farm/i/lollipop/,2026-06-04 museum Library Everything export,Previously present in museum_completion_canon.csv; included for full current-universe Buddy evidence refresh.
449,Book of Fish,book of fish,existing_museum_completion_canon,Items,items,121,Y,source_parsed,book-of-fish,https://buddy.farm/i/book-of-fish/,2026-06-04 museum Library Everything export,Previously present in museum_completion_canon.csv; included for full current-universe Buddy evidence refresh.
450,Mittens,mittens,existing_museum_completion_canon,Event,event,186,Y,source_parsed,mittens,https://buddy.farm/i/mittens/,2026-06-04 museum Library Everything export,Previously present in museum_completion_canon.csv; included for full current-universe Buddy evidence refresh.
451,Salt Rock,salt rock,existing_museum_completion_canon,Items,items,729,Y,source_parsed,salt-rock,https://buddy.farm/i/salt-rock/,2026-06-04 museum Library Everything export,Previously present in museum_completion_canon.csv; included for full current-universe Buddy evidence refresh.
452,Apple Buddy Doll,apple buddy doll,existing_museum_completion_canon,Items,items,24,Y,source_parsed,apple-buddy-doll,https://buddy.farm/i/apple-buddy-doll/,2026-06-04 museum Library Everything export,Previously present in museum_completion_canon.csv; included for full current-universe Buddy evidence refresh.
453,Green Halite,green halite,existing_museum_completion_canon,Items,items,409,Y,source_parsed,green-halite,https://buddy.farm/i/green-halite/,2026-06-04 museum Library Everything export,Previously present in museum_completion_canon.csv; included for full current-universe Buddy evidence refresh.
454,Amber Mire Bloom,amber mire bloom,existing_museum_completion_canon,Items,items,13,Y,source_parsed,amber-mire-bloom,https://buddy.farm/i/amber-mire-bloom/,2026-06-04 museum Library Everything export,Previously present in museum_completion_canon.csv; included for full current-universe Buddy evidence refresh.
455,Joker,joker,existing_museum_completion_canon,Items,items,463,Y,source_parsed,joker,https://buddy.farm/i/joker/,2026-06-04 museum Library Everything export,Previously present in museum_completion_canon.csv; included for full current-universe Buddy evidence refresh.
456,Small Chest 01,small chest 01,existing_museum_completion_canon,Items,items,773,Y,source_parsed,small-chest-01,https://buddy.farm/i/small-chest-01/,2026-06-04 museum Library Everything export,Previously present in museum_completion_canon.csv; included for full current-universe Buddy evidence refresh.
457,Jack-o-key,jack-o-key,existing_museum_completion_canon,Items,items,455,Y,source_parsed,jack-o-key,https://buddy.farm/i/jack-o-key/,2026-06-04 museum Library Everything export,Previously present in museum_completion_canon.csv; included for full current-universe Buddy evidence refresh.
458,Sugar Cane,sugar cane,existing_museum_completion_canon,Crops,crops,31,Y,source_parsed,sugar-cane,https://buddy.farm/i/sugar-cane/,2026-06-04 museum Library Everything export,Previously present in museum_completion_canon.csv; included for full current-universe Buddy evidence refresh.
459,Gold Jelly,gold jelly,existing_museum_completion_canon,Fish,fish,38,Y,source_parsed,gold-jelly,https://buddy.farm/i/gold-jelly/,2026-06-04 museum Library Everything export,Previously present in museum_completion_canon.csv; included for full current-universe Buddy evidence refresh.
460,Aquamarine,aquamarine,existing_museum_completion_canon,Items,items,34,Y,source_parsed,aquamarine,https://buddy.farm/i/aquamarine/,2026-06-04 museum Library Everything export,Previously present in museum_completion_canon.csv; included for full current-universe Buddy evidence refresh.
461,Mug of Beer,mug of beer,existing_museum_completion_canon,Items,items,543,Y,source_parsed,mug-of-beer,https://buddy.farm/i/mug-of-beer/,2026-06-04 museum Library Everything export,Previously present in museum_completion_canon.csv; included for full current-universe Buddy evidence refresh.
462,Holger's Mushroom Stew,holger's mushroom stew,existing_museum_completion_canon,Items,items,435,Y,source_parsed,holger-s-mushroom-stew,https://buddy.farm/i/holger-s-mushroom-stew/,2026-06-04 museum Library Everything export,Previously present in museum_completion_canon.csv; included for full current-universe Buddy evidence refresh.
463,Steel Wire,steel wire,existing_museum_completion_canon,Items,items,811,Y,source_parsed,steel-wire,https://buddy.farm/i/steel-wire/,2026-06-04 museum Library Everything export,Previously present in museum_completion_canon.csv; included for full current-universe Buddy evidence refresh.
464,Sponge,sponge,existing_museum_completion_canon,Event,event,229,Y,source_parsed,sponge,https://buddy.farm/i/sponge/,2026-06-04 museum Library Everything export,Previously present in museum_completion_canon.csv; included for full current-universe Buddy evidence refresh.
465,Bunny Buddy Doll,bunny buddy doll,existing_museum_completion_canon,Items,items,160,Y,source_parsed,bunny-buddy-doll,https://buddy.farm/i/bunny-buddy-doll/,2026-06-04 museum Library Everything export,Previously present in museum_completion_canon.csv; included for full current-universe Buddy evidence refresh.
466,Spring Bangle,spring bangle,existing_museum_completion_canon,Items,items,795,Y,source_parsed,spring-bangle,https://buddy.farm/i/spring-bangle/,2026-06-04 museum Library Everything export,Previously present in museum_completion_canon.csv; included for full current-universe Buddy evidence refresh.
467,Seashell Necklace,seashell necklace,existing_museum_completion_canon,Items,items,747,Y,source_parsed,seashell-necklace,https://buddy.farm/i/seashell-necklace/,2026-06-04 museum Library Everything export,Previously present in museum_completion_canon.csv; included for full current-universe Buddy evidence refresh.
468,Crossbow,crossbow,existing_museum_completion_canon,Items,items,252,Y,source_parsed,crossbow,https://buddy.farm/i/crossbow/,2026-06-04 museum Library Everything export,Previously present in museum_completion_canon.csv; included for full current-universe Buddy evidence refresh.
469,Spool of Copper,spool of copper,existing_museum_completion_canon,Items,items,792,Y,source_parsed,spool-of-copper,https://buddy.farm/i/spool-of-copper/,2026-06-04 museum Library Everything export,Previously present in museum_completion_canon.csv; included for full current-universe Buddy evidence refresh.
470,Rosalie's Red Berry Pie,rosalie's red berry pie,existing_museum_completion_canon,Items,items,691,Y,source_parsed,rosalie-s-red-berry-pie,https://buddy.farm/i/rosalie-s-red-berry-pie/,2026-06-04 museum Library Everything export,Previously present in museum_completion_canon.csv; included for full current-universe Buddy evidence refresh.
471,Marlin,marlin,existing_museum_completion_canon,Fish,fish,60,Y,source_parsed,marlin,https://buddy.farm/i/marlin/,2026-06-04 museum Library Everything export,Previously present in museum_completion_canon.csv; included for full current-universe Buddy evidence refresh.
472,Slime Egg Shell,slime egg shell,existing_museum_completion_canon,Fish,fish,83,Y,source_parsed,slime-egg-shell,https://buddy.farm/i/slime-egg-shell/,2026-06-04 museum Library Everything export,Previously present in museum_completion_canon.csv; included for full current-universe Buddy evidence refresh.
473,Slimestone,slimestone,existing_museum_completion_canon,Items,items,770,Y,source_parsed,slimestone,https://buddy.farm/i/slimestone/,2026-06-04 museum Library Everything export,Previously present in museum_completion_canon.csv; included for full current-universe Buddy evidence refresh.
474,Largemouth Bass,largemouth bass,existing_museum_completion_canon,Fish,fish,55,Y,source_parsed,largemouth-bass,https://buddy.farm/i/largemouth-bass/,2026-06-04 museum Library Everything export,Previously present in museum_completion_canon.csv; included for full current-universe Buddy evidence refresh.
475,Carved Dragon,carved dragon,existing_museum_completion_canon,Items,items,172,Y,source_parsed,carved-dragon,https://buddy.farm/i/carved-dragon/,2026-06-04 museum Library Everything export,Previously present in museum_completion_canon.csv; included for full current-universe Buddy evidence refresh.
476,CptThomas Bobblehead,cptthomas bobblehead,existing_museum_completion_canon,Items,items,248,Y,source_parsed,cptthomas-bobblehead,https://buddy.farm/i/cptthomas-bobblehead/,2026-06-04 museum Library Everything export,Previously present in museum_completion_canon.csv; included for full current-universe Buddy evidence refresh.
477,Charles's Neigh,charles's neigh,existing_museum_completion_canon,Items,items,215,Y,source_parsed,charles-s-neigh,https://buddy.farm/i/charles-s-neigh/,2026-06-04 museum Library Everything export,Previously present in museum_completion_canon.csv; included for full current-universe Buddy evidence refresh.
478,Brown Bag,brown bag,existing_museum_completion_canon,Items,items,144,Y,source_parsed,brown-bag,https://buddy.farm/i/brown-bag/,2026-06-04 museum Library Everything export,Previously present in museum_completion_canon.csv; included for full current-universe Buddy evidence refresh.
479,Harvest Bundle 01,harvest bundle 01,new_in_current_museum_export,,,,,reviewed_name_from_current_export,harvest-bundle-01,https://buddy.farm/i/harvest-bundle-01/,2026-06-04 museum Library Everything export,"New in current museum export; review sources, icons, recipes, and aliases before canonical promotion."
480,Spectacles,spectacles,existing_museum_completion_canon,Items,items,788,Y,source_parsed,spectacles,https://buddy.farm/i/spectacles/,2026-06-04 museum Library Everything export,Previously present in museum_completion_canon.csv; included for full current-universe Buddy evidence refresh.
481,Cursed Effigy Hair,cursed effigy hair,existing_museum_completion_canon,Items,items,259,Y,source_parsed,cursed-effigy-hair,https://buddy.farm/i/cursed-effigy-hair/,2026-06-04 museum Library Everything export,Previously present in museum_completion_canon.csv; included for full current-universe Buddy evidence refresh.
482,Book of Knots,book of knots,existing_museum_completion_canon,Items,items,124,Y,source_parsed,book-of-knots,https://buddy.farm/i/book-of-knots/,2026-06-04 museum Library Everything export,Previously present in museum_completion_canon.csv; included for full current-universe Buddy evidence refresh.
483,Egg 04,egg 04,existing_museum_completion_canon,Event,event,72,Y,source_parsed,egg-04,https://buddy.farm/i/egg-04/,2026-06-04 museum Library Everything export,Previously present in museum_completion_canon.csv; included for full current-universe Buddy evidence refresh.
484,Christmas Present 02,christmas present 02,existing_museum_completion_canon,Event,event,40,Y,source_parsed,christmas-present-02,https://buddy.farm/i/christmas-present-02/,2026-06-04 museum Library Everything export,Previously present in museum_completion_canon.csv; included for full current-universe Buddy evidence refresh.
485,Smart Buddy Doll,smart buddy doll,existing_museum_completion_canon,Items,items,780,Y,source_parsed,smart-buddy-doll,https://buddy.farm/i/smart-buddy-doll/,2026-06-04 museum Library Everything export,Previously present in museum_completion_canon.csv; included for full current-universe Buddy evidence refresh.
486,Hearts,hearts,existing_museum_completion_canon,Items,items,429,Y,source_parsed,hearts,https://buddy.farm/i/hearts/,2026-06-04 museum Library Everything export,Previously present in museum_completion_canon.csv; included for full current-universe Buddy evidence refresh.
487,Runestone 19,runestone 19,existing_museum_completion_canon,Items,items,720,Y,source_parsed,runestone-19,https://buddy.farm/i/runestone-19/,2026-06-04 museum Library Everything export,Previously present in museum_completion_canon.csv; included for full current-universe Buddy evidence refresh.
488,Striped Feather,striped feather,existing_museum_completion_canon,Items,items,824,Y,source_parsed,striped-feather,https://buddy.farm/i/striped-feather/,2026-06-04 museum Library Everything export,Previously present in museum_completion_canon.csv; included for full current-universe Buddy evidence refresh.
489,Pirate Bandana,pirate bandana,existing_museum_completion_canon,Items,items,621,Y,source_parsed,pirate-bandana,https://buddy.farm/i/pirate-bandana/,2026-06-04 museum Library Everything export,Previously present in museum_completion_canon.csv; included for full current-universe Buddy evidence refresh.
490,Fossilized Shell,fossilized shell,existing_museum_completion_canon,Items,items,330,Y,source_parsed,fossilized-shell,https://buddy.farm/i/fossilized-shell/,2026-06-04 museum Library Everything export,Previously present in museum_completion_canon.csv; included for full current-universe Buddy evidence refresh.
491,Fuzzy Chick 09,fuzzy chick 09,existing_museum_completion_canon,Event,event,133,Y,source_parsed,fuzzy-chick-09,https://buddy.farm/i/fuzzy-chick-09/,2026-06-04 museum Library Everything export,Previously present in museum_completion_canon.csv; included for full current-universe Buddy evidence refresh.
492,Shimmer Quartz,shimmer quartz,existing_museum_completion_canon,Items,items,755,Y,source_parsed,shimmer-quartz,https://buddy.farm/i/shimmer-quartz/,2026-06-04 museum Library Everything export,Previously present in museum_completion_canon.csv; included for full current-universe Buddy evidence refresh.
493,Wheat Seeds,wheat seeds,existing_museum_completion_canon,Seeds,seeds,33,Y,source_parsed,wheat-seeds,https://buddy.farm/i/wheat-seeds/,2026-06-04 museum Library Everything export,Previously present in museum_completion_canon.csv; included for full current-universe Buddy evidence refresh.
494,Horn Canteen,horn canteen,existing_museum_completion_canon,Items,items,441,Y,source_parsed,horn-canteen,https://buddy.farm/i/horn-canteen/,2026-06-04 museum Library Everything export,Previously present in museum_completion_canon.csv; included for full current-universe Buddy evidence refresh.
495,Ghost Buddy Doll,ghost buddy doll,existing_museum_completion_canon,Items,items,362,Y,source_parsed,ghost-buddy-doll,https://buddy.farm/i/ghost-buddy-doll/,2026-06-04 museum Library Everything export,Previously present in museum_completion_canon.csv; included for full current-universe Buddy evidence refresh.
496,Mermaid's Scale,mermaid's scale,existing_museum_completion_canon,Event,event,181,Y,source_parsed,mermaid-s-scale,https://buddy.farm/i/mermaid-s-scale/,2026-06-04 museum Library Everything export,Previously present in museum_completion_canon.csv; included for full current-universe Buddy evidence refresh.
497,Peafowl Feather,peafowl feather,existing_museum_completion_canon,Items,items,588,Y,source_parsed,peafowl-feather,https://buddy.farm/i/peafowl-feather/,2026-06-04 museum Library Everything export,Previously present in museum_completion_canon.csv; included for full current-universe Buddy evidence refresh.
498,Official Share,official share,existing_museum_completion_canon,Items,items,563,Y,source_parsed,official-share,https://buddy.farm/i/official-share/,2026-06-04 museum Library Everything export,Previously present in museum_completion_canon.csv; included for full current-universe Buddy evidence refresh.
499,Cooking Pot,cooking pot,existing_museum_completion_canon,Items,items,236,Y,source_parsed,cooking-pot,https://buddy.farm/i/cooking-pot/,2026-06-04 museum Library Everything export,Previously present in museum_completion_canon.csv; included for full current-universe Buddy evidence refresh.
500,Bomb,bomb,existing_museum_completion_canon,Items,items,110,Y,source_parsed,bomb,https://buddy.farm/i/bomb/,2026-06-04 museum Library Everything export,Previously present in museum_completion_canon.csv; included for full current-universe Buddy evidence refresh.
501,Orange Juice,orange juice,existing_museum_completion_canon,Items,items,573,Y,source_parsed,orange-juice,https://buddy.farm/i/orange-juice/,2026-06-04 museum Library Everything export,Previously present in museum_completion_canon.csv; included for full current-universe Buddy evidence refresh.
502,Mermaid's Necklace,mermaid's necklace,existing_museum_completion_canon,Event,event,180,Y,source_parsed,mermaid-s-necklace,https://buddy.farm/i/mermaid-s-necklace/,2026-06-04 museum Library Everything export,Previously present in museum_completion_canon.csv; included for full current-universe Buddy evidence refresh.
503,Fall Leaves,fall leaves,existing_museum_completion_canon,Event,event,96,Y,source_parsed,fall-leaves,https://buddy.farm/i/fall-leaves/,2026-06-04 museum Library Everything export,Previously present in museum_completion_canon.csv; included for full current-universe Buddy evidence refresh.
504,Ancient Treasure Belt,ancient treasure belt,existing_museum_completion_canon,Items,items,18,Y,source_parsed,ancient-treasure-belt,https://buddy.farm/i/ancient-treasure-belt/,2026-06-04 museum Library Everything export,Previously present in museum_completion_canon.csv; included for full current-universe Buddy evidence refresh.
505,King Cake,king cake,existing_museum_completion_canon,Event,event,173,Y,source_parsed,king-cake,https://buddy.farm/i/king-cake/,2026-06-04 museum Library Everything export,Previously present in museum_completion_canon.csv; included for full current-universe Buddy evidence refresh.
506,Wooden Barrel,wooden barrel,existing_museum_completion_canon,Items,items,920,Y,source_parsed,wooden-barrel,https://buddy.farm/i/wooden-barrel/,2026-06-04 museum Library Everything export,Previously present in museum_completion_canon.csv; included for full current-universe Buddy evidence refresh.
507,Bone 05,bone 05,existing_museum_completion_canon,Items,items,115,Y,source_parsed,bone-05,https://buddy.farm/i/bone-05/,2026-06-04 museum Library Everything export,Previously present in museum_completion_canon.csv; included for full current-universe Buddy evidence refresh.
508,Mulberry Snapper,mulberry snapper,existing_museum_completion_canon,Fish,fish,62,Y,source_parsed,mulberry-snapper,https://buddy.farm/i/mulberry-snapper/,2026-06-04 museum Library Everything export,Previously present in museum_completion_canon.csv; included for full current-universe Buddy evidence refresh.
509,Serpent of Trym,serpent of trym,existing_museum_completion_canon,Items,items,750,Y,source_parsed,serpent-of-trym,https://buddy.farm/i/serpent-of-trym/,2026-06-04 museum Library Everything export,Previously present in museum_completion_canon.csv; included for full current-universe Buddy evidence refresh.
510,Ruby,ruby,existing_museum_completion_canon,Items,items,693,Y,source_parsed,ruby,https://buddy.farm/i/ruby/,2026-06-04 museum Library Everything export,Previously present in museum_completion_canon.csv; included for full current-universe Buddy evidence refresh.
511,Cabbage Stew,cabbage stew,existing_museum_completion_canon,Meals,meals,5,Y,source_parsed,cabbage-stew,https://buddy.farm/i/cabbage-stew/,2026-06-04 museum Library Everything export,Previously present in museum_completion_canon.csv; included for full current-universe Buddy evidence refresh.
512,3rd Birthday Card,3rd birthday card,existing_museum_completion_canon,Cards,cards,1,Y,source_parsed,3rd-birthday-card,https://buddy.farm/i/3rd-birthday-card/,2026-06-04 museum Library Everything export,Previously present in museum_completion_canon.csv; included for full current-universe Buddy evidence refresh.
513,Blue Ornament,blue ornament,existing_museum_completion_canon,Event,event,15,Y,source_parsed,blue-ornament,https://buddy.farm/i/blue-ornament/,2026-06-04 museum Library Everything export,Previously present in museum_completion_canon.csv; included for full current-universe Buddy evidence refresh.
514,Gold Horseshoe,gold horseshoe,existing_museum_completion_canon,Event,event,146,Y,source_parsed,gold-horseshoe,https://buddy.farm/i/gold-horseshoe/,2026-06-04 museum Library Everything export,Previously present in museum_completion_canon.csv; included for full current-universe Buddy evidence refresh.
515,Sweet Root,sweet root,existing_museum_completion_canon,Items,items,846,Y,source_parsed,sweet-root,https://buddy.farm/i/sweet-root/,2026-06-04 museum Library Everything export,Previously present in museum_completion_canon.csv; included for full current-universe Buddy evidence refresh.
516,Clawed Card,clawed card,existing_museum_completion_canon,Cards,cards,5,Y,source_parsed,clawed-card,https://buddy.farm/i/clawed-card/,2026-06-04 museum Library Everything export,Previously present in museum_completion_canon.csv; included for full current-universe Buddy evidence refresh.
517,Pet Treat,pet treat,existing_museum_completion_canon,Items,items,595,Y,source_parsed,pet-treat,https://buddy.farm/i/pet-treat/,2026-06-04 museum Library Everything export,Previously present in museum_completion_canon.csv; included for full current-universe Buddy evidence refresh.
518,Gold Garnet Ring,gold garnet ring,existing_museum_completion_canon,Items,items,381,Y,source_parsed,gold-garnet-ring,https://buddy.farm/i/gold-garnet-ring/,2026-06-04 museum Library Everything export,Previously present in museum_completion_canon.csv; included for full current-universe Buddy evidence refresh.
519,Brown Sugar,brown sugar,existing_museum_completion_canon,Items,items,147,Y,source_parsed,brown-sugar,https://buddy.farm/i/brown-sugar/,2026-06-04 museum Library Everything export,Previously present in museum_completion_canon.csv; included for full current-universe Buddy evidence refresh.
520,Boghead Snapper,boghead snapper,existing_museum_completion_canon,Fish,fish,11,Y,source_parsed,boghead-snapper,https://buddy.farm/i/boghead-snapper/,2026-06-04 museum Library Everything export,Previously present in museum_completion_canon.csv; included for full current-universe Buddy evidence refresh.
521,Schoolbook,schoolbook,existing_museum_completion_canon,Event,event,217,Y,source_parsed,schoolbook,https://buddy.farm/i/schoolbook/,2026-06-04 museum Library Everything export,Previously present in museum_completion_canon.csv; included for full current-universe Buddy evidence refresh.
522,Fancy Guitar,fancy guitar,existing_museum_completion_canon,Items,items,299,Y,source_parsed,fancy-guitar,https://buddy.farm/i/fancy-guitar/,2026-06-04 museum Library Everything export,Previously present in museum_completion_canon.csv; included for full current-universe Buddy evidence refresh.
523,Drink Bundle,drink bundle,existing_museum_completion_canon,Items,items,273,Y,source_parsed,drink-bundle,https://buddy.farm/i/drink-bundle/,2026-06-04 museum Library Everything export,Previously present in museum_completion_canon.csv; included for full current-universe Buddy evidence refresh.
524,Gold King Apple,gold king apple,existing_museum_completion_canon,Event,event,147,Y,source_parsed,gold-king-apple,https://buddy.farm/i/gold-king-apple/,2026-06-04 museum Library Everything export,Previously present in museum_completion_canon.csv; included for full current-universe Buddy evidence refresh.
525,Shrimp-a-Plenty,shrimp-a-plenty,existing_museum_completion_canon,Meals,meals,18,Y,source_parsed,shrimp-a-plenty,https://buddy.farm/i/shrimp-a-plenty/,2026-06-04 museum Library Everything export,Previously present in museum_completion_canon.csv; included for full current-universe Buddy evidence refresh.
526,Yarn,yarn,existing_museum_completion_canon,Items,items,935,Y,source_parsed,yarn,https://buddy.farm/i/yarn/,2026-06-04 museum Library Everything export,Previously present in museum_completion_canon.csv; included for full current-universe Buddy evidence refresh.
527,Magna Quartz,magna quartz,existing_museum_completion_canon,Items,items,513,Y,source_parsed,magna-quartz,https://buddy.farm/i/magna-quartz/,2026-06-04 museum Library Everything export,Previously present in museum_completion_canon.csv; included for full current-universe Buddy evidence refresh.
528,Blue Butterfly,blue butterfly,existing_museum_completion_canon,Items,items,96,Y,source_parsed,blue-butterfly,https://buddy.farm/i/blue-butterfly/,2026-06-04 museum Library Everything export,Previously present in museum_completion_canon.csv; included for full current-universe Buddy evidence refresh.
529,Runecorn,runecorn,existing_museum_completion_canon,Items,items,700,Y,source_parsed,runecorn,https://buddy.farm/i/runecorn/,2026-06-04 museum Library Everything export,Previously present in museum_completion_canon.csv; included for full current-universe Buddy evidence refresh.
530,Tower Prep Pack 01,tower prep pack 01,existing_museum_completion_canon,Items,items,863,Y,source_parsed,tower-prep-pack-01,https://buddy.farm/i/tower-prep-pack-01/,2026-06-04 museum Library Everything export,Previously present in museum_completion_canon.csv; included for full current-universe Buddy evidence refresh.
531,Green Butterfly,green butterfly,existing_museum_completion_canon,Items,items,405,Y,source_parsed,green-butterfly,https://buddy.farm/i/green-butterfly/,2026-06-04 museum Library Everything export,Previously present in museum_completion_canon.csv; included for full current-universe Buddy evidence refresh.
532,Good Luck Card,good luck card,existing_museum_completion_canon,Cards,cards,8,Y,source_parsed,good-luck-card,https://buddy.farm/i/good-luck-card/,2026-06-04 museum Library Everything export,Previously present in museum_completion_canon.csv; included for full current-universe Buddy evidence refresh.
533,Prickly Pear,prickly pear,existing_museum_completion_canon,Items,items,637,Y,source_parsed,prickly-pear,https://buddy.farm/i/prickly-pear/,2026-06-04 museum Library Everything export,Previously present in museum_completion_canon.csv; included for full current-universe Buddy evidence refresh.
534,Festive Eggnog,festive eggnog,existing_museum_completion_canon,Event,event,98,Y,source_parsed,festive-eggnog,https://buddy.farm/i/festive-eggnog/,2026-06-04 museum Library Everything export,Previously present in museum_completion_canon.csv; included for full current-universe Buddy evidence refresh.
535,Mega Cotton Seeds,mega cotton seeds,existing_museum_completion_canon,Seeds,seeds,17,Y,source_parsed,mega-cotton-seeds,https://buddy.farm/i/mega-cotton-seeds/,2026-06-04 museum Library Everything export,Previously present in museum_completion_canon.csv; included for full current-universe Buddy evidence refresh.
536,Runestone 01,runestone 01,existing_museum_completion_canon,Items,items,702,Y,source_parsed,runestone-01,https://buddy.farm/i/runestone-01/,2026-06-04 museum Library Everything export,Previously present in museum_completion_canon.csv; included for full current-universe Buddy evidence refresh.
537,Onion Rings,onion rings,existing_museum_completion_canon,Event,event,189,Y,source_parsed,onion-rings,https://buddy.farm/i/onion-rings/,2026-06-04 museum Library Everything export,Previously present in museum_completion_canon.csv; included for full current-universe Buddy evidence refresh.
538,Egg Buddy Doll,egg buddy doll,new_in_current_museum_export,,,,,reviewed_name_from_current_export,egg-buddy-doll,https://buddy.farm/i/egg-buddy-doll/,2026-06-04 museum Library Everything export,"New in current museum export; review sources, icons, recipes, and aliases before canonical promotion."
539,Fishing Net,fishing net,existing_museum_completion_canon,Items,items,319,Y,source_parsed,fishing-net,https://buddy.farm/i/fishing-net/,2026-06-04 museum Library Everything export,Previously present in museum_completion_canon.csv; included for full current-universe Buddy evidence refresh.
540,10 Gold,10 gold,existing_museum_completion_canon,Items,items,1,Y,source_parsed,10-gold,https://buddy.farm/i/10-gold/,2026-06-04 museum Library Everything export,Previously present in museum_completion_canon.csv; included for full current-universe Buddy evidence refresh.
541,Egg 09,egg 09,existing_museum_completion_canon,Event,event,77,Y,source_parsed,egg-09,https://buddy.farm/i/egg-09/,2026-06-04 museum Library Everything export,Previously present in museum_completion_canon.csv; included for full current-universe Buddy evidence refresh.
542,Unrefined Sugar,unrefined sugar,existing_museum_completion_canon,Items,items,884,Y,source_parsed,unrefined-sugar,https://buddy.farm/i/unrefined-sugar/,2026-06-04 museum Library Everything export,Previously present in museum_completion_canon.csv; included for full current-universe Buddy evidence refresh.
543,Goldfish,goldfish,existing_museum_completion_canon,Fish,fish,44,Y,source_parsed,goldfish,https://buddy.farm/i/goldfish/,2026-06-04 museum Library Everything export,Previously present in museum_completion_canon.csv; included for full current-universe Buddy evidence refresh.
544,Certificate of Beet Giving,certificate of beet giving,existing_museum_completion_canon,Items,items,190,Y,source_parsed,certificate-of-beet-giving,https://buddy.farm/i/certificate-of-beet-giving/,2026-06-04 museum Library Everything export,Previously present in museum_completion_canon.csv; included for full current-universe Buddy evidence refresh.
545,Teapot,teapot,existing_museum_completion_canon,Items,items,850,Y,source_parsed,teapot,https://buddy.farm/i/teapot/,2026-06-04 museum Library Everything export,Previously present in museum_completion_canon.csv; included for full current-universe Buddy evidence refresh.
546,Yellow Watermelon,yellow watermelon,existing_museum_completion_canon,Event,event,260,Y,source_parsed,yellow-watermelon,https://buddy.farm/i/yellow-watermelon/,2026-06-04 museum Library Everything export,Previously present in museum_completion_canon.csv; included for full current-universe Buddy evidence refresh.
547,Ancient Stone Cicada,ancient stone cicada,existing_museum_completion_canon,Event,event,2,Y,source_parsed,ancient-stone-cicada,https://buddy.farm/i/ancient-stone-cicada/,2026-06-04 museum Library Everything export,Previously present in museum_completion_canon.csv; included for full current-universe Buddy evidence refresh.
548,Stone Jelly,stone jelly,existing_museum_completion_canon,Fish,fish,92,Y,source_parsed,stone-jelly,https://buddy.farm/i/stone-jelly/,2026-06-04 museum Library Everything export,Previously present in museum_completion_canon.csv; included for full current-universe Buddy evidence refresh.
549,Certificate of Sunflower Giving,certificate of sunflower giving,existing_museum_completion_canon,Items,items,209,Y,source_parsed,certificate-of-sunflower-giving,https://buddy.farm/i/certificate-of-sunflower-giving/,2026-06-04 museum Library Everything export,Previously present in museum_completion_canon.csv; included for full current-universe Buddy evidence refresh.
550,Gary's Diary Page 36,gary's diary page 36,existing_museum_completion_canon,Items,items,354,Y,source_parsed,gary-s-diary-page-36,https://buddy.farm/i/gary-s-diary-page-36/,2026-06-04 museum Library Everything export,Previously present in museum_completion_canon.csv; included for full current-universe Buddy evidence refresh.
551,Slimeback,slimeback,existing_museum_completion_canon,Fish,fish,84,Y,source_parsed,slimeback,https://buddy.farm/i/slimeback/,2026-06-04 museum Library Everything export,Previously present in museum_completion_canon.csv; included for full current-universe Buddy evidence refresh.
552,Bread,bread,existing_museum_completion_canon,Items,items,136,Y,source_parsed,bread,https://buddy.farm/i/bread/,2026-06-04 museum Library Everything export,Previously present in museum_completion_canon.csv; included for full current-universe Buddy evidence refresh.
553,Cyclops Spider,cyclops spider,existing_museum_completion_canon,Items,items,262,Y,source_parsed,cyclops-spider,https://buddy.farm/i/cyclops-spider/,2026-06-04 museum Library Everything export,Previously present in museum_completion_canon.csv; included for full current-universe Buddy evidence refresh.
554,Orange,orange,existing_museum_completion_canon,Items,items,567,Y,source_parsed,orange,https://buddy.farm/i/orange/,2026-06-04 museum Library Everything export,Previously present in museum_completion_canon.csv; included for full current-universe Buddy evidence refresh.
555,Jade,jade,existing_museum_completion_canon,Items,items,456,Y,source_parsed,jade,https://buddy.farm/i/jade/,2026-06-04 museum Library Everything export,Previously present in museum_completion_canon.csv; included for full current-universe Buddy evidence refresh.
556,Pirate Flag,pirate flag,existing_museum_completion_canon,Items,items,622,Y,source_parsed,pirate-flag,https://buddy.farm/i/pirate-flag/,2026-06-04 museum Library Everything export,Previously present in museum_completion_canon.csv; included for full current-universe Buddy evidence refresh.
557,Hummingbird Feeder,hummingbird feeder,existing_museum_completion_canon,Items,items,447,Y,source_parsed,hummingbird-feeder,https://buddy.farm/i/hummingbird-feeder/,2026-06-04 museum Library Everything export,Previously present in museum_completion_canon.csv; included for full current-universe Buddy evidence refresh.
558,Egg of Zeal,egg of zeal,existing_museum_completion_canon,Event,event,92,Y,source_parsed,egg-of-zeal,https://buddy.farm/i/egg-of-zeal/,2026-06-04 museum Library Everything export,Previously present in museum_completion_canon.csv; included for full current-universe Buddy evidence refresh.
559,Christmas Present 08,christmas present 08,existing_museum_completion_canon,Event,event,46,Y,source_parsed,christmas-present-08,https://buddy.farm/i/christmas-present-08/,2026-06-04 museum Library Everything export,Previously present in museum_completion_canon.csv; included for full current-universe Buddy evidence refresh.
560,Asteroid Egg,asteroid egg,new_in_current_museum_export,,,,,reviewed_name_from_current_export,asteroid-egg,https://buddy.farm/i/asteroid-egg/,2026-06-04 museum Library Everything export,"New in current museum export; review sources, icons, recipes, and aliases before canonical promotion."
561,Oceanite,oceanite,existing_museum_completion_canon,Items,items,561,Y,source_parsed,oceanite,https://buddy.farm/i/oceanite/,2026-06-04 museum Library Everything export,Previously present in museum_completion_canon.csv; included for full current-universe Buddy evidence refresh.
562,Ant Apple,ant apple,existing_museum_completion_canon,Event,event,3,Y,source_parsed,ant-apple,https://buddy.farm/i/ant-apple/,2026-06-04 museum Library Everything export,Previously present in museum_completion_canon.csv; included for full current-universe Buddy evidence refresh.
563,Two Hearts Belt,two hearts belt,existing_museum_completion_canon,Event,event,250,Y,source_parsed,two-hearts-belt,https://buddy.farm/i/two-hearts-belt/,2026-06-04 museum Library Everything export,Previously present in museum_completion_canon.csv; included for full current-universe Buddy evidence refresh.
564,Nebula Egg,nebula egg,new_in_current_museum_export,,,,,reviewed_name_from_current_export,nebula-egg,https://buddy.farm/i/nebula-egg/,2026-06-04 museum Library Everything export,"New in current museum export; review sources, icons, recipes, and aliases before canonical promotion."
565,Certificate of Tomato Giving,certificate of tomato giving,existing_museum_completion_canon,Items,items,210,Y,source_parsed,certificate-of-tomato-giving,https://buddy.farm/i/certificate-of-tomato-giving/,2026-06-04 museum Library Everything export,Previously present in museum_completion_canon.csv; included for full current-universe Buddy evidence refresh.
566,Birthday Surprise Box 04,birthday surprise box 04,existing_museum_completion_canon,Event,event,13,Y,source_parsed,birthday-surprise-box-04,https://buddy.farm/i/birthday-surprise-box-04/,2026-06-04 museum Library Everything export,Previously present in museum_completion_canon.csv; included for full current-universe Buddy evidence refresh.
567,Scrap Metal,scrap metal,existing_museum_completion_canon,Items,items,741,Y,source_parsed,scrap-metal,https://buddy.farm/i/scrap-metal/,2026-06-04 museum Library Everything export,Previously present in museum_completion_canon.csv; included for full current-universe Buddy evidence refresh.
568,Certificate of Potato Giving,certificate of potato giving,existing_museum_completion_canon,Items,items,204,Y,source_parsed,certificate-of-potato-giving,https://buddy.farm/i/certificate-of-potato-giving/,2026-06-04 museum Library Everything export,Previously present in museum_completion_canon.csv; included for full current-universe Buddy evidence refresh.
569,Prism Shard,prism shard,existing_museum_completion_canon,Items,items,638,Y,source_parsed,prism-shard,https://buddy.farm/i/prism-shard/,2026-06-04 museum Library Everything export,Previously present in museum_completion_canon.csv; included for full current-universe Buddy evidence refresh.
570,Red Berries,red berries,existing_museum_completion_canon,Items,items,666,Y,source_parsed,red-berries,https://buddy.farm/i/red-berries/,2026-06-04 museum Library Everything export,Previously present in museum_completion_canon.csv; included for full current-universe Buddy evidence refresh.
571,Apple Pie,apple pie,existing_museum_completion_canon,Meals,meals,2,Y,source_parsed,apple-pie,https://buddy.farm/i/apple-pie/,2026-06-04 museum Library Everything export,Previously present in museum_completion_canon.csv; included for full current-universe Buddy evidence refresh.
572,Red Twine,red twine,existing_museum_completion_canon,Items,items,679,Y,source_parsed,red-twine,https://buddy.farm/i/red-twine/,2026-06-04 museum Library Everything export,Previously present in museum_completion_canon.csv; included for full current-universe Buddy evidence refresh.
573,Carp,carp,existing_museum_completion_canon,Fish,fish,14,Y,source_parsed,carp,https://buddy.farm/i/carp/,2026-06-04 museum Library Everything export,Previously present in museum_completion_canon.csv; included for full current-universe Buddy evidence refresh.
574,Mushroom,mushroom,existing_museum_completion_canon,Items,items,545,Y,source_parsed,mushroom,https://buddy.farm/i/mushroom/,2026-06-04 museum Library Everything export,Previously present in museum_completion_canon.csv; included for full current-universe Buddy evidence refresh.
575,Magmastone,magmastone,existing_museum_completion_canon,Items,items,511,Y,source_parsed,magmastone,https://buddy.farm/i/magmastone/,2026-06-04 museum Library Everything export,Previously present in museum_completion_canon.csv; included for full current-universe Buddy evidence refresh.
576,Piece 09,piece 09,existing_museum_completion_canon,Items,items,603,Y,source_parsed,piece-09,https://buddy.farm/i/piece-09/,2026-06-04 museum Library Everything export,Previously present in museum_completion_canon.csv; included for full current-universe Buddy evidence refresh.
577,Buddy Doll,buddy doll,existing_museum_completion_canon,Items,items,151,Y,source_parsed,buddy-doll,https://buddy.farm/i/buddy-doll/,2026-06-04 museum Library Everything export,Previously present in museum_completion_canon.csv; included for full current-universe Buddy evidence refresh.
578,Egg of Chaos,egg of chaos,existing_museum_completion_canon,Event,event,84,Y,source_parsed,egg-of-chaos,https://buddy.farm/i/egg-of-chaos/,2026-06-04 museum Library Everything export,Previously present in museum_completion_canon.csv; included for full current-universe Buddy evidence refresh.
579,Red Brick,red brick,existing_museum_completion_canon,Items,items,668,Y,source_parsed,red-brick,https://buddy.farm/i/red-brick/,2026-06-04 museum Library Everything export,Previously present in museum_completion_canon.csv; included for full current-universe Buddy evidence refresh.
580,Nails,nails,existing_museum_completion_canon,Items,items,553,Y,source_parsed,nails,https://buddy.farm/i/nails/,2026-06-04 museum Library Everything export,Previously present in museum_completion_canon.csv; included for full current-universe Buddy evidence refresh.
581,Gold Jade Ring,gold jade ring,existing_museum_completion_canon,Items,items,382,Y,source_parsed,gold-jade-ring,https://buddy.farm/i/gold-jade-ring/,2026-06-04 museum Library Everything export,Previously present in museum_completion_canon.csv; included for full current-universe Buddy evidence refresh.
582,Carved Kitty,carved kitty,existing_museum_completion_canon,Items,items,174,Y,source_parsed,carved-kitty,https://buddy.farm/i/carved-kitty/,2026-06-04 museum Library Everything export,Previously present in museum_completion_canon.csv; included for full current-universe Buddy evidence refresh.
583,Gold Ring,gold ring,existing_museum_completion_canon,Items,items,387,Y,source_parsed,gold-ring,https://buddy.farm/i/gold-ring/,2026-06-04 museum Library Everything export,Previously present in museum_completion_canon.csv; included for full current-universe Buddy evidence refresh.
584,Grab Bag 08,grab bag 08,existing_museum_completion_canon,Items,items,399,Y,source_parsed,grab-bag-08,https://buddy.farm/i/grab-bag-08/,2026-06-04 museum Library Everything export,Previously present in museum_completion_canon.csv; included for full current-universe Buddy evidence refresh.
585,Ship Mast,ship mast,existing_museum_completion_canon,Items,items,761,Y,source_parsed,ship-mast,https://buddy.farm/i/ship-mast/,2026-06-04 museum Library Everything export,Previously present in museum_completion_canon.csv; included for full current-universe Buddy evidence refresh.
586,Happy Farmiversary Card,happy farmiversary card,existing_museum_completion_canon,Cards,cards,9,Y,source_parsed,happy-farmiversary-card,https://buddy.farm/i/happy-farmiversary-card/,2026-06-04 museum Library Everything export,Previously present in museum_completion_canon.csv; included for full current-universe Buddy evidence refresh.
587,Egg of Space,egg of space,existing_museum_completion_canon,Event,event,90,Y,source_parsed,egg-of-space,https://buddy.farm/i/egg-of-space/,2026-06-04 museum Library Everything export,Previously present in museum_completion_canon.csv; included for full current-universe Buddy evidence refresh.
588,Black Truffle,black truffle,existing_museum_completion_canon,Items,items,92,Y,source_parsed,black-truffle,https://buddy.farm/i/black-truffle/,2026-06-04 museum Library Everything export,Previously present in museum_completion_canon.csv; included for full current-universe Buddy evidence refresh.
589,Backpack,backpack,existing_museum_completion_canon,Items,items,46,Y,source_parsed,backpack,https://buddy.farm/i/backpack/,2026-06-04 museum Library Everything export,Previously present in museum_completion_canon.csv; included for full current-universe Buddy evidence refresh.
590,Pearl Berry Jam,pearl berry jam,existing_museum_completion_canon,Items,items,590,Y,source_parsed,pearl-berry-jam,https://buddy.farm/i/pearl-berry-jam/,2026-06-04 museum Library Everything export,Previously present in museum_completion_canon.csv; included for full current-universe Buddy evidence refresh.
591,Belt of Commander Uteer,belt of commander uteer,existing_museum_completion_canon,Items,items,74,Y,source_parsed,belt-of-commander-uteer,https://buddy.farm/i/belt-of-commander-uteer/,2026-06-04 museum Library Everything export,Previously present in museum_completion_canon.csv; included for full current-universe Buddy evidence refresh.
592,Apple Cider,apple cider,existing_museum_completion_canon,Items,items,25,Y,source_parsed,apple-cider,https://buddy.farm/i/apple-cider/,2026-06-04 museum Library Everything export,Previously present in museum_completion_canon.csv; included for full current-universe Buddy evidence refresh.
593,Large Clam Shell,large clam shell,existing_museum_completion_canon,Fish,fish,54,Y,source_parsed,large-clam-shell,https://buddy.farm/i/large-clam-shell/,2026-06-04 museum Library Everything export,Previously present in museum_completion_canon.csv; included for full current-universe Buddy evidence refresh.
594,Clam Shell,clam shell,existing_museum_completion_canon,Fish,fish,16,Y,source_parsed,clam-shell,https://buddy.farm/i/clam-shell/,2026-06-04 museum Library Everything export,Previously present in museum_completion_canon.csv; included for full current-universe Buddy evidence refresh.
595,Yule Goat,yule goat,existing_museum_completion_canon,Event,event,261,Y,source_parsed,yule-goat,https://buddy.farm/i/yule-goat/,2026-06-04 museum Library Everything export,Previously present in museum_completion_canon.csv; included for full current-universe Buddy evidence refresh.
596,Banana Peel,banana peel,existing_museum_completion_canon,Items,items,58,N,source_parsed,banana-peel,https://buddy.farm/i/banana-peel/,2026-06-04 museum Library Everything export,Previously present in museum_completion_canon.csv; included for full current-universe Buddy evidence refresh.
597,Blue Tang,blue tang,existing_museum_completion_canon,Event,event,17,Y,source_parsed,blue-tang,https://buddy.farm/i/blue-tang/,2026-06-04 museum Library Everything export,Previously present in museum_completion_canon.csv; included for full current-universe Buddy evidence refresh.
598,Pine Cone,pine cone,existing_museum_completion_canon,Items,items,618,Y,source_parsed,pine-cone,https://buddy.farm/i/pine-cone/,2026-06-04 museum Library Everything export,Previously present in museum_completion_canon.csv; included for full current-universe Buddy evidence refresh.
599,Shiny Beetle,shiny beetle,existing_museum_completion_canon,Items,items,759,Y,source_parsed,shiny-beetle,https://buddy.farm/i/shiny-beetle/,2026-06-04 museum Library Everything export,Previously present in museum_completion_canon.csv; included for full current-universe Buddy evidence refresh.
600,Wizard's Second Favorite Feather,wizard's second favorite feather,existing_museum_completion_canon,Items,items,918,Y,source_parsed,wizard-s-second-favorite-feather,https://buddy.farm/i/wizard-s-second-favorite-feather/,2026-06-04 museum Library Everything export,Previously present in museum_completion_canon.csv; included for full current-universe Buddy evidence refresh.
601,Carved Rhino,carved rhino,existing_museum_completion_canon,Items,items,180,Y,source_parsed,carved-rhino,https://buddy.farm/i/carved-rhino/,2026-06-04 museum Library Everything export,Previously present in museum_completion_canon.csv; included for full current-universe Buddy evidence refresh.
602,Magus Hat,magus hat,existing_museum_completion_canon,Items,items,515,Y,source_parsed,magus-hat,https://buddy.farm/i/magus-hat/,2026-06-04 museum Library Everything export,Previously present in museum_completion_canon.csv; included for full current-universe Buddy evidence refresh.
603,Gainite,gainite,existing_museum_completion_canon,Items,items,347,Y,source_parsed,gainite,https://buddy.farm/i/gainite/,2026-06-04 museum Library Everything export,Previously present in museum_completion_canon.csv; included for full current-universe Buddy evidence refresh.
604,Garden Crate 01,garden crate 01,new_in_current_museum_export,,,,,reviewed_name_from_current_export,garden-crate-01,https://buddy.farm/i/garden-crate-01/,2026-06-04 museum Library Everything export,"New in current museum export; review sources, icons, recipes, and aliases before canonical promotion."
605,Bamboo Flute,bamboo flute,existing_museum_completion_canon,Items,items,55,Y,source_parsed,bamboo-flute,https://buddy.farm/i/bamboo-flute/,2026-06-04 museum Library Everything export,Previously present in museum_completion_canon.csv; included for full current-universe Buddy evidence refresh.
606,Cabbage,cabbage,existing_museum_completion_canon,Crops,crops,3,Y,source_parsed,cabbage,https://buddy.farm/i/cabbage/,2026-06-04 museum Library Everything export,Previously present in museum_completion_canon.csv; included for full current-universe Buddy evidence refresh.
607,Frozen Coin,frozen coin,existing_museum_completion_canon,Event,event,107,Y,source_parsed,frozen-coin,https://buddy.farm/i/frozen-coin/,2026-06-04 museum Library Everything export,Previously present in museum_completion_canon.csv; included for full current-universe Buddy evidence refresh.
608,Wizard Hat,wizard hat,existing_museum_completion_canon,Items,items,917,Y,source_parsed,wizard-hat,https://buddy.farm/i/wizard-hat/,2026-06-04 museum Library Everything export,Previously present in museum_completion_canon.csv; included for full current-universe Buddy evidence refresh.
609,Cucumber Seeds,cucumber seeds,existing_museum_completion_canon,Seeds,seeds,7,Y,source_parsed,cucumber-seeds,https://buddy.farm/i/cucumber-seeds/,2026-06-04 museum Library Everything export,Previously present in museum_completion_canon.csv; included for full current-universe Buddy evidence refresh.
610,Whistle,whistle,existing_museum_completion_canon,Event,event,255,Y,source_parsed,whistle,https://buddy.farm/i/whistle/,2026-06-04 museum Library Everything export,Previously present in museum_completion_canon.csv; included for full current-universe Buddy evidence refresh.
611,Small Prawn,small prawn,existing_museum_completion_canon,Fish,fish,86,Y,source_parsed,small-prawn,https://buddy.farm/i/small-prawn/,2026-06-04 museum Library Everything export,Previously present in museum_completion_canon.csv; included for full current-universe Buddy evidence refresh.
612,Gift Basket 02,gift basket 02,existing_museum_completion_canon,Items,items,366,Y,source_parsed,gift-basket-02,https://buddy.farm/i/gift-basket-02/,2026-06-04 museum Library Everything export,Previously present in museum_completion_canon.csv; included for full current-universe Buddy evidence refresh.
613,Pulley,pulley,existing_museum_completion_canon,Items,items,643,Y,source_parsed,pulley,https://buddy.farm/i/pulley/,2026-06-04 museum Library Everything export,Previously present in museum_completion_canon.csv; included for full current-universe Buddy evidence refresh.
614,Pearl Necklace,pearl necklace,existing_museum_completion_canon,Items,items,591,Y,source_parsed,pearl-necklace,https://buddy.farm/i/pearl-necklace/,2026-06-04 museum Library Everything export,Previously present in museum_completion_canon.csv; included for full current-universe Buddy evidence refresh.
615,Dream Nail,dream nail,existing_museum_completion_canon,Event,event,68,Y,source_parsed,dream-nail,https://buddy.farm/i/dream-nail/,2026-06-04 museum Library Everything export,Previously present in museum_completion_canon.csv; included for full current-universe Buddy evidence refresh.
616,Ladder,ladder,existing_museum_completion_canon,Items,items,470,Y,source_parsed,ladder,https://buddy.farm/i/ladder/,2026-06-04 museum Library Everything export,Previously present in museum_completion_canon.csv; included for full current-universe Buddy evidence refresh.
617,Wrench,wrench,existing_museum_completion_canon,Items,items,932,Y,source_parsed,wrench,https://buddy.farm/i/wrench/,2026-06-04 museum Library Everything export,Previously present in museum_completion_canon.csv; included for full current-universe Buddy evidence refresh.
618,Honeycomb,honeycomb,existing_museum_completion_canon,Items,items,438,Y,source_parsed,honeycomb,https://buddy.farm/i/honeycomb/,2026-06-04 museum Library Everything export,Previously present in museum_completion_canon.csv; included for full current-universe Buddy evidence refresh.
619,Grab Bag 03,grab bag 03,existing_museum_completion_canon,Items,items,394,Y,source_parsed,grab-bag-03,https://buddy.farm/i/grab-bag-03/,2026-06-04 museum Library Everything export,Previously present in museum_completion_canon.csv; included for full current-universe Buddy evidence refresh.
620,Wooden Box,wooden box,existing_museum_completion_canon,Items,items,922,Y,source_parsed,wooden-box,https://buddy.farm/i/wooden-box/,2026-06-04 museum Library Everything export,Previously present in museum_completion_canon.csv; included for full current-universe Buddy evidence refresh.
621,Gold Carrot,gold carrot,existing_museum_completion_canon,Crops,crops,16,Y,source_parsed,gold-carrot,https://buddy.farm/i/gold-carrot/,2026-06-04 museum Library Everything export,Previously present in museum_completion_canon.csv; included for full current-universe Buddy evidence refresh.
622,Baba Gec's Cabbage Stew,baba gec's cabbage stew,existing_museum_completion_canon,Items,items,44,Y,source_parsed,baba-gec-s-cabbage-stew,https://buddy.farm/i/baba-gec-s-cabbage-stew/,2026-06-04 museum Library Everything export,Previously present in museum_completion_canon.csv; included for full current-universe Buddy evidence refresh.
623,Glass Eye Urchin,glass eye urchin,existing_museum_completion_canon,Fish,fish,30,Y,source_parsed,glass-eye-urchin,https://buddy.farm/i/glass-eye-urchin/,2026-06-04 museum Library Everything export,Previously present in museum_completion_canon.csv; included for full current-universe Buddy evidence refresh.
624,Ruby Ring,ruby ring,existing_museum_completion_canon,Items,items,694,Y,source_parsed,ruby-ring,https://buddy.farm/i/ruby-ring/,2026-06-04 museum Library Everything export,Previously present in museum_completion_canon.csv; included for full current-universe Buddy evidence refresh.
625,Block of Wood,block of wood,existing_museum_completion_canon,Items,items,94,Y,source_parsed,block-of-wood,https://buddy.farm/i/block-of-wood/,2026-06-04 museum Library Everything export,Previously present in museum_completion_canon.csv; included for full current-universe Buddy evidence refresh.
626,Box of Holiday Cakes,box of holiday cakes,existing_museum_completion_canon,Event,event,23,Y,source_parsed,box-of-holiday-cakes,https://buddy.farm/i/box-of-holiday-cakes/,2026-06-04 museum Library Everything export,Previously present in museum_completion_canon.csv; included for full current-universe Buddy evidence refresh.
627,Cooked Turkey,cooked turkey,existing_museum_completion_canon,Event,event,58,Y,source_parsed,cooked-turkey,https://buddy.farm/i/cooked-turkey/,2026-06-04 museum Library Everything export,Previously present in museum_completion_canon.csv; included for full current-universe Buddy evidence refresh.
628,Seahorse,seahorse,existing_museum_completion_canon,Fish,fish,77,Y,source_parsed,seahorse,https://buddy.farm/i/seahorse/,2026-06-04 museum Library Everything export,Previously present in museum_completion_canon.csv; included for full current-universe Buddy evidence refresh.
629,Stone Key,stone key,existing_museum_completion_canon,Items,items,814,Y,source_parsed,stone-key,https://buddy.farm/i/stone-key/,2026-06-04 museum Library Everything export,Previously present in museum_completion_canon.csv; included for full current-universe Buddy evidence refresh.
630,Dasher,dasher,existing_museum_completion_canon,Event,event,65,Y,source_parsed,dasher,https://buddy.farm/i/dasher/,2026-06-04 museum Library Everything export,Previously present in museum_completion_canon.csv; included for full current-universe Buddy evidence refresh.
631,Frozen Shell,frozen shell,existing_museum_completion_canon,Event,event,117,Y,source_parsed,frozen-shell,https://buddy.farm/i/frozen-shell/,2026-06-04 museum Library Everything export,Previously present in museum_completion_canon.csv; included for full current-universe Buddy evidence refresh.
632,Bone Pickaxe,bone pickaxe,existing_museum_completion_canon,Items,items,118,Y,source_parsed,bone-pickaxe,https://buddy.farm/i/bone-pickaxe/,2026-06-04 museum Library Everything export,Previously present in museum_completion_canon.csv; included for full current-universe Buddy evidence refresh.
633,Egg 11,egg 11,existing_museum_completion_canon,Event,event,79,Y,source_parsed,egg-11,https://buddy.farm/i/egg-11/,2026-06-04 museum Library Everything export,Previously present in museum_completion_canon.csv; included for full current-universe Buddy evidence refresh.
634,Snowman Buddy Doll,snowman buddy doll,existing_museum_completion_canon,Items,items,783,Y,source_parsed,snowman-buddy-doll,https://buddy.farm/i/snowman-buddy-doll/,2026-06-04 museum Library Everything export,Previously present in museum_completion_canon.csv; included for full current-universe Buddy evidence refresh.
635,Holiday Garland,holiday garland,existing_museum_completion_canon,Event,event,166,Y,source_parsed,holiday-garland,https://buddy.farm/i/holiday-garland/,2026-06-04 museum Library Everything export,Previously present in museum_completion_canon.csv; included for full current-universe Buddy evidence refresh.
636,Slobster,slobster,existing_museum_completion_canon,Fish,fish,85,Y,source_parsed,slobster,https://buddy.farm/i/slobster/,2026-06-04 museum Library Everything export,Previously present in museum_completion_canon.csv; included for full current-universe Buddy evidence refresh.
637,Cupid,cupid,existing_museum_completion_canon,Event,event,62,Y,source_parsed,cupid,https://buddy.farm/i/cupid/,2026-06-04 museum Library Everything export,Previously present in museum_completion_canon.csv; included for full current-universe Buddy evidence refresh.
638,Yellow Flowers,yellow flowers,existing_museum_completion_canon,Items,items,939,Y,source_parsed,yellow-flowers,https://buddy.farm/i/yellow-flowers/,2026-06-04 museum Library Everything export,Previously present in museum_completion_canon.csv; included for full current-universe Buddy evidence refresh.
639,Red Scarf,red scarf,existing_museum_completion_canon,Items,items,675,Y,source_parsed,red-scarf,https://buddy.farm/i/red-scarf/,2026-06-04 museum Library Everything export,Previously present in museum_completion_canon.csv; included for full current-universe Buddy evidence refresh.
640,Tin Can,tin can,existing_museum_completion_canon,Items,items,859,Y,source_parsed,tin-can,https://buddy.farm/i/tin-can/,2026-06-04 museum Library Everything export,Previously present in museum_completion_canon.csv; included for full current-universe Buddy evidence refresh.
641,Calavera 02,calavera 02,existing_museum_completion_canon,Event,event,29,Y,source_parsed,calavera-02,https://buddy.farm/i/calavera-02/,2026-06-04 museum Library Everything export,Previously present in museum_completion_canon.csv; included for full current-universe Buddy evidence refresh.
642,Egg of Tree,egg of tree,existing_museum_completion_canon,Items,items,278,Y,source_parsed,egg-of-tree,https://buddy.farm/i/egg-of-tree/,2026-06-04 museum Library Everything export,Previously present in museum_completion_canon.csv; included for full current-universe Buddy evidence refresh.
643,Glassback,glassback,existing_museum_completion_canon,Fish,fish,31,Y,source_parsed,glassback,https://buddy.farm/i/glassback/,2026-06-04 museum Library Everything export,Previously present in museum_completion_canon.csv; included for full current-universe Buddy evidence refresh.
644,White Cloak,white cloak,existing_museum_completion_canon,Items,items,903,Y,source_parsed,white-cloak,https://buddy.farm/i/white-cloak/,2026-06-04 museum Library Everything export,Previously present in museum_completion_canon.csv; included for full current-universe Buddy evidence refresh.
645,Friendship Bracelet,friendship bracelet,existing_museum_completion_canon,Items,items,335,Y,source_parsed,friendship-bracelet,https://buddy.farm/i/friendship-bracelet/,2026-06-04 museum Library Everything export,Previously present in museum_completion_canon.csv; included for full current-universe Buddy evidence refresh.
646,Bird Egg,bird egg,existing_museum_completion_canon,Items,items,79,Y,source_parsed,bird-egg,https://buddy.farm/i/bird-egg/,2026-06-04 museum Library Everything export,Previously present in museum_completion_canon.csv; included for full current-universe Buddy evidence refresh.
647,Lovely Cookies,lovely cookies,existing_museum_completion_canon,Event,event,175,Y,source_parsed,lovely-cookies,https://buddy.farm/i/lovely-cookies/,2026-06-04 museum Library Everything export,Previously present in museum_completion_canon.csv; included for full current-universe Buddy evidence refresh.
648,Piece 03,piece 03,existing_museum_completion_canon,Items,items,600,Y,source_parsed,piece-03,https://buddy.farm/i/piece-03/,2026-06-04 museum Library Everything export,Previously present in museum_completion_canon.csv; included for full current-universe Buddy evidence refresh.
649,Sea Catfish,sea catfish,existing_museum_completion_canon,Fish,fish,75,Y,source_parsed,sea-catfish,https://buddy.farm/i/sea-catfish/,2026-06-04 museum Library Everything export,Previously present in museum_completion_canon.csv; included for full current-universe Buddy evidence refresh.
650,Gold Pepper Seeds,gold pepper seeds,existing_museum_completion_canon,Seeds,seeds,13,Y,source_parsed,gold-pepper-seeds,https://buddy.farm/i/gold-pepper-seeds/,2026-06-04 museum Library Everything export,Previously present in museum_completion_canon.csv; included for full current-universe Buddy evidence refresh.
651,Lavos Shard,lavos shard,existing_museum_completion_canon,Items,items,480,Y,source_parsed,lavos-shard,https://buddy.farm/i/lavos-shard/,2026-06-04 museum Library Everything export,Previously present in museum_completion_canon.csv; included for full current-universe Buddy evidence refresh.
652,Hot Potato,hot potato,existing_museum_completion_canon,Event,event,169,Y,source_parsed,hot-potato,https://buddy.farm/i/hot-potato/,2026-06-04 museum Library Everything export,Previously present in museum_completion_canon.csv; included for full current-universe Buddy evidence refresh.
653,Beach Umbrella,beach umbrella,existing_museum_completion_canon,Items,items,65,Y,source_parsed,beach-umbrella,https://buddy.farm/i/beach-umbrella/,2026-06-04 museum Library Everything export,Previously present in museum_completion_canon.csv; included for full current-universe Buddy evidence refresh.
654,Rubber Duckie,rubber duckie,existing_museum_completion_canon,Items,items,692,Y,source_parsed,rubber-duckie,https://buddy.farm/i/rubber-duckie/,2026-06-04 museum Library Everything export,Previously present in museum_completion_canon.csv; included for full current-universe Buddy evidence refresh.
655,Honey,honey,existing_museum_completion_canon,Items,items,437,Y,source_parsed,honey,https://buddy.farm/i/honey/,2026-06-04 museum Library Everything export,Previously present in museum_completion_canon.csv; included for full current-universe Buddy evidence refresh.
656,Buddy's Old Pirate Belt,buddy's old pirate belt,existing_museum_completion_canon,Items,items,155,Y,source_parsed,buddy-s-old-pirate-belt,https://buddy.farm/i/buddy-s-old-pirate-belt/,2026-06-04 museum Library Everything export,Previously present in museum_completion_canon.csv; included for full current-universe Buddy evidence refresh.
657,Oak Table,oak table,existing_museum_completion_canon,Items,items,560,Y,source_parsed,oak-table,https://buddy.farm/i/oak-table/,2026-06-04 museum Library Everything export,Previously present in museum_completion_canon.csv; included for full current-universe Buddy evidence refresh.
658,Brown Twine,brown twine,existing_museum_completion_canon,Items,items,148,Y,source_parsed,brown-twine,https://buddy.farm/i/brown-twine/,2026-06-04 museum Library Everything export,Previously present in museum_completion_canon.csv; included for full current-universe Buddy evidence refresh.
659,Candy Corn,candy corn,existing_museum_completion_canon,Event,event,32,Y,source_parsed,candy-corn,https://buddy.farm/i/candy-corn/,2026-06-04 museum Library Everything export,Previously present in museum_completion_canon.csv; included for full current-universe Buddy evidence refresh.
660,Carved Pig,carved pig,existing_museum_completion_canon,Items,items,178,Y,source_parsed,carved-pig,https://buddy.farm/i/carved-pig/,2026-06-04 museum Library Everything export,Previously present in museum_completion_canon.csv; included for full current-universe Buddy evidence refresh.
661,Pot of Gold (Medium),pot of gold (medium),existing_museum_completion_canon,Event,event,200,Y,source_parsed,pot-of-gold-medium,https://buddy.farm/i/pot-of-gold-medium/,2026-06-04 museum Library Everything export,Previously present in museum_completion_canon.csv; included for full current-universe Buddy evidence refresh.
662,Gloorp,gloorp,new_in_current_museum_export,,,,,reviewed_name_from_current_export,gloorp,https://buddy.farm/i/gloorp/,2026-06-04 museum Library Everything export,"New in current museum export; review sources, icons, recipes, and aliases before canonical promotion."
663,Herbs,herbs,existing_museum_completion_canon,Items,items,431,Y,source_parsed,herbs,https://buddy.farm/i/herbs/,2026-06-04 museum Library Everything export,Previously present in museum_completion_canon.csv; included for full current-universe Buddy evidence refresh.
664,Frozen Peas,frozen peas,existing_museum_completion_canon,Crops,crops,12,Y,source_parsed,frozen-peas,https://buddy.farm/i/frozen-peas/,2026-06-04 museum Library Everything export,Previously present in museum_completion_canon.csv; included for full current-universe Buddy evidence refresh.
665,Green Rubee,green rubee,existing_museum_completion_canon,Items,items,411,Y,source_parsed,green-rubee,https://buddy.farm/i/green-rubee/,2026-06-04 museum Library Everything export,Previously present in museum_completion_canon.csv; included for full current-universe Buddy evidence refresh.
666,Ship Wheel,ship wheel,existing_museum_completion_canon,Items,items,762,Y,source_parsed,ship-wheel,https://buddy.farm/i/ship-wheel/,2026-06-04 museum Library Everything export,Previously present in museum_completion_canon.csv; included for full current-universe Buddy evidence refresh.
667,Carrot,carrot,existing_museum_completion_canon,Crops,crops,4,Y,source_parsed,carrot,https://buddy.farm/i/carrot/,2026-06-04 museum Library Everything export,Previously present in museum_completion_canon.csv; included for full current-universe Buddy evidence refresh.
668,Runestone 05,runestone 05,existing_museum_completion_canon,Items,items,706,Y,source_parsed,runestone-05,https://buddy.farm/i/runestone-05/,2026-06-04 museum Library Everything export,Previously present in museum_completion_canon.csv; included for full current-universe Buddy evidence refresh.
669,Fossilized Leaf,fossilized leaf,existing_museum_completion_canon,Items,items,328,Y,source_parsed,fossilized-leaf,https://buddy.farm/i/fossilized-leaf/,2026-06-04 museum Library Everything export,Previously present in museum_completion_canon.csv; included for full current-universe Buddy evidence refresh.
670,Barbed Wire,barbed wire,existing_museum_completion_canon,Items,items,61,Y,source_parsed,barbed-wire,https://buddy.farm/i/barbed-wire/,2026-06-04 museum Library Everything export,Previously present in museum_completion_canon.csv; included for full current-universe Buddy evidence refresh.
671,Mariya Bobblehead,mariya bobblehead,existing_museum_completion_canon,Items,items,517,Y,source_parsed,mariya-bobblehead,https://buddy.farm/i/mariya-bobblehead/,2026-06-04 museum Library Everything export,Previously present in museum_completion_canon.csv; included for full current-universe Buddy evidence refresh.
672,Mackerel,mackerel,existing_museum_completion_canon,Fish,fish,57,Y,source_parsed,mackerel,https://buddy.farm/i/mackerel/,2026-06-04 museum Library Everything export,Previously present in museum_completion_canon.csv; included for full current-universe Buddy evidence refresh.
673,Runestone 14,runestone 14,existing_museum_completion_canon,Items,items,715,Y,source_parsed,runestone-14,https://buddy.farm/i/runestone-14/,2026-06-04 museum Library Everything export,Previously present in museum_completion_canon.csv; included for full current-universe Buddy evidence refresh.
674,Magicite,magicite,existing_museum_completion_canon,Items,items,510,Y,source_parsed,magicite,https://buddy.farm/i/magicite/,2026-06-04 museum Library Everything export,Previously present in museum_completion_canon.csv; included for full current-universe Buddy evidence refresh.
675,Gold Pea Seeds,gold pea seeds,existing_museum_completion_canon,Seeds,seeds,12,Y,source_parsed,gold-pea-seeds,https://buddy.farm/i/gold-pea-seeds/,2026-06-04 museum Library Everything export,Previously present in museum_completion_canon.csv; included for full current-universe Buddy evidence refresh.
676,Cave Key,cave key,existing_museum_completion_canon,Items,items,185,Y,source_parsed,cave-key,https://buddy.farm/i/cave-key/,2026-06-04 museum Library Everything export,Previously present in museum_completion_canon.csv; included for full current-universe Buddy evidence refresh.
677,Wooden Bow,wooden bow,existing_museum_completion_canon,Items,items,921,Y,source_parsed,wooden-bow,https://buddy.farm/i/wooden-bow/,2026-06-04 museum Library Everything export,Previously present in museum_completion_canon.csv; included for full current-universe Buddy evidence refresh.
678,Lorn's Breakfast Boost,lorn's breakfast boost,existing_museum_completion_canon,Items,items,498,Y,source_parsed,lorn-s-breakfast-boost,https://buddy.farm/i/lorn-s-breakfast-boost/,2026-06-04 museum Library Everything export,Previously present in museum_completion_canon.csv; included for full current-universe Buddy evidence refresh.
679,Certificate of Carrot Giving,certificate of carrot giving,existing_museum_completion_canon,Items,items,193,Y,source_parsed,certificate-of-carrot-giving,https://buddy.farm/i/certificate-of-carrot-giving/,2026-06-04 museum Library Everything export,Previously present in museum_completion_canon.csv; included for full current-universe Buddy evidence refresh.
680,Mariya's Crunchy Omelette,mariya's crunchy omelette,existing_museum_completion_canon,Event,event,179,Y,source_parsed,mariya-s-crunchy-omelette,https://buddy.farm/i/mariya-s-crunchy-omelette/,2026-06-04 museum Library Everything export,Previously present in museum_completion_canon.csv; included for full current-universe Buddy evidence refresh.
681,Leather Belt,leather belt,existing_museum_completion_canon,Items,items,483,Y,source_parsed,leather-belt,https://buddy.farm/i/leather-belt/,2026-06-04 museum Library Everything export,Previously present in museum_completion_canon.csv; included for full current-universe Buddy evidence refresh.
682,Bogslug,bogslug,existing_museum_completion_canon,Items,items,109,Y,source_parsed,bogslug,https://buddy.farm/i/bogslug/,2026-06-04 museum Library Everything export,Previously present in museum_completion_canon.csv; included for full current-universe Buddy evidence refresh.
683,Prune Juice,prune juice,existing_museum_completion_canon,Items,items,642,Y,source_parsed,prune-juice,https://buddy.farm/i/prune-juice/,2026-06-04 museum Library Everything export,Previously present in museum_completion_canon.csv; included for full current-universe Buddy evidence refresh.
684,Runestone 07,runestone 07,existing_museum_completion_canon,Items,items,708,Y,source_parsed,runestone-07,https://buddy.farm/i/runestone-07/,2026-06-04 museum Library Everything export,Previously present in museum_completion_canon.csv; included for full current-universe Buddy evidence refresh.
685,Frozen Skull,frozen skull,existing_museum_completion_canon,Event,event,118,Y,source_parsed,frozen-skull,https://buddy.farm/i/frozen-skull/,2026-06-04 museum Library Everything export,Previously present in museum_completion_canon.csv; included for full current-universe Buddy evidence refresh.
686,Nut Cracker Buddy,nut cracker buddy,existing_museum_completion_canon,Event,event,188,Y,source_parsed,nut-cracker-buddy,https://buddy.farm/i/nut-cracker-buddy/,2026-06-04 museum Library Everything export,Previously present in museum_completion_canon.csv; included for full current-universe Buddy evidence refresh.
687,Unpolished Emerald,unpolished emerald,existing_museum_completion_canon,Items,items,877,Y,source_parsed,unpolished-emerald,https://buddy.farm/i/unpolished-emerald/,2026-06-04 museum Library Everything export,Previously present in museum_completion_canon.csv; included for full current-universe Buddy evidence refresh.
688,Bluegill,bluegill,existing_museum_completion_canon,Fish,fish,9,Y,source_parsed,bluegill,https://buddy.farm/i/bluegill/,2026-06-04 museum Library Everything export,Previously present in museum_completion_canon.csv; included for full current-universe Buddy evidence refresh.
689,Orange Calcite,orange calcite,existing_museum_completion_canon,Items,items,569,Y,source_parsed,orange-calcite,https://buddy.farm/i/orange-calcite/,2026-06-04 museum Library Everything export,Previously present in museum_completion_canon.csv; included for full current-universe Buddy evidence refresh.
690,Crowfish,crowfish,existing_museum_completion_canon,Fish,fish,21,Y,source_parsed,crowfish,https://buddy.farm/i/crowfish/,2026-06-04 museum Library Everything export,Previously present in museum_completion_canon.csv; included for full current-universe Buddy evidence refresh.
691,Amethyst Necklace,amethyst necklace,existing_museum_completion_canon,Items,items,15,Y,source_parsed,amethyst-necklace,https://buddy.farm/i/amethyst-necklace/,2026-06-04 museum Library Everything export,Previously present in museum_completion_canon.csv; included for full current-universe Buddy evidence refresh.
692,Ice Shark,ice shark,existing_museum_completion_canon,Fish,fish,51,Y,source_parsed,ice-shark,https://buddy.farm/i/ice-shark/,2026-06-04 museum Library Everything export,Previously present in museum_completion_canon.csv; included for full current-universe Buddy evidence refresh.
693,5 Gold,5 gold,existing_museum_completion_canon,Items,items,6,Y,source_parsed,5-gold,https://buddy.farm/i/5-gold/,2026-06-04 museum Library Everything export,Previously present in museum_completion_canon.csv; included for full current-universe Buddy evidence refresh.
694,Treat Bag 05,treat bag 05,existing_museum_completion_canon,Event,event,248,Y,source_parsed,treat-bag-05,https://buddy.farm/i/treat-bag-05/,2026-06-04 museum Library Everything export,Previously present in museum_completion_canon.csv; included for full current-universe Buddy evidence refresh.
695,Inferno Sphere,inferno sphere,existing_museum_completion_canon,Items,items,451,Y,source_parsed,inferno-sphere,https://buddy.farm/i/inferno-sphere/,2026-06-04 museum Library Everything export,Previously present in museum_completion_canon.csv; included for full current-universe Buddy evidence refresh.
696,Heart Candies,heart candies,existing_museum_completion_canon,Event,event,157,Y,source_parsed,heart-candies,https://buddy.farm/i/heart-candies/,2026-06-04 museum Library Everything export,Previously present in museum_completion_canon.csv; included for full current-universe Buddy evidence refresh.
697,Frozen Feather,frozen feather,existing_museum_completion_canon,Event,event,110,Y,source_parsed,frozen-feather,https://buddy.farm/i/frozen-feather/,2026-06-04 museum Library Everything export,Previously present in museum_completion_canon.csv; included for full current-universe Buddy evidence refresh.
698,Toga Buddy Doll,toga buddy doll,existing_museum_completion_canon,Items,items,861,Y,source_parsed,toga-buddy-doll,https://buddy.farm/i/toga-buddy-doll/,2026-06-04 museum Library Everything export,Previously present in museum_completion_canon.csv; included for full current-universe Buddy evidence refresh.
699,frank's Bunny Mask,frank's bunny mask,existing_museum_completion_canon,Event,event,100,Y,source_parsed,frank-s-bunny-mask,https://buddy.farm/i/frank-s-bunny-mask/,2026-06-04 museum Library Everything export,Previously present in museum_completion_canon.csv; included for full current-universe Buddy evidence refresh.
700,Pair of Gold Boots,pair of gold boots,existing_museum_completion_canon,Items,items,581,Y,source_parsed,pair-of-gold-boots,https://buddy.farm/i/pair-of-gold-boots/,2026-06-04 museum Library Everything export,Previously present in museum_completion_canon.csv; included for full current-universe Buddy evidence refresh.
701,Brown Dye,brown dye,existing_museum_completion_canon,Items,items,146,Y,source_parsed,brown-dye,https://buddy.farm/i/brown-dye/,2026-06-04 museum Library Everything export,Previously present in museum_completion_canon.csv; included for full current-universe Buddy evidence refresh.
702,Trident of Poseidon,trident of poseidon,existing_museum_completion_canon,Items,items,869,Y,source_parsed,trident-of-poseidon,https://buddy.farm/i/trident-of-poseidon/,2026-06-04 museum Library Everything export,Previously present in museum_completion_canon.csv; included for full current-universe Buddy evidence refresh.
703,Farmiversary Trophy 03,farmiversary trophy 03,new_in_current_museum_export,,,,,reviewed_name_from_current_export,farmiversary-trophy-03,https://buddy.farm/i/farmiversary-trophy-03/,2026-06-04 museum Library Everything export,"New in current museum export; review sources, icons, recipes, and aliases before canonical promotion."
704,Snowman,snowman,existing_museum_completion_canon,Event,event,227,Y,source_parsed,snowman,https://buddy.farm/i/snowman/,2026-06-04 museum Library Everything export,Previously present in museum_completion_canon.csv; included for full current-universe Buddy evidence refresh.
705,Rosalie's Concord Grape Pie,rosalie's concord grape pie,existing_museum_completion_canon,Items,items,690,Y,source_parsed,rosalie-s-concord-grape-pie,https://buddy.farm/i/rosalie-s-concord-grape-pie/,2026-06-04 museum Library Everything export,Previously present in museum_completion_canon.csv; included for full current-universe Buddy evidence refresh.
706,Ram Skull 01,ram skull 01,existing_museum_completion_canon,Items,items,657,Y,source_parsed,ram-skull-01,https://buddy.farm/i/ram-skull-01/,2026-06-04 museum Library Everything export,Previously present in museum_completion_canon.csv; included for full current-universe Buddy evidence refresh.
707,Green Torpedo,green torpedo,existing_museum_completion_canon,Items,items,415,Y,source_parsed,green-torpedo,https://buddy.farm/i/green-torpedo/,2026-06-04 museum Library Everything export,Previously present in museum_completion_canon.csv; included for full current-universe Buddy evidence refresh.
708,Black Shield,black shield,existing_museum_completion_canon,Items,items,90,Y,source_parsed,black-shield,https://buddy.farm/i/black-shield/,2026-06-04 museum Library Everything export,Previously present in museum_completion_canon.csv; included for full current-universe Buddy evidence refresh.
709,Iron,iron,existing_museum_completion_canon,Items,items,452,Y,source_parsed,iron,https://buddy.farm/i/iron/,2026-06-04 museum Library Everything export,Previously present in museum_completion_canon.csv; included for full current-universe Buddy evidence refresh.
710,Transistor,transistor,existing_museum_completion_canon,Items,items,864,Y,source_parsed,transistor,https://buddy.farm/i/transistor/,2026-06-04 museum Library Everything export,Previously present in museum_completion_canon.csv; included for full current-universe Buddy evidence refresh.
711,Buddy's Beach Ball,buddy's beach ball,existing_museum_completion_canon,Event,event,26,Y,source_parsed,buddy-s-beach-ball,https://buddy.farm/i/buddy-s-beach-ball/,2026-06-04 museum Library Everything export,Previously present in museum_completion_canon.csv; included for full current-universe Buddy evidence refresh.
712,Sea Turtle,sea turtle,existing_museum_completion_canon,Event,event,218,Y,source_parsed,sea-turtle,https://buddy.farm/i/sea-turtle/,2026-06-04 museum Library Everything export,Previously present in museum_completion_canon.csv; included for full current-universe Buddy evidence refresh.
713,Steel,steel,existing_museum_completion_canon,Items,items,805,Y,source_parsed,steel,https://buddy.farm/i/steel/,2026-06-04 museum Library Everything export,Previously present in museum_completion_canon.csv; included for full current-universe Buddy evidence refresh.
714,Runestone 16,runestone 16,existing_museum_completion_canon,Items,items,717,Y,source_parsed,runestone-16,https://buddy.farm/i/runestone-16/,2026-06-04 museum Library Everything export,Previously present in museum_completion_canon.csv; included for full current-universe Buddy evidence refresh.
715,Holger Bobblehead,holger bobblehead,existing_museum_completion_canon,Items,items,433,Y,source_parsed,holger-bobblehead,https://buddy.farm/i/holger-bobblehead/,2026-06-04 museum Library Everything export,Previously present in museum_completion_canon.csv; included for full current-universe Buddy evidence refresh.
716,Strange Temple Necklace,strange temple necklace,existing_museum_completion_canon,Items,items,821,Y,source_parsed,strange-temple-necklace,https://buddy.farm/i/strange-temple-necklace/,2026-06-04 museum Library Everything export,Previously present in museum_completion_canon.csv; included for full current-universe Buddy evidence refresh.
717,Raptor Wrangler Belt,raptor wrangler belt,existing_museum_completion_canon,Items,items,662,Y,source_parsed,raptor-wrangler-belt,https://buddy.farm/i/raptor-wrangler-belt/,2026-06-04 museum Library Everything export,Previously present in museum_completion_canon.csv; included for full current-universe Buddy evidence refresh.
718,Scissors,scissors,existing_museum_completion_canon,Items,items,739,Y,source_parsed,scissors,https://buddy.farm/i/scissors/,2026-06-04 museum Library Everything export,Previously present in museum_completion_canon.csv; included for full current-universe Buddy evidence refresh.
719,Yellow Butterfly,yellow butterfly,existing_museum_completion_canon,Items,items,937,Y,source_parsed,yellow-butterfly,https://buddy.farm/i/yellow-butterfly/,2026-06-04 museum Library Everything export,Previously present in museum_completion_canon.csv; included for full current-universe Buddy evidence refresh.
720,Belt of Truth,belt of truth,existing_museum_completion_canon,Items,items,77,Y,source_parsed,belt-of-truth,https://buddy.farm/i/belt-of-truth/,2026-06-04 museum Library Everything export,Previously present in museum_completion_canon.csv; included for full current-universe Buddy evidence refresh.
721,Pearl Berries,pearl berries,existing_museum_completion_canon,Event,event,191,Y,source_parsed,pearl-berries,https://buddy.farm/i/pearl-berries/,2026-06-04 museum Library Everything export,Previously present in museum_completion_canon.csv; included for full current-universe Buddy evidence refresh.
722,Cabbage Seeds,cabbage seeds,existing_museum_completion_canon,Seeds,seeds,3,Y,source_parsed,cabbage-seeds,https://buddy.farm/i/cabbage-seeds/,2026-06-04 museum Library Everything export,Previously present in museum_completion_canon.csv; included for full current-universe Buddy evidence refresh.
723,Steel Buckle,steel buckle,existing_museum_completion_canon,Items,items,806,Y,source_parsed,steel-buckle,https://buddy.farm/i/steel-buckle/,2026-06-04 museum Library Everything export,Previously present in museum_completion_canon.csv; included for full current-universe Buddy evidence refresh.
724,Lucky Eggs,lucky eggs,new_in_current_museum_export,,,,,reviewed_name_from_current_export,lucky-eggs,https://buddy.farm/i/lucky-eggs/,2026-06-04 museum Library Everything export,"New in current museum export; review sources, icons, recipes, and aliases before canonical promotion."
725,Sunfish,sunfish,existing_museum_completion_canon,Fish,fish,93,Y,source_parsed,sunfish,https://buddy.farm/i/sunfish/,2026-06-04 museum Library Everything export,Previously present in museum_completion_canon.csv; included for full current-universe Buddy evidence refresh.
726,Spooky Scarecrow,spooky scarecrow,existing_museum_completion_canon,Event,event,232,Y,source_parsed,spooky-scarecrow,https://buddy.farm/i/spooky-scarecrow/,2026-06-04 museum Library Everything export,Previously present in museum_completion_canon.csv; included for full current-universe Buddy evidence refresh.
727,Party Hat,party hat,existing_museum_completion_canon,Items,items,584,Y,source_parsed,party-hat,https://buddy.farm/i/party-hat/,2026-06-04 museum Library Everything export,Previously present in museum_completion_canon.csv; included for full current-universe Buddy evidence refresh.
728,Bananas,bananas,existing_museum_completion_canon,Items,items,59,Y,source_parsed,bananas,https://buddy.farm/i/bananas/,2026-06-04 museum Library Everything export,Previously present in museum_completion_canon.csv; included for full current-universe Buddy evidence refresh.
729,Giving Box 01,giving box 01,existing_museum_completion_canon,Items,items,368,Y,source_parsed,giving-box-01,https://buddy.farm/i/giving-box-01/,2026-06-04 museum Library Everything export,Previously present in museum_completion_canon.csv; included for full current-universe Buddy evidence refresh.
730,Treat Bag 02,treat bag 02,existing_museum_completion_canon,Event,event,245,Y,source_parsed,treat-bag-02,https://buddy.farm/i/treat-bag-02/,2026-06-04 museum Library Everything export,Previously present in museum_completion_canon.csv; included for full current-universe Buddy evidence refresh.
731,Unpolished Pyrite,unpolished pyrite,existing_museum_completion_canon,Items,items,881,Y,source_parsed,unpolished-pyrite,https://buddy.farm/i/unpolished-pyrite/,2026-06-04 museum Library Everything export,Previously present in museum_completion_canon.csv; included for full current-universe Buddy evidence refresh.
732,Runestone 13,runestone 13,existing_museum_completion_canon,Items,items,714,Y,source_parsed,runestone-13,https://buddy.farm/i/runestone-13/,2026-06-04 museum Library Everything export,Previously present in museum_completion_canon.csv; included for full current-universe Buddy evidence refresh.
733,Witch Hat,witch hat,existing_museum_completion_canon,Event,event,256,Y,source_parsed,witch-hat,https://buddy.farm/i/witch-hat/,2026-06-04 museum Library Everything export,Previously present in museum_completion_canon.csv; included for full current-universe Buddy evidence refresh.
734,Beet Seeds,beet seeds,existing_museum_completion_canon,Seeds,seeds,1,Y,source_parsed,beet-seeds,https://buddy.farm/i/beet-seeds/,2026-06-04 museum Library Everything export,Previously present in museum_completion_canon.csv; included for full current-universe Buddy evidence refresh.
735,Piñata,piñata,existing_museum_completion_canon,Event,event,195,Y,source_parsed,pi-ata,https://buddy.farm/i/pi-ata/,2026-06-04 museum Library Everything export,Previously present in museum_completion_canon.csv; included for full current-universe Buddy evidence refresh.
736,Vincent's Sea Pincher Special,vincent's sea pincher special,existing_museum_completion_canon,Items,items,892,Y,source_parsed,vincent-s-sea-pincher-special,https://buddy.farm/i/vincent-s-sea-pincher-special/,2026-06-04 museum Library Everything export,Previously present in museum_completion_canon.csv; included for full current-universe Buddy evidence refresh.
737,Candy Roll,candy roll,existing_museum_completion_canon,Event,event,33,Y,source_parsed,candy-roll,https://buddy.farm/i/candy-roll/,2026-06-04 museum Library Everything export,Previously present in museum_completion_canon.csv; included for full current-universe Buddy evidence refresh.
738,Bog Barnacle,bog barnacle,existing_museum_completion_canon,Fish,fish,10,Y,source_parsed,bog-barnacle,https://buddy.farm/i/bog-barnacle/,2026-06-04 museum Library Everything export,Previously present in museum_completion_canon.csv; included for full current-universe Buddy evidence refresh.
739,Hotdog Buddy Doll,hotdog buddy doll,existing_museum_completion_canon,Items,items,445,Y,source_parsed,hotdog-buddy-doll,https://buddy.farm/i/hotdog-buddy-doll/,2026-06-04 museum Library Everything export,Previously present in museum_completion_canon.csv; included for full current-universe Buddy evidence refresh.
740,Bitten Apple,bitten apple,existing_museum_completion_canon,Items,items,83,Y,source_parsed,bitten-apple,https://buddy.farm/i/bitten-apple/,2026-06-04 museum Library Everything export,Previously present in museum_completion_canon.csv; included for full current-universe Buddy evidence refresh.
741,Small Flute,small flute,existing_museum_completion_canon,Items,items,775,Y,source_parsed,small-flute,https://buddy.farm/i/small-flute/,2026-06-04 museum Library Everything export,Previously present in museum_completion_canon.csv; included for full current-universe Buddy evidence refresh.
742,Piece 23,piece 23,existing_museum_completion_canon,Items,items,609,Y,source_parsed,piece-23,https://buddy.farm/i/piece-23/,2026-06-04 museum Library Everything export,Previously present in museum_completion_canon.csv; included for full current-universe Buddy evidence refresh.
743,Green Parchment,green parchment,existing_museum_completion_canon,Items,items,410,Y,source_parsed,green-parchment,https://buddy.farm/i/green-parchment/,2026-06-04 museum Library Everything export,Previously present in museum_completion_canon.csv; included for full current-universe Buddy evidence refresh.
744,Stone,stone,existing_museum_completion_canon,Items,items,813,Y,source_parsed,stone,https://buddy.farm/i/stone/,2026-06-04 museum Library Everything export,Previously present in museum_completion_canon.csv; included for full current-universe Buddy evidence refresh.
745,Thorns,thorns,existing_museum_completion_canon,Items,items,856,Y,source_parsed,thorns,https://buddy.farm/i/thorns/,2026-06-04 museum Library Everything export,Previously present in museum_completion_canon.csv; included for full current-universe Buddy evidence refresh.
746,Treasure Chest,treasure chest,existing_museum_completion_canon,Items,items,865,Y,source_parsed,treasure-chest,https://buddy.farm/i/treasure-chest/,2026-06-04 museum Library Everything export,Previously present in museum_completion_canon.csv; included for full current-universe Buddy evidence refresh.
747,Carrot Seeds,carrot seeds,existing_museum_completion_canon,Seeds,seeds,4,Y,source_parsed,carrot-seeds,https://buddy.farm/i/carrot-seeds/,2026-06-04 museum Library Everything export,Previously present in museum_completion_canon.csv; included for full current-universe Buddy evidence refresh.
748,Mistletoe,mistletoe,existing_museum_completion_canon,Event,event,185,Y,source_parsed,mistletoe,https://buddy.farm/i/mistletoe/,2026-06-04 museum Library Everything export,Previously present in museum_completion_canon.csv; included for full current-universe Buddy evidence refresh.
749,Bag of Snowballs,bag of snowballs,existing_museum_completion_canon,Event,event,8,Y,source_parsed,bag-of-snowballs,https://buddy.farm/i/bag-of-snowballs/,2026-06-04 museum Library Everything export,Previously present in museum_completion_canon.csv; included for full current-universe Buddy evidence refresh.
750,Kill Switch,kill switch,existing_museum_completion_canon,Items,items,466,Y,source_parsed,kill-switch,https://buddy.farm/i/kill-switch/,2026-06-04 museum Library Everything export,Previously present in museum_completion_canon.csv; included for full current-universe Buddy evidence refresh.
751,Skipjack,skipjack,existing_museum_completion_canon,Fish,fish,82,Y,source_parsed,skipjack,https://buddy.farm/i/skipjack/,2026-06-04 museum Library Everything export,Previously present in museum_completion_canon.csv; included for full current-universe Buddy evidence refresh.
752,Strange Gem,strange gem,existing_museum_completion_canon,Items,items,817,Y,source_parsed,strange-gem,https://buddy.farm/i/strange-gem/,2026-06-04 museum Library Everything export,Previously present in museum_completion_canon.csv; included for full current-universe Buddy evidence refresh.
753,Bag of Presents 01,bag of presents 01,existing_museum_completion_canon,Event,event,6,Y,source_parsed,bag-of-presents-01,https://buddy.farm/i/bag-of-presents-01/,2026-06-04 museum Library Everything export,Previously present in museum_completion_canon.csv; included for full current-universe Buddy evidence refresh.
754,Present 01,present 01,existing_museum_completion_canon,Items,items,635,Y,source_parsed,present-01,https://buddy.farm/i/present-01/,2026-06-04 museum Library Everything export,Previously present in museum_completion_canon.csv; included for full current-universe Buddy evidence refresh.
755,Broken Memory Belt,broken memory belt,existing_museum_completion_canon,Items,items,139,Y,source_parsed,broken-memory-belt,https://buddy.farm/i/broken-memory-belt/,2026-06-04 museum Library Everything export,Previously present in museum_completion_canon.csv; included for full current-universe Buddy evidence refresh.
756,Opposition Hourglass,opposition hourglass,existing_museum_completion_canon,Items,items,566,Y,source_parsed,opposition-hourglass,https://buddy.farm/i/opposition-hourglass/,2026-06-04 museum Library Everything export,Previously present in museum_completion_canon.csv; included for full current-universe Buddy evidence refresh.
757,Unpolished Shimmer Stone,unpolished shimmer stone,existing_museum_completion_canon,Items,items,883,Y,source_parsed,unpolished-shimmer-stone,https://buddy.farm/i/unpolished-shimmer-stone/,2026-06-04 museum Library Everything export,Previously present in museum_completion_canon.csv; included for full current-universe Buddy evidence refresh.
758,Broken Sword,broken sword,existing_museum_completion_canon,Items,items,141,Y,source_parsed,broken-sword,https://buddy.farm/i/broken-sword/,2026-06-04 museum Library Everything export,Previously present in museum_completion_canon.csv; included for full current-universe Buddy evidence refresh.
759,Frozen Book,frozen book,existing_museum_completion_canon,Event,event,104,Y,source_parsed,frozen-book,https://buddy.farm/i/frozen-book/,2026-06-04 museum Library Everything export,Previously present in museum_completion_canon.csv; included for full current-universe Buddy evidence refresh.
760,Certificate of Onion Giving,certificate of onion giving,existing_museum_completion_canon,Items,items,200,Y,source_parsed,certificate-of-onion-giving,https://buddy.farm/i/certificate-of-onion-giving/,2026-06-04 museum Library Everything export,Previously present in museum_completion_canon.csv; included for full current-universe Buddy evidence refresh.
761,Frozen Corn,frozen corn,existing_museum_completion_canon,Crops,crops,10,Y,source_parsed,frozen-corn,https://buddy.farm/i/frozen-corn/,2026-06-04 museum Library Everything export,Previously present in museum_completion_canon.csv; included for full current-universe Buddy evidence refresh.
762,Old Boot,old boot,existing_museum_completion_canon,Items,items,564,Y,source_parsed,old-boot,https://buddy.farm/i/old-boot/,2026-06-04 museum Library Everything export,Previously present in museum_completion_canon.csv; included for full current-universe Buddy evidence refresh.
763,Corn Oil,corn oil,existing_museum_completion_canon,Items,items,242,Y,source_parsed,corn-oil,https://buddy.farm/i/corn-oil/,2026-06-04 museum Library Everything export,Previously present in museum_completion_canon.csv; included for full current-universe Buddy evidence refresh.
764,Apple Crate 01,apple crate 01,existing_museum_completion_canon,Items,items,27,Y,source_parsed,apple-crate-01,https://buddy.farm/i/apple-crate-01/,2026-06-04 museum Library Everything export,Previously present in museum_completion_canon.csv; included for full current-universe Buddy evidence refresh.
765,Pizza Slice,pizza slice,existing_museum_completion_canon,Items,items,626,Y,source_parsed,pizza-slice,https://buddy.farm/i/pizza-slice/,2026-06-04 museum Library Everything export,Previously present in museum_completion_canon.csv; included for full current-universe Buddy evidence refresh.
766,Small Screw,small screw,existing_museum_completion_canon,Items,items,778,Y,source_parsed,small-screw,https://buddy.farm/i/small-screw/,2026-06-04 museum Library Everything export,Previously present in museum_completion_canon.csv; included for full current-universe Buddy evidence refresh.
767,Cornucopia 03,cornucopia 03,existing_museum_completion_canon,Items,items,247,Y,source_parsed,cornucopia-03,https://buddy.farm/i/cornucopia-03/,2026-06-04 museum Library Everything export,Previously present in museum_completion_canon.csv; included for full current-universe Buddy evidence refresh.
768,MIAB,miab,existing_museum_completion_canon,Items,items,529,Y,source_parsed,miab,https://buddy.farm/i/miab/,2026-06-04 museum Library Everything export,Previously present in museum_completion_canon.csv; included for full current-universe Buddy evidence refresh.
769,Pepper Seeds,pepper seeds,existing_museum_completion_canon,Seeds,seeds,22,Y,source_parsed,pepper-seeds,https://buddy.farm/i/pepper-seeds/,2026-06-04 museum Library Everything export,Previously present in museum_completion_canon.csv; included for full current-universe Buddy evidence refresh.
770,Steel Soap Belt,steel soap belt,existing_museum_completion_canon,Items,items,809,Y,source_parsed,steel-soap-belt,https://buddy.farm/i/steel-soap-belt/,2026-06-04 museum Library Everything export,Previously present in museum_completion_canon.csv; included for full current-universe Buddy evidence refresh.
771,Rice,rice,existing_museum_completion_canon,Crops,crops,30,Y,source_parsed,rice,https://buddy.farm/i/rice/,2026-06-04 museum Library Everything export,Previously present in museum_completion_canon.csv; included for full current-universe Buddy evidence refresh.
772,Blue Catfish,blue catfish,existing_museum_completion_canon,Fish,fish,4,Y,source_parsed,blue-catfish,https://buddy.farm/i/blue-catfish/,2026-06-04 museum Library Everything export,Previously present in museum_completion_canon.csv; included for full current-universe Buddy evidence refresh.
773,Cecil's Shrimp-a-Plenty,cecil's shrimp-a-plenty,existing_museum_completion_canon,Items,items,188,Y,source_parsed,cecil-s-shrimp-a-plenty,https://buddy.farm/i/cecil-s-shrimp-a-plenty/,2026-06-04 museum Library Everything export,Previously present in museum_completion_canon.csv; included for full current-universe Buddy evidence refresh.
774,Bag of Presents 02,bag of presents 02,existing_museum_completion_canon,Event,event,7,Y,source_parsed,bag-of-presents-02,https://buddy.farm/i/bag-of-presents-02/,2026-06-04 museum Library Everything export,Previously present in museum_completion_canon.csv; included for full current-universe Buddy evidence refresh.
775,Friendship Bag 01,friendship bag 01,existing_museum_completion_canon,Items,items,334,Y,source_parsed,friendship-bag-01,https://buddy.farm/i/friendship-bag-01/,2026-06-04 museum Library Everything export,Previously present in museum_completion_canon.csv; included for full current-universe Buddy evidence refresh.
776,Buddy Doll Bag 01,buddy doll bag 01,existing_museum_completion_canon,Items,items,152,Y,source_parsed,buddy-doll-bag-01,https://buddy.farm/i/buddy-doll-bag-01/,2026-06-04 museum Library Everything export,Previously present in museum_completion_canon.csv; included for full current-universe Buddy evidence refresh.
777,Green Dye,green dye,existing_museum_completion_canon,Items,items,408,Y,source_parsed,green-dye,https://buddy.farm/i/green-dye/,2026-06-04 museum Library Everything export,Previously present in museum_completion_canon.csv; included for full current-universe Buddy evidence refresh.
778,Pot of Gold (Large),pot of gold (large),existing_museum_completion_canon,Event,event,199,Y,source_parsed,pot-of-gold-large,https://buddy.farm/i/pot-of-gold-large/,2026-06-04 museum Library Everything export,Previously present in museum_completion_canon.csv; included for full current-universe Buddy evidence refresh.
779,Glass Eyes,glass eyes,existing_museum_completion_canon,Event,event,142,Y,source_parsed,glass-eyes,https://buddy.farm/i/glass-eyes/,2026-06-04 museum Library Everything export,Previously present in museum_completion_canon.csv; included for full current-universe Buddy evidence refresh.
780,Magna Core,magna core,existing_museum_completion_canon,Items,items,512,Y,source_parsed,magna-core,https://buddy.farm/i/magna-core/,2026-06-04 museum Library Everything export,Previously present in museum_completion_canon.csv; included for full current-universe Buddy evidence refresh.
781,Fancy Clock,fancy clock,existing_museum_completion_canon,Items,items,297,Y,source_parsed,fancy-clock,https://buddy.farm/i/fancy-clock/,2026-06-04 museum Library Everything export,Previously present in museum_completion_canon.csv; included for full current-universe Buddy evidence refresh.
782,Black Shirt,black shirt,existing_museum_completion_canon,Items,items,91,Y,source_parsed,black-shirt,https://buddy.farm/i/black-shirt/,2026-06-04 museum Library Everything export,Previously present in museum_completion_canon.csv; included for full current-universe Buddy evidence refresh.
783,Beatrix's Big Box of Boom,beatrix's big box of boom,existing_museum_completion_canon,Items,items,69,Y,source_parsed,beatrix-s-big-box-of-boom,https://buddy.farm/i/beatrix-s-big-box-of-boom/,2026-06-04 museum Library Everything export,Previously present in museum_completion_canon.csv; included for full current-universe Buddy evidence refresh.
784,Sour Root,sour root,existing_museum_completion_canon,Items,items,786,Y,source_parsed,sour-root,https://buddy.farm/i/sour-root/,2026-06-04 museum Library Everything export,Previously present in museum_completion_canon.csv; included for full current-universe Buddy evidence refresh.
785,Wooden Table,wooden table,existing_museum_completion_canon,Items,items,930,Y,source_parsed,wooden-table,https://buddy.farm/i/wooden-table/,2026-06-04 museum Library Everything export,Previously present in museum_completion_canon.csv; included for full current-universe Buddy evidence refresh.
786,Raffle Ticket,raffle ticket,existing_museum_completion_canon,Items,items,656,Y,source_parsed,raffle-ticket,https://buddy.farm/i/raffle-ticket/,2026-06-04 museum Library Everything export,Previously present in museum_completion_canon.csv; included for full current-universe Buddy evidence refresh.
787,White Shirt,white shirt,existing_museum_completion_canon,Items,items,909,Y,source_parsed,white-shirt,https://buddy.farm/i/white-shirt/,2026-06-04 museum Library Everything export,Previously present in museum_completion_canon.csv; included for full current-universe Buddy evidence refresh.
788,Stone Fragment,stone fragment,existing_museum_completion_canon,Event,event,235,Y,source_parsed,stone-fragment,https://buddy.farm/i/stone-fragment/,2026-06-04 museum Library Everything export,Previously present in museum_completion_canon.csv; included for full current-universe Buddy evidence refresh.
789,Corn Kabob,corn kabob,existing_museum_completion_canon,Event,event,59,Y,source_parsed,corn-kabob,https://buddy.farm/i/corn-kabob/,2026-06-04 museum Library Everything export,Previously present in museum_completion_canon.csv; included for full current-universe Buddy evidence refresh.
790,Heart Container,heart container,existing_museum_completion_canon,Items,items,425,Y,source_parsed,heart-container,https://buddy.farm/i/heart-container/,2026-06-04 museum Library Everything export,Previously present in museum_completion_canon.csv; included for full current-universe Buddy evidence refresh.
791,Red Shield,red shield,existing_museum_completion_canon,Items,items,676,Y,source_parsed,red-shield,https://buddy.farm/i/red-shield/,2026-06-04 museum Library Everything export,Previously present in museum_completion_canon.csv; included for full current-universe Buddy evidence refresh.
792,Black Hole Egg,black hole egg,new_in_current_museum_export,,,,,reviewed_name_from_current_export,black-hole-egg,https://buddy.farm/i/black-hole-egg/,2026-06-04 museum Library Everything export,"New in current museum export; review sources, icons, recipes, and aliases before canonical promotion."
793,Zombie Buddy Doll,zombie buddy doll,existing_museum_completion_canon,Items,items,946,Y,source_parsed,zombie-buddy-doll,https://buddy.farm/i/zombie-buddy-doll/,2026-06-04 museum Library Everything export,Previously present in museum_completion_canon.csv; included for full current-universe Buddy evidence refresh.
794,Caterpillar,caterpillar,existing_museum_completion_canon,Items,items,184,Y,source_parsed,caterpillar,https://buddy.farm/i/caterpillar/,2026-06-04 museum Library Everything export,Previously present in museum_completion_canon.csv; included for full current-universe Buddy evidence refresh.
795,Giant Centipede,giant centipede,existing_museum_completion_canon,Items,items,364,Y,source_parsed,giant-centipede,https://buddy.farm/i/giant-centipede/,2026-06-04 museum Library Everything export,Previously present in museum_completion_canon.csv; included for full current-universe Buddy evidence refresh.
796,Unpolished Flarite,unpolished flarite,existing_museum_completion_canon,Items,items,878,Y,source_parsed,unpolished-flarite,https://buddy.farm/i/unpolished-flarite/,2026-06-04 museum Library Everything export,Previously present in museum_completion_canon.csv; included for full current-universe Buddy evidence refresh.
797,U'ral Talisman,u'ral talisman,existing_museum_completion_canon,Items,items,873,Y,source_parsed,u-ral-talisman,https://buddy.farm/i/u-ral-talisman/,2026-06-04 museum Library Everything export,Previously present in museum_completion_canon.csv; included for full current-universe Buddy evidence refresh.
798,Christmas Present 01,christmas present 01,existing_museum_completion_canon,Event,event,39,Y,source_parsed,christmas-present-01,https://buddy.farm/i/christmas-present-01/,2026-06-04 museum Library Everything export,Previously present in museum_completion_canon.csv; included for full current-universe Buddy evidence refresh.
799,Travel Voucher,travel voucher,existing_museum_completion_canon,Meals,meals,21,Y,source_parsed,travel-voucher,https://buddy.farm/i/travel-voucher/,2026-06-04 museum Library Everything export,Previously present in museum_completion_canon.csv; included for full current-universe Buddy evidence refresh.
800,Corn Buddy Doll,corn buddy doll,existing_museum_completion_canon,Items,items,240,Y,source_parsed,corn-buddy-doll,https://buddy.farm/i/corn-buddy-doll/,2026-06-04 museum Library Everything export,Previously present in museum_completion_canon.csv; included for full current-universe Buddy evidence refresh.
801,Yellow Perch,yellow perch,existing_museum_completion_canon,Fish,fish,99,Y,source_parsed,yellow-perch,https://buddy.farm/i/yellow-perch/,2026-06-04 museum Library Everything export,Previously present in museum_completion_canon.csv; included for full current-universe Buddy evidence refresh.
802,Pineapple,pineapple,existing_museum_completion_canon,Items,items,620,Y,source_parsed,pineapple,https://buddy.farm/i/pineapple/,2026-06-04 museum Library Everything export,Previously present in museum_completion_canon.csv; included for full current-universe Buddy evidence refresh.
803,Lucky Rabbit Foot,lucky rabbit foot,existing_museum_completion_canon,Items,items,501,Y,source_parsed,lucky-rabbit-foot,https://buddy.farm/i/lucky-rabbit-foot/,2026-06-04 museum Library Everything export,Previously present in museum_completion_canon.csv; included for full current-universe Buddy evidence refresh.
804,Sporefly,sporefly,existing_museum_completion_canon,Items,items,794,Y,source_parsed,sporefly,https://buddy.farm/i/sporefly/,2026-06-04 museum Library Everything export,Previously present in museum_completion_canon.csv; included for full current-universe Buddy evidence refresh.
805,Gold Peas,gold peas,existing_museum_completion_canon,Crops,crops,19,Y,source_parsed,gold-peas,https://buddy.farm/i/gold-peas/,2026-06-04 museum Library Everything export,Previously present in museum_completion_canon.csv; included for full current-universe Buddy evidence refresh.
806,Shimmer Ring,shimmer ring,existing_museum_completion_canon,Items,items,756,Y,source_parsed,shimmer-ring,https://buddy.farm/i/shimmer-ring/,2026-06-04 museum Library Everything export,Previously present in museum_completion_canon.csv; included for full current-universe Buddy evidence refresh.
807,Book of Insects,book of insects,existing_museum_completion_canon,Items,items,123,Y,source_parsed,book-of-insects,https://buddy.farm/i/book-of-insects/,2026-06-04 museum Library Everything export,Previously present in museum_completion_canon.csv; included for full current-universe Buddy evidence refresh.
808,Strange Ring,strange ring,existing_museum_completion_canon,Items,items,820,Y,source_parsed,strange-ring,https://buddy.farm/i/strange-ring/,2026-06-04 museum Library Everything export,Previously present in museum_completion_canon.csv; included for full current-universe Buddy evidence refresh.
809,Christmas Present 11,christmas present 11,existing_museum_completion_canon,Event,event,49,Y,source_parsed,christmas-present-11,https://buddy.farm/i/christmas-present-11/,2026-06-04 museum Library Everything export,Previously present in museum_completion_canon.csv; included for full current-universe Buddy evidence refresh.
810,Jellyfish,jellyfish,existing_museum_completion_canon,Fish,fish,52,Y,source_parsed,jellyfish,https://buddy.farm/i/jellyfish/,2026-06-04 museum Library Everything export,Previously present in museum_completion_canon.csv; included for full current-universe Buddy evidence refresh.
811,Peach Juice,peach juice,existing_museum_completion_canon,Items,items,587,Y,source_parsed,peach-juice,https://buddy.farm/i/peach-juice/,2026-06-04 museum Library Everything export,Previously present in museum_completion_canon.csv; included for full current-universe Buddy evidence refresh.
812,Blue Dye,blue dye,existing_museum_completion_canon,Items,items,98,Y,source_parsed,blue-dye,https://buddy.farm/i/blue-dye/,2026-06-04 museum Library Everything export,Previously present in museum_completion_canon.csv; included for full current-universe Buddy evidence refresh.
813,Magic Lamp,magic lamp,existing_museum_completion_canon,Items,items,506,N,source_parsed,magic-lamp,https://buddy.farm/i/magic-lamp/,2026-06-04 museum Library Everything export,Previously present in museum_completion_canon.csv; included for full current-universe Buddy evidence refresh.
814,Mini Marshmallows,mini marshmallows,existing_museum_completion_canon,Event,event,184,Y,source_parsed,mini-marshmallows,https://buddy.farm/i/mini-marshmallows/,2026-06-04 museum Library Everything export,Previously present in museum_completion_canon.csv; included for full current-universe Buddy evidence refresh.
815,Broccoli,broccoli,existing_museum_completion_canon,Crops,crops,2,Y,source_parsed,broccoli,https://buddy.farm/i/broccoli/,2026-06-04 museum Library Everything export,Previously present in museum_completion_canon.csv; included for full current-universe Buddy evidence refresh.
816,Brown Cloak,brown cloak,existing_museum_completion_canon,Items,items,145,Y,source_parsed,brown-cloak,https://buddy.farm/i/brown-cloak/,2026-06-04 museum Library Everything export,Previously present in museum_completion_canon.csv; included for full current-universe Buddy evidence refresh.
817,Supply Crate 02,supply crate 02,existing_museum_completion_canon,Items,items,841,Y,source_parsed,supply-crate-02,https://buddy.farm/i/supply-crate-02/,2026-06-04 museum Library Everything export,Previously present in museum_completion_canon.csv; included for full current-universe Buddy evidence refresh.
818,Lemon Quartz,lemon quartz,existing_museum_completion_canon,Items,items,488,Y,source_parsed,lemon-quartz,https://buddy.farm/i/lemon-quartz/,2026-06-04 museum Library Everything export,Previously present in museum_completion_canon.csv; included for full current-universe Buddy evidence refresh.
819,Swamp Gourd,swamp gourd,existing_museum_completion_canon,Fish,fish,94,Y,source_parsed,swamp-gourd,https://buddy.farm/i/swamp-gourd/,2026-06-04 museum Library Everything export,Previously present in museum_completion_canon.csv; included for full current-universe Buddy evidence refresh.
820,Cicada Shell,cicada shell,existing_museum_completion_canon,Event,event,55,Y,source_parsed,cicada-shell,https://buddy.farm/i/cicada-shell/,2026-06-04 museum Library Everything export,Previously present in museum_completion_canon.csv; included for full current-universe Buddy evidence refresh.
821,Yellow Bag,yellow bag,existing_museum_completion_canon,Items,items,936,Y,source_parsed,yellow-bag,https://buddy.farm/i/yellow-bag/,2026-06-04 museum Library Everything export,Previously present in museum_completion_canon.csv; included for full current-universe Buddy evidence refresh.
822,Christmas Present 09,christmas present 09,existing_museum_completion_canon,Event,event,47,Y,source_parsed,christmas-present-09,https://buddy.farm/i/christmas-present-09/,2026-06-04 museum Library Everything export,Previously present in museum_completion_canon.csv; included for full current-universe Buddy evidence refresh.
823,Re'taw,re'taw,existing_museum_completion_canon,Items,items,664,Y,source_parsed,re-taw,https://buddy.farm/i/re-taw/,2026-06-04 museum Library Everything export,Previously present in museum_completion_canon.csv; included for full current-universe Buddy evidence refresh.
824,Grab Bag 02,grab bag 02,existing_museum_completion_canon,Items,items,393,Y,source_parsed,grab-bag-02,https://buddy.farm/i/grab-bag-02/,2026-06-04 museum Library Everything export,Previously present in museum_completion_canon.csv; included for full current-universe Buddy evidence refresh.
825,Flarefin,flarefin,existing_museum_completion_canon,Fish,fish,25,Y,source_parsed,flarefin,https://buddy.farm/i/flarefin/,2026-06-04 museum Library Everything export,Previously present in museum_completion_canon.csv; included for full current-universe Buddy evidence refresh.
826,Runestone 06,runestone 06,existing_museum_completion_canon,Items,items,707,Y,source_parsed,runestone-06,https://buddy.farm/i/runestone-06/,2026-06-04 museum Library Everything export,Previously present in museum_completion_canon.csv; included for full current-universe Buddy evidence refresh.
827,Treat Bag 06,treat bag 06,existing_museum_completion_canon,Event,event,249,Y,source_parsed,treat-bag-06,https://buddy.farm/i/treat-bag-06/,2026-06-04 museum Library Everything export,Previously present in museum_completion_canon.csv; included for full current-universe Buddy evidence refresh.
828,Arnold Palmer,arnold palmer,existing_museum_completion_canon,Items,items,36,Y,source_parsed,arnold-palmer,https://buddy.farm/i/arnold-palmer/,2026-06-04 museum Library Everything export,Previously present in museum_completion_canon.csv; included for full current-universe Buddy evidence refresh.
829,Birthday Surprise Box 03,birthday surprise box 03,existing_museum_completion_canon,Event,event,12,Y,source_parsed,birthday-surprise-box-03,https://buddy.farm/i/birthday-surprise-box-03/,2026-06-04 museum Library Everything export,Previously present in museum_completion_canon.csv; included for full current-universe Buddy evidence refresh.
830,Lovely Rose,lovely rose,existing_museum_completion_canon,Items,items,499,Y,source_parsed,lovely-rose,https://buddy.farm/i/lovely-rose/,2026-06-04 museum Library Everything export,Previously present in museum_completion_canon.csv; included for full current-universe Buddy evidence refresh.
831,Gary Bobblehead,gary bobblehead,existing_museum_completion_canon,Items,items,351,Y,source_parsed,gary-bobblehead,https://buddy.farm/i/gary-bobblehead/,2026-06-04 museum Library Everything export,Previously present in museum_completion_canon.csv; included for full current-universe Buddy evidence refresh.
832,Gold Rudolph,gold rudolph,existing_museum_completion_canon,Event,event,149,Y,source_parsed,gold-rudolph,https://buddy.farm/i/gold-rudolph/,2026-06-04 museum Library Everything export,Previously present in museum_completion_canon.csv; included for full current-universe Buddy evidence refresh.
833,Emerald Ring,emerald ring,existing_museum_completion_canon,Items,items,283,Y,source_parsed,emerald-ring,https://buddy.farm/i/emerald-ring/,2026-06-04 museum Library Everything export,Previously present in museum_completion_canon.csv; included for full current-universe Buddy evidence refresh.
834,Blue Sea Bass,blue sea bass,existing_museum_completion_canon,Fish,fish,6,Y,source_parsed,blue-sea-bass,https://buddy.farm/i/blue-sea-bass/,2026-06-04 museum Library Everything export,Previously present in museum_completion_canon.csv; included for full current-universe Buddy evidence refresh.
835,Pumpkin Seeds,pumpkin seeds,existing_museum_completion_canon,Seeds,seeds,25,Y,source_parsed,pumpkin-seeds,https://buddy.farm/i/pumpkin-seeds/,2026-06-04 museum Library Everything export,Previously present in museum_completion_canon.csv; included for full current-universe Buddy evidence refresh.
836,Small Spring,small spring,existing_museum_completion_canon,Items,items,779,Y,source_parsed,small-spring,https://buddy.farm/i/small-spring/,2026-06-04 museum Library Everything export,Previously present in museum_completion_canon.csv; included for full current-universe Buddy evidence refresh.
837,Pine Board,pine board,existing_museum_completion_canon,Items,items,617,Y,source_parsed,pine-board,https://buddy.farm/i/pine-board/,2026-06-04 museum Library Everything export,Previously present in museum_completion_canon.csv; included for full current-universe Buddy evidence refresh.
838,Soap,soap,existing_museum_completion_canon,Items,items,784,Y,source_parsed,soap,https://buddy.farm/i/soap/,2026-06-04 museum Library Everything export,Previously present in museum_completion_canon.csv; included for full current-universe Buddy evidence refresh.
839,Gold Wreath,gold wreath,existing_museum_completion_canon,Event,event,151,Y,source_parsed,gold-wreath,https://buddy.farm/i/gold-wreath/,2026-06-04 museum Library Everything export,Previously present in museum_completion_canon.csv; included for full current-universe Buddy evidence refresh.
840,George's Onion Soup,george's onion soup,existing_museum_completion_canon,Items,items,361,Y,source_parsed,george-s-onion-soup,https://buddy.farm/i/george-s-onion-soup/,2026-06-04 museum Library Everything export,Previously present in museum_completion_canon.csv; included for full current-universe Buddy evidence refresh.
841,Inferno Ring,inferno ring,existing_museum_completion_canon,Items,items,450,Y,source_parsed,inferno-ring,https://buddy.farm/i/inferno-ring/,2026-06-04 museum Library Everything export,Previously present in museum_completion_canon.csv; included for full current-universe Buddy evidence refresh.
842,Jester Buddy Doll,jester buddy doll,existing_museum_completion_canon,Items,items,460,Y,source_parsed,jester-buddy-doll,https://buddy.farm/i/jester-buddy-doll/,2026-06-04 museum Library Everything export,Previously present in museum_completion_canon.csv; included for full current-universe Buddy evidence refresh.
843,Blue Spritz,blue spritz,existing_museum_completion_canon,Event,event,16,Y,source_parsed,blue-spritz,https://buddy.farm/i/blue-spritz/,2026-06-04 museum Library Everything export,Previously present in museum_completion_canon.csv; included for full current-universe Buddy evidence refresh.
844,Runecube,runecube,existing_museum_completion_canon,Items,items,701,Y,source_parsed,runecube,https://buddy.farm/i/runecube/,2026-06-04 museum Library Everything export,Previously present in museum_completion_canon.csv; included for full current-universe Buddy evidence refresh.
845,Fantastic Buddy Doll,fantastic buddy doll,existing_museum_completion_canon,Items,items,308,Y,source_parsed,fantastic-buddy-doll,https://buddy.farm/i/fantastic-buddy-doll/,2026-06-04 museum Library Everything export,Previously present in museum_completion_canon.csv; included for full current-universe Buddy evidence refresh.
846,Mayonnaise,mayonnaise,existing_museum_completion_canon,Items,items,522,Y,source_parsed,mayonnaise,https://buddy.farm/i/mayonnaise/,2026-06-04 museum Library Everything export,Previously present in museum_completion_canon.csv; included for full current-universe Buddy evidence refresh.
847,Buddy's School Bag,buddy's school bag,existing_museum_completion_canon,Items,items,156,Y,source_parsed,buddy-s-school-bag,https://buddy.farm/i/buddy-s-school-bag/,2026-06-04 museum Library Everything export,Previously present in museum_completion_canon.csv; included for full current-universe Buddy evidence refresh.
848,Blood Crystal,blood crystal,existing_museum_completion_canon,Items,items,95,Y,source_parsed,blood-crystal,https://buddy.farm/i/blood-crystal/,2026-06-04 museum Library Everything export,Previously present in museum_completion_canon.csv; included for full current-universe Buddy evidence refresh.
849,Witch's Broom,witch's broom,existing_museum_completion_canon,Event,event,258,Y,source_parsed,witch-s-broom,https://buddy.farm/i/witch-s-broom/,2026-06-04 museum Library Everything export,Previously present in museum_completion_canon.csv; included for full current-universe Buddy evidence refresh.
850,Frozen Playground Key,frozen playground key,existing_museum_completion_canon,Items,items,344,Y,source_parsed,frozen-playground-key,https://buddy.farm/i/frozen-playground-key/,2026-06-04 museum Library Everything export,Previously present in museum_completion_canon.csv; included for full current-universe Buddy evidence refresh.
851,Treasure Key,treasure key,existing_museum_completion_canon,Items,items,866,Y,source_parsed,treasure-key,https://buddy.farm/i/treasure-key/,2026-06-04 museum Library Everything export,Previously present in museum_completion_canon.csv; included for full current-universe Buddy evidence refresh.
852,Piece 04,piece 04,existing_museum_completion_canon,Items,items,601,Y,source_parsed,piece-04,https://buddy.farm/i/piece-04/,2026-06-04 museum Library Everything export,Previously present in museum_completion_canon.csv; included for full current-universe Buddy evidence refresh.
853,Goostav Bobblehead,goostav bobblehead,existing_museum_completion_canon,Items,items,390,Y,source_parsed,goostav-bobblehead,https://buddy.farm/i/goostav-bobblehead/,2026-06-04 museum Library Everything export,Previously present in museum_completion_canon.csv; included for full current-universe Buddy evidence refresh.
854,Heart Necklace Right Piece,heart necklace right piece,existing_museum_completion_canon,Event,event,160,Y,source_parsed,heart-necklace-right-piece,https://buddy.farm/i/heart-necklace-right-piece/,2026-06-04 museum Library Everything export,Previously present in museum_completion_canon.csv; included for full current-universe Buddy evidence refresh.
855,Christmas Sweater,christmas sweater,existing_museum_completion_canon,Event,event,52,Y,source_parsed,christmas-sweater,https://buddy.farm/i/christmas-sweater/,2026-06-04 museum Library Everything export,Previously present in museum_completion_canon.csv; included for full current-universe Buddy evidence refresh.
856,Snowflakes,snowflakes,existing_museum_completion_canon,Event,event,226,Y,source_parsed,snowflakes,https://buddy.farm/i/snowflakes/,2026-06-04 museum Library Everything export,Previously present in museum_completion_canon.csv; included for full current-universe Buddy evidence refresh.
857,Frost Snapper Shell,frost snapper shell,existing_museum_completion_canon,Items,items,338,Y,source_parsed,frost-snapper-shell,https://buddy.farm/i/frost-snapper-shell/,2026-06-04 museum Library Everything export,Previously present in museum_completion_canon.csv; included for full current-universe Buddy evidence refresh.
858,Seaweed,seaweed,existing_museum_completion_canon,Items,items,748,Y,source_parsed,seaweed,https://buddy.farm/i/seaweed/,2026-06-04 museum Library Everything export,Previously present in museum_completion_canon.csv; included for full current-universe Buddy evidence refresh.
859,Glowshroom,glowshroom,existing_museum_completion_canon,Items,items,374,Y,source_parsed,glowshroom,https://buddy.farm/i/glowshroom/,2026-06-04 museum Library Everything export,Previously present in museum_completion_canon.csv; included for full current-universe Buddy evidence refresh.
860,Owl Feather,owl feather,existing_museum_completion_canon,Items,items,577,Y,source_parsed,owl-feather,https://buddy.farm/i/owl-feather/,2026-06-04 museum Library Everything export,Previously present in museum_completion_canon.csv; included for full current-universe Buddy evidence refresh.
861,Congratulations Card,congratulations card,existing_museum_completion_canon,Cards,cards,6,Y,source_parsed,congratulations-card,https://buddy.farm/i/congratulations-card/,2026-06-04 museum Library Everything export,Previously present in museum_completion_canon.csv; included for full current-universe Buddy evidence refresh.
862,Sea Pincher Special,sea pincher special,existing_museum_completion_canon,Meals,meals,17,Y,source_parsed,sea-pincher-special,https://buddy.farm/i/sea-pincher-special/,2026-06-04 museum Library Everything export,Previously present in museum_completion_canon.csv; included for full current-universe Buddy evidence refresh.
863,Mega Sunflower Seeds,mega sunflower seeds,existing_museum_completion_canon,Seeds,seeds,18,Y,source_parsed,mega-sunflower-seeds,https://buddy.farm/i/mega-sunflower-seeds/,2026-06-04 museum Library Everything export,Previously present in museum_completion_canon.csv; included for full current-universe Buddy evidence refresh.
864,Purple Butterfly Fish,purple butterfly fish,existing_museum_completion_canon,Fish,fish,69,Y,source_parsed,purple-butterfly-fish,https://buddy.farm/i/purple-butterfly-fish/,2026-06-04 museum Library Everything export,Previously present in museum_completion_canon.csv; included for full current-universe Buddy evidence refresh.
865,Egg 05,egg 05,existing_museum_completion_canon,Event,event,73,Y,source_parsed,egg-05,https://buddy.farm/i/egg-05/,2026-06-04 museum Library Everything export,Previously present in museum_completion_canon.csv; included for full current-universe Buddy evidence refresh.
866,Baba Bobblehead,baba bobblehead,existing_museum_completion_canon,Items,items,42,Y,source_parsed,baba-bobblehead,https://buddy.farm/i/baba-bobblehead/,2026-06-04 museum Library Everything export,Previously present in museum_completion_canon.csv; included for full current-universe Buddy evidence refresh.
867,Piece 18,piece 18,existing_museum_completion_canon,Items,items,607,Y,source_parsed,piece-18,https://buddy.farm/i/piece-18/,2026-06-04 museum Library Everything export,Previously present in museum_completion_canon.csv; included for full current-universe Buddy evidence refresh.
868,Goldfin,goldfin,existing_museum_completion_canon,Fish,fish,43,Y,source_parsed,goldfin,https://buddy.farm/i/goldfin/,2026-06-04 museum Library Everything export,Previously present in museum_completion_canon.csv; included for full current-universe Buddy evidence refresh.
869,Green Diary,green diary,existing_museum_completion_canon,Items,items,407,Y,source_parsed,green-diary,https://buddy.farm/i/green-diary/,2026-06-04 museum Library Everything export,Previously present in museum_completion_canon.csv; included for full current-universe Buddy evidence refresh.
870,Speckled Grouper,speckled grouper,existing_museum_completion_canon,Fish,fish,87,Y,source_parsed,speckled-grouper,https://buddy.farm/i/speckled-grouper/,2026-06-04 museum Library Everything export,Previously present in museum_completion_canon.csv; included for full current-universe Buddy evidence refresh.
871,Corn Husk Doll,corn husk doll,existing_museum_completion_canon,Items,items,241,Y,source_parsed,corn-husk-doll,https://buddy.farm/i/corn-husk-doll/,2026-06-04 museum Library Everything export,Previously present in museum_completion_canon.csv; included for full current-universe Buddy evidence refresh.
872,Red Trunk,red trunk,existing_museum_completion_canon,Items,items,678,Y,source_parsed,red-trunk,https://buddy.farm/i/red-trunk/,2026-06-04 museum Library Everything export,Previously present in museum_completion_canon.csv; included for full current-universe Buddy evidence refresh.
873,Eggplant Seeds,eggplant seeds,existing_museum_completion_canon,Seeds,seeds,8,Y,source_parsed,eggplant-seeds,https://buddy.farm/i/eggplant-seeds/,2026-06-04 museum Library Everything export,Previously present in museum_completion_canon.csv; included for full current-universe Buddy evidence refresh.
874,Piece 26,piece 26,existing_museum_completion_canon,Items,items,611,Y,source_parsed,piece-26,https://buddy.farm/i/piece-26/,2026-06-04 museum Library Everything export,Previously present in museum_completion_canon.csv; included for full current-universe Buddy evidence refresh.
875,Glowing Lantern,glowing lantern,existing_museum_completion_canon,Items,items,373,Y,source_parsed,glowing-lantern,https://buddy.farm/i/glowing-lantern/,2026-06-04 museum Library Everything export,Previously present in museum_completion_canon.csv; included for full current-universe Buddy evidence refresh.
876,Lava Sphere,lava sphere,existing_museum_completion_canon,Items,items,479,Y,source_parsed,lava-sphere,https://buddy.farm/i/lava-sphere/,2026-06-04 museum Library Everything export,Previously present in museum_completion_canon.csv; included for full current-universe Buddy evidence refresh.
877,Pumpkin,pumpkin,existing_museum_completion_canon,Crops,crops,28,Y,source_parsed,pumpkin,https://buddy.farm/i/pumpkin/,2026-06-04 museum Library Everything export,Previously present in museum_completion_canon.csv; included for full current-universe Buddy evidence refresh.
878,Moonbreaker,moonbreaker,existing_museum_completion_canon,Items,items,538,Y,source_parsed,moonbreaker,https://buddy.farm/i/moonbreaker/,2026-06-04 museum Library Everything export,Previously present in museum_completion_canon.csv; included for full current-universe Buddy evidence refresh.
879,Grab Bag 05,grab bag 05,existing_museum_completion_canon,Items,items,396,Y,source_parsed,grab-bag-05,https://buddy.farm/i/grab-bag-05/,2026-06-04 museum Library Everything export,Previously present in museum_completion_canon.csv; included for full current-universe Buddy evidence refresh.
880,Sturdy Box,sturdy box,existing_museum_completion_canon,Items,items,827,Y,source_parsed,sturdy-box,https://buddy.farm/i/sturdy-box/,2026-06-04 museum Library Everything export,Previously present in museum_completion_canon.csv; included for full current-universe Buddy evidence refresh.
881,Lorn Bobblehead,lorn bobblehead,existing_museum_completion_canon,Items,items,497,Y,source_parsed,lorn-bobblehead,https://buddy.farm/i/lorn-bobblehead/,2026-06-04 museum Library Everything export,Previously present in museum_completion_canon.csv; included for full current-universe Buddy evidence refresh.
882,Lemon Seltzer,lemon seltzer,existing_museum_completion_canon,Meals,meals,10,Y,source_parsed,lemon-seltzer,https://buddy.farm/i/lemon-seltzer/,2026-06-04 museum Library Everything export,Previously present in museum_completion_canon.csv; included for full current-universe Buddy evidence refresh.
883,Large Chest 02,large chest 02,existing_museum_completion_canon,Items,items,475,Y,source_parsed,large-chest-02,https://buddy.farm/i/large-chest-02/,2026-06-04 museum Library Everything export,Previously present in museum_completion_canon.csv; included for full current-universe Buddy evidence refresh.
884,Beatrix's Booming Brawl Box 01,beatrix's booming brawl box 01,existing_museum_completion_canon,Items,items,70,Y,source_parsed,beatrix-s-booming-brawl-box-01,https://buddy.farm/i/beatrix-s-booming-brawl-box-01/,2026-06-04 museum Library Everything export,Previously present in museum_completion_canon.csv; included for full current-universe Buddy evidence refresh.
885,Bait Bag 01,bait bag 01,existing_museum_completion_canon,Items,items,51,Y,source_parsed,bait-bag-01,https://buddy.farm/i/bait-bag-01/,2026-06-04 museum Library Everything export,Previously present in museum_completion_canon.csv; included for full current-universe Buddy evidence refresh.
886,Conch Shell,conch shell,existing_museum_completion_canon,Fish,fish,18,Y,source_parsed,conch-shell,https://buddy.farm/i/conch-shell/,2026-06-04 museum Library Everything export,Previously present in museum_completion_canon.csv; included for full current-universe Buddy evidence refresh.
887,Fish Bones,fish bones,existing_museum_completion_canon,Fish,fish,23,Y,source_parsed,fish-bones,https://buddy.farm/i/fish-bones/,2026-06-04 museum Library Everything export,Previously present in museum_completion_canon.csv; included for full current-universe Buddy evidence refresh.
888,Mossy Stone,mossy stone,existing_museum_completion_canon,Items,items,540,Y,source_parsed,mossy-stone,https://buddy.farm/i/mossy-stone/,2026-06-04 museum Library Everything export,Previously present in museum_completion_canon.csv; included for full current-universe Buddy evidence refresh.
889,Cursed Effigy Head,cursed effigy head,existing_museum_completion_canon,Items,items,260,Y,source_parsed,cursed-effigy-head,https://buddy.farm/i/cursed-effigy-head/,2026-06-04 museum Library Everything export,Previously present in museum_completion_canon.csv; included for full current-universe Buddy evidence refresh.
890,Podcast Swear Jar,podcast swear jar,existing_museum_completion_canon,Items,items,629,Y,source_parsed,podcast-swear-jar,https://buddy.farm/i/podcast-swear-jar/,2026-06-04 museum Library Everything export,Previously present in museum_completion_canon.csv; included for full current-universe Buddy evidence refresh.
891,Sugar Cube,sugar cube,existing_museum_completion_canon,Items,items,832,Y,source_parsed,sugar-cube,https://buddy.farm/i/sugar-cube/,2026-06-04 museum Library Everything export,Previously present in museum_completion_canon.csv; included for full current-universe Buddy evidence refresh.
892,Piece 07,piece 07,existing_museum_completion_canon,Items,items,602,Y,source_parsed,piece-07,https://buddy.farm/i/piece-07/,2026-06-04 museum Library Everything export,Previously present in museum_completion_canon.csv; included for full current-universe Buddy evidence refresh.
893,Carbon Sphere,carbon sphere,existing_museum_completion_canon,Items,items,167,Y,source_parsed,carbon-sphere,https://buddy.farm/i/carbon-sphere/,2026-06-04 museum Library Everything export,Previously present in museum_completion_canon.csv; included for full current-universe Buddy evidence refresh.
894,Frozen Wheel,frozen wheel,existing_museum_completion_canon,Event,event,122,Y,source_parsed,frozen-wheel,https://buddy.farm/i/frozen-wheel/,2026-06-04 museum Library Everything export,Previously present in museum_completion_canon.csv; included for full current-universe Buddy evidence refresh.
895,Water Bottle,water bottle,existing_museum_completion_canon,Event,event,254,Y,source_parsed,water-bottle,https://buddy.farm/i/water-bottle/,2026-06-04 museum Library Everything export,Previously present in museum_completion_canon.csv; included for full current-universe Buddy evidence refresh.
896,Frozen Tomato,frozen tomato,existing_museum_completion_canon,Crops,crops,15,Y,source_parsed,frozen-tomato,https://buddy.farm/i/frozen-tomato/,2026-06-04 museum Library Everything export,Previously present in museum_completion_canon.csv; included for full current-universe Buddy evidence refresh.
897,Pencil,pencil,existing_museum_completion_canon,Event,event,192,Y,source_parsed,pencil,https://buddy.farm/i/pencil/,2026-06-04 museum Library Everything export,Previously present in museum_completion_canon.csv; included for full current-universe Buddy evidence refresh.
898,Growth Medallion I,growth medallion i,existing_museum_completion_canon,Items,items,418,Y,source_parsed,growth-medallion-i,https://buddy.farm/i/growth-medallion-i/,2026-06-04 museum Library Everything export,Previously present in museum_completion_canon.csv; included for full current-universe Buddy evidence refresh.
899,Cepathorf's Case,cepathorf's case,existing_museum_completion_canon,Items,items,189,Y,source_parsed,cepathorf-s-case,https://buddy.farm/i/cepathorf-s-case/,2026-06-04 museum Library Everything export,Previously present in museum_completion_canon.csv; included for full current-universe Buddy evidence refresh.
900,Lucky Bacon,lucky bacon,new_in_current_museum_export,,,,,reviewed_name_from_current_export,lucky-bacon,https://buddy.farm/i/lucky-bacon/,2026-06-04 museum Library Everything export,"New in current museum export; review sources, icons, recipes, and aliases before canonical promotion."
901,Fuzzy Trout,fuzzy trout,new_in_current_museum_export,,,,,reviewed_name_from_current_export,fuzzy-trout,https://buddy.farm/i/fuzzy-trout/,2026-06-04 museum Library Everything export,"New in current museum export; review sources, icons, recipes, and aliases before canonical promotion."
902,Gingerbread House,gingerbread house,existing_museum_completion_canon,Event,event,140,Y,source_parsed,gingerbread-house,https://buddy.farm/i/gingerbread-house/,2026-06-04 museum Library Everything export,Previously present in museum_completion_canon.csv; included for full current-universe Buddy evidence refresh.
903,Clubs,clubs,existing_museum_completion_canon,Items,items,224,Y,source_parsed,clubs,https://buddy.farm/i/clubs/,2026-06-04 museum Library Everything export,Previously present in museum_completion_canon.csv; included for full current-universe Buddy evidence refresh.
904,Cranberry Juice,cranberry juice,existing_museum_completion_canon,Items,items,250,Y,source_parsed,cranberry-juice,https://buddy.farm/i/cranberry-juice/,2026-06-04 museum Library Everything export,Previously present in museum_completion_canon.csv; included for full current-universe Buddy evidence refresh.
905,Rucksack,rucksack,existing_museum_completion_canon,Items,items,696,Y,source_parsed,rucksack,https://buddy.farm/i/rucksack/,2026-06-04 museum Library Everything export,Previously present in museum_completion_canon.csv; included for full current-universe Buddy evidence refresh.
906,Sturdy Bow,sturdy bow,existing_museum_completion_canon,Items,items,826,Y,source_parsed,sturdy-bow,https://buddy.farm/i/sturdy-bow/,2026-06-04 museum Library Everything export,Previously present in museum_completion_canon.csv; included for full current-universe Buddy evidence refresh.
907,Grape Juice,grape juice,existing_museum_completion_canon,Items,items,401,Y,source_parsed,grape-juice,https://buddy.farm/i/grape-juice/,2026-06-04 museum Library Everything export,Previously present in museum_completion_canon.csv; included for full current-universe Buddy evidence refresh.
908,Runestone Necklace,runestone necklace,existing_museum_completion_canon,Items,items,724,Y,source_parsed,runestone-necklace,https://buddy.farm/i/runestone-necklace/,2026-06-04 museum Library Everything export,Previously present in museum_completion_canon.csv; included for full current-universe Buddy evidence refresh.
909,Tower Key,tower key,existing_museum_completion_canon,Items,items,862,Y,source_parsed,tower-key,https://buddy.farm/i/tower-key/,2026-06-04 museum Library Everything export,Previously present in museum_completion_canon.csv; included for full current-universe Buddy evidence refresh.
910,Purple Flower,purple flower,existing_museum_completion_canon,Items,items,649,Y,source_parsed,purple-flower,https://buddy.farm/i/purple-flower/,2026-06-04 museum Library Everything export,Previously present in museum_completion_canon.csv; included for full current-universe Buddy evidence refresh.
911,Bone 03,bone 03,existing_museum_completion_canon,Items,items,113,Y,source_parsed,bone-03,https://buddy.farm/i/bone-03/,2026-06-04 museum Library Everything export,Previously present in museum_completion_canon.csv; included for full current-universe Buddy evidence refresh.
912,Pumpkin Juice,pumpkin juice,existing_museum_completion_canon,Items,items,644,Y,source_parsed,pumpkin-juice,https://buddy.farm/i/pumpkin-juice/,2026-06-04 museum Library Everything export,Previously present in museum_completion_canon.csv; included for full current-universe Buddy evidence refresh.
913,Red Ornament,red ornament,existing_museum_completion_canon,Event,event,211,Y,source_parsed,red-ornament,https://buddy.farm/i/red-ornament/,2026-06-04 museum Library Everything export,Previously present in museum_completion_canon.csv; included for full current-universe Buddy evidence refresh.
914,Tribal Mask,tribal mask,existing_museum_completion_canon,Items,items,867,Y,source_parsed,tribal-mask,https://buddy.farm/i/tribal-mask/,2026-06-04 museum Library Everything export,Previously present in museum_completion_canon.csv; included for full current-universe Buddy evidence refresh.
915,Pot of Gold (Small),pot of gold (small),existing_museum_completion_canon,Event,event,201,Y,source_parsed,pot-of-gold-small,https://buddy.farm/i/pot-of-gold-small/,2026-06-04 museum Library Everything export,Previously present in museum_completion_canon.csv; included for full current-universe Buddy evidence refresh.
916,Red Diamond Fish,red diamond fish,existing_museum_completion_canon,Event,event,210,Y,source_parsed,red-diamond-fish,https://buddy.farm/i/red-diamond-fish/,2026-06-04 museum Library Everything export,Previously present in museum_completion_canon.csv; included for full current-universe Buddy evidence refresh.
917,Runestone 08,runestone 08,existing_museum_completion_canon,Items,items,709,Y,source_parsed,runestone-08,https://buddy.farm/i/runestone-08/,2026-06-04 museum Library Everything export,Previously present in museum_completion_canon.csv; included for full current-universe Buddy evidence refresh.
918,Green Ornament,green ornament,existing_museum_completion_canon,Event,event,154,Y,source_parsed,green-ornament,https://buddy.farm/i/green-ornament/,2026-06-04 museum Library Everything export,Previously present in museum_completion_canon.csv; included for full current-universe Buddy evidence refresh.
919,Waffle,waffle,existing_museum_completion_canon,Items,items,896,Y,source_parsed,waffle,https://buddy.farm/i/waffle/,2026-06-04 museum Library Everything export,Previously present in museum_completion_canon.csv; included for full current-universe Buddy evidence refresh.
920,Pyrite,pyrite,existing_museum_completion_canon,Items,items,655,Y,source_parsed,pyrite,https://buddy.farm/i/pyrite/,2026-06-04 museum Library Everything export,Previously present in museum_completion_canon.csv; included for full current-universe Buddy evidence refresh.
921,Lucky Trout,lucky trout,new_in_current_museum_export,,,,,reviewed_name_from_current_export,lucky-trout,https://buddy.farm/i/lucky-trout/,2026-06-04 museum Library Everything export,"New in current museum export; review sources, icons, recipes, and aliases before canonical promotion."
922,Magic Mirror,magic mirror,existing_museum_completion_canon,Items,items,507,Y,source_parsed,magic-mirror,https://buddy.farm/i/magic-mirror/,2026-06-04 museum Library Everything export,Previously present in museum_completion_canon.csv; included for full current-universe Buddy evidence refresh.
923,Fuzzy Chick 05,fuzzy chick 05,existing_museum_completion_canon,Event,event,129,Y,source_parsed,fuzzy-chick-05,https://buddy.farm/i/fuzzy-chick-05/,2026-06-04 museum Library Everything export,Previously present in museum_completion_canon.csv; included for full current-universe Buddy evidence refresh.
924,Diamonds,diamonds,existing_museum_completion_canon,Items,items,265,Y,source_parsed,diamonds,https://buddy.farm/i/diamonds/,2026-06-04 museum Library Everything export,Previously present in museum_completion_canon.csv; included for full current-universe Buddy evidence refresh.
925,Blue Star Stomper,blue star stomper,existing_museum_completion_canon,Items,items,106,Y,source_parsed,blue-star-stomper,https://buddy.farm/i/blue-star-stomper/,2026-06-04 museum Library Everything export,Previously present in museum_completion_canon.csv; included for full current-universe Buddy evidence refresh.
926,Labubuddy Doll,labubuddy doll,existing_museum_completion_canon,Items,items,469,Y,source_parsed,labubuddy-doll,https://buddy.farm/i/labubuddy-doll/,2026-06-04 museum Library Everything export,Previously present in museum_completion_canon.csv; included for full current-universe Buddy evidence refresh.
927,11th Leaf Centerpiece,11th leaf centerpiece,existing_museum_completion_canon,Event,event,1,Y,source_parsed,11th-leaf-centerpiece,https://buddy.farm/i/11th-leaf-centerpiece/,2026-06-04 museum Library Everything export,Previously present in museum_completion_canon.csv; included for full current-universe Buddy evidence refresh.
928,Stingray,stingray,existing_museum_completion_canon,Fish,fish,91,Y,source_parsed,stingray,https://buddy.farm/i/stingray/,2026-06-04 museum Library Everything export,Previously present in museum_completion_canon.csv; included for full current-universe Buddy evidence refresh.
929,Carved Mouse,carved mouse,existing_museum_completion_canon,Items,items,176,Y,source_parsed,carved-mouse,https://buddy.farm/i/carved-mouse/,2026-06-04 museum Library Everything export,Previously present in museum_completion_canon.csv; included for full current-universe Buddy evidence refresh.
930,Clownfish,clownfish,existing_museum_completion_canon,Fish,fish,17,Y,source_parsed,clownfish,https://buddy.farm/i/clownfish/,2026-06-04 museum Library Everything export,Previously present in museum_completion_canon.csv; included for full current-universe Buddy evidence refresh.
931,Frozen Manta Ray,frozen manta ray,existing_museum_completion_canon,Event,event,115,Y,source_parsed,frozen-manta-ray,https://buddy.farm/i/frozen-manta-ray/,2026-06-04 museum Library Everything export,Previously present in museum_completion_canon.csv; included for full current-universe Buddy evidence refresh.
932,Twine,twine,existing_museum_completion_canon,Items,items,872,Y,source_parsed,twine,https://buddy.farm/i/twine/,2026-06-04 museum Library Everything export,Previously present in museum_completion_canon.csv; included for full current-universe Buddy evidence refresh.
933,Arrowhead,arrowhead,existing_museum_completion_canon,Items,items,37,Y,source_parsed,arrowhead,https://buddy.farm/i/arrowhead/,2026-06-04 museum Library Everything export,Previously present in museum_completion_canon.csv; included for full current-universe Buddy evidence refresh.
934,Christmas Present 10,christmas present 10,existing_museum_completion_canon,Event,event,48,Y,source_parsed,christmas-present-10,https://buddy.farm/i/christmas-present-10/,2026-06-04 museum Library Everything export,Previously present in museum_completion_canon.csv; included for full current-universe Buddy evidence refresh.
935,Mechanical Heart,mechanical heart,existing_museum_completion_canon,Items,items,523,Y,source_parsed,mechanical-heart,https://buddy.farm/i/mechanical-heart/,2026-06-04 museum Library Everything export,Previously present in museum_completion_canon.csv; included for full current-universe Buddy evidence refresh.
936,Astro Fuzzy Chick,astro fuzzy chick,new_in_current_museum_export,,,,,reviewed_name_from_current_export,astro-fuzzy-chick,https://buddy.farm/i/astro-fuzzy-chick/,2026-06-04 museum Library Everything export,"New in current museum export; review sources, icons, recipes, and aliases before canonical promotion."
937,Leather Helmet,leather helmet,existing_museum_completion_canon,Items,items,485,Y,source_parsed,leather-helmet,https://buddy.farm/i/leather-helmet/,2026-06-04 museum Library Everything export,Previously present in museum_completion_canon.csv; included for full current-universe Buddy evidence refresh.
938,Frozen Sheepshead,frozen sheepshead,existing_museum_completion_canon,Event,event,116,Y,source_parsed,frozen-sheepshead,https://buddy.farm/i/frozen-sheepshead/,2026-06-04 museum Library Everything export,Previously present in museum_completion_canon.csv; included for full current-universe Buddy evidence refresh.
939,Captains Log,captains log,existing_museum_completion_canon,Items,items,166,Y,source_parsed,captains-log,https://buddy.farm/i/captains-log/,2026-06-04 museum Library Everything export,Previously present in museum_completion_canon.csv; included for full current-universe Buddy evidence refresh.
940,Ric Ryph Bobblehead,ric ryph bobblehead,existing_museum_completion_canon,Items,items,682,Y,source_parsed,ric-ryph-bobblehead,https://buddy.farm/i/ric-ryph-bobblehead/,2026-06-04 museum Library Everything export,Previously present in museum_completion_canon.csv; included for full current-universe Buddy evidence refresh.
941,Ring of Renthisj,ring of renthisj,existing_museum_completion_canon,Items,items,683,Y,source_parsed,ring-of-renthisj,https://buddy.farm/i/ring-of-renthisj/,2026-06-04 museum Library Everything export,Previously present in museum_completion_canon.csv; included for full current-universe Buddy evidence refresh.
942,Dancer,dancer,existing_museum_completion_canon,Event,event,64,Y,source_parsed,dancer,https://buddy.farm/i/dancer/,2026-06-04 museum Library Everything export,Previously present in museum_completion_canon.csv; included for full current-universe Buddy evidence refresh.
943,Belt Drive,belt drive,existing_museum_completion_canon,Items,items,73,Y,source_parsed,belt-drive,https://buddy.farm/i/belt-drive/,2026-06-04 museum Library Everything export,Previously present in museum_completion_canon.csv; included for full current-universe Buddy evidence refresh.
944,Sugar Cane Seeds,sugar cane seeds,existing_museum_completion_canon,Seeds,seeds,29,Y,source_parsed,sugar-cane-seeds,https://buddy.farm/i/sugar-cane-seeds/,2026-06-04 museum Library Everything export,Previously present in museum_completion_canon.csv; included for full current-universe Buddy evidence refresh.
945,Green Shield,green shield,existing_museum_completion_canon,Items,items,413,Y,source_parsed,green-shield,https://buddy.farm/i/green-shield/,2026-06-04 museum Library Everything export,Previously present in museum_completion_canon.csv; included for full current-universe Buddy evidence refresh.
946,Cooked Fish,cooked fish,existing_museum_completion_canon,Items,items,235,Y,source_parsed,cooked-fish,https://buddy.farm/i/cooked-fish/,2026-06-04 museum Library Everything export,Previously present in museum_completion_canon.csv; included for full current-universe Buddy evidence refresh.
947,Brain Fungus,brain fungus,existing_museum_completion_canon,Items,items,135,Y,source_parsed,brain-fungus,https://buddy.farm/i/brain-fungus/,2026-06-04 museum Library Everything export,Previously present in museum_completion_canon.csv; included for full current-universe Buddy evidence refresh.
948,Bird Key,bird key,existing_museum_completion_canon,Items,items,80,Y,source_parsed,bird-key,https://buddy.farm/i/bird-key/,2026-06-04 museum Library Everything export,Previously present in museum_completion_canon.csv; included for full current-universe Buddy evidence refresh.
949,Spring Basket 03,spring basket 03,existing_museum_completion_canon,Items,items,798,Y,source_parsed,spring-basket-03,https://buddy.farm/i/spring-basket-03/,2026-06-04 museum Library Everything export,Previously present in museum_completion_canon.csv; included for full current-universe Buddy evidence refresh.
950,frank's Basket,frank's basket,existing_museum_completion_canon,Items,items,332,Y,source_parsed,frank-s-basket,https://buddy.farm/i/frank-s-basket/,2026-06-04 museum Library Everything export,Previously present in museum_completion_canon.csv; included for full current-universe Buddy evidence refresh.
951,Hickory Omelette,hickory omelette,existing_museum_completion_canon,Meals,meals,8,Y,source_parsed,hickory-omelette,https://buddy.farm/i/hickory-omelette/,2026-06-04 museum Library Everything export,Previously present in museum_completion_canon.csv; included for full current-universe Buddy evidence refresh.
952,Energy Coil,energy coil,existing_museum_completion_canon,Items,items,284,Y,source_parsed,energy-coil,https://buddy.farm/i/energy-coil/,2026-06-04 museum Library Everything export,Previously present in museum_completion_canon.csv; included for full current-universe Buddy evidence refresh.
953,Cake,cake,new_in_current_museum_export,,,,,reviewed_name_from_current_export,cake,https://buddy.farm/i/cake/,2026-06-04 museum Library Everything export,"New in current museum export; review sources, icons, recipes, and aliases before canonical promotion."
954,Amber Cane,amber cane,existing_museum_completion_canon,Items,items,12,Y,source_parsed,amber-cane,https://buddy.farm/i/amber-cane/,2026-06-04 museum Library Everything export,Previously present in museum_completion_canon.csv; included for full current-universe Buddy evidence refresh.
955,Capy Birthday Card,capy birthday card,existing_museum_completion_canon,Cards,cards,4,Y,source_parsed,capy-birthday-card,https://buddy.farm/i/capy-birthday-card/,2026-06-04 museum Library Everything export,Previously present in museum_completion_canon.csv; included for full current-universe Buddy evidence refresh.
956,Leek,leek,existing_museum_completion_canon,Crops,crops,22,Y,source_parsed,leek,https://buddy.farm/i/leek/,2026-06-04 museum Library Everything export,Previously present in museum_completion_canon.csv; included for full current-universe Buddy evidence refresh.
957,Metal Spool,metal spool,existing_museum_completion_canon,Items,items,528,Y,source_parsed,metal-spool,https://buddy.farm/i/metal-spool/,2026-06-04 museum Library Everything export,Previously present in museum_completion_canon.csv; included for full current-universe Buddy evidence refresh.
958,Lapis Lazuli,lapis lazuli,existing_museum_completion_canon,Items,items,473,Y,source_parsed,lapis-lazuli,https://buddy.farm/i/lapis-lazuli/,2026-06-04 museum Library Everything export,Previously present in museum_completion_canon.csv; included for full current-universe Buddy evidence refresh.
959,Moon Egg,moon egg,new_in_current_museum_export,,,,,reviewed_name_from_current_export,moon-egg,https://buddy.farm/i/moon-egg/,2026-06-04 museum Library Everything export,"New in current museum export; review sources, icons, recipes, and aliases before canonical promotion."
960,Jill's Quandary Chowder,jill's quandary chowder,existing_museum_completion_canon,Items,items,462,Y,source_parsed,jill-s-quandary-chowder,https://buddy.farm/i/jill-s-quandary-chowder/,2026-06-04 museum Library Everything export,Previously present in museum_completion_canon.csv; included for full current-universe Buddy evidence refresh.
961,George Bobblehead,george bobblehead,existing_museum_completion_canon,Items,items,359,Y,source_parsed,george-bobblehead,https://buddy.farm/i/george-bobblehead/,2026-06-04 museum Library Everything export,Previously present in museum_completion_canon.csv; included for full current-universe Buddy evidence refresh.
962,Sturdy Shield,sturdy shield,existing_museum_completion_canon,Items,items,830,Y,source_parsed,sturdy-shield,https://buddy.farm/i/sturdy-shield/,2026-06-04 museum Library Everything export,Previously present in museum_completion_canon.csv; included for full current-universe Buddy evidence refresh.
963,Lima Bean,lima bean,existing_museum_completion_canon,Items,items,493,Y,source_parsed,lima-bean,https://buddy.farm/i/lima-bean/,2026-06-04 museum Library Everything export,Previously present in museum_completion_canon.csv; included for full current-universe Buddy evidence refresh.
964,Cleaver,cleaver,existing_museum_completion_canon,Items,items,222,Y,source_parsed,cleaver,https://buddy.farm/i/cleaver/,2026-06-04 museum Library Everything export,Previously present in museum_completion_canon.csv; included for full current-universe Buddy evidence refresh.
965,Beet,beet,existing_museum_completion_canon,Crops,crops,1,Y,source_parsed,beet,https://buddy.farm/i/beet/,2026-06-04 museum Library Everything export,Previously present in museum_completion_canon.csv; included for full current-universe Buddy evidence refresh.
966,Sandstone,sandstone,existing_museum_completion_canon,Items,items,734,Y,source_parsed,sandstone,https://buddy.farm/i/sandstone/,2026-06-04 museum Library Everything export,Previously present in museum_completion_canon.csv; included for full current-universe Buddy evidence refresh.
967,Utal's Sabre,utal's sabre,existing_museum_completion_canon,Items,items,886,Y,source_parsed,utal-s-sabre,https://buddy.farm/i/utal-s-sabre/,2026-06-04 museum Library Everything export,Previously present in museum_completion_canon.csv; included for full current-universe Buddy evidence refresh.
968,Bouquet of Flowers,bouquet of flowers,existing_museum_completion_canon,Items,items,134,Y,source_parsed,bouquet-of-flowers,https://buddy.farm/i/bouquet-of-flowers/,2026-06-04 museum Library Everything export,Previously present in museum_completion_canon.csv; included for full current-universe Buddy evidence refresh.
969,Harpoon,harpoon,existing_museum_completion_canon,Items,items,423,N,source_parsed,harpoon,https://buddy.farm/i/harpoon/,2026-06-04 museum Library Everything export,Previously present in museum_completion_canon.csv; included for full current-universe Buddy evidence refresh.
970,Piece of Cake,piece of cake,existing_museum_completion_canon,Items,items,614,Y,source_parsed,piece-of-cake,https://buddy.farm/i/piece-of-cake/,2026-06-04 museum Library Everything export,Previously present in museum_completion_canon.csv; included for full current-universe Buddy evidence refresh.
971,List of Corn Puns,list of corn puns,existing_museum_completion_canon,Items,items,495,Y,source_parsed,list-of-corn-puns,https://buddy.farm/i/list-of-corn-puns/,2026-06-04 museum Library Everything export,Previously present in museum_completion_canon.csv; included for full current-universe Buddy evidence refresh.
972,Piece 12,piece 12,existing_museum_completion_canon,Items,items,605,Y,source_parsed,piece-12,https://buddy.farm/i/piece-12/,2026-06-04 museum Library Everything export,Previously present in museum_completion_canon.csv; included for full current-universe Buddy evidence refresh.
973,Uncle Sam Buddy Doll,uncle sam buddy doll,existing_museum_completion_canon,Items,items,874,Y,source_parsed,uncle-sam-buddy-doll,https://buddy.farm/i/uncle-sam-buddy-doll/,2026-06-04 museum Library Everything export,Previously present in museum_completion_canon.csv; included for full current-universe Buddy evidence refresh.
974,Propeller Hat,propeller hat,existing_museum_completion_canon,Items,items,640,Y,source_parsed,propeller-hat,https://buddy.farm/i/propeller-hat/,2026-06-04 museum Library Everything export,Previously present in museum_completion_canon.csv; included for full current-universe Buddy evidence refresh.
975,Cannon,cannon,existing_museum_completion_canon,Items,items,164,Y,source_parsed,cannon,https://buddy.farm/i/cannon/,2026-06-04 museum Library Everything export,Previously present in museum_completion_canon.csv; included for full current-universe Buddy evidence refresh.
976,Flarite,flarite,existing_museum_completion_canon,Items,items,322,Y,source_parsed,flarite,https://buddy.farm/i/flarite/,2026-06-04 museum Library Everything export,Previously present in museum_completion_canon.csv; included for full current-universe Buddy evidence refresh.
977,Certificate of Pepper Giving,certificate of pepper giving,existing_museum_completion_canon,Items,items,202,Y,source_parsed,certificate-of-pepper-giving,https://buddy.farm/i/certificate-of-pepper-giving/,2026-06-04 museum Library Everything export,Previously present in museum_completion_canon.csv; included for full current-universe Buddy evidence refresh.
978,Gold Cucumber,gold cucumber,existing_museum_completion_canon,Crops,crops,17,Y,source_parsed,gold-cucumber,https://buddy.farm/i/gold-cucumber/,2026-06-04 museum Library Everything export,Previously present in museum_completion_canon.csv; included for full current-universe Buddy evidence refresh.
979,Runestone 03,runestone 03,existing_museum_completion_canon,Items,items,704,Y,source_parsed,runestone-03,https://buddy.farm/i/runestone-03/,2026-06-04 museum Library Everything export,Previously present in museum_completion_canon.csv; included for full current-universe Buddy evidence refresh.
980,Pear Grease,pear grease,existing_museum_completion_canon,Items,items,589,Y,source_parsed,pear-grease,https://buddy.farm/i/pear-grease/,2026-06-04 museum Library Everything export,Previously present in museum_completion_canon.csv; included for full current-universe Buddy evidence refresh.
981,Red Starfish,red starfish,existing_museum_completion_canon,Fish,fish,71,Y,source_parsed,red-starfish,https://buddy.farm/i/red-starfish/,2026-06-04 museum Library Everything export,Previously present in museum_completion_canon.csv; included for full current-universe Buddy evidence refresh.
982,Slimed Buddy Doll,slimed buddy doll,new_in_current_museum_export,,,,,reviewed_name_from_current_export,slimed-buddy-doll,https://buddy.farm/i/slimed-buddy-doll/,2026-06-04 museum Library Everything export,"New in current museum export; review sources, icons, recipes, and aliases before canonical promotion."
983,PHR Voucher,phr voucher,existing_museum_completion_canon,Meals,meals,15,Y,source_parsed,phr-voucher,https://buddy.farm/i/phr-voucher/,2026-06-04 museum Library Everything export,Previously present in museum_completion_canon.csv; included for full current-universe Buddy evidence refresh.
984,Radish,radish,existing_museum_completion_canon,Crops,crops,29,Y,source_parsed,radish,https://buddy.farm/i/radish/,2026-06-04 museum Library Everything export,Previously present in museum_completion_canon.csv; included for full current-universe Buddy evidence refresh.
985,Grasshopper,grasshopper,existing_museum_completion_canon,Items,items,403,Y,source_parsed,grasshopper,https://buddy.farm/i/grasshopper/,2026-06-04 museum Library Everything export,Previously present in museum_completion_canon.csv; included for full current-universe Buddy evidence refresh.
986,Treat Bag 01,treat bag 01,existing_museum_completion_canon,Event,event,244,Y,source_parsed,treat-bag-01,https://buddy.farm/i/treat-bag-01/,2026-06-04 museum Library Everything export,Previously present in museum_completion_canon.csv; included for full current-universe Buddy evidence refresh.
987,Ruby Coral,ruby coral,existing_museum_completion_canon,Fish,fish,73,Y,source_parsed,ruby-coral,https://buddy.farm/i/ruby-coral/,2026-06-04 museum Library Everything export,Previously present in museum_completion_canon.csv; included for full current-universe Buddy evidence refresh.
988,Toilet Paper,toilet paper,existing_museum_completion_canon,Event,event,241,Y,source_parsed,toilet-paper,https://buddy.farm/i/toilet-paper/,2026-06-04 museum Library Everything export,Previously present in museum_completion_canon.csv; included for full current-universe Buddy evidence refresh.
989,Canoe,canoe,existing_museum_completion_canon,Items,items,165,Y,source_parsed,canoe,https://buddy.farm/i/canoe/,2026-06-04 museum Library Everything export,Previously present in museum_completion_canon.csv; included for full current-universe Buddy evidence refresh.
990,Mixed Nuts,mixed nuts,existing_museum_completion_canon,Items,items,533,Y,source_parsed,mixed-nuts,https://buddy.farm/i/mixed-nuts/,2026-06-04 museum Library Everything export,Previously present in museum_completion_canon.csv; included for full current-universe Buddy evidence refresh.
991,Runestone 12,runestone 12,existing_museum_completion_canon,Items,items,713,Y,source_parsed,runestone-12,https://buddy.farm/i/runestone-12/,2026-06-04 museum Library Everything export,Previously present in museum_completion_canon.csv; included for full current-universe Buddy evidence refresh.
992,Borgen Bobblehead,borgen bobblehead,existing_museum_completion_canon,Items,items,130,Y,source_parsed,borgen-bobblehead,https://buddy.farm/i/borgen-bobblehead/,2026-06-04 museum Library Everything export,Previously present in museum_completion_canon.csv; included for full current-universe Buddy evidence refresh.
993,Bell,bell,existing_museum_completion_canon,Items,items,72,Y,source_parsed,bell,https://buddy.farm/i/bell/,2026-06-04 museum Library Everything export,Previously present in museum_completion_canon.csv; included for full current-universe Buddy evidence refresh.
994,Wood,wood,existing_museum_completion_canon,Items,items,919,Y,source_parsed,wood,https://buddy.farm/i/wood/,2026-06-04 museum Library Everything export,Previously present in museum_completion_canon.csv; included for full current-universe Buddy evidence refresh.
995,Mini Slime Squid,mini slime squid,existing_museum_completion_canon,Fish,fish,61,Y,source_parsed,mini-slime-squid,https://buddy.farm/i/mini-slime-squid/,2026-06-04 museum Library Everything export,Previously present in museum_completion_canon.csv; included for full current-universe Buddy evidence refresh.
996,Fancy Shoe,fancy shoe,existing_museum_completion_canon,Items,items,303,Y,source_parsed,fancy-shoe,https://buddy.farm/i/fancy-shoe/,2026-06-04 museum Library Everything export,Previously present in museum_completion_canon.csv; included for full current-universe Buddy evidence refresh.
997,Axe,axe,existing_museum_completion_canon,Items,items,40,Y,source_parsed,axe,https://buddy.farm/i/axe/,2026-06-04 museum Library Everything export,Previously present in museum_completion_canon.csv; included for full current-universe Buddy evidence refresh.
998,Corn,corn,existing_museum_completion_canon,Crops,crops,5,Y,source_parsed,corn,https://buddy.farm/i/corn/,2026-06-04 museum Library Everything export,Previously present in museum_completion_canon.csv; included for full current-universe Buddy evidence refresh.
999,Fern Leaf,fern leaf,existing_museum_completion_canon,Items,items,312,Y,source_parsed,fern-leaf,https://buddy.farm/i/fern-leaf/,2026-06-04 museum Library Everything export,Previously present in museum_completion_canon.csv; included for full current-universe Buddy evidence refresh.
1000,George's Acorn Pie,george's acorn pie,existing_museum_completion_canon,Items,items,360,Y,source_parsed,george-s-acorn-pie,https://buddy.farm/i/george-s-acorn-pie/,2026-06-04 museum Library Everything export,Previously present in museum_completion_canon.csv; included for full current-universe Buddy evidence refresh.
1001,Mussel,mussel,existing_museum_completion_canon,Fish,fish,63,Y,source_parsed,mussel,https://buddy.farm/i/mussel/,2026-06-04 museum Library Everything export,Previously present in museum_completion_canon.csv; included for full current-universe Buddy evidence refresh.
1002,Emberstone,emberstone,existing_museum_completion_canon,Items,items,281,Y,source_parsed,emberstone,https://buddy.farm/i/emberstone/,2026-06-04 museum Library Everything export,Previously present in museum_completion_canon.csv; included for full current-universe Buddy evidence refresh.
1003,Freaky Picture,freaky picture,existing_museum_completion_canon,Items,items,333,Y,source_parsed,freaky-picture,https://buddy.farm/i/freaky-picture/,2026-06-04 museum Library Everything export,Previously present in museum_completion_canon.csv; included for full current-universe Buddy evidence refresh.
1004,Strawberry Good Goods,strawberry good goods,existing_museum_completion_canon,Items,items,823,Y,source_parsed,strawberry-good-goods,https://buddy.farm/i/strawberry-good-goods/,2026-06-04 museum Library Everything export,Previously present in museum_completion_canon.csv; included for full current-universe Buddy evidence refresh.
1005,Bouquet of Roses,bouquet of roses,existing_museum_completion_canon,Event,event,20,Y,source_parsed,bouquet-of-roses,https://buddy.farm/i/bouquet-of-roses/,2026-06-04 museum Library Everything export,Previously present in museum_completion_canon.csv; included for full current-universe Buddy evidence refresh.
1006,Machine Press,machine press,existing_museum_completion_canon,Items,items,504,Y,source_parsed,machine-press,https://buddy.farm/i/machine-press/,2026-06-04 museum Library Everything export,Previously present in museum_completion_canon.csv; included for full current-universe Buddy evidence refresh.
1007,Antler,antler,existing_museum_completion_canon,Items,items,19,Y,source_parsed,antler,https://buddy.farm/i/antler/,2026-06-04 museum Library Everything export,Previously present in museum_completion_canon.csv; included for full current-universe Buddy evidence refresh.
1008,Piece 01,piece 01,existing_museum_completion_canon,Items,items,599,Y,source_parsed,piece-01,https://buddy.farm/i/piece-01/,2026-06-04 museum Library Everything export,Previously present in museum_completion_canon.csv; included for full current-universe Buddy evidence refresh.
1009,Gold Drum,gold drum,existing_museum_completion_canon,Fish,fish,36,Y,source_parsed,gold-drum,https://buddy.farm/i/gold-drum/,2026-06-04 museum Library Everything export,Previously present in museum_completion_canon.csv; included for full current-universe Buddy evidence refresh.
1010,Cotton,cotton,existing_museum_completion_canon,Crops,crops,6,Y,source_parsed,cotton,https://buddy.farm/i/cotton/,2026-06-04 museum Library Everything export,Previously present in museum_completion_canon.csv; included for full current-universe Buddy evidence refresh.
1011,Event Token,event token,existing_museum_completion_canon,Event,event,95,Y,source_parsed,event-token,https://buddy.farm/i/event-token/,2026-06-04 museum Library Everything export,Previously present in museum_completion_canon.csv; included for full current-universe Buddy evidence refresh.
1012,Supply Crate 01,supply crate 01,existing_museum_completion_canon,Items,items,840,Y,source_parsed,supply-crate-01,https://buddy.farm/i/supply-crate-01/,2026-06-04 museum Library Everything export,Previously present in museum_completion_canon.csv; included for full current-universe Buddy evidence refresh.
1013,Garnet Ring,garnet ring,existing_museum_completion_canon,Items,items,350,Y,source_parsed,garnet-ring,https://buddy.farm/i/garnet-ring/,2026-06-04 museum Library Everything export,Previously present in museum_completion_canon.csv; included for full current-universe Buddy evidence refresh.
1014,Certificate of Watermelon Giving,certificate of watermelon giving,existing_museum_completion_canon,Items,items,211,Y,source_parsed,certificate-of-watermelon-giving,https://buddy.farm/i/certificate-of-watermelon-giving/,2026-06-04 museum Library Everything export,Previously present in museum_completion_canon.csv; included for full current-universe Buddy evidence refresh.
1015,Hessian's Axe,hessian's axe,existing_museum_completion_canon,Event,event,162,Y,source_parsed,hessian-s-axe,https://buddy.farm/i/hessian-s-axe/,2026-06-04 museum Library Everything export,Previously present in museum_completion_canon.csv; included for full current-universe Buddy evidence refresh.
1016,Straw,straw,existing_museum_completion_canon,Items,items,822,Y,source_parsed,straw,https://buddy.farm/i/straw/,2026-06-04 museum Library Everything export,Previously present in museum_completion_canon.csv; included for full current-universe Buddy evidence refresh.
1017,Desk Calendar,desk calendar,existing_museum_completion_canon,Event,event,66,Y,source_parsed,desk-calendar,https://buddy.farm/i/desk-calendar/,2026-06-04 museum Library Everything export,Previously present in museum_completion_canon.csv; included for full current-universe Buddy evidence refresh.
1018,Maverick Chip,maverick chip,existing_museum_completion_canon,Items,items,521,Y,source_parsed,maverick-chip,https://buddy.farm/i/maverick-chip/,2026-06-04 museum Library Everything export,Previously present in museum_completion_canon.csv; included for full current-universe Buddy evidence refresh.
1019,Certificate of Cabbage Giving,certificate of cabbage giving,existing_museum_completion_canon,Items,items,192,Y,source_parsed,certificate-of-cabbage-giving,https://buddy.farm/i/certificate-of-cabbage-giving/,2026-06-04 museum Library Everything export,Previously present in museum_completion_canon.csv; included for full current-universe Buddy evidence refresh.
1020,Gazebo,gazebo,existing_museum_completion_canon,Items,items,357,Y,source_parsed,gazebo,https://buddy.farm/i/gazebo/,2026-06-04 museum Library Everything export,Previously present in museum_completion_canon.csv; included for full current-universe Buddy evidence refresh.
1021,Santa Hat,santa hat,existing_museum_completion_canon,Event,event,216,Y,source_parsed,santa-hat,https://buddy.farm/i/santa-hat/,2026-06-04 museum Library Everything export,Previously present in museum_completion_canon.csv; included for full current-universe Buddy evidence refresh.
1022,Baba Cola,baba cola,existing_museum_completion_canon,Items,items,43,Y,source_parsed,baba-cola,https://buddy.farm/i/baba-cola/,2026-06-04 museum Library Everything export,Previously present in museum_completion_canon.csv; included for full current-universe Buddy evidence refresh.
1023,Bone 06,bone 06,existing_museum_completion_canon,Items,items,116,Y,source_parsed,bone-06,https://buddy.farm/i/bone-06/,2026-06-04 museum Library Everything export,Previously present in museum_completion_canon.csv; included for full current-universe Buddy evidence refresh.
1024,Valve,valve,new_in_current_museum_export,,,,,reviewed_name_from_current_export,valve,https://buddy.farm/i/valve/,2026-06-04 museum Library Everything export,"New in current museum export; review sources, icons, recipes, and aliases before canonical promotion."
1025,Carnevale,carnevale,existing_museum_completion_canon,Event,event,35,Y,source_parsed,carnevale,https://buddy.farm/i/carnevale/,2026-06-04 museum Library Everything export,Previously present in museum_completion_canon.csv; included for full current-universe Buddy evidence refresh.
1026,Turkey Buddy Doll,turkey buddy doll,existing_museum_completion_canon,Items,items,871,Y,source_parsed,turkey-buddy-doll,https://buddy.farm/i/turkey-buddy-doll/,2026-06-04 museum Library Everything export,Previously present in museum_completion_canon.csv; included for full current-universe Buddy evidence refresh.
1027,Fuzzy Chick 03,fuzzy chick 03,existing_museum_completion_canon,Event,event,127,Y,source_parsed,fuzzy-chick-03,https://buddy.farm/i/fuzzy-chick-03/,2026-06-04 museum Library Everything export,Previously present in museum_completion_canon.csv; included for full current-universe Buddy evidence refresh.
1028,Grab Bag 07,grab bag 07,existing_museum_completion_canon,Items,items,398,Y,source_parsed,grab-bag-07,https://buddy.farm/i/grab-bag-07/,2026-06-04 museum Library Everything export,Previously present in museum_completion_canon.csv; included for full current-universe Buddy evidence refresh.
1029,Krampus Buddy Doll,krampus buddy doll,existing_museum_completion_canon,Items,items,468,Y,source_parsed,krampus-buddy-doll,https://buddy.farm/i/krampus-buddy-doll/,2026-06-04 museum Library Everything export,Previously present in museum_completion_canon.csv; included for full current-universe Buddy evidence refresh.
1030,Camping Buddy Doll,camping buddy doll,new_in_current_museum_export,,,,,reviewed_name_from_current_export,camping-buddy-doll,https://buddy.farm/i/camping-buddy-doll/,2026-06-04 museum Library Everything export,"New in current museum export; review sources, icons, recipes, and aliases before canonical promotion."
1031,Fuzzy Chick 12,fuzzy chick 12,existing_museum_completion_canon,Event,event,136,Y,source_parsed,fuzzy-chick-12,https://buddy.farm/i/fuzzy-chick-12/,2026-06-04 museum Library Everything export,Previously present in museum_completion_canon.csv; included for full current-universe Buddy evidence refresh.
1032,Magnifying Glass,magnifying glass,existing_museum_completion_canon,Items,items,514,Y,source_parsed,magnifying-glass,https://buddy.farm/i/magnifying-glass/,2026-06-04 museum Library Everything export,Previously present in museum_completion_canon.csv; included for full current-universe Buddy evidence refresh.
1033,Red Butterfly,red butterfly,existing_museum_completion_canon,Items,items,669,Y,source_parsed,red-butterfly,https://buddy.farm/i/red-butterfly/,2026-06-04 museum Library Everything export,Previously present in museum_completion_canon.csv; included for full current-universe Buddy evidence refresh.
1034,Shark Jaws,shark jaws,existing_museum_completion_canon,Items,items,753,Y,source_parsed,shark-jaws,https://buddy.farm/i/shark-jaws/,2026-06-04 museum Library Everything export,Previously present in museum_completion_canon.csv; included for full current-universe Buddy evidence refresh.
1035,Green Cloak,green cloak,existing_museum_completion_canon,Items,items,406,Y,source_parsed,green-cloak,https://buddy.farm/i/green-cloak/,2026-06-04 museum Library Everything export,Previously present in museum_completion_canon.csv; included for full current-universe Buddy evidence refresh.
1036,Pine Tree,pine tree,existing_museum_completion_canon,Crops,crops,26,Y,source_parsed,pine-tree,https://buddy.farm/i/pine-tree/,2026-06-04 museum Library Everything export,Previously present in museum_completion_canon.csv; included for full current-universe Buddy evidence refresh.
1037,Egg 10,egg 10,existing_museum_completion_canon,Event,event,78,Y,source_parsed,egg-10,https://buddy.farm/i/egg-10/,2026-06-04 museum Library Everything export,Previously present in museum_completion_canon.csv; included for full current-universe Buddy evidence refresh.
1038,Pillow Case 01,pillow case 01,existing_museum_completion_canon,Event,event,194,Y,source_parsed,pillow-case-01,https://buddy.farm/i/pillow-case-01/,2026-06-04 museum Library Everything export,Previously present in museum_completion_canon.csv; included for full current-universe Buddy evidence refresh.
1039,Bottle Rocket,bottle rocket,existing_museum_completion_canon,Items,items,133,Y,source_parsed,bottle-rocket,https://buddy.farm/i/bottle-rocket/,2026-06-04 museum Library Everything export,Previously present in museum_completion_canon.csv; included for full current-universe Buddy evidence refresh.
1040,Beary Squishies,beary squishies,existing_museum_completion_canon,Items,items,67,Y,source_parsed,beary-squishies,https://buddy.farm/i/beary-squishies/,2026-06-04 museum Library Everything export,Previously present in museum_completion_canon.csv; included for full current-universe Buddy evidence refresh.
1041,Aquacite,aquacite,existing_museum_completion_canon,Items,items,33,Y,source_parsed,aquacite,https://buddy.farm/i/aquacite/,2026-06-04 museum Library Everything export,Previously present in museum_completion_canon.csv; included for full current-universe Buddy evidence refresh.
1042,Yellow Purse,yellow purse,existing_museum_completion_canon,Items,items,940,Y,source_parsed,yellow-purse,https://buddy.farm/i/yellow-purse/,2026-06-04 museum Library Everything export,Previously present in museum_completion_canon.csv; included for full current-universe Buddy evidence refresh.
1043,Meerif Crest,meerif crest,existing_museum_completion_canon,Items,items,527,Y,source_parsed,meerif-crest,https://buddy.farm/i/meerif-crest/,2026-06-04 museum Library Everything export,Previously present in museum_completion_canon.csv; included for full current-universe Buddy evidence refresh.
1044,Fairy Crystal,fairy crystal,existing_museum_completion_canon,Items,items,293,Y,source_parsed,fairy-crystal,https://buddy.farm/i/fairy-crystal/,2026-06-04 museum Library Everything export,Previously present in museum_completion_canon.csv; included for full current-universe Buddy evidence refresh.
1045,Tombstone,tombstone,existing_museum_completion_canon,Event,event,242,Y,source_parsed,tombstone,https://buddy.farm/i/tombstone/,2026-06-04 museum Library Everything export,Previously present in museum_completion_canon.csv; included for full current-universe Buddy evidence refresh.
1046,Frozen Spyfish,frozen spyfish,existing_museum_completion_canon,Event,event,119,Y,source_parsed,frozen-spyfish,https://buddy.farm/i/frozen-spyfish/,2026-06-04 museum Library Everything export,Previously present in museum_completion_canon.csv; included for full current-universe Buddy evidence refresh.
1047,Forcepath's Book of Quest Requirements,forcepath's book of quest requirements,existing_museum_completion_canon,Items,items,326,Y,source_parsed,forcepath-s-book-of-quest-requirements,https://buddy.farm/i/forcepath-s-book-of-quest-requirements/,2026-06-04 museum Library Everything export,Previously present in museum_completion_canon.csv; included for full current-universe Buddy evidence refresh.
1048,Red Dye,red dye,existing_museum_completion_canon,Items,items,671,Y,source_parsed,red-dye,https://buddy.farm/i/red-dye/,2026-06-04 museum Library Everything export,Previously present in museum_completion_canon.csv; included for full current-universe Buddy evidence refresh.
1049,Pine Seeds,pine seeds,existing_museum_completion_canon,Seeds,seeds,23,Y,source_parsed,pine-seeds,https://buddy.farm/i/pine-seeds/,2026-06-04 museum Library Everything export,Previously present in museum_completion_canon.csv; included for full current-universe Buddy evidence refresh.
1050,Shillelagh,shillelagh,existing_museum_completion_canon,Event,event,220,Y,source_parsed,shillelagh,https://buddy.farm/i/shillelagh/,2026-06-04 museum Library Everything export,Previously present in museum_completion_canon.csv; included for full current-universe Buddy evidence refresh.
1051,World Globe,world globe,existing_museum_completion_canon,Items,items,931,Y,source_parsed,world-globe,https://buddy.farm/i/world-globe/,2026-06-04 museum Library Everything export,Previously present in museum_completion_canon.csv; included for full current-universe Buddy evidence refresh.
1052,Sunscreen,sunscreen,existing_museum_completion_canon,Items,items,836,Y,source_parsed,sunscreen,https://buddy.farm/i/sunscreen/,2026-06-04 museum Library Everything export,Previously present in museum_completion_canon.csv; included for full current-universe Buddy evidence refresh.
1053,Scrap Cloth,scrap cloth,existing_museum_completion_canon,Items,items,740,Y,source_parsed,scrap-cloth,https://buddy.farm/i/scrap-cloth/,2026-06-04 museum Library Everything export,Previously present in museum_completion_canon.csv; included for full current-universe Buddy evidence refresh.
1054,Onion,onion,existing_museum_completion_canon,Crops,crops,23,Y,source_parsed,onion,https://buddy.farm/i/onion/,2026-06-04 museum Library Everything export,Previously present in museum_completion_canon.csv; included for full current-universe Buddy evidence refresh.
1055,Raw Meat,raw meat,existing_museum_completion_canon,Items,items,663,Y,source_parsed,raw-meat,https://buddy.farm/i/raw-meat/,2026-06-04 museum Library Everything export,Previously present in museum_completion_canon.csv; included for full current-universe Buddy evidence refresh.
1056,Sand,sand,existing_museum_completion_canon,Items,items,730,Y,source_parsed,sand,https://buddy.farm/i/sand/,2026-06-04 museum Library Everything export,Previously present in museum_completion_canon.csv; included for full current-universe Buddy evidence refresh.
1057,Growth Medallion II,growth medallion ii,existing_museum_completion_canon,Items,items,419,Y,source_parsed,growth-medallion-ii,https://buddy.farm/i/growth-medallion-ii/,2026-06-04 museum Library Everything export,Previously present in museum_completion_canon.csv; included for full current-universe Buddy evidence refresh.
1058,Peg Leg,peg leg,existing_museum_completion_canon,Items,items,593,Y,source_parsed,peg-leg,https://buddy.farm/i/peg-leg/,2026-06-04 museum Library Everything export,Previously present in museum_completion_canon.csv; included for full current-universe Buddy evidence refresh.
1059,Sun Egg,sun egg,new_in_current_museum_export,,,,,reviewed_name_from_current_export,sun-egg,https://buddy.farm/i/sun-egg/,2026-06-04 museum Library Everything export,"New in current museum export; review sources, icons, recipes, and aliases before canonical promotion."
1060,Mist Lily,mist lily,existing_museum_completion_canon,Items,items,532,Y,source_parsed,mist-lily,https://buddy.farm/i/mist-lily/,2026-06-04 museum Library Everything export,Previously present in museum_completion_canon.csv; included for full current-universe Buddy evidence refresh.
1061,Gold Buddy Sweater,gold buddy sweater,existing_museum_completion_canon,Event,event,144,Y,source_parsed,gold-buddy-sweater,https://buddy.farm/i/gold-buddy-sweater/,2026-06-04 museum Library Everything export,Previously present in museum_completion_canon.csv; included for full current-universe Buddy evidence refresh.
1062,Farmiversary Trophy 04,farmiversary trophy 04,new_in_current_museum_export,,,,,reviewed_name_from_current_export,farmiversary-trophy-04,https://buddy.farm/i/farmiversary-trophy-04/,2026-06-04 museum Library Everything export,"New in current museum export; review sources, icons, recipes, and aliases before canonical promotion."
1063,Flamejack,flamejack,existing_museum_completion_canon,Fish,fish,24,Y,source_parsed,flamejack,https://buddy.farm/i/flamejack/,2026-06-04 museum Library Everything export,Previously present in museum_completion_canon.csv; included for full current-universe Buddy evidence refresh.
1064,Large Net,large net,existing_museum_completion_canon,Items,items,477,Y,source_parsed,large-net,https://buddy.farm/i/large-net/,2026-06-04 museum Library Everything export,Previously present in museum_completion_canon.csv; included for full current-universe Buddy evidence refresh.
1065,Fancy Drum,fancy drum,existing_museum_completion_canon,Items,items,298,Y,source_parsed,fancy-drum,https://buddy.farm/i/fancy-drum/,2026-06-04 museum Library Everything export,Previously present in museum_completion_canon.csv; included for full current-universe Buddy evidence refresh.
1066,Ramjoram's Mask,ramjoram's mask,existing_museum_completion_canon,Items,items,658,Y,source_parsed,ramjoram-s-mask,https://buddy.farm/i/ramjoram-s-mask/,2026-06-04 museum Library Everything export,Previously present in museum_completion_canon.csv; included for full current-universe Buddy evidence refresh.
1067,Pitviper Tail,pitviper tail,existing_museum_completion_canon,Items,items,625,Y,source_parsed,pitviper-tail,https://buddy.farm/i/pitviper-tail/,2026-06-04 museum Library Everything export,Previously present in museum_completion_canon.csv; included for full current-universe Buddy evidence refresh.
1068,Yellow Scarf,yellow scarf,existing_museum_completion_canon,Items,items,941,Y,source_parsed,yellow-scarf,https://buddy.farm/i/yellow-scarf/,2026-06-04 museum Library Everything export,Previously present in museum_completion_canon.csv; included for full current-universe Buddy evidence refresh.
1069,Egyptian Necklace,egyptian necklace,existing_museum_completion_canon,Event,event,93,Y,source_parsed,egyptian-necklace,https://buddy.farm/i/egyptian-necklace/,2026-06-04 museum Library Everything export,Previously present in museum_completion_canon.csv; included for full current-universe Buddy evidence refresh.
1070,Skull-in-the-box,skull-in-the-box,existing_museum_completion_canon,Event,event,222,Y,source_parsed,skull-in-the-box,https://buddy.farm/i/skull-in-the-box/,2026-06-04 museum Library Everything export,Previously present in museum_completion_canon.csv; included for full current-universe Buddy evidence refresh.
1071,Notebook,notebook,existing_museum_completion_canon,Event,event,187,Y,source_parsed,notebook,https://buddy.farm/i/notebook/,2026-06-04 museum Library Everything export,Previously present in museum_completion_canon.csv; included for full current-universe Buddy evidence refresh.
1072,Pine Shelf,pine shelf,existing_museum_completion_canon,Items,items,619,Y,source_parsed,pine-shelf,https://buddy.farm/i/pine-shelf/,2026-06-04 museum Library Everything export,Previously present in museum_completion_canon.csv; included for full current-universe Buddy evidence refresh.
1073,Steak Kabob,steak kabob,existing_museum_completion_canon,Items,items,804,Y,source_parsed,steak-kabob,https://buddy.farm/i/steak-kabob/,2026-06-04 museum Library Everything export,Previously present in museum_completion_canon.csv; included for full current-universe Buddy evidence refresh.
1074,Cursed Effigy,cursed effigy,existing_museum_completion_canon,Items,items,256,Y,source_parsed,cursed-effigy,https://buddy.farm/i/cursed-effigy/,2026-06-04 museum Library Everything export,Previously present in museum_completion_canon.csv; included for full current-universe Buddy evidence refresh.
1075,Magical Chest 02,magical chest 02,existing_museum_completion_canon,Items,items,509,Y,source_parsed,magical-chest-02,https://buddy.farm/i/magical-chest-02/,2026-06-04 museum Library Everything export,Previously present in museum_completion_canon.csv; included for full current-universe Buddy evidence refresh.
1076,Flour,flour,existing_museum_completion_canon,Items,items,323,Y,source_parsed,flour,https://buddy.farm/i/flour/,2026-06-04 museum Library Everything export,Previously present in museum_completion_canon.csv; included for full current-universe Buddy evidence refresh.
1077,Egg of Life,egg of life,existing_museum_completion_canon,Event,event,87,Y,source_parsed,egg-of-life,https://buddy.farm/i/egg-of-life/,2026-06-04 museum Library Everything export,Previously present in museum_completion_canon.csv; included for full current-universe Buddy evidence refresh.
1078,Painite,painite,existing_museum_completion_canon,Items,items,579,Y,source_parsed,painite,https://buddy.farm/i/painite/,2026-06-04 museum Library Everything export,Previously present in museum_completion_canon.csv; included for full current-universe Buddy evidence refresh.
1079,Yellow Dye,yellow dye,existing_museum_completion_canon,Items,items,938,Y,source_parsed,yellow-dye,https://buddy.farm/i/yellow-dye/,2026-06-04 museum Library Everything export,Previously present in museum_completion_canon.csv; included for full current-universe Buddy evidence refresh.
1080,Crappie,crappie,existing_museum_completion_canon,Fish,fish,20,Y,source_parsed,crappie,https://buddy.farm/i/crappie/,2026-06-04 museum Library Everything export,Previously present in museum_completion_canon.csv; included for full current-universe Buddy evidence refresh.
1081,Traveler's Bag 01,traveler s bag 01,new_in_current_museum_export,,,,,reviewed_name_from_current_export,traveler-s-bag-01,https://buddy.farm/i/traveler-s-bag-01/,2026-06-04 museum Library Everything export,"New in current museum export; review sources, icons, recipes, and aliases before canonical promotion."
1082,Thomas's Red Velvet Cake,thomas s red velvet cake,new_in_current_museum_export,,,,,reviewed_name_from_current_export,thomas-s-red-velvet-cake,https://buddy.farm/i/thomas-s-red-velvet-cake/,2026-06-04 museum Library Everything export,"New in current museum export; review sources, icons, recipes, and aliases before canonical promotion."
1083,Spooky Cookies,spooky cookies,existing_museum_completion_canon,Event,event,230,Y,source_parsed,spooky-cookies,https://buddy.farm/i/spooky-cookies/,2026-06-04 museum Library Everything export,Previously present in museum_completion_canon.csv; included for full current-universe Buddy evidence refresh.
1084,Strong Paste,strong paste,existing_museum_completion_canon,Items,items,825,Y,source_parsed,strong-paste,https://buddy.farm/i/strong-paste/,2026-06-04 museum Library Everything export,Previously present in museum_completion_canon.csv; included for full current-universe Buddy evidence refresh.
1085,Pumpkin Pie,pumpkin pie,existing_museum_completion_canon,Event,event,203,Y,source_parsed,pumpkin-pie,https://buddy.farm/i/pumpkin-pie/,2026-06-04 museum Library Everything export,Previously present in museum_completion_canon.csv; included for full current-universe Buddy evidence refresh.
1086,Snowball Cup,snowball cup,existing_museum_completion_canon,Event,event,225,Y,source_parsed,snowball-cup,https://buddy.farm/i/snowball-cup/,2026-06-04 museum Library Everything export,Previously present in museum_completion_canon.csv; included for full current-universe Buddy evidence refresh.
1087,Apple Slice,apple slice,existing_museum_completion_canon,Items,items,30,Y,source_parsed,apple-slice,https://buddy.farm/i/apple-slice/,2026-06-04 museum Library Everything export,Previously present in museum_completion_canon.csv; included for full current-universe Buddy evidence refresh.
1088,Piece 11,piece 11,existing_museum_completion_canon,Items,items,604,Y,source_parsed,piece-11,https://buddy.farm/i/piece-11/,2026-06-04 museum Library Everything export,Previously present in museum_completion_canon.csv; included for full current-universe Buddy evidence refresh.
1089,Blue Purse,blue purse,existing_museum_completion_canon,Items,items,104,Y,source_parsed,blue-purse,https://buddy.farm/i/blue-purse/,2026-06-04 museum Library Everything export,Previously present in museum_completion_canon.csv; included for full current-universe Buddy evidence refresh.
1090,R.O.A.S.,r.o.a.s.,existing_museum_completion_canon,Event,event,209,Y,source_parsed,r-o-a-s,https://buddy.farm/i/r-o-a-s/,2026-06-04 museum Library Everything export,Previously present in museum_completion_canon.csv; included for full current-universe Buddy evidence refresh.
1091,Goldgill,goldgill,existing_museum_completion_canon,Fish,fish,45,Y,source_parsed,goldgill,https://buddy.farm/i/goldgill/,2026-06-04 museum Library Everything export,Previously present in museum_completion_canon.csv; included for full current-universe Buddy evidence refresh.
1092,Lucky Cat Buddy Doll,lucky cat buddy doll,existing_museum_completion_canon,Items,items,500,Y,source_parsed,lucky-cat-buddy-doll,https://buddy.farm/i/lucky-cat-buddy-doll/,2026-06-04 museum Library Everything export,Previously present in museum_completion_canon.csv; included for full current-universe Buddy evidence refresh.
1093,Chapiku,chapiku,existing_museum_completion_canon,Items,items,213,Y,source_parsed,chapiku,https://buddy.farm/i/chapiku/,2026-06-04 museum Library Everything export,Previously present in museum_completion_canon.csv; included for full current-universe Buddy evidence refresh.
1094,Bahltruvian Scales,bahltruvian scales,existing_museum_completion_canon,Items,items,50,Y,source_parsed,bahltruvian-scales,https://buddy.farm/i/bahltruvian-scales/,2026-06-04 museum Library Everything export,Previously present in museum_completion_canon.csv; included for full current-universe Buddy evidence refresh.
1095,Spades,spades,existing_museum_completion_canon,Items,items,787,Y,source_parsed,spades,https://buddy.farm/i/spades/,2026-06-04 museum Library Everything export,Previously present in museum_completion_canon.csv; included for full current-universe Buddy evidence refresh.
1096,Brooch of the Bahltruvian Elite,brooch of the bahltruvian elite,existing_museum_completion_canon,Items,items,142,Y,source_parsed,brooch-of-the-bahltruvian-elite,https://buddy.farm/i/brooch-of-the-bahltruvian-elite/,2026-06-04 museum Library Everything export,Previously present in museum_completion_canon.csv; included for full current-universe Buddy evidence refresh.
1097,Apple Crate 02,apple crate 02,existing_museum_completion_canon,Items,items,28,Y,source_parsed,apple-crate-02,https://buddy.farm/i/apple-crate-02/,2026-06-04 museum Library Everything export,Previously present in museum_completion_canon.csv; included for full current-universe Buddy evidence refresh.
1098,Certificate of Rice Giving,certificate of rice giving,existing_museum_completion_canon,Items,items,207,Y,source_parsed,certificate-of-rice-giving,https://buddy.farm/i/certificate-of-rice-giving/,2026-06-04 museum Library Everything export,Previously present in museum_completion_canon.csv; included for full current-universe Buddy evidence refresh.
1099,Potato Battery,potato battery,existing_museum_completion_canon,Items,items,632,Y,source_parsed,potato-battery,https://buddy.farm/i/potato-battery/,2026-06-04 museum Library Everything export,Previously present in museum_completion_canon.csv; included for full current-universe Buddy evidence refresh.
1100,Redgill,redgill,existing_museum_completion_canon,Fish,fish,72,Y,source_parsed,redgill,https://buddy.farm/i/redgill/,2026-06-04 museum Library Everything export,Previously present in museum_completion_canon.csv; included for full current-universe Buddy evidence refresh.
1101,Gold Seed Bag 01,gold seed bag 01,existing_museum_completion_canon,Items,items,389,Y,source_parsed,gold-seed-bag-01,https://buddy.farm/i/gold-seed-bag-01/,2026-06-04 museum Library Everything export,Previously present in museum_completion_canon.csv; included for full current-universe Buddy evidence refresh.
1102,Green Chromis,green chromis,existing_museum_completion_canon,Fish,fish,49,Y,source_parsed,green-chromis,https://buddy.farm/i/green-chromis/,2026-06-04 museum Library Everything export,Previously present in museum_completion_canon.csv; included for full current-universe Buddy evidence refresh.
1103,Skeleton Key,skeleton key,existing_museum_completion_canon,Items,items,766,Y,source_parsed,skeleton-key,https://buddy.farm/i/skeleton-key/,2026-06-04 museum Library Everything export,Previously present in museum_completion_canon.csv; included for full current-universe Buddy evidence refresh.
1104,Fuzzy Chick 06,fuzzy chick 06,existing_museum_completion_canon,Event,event,130,Y,source_parsed,fuzzy-chick-06,https://buddy.farm/i/fuzzy-chick-06/,2026-06-04 museum Library Everything export,Previously present in museum_completion_canon.csv; included for full current-universe Buddy evidence refresh.
1105,Tomato Seeds,tomato seeds,existing_museum_completion_canon,Seeds,seeds,31,Y,source_parsed,tomato-seeds,https://buddy.farm/i/tomato-seeds/,2026-06-04 museum Library Everything export,Previously present in museum_completion_canon.csv; included for full current-universe Buddy evidence refresh.
1106,Water Orb,water orb,existing_museum_completion_canon,Items,items,900,Y,source_parsed,water-orb,https://buddy.farm/i/water-orb/,2026-06-04 museum Library Everything export,Previously present in museum_completion_canon.csv; included for full current-universe Buddy evidence refresh.
1107,Ugly Buddy Sweater,ugly buddy sweater,existing_museum_completion_canon,Event,event,251,Y,source_parsed,ugly-buddy-sweater,https://buddy.farm/i/ugly-buddy-sweater/,2026-06-04 museum Library Everything export,Previously present in museum_completion_canon.csv; included for full current-universe Buddy evidence refresh.
1108,Diamond,diamond,existing_museum_completion_canon,Items,items,264,Y,source_parsed,diamond,https://buddy.farm/i/diamond/,2026-06-04 museum Library Everything export,Previously present in museum_completion_canon.csv; included for full current-universe Buddy evidence refresh.
1109,Fancy Chair,fancy chair,existing_museum_completion_canon,Items,items,296,Y,source_parsed,fancy-chair,https://buddy.farm/i/fancy-chair/,2026-06-04 museum Library Everything export,Previously present in museum_completion_canon.csv; included for full current-universe Buddy evidence refresh.
1110,Star Bobblehead,star bobblehead,existing_museum_completion_canon,Items,items,801,Y,source_parsed,star-bobblehead,https://buddy.farm/i/star-bobblehead/,2026-06-04 museum Library Everything export,Previously present in museum_completion_canon.csv; included for full current-universe Buddy evidence refresh.
1111,Milk and Cookies,milk and cookies,existing_museum_completion_canon,Event,event,182,Y,source_parsed,milk-and-cookies,https://buddy.farm/i/milk-and-cookies/,2026-06-04 museum Library Everything export,Previously present in museum_completion_canon.csv; included for full current-universe Buddy evidence refresh.
1112,Gold Carrot Seeds,gold carrot seeds,existing_museum_completion_canon,Seeds,seeds,9,Y,source_parsed,gold-carrot-seeds,https://buddy.farm/i/gold-carrot-seeds/,2026-06-04 museum Library Everything export,Previously present in museum_completion_canon.csv; included for full current-universe Buddy evidence refresh.
1113,Thankful Notes,thankful notes,existing_museum_completion_canon,Event,event,240,Y,source_parsed,thankful-notes,https://buddy.farm/i/thankful-notes/,2026-06-04 museum Library Everything export,Previously present in museum_completion_canon.csv; included for full current-universe Buddy evidence refresh.
1114,Gold Trout,gold trout,existing_museum_completion_canon,Fish,fish,42,Y,source_parsed,gold-trout,https://buddy.farm/i/gold-trout/,2026-06-04 museum Library Everything export,Previously present in museum_completion_canon.csv; included for full current-universe Buddy evidence refresh.
1115,Medium Chest 02,medium chest 02,existing_museum_completion_canon,Items,items,525,Y,source_parsed,medium-chest-02,https://buddy.farm/i/medium-chest-02/,2026-06-04 museum Library Everything export,Previously present in museum_completion_canon.csv; included for full current-universe Buddy evidence refresh.
1116,Apple,apple,existing_museum_completion_canon,Items,items,20,Y,source_parsed,apple,https://buddy.farm/i/apple/,2026-06-04 museum Library Everything export,Previously present in museum_completion_canon.csv; included for full current-universe Buddy evidence refresh.
1117,Anchor,anchor,existing_museum_completion_canon,Items,items,16,Y,source_parsed,anchor,https://buddy.farm/i/anchor/,2026-06-04 museum Library Everything export,Previously present in museum_completion_canon.csv; included for full current-universe Buddy evidence refresh.
1118,Re'taw Pail,re'taw pail,existing_museum_completion_canon,Items,items,665,Y,source_parsed,re-taw-pail,https://buddy.farm/i/re-taw-pail/,2026-06-04 museum Library Everything export,Previously present in museum_completion_canon.csv; included for full current-universe Buddy evidence refresh.
1119,Beach Towel,beach towel,existing_museum_completion_canon,Items,items,64,Y,source_parsed,beach-towel,https://buddy.farm/i/beach-towel/,2026-06-04 museum Library Everything export,Previously present in museum_completion_canon.csv; included for full current-universe Buddy evidence refresh.
1120,Fancy Pan Flute,fancy pan flute,existing_museum_completion_canon,Items,items,300,Y,source_parsed,fancy-pan-flute,https://buddy.farm/i/fancy-pan-flute/,2026-06-04 museum Library Everything export,Previously present in museum_completion_canon.csv; included for full current-universe Buddy evidence refresh.
1121,Sombrero,sombrero,existing_museum_completion_canon,Event,event,228,Y,source_parsed,sombrero,https://buddy.farm/i/sombrero/,2026-06-04 museum Library Everything export,Previously present in museum_completion_canon.csv; included for full current-universe Buddy evidence refresh.
1122,Fuzzy Chick 10,fuzzy chick 10,existing_museum_completion_canon,Event,event,134,Y,source_parsed,fuzzy-chick-10,https://buddy.farm/i/fuzzy-chick-10/,2026-06-04 museum Library Everything export,Previously present in museum_completion_canon.csv; included for full current-universe Buddy evidence refresh.
1123,Candy Cane,candy cane,existing_museum_completion_canon,Event,event,31,Y,source_parsed,candy-cane,https://buddy.farm/i/candy-cane/,2026-06-04 museum Library Everything export,Previously present in museum_completion_canon.csv; included for full current-universe Buddy evidence refresh.
1124,50 Gold,50 gold,existing_museum_completion_canon,Items,items,7,Y,source_parsed,50-gold,https://buddy.farm/i/50-gold/,2026-06-04 museum Library Everything export,Previously present in museum_completion_canon.csv; included for full current-universe Buddy evidence refresh.
1125,Plum Ore,plum ore,existing_museum_completion_canon,Items,items,627,Y,source_parsed,plum-ore,https://buddy.farm/i/plum-ore/,2026-06-04 museum Library Everything export,Previously present in museum_completion_canon.csv; included for full current-universe Buddy evidence refresh.
1126,Frozen Radish,frozen radish,existing_museum_completion_canon,Crops,crops,14,Y,source_parsed,frozen-radish,https://buddy.farm/i/frozen-radish/,2026-06-04 museum Library Everything export,Previously present in museum_completion_canon.csv; included for full current-universe Buddy evidence refresh.
1127,Bullfish,bullfish,existing_museum_completion_canon,Fish,fish,13,Y,source_parsed,bullfish,https://buddy.farm/i/bullfish/,2026-06-04 museum Library Everything export,Previously present in museum_completion_canon.csv; included for full current-universe Buddy evidence refresh.
1128,Runestone 15,runestone 15,existing_museum_completion_canon,Items,items,716,Y,source_parsed,runestone-15,https://buddy.farm/i/runestone-15/,2026-06-04 museum Library Everything export,Previously present in museum_completion_canon.csv; included for full current-universe Buddy evidence refresh.
1129,Leprechaun Buddy Doll,leprechaun buddy doll,existing_museum_completion_canon,Items,items,491,Y,source_parsed,leprechaun-buddy-doll,https://buddy.farm/i/leprechaun-buddy-doll/,2026-06-04 museum Library Everything export,Previously present in museum_completion_canon.csv; included for full current-universe Buddy evidence refresh.
1130,Starfish,starfish,existing_museum_completion_canon,Fish,fish,90,Y,source_parsed,starfish,https://buddy.farm/i/starfish/,2026-06-04 museum Library Everything export,Previously present in museum_completion_canon.csv; included for full current-universe Buddy evidence refresh.
1131,Blue Parchment,blue parchment,existing_museum_completion_canon,Items,items,103,Y,source_parsed,blue-parchment,https://buddy.farm/i/blue-parchment/,2026-06-04 museum Library Everything export,Previously present in museum_completion_canon.csv; included for full current-universe Buddy evidence refresh.
1132,Certificate of Leek Giving,certificate of leek giving,existing_museum_completion_canon,Items,items,199,Y,source_parsed,certificate-of-leek-giving,https://buddy.farm/i/certificate-of-leek-giving/,2026-06-04 museum Library Everything export,Previously present in museum_completion_canon.csv; included for full current-universe Buddy evidence refresh.
1133,Cid Bobblehead,cid bobblehead,existing_museum_completion_canon,Items,items,219,Y,source_parsed,cid-bobblehead,https://buddy.farm/i/cid-bobblehead/,2026-06-04 museum Library Everything export,Previously present in museum_completion_canon.csv; included for full current-universe Buddy evidence refresh.
1134,Gold Sea Bass,gold sea bass,existing_museum_completion_canon,Fish,fish,39,Y,source_parsed,gold-sea-bass,https://buddy.farm/i/gold-sea-bass/,2026-06-04 museum Library Everything export,Previously present in museum_completion_canon.csv; included for full current-universe Buddy evidence refresh.
1135,Gold Cucumber Seeds,gold cucumber seeds,existing_museum_completion_canon,Seeds,seeds,10,Y,source_parsed,gold-cucumber-seeds,https://buddy.farm/i/gold-cucumber-seeds/,2026-06-04 museum Library Everything export,Previously present in museum_completion_canon.csv; included for full current-universe Buddy evidence refresh.
1136,Nailed Board,nailed board,existing_museum_completion_canon,Items,items,552,Y,source_parsed,nailed-board,https://buddy.farm/i/nailed-board/,2026-06-04 museum Library Everything export,Previously present in museum_completion_canon.csv; included for full current-universe Buddy evidence refresh.
1137,Book of Clues,book of clues,existing_museum_completion_canon,Items,items,120,Y,source_parsed,book-of-clues,https://buddy.farm/i/book-of-clues/,2026-06-04 museum Library Everything export,Previously present in museum_completion_canon.csv; included for full current-universe Buddy evidence refresh.
1138,Gold Feed,gold feed,existing_museum_completion_canon,Items,items,380,Y,source_parsed,gold-feed,https://buddy.farm/i/gold-feed/,2026-06-04 museum Library Everything export,Previously present in museum_completion_canon.csv; included for full current-universe Buddy evidence refresh.
1139,Boobun's Spray Bottle,boobun's spray bottle,existing_museum_completion_canon,Items,items,119,Y,source_parsed,boobun-s-spray-bottle,https://buddy.farm/i/boobun-s-spray-bottle/,2026-06-04 museum Library Everything export,Previously present in museum_completion_canon.csv; included for full current-universe Buddy evidence refresh.
1140,Bar of Silver,bar of silver,existing_museum_completion_canon,Items,items,60,Y,source_parsed,bar-of-silver,https://buddy.farm/i/bar-of-silver/,2026-06-04 museum Library Everything export,Previously present in museum_completion_canon.csv; included for full current-universe Buddy evidence refresh.
1141,Iced Tea,iced tea,existing_museum_completion_canon,Items,items,449,Y,source_parsed,iced-tea,https://buddy.farm/i/iced-tea/,2026-06-04 museum Library Everything export,Previously present in museum_completion_canon.csv; included for full current-universe Buddy evidence refresh.
1142,Sea Dragon,sea dragon,existing_museum_completion_canon,Items,items,744,Y,source_parsed,sea-dragon,https://buddy.farm/i/sea-dragon/,2026-06-04 museum Library Everything export,Previously present in museum_completion_canon.csv; included for full current-universe Buddy evidence refresh.
1143,Pink Ribbon,pink ribbon,existing_museum_completion_canon,Event,event,198,Y,source_parsed,pink-ribbon,https://buddy.farm/i/pink-ribbon/,2026-06-04 museum Library Everything export,Previously present in museum_completion_canon.csv; included for full current-universe Buddy evidence refresh.
1144,Day Off Voucher,day off voucher,new_in_current_museum_export,,,,,reviewed_name_from_current_export,day-off-voucher,https://buddy.farm/i/day-off-voucher/,2026-06-04 museum Library Everything export,"New in current museum export; review sources, icons, recipes, and aliases before canonical promotion."
1145,Coconut Water,coconut water,new_in_current_museum_export,,,,,reviewed_name_from_current_export,coconut-water,https://buddy.farm/i/coconut-water/,2026-06-04 museum Library Everything export,"New in current museum export; review sources, icons, recipes, and aliases before canonical promotion."
1146,Langstaff Crest,langstaff crest,existing_museum_completion_canon,Items,items,471,Y,source_parsed,langstaff-crest,https://buddy.farm/i/langstaff-crest/,2026-06-04 museum Library Everything export,Previously present in museum_completion_canon.csv; included for full current-universe Buddy evidence refresh.
1147,Explosive,explosive,existing_museum_completion_canon,Items,items,291,Y,source_parsed,explosive,https://buddy.farm/i/explosive/,2026-06-04 museum Library Everything export,Previously present in museum_completion_canon.csv; included for full current-universe Buddy evidence refresh.
1148,Magenta Growth,magenta growth,existing_museum_completion_canon,Fish,fish,58,Y,source_parsed,magenta-growth,https://buddy.farm/i/magenta-growth/,2026-06-04 museum Library Everything export,Previously present in museum_completion_canon.csv; included for full current-universe Buddy evidence refresh.
1149,Wax Candle,wax candle,existing_museum_completion_canon,Items,items,901,Y,source_parsed,wax-candle,https://buddy.farm/i/wax-candle/,2026-06-04 museum Library Everything export,Previously present in museum_completion_canon.csv; included for full current-universe Buddy evidence refresh.
1150,Fangs,fangs,existing_museum_completion_canon,Items,items,307,Y,source_parsed,fangs,https://buddy.farm/i/fangs/,2026-06-04 museum Library Everything export,Previously present in museum_completion_canon.csv; included for full current-universe Buddy evidence refresh.
1151,Lucky Spiral Belt,lucky spiral belt,existing_museum_completion_canon,Items,items,502,Y,source_parsed,lucky-spiral-belt,https://buddy.farm/i/lucky-spiral-belt/,2026-06-04 museum Library Everything export,Previously present in museum_completion_canon.csv; included for full current-universe Buddy evidence refresh.
1152,Rosalie's Bone Broth,rosalie's bone broth,existing_museum_completion_canon,Items,items,689,Y,source_parsed,rosalie-s-bone-broth,https://buddy.farm/i/rosalie-s-bone-broth/,2026-06-04 museum Library Everything export,Previously present in museum_completion_canon.csv; included for full current-universe Buddy evidence refresh.
1153,Cucumber,cucumber,existing_museum_completion_canon,Crops,crops,7,Y,source_parsed,cucumber,https://buddy.farm/i/cucumber/,2026-06-04 museum Library Everything export,Previously present in museum_completion_canon.csv; included for full current-universe Buddy evidence refresh.
1154,Spiky Bracelet,spiky bracelet,existing_museum_completion_canon,Items,items,791,Y,source_parsed,spiky-bracelet,https://buddy.farm/i/spiky-bracelet/,2026-06-04 museum Library Everything export,Previously present in museum_completion_canon.csv; included for full current-universe Buddy evidence refresh.
1155,Stone Shell,stone shell,existing_museum_completion_canon,Items,items,815,Y,source_parsed,stone-shell,https://buddy.farm/i/stone-shell/,2026-06-04 museum Library Everything export,Previously present in museum_completion_canon.csv; included for full current-universe Buddy evidence refresh.
1156,Gold Eggplant,gold eggplant,existing_museum_completion_canon,Crops,crops,18,Y,source_parsed,gold-eggplant,https://buddy.farm/i/gold-eggplant/,2026-06-04 museum Library Everything export,Previously present in museum_completion_canon.csv; included for full current-universe Buddy evidence refresh.
1157,Runestone 09,runestone 09,existing_museum_completion_canon,Items,items,710,Y,source_parsed,runestone-09,https://buddy.farm/i/runestone-09/,2026-06-04 museum Library Everything export,Previously present in museum_completion_canon.csv; included for full current-universe Buddy evidence refresh.
1158,Hops,hops,existing_museum_completion_canon,Crops,crops,21,Y,source_parsed,hops,https://buddy.farm/i/hops/,2026-06-04 museum Library Everything export,Previously present in museum_completion_canon.csv; included for full current-universe Buddy evidence refresh.
1159,Bucket,bucket,existing_museum_completion_canon,Items,items,149,Y,source_parsed,bucket,https://buddy.farm/i/bucket/,2026-06-04 museum Library Everything export,Previously present in museum_completion_canon.csv; included for full current-universe Buddy evidence refresh.
1160,Certificate of Radish Giving,certificate of radish giving,existing_museum_completion_canon,Items,items,206,Y,source_parsed,certificate-of-radish-giving,https://buddy.farm/i/certificate-of-radish-giving/,2026-06-04 museum Library Everything export,Previously present in museum_completion_canon.csv; included for full current-universe Buddy evidence refresh.
1161,Apple Picker,apple picker,existing_museum_completion_canon,Items,items,29,Y,source_parsed,apple-picker,https://buddy.farm/i/apple-picker/,2026-06-04 museum Library Everything export,Previously present in museum_completion_canon.csv; included for full current-universe Buddy evidence refresh.
1162,Fall Basket,fall basket,existing_museum_completion_canon,Items,items,294,Y,source_parsed,fall-basket,https://buddy.farm/i/fall-basket/,2026-06-04 museum Library Everything export,Previously present in museum_completion_canon.csv; included for full current-universe Buddy evidence refresh.
1163,Vampire Buddy Doll,vampire buddy doll,existing_museum_completion_canon,Items,items,888,Y,source_parsed,vampire-buddy-doll,https://buddy.farm/i/vampire-buddy-doll/,2026-06-04 museum Library Everything export,Previously present in museum_completion_canon.csv; included for full current-universe Buddy evidence refresh.
1164,Wooden Mask,wooden mask,existing_museum_completion_canon,Items,items,924,Y,source_parsed,wooden-mask,https://buddy.farm/i/wooden-mask/,2026-06-04 museum Library Everything export,Previously present in museum_completion_canon.csv; included for full current-universe Buddy evidence refresh.
1165,Fuzzy Chick 11,fuzzy chick 11,existing_museum_completion_canon,Event,event,135,Y,source_parsed,fuzzy-chick-11,https://buddy.farm/i/fuzzy-chick-11/,2026-06-04 museum Library Everything export,Previously present in museum_completion_canon.csv; included for full current-universe Buddy evidence refresh.
1166,Frozen Jelly,frozen jelly,existing_museum_completion_canon,Event,event,112,Y,source_parsed,frozen-jelly,https://buddy.farm/i/frozen-jelly/,2026-06-04 museum Library Everything export,Previously present in museum_completion_canon.csv; included for full current-universe Buddy evidence refresh.
1167,Black Twine,black twine,existing_museum_completion_canon,Items,items,93,Y,source_parsed,black-twine,https://buddy.farm/i/black-twine/,2026-06-04 museum Library Everything export,Previously present in museum_completion_canon.csv; included for full current-universe Buddy evidence refresh.
1168,Nightshade Cap,nightshade cap,existing_museum_completion_canon,Items,items,554,Y,source_parsed,nightshade-cap,https://buddy.farm/i/nightshade-cap/,2026-06-04 museum Library Everything export,Previously present in museum_completion_canon.csv; included for full current-universe Buddy evidence refresh.
1169,Mummy Bobblehead,mummy bobblehead,existing_museum_completion_canon,Items,items,544,Y,source_parsed,mummy-bobblehead,https://buddy.farm/i/mummy-bobblehead/,2026-06-04 museum Library Everything export,Previously present in museum_completion_canon.csv; included for full current-universe Buddy evidence refresh.
1170,Catfish,catfish,existing_museum_completion_canon,Fish,fish,15,Y,source_parsed,catfish,https://buddy.farm/i/catfish/,2026-06-04 museum Library Everything export,Previously present in museum_completion_canon.csv; included for full current-universe Buddy evidence refresh.
1171,Maduin's Cup,maduin's cup,existing_museum_completion_canon,Items,items,505,Y,source_parsed,maduin-s-cup,https://buddy.farm/i/maduin-s-cup/,2026-06-04 museum Library Everything export,Previously present in museum_completion_canon.csv; included for full current-universe Buddy evidence refresh.
1172,Blue Milk,blue milk,existing_museum_completion_canon,Items,items,102,Y,source_parsed,blue-milk,https://buddy.farm/i/blue-milk/,2026-06-04 museum Library Everything export,Previously present in museum_completion_canon.csv; included for full current-universe Buddy evidence refresh.
1173,Cornucopia 02,cornucopia 02,existing_museum_completion_canon,Items,items,246,Y,source_parsed,cornucopia-02,https://buddy.farm/i/cornucopia-02/,2026-06-04 museum Library Everything export,Previously present in museum_completion_canon.csv; included for full current-universe Buddy evidence refresh.
1174,Rosalie's Beach Tote,rosalie's beach tote,existing_museum_completion_canon,Items,items,688,Y,source_parsed,rosalie-s-beach-tote,https://buddy.farm/i/rosalie-s-beach-tote/,2026-06-04 museum Library Everything export,Previously present in museum_completion_canon.csv; included for full current-universe Buddy evidence refresh.
1175,Belt of Freedom,belt of freedom,existing_museum_completion_canon,Items,items,75,Y,source_parsed,belt-of-freedom,https://buddy.farm/i/belt-of-freedom/,2026-06-04 museum Library Everything export,Previously present in museum_completion_canon.csv; included for full current-universe Buddy evidence refresh.
1176,Slime Buddy Doll,slime buddy doll,existing_museum_completion_canon,Items,items,769,Y,source_parsed,slime-buddy-doll,https://buddy.farm/i/slime-buddy-doll/,2026-06-04 museum Library Everything export,Previously present in museum_completion_canon.csv; included for full current-universe Buddy evidence refresh.
1177,Green Scarf,green scarf,existing_museum_completion_canon,Items,items,412,Y,source_parsed,green-scarf,https://buddy.farm/i/green-scarf/,2026-06-04 museum Library Everything export,Previously present in museum_completion_canon.csv; included for full current-universe Buddy evidence refresh.
1178,Raptor Egg,raptor egg,existing_museum_completion_canon,Items,items,661,Y,source_parsed,raptor-egg,https://buddy.farm/i/raptor-egg/,2026-06-04 museum Library Everything export,Previously present in museum_completion_canon.csv; included for full current-universe Buddy evidence refresh.
1179,Notary Stamp,notary stamp,existing_museum_completion_canon,Items,items,557,Y,source_parsed,notary-stamp,https://buddy.farm/i/notary-stamp/,2026-06-04 museum Library Everything export,Previously present in museum_completion_canon.csv; included for full current-universe Buddy evidence refresh.
1180,Red Berry Pie,red berry pie,existing_museum_completion_canon,Items,items,667,Y,source_parsed,red-berry-pie,https://buddy.farm/i/red-berry-pie/,2026-06-04 museum Library Everything export,Previously present in museum_completion_canon.csv; included for full current-universe Buddy evidence refresh.
1181,Holiday Candles,holiday candles,existing_museum_completion_canon,Event,event,165,Y,source_parsed,holiday-candles,https://buddy.farm/i/holiday-candles/,2026-06-04 museum Library Everything export,Previously present in museum_completion_canon.csv; included for full current-universe Buddy evidence refresh.
1182,Potted Flower,potted flower,existing_museum_completion_canon,Items,items,633,Y,source_parsed,potted-flower,https://buddy.farm/i/potted-flower/,2026-06-04 museum Library Everything export,Previously present in museum_completion_canon.csv; included for full current-universe Buddy evidence refresh.
1183,Medium Chest 01,medium chest 01,existing_museum_completion_canon,Items,items,524,Y,source_parsed,medium-chest-01,https://buddy.farm/i/medium-chest-01/,2026-06-04 museum Library Everything export,Previously present in museum_completion_canon.csv; included for full current-universe Buddy evidence refresh.
1184,Broom,broom,existing_museum_completion_canon,Items,items,143,Y,source_parsed,broom,https://buddy.farm/i/broom/,2026-06-04 museum Library Everything export,Previously present in museum_completion_canon.csv; included for full current-universe Buddy evidence refresh.
1185,Christmas Present 12,christmas present 12,existing_museum_completion_canon,Event,event,50,Y,source_parsed,christmas-present-12,https://buddy.farm/i/christmas-present-12/,2026-06-04 museum Library Everything export,Previously present in museum_completion_canon.csv; included for full current-universe Buddy evidence refresh.
1186,Coconut,coconut,existing_museum_completion_canon,Items,items,228,Y,source_parsed,coconut,https://buddy.farm/i/coconut/,2026-06-04 museum Library Everything export,Previously present in museum_completion_canon.csv; included for full current-universe Buddy evidence refresh.
1187,Frozen Hops,frozen hops,existing_museum_completion_canon,Crops,crops,11,Y,source_parsed,frozen-hops,https://buddy.farm/i/frozen-hops/,2026-06-04 museum Library Everything export,Previously present in museum_completion_canon.csv; included for full current-universe Buddy evidence refresh.
1188,Buddy Box,buddy box,new_in_current_museum_export,,,,,reviewed_name_from_current_export,buddy-box,https://buddy.farm/i/buddy-box/,2026-06-04 museum Library Everything export,"New in current museum export; review sources, icons, recipes, and aliases before canonical promotion."
1189,Owl Guard Belt,owl guard belt,existing_museum_completion_canon,Items,items,578,Y,source_parsed,owl-guard-belt,https://buddy.farm/i/owl-guard-belt/,2026-06-04 museum Library Everything export,Previously present in museum_completion_canon.csv; included for full current-universe Buddy evidence refresh.
1190,Gary's Diary Page 12,gary's diary page 12,existing_museum_completion_canon,Items,items,353,Y,source_parsed,gary-s-diary-page-12,https://buddy.farm/i/gary-s-diary-page-12/,2026-06-04 museum Library Everything export,Previously present in museum_completion_canon.csv; included for full current-universe Buddy evidence refresh.
1191,Fuji Apple,fuji apple,existing_museum_completion_canon,Event,event,123,Y,source_parsed,fuji-apple,https://buddy.farm/i/fuji-apple/,2026-06-04 museum Library Everything export,Previously present in museum_completion_canon.csv; included for full current-universe Buddy evidence refresh.
1192,Lemon,lemon,existing_museum_completion_canon,Items,items,487,Y,source_parsed,lemon,https://buddy.farm/i/lemon/,2026-06-04 museum Library Everything export,Previously present in museum_completion_canon.csv; included for full current-universe Buddy evidence refresh.
1193,Carved Camel,carved camel,existing_museum_completion_canon,Items,items,169,Y,source_parsed,carved-camel,https://buddy.farm/i/carved-camel/,2026-06-04 museum Library Everything export,Previously present in museum_completion_canon.csv; included for full current-universe Buddy evidence refresh.
1194,Beatrix's Booming Brawl Box 02,beatrix's booming brawl box 02,existing_museum_completion_canon,Items,items,71,Y,source_parsed,beatrix-s-booming-brawl-box-02,https://buddy.farm/i/beatrix-s-booming-brawl-box-02/,2026-06-04 museum Library Everything export,Previously present in museum_completion_canon.csv; included for full current-universe Buddy evidence refresh.
1195,Hockey Mask,hockey mask,existing_museum_completion_canon,Event,event,163,Y,source_parsed,hockey-mask,https://buddy.farm/i/hockey-mask/,2026-06-04 museum Library Everything export,Previously present in museum_completion_canon.csv; included for full current-universe Buddy evidence refresh.
1196,Fancy Violin,fancy violin,existing_museum_completion_canon,Items,items,306,Y,source_parsed,fancy-violin,https://buddy.farm/i/fancy-violin/,2026-06-04 museum Library Everything export,Previously present in museum_completion_canon.csv; included for full current-universe Buddy evidence refresh.
1197,Velocity Belt,velocity belt,existing_museum_completion_canon,Items,items,890,Y,source_parsed,velocity-belt,https://buddy.farm/i/velocity-belt/,2026-06-04 museum Library Everything export,Previously present in museum_completion_canon.csv; included for full current-universe Buddy evidence refresh.
1198,Monster Skull,monster skull,existing_museum_completion_canon,Items,items,537,Y,source_parsed,monster-skull,https://buddy.farm/i/monster-skull/,2026-06-04 museum Library Everything export,Previously present in museum_completion_canon.csv; included for full current-universe Buddy evidence refresh.
1199,Christmas Present 03,christmas present 03,existing_museum_completion_canon,Event,event,41,Y,source_parsed,christmas-present-03,https://buddy.farm/i/christmas-present-03/,2026-06-04 museum Library Everything export,Previously present in museum_completion_canon.csv; included for full current-universe Buddy evidence refresh.
1200,Vincent Bobblehead,vincent bobblehead,existing_museum_completion_canon,Items,items,891,Y,source_parsed,vincent-bobblehead,https://buddy.farm/i/vincent-bobblehead/,2026-06-04 museum Library Everything export,Previously present in museum_completion_canon.csv; included for full current-universe Buddy evidence refresh.
1201,Hide,hide,existing_museum_completion_canon,Items,items,432,Y,source_parsed,hide,https://buddy.farm/i/hide/,2026-06-04 museum Library Everything export,Previously present in museum_completion_canon.csv; included for full current-universe Buddy evidence refresh.
1202,Bag of Ghost Candy,bag of ghost candy,existing_museum_completion_canon,Event,event,5,Y,source_parsed,bag-of-ghost-candy,https://buddy.farm/i/bag-of-ghost-candy/,2026-06-04 museum Library Everything export,Previously present in museum_completion_canon.csv; included for full current-universe Buddy evidence refresh.
1203,Calcifite,calcifite,existing_museum_completion_canon,Items,items,163,Y,source_parsed,calcifite,https://buddy.farm/i/calcifite/,2026-06-04 museum Library Everything export,Previously present in museum_completion_canon.csv; included for full current-universe Buddy evidence refresh.
1204,Fish and Chips,fish and chips,existing_museum_completion_canon,Meals,meals,7,Y,source_parsed,fish-and-chips,https://buddy.farm/i/fish-and-chips/,2026-06-04 museum Library Everything export,Previously present in museum_completion_canon.csv; included for full current-universe Buddy evidence refresh.
1205,Baba's Snack Pack,baba's snack pack,existing_museum_completion_canon,Items,items,45,Y,source_parsed,baba-s-snack-pack,https://buddy.farm/i/baba-s-snack-pack/,2026-06-04 museum Library Everything export,Previously present in museum_completion_canon.csv; included for full current-universe Buddy evidence refresh.
1206,Gare Bear,gare bear,existing_museum_completion_canon,Items,items,348,Y,source_parsed,gare-bear,https://buddy.farm/i/gare-bear/,2026-06-04 museum Library Everything export,Previously present in museum_completion_canon.csv; included for full current-universe Buddy evidence refresh.
1207,Compass,compass,existing_museum_completion_canon,Items,items,232,Y,source_parsed,compass,https://buddy.farm/i/compass/,2026-06-04 museum Library Everything export,Previously present in museum_completion_canon.csv; included for full current-universe Buddy evidence refresh.
1208,Purple Diary,purple diary,existing_museum_completion_canon,Items,items,647,Y,source_parsed,purple-diary,https://buddy.farm/i/purple-diary/,2026-06-04 museum Library Everything export,Previously present in museum_completion_canon.csv; included for full current-universe Buddy evidence refresh.
1209,Orange Shirt,orange shirt,existing_museum_completion_canon,Items,items,575,Y,source_parsed,orange-shirt,https://buddy.farm/i/orange-shirt/,2026-06-04 museum Library Everything export,Previously present in museum_completion_canon.csv; included for full current-universe Buddy evidence refresh.
1210,Buddy Loves You Card,buddy loves you card,existing_museum_completion_canon,Cards,cards,3,Y,source_parsed,buddy-loves-you-card,https://buddy.farm/i/buddy-loves-you-card/,2026-06-04 museum Library Everything export,Previously present in museum_completion_canon.csv; included for full current-universe Buddy evidence refresh.
1211,Dice,dice,existing_museum_completion_canon,Items,items,267,Y,source_parsed,dice,https://buddy.farm/i/dice/,2026-06-04 museum Library Everything export,Previously present in museum_completion_canon.csv; included for full current-universe Buddy evidence refresh.
1212,Mealworms,mealworms,existing_museum_completion_canon,Bait,bait,3,Y,source_parsed,mealworms,https://buddy.farm/i/mealworms/,2026-06-04 museum Library Everything export,Previously present in museum_completion_canon.csv; included for full current-universe Buddy evidence refresh.
1213,Swamp Algae,swamp algae,existing_museum_completion_canon,Items,items,843,Y,source_parsed,swamp-algae,https://buddy.farm/i/swamp-algae/,2026-06-04 museum Library Everything export,Previously present in museum_completion_canon.csv; included for full current-universe Buddy evidence refresh.
1214,Fire Ant,fire ant,existing_museum_completion_canon,Items,items,313,Y,source_parsed,fire-ant,https://buddy.farm/i/fire-ant/,2026-06-04 museum Library Everything export,Previously present in museum_completion_canon.csv; included for full current-universe Buddy evidence refresh.
1215,Pair of Boots,pair of boots,existing_museum_completion_canon,Items,items,580,Y,source_parsed,pair-of-boots,https://buddy.farm/i/pair-of-boots/,2026-06-04 museum Library Everything export,Previously present in museum_completion_canon.csv; included for full current-universe Buddy evidence refresh.
1216,Spring Basket 01,spring basket 01,existing_museum_completion_canon,Items,items,796,Y,source_parsed,spring-basket-01,https://buddy.farm/i/spring-basket-01/,2026-06-04 museum Library Everything export,Previously present in museum_completion_canon.csv; included for full current-universe Buddy evidence refresh.
1217,Bone 04,bone 04,existing_museum_completion_canon,Items,items,114,Y,source_parsed,bone-04,https://buddy.farm/i/bone-04/,2026-06-04 museum Library Everything export,Previously present in museum_completion_canon.csv; included for full current-universe Buddy evidence refresh.
1218,Power Monitor,power monitor,existing_museum_completion_canon,Items,items,634,Y,source_parsed,power-monitor,https://buddy.farm/i/power-monitor/,2026-06-04 museum Library Everything export,Previously present in museum_completion_canon.csv; included for full current-universe Buddy evidence refresh.
1219,Cursed Effigy Body,cursed effigy body,existing_museum_completion_canon,Items,items,257,Y,source_parsed,cursed-effigy-body,https://buddy.farm/i/cursed-effigy-body/,2026-06-04 museum Library Everything export,Previously present in museum_completion_canon.csv; included for full current-universe Buddy evidence refresh.
1220,Gold Emerald Ring,gold emerald ring,existing_museum_completion_canon,Items,items,378,Y,source_parsed,gold-emerald-ring,https://buddy.farm/i/gold-emerald-ring/,2026-06-04 museum Library Everything export,Previously present in museum_completion_canon.csv; included for full current-universe Buddy evidence refresh.
1221,Fancy Box,fancy box,existing_museum_completion_canon,Items,items,295,Y,source_parsed,fancy-box,https://buddy.farm/i/fancy-box/,2026-06-04 museum Library Everything export,Previously present in museum_completion_canon.csv; included for full current-universe Buddy evidence refresh.
1222,Certificate of Cotton Giving,certificate of cotton giving,existing_museum_completion_canon,Items,items,195,Y,source_parsed,certificate-of-cotton-giving,https://buddy.farm/i/certificate-of-cotton-giving/,2026-06-04 museum Library Everything export,Previously present in museum_completion_canon.csv; included for full current-universe Buddy evidence refresh.
1223,Fancy Pillow,fancy pillow,existing_museum_completion_canon,Items,items,301,N,source_parsed,fancy-pillow,https://buddy.farm/i/fancy-pillow/,2026-06-04 museum Library Everything export,Previously present in museum_completion_canon.csv; included for full current-universe Buddy evidence refresh.
1224,Certificate of Wheat Giving,certificate of wheat giving,existing_museum_completion_canon,Items,items,212,Y,source_parsed,certificate-of-wheat-giving,https://buddy.farm/i/certificate-of-wheat-giving/,2026-06-04 museum Library Everything export,Previously present in museum_completion_canon.csv; included for full current-universe Buddy evidence refresh.
1225,Orange Gecko,orange gecko,existing_museum_completion_canon,Items,items,572,Y,source_parsed,orange-gecko,https://buddy.farm/i/orange-gecko/,2026-06-04 museum Library Everything export,Previously present in museum_completion_canon.csv; included for full current-universe Buddy evidence refresh.
1226,Red Mushrooms,red mushrooms,existing_museum_completion_canon,Items,items,673,Y,source_parsed,red-mushrooms,https://buddy.farm/i/red-mushrooms/,2026-06-04 museum Library Everything export,Previously present in museum_completion_canon.csv; included for full current-universe Buddy evidence refresh.
1227,Egg of Light,egg of light,existing_museum_completion_canon,Event,event,88,Y,source_parsed,egg-of-light,https://buddy.farm/i/egg-of-light/,2026-06-04 museum Library Everything export,Previously present in museum_completion_canon.csv; included for full current-universe Buddy evidence refresh.
1228,Roomba Bobblehead,roomba bobblehead,existing_museum_completion_canon,Items,items,684,Y,source_parsed,roomba-bobblehead,https://buddy.farm/i/roomba-bobblehead/,2026-06-04 museum Library Everything export,Previously present in museum_completion_canon.csv; included for full current-universe Buddy evidence refresh.
1229,Lantern,lantern,existing_museum_completion_canon,Items,items,472,Y,source_parsed,lantern,https://buddy.farm/i/lantern/,2026-06-04 museum Library Everything export,Previously present in museum_completion_canon.csv; included for full current-universe Buddy evidence refresh.
1230,Mark of Knowledge,mark of knowledge,existing_museum_completion_canon,Items,items,520,Y,source_parsed,mark-of-knowledge,https://buddy.farm/i/mark-of-knowledge/,2026-06-04 museum Library Everything export,Previously present in museum_completion_canon.csv; included for full current-universe Buddy evidence refresh.
1231,Ancient Coin,ancient coin,existing_museum_completion_canon,Items,items,17,Y,source_parsed,ancient-coin,https://buddy.farm/i/ancient-coin/,2026-06-04 museum Library Everything export,Previously present in museum_completion_canon.csv; included for full current-universe Buddy evidence refresh.
1232,Bone,bone,existing_museum_completion_canon,Items,items,111,Y,source_parsed,bone,https://buddy.farm/i/bone/,2026-06-04 museum Library Everything export,Previously present in museum_completion_canon.csv; included for full current-universe Buddy evidence refresh.
1233,Piece of Heart,piece of heart,existing_museum_completion_canon,Items,items,615,Y,source_parsed,piece-of-heart,https://buddy.farm/i/piece-of-heart/,2026-06-04 museum Library Everything export,Previously present in museum_completion_canon.csv; included for full current-universe Buddy evidence refresh.
1234,Chattering Teeth,chattering teeth,existing_museum_completion_canon,Event,event,36,Y,source_parsed,chattering-teeth,https://buddy.farm/i/chattering-teeth/,2026-06-04 museum Library Everything export,Previously present in museum_completion_canon.csv; included for full current-universe Buddy evidence refresh.
1235,Gold Shamrock,gold shamrock,existing_museum_completion_canon,Event,event,150,Y,source_parsed,gold-shamrock,https://buddy.farm/i/gold-shamrock/,2026-06-04 museum Library Everything export,Previously present in museum_completion_canon.csv; included for full current-universe Buddy evidence refresh.
1236,Cheese,cheese,existing_museum_completion_canon,Items,items,216,Y,source_parsed,cheese,https://buddy.farm/i/cheese/,2026-06-04 museum Library Everything export,Previously present in museum_completion_canon.csv; included for full current-universe Buddy evidence refresh.
1237,Fuzzy Chick 07,fuzzy chick 07,existing_museum_completion_canon,Event,event,131,Y,source_parsed,fuzzy-chick-07,https://buddy.farm/i/fuzzy-chick-07/,2026-06-04 museum Library Everything export,Previously present in museum_completion_canon.csv; included for full current-universe Buddy evidence refresh.
1238,Nirumdivar,nirumdivar,existing_museum_completion_canon,Items,items,555,Y,source_parsed,nirumdivar,https://buddy.farm/i/nirumdivar/,2026-06-04 museum Library Everything export,Previously present in museum_completion_canon.csv; included for full current-universe Buddy evidence refresh.
1239,frank Bobblehead,frank bobblehead,existing_museum_completion_canon,Items,items,331,Y,source_parsed,frank-bobblehead,https://buddy.farm/i/frank-bobblehead/,2026-06-04 museum Library Everything export,Previously present in museum_completion_canon.csv; included for full current-universe Buddy evidence refresh.
1240,Donner,donner,existing_museum_completion_canon,Event,event,67,Y,source_parsed,donner,https://buddy.farm/i/donner/,2026-06-04 museum Library Everything export,Previously present in museum_completion_canon.csv; included for full current-universe Buddy evidence refresh.
1241,Fuzzy Trophy,fuzzy trophy,new_in_current_museum_export,,,,,reviewed_name_from_current_export,fuzzy-trophy,https://buddy.farm/i/fuzzy-trophy/,2026-06-04 museum Library Everything export,"New in current museum export; review sources, icons, recipes, and aliases before canonical promotion."
1242,Mega Beet Seeds,mega beet seeds,existing_museum_completion_canon,Seeds,seeds,16,Y,source_parsed,mega-beet-seeds,https://buddy.farm/i/mega-beet-seeds/,2026-06-04 museum Library Everything export,Previously present in museum_completion_canon.csv; included for full current-universe Buddy evidence refresh.
1243,Egg of Duck,egg of duck,existing_museum_completion_canon,Items,items,277,N,source_parsed,egg-of-duck,https://buddy.farm/i/egg-of-duck/,2026-06-04 museum Library Everything export,Previously present in museum_completion_canon.csv; included for full current-universe Buddy evidence refresh.
1244,Buddy's Beach Bag,buddy's beach bag,existing_museum_completion_canon,Items,items,154,Y,source_parsed,buddy-s-beach-bag,https://buddy.farm/i/buddy-s-beach-bag/,2026-06-04 museum Library Everything export,Previously present in museum_completion_canon.csv; included for full current-universe Buddy evidence refresh.
1245,Winged Amulet,winged amulet,existing_museum_completion_canon,Items,items,914,Y,source_parsed,winged-amulet,https://buddy.farm/i/winged-amulet/,2026-06-04 museum Library Everything export,Previously present in museum_completion_canon.csv; included for full current-universe Buddy evidence refresh.
1246,Steak,steak,existing_museum_completion_canon,Items,items,803,Y,source_parsed,steak,https://buddy.farm/i/steak/,2026-06-04 museum Library Everything export,Previously present in museum_completion_canon.csv; included for full current-universe Buddy evidence refresh.
1247,Coal,coal,existing_museum_completion_canon,Items,items,225,Y,source_parsed,coal,https://buddy.farm/i/coal/,2026-06-04 museum Library Everything export,Previously present in museum_completion_canon.csv; included for full current-universe Buddy evidence refresh.
1248,Horn,horn,existing_museum_completion_canon,Items,items,440,Y,source_parsed,horn,https://buddy.farm/i/horn/,2026-06-04 museum Library Everything export,Previously present in museum_completion_canon.csv; included for full current-universe Buddy evidence refresh.
1249,Holiday Cheer Bundle 01,holiday cheer bundle 01,existing_museum_completion_canon,Items,items,436,Y,source_parsed,holiday-cheer-bundle-01,https://buddy.farm/i/holiday-cheer-bundle-01/,2026-06-04 museum Library Everything export,Previously present in museum_completion_canon.csv; included for full current-universe Buddy evidence refresh.
1250,Water Lily,water lily,existing_museum_completion_canon,Items,items,899,Y,source_parsed,water-lily,https://buddy.farm/i/water-lily/,2026-06-04 museum Library Everything export,Previously present in museum_completion_canon.csv; included for full current-universe Buddy evidence refresh.
1251,Spooky Doll,spooky doll,existing_museum_completion_canon,Event,event,231,Y,source_parsed,spooky-doll,https://buddy.farm/i/spooky-doll/,2026-06-04 museum Library Everything export,Previously present in museum_completion_canon.csv; included for full current-universe Buddy evidence refresh.
1252,Sea Crest,sea crest,existing_museum_completion_canon,Fish,fish,76,Y,source_parsed,sea-crest,https://buddy.farm/i/sea-crest/,2026-06-04 museum Library Everything export,Previously present in museum_completion_canon.csv; included for full current-universe Buddy evidence refresh.
1253,QED Pack,qed pack,existing_museum_completion_canon,Event,event,207,Y,source_parsed,qed-pack,https://buddy.farm/i/qed-pack/,2026-06-04 museum Library Everything export,Previously present in museum_completion_canon.csv; included for full current-universe Buddy evidence refresh.
1254,Small Gear,small gear,existing_museum_completion_canon,Items,items,776,Y,source_parsed,small-gear,https://buddy.farm/i/small-gear/,2026-06-04 museum Library Everything export,Previously present in museum_completion_canon.csv; included for full current-universe Buddy evidence refresh.
1255,Sand Shovel,sand shovel,existing_museum_completion_canon,Items,items,733,Y,source_parsed,sand-shovel,https://buddy.farm/i/sand-shovel/,2026-06-04 museum Library Everything export,Previously present in museum_completion_canon.csv; included for full current-universe Buddy evidence refresh.
1256,Oak,oak,existing_museum_completion_canon,Items,items,559,Y,source_parsed,oak,https://buddy.farm/i/oak/,2026-06-04 museum Library Everything export,Previously present in museum_completion_canon.csv; included for full current-universe Buddy evidence refresh.
1257,Grubs,grubs,existing_museum_completion_canon,Bait,bait,1,Y,source_parsed,grubs,https://buddy.farm/i/grubs/,2026-06-04 museum Library Everything export,Previously present in museum_completion_canon.csv; included for full current-universe Buddy evidence refresh.
1258,Corn Speedrun Trophy,corn speedrun trophy,existing_museum_completion_canon,Items,items,244,Y,source_parsed,corn-speedrun-trophy,https://buddy.farm/i/corn-speedrun-trophy/,2026-06-04 museum Library Everything export,Previously present in museum_completion_canon.csv; included for full current-universe Buddy evidence refresh.
1259,Frosteye,frosteye,existing_museum_completion_canon,Fish,fish,28,Y,source_parsed,frosteye,https://buddy.farm/i/frosteye/,2026-06-04 museum Library Everything export,Previously present in museum_completion_canon.csv; included for full current-universe Buddy evidence refresh.
1260,Star's Treasure Map,star's treasure map,existing_museum_completion_canon,Items,items,802,Y,source_parsed,star-s-treasure-map,https://buddy.farm/i/star-s-treasure-map/,2026-06-04 museum Library Everything export,Previously present in museum_completion_canon.csv; included for full current-universe Buddy evidence refresh.
1261,Sol Orb,sol orb,existing_museum_completion_canon,Items,items,785,Y,source_parsed,sol-orb,https://buddy.farm/i/sol-orb/,2026-06-04 museum Library Everything export,Previously present in museum_completion_canon.csv; included for full current-universe Buddy evidence refresh.
1262,Orange Twine,orange twine,existing_museum_completion_canon,Items,items,576,Y,source_parsed,orange-twine,https://buddy.farm/i/orange-twine/,2026-06-04 museum Library Everything export,Previously present in museum_completion_canon.csv; included for full current-universe Buddy evidence refresh.
1263,Pitchfork,pitchfork,existing_museum_completion_canon,Items,items,624,Y,source_parsed,pitchfork,https://buddy.farm/i/pitchfork/,2026-06-04 museum Library Everything export,Previously present in museum_completion_canon.csv; included for full current-universe Buddy evidence refresh.
1264,4-leaf Clover,4-leaf clover,existing_museum_completion_canon,Items,items,5,Y,source_parsed,4-leaf-clover,https://buddy.farm/i/4-leaf-clover/,2026-06-04 museum Library Everything export,Previously present in museum_completion_canon.csv; included for full current-universe Buddy evidence refresh.
1265,Santa Buddy Doll,santa buddy doll,existing_museum_completion_canon,Items,items,736,Y,source_parsed,santa-buddy-doll,https://buddy.farm/i/santa-buddy-doll/,2026-06-04 museum Library Everything export,Previously present in museum_completion_canon.csv; included for full current-universe Buddy evidence refresh.
1266,Gold Potato,gold potato,existing_museum_completion_canon,Items,items,386,Y,source_parsed,gold-potato,https://buddy.farm/i/gold-potato/,2026-06-04 museum Library Everything export,Previously present in museum_completion_canon.csv; included for full current-universe Buddy evidence refresh.
1267,Happy Cookies,happy cookies,existing_museum_completion_canon,Event,event,156,Y,source_parsed,happy-cookies,https://buddy.farm/i/happy-cookies/,2026-06-04 museum Library Everything export,Previously present in museum_completion_canon.csv; included for full current-universe Buddy evidence refresh.
1268,Blue Twine,blue twine,existing_museum_completion_canon,Items,items,107,Y,source_parsed,blue-twine,https://buddy.farm/i/blue-twine/,2026-06-04 museum Library Everything export,Previously present in museum_completion_canon.csv; included for full current-universe Buddy evidence refresh.
1269,Spoon,spoon,existing_museum_completion_canon,Items,items,793,Y,source_parsed,spoon,https://buddy.farm/i/spoon/,2026-06-04 museum Library Everything export,Previously present in museum_completion_canon.csv; included for full current-universe Buddy evidence refresh.
1270,Quandary Chowder,quandary chowder,existing_museum_completion_canon,Meals,meals,16,Y,source_parsed,quandary-chowder,https://buddy.farm/i/quandary-chowder/,2026-06-04 museum Library Everything export,Previously present in museum_completion_canon.csv; included for full current-universe Buddy evidence refresh.
1271,Large Chest 03,large chest 03,existing_museum_completion_canon,Items,items,476,Y,source_parsed,large-chest-03,https://buddy.farm/i/large-chest-03/,2026-06-04 museum Library Everything export,Previously present in museum_completion_canon.csv; included for full current-universe Buddy evidence refresh.
1272,Gary's Diary Page 86,gary's diary page 86,existing_museum_completion_canon,Items,items,356,Y,source_parsed,gary-s-diary-page-86,https://buddy.farm/i/gary-s-diary-page-86/,2026-06-04 museum Library Everything export,Previously present in museum_completion_canon.csv; included for full current-universe Buddy evidence refresh.
1273,Reinforced Helmet,reinforced helmet,existing_museum_completion_canon,Items,items,681,Y,source_parsed,reinforced-helmet,https://buddy.farm/i/reinforced-helmet/,2026-06-04 museum Library Everything export,Previously present in museum_completion_canon.csv; included for full current-universe Buddy evidence refresh.
1274,Black Cloak,black cloak,existing_museum_completion_canon,Items,items,85,Y,source_parsed,black-cloak,https://buddy.farm/i/black-cloak/,2026-06-04 museum Library Everything export,Previously present in museum_completion_canon.csv; included for full current-universe Buddy evidence refresh.
1275,Farmiversary Trophy 01,farmiversary trophy 01,new_in_current_museum_export,,,,,reviewed_name_from_current_export,farmiversary-trophy-01,https://buddy.farm/i/farmiversary-trophy-01/,2026-06-04 museum Library Everything export,"New in current museum export; review sources, icons, recipes, and aliases before canonical promotion."
1276,Goldjack,goldjack,existing_museum_completion_canon,Fish,fish,46,Y,source_parsed,goldjack,https://buddy.farm/i/goldjack/,2026-06-04 museum Library Everything export,Previously present in museum_completion_canon.csv; included for full current-universe Buddy evidence refresh.
1277,Purple Bag,purple bag,existing_museum_completion_canon,Items,items,645,Y,source_parsed,purple-bag,https://buddy.farm/i/purple-bag/,2026-06-04 museum Library Everything export,Previously present in museum_completion_canon.csv; included for full current-universe Buddy evidence refresh.
1278,Dragonfly,dragonfly,existing_museum_completion_canon,Items,items,272,Y,source_parsed,dragonfly,https://buddy.farm/i/dragonfly/,2026-06-04 museum Library Everything export,Previously present in museum_completion_canon.csv; included for full current-universe Buddy evidence refresh.
1279,Wheat,wheat,existing_museum_completion_canon,Crops,crops,35,Y,source_parsed,wheat,https://buddy.farm/i/wheat/,2026-06-04 museum Library Everything export,Previously present in museum_completion_canon.csv; included for full current-universe Buddy evidence refresh.
1280,Unpolished Garnet,unpolished garnet,existing_museum_completion_canon,Items,items,879,Y,source_parsed,unpolished-garnet,https://buddy.farm/i/unpolished-garnet/,2026-06-04 museum Library Everything export,Previously present in museum_completion_canon.csv; included for full current-universe Buddy evidence refresh.
1281,Horseshoe,horseshoe,existing_museum_completion_canon,Items,items,444,Y,source_parsed,horseshoe,https://buddy.farm/i/horseshoe/,2026-06-04 museum Library Everything export,Previously present in museum_completion_canon.csv; included for full current-universe Buddy evidence refresh.
1282,Apple Ant Buddy Doll,apple ant buddy doll,existing_museum_completion_canon,Items,items,21,Y,source_parsed,apple-ant-buddy-doll,https://buddy.farm/i/apple-ant-buddy-doll/,2026-06-04 museum Library Everything export,Previously present in museum_completion_canon.csv; included for full current-universe Buddy evidence refresh.
1283,Leprechaun Hat,leprechaun hat,existing_museum_completion_canon,Items,items,492,Y,source_parsed,leprechaun-hat,https://buddy.farm/i/leprechaun-hat/,2026-06-04 museum Library Everything export,Previously present in museum_completion_canon.csv; included for full current-universe Buddy evidence refresh.
1284,Unicorn Key,unicorn key,existing_museum_completion_canon,Items,items,875,Y,source_parsed,unicorn-key,https://buddy.farm/i/unicorn-key/,2026-06-04 museum Library Everything export,Previously present in museum_completion_canon.csv; included for full current-universe Buddy evidence refresh.
1285,Captured Ghost,captured ghost,existing_museum_completion_canon,Event,event,34,Y,source_parsed,captured-ghost,https://buddy.farm/i/captured-ghost/,2026-06-04 museum Library Everything export,Previously present in museum_completion_canon.csv; included for full current-universe Buddy evidence refresh.
1286,Crab Claw,crab claw,existing_museum_completion_canon,Items,items,249,Y,source_parsed,crab-claw,https://buddy.farm/i/crab-claw/,2026-06-04 museum Library Everything export,Previously present in museum_completion_canon.csv; included for full current-universe Buddy evidence refresh.
1287,Molasses,molasses,existing_museum_completion_canon,Items,items,536,Y,source_parsed,molasses,https://buddy.farm/i/molasses/,2026-06-04 museum Library Everything export,Previously present in museum_completion_canon.csv; included for full current-universe Buddy evidence refresh.
1288,Frozen Starfish,frozen starfish,existing_museum_completion_canon,Event,event,121,Y,source_parsed,frozen-starfish,https://buddy.farm/i/frozen-starfish/,2026-06-04 museum Library Everything export,Previously present in museum_completion_canon.csv; included for full current-universe Buddy evidence refresh.
1289,Carved Rabbit,carved rabbit,existing_museum_completion_canon,Items,items,179,Y,source_parsed,carved-rabbit,https://buddy.farm/i/carved-rabbit/,2026-06-04 museum Library Everything export,Previously present in museum_completion_canon.csv; included for full current-universe Buddy evidence refresh.
1290,Sand Castle Bucket,sand castle bucket,existing_museum_completion_canon,Items,items,731,Y,source_parsed,sand-castle-bucket,https://buddy.farm/i/sand-castle-bucket/,2026-06-04 museum Library Everything export,Previously present in museum_completion_canon.csv; included for full current-universe Buddy evidence refresh.
1291,Cid's Stone Ale,cid's stone ale,existing_museum_completion_canon,Items,items,220,Y,source_parsed,cid-s-stone-ale,https://buddy.farm/i/cid-s-stone-ale/,2026-06-04 museum Library Everything export,Previously present in museum_completion_canon.csv; included for full current-universe Buddy evidence refresh.
1292,Toxic Tendrils,toxic tendrils,existing_museum_completion_canon,Fish,fish,97,Y,source_parsed,toxic-tendrils,https://buddy.farm/i/toxic-tendrils/,2026-06-04 museum Library Everything export,Previously present in museum_completion_canon.csv; included for full current-universe Buddy evidence refresh.
1293,Thomas's Cup of PB,thomas's cup of pb,existing_museum_completion_canon,Items,items,854,Y,source_parsed,thomas-s-cup-of-pb,https://buddy.farm/i/thomas-s-cup-of-pb/,2026-06-04 museum Library Everything export,Previously present in museum_completion_canon.csv; included for full current-universe Buddy evidence refresh.
1294,Linked Lantern,linked lantern,existing_museum_completion_canon,Items,items,494,Y,source_parsed,linked-lantern,https://buddy.farm/i/linked-lantern/,2026-06-04 museum Library Everything export,Previously present in museum_completion_canon.csv; included for full current-universe Buddy evidence refresh.
1295,Bacon,bacon,existing_museum_completion_canon,Items,items,48,Y,source_parsed,bacon,https://buddy.farm/i/bacon/,2026-06-04 museum Library Everything export,Previously present in museum_completion_canon.csv; included for full current-universe Buddy evidence refresh.
1296,Safety Mask,safety mask,existing_museum_completion_canon,Items,items,726,Y,source_parsed,safety-mask,https://buddy.farm/i/safety-mask/,2026-06-04 museum Library Everything export,Previously present in museum_completion_canon.csv; included for full current-universe Buddy evidence refresh.
1297,Frozen Buddy Doll,frozen buddy doll,existing_museum_completion_canon,Items,items,340,Y,source_parsed,frozen-buddy-doll,https://buddy.farm/i/frozen-buddy-doll/,2026-06-04 museum Library Everything export,Previously present in museum_completion_canon.csv; included for full current-universe Buddy evidence refresh.
1298,3-leaf Clover,3-leaf clover,existing_museum_completion_canon,Items,items,4,Y,source_parsed,3-leaf-clover,https://buddy.farm/i/3-leaf-clover/,2026-06-04 museum Library Everything export,Previously present in museum_completion_canon.csv; included for full current-universe Buddy evidence refresh.
1299,Blubberfish,blubberfish,existing_museum_completion_canon,Fish,fish,3,Y,source_parsed,blubberfish,https://buddy.farm/i/blubberfish/,2026-06-04 museum Library Everything export,Previously present in museum_completion_canon.csv; included for full current-universe Buddy evidence refresh.
1300,Blue Tiger Fish,blue tiger fish,existing_museum_completion_canon,Fish,fish,8,Y,source_parsed,blue-tiger-fish,https://buddy.farm/i/blue-tiger-fish/,2026-06-04 museum Library Everything export,Previously present in museum_completion_canon.csv; included for full current-universe Buddy evidence refresh.
1301,Quicksilver's Ring,quicksilver's ring,existing_museum_completion_canon,Event,event,208,Y,source_parsed,quicksilver-s-ring,https://buddy.farm/i/quicksilver-s-ring/,2026-06-04 museum Library Everything export,Previously present in museum_completion_canon.csv; included for full current-universe Buddy evidence refresh.
1302,Gold Ruby Ring,gold ruby ring,existing_museum_completion_canon,Items,items,388,Y,source_parsed,gold-ruby-ring,https://buddy.farm/i/gold-ruby-ring/,2026-06-04 museum Library Everything export,Previously present in museum_completion_canon.csv; included for full current-universe Buddy evidence refresh.
1303,Grab Bag 06,grab bag 06,existing_museum_completion_canon,Items,items,397,Y,source_parsed,grab-bag-06,https://buddy.farm/i/grab-bag-06/,2026-06-04 museum Library Everything export,Previously present in museum_completion_canon.csv; included for full current-universe Buddy evidence refresh.
1304,Scythe of Dewstar,scythe of dewstar,existing_museum_completion_canon,Items,items,743,Y,source_parsed,scythe-of-dewstar,https://buddy.farm/i/scythe-of-dewstar/,2026-06-04 museum Library Everything export,Previously present in museum_completion_canon.csv; included for full current-universe Buddy evidence refresh.
1305,Onion Soup,onion soup,existing_museum_completion_canon,Meals,meals,13,Y,source_parsed,onion-soup,https://buddy.farm/i/onion-soup/,2026-06-04 museum Library Everything export,Previously present in museum_completion_canon.csv; included for full current-universe Buddy evidence refresh.
1306,Leather Diary,leather diary,existing_museum_completion_canon,Items,items,484,Y,source_parsed,leather-diary,https://buddy.farm/i/leather-diary/,2026-06-04 museum Library Everything export,Previously present in museum_completion_canon.csv; included for full current-universe Buddy evidence refresh.
1307,Spooky Slime,spooky slime,existing_museum_completion_canon,Event,event,233,Y,source_parsed,spooky-slime,https://buddy.farm/i/spooky-slime/,2026-06-04 museum Library Everything export,Previously present in museum_completion_canon.csv; included for full current-universe Buddy evidence refresh.
1308,Frozen Catfish,frozen catfish,existing_museum_completion_canon,Event,event,106,Y,source_parsed,frozen-catfish,https://buddy.farm/i/frozen-catfish/,2026-06-04 museum Library Everything export,Previously present in museum_completion_canon.csv; included for full current-universe Buddy evidence refresh.
1309,Ice Scraper,ice scraper,existing_museum_completion_canon,Items,items,448,Y,source_parsed,ice-scraper,https://buddy.farm/i/ice-scraper/,2026-06-04 museum Library Everything export,Previously present in museum_completion_canon.csv; included for full current-universe Buddy evidence refresh.
1310,Wine,wine,existing_museum_completion_canon,Items,items,913,Y,source_parsed,wine,https://buddy.farm/i/wine/,2026-06-04 museum Library Everything export,Previously present in museum_completion_canon.csv; included for full current-universe Buddy evidence refresh.
1311,Egg of Chicken,egg of chicken,existing_museum_completion_canon,Items,items,276,Y,source_parsed,egg-of-chicken,https://buddy.farm/i/egg-of-chicken/,2026-06-04 museum Library Everything export,Previously present in museum_completion_canon.csv; included for full current-universe Buddy evidence refresh.
1312,Cupid Buddy Doll,cupid buddy doll,existing_museum_completion_canon,Items,items,255,Y,source_parsed,cupid-buddy-doll,https://buddy.farm/i/cupid-buddy-doll/,2026-06-04 museum Library Everything export,Previously present in museum_completion_canon.csv; included for full current-universe Buddy evidence refresh.
1313,Support's Ticket,support's ticket,existing_museum_completion_canon,Items,items,842,Y,source_parsed,support-s-ticket,https://buddy.farm/i/support-s-ticket/,2026-06-04 museum Library Everything export,Previously present in museum_completion_canon.csv; included for full current-universe Buddy evidence refresh.
1314,Heart-shaped Box 02,heart-shaped box 02,existing_museum_completion_canon,Items,items,427,Y,source_parsed,heart-shaped-box-02,https://buddy.farm/i/heart-shaped-box-02/,2026-06-04 museum Library Everything export,Previously present in museum_completion_canon.csv; included for full current-universe Buddy evidence refresh.
1315,Garden Trowel,garden trowel,new_in_current_museum_export,,,,,reviewed_name_from_current_export,garden-trowel,https://buddy.farm/i/garden-trowel/,2026-06-04 museum Library Everything export,"New in current museum export; review sources, icons, recipes, and aliases before canonical promotion."
1316,Strange Letter,strange letter,existing_museum_completion_canon,Items,items,819,Y,source_parsed,strange-letter,https://buddy.farm/i/strange-letter/,2026-06-04 museum Library Everything export,Previously present in museum_completion_canon.csv; included for full current-universe Buddy evidence refresh.
1317,Iron Ring,iron ring,existing_museum_completion_canon,Items,items,454,Y,source_parsed,iron-ring,https://buddy.farm/i/iron-ring/,2026-06-04 museum Library Everything export,Previously present in museum_completion_canon.csv; included for full current-universe Buddy evidence refresh.
1318,Wooden Plank,wooden plank,existing_museum_completion_canon,Items,items,926,Y,source_parsed,wooden-plank,https://buddy.farm/i/wooden-plank/,2026-06-04 museum Library Everything export,Previously present in museum_completion_canon.csv; included for full current-universe Buddy evidence refresh.
1319,Small Key,small key,existing_museum_completion_canon,Items,items,777,Y,source_parsed,small-key,https://buddy.farm/i/small-key/,2026-06-04 museum Library Everything export,Previously present in museum_completion_canon.csv; included for full current-universe Buddy evidence refresh.
1320,Runestone 04,runestone 04,existing_museum_completion_canon,Items,items,705,Y,source_parsed,runestone-04,https://buddy.farm/i/runestone-04/,2026-06-04 museum Library Everything export,Previously present in museum_completion_canon.csv; included for full current-universe Buddy evidence refresh.
1321,Egg of Earth,egg of earth,existing_museum_completion_canon,Event,event,85,Y,source_parsed,egg-of-earth,https://buddy.farm/i/egg-of-earth/,2026-06-04 museum Library Everything export,Previously present in museum_completion_canon.csv; included for full current-universe Buddy evidence refresh.
1322,Piece 15,piece 15,existing_museum_completion_canon,Items,items,606,Y,source_parsed,piece-15,https://buddy.farm/i/piece-15/,2026-06-04 museum Library Everything export,Previously present in museum_completion_canon.csv; included for full current-universe Buddy evidence refresh.
1323,Sling Blade,sling blade,existing_museum_completion_canon,Items,items,771,Y,source_parsed,sling-blade,https://buddy.farm/i/sling-blade/,2026-06-04 museum Library Everything export,Previously present in museum_completion_canon.csv; included for full current-universe Buddy evidence refresh.
1324,Safety Pin,safety pin,existing_museum_completion_canon,Event,event,215,Y,source_parsed,safety-pin,https://buddy.farm/i/safety-pin/,2026-06-04 museum Library Everything export,Previously present in museum_completion_canon.csv; included for full current-universe Buddy evidence refresh.
1325,Neigh,neigh,existing_museum_completion_canon,Meals,meals,12,Y,source_parsed,neigh,https://buddy.farm/i/neigh/,2026-06-04 museum Library Everything export,Previously present in museum_completion_canon.csv; included for full current-universe Buddy evidence refresh.
1326,Red Envelope,red envelope,existing_museum_completion_canon,Cards,cards,11,Y,source_parsed,red-envelope,https://buddy.farm/i/red-envelope/,2026-06-04 museum Library Everything export,Previously present in museum_completion_canon.csv; included for full current-universe Buddy evidence refresh.
1327,Borgen Bag 01,borgen bag 01,existing_museum_completion_canon,Items,items,129,Y,source_parsed,borgen-bag-01,https://buddy.farm/i/borgen-bag-01/,2026-06-04 museum Library Everything export,Previously present in museum_completion_canon.csv; included for full current-universe Buddy evidence refresh.
1328,Energy Core,energy core,existing_museum_completion_canon,Items,items,285,Y,source_parsed,energy-core,https://buddy.farm/i/energy-core/,2026-06-04 museum Library Everything export,Previously present in museum_completion_canon.csv; included for full current-universe Buddy evidence refresh.
1329,Plumbfish,plumbfish,existing_museum_completion_canon,Fish,fish,67,Y,source_parsed,plumbfish,https://buddy.farm/i/plumbfish/,2026-06-04 museum Library Everything export,Previously present in museum_completion_canon.csv; included for full current-universe Buddy evidence refresh.
1330,Bamboo Fence,bamboo fence,existing_museum_completion_canon,Items,items,54,Y,source_parsed,bamboo-fence,https://buddy.farm/i/bamboo-fence/,2026-06-04 museum Library Everything export,Previously present in museum_completion_canon.csv; included for full current-universe Buddy evidence refresh.
1331,Book of Schemas,book of schemas,existing_museum_completion_canon,Items,items,126,Y,source_parsed,book-of-schemas,https://buddy.farm/i/book-of-schemas/,2026-06-04 museum Library Everything export,Previously present in museum_completion_canon.csv; included for full current-universe Buddy evidence refresh.
1332,Bone Broth,bone broth,existing_museum_completion_canon,Meals,meals,3,Y,source_parsed,bone-broth,https://buddy.farm/i/bone-broth/,2026-06-04 museum Library Everything export,Previously present in museum_completion_canon.csv; included for full current-universe Buddy evidence refresh.
1333,Small Chest 02,small chest 02,existing_museum_completion_canon,Items,items,774,Y,source_parsed,small-chest-02,https://buddy.farm/i/small-chest-02/,2026-06-04 museum Library Everything export,Previously present in museum_completion_canon.csv; included for full current-universe Buddy evidence refresh.
1334,Gold Eggplant Seeds,gold eggplant seeds,existing_museum_completion_canon,Seeds,seeds,11,Y,source_parsed,gold-eggplant-seeds,https://buddy.farm/i/gold-eggplant-seeds/,2026-06-04 museum Library Everything export,Previously present in museum_completion_canon.csv; included for full current-universe Buddy evidence refresh.
1335,Picnic Basket 01,picnic basket 01,existing_museum_completion_canon,Items,items,597,Y,source_parsed,picnic-basket-01,https://buddy.farm/i/picnic-basket-01/,2026-06-04 museum Library Everything export,Previously present in museum_completion_canon.csv; included for full current-universe Buddy evidence refresh.
1336,Y73841 Blueprint,y73841 blueprint,existing_museum_completion_canon,Items,items,933,Y,source_parsed,y73841-blueprint,https://buddy.farm/i/y73841-blueprint/,2026-06-04 museum Library Everything export,Previously present in museum_completion_canon.csv; included for full current-universe Buddy evidence refresh.
1337,Mariya's Festive Eggnog,mariya's festive eggnog,existing_museum_completion_canon,Items,items,518,Y,source_parsed,mariya-s-festive-eggnog,https://buddy.farm/i/mariya-s-festive-eggnog/,2026-06-04 museum Library Everything export,Previously present in museum_completion_canon.csv; included for full current-universe Buddy evidence refresh.
1338,B for Buddies,b for buddies,existing_museum_completion_canon,Items,items,41,Y,source_parsed,b-for-buddies,https://buddy.farm/i/b-for-buddies/,2026-06-04 museum Library Everything export,Previously present in museum_completion_canon.csv; included for full current-universe Buddy evidence refresh.
1339,Gold Flier,gold flier,existing_museum_completion_canon,Fish,fish,37,Y,source_parsed,gold-flier,https://buddy.farm/i/gold-flier/,2026-06-04 museum Library Everything export,Previously present in museum_completion_canon.csv; included for full current-universe Buddy evidence refresh.
1340,Buddy Doll Bag 02,buddy doll bag 02,existing_museum_completion_canon,Items,items,153,Y,source_parsed,buddy-doll-bag-02,https://buddy.farm/i/buddy-doll-bag-02/,2026-06-04 museum Library Everything export,Previously present in museum_completion_canon.csv; included for full current-universe Buddy evidence refresh.
1341,Lava Ring,lava ring,existing_museum_completion_canon,Items,items,478,Y,source_parsed,lava-ring,https://buddy.farm/i/lava-ring/,2026-06-04 museum Library Everything export,Previously present in museum_completion_canon.csv; included for full current-universe Buddy evidence refresh.
1342,Butter,butter,existing_museum_completion_canon,Items,items,161,Y,source_parsed,butter,https://buddy.farm/i/butter/,2026-06-04 museum Library Everything export,Previously present in museum_completion_canon.csv; included for full current-universe Buddy evidence refresh.
1343,Piece 30,piece 30,existing_museum_completion_canon,Items,items,612,Y,source_parsed,piece-30,https://buddy.farm/i/piece-30/,2026-06-04 museum Library Everything export,Previously present in museum_completion_canon.csv; included for full current-universe Buddy evidence refresh.
1344,Cockatrice Ether Source,cockatrice ether source,existing_museum_completion_canon,Items,items,227,Y,source_parsed,cockatrice-ether-source,https://buddy.farm/i/cockatrice-ether-source/,2026-06-04 museum Library Everything export,Previously present in museum_completion_canon.csv; included for full current-universe Buddy evidence refresh.
1345,Yellow Shirt,yellow shirt,existing_museum_completion_canon,Items,items,942,Y,source_parsed,yellow-shirt,https://buddy.farm/i/yellow-shirt/,2026-06-04 museum Library Everything export,Previously present in museum_completion_canon.csv; included for full current-universe Buddy evidence refresh.
1346,Gold Leaf,gold leaf,existing_museum_completion_canon,Items,items,384,Y,source_parsed,gold-leaf,https://buddy.farm/i/gold-leaf/,2026-06-04 museum Library Everything export,Previously present in museum_completion_canon.csv; included for full current-universe Buddy evidence refresh.
1347,Spring Basket 02,spring basket 02,existing_museum_completion_canon,Items,items,797,Y,source_parsed,spring-basket-02,https://buddy.farm/i/spring-basket-02/,2026-06-04 museum Library Everything export,Previously present in museum_completion_canon.csv; included for full current-universe Buddy evidence refresh.
1348,Garlic,garlic,existing_museum_completion_canon,Event,event,138,Y,source_parsed,garlic,https://buddy.farm/i/garlic/,2026-06-04 museum Library Everything export,Previously present in museum_completion_canon.csv; included for full current-universe Buddy evidence refresh.
1349,Pearl,pearl,existing_museum_completion_canon,Fish,fish,66,Y,source_parsed,pearl,https://buddy.farm/i/pearl/,2026-06-04 museum Library Everything export,Previously present in museum_completion_canon.csv; included for full current-universe Buddy evidence refresh.
1350,Worms,worms,existing_museum_completion_canon,Bait,bait,5,Y,source_parsed,worms,https://buddy.farm/i/worms/,2026-06-04 museum Library Everything export,Previously present in museum_completion_canon.csv; included for full current-universe Buddy evidence refresh.
1351,Gold Catfish,gold catfish,existing_museum_completion_canon,Fish,fish,33,Y,source_parsed,gold-catfish,https://buddy.farm/i/gold-catfish/,2026-06-04 museum Library Everything export,Previously present in museum_completion_canon.csv; included for full current-universe Buddy evidence refresh.
1352,Taco,taco,existing_museum_completion_canon,Event,event,237,Y,source_parsed,taco,https://buddy.farm/i/taco/,2026-06-04 museum Library Everything export,Previously present in museum_completion_canon.csv; included for full current-universe Buddy evidence refresh.
1353,Event Key,event key,existing_museum_completion_canon,Event,event,94,Y,source_parsed,event-key,https://buddy.farm/i/event-key/,2026-06-04 museum Library Everything export,Previously present in museum_completion_canon.csv; included for full current-universe Buddy evidence refresh.
1354,Gummy Globber,gummy globber,existing_museum_completion_canon,Items,items,420,Y,source_parsed,gummy-globber,https://buddy.farm/i/gummy-globber/,2026-06-04 museum Library Everything export,Previously present in museum_completion_canon.csv; included for full current-universe Buddy evidence refresh.
1355,Tomato,tomato,existing_museum_completion_canon,Crops,crops,33,Y,source_parsed,tomato,https://buddy.farm/i/tomato/,2026-06-04 museum Library Everything export,Previously present in museum_completion_canon.csv; included for full current-universe Buddy evidence refresh.
1356,Lemon Quartz Ring,lemon quartz ring,existing_museum_completion_canon,Items,items,489,Y,source_parsed,lemon-quartz-ring,https://buddy.farm/i/lemon-quartz-ring/,2026-06-04 museum Library Everything export,Previously present in museum_completion_canon.csv; included for full current-universe Buddy evidence refresh.
1357,Giant Squid,giant squid,existing_museum_completion_canon,Fish,fish,29,Y,source_parsed,giant-squid,https://buddy.farm/i/giant-squid/,2026-06-04 museum Library Everything export,Previously present in museum_completion_canon.csv; included for full current-universe Buddy evidence refresh.
1358,Broken Bangle,broken bangle,existing_museum_completion_canon,Items,items,138,Y,source_parsed,broken-bangle,https://buddy.farm/i/broken-bangle/,2026-06-04 museum Library Everything export,Previously present in museum_completion_canon.csv; included for full current-universe Buddy evidence refresh.
1359,Gold Crab,gold crab,existing_museum_completion_canon,Fish,fish,35,Y,source_parsed,gold-crab,https://buddy.farm/i/gold-crab/,2026-06-04 museum Library Everything export,Previously present in museum_completion_canon.csv; included for full current-universe Buddy evidence refresh.
1360,Cutlass,cutlass,existing_museum_completion_canon,Items,items,261,Y,source_parsed,cutlass,https://buddy.farm/i/cutlass/,2026-06-04 museum Library Everything export,Previously present in museum_completion_canon.csv; included for full current-universe Buddy evidence refresh.
1361,Heart-shaped Box 03,heart-shaped box 03,existing_museum_completion_canon,Items,items,428,Y,source_parsed,heart-shaped-box-03,https://buddy.farm/i/heart-shaped-box-03/,2026-06-04 museum Library Everything export,Previously present in museum_completion_canon.csv; included for full current-universe Buddy evidence refresh.
1362,Gold Sea Crest,gold sea crest,existing_museum_completion_canon,Fish,fish,40,Y,source_parsed,gold-sea-crest,https://buddy.farm/i/gold-sea-crest/,2026-06-04 museum Library Everything export,Previously present in museum_completion_canon.csv; included for full current-universe Buddy evidence refresh.
1363,Farmiversary Trophy 06,farmiversary trophy 06,new_in_current_museum_export,,,,,reviewed_name_from_current_export,farmiversary-trophy-06,https://buddy.farm/i/farmiversary-trophy-06/,2026-06-04 museum Library Everything export,"New in current museum export; review sources, icons, recipes, and aliases before canonical promotion."
1364,King Apple,king apple,existing_museum_completion_canon,Event,event,172,Y,source_parsed,king-apple,https://buddy.farm/i/king-apple/,2026-06-04 museum Library Everything export,Previously present in museum_completion_canon.csv; included for full current-universe Buddy evidence refresh.
1365,Fancy Pipe,fancy pipe,existing_museum_completion_canon,Items,items,302,Y,source_parsed,fancy-pipe,https://buddy.farm/i/fancy-pipe/,2026-06-04 museum Library Everything export,Previously present in museum_completion_canon.csv; included for full current-universe Buddy evidence refresh.
1366,Gravy Boat,gravy boat,existing_museum_completion_canon,Event,event,152,Y,source_parsed,gravy-boat,https://buddy.farm/i/gravy-boat/,2026-06-04 museum Library Everything export,Previously present in museum_completion_canon.csv; included for full current-universe Buddy evidence refresh.
1367,Gold Peppers,gold peppers,existing_museum_completion_canon,Crops,crops,20,Y,source_parsed,gold-peppers,https://buddy.farm/i/gold-peppers/,2026-06-04 museum Library Everything export,Previously present in museum_completion_canon.csv; included for full current-universe Buddy evidence refresh.
1368,Carved Fox,carved fox,existing_museum_completion_canon,Items,items,173,Y,source_parsed,carved-fox,https://buddy.farm/i/carved-fox/,2026-06-04 museum Library Everything export,Previously present in museum_completion_canon.csv; included for full current-universe Buddy evidence refresh.
1369,Carved Squirrel,carved squirrel,existing_museum_completion_canon,Items,items,181,Y,source_parsed,carved-squirrel,https://buddy.farm/i/carved-squirrel/,2026-06-04 museum Library Everything export,Previously present in museum_completion_canon.csv; included for full current-universe Buddy evidence refresh.
1370,Cotton Seeds,cotton seeds,existing_museum_completion_canon,Seeds,seeds,6,Y,source_parsed,cotton-seeds,https://buddy.farm/i/cotton-seeds/,2026-06-04 museum Library Everything export,Previously present in museum_completion_canon.csv; included for full current-universe Buddy evidence refresh.
1371,Jumbo Fish,jumbo fish,existing_museum_completion_canon,Fish,fish,53,Y,source_parsed,jumbo-fish,https://buddy.farm/i/jumbo-fish/,2026-06-04 museum Library Everything export,Previously present in museum_completion_canon.csv; included for full current-universe Buddy evidence refresh.
1372,Egg 02,egg 02,existing_museum_completion_canon,Event,event,70,Y,source_parsed,egg-02,https://buddy.farm/i/egg-02/,2026-06-04 museum Library Everything export,Previously present in museum_completion_canon.csv; included for full current-universe Buddy evidence refresh.
1373,Seeing Stone,seeing stone,existing_museum_completion_canon,Items,items,749,Y,source_parsed,seeing-stone,https://buddy.farm/i/seeing-stone/,2026-06-04 museum Library Everything export,Previously present in museum_completion_canon.csv; included for full current-universe Buddy evidence refresh.
1374,Leek Seeds,leek seeds,existing_museum_completion_canon,Seeds,seeds,15,Y,source_parsed,leek-seeds,https://buddy.farm/i/leek-seeds/,2026-06-04 museum Library Everything export,Previously present in museum_completion_canon.csv; included for full current-universe Buddy evidence refresh.
1375,Thomas's Cat's Meow,thomas's cat's meow,existing_museum_completion_canon,Items,items,853,Y,source_parsed,thomas-s-cat-s-meow,https://buddy.farm/i/thomas-s-cat-s-meow/,2026-06-04 museum Library Everything export,Previously present in museum_completion_canon.csv; included for full current-universe Buddy evidence refresh.
1376,Green Barracuda,green barracuda,existing_museum_completion_canon,Fish,fish,48,Y,source_parsed,green-barracuda,https://buddy.farm/i/green-barracuda/,2026-06-04 museum Library Everything export,Previously present in museum_completion_canon.csv; included for full current-universe Buddy evidence refresh.
1377,Birthday Surprise Box 05,birthday surprise box 05,new_in_current_museum_export,,,,,reviewed_name_from_current_export,birthday-surprise-box-05,https://buddy.farm/i/birthday-surprise-box-05/,2026-06-04 museum Library Everything export,"New in current museum export; review sources, icons, recipes, and aliases before canonical promotion."
1378,Splatfish,splatfish,existing_museum_completion_canon,Fish,fish,89,Y,source_parsed,splatfish,https://buddy.farm/i/splatfish/,2026-06-04 museum Library Everything export,Previously present in museum_completion_canon.csv; included for full current-universe Buddy evidence refresh.
1379,Briomine,briomine,existing_museum_completion_canon,Items,items,137,Y,source_parsed,briomine,https://buddy.farm/i/briomine/,2026-06-04 museum Library Everything export,Previously present in museum_completion_canon.csv; included for full current-universe Buddy evidence refresh.
1380,Blue Crab,blue crab,existing_museum_completion_canon,Fish,fish,5,Y,source_parsed,blue-crab,https://buddy.farm/i/blue-crab/,2026-06-04 museum Library Everything export,Previously present in museum_completion_canon.csv; included for full current-universe Buddy evidence refresh.
1381,Gingerbread Man,gingerbread man,existing_museum_completion_canon,Event,event,141,Y,source_parsed,gingerbread-man,https://buddy.farm/i/gingerbread-man/,2026-06-04 museum Library Everything export,Previously present in museum_completion_canon.csv; included for full current-universe Buddy evidence refresh.
1382,Stones of Gallodor,stones of gallodor,existing_museum_completion_canon,Items,items,816,Y,source_parsed,stones-of-gallodor,https://buddy.farm/i/stones-of-gallodor/,2026-06-04 museum Library Everything export,Previously present in museum_completion_canon.csv; included for full current-universe Buddy evidence refresh.
1383,Frozen Large Net,frozen large net,existing_museum_completion_canon,Event,event,113,Y,source_parsed,frozen-large-net,https://buddy.farm/i/frozen-large-net/,2026-06-04 museum Library Everything export,Previously present in museum_completion_canon.csv; included for full current-universe Buddy evidence refresh.
1384,Black Scarf,black scarf,existing_museum_completion_canon,Items,items,89,Y,source_parsed,black-scarf,https://buddy.farm/i/black-scarf/,2026-06-04 museum Library Everything export,Previously present in museum_completion_canon.csv; included for full current-universe Buddy evidence refresh.
1385,Red Rocket,red rocket,existing_museum_completion_canon,Event,event,212,Y,source_parsed,red-rocket,https://buddy.farm/i/red-rocket/,2026-06-04 museum Library Everything export,Previously present in museum_completion_canon.csv; included for full current-universe Buddy evidence refresh.
1386,Movember Buddy Doll,movember buddy doll,existing_museum_completion_canon,Items,items,541,Y,source_parsed,movember-buddy-doll,https://buddy.farm/i/movember-buddy-doll/,2026-06-04 museum Library Everything export,Previously present in museum_completion_canon.csv; included for full current-universe Buddy evidence refresh.
1387,Mana Scarab,mana scarab,existing_museum_completion_canon,Event,event,178,Y,source_parsed,mana-scarab,https://buddy.farm/i/mana-scarab/,2026-06-04 museum Library Everything export,Previously present in museum_completion_canon.csv; included for full current-universe Buddy evidence refresh.
1388,Pickaxe,pickaxe,existing_museum_completion_canon,Items,items,596,Y,source_parsed,pickaxe,https://buddy.farm/i/pickaxe/,2026-06-04 museum Library Everything export,Previously present in museum_completion_canon.csv; included for full current-universe Buddy evidence refresh.
1389,Galactic Egg Basket,galactic egg basket,new_in_current_museum_export,,,,,reviewed_name_from_current_export,galactic-egg-basket,https://buddy.farm/i/galactic-egg-basket/,2026-06-04 museum Library Everything export,"New in current museum export; review sources, icons, recipes, and aliases before canonical promotion."
1390,Purple Dye,purple dye,existing_museum_completion_canon,Items,items,648,Y,source_parsed,purple-dye,https://buddy.farm/i/purple-dye/,2026-06-04 museum Library Everything export,Previously present in museum_completion_canon.csv; included for full current-universe Buddy evidence refresh.
1391,Christmas Tree,christmas tree,existing_museum_completion_canon,Event,event,53,Y,source_parsed,christmas-tree,https://buddy.farm/i/christmas-tree/,2026-06-04 museum Library Everything export,Previously present in museum_completion_canon.csv; included for full current-universe Buddy evidence refresh.
1392,Holiday Wreath,holiday wreath,existing_museum_completion_canon,Event,event,167,Y,source_parsed,holiday-wreath,https://buddy.farm/i/holiday-wreath/,2026-06-04 museum Library Everything export,Previously present in museum_completion_canon.csv; included for full current-universe Buddy evidence refresh.
1393,Supply Bag 01,supply bag 01,existing_museum_completion_canon,Items,items,838,Y,source_parsed,supply-bag-01,https://buddy.farm/i/supply-bag-01/,2026-06-04 museum Library Everything export,Previously present in museum_completion_canon.csv; included for full current-universe Buddy evidence refresh.
1394,Kite Kite,kite kite,existing_museum_completion_canon,Items,items,467,Y,source_parsed,kite-kite,https://buddy.farm/i/kite-kite/,2026-06-04 museum Library Everything export,Previously present in museum_completion_canon.csv; included for full current-universe Buddy evidence refresh.
1395,Treat Bag 04,treat bag 04,existing_museum_completion_canon,Event,event,247,Y,source_parsed,treat-bag-04,https://buddy.farm/i/treat-bag-04/,2026-06-04 museum Library Everything export,Previously present in museum_completion_canon.csv; included for full current-universe Buddy evidence refresh.
1396,Circuit Breaker Belt,circuit breaker belt,existing_museum_completion_canon,Items,items,221,Y,source_parsed,circuit-breaker-belt,https://buddy.farm/i/circuit-breaker-belt/,2026-06-04 museum Library Everything export,Previously present in museum_completion_canon.csv; included for full current-universe Buddy evidence refresh.
1397,Piñata Whop Stick,piñata whop stick,existing_museum_completion_canon,Event,event,196,Y,source_parsed,pi-ata-whop-stick,https://buddy.farm/i/pi-ata-whop-stick/,2026-06-04 museum Library Everything export,Previously present in museum_completion_canon.csv; included for full current-universe Buddy evidence refresh.
1398,Buddystone,buddystone,existing_museum_completion_canon,Items,items,158,Y,source_parsed,buddystone,https://buddy.farm/i/buddystone/,2026-06-04 museum Library Everything export,Previously present in museum_completion_canon.csv; included for full current-universe Buddy evidence refresh.
1399,Esperium,esperium,existing_museum_completion_canon,Items,items,287,Y,source_parsed,esperium,https://buddy.farm/i/esperium/,2026-06-04 museum Library Everything export,Previously present in museum_completion_canon.csv; included for full current-universe Buddy evidence refresh.
1400,Cheese Wheel,cheese wheel,existing_museum_completion_canon,Items,items,217,Y,source_parsed,cheese-wheel,https://buddy.farm/i/cheese-wheel/,2026-06-04 museum Library Everything export,Previously present in museum_completion_canon.csv; included for full current-universe Buddy evidence refresh.
1401,Blue Shirt,blue shirt,existing_museum_completion_canon,Items,items,105,Y,source_parsed,blue-shirt,https://buddy.farm/i/blue-shirt/,2026-06-04 museum Library Everything export,Previously present in museum_completion_canon.csv; included for full current-universe Buddy evidence refresh.
1402,Birthday Present,birthday present,existing_museum_completion_canon,Event,event,11,Y,source_parsed,birthday-present,https://buddy.farm/i/birthday-present/,2026-06-04 museum Library Everything export,Previously present in museum_completion_canon.csv; included for full current-universe Buddy evidence refresh.
1403,Unpolished Jade,unpolished jade,existing_museum_completion_canon,Items,items,880,Y,source_parsed,unpolished-jade,https://buddy.farm/i/unpolished-jade/,2026-06-04 museum Library Everything export,Previously present in museum_completion_canon.csv; included for full current-universe Buddy evidence refresh.
1404,Trout,trout,existing_museum_completion_canon,Fish,fish,98,Y,source_parsed,trout,https://buddy.farm/i/trout/,2026-06-04 museum Library Everything export,Previously present in museum_completion_canon.csv; included for full current-universe Buddy evidence refresh.
1405,Shimmer Stone,shimmer stone,existing_museum_completion_canon,Items,items,757,Y,source_parsed,shimmer-stone,https://buddy.farm/i/shimmer-stone/,2026-06-04 museum Library Everything export,Previously present in museum_completion_canon.csv; included for full current-universe Buddy evidence refresh.
1406,Book of Flora,book of flora,existing_museum_completion_canon,Items,items,122,Y,source_parsed,book-of-flora,https://buddy.farm/i/book-of-flora/,2026-06-04 museum Library Everything export,Previously present in museum_completion_canon.csv; included for full current-universe Buddy evidence refresh.
1407,Witch's Brew,witch's brew,existing_museum_completion_canon,Event,event,257,Y,source_parsed,witch-s-brew,https://buddy.farm/i/witch-s-brew/,2026-06-04 museum Library Everything export,Previously present in museum_completion_canon.csv; included for full current-universe Buddy evidence refresh.
1408,VIP Card,vip card,existing_museum_completion_canon,Items,items,893,Y,source_parsed,vip-card,https://buddy.farm/i/vip-card/,2026-06-04 museum Library Everything export,Previously present in museum_completion_canon.csv; included for full current-universe Buddy evidence refresh.
1409,Mudcap,mudcap,existing_museum_completion_canon,Items,items,542,Y,source_parsed,mudcap,https://buddy.farm/i/mudcap/,2026-06-04 museum Library Everything export,Previously present in museum_completion_canon.csv; included for full current-universe Buddy evidence refresh.
1410,Bamboo Trellis,bamboo trellis,existing_museum_completion_canon,Items,items,57,Y,source_parsed,bamboo-trellis,https://buddy.farm/i/bamboo-trellis/,2026-06-04 museum Library Everything export,Previously present in museum_completion_canon.csv; included for full current-universe Buddy evidence refresh.
1411,Prism Shell,prism shell,existing_museum_completion_canon,Items,items,639,Y,source_parsed,prism-shell,https://buddy.farm/i/prism-shell/,2026-06-04 museum Library Everything export,Previously present in museum_completion_canon.csv; included for full current-universe Buddy evidence refresh.
1412,Crystal Pickaxe,crystal pickaxe,existing_museum_completion_canon,Items,items,254,Y,source_parsed,crystal-pickaxe,https://buddy.farm/i/crystal-pickaxe/,2026-06-04 museum Library Everything export,Previously present in museum_completion_canon.csv; included for full current-universe Buddy evidence refresh.
1413,Candy,candy,existing_museum_completion_canon,Event,event,30,Y,source_parsed,candy,https://buddy.farm/i/candy/,2026-06-04 museum Library Everything export,Previously present in museum_completion_canon.csv; included for full current-universe Buddy evidence refresh.
1414,Blitzen,blitzen,existing_museum_completion_canon,Event,event,14,Y,source_parsed,blitzen,https://buddy.farm/i/blitzen/,2026-06-04 museum Library Everything export,Previously present in museum_completion_canon.csv; included for full current-universe Buddy evidence refresh.
1415,Frozen Dagger,frozen dagger,existing_museum_completion_canon,Event,event,109,Y,source_parsed,frozen-dagger,https://buddy.farm/i/frozen-dagger/,2026-06-04 museum Library Everything export,Previously present in museum_completion_canon.csv; included for full current-universe Buddy evidence refresh.
1416,Mushroom Spores,mushroom spores,existing_museum_completion_canon,Seeds,seeds,19,Y,source_parsed,mushroom-spores,https://buddy.farm/i/mushroom-spores/,2026-06-04 museum Library Everything export,Previously present in museum_completion_canon.csv; included for full current-universe Buddy evidence refresh.
1417,Minnows,minnows,existing_museum_completion_canon,Bait,bait,4,Y,source_parsed,minnows,https://buddy.farm/i/minnows/,2026-06-04 museum Library Everything export,Previously present in museum_completion_canon.csv; included for full current-universe Buddy evidence refresh.
1418,Apple Core,apple core,existing_museum_completion_canon,Items,items,26,Y,source_parsed,apple-core,https://buddy.farm/i/apple-core/,2026-06-04 museum Library Everything export,Previously present in museum_completion_canon.csv; included for full current-universe Buddy evidence refresh.
1419,Shamrock Milk,shamrock milk,existing_museum_completion_canon,Event,event,219,Y,source_parsed,shamrock-milk,https://buddy.farm/i/shamrock-milk/,2026-06-04 museum Library Everything export,Previously present in museum_completion_canon.csv; included for full current-universe Buddy evidence refresh.
1420,Egg 07,egg 07,existing_museum_completion_canon,Event,event,75,Y,source_parsed,egg-07,https://buddy.farm/i/egg-07/,2026-06-04 museum Library Everything export,Previously present in museum_completion_canon.csv; included for full current-universe Buddy evidence refresh.
1421,Perfect Paint Palette,perfect paint palette,existing_museum_completion_canon,Items,items,594,Y,source_parsed,perfect-paint-palette,https://buddy.farm/i/perfect-paint-palette/,2026-06-04 museum Library Everything export,Previously present in museum_completion_canon.csv; included for full current-universe Buddy evidence refresh.
1422,Gold Slimeback,gold slimeback,existing_museum_completion_canon,Fish,fish,41,Y,source_parsed,gold-slimeback,https://buddy.farm/i/gold-slimeback/,2026-06-04 museum Library Everything export,Previously present in museum_completion_canon.csv; included for full current-universe Buddy evidence refresh.
1423,Bird Skull 01,bird skull 01,existing_museum_completion_canon,Items,items,81,Y,source_parsed,bird-skull-01,https://buddy.farm/i/bird-skull-01/,2026-06-04 museum Library Everything export,Previously present in museum_completion_canon.csv; included for full current-universe Buddy evidence refresh.
1424,Fish Flakes,fish flakes,new_in_current_museum_export,,,,,reviewed_name_from_current_export,fish-flakes,https://buddy.farm/i/fish-flakes/,2026-06-04 museum Library Everything export,"New in current museum export; review sources, icons, recipes, and aliases before canonical promotion."
1425,Black Bag,black bag,existing_museum_completion_canon,Items,items,84,Y,source_parsed,black-bag,https://buddy.farm/i/black-bag/,2026-06-04 museum Library Everything export,Previously present in museum_completion_canon.csv; included for full current-universe Buddy evidence refresh.
1426,Fuzzy Egg,fuzzy egg,existing_museum_completion_canon,Event,event,137,Y,source_parsed,fuzzy-egg,https://buddy.farm/i/fuzzy-egg/,2026-06-04 museum Library Everything export,Previously present in museum_completion_canon.csv; included for full current-universe Buddy evidence refresh.
1427,Expired Ticket,expired ticket,existing_museum_completion_canon,Items,items,290,Y,source_parsed,expired-ticket,https://buddy.farm/i/expired-ticket/,2026-06-04 museum Library Everything export,Previously present in museum_completion_canon.csv; included for full current-universe Buddy evidence refresh.
1428,Silk,silk,existing_museum_completion_canon,Items,items,764,Y,source_parsed,silk,https://buddy.farm/i/silk/,2026-06-04 museum Library Everything export,Previously present in museum_completion_canon.csv; included for full current-universe Buddy evidence refresh.
1429,Gummy Worms,gummy worms,existing_museum_completion_canon,Bait,bait,2,Y,source_parsed,gummy-worms,https://buddy.farm/i/gummy-worms/,2026-06-04 museum Library Everything export,Previously present in museum_completion_canon.csv; included for full current-universe Buddy evidence refresh.
1430,Frozen Chest 03,frozen chest 03,existing_museum_completion_canon,Items,items,343,Y,source_parsed,frozen-chest-03,https://buddy.farm/i/frozen-chest-03/,2026-06-04 museum Library Everything export,Previously present in museum_completion_canon.csv; included for full current-universe Buddy evidence refresh.
1431,Certificate of Pumpkin Giving,certificate of pumpkin giving,existing_museum_completion_canon,Items,items,205,Y,source_parsed,certificate-of-pumpkin-giving,https://buddy.farm/i/certificate-of-pumpkin-giving/,2026-06-04 museum Library Everything export,Previously present in museum_completion_canon.csv; included for full current-universe Buddy evidence refresh.
1432,Sail Cloth,sail cloth,existing_museum_completion_canon,Items,items,727,Y,source_parsed,sail-cloth,https://buddy.farm/i/sail-cloth/,2026-06-04 museum Library Everything export,Previously present in museum_completion_canon.csv; included for full current-universe Buddy evidence refresh.
1433,Fuzzy Chick 08,fuzzy chick 08,existing_museum_completion_canon,Event,event,132,Y,source_parsed,fuzzy-chick-08,https://buddy.farm/i/fuzzy-chick-08/,2026-06-04 museum Library Everything export,Previously present in museum_completion_canon.csv; included for full current-universe Buddy evidence refresh.
1434,Egg 12,egg 12,existing_museum_completion_canon,Event,event,80,Y,source_parsed,egg-12,https://buddy.farm/i/egg-12/,2026-06-04 museum Library Everything export,Previously present in museum_completion_canon.csv; included for full current-universe Buddy evidence refresh.
1435,Acorn Pie,acorn pie,existing_museum_completion_canon,Meals,meals,1,Y,source_parsed,acorn-pie,https://buddy.farm/i/acorn-pie/,2026-06-04 museum Library Everything export,Previously present in museum_completion_canon.csv; included for full current-universe Buddy evidence refresh.
1436,Bone Fish,bone fish,existing_museum_completion_canon,Fish,fish,12,Y,source_parsed,bone-fish,https://buddy.farm/i/bone-fish/,2026-06-04 museum Library Everything export,Previously present in museum_completion_canon.csv; included for full current-universe Buddy evidence refresh.
1437,Broken Pipe,broken pipe,existing_museum_completion_canon,Items,items,140,Y,source_parsed,broken-pipe,https://buddy.farm/i/broken-pipe/,2026-06-04 museum Library Everything export,Previously present in museum_completion_canon.csv; included for full current-universe Buddy evidence refresh.
1438,Iron Cup,iron cup,existing_museum_completion_canon,Items,items,453,Y,source_parsed,iron-cup,https://buddy.farm/i/iron-cup/,2026-06-04 museum Library Everything export,Previously present in museum_completion_canon.csv; included for full current-universe Buddy evidence refresh.
1439,Apple Ant,apple ant,existing_museum_completion_canon,Event,event,4,Y,source_parsed,apple-ant,https://buddy.farm/i/apple-ant/,2026-06-04 museum Library Everything export,Previously present in museum_completion_canon.csv; included for full current-universe Buddy evidence refresh.
1440,Jar of Pickles,jar of pickles,existing_museum_completion_canon,Items,items,459,Y,source_parsed,jar-of-pickles,https://buddy.farm/i/jar-of-pickles/,2026-06-04 museum Library Everything export,Previously present in museum_completion_canon.csv; included for full current-universe Buddy evidence refresh.
1441,Grand Piano,grand piano,existing_museum_completion_canon,Items,items,400,Y,source_parsed,grand-piano,https://buddy.farm/i/grand-piano/,2026-06-04 museum Library Everything export,Previously present in museum_completion_canon.csv; included for full current-universe Buddy evidence refresh.
1442,Orange Flowers,orange flowers,existing_museum_completion_canon,Items,items,571,Y,source_parsed,orange-flowers,https://buddy.farm/i/orange-flowers/,2026-06-04 museum Library Everything export,Previously present in museum_completion_canon.csv; included for full current-universe Buddy evidence refresh.
1443,Egg of Shadow,egg of shadow,existing_museum_completion_canon,Event,event,89,Y,source_parsed,egg-of-shadow,https://buddy.farm/i/egg-of-shadow/,2026-06-04 museum Library Everything export,Previously present in museum_completion_canon.csv; included for full current-universe Buddy evidence refresh.
1444,Void Bag 01,void bag 01,existing_museum_completion_canon,Items,items,895,Y,source_parsed,void-bag-01,https://buddy.farm/i/void-bag-01/,2026-06-04 museum Library Everything export,Previously present in museum_completion_canon.csv; included for full current-universe Buddy evidence refresh.
1445,Box of Chocolate 02,box of chocolate 02,existing_museum_completion_canon,Event,event,22,Y,source_parsed,box-of-chocolate-02,https://buddy.farm/i/box-of-chocolate-02/,2026-06-04 museum Library Everything export,Previously present in museum_completion_canon.csv; included for full current-universe Buddy evidence refresh.
1446,Heart-shaped Gem,heart-shaped gem,existing_museum_completion_canon,Event,event,161,Y,source_parsed,heart-shaped-gem,https://buddy.farm/i/heart-shaped-gem/,2026-06-04 museum Library Everything export,Previously present in museum_completion_canon.csv; included for full current-universe Buddy evidence refresh.
1447,Seeker,seeker,existing_museum_completion_canon,Fish,fish,78,Y,source_parsed,seeker,https://buddy.farm/i/seeker/,2026-06-04 museum Library Everything export,Previously present in museum_completion_canon.csv; included for full current-universe Buddy evidence refresh.
1448,Blue Flowers,blue flowers,existing_museum_completion_canon,Items,items,100,Y,source_parsed,blue-flowers,https://buddy.farm/i/blue-flowers/,2026-06-04 museum Library Everything export,Previously present in museum_completion_canon.csv; included for full current-universe Buddy evidence refresh.
1449,Salt,salt,existing_museum_completion_canon,Items,items,728,Y,source_parsed,salt,https://buddy.farm/i/salt/,2026-06-04 museum Library Everything export,Previously present in museum_completion_canon.csv; included for full current-universe Buddy evidence refresh.
1450,Garnet,garnet,existing_museum_completion_canon,Items,items,349,Y,source_parsed,garnet,https://buddy.farm/i/garnet/,2026-06-04 museum Library Everything export,Previously present in museum_completion_canon.csv; included for full current-universe Buddy evidence refresh.
1451,Prancer,prancer,existing_museum_completion_canon,Event,event,202,Y,source_parsed,prancer,https://buddy.farm/i/prancer/,2026-06-04 museum Library Everything export,Previously present in museum_completion_canon.csv; included for full current-universe Buddy evidence refresh.
1452,Black Purse,black purse,existing_museum_completion_canon,Items,items,88,Y,source_parsed,black-purse,https://buddy.farm/i/black-purse/,2026-06-04 museum Library Everything export,Previously present in museum_completion_canon.csv; included for full current-universe Buddy evidence refresh.
1453,Steel Vise,steel vise,existing_museum_completion_canon,Items,items,810,Y,source_parsed,steel-vise,https://buddy.farm/i/steel-vise/,2026-06-04 museum Library Everything export,Previously present in museum_completion_canon.csv; included for full current-universe Buddy evidence refresh.
1454,Certificate of Cucumber Giving,certificate of cucumber giving,existing_museum_completion_canon,Items,items,196,Y,source_parsed,certificate-of-cucumber-giving,https://buddy.farm/i/certificate-of-cucumber-giving/,2026-06-04 museum Library Everything export,Previously present in museum_completion_canon.csv; included for full current-universe Buddy evidence refresh.
1455,Holiday Cake,holiday cake,existing_museum_completion_canon,Event,event,164,Y,source_parsed,holiday-cake,https://buddy.farm/i/holiday-cake/,2026-06-04 museum Library Everything export,Previously present in museum_completion_canon.csv; included for full current-universe Buddy evidence refresh.
1456,Purple Mushroom,purple mushroom,existing_museum_completion_canon,Items,items,650,Y,source_parsed,purple-mushroom,https://buddy.farm/i/purple-mushroom/,2026-06-04 museum Library Everything export,Previously present in museum_completion_canon.csv; included for full current-universe Buddy evidence refresh.
1457,Purple Ornament,purple ornament,existing_museum_completion_canon,Event,event,205,Y,source_parsed,purple-ornament,https://buddy.farm/i/purple-ornament/,2026-06-04 museum Library Everything export,Previously present in museum_completion_canon.csv; included for full current-universe Buddy evidence refresh.
1458,Over The Moon,over the moon,existing_museum_completion_canon,Meals,meals,14,Y,source_parsed,over-the-moon,https://buddy.farm/i/over-the-moon/,2026-06-04 museum Library Everything export,Previously present in museum_completion_canon.csv; included for full current-universe Buddy evidence refresh.
1459,Carved Bear,carved bear,existing_museum_completion_canon,Items,items,168,Y,source_parsed,carved-bear,https://buddy.farm/i/carved-bear/,2026-06-04 museum Library Everything export,Previously present in museum_completion_canon.csv; included for full current-universe Buddy evidence refresh.
1460,White Scarf,white scarf,existing_museum_completion_canon,Items,items,908,Y,source_parsed,white-scarf,https://buddy.farm/i/white-scarf/,2026-06-04 museum Library Everything export,Previously present in museum_completion_canon.csv; included for full current-universe Buddy evidence refresh.
1461,Backstabbing Dagger,backstabbing dagger,existing_museum_completion_canon,Items,items,47,Y,source_parsed,backstabbing-dagger,https://buddy.farm/i/backstabbing-dagger/,2026-06-04 museum Library Everything export,Previously present in museum_completion_canon.csv; included for full current-universe Buddy evidence refresh.
