item_name,canonical_key,generated_buddy_slug,candidate_buddy_url,probe_status,http_status,final_url,page_title,attempts,flags,notes
10 Gold,10 gold,10-gold,https://buddy.farm/i/10-gold/,found,200,https://buddy.farm/i/10-gold/,10 Gold,1,,
100 Gold,100 gold,100-gold,https://buddy.farm/i/100-gold/,found,200,https://buddy.farm/i/100-gold/,100 Gold,1,,
11th Leaf Centerpiece,11th leaf centerpiece,11th-leaf-centerpiece,https://buddy.farm/i/11th-leaf-centerpiece/,found,200,https://buddy.farm/i/11th-leaf-centerpiece/,11th Leaf Centerpiece,1,,
25 Gold,25 gold,25-gold,https://buddy.farm/i/25-gold/,found,200,https://buddy.farm/i/25-gold/,25 Gold,1,,
3-leaf Clover,3-leaf clover,3-leaf-clover,https://buddy.farm/i/3-leaf-clover/,found,200,https://buddy.farm/i/3-leaf-clover/,3-leaf Clover,1,symbol_cleanup,Punctuation or symbols were cleaned during slug generation.
3rd Birthday Card,3rd birthday card,3rd-birthday-card,https://buddy.farm/i/3rd-birthday-card/,found,200,https://buddy.farm/i/3rd-birthday-card/,3rd Birthday Card,1,,
4-leaf Clover,4-leaf clover,4-leaf-clover,https://buddy.farm/i/4-leaf-clover/,found,200,https://buddy.farm/i/4-leaf-clover/,4-leaf Clover,1,symbol_cleanup,Punctuation or symbols were cleaned during slug generation.
4th Birthday Card,4th birthday card,4th-birthday-card,https://buddy.farm/i/4th-birthday-card/,found,200,https://buddy.farm/i/4th-birthday-card/,4th Birthday Card,1,,
5 Gold,5 gold,5-gold,https://buddy.farm/i/5-gold/,found,200,https://buddy.farm/i/5-gold/,5 Gold,1,,
50 Gold,50 gold,50-gold,https://buddy.farm/i/50-gold/,found,200,https://buddy.farm/i/50-gold/,50 Gold,1,,
Acorn,acorn,acorn,https://buddy.farm/i/acorn/,found,200,https://buddy.farm/i/acorn/,Acorn,1,,
Acorn Butter,acorn butter,acorn-butter,https://buddy.farm/i/acorn-butter/,found,200,https://buddy.farm/i/acorn-butter/,Acorn Butter,1,,
Acorn Pie,acorn pie,acorn-pie,https://buddy.farm/i/acorn-pie/,found,200,https://buddy.farm/i/acorn-pie/,Acorn Pie,1,,
Adventure Buddy Doll,adventure buddy doll,adventure-buddy-doll,https://buddy.farm/i/adventure-buddy-doll/,found,200,https://buddy.farm/i/adventure-buddy-doll/,Adventure Buddy Doll,1,,
Amber,amber,amber,https://buddy.farm/i/amber/,found,200,https://buddy.farm/i/amber/,Amber,1,,
Amber Cane,amber cane,amber-cane,https://buddy.farm/i/amber-cane/,found,200,https://buddy.farm/i/amber-cane/,Amber Cane,1,,
Amber Mire Bloom,amber mire bloom,amber-mire-bloom,https://buddy.farm/i/amber-mire-bloom/,found,200,https://buddy.farm/i/amber-mire-bloom/,Amber Mire Bloom,1,,
Amethyst,amethyst,amethyst,https://buddy.farm/i/amethyst/,found,200,https://buddy.farm/i/amethyst/,Amethyst,1,,
Amethyst Necklace,amethyst necklace,amethyst-necklace,https://buddy.farm/i/amethyst-necklace/,found,200,https://buddy.farm/i/amethyst-necklace/,Amethyst Necklace,1,,
Anchor,anchor,anchor,https://buddy.farm/i/anchor/,found,200,https://buddy.farm/i/anchor/,Anchor,1,,
Ancient Coin,ancient coin,ancient-coin,https://buddy.farm/i/ancient-coin/,found,200,https://buddy.farm/i/ancient-coin/,Ancient Coin,1,,
Ancient Stone Cicada,ancient stone cicada,ancient-stone-cicada,https://buddy.farm/i/ancient-stone-cicada/,found,200,https://buddy.farm/i/ancient-stone-cicada/,Ancient Stone Cicada,1,,
Ancient Treasure Belt,ancient treasure belt,ancient-treasure-belt,https://buddy.farm/i/ancient-treasure-belt/,found,200,https://buddy.farm/i/ancient-treasure-belt/,Ancient Treasure Belt,1,,
Anglerfish,anglerfish,anglerfish,https://buddy.farm/i/anglerfish/,found,200,https://buddy.farm/i/anglerfish/,Anglerfish,1,,
Ant Apple,ant apple,ant-apple,https://buddy.farm/i/ant-apple/,found,200,https://buddy.farm/i/ant-apple/,Ant Apple,1,,
Antler,antler,antler,https://buddy.farm/i/antler/,found,200,https://buddy.farm/i/antler/,Antler,1,,
Apple,apple,apple,https://buddy.farm/i/apple/,found,200,https://buddy.farm/i/apple/,Apple,1,,
Apple Ant,apple ant,apple-ant,https://buddy.farm/i/apple-ant/,found,200,https://buddy.farm/i/apple-ant/,Apple Ant,1,,
Apple Ant Buddy Doll,apple ant buddy doll,apple-ant-buddy-doll,https://buddy.farm/i/apple-ant-buddy-doll/,found,200,https://buddy.farm/i/apple-ant-buddy-doll/,Apple Ant Buddy Doll,1,,
Apple Basket,apple basket,apple-basket,https://buddy.farm/i/apple-basket/,found,200,https://buddy.farm/i/apple-basket/,Apple Basket,1,,
Apple Belt,apple belt,apple-belt,https://buddy.farm/i/apple-belt/,found,200,https://buddy.farm/i/apple-belt/,Apple Belt,1,,
Apple Buddy Doll,apple buddy doll,apple-buddy-doll,https://buddy.farm/i/apple-buddy-doll/,found,200,https://buddy.farm/i/apple-buddy-doll/,Apple Buddy Doll,1,,
Apple Cider,apple cider,apple-cider,https://buddy.farm/i/apple-cider/,found,200,https://buddy.farm/i/apple-cider/,Apple Cider,1,,
Apple Core,apple core,apple-core,https://buddy.farm/i/apple-core/,found,200,https://buddy.farm/i/apple-core/,Apple Core,1,,
Apple Crate 01,apple crate 01,apple-crate-01,https://buddy.farm/i/apple-crate-01/,found,200,https://buddy.farm/i/apple-crate-01/,Apple Crate 01,1,,
Apple Crate 02,apple crate 02,apple-crate-02,https://buddy.farm/i/apple-crate-02/,found,200,https://buddy.farm/i/apple-crate-02/,Apple Crate 02,1,,
Apple Picker,apple picker,apple-picker,https://buddy.farm/i/apple-picker/,found,200,https://buddy.farm/i/apple-picker/,Apple Picker,1,,
Apple Pie,apple pie,apple-pie,https://buddy.farm/i/apple-pie/,found,200,https://buddy.farm/i/apple-pie/,Apple Pie,1,,
Apple Slice,apple slice,apple-slice,https://buddy.farm/i/apple-slice/,found,200,https://buddy.farm/i/apple-slice/,Apple Slice,1,,
Apple Slicer,apple slicer,apple-slicer,https://buddy.farm/i/apple-slicer/,found,200,https://buddy.farm/i/apple-slicer/,Apple Slicer,1,,
Apple Turnover,apple turnover,apple-turnover,https://buddy.farm/i/apple-turnover/,found,200,https://buddy.farm/i/apple-turnover/,Apple Turnover,1,,
Aquacite,aquacite,aquacite,https://buddy.farm/i/aquacite/,found,200,https://buddy.farm/i/aquacite/,Aquacite,1,,
Aquamarine,aquamarine,aquamarine,https://buddy.farm/i/aquamarine/,found,200,https://buddy.farm/i/aquamarine/,Aquamarine,1,,
Aquamarine Ring,aquamarine ring,aquamarine-ring,https://buddy.farm/i/aquamarine-ring/,found,200,https://buddy.farm/i/aquamarine-ring/,Aquamarine Ring,1,,
Arnold Palmer,arnold palmer,arnold-palmer,https://buddy.farm/i/arnold-palmer/,found,200,https://buddy.farm/i/arnold-palmer/,Arnold Palmer,1,,
Arrowhead,arrowhead,arrowhead,https://buddy.farm/i/arrowhead/,found,200,https://buddy.farm/i/arrowhead/,Arrowhead,1,,
Ashes of Pentagorn,ashes of pentagorn,ashes-of-pentagorn,https://buddy.farm/i/ashes-of-pentagorn/,found,200,https://buddy.farm/i/ashes-of-pentagorn/,Ashes of Pentagorn,1,,
Awl,awl,awl,https://buddy.farm/i/awl/,found,200,https://buddy.farm/i/awl/,Awl,1,,
Axe,axe,axe,https://buddy.farm/i/axe/,found,200,https://buddy.farm/i/axe/,Axe,1,,
B for Buddies,b for buddies,b-for-buddies,https://buddy.farm/i/b-for-buddies/,found,200,https://buddy.farm/i/b-for-buddies/,B for Buddies,1,,
Baba Bobblehead,baba bobblehead,baba-bobblehead,https://buddy.farm/i/baba-bobblehead/,found,200,https://buddy.farm/i/baba-bobblehead/,Baba Bobblehead,1,,
Baba Cola,baba cola,baba-cola,https://buddy.farm/i/baba-cola/,found,200,https://buddy.farm/i/baba-cola/,Baba Cola,1,,
Baba Gec's Cabbage Stew,baba gec's cabbage stew,baba-gec-s-cabbage-stew,https://buddy.farm/i/baba-gec-s-cabbage-stew/,found,200,https://buddy.farm/i/baba-gec-s-cabbage-stew/,Baba Gec&#x27;s Cabbage Stew,1,symbol_cleanup,Punctuation or symbols were cleaned during slug generation.
Baba's Snack Pack,baba's snack pack,baba-s-snack-pack,https://buddy.farm/i/baba-s-snack-pack/,found,200,https://buddy.farm/i/baba-s-snack-pack/,Baba&#x27;s Snack Pack,1,symbol_cleanup,Punctuation or symbols were cleaned during slug generation.
Backpack,backpack,backpack,https://buddy.farm/i/backpack/,found,200,https://buddy.farm/i/backpack/,Backpack,1,,
Backstabbing Dagger,backstabbing dagger,backstabbing-dagger,https://buddy.farm/i/backstabbing-dagger/,found,200,https://buddy.farm/i/backstabbing-dagger/,Backstabbing Dagger,1,,
Bacon,bacon,bacon,https://buddy.farm/i/bacon/,found,200,https://buddy.farm/i/bacon/,Bacon,1,,
Bag of Ghost Candy,bag of ghost candy,bag-of-ghost-candy,https://buddy.farm/i/bag-of-ghost-candy/,found,200,https://buddy.farm/i/bag-of-ghost-candy/,Bag of Ghost Candy,1,,
Bag of Presents 01,bag of presents 01,bag-of-presents-01,https://buddy.farm/i/bag-of-presents-01/,found,200,https://buddy.farm/i/bag-of-presents-01/,Bag of Presents 01,1,,
Bag of Presents 02,bag of presents 02,bag-of-presents-02,https://buddy.farm/i/bag-of-presents-02/,found,200,https://buddy.farm/i/bag-of-presents-02/,Bag of Presents 02,1,,
Bag of Snowballs,bag of snowballs,bag-of-snowballs,https://buddy.farm/i/bag-of-snowballs/,found,200,https://buddy.farm/i/bag-of-snowballs/,Bag of Snowballs,1,,
Bag of Spring Seeds,bag of spring seeds,bag-of-spring-seeds,https://buddy.farm/i/bag-of-spring-seeds/,found,200,https://buddy.farm/i/bag-of-spring-seeds/,Bag of Spring Seeds,1,,
Bahltruvian Scales,bahltruvian scales,bahltruvian-scales,https://buddy.farm/i/bahltruvian-scales/,found,200,https://buddy.farm/i/bahltruvian-scales/,Bahltruvian Scales,1,,
Bait Bag 01,bait bag 01,bait-bag-01,https://buddy.farm/i/bait-bag-01/,found,200,https://buddy.farm/i/bait-bag-01/,Bait Bag 01,1,,
Bamboo,bamboo,bamboo,https://buddy.farm/i/bamboo/,found,200,https://buddy.farm/i/bamboo/,Bamboo,1,,
Bamboo Chair,bamboo chair,bamboo-chair,https://buddy.farm/i/bamboo-chair/,found,200,https://buddy.farm/i/bamboo-chair/,Bamboo Chair,1,,
Bamboo Fence,bamboo fence,bamboo-fence,https://buddy.farm/i/bamboo-fence/,found,200,https://buddy.farm/i/bamboo-fence/,Bamboo Fence,1,,
Bamboo Flute,bamboo flute,bamboo-flute,https://buddy.farm/i/bamboo-flute/,found,200,https://buddy.farm/i/bamboo-flute/,Bamboo Flute,1,,
Bamboo Rope,bamboo rope,bamboo-rope,https://buddy.farm/i/bamboo-rope/,found,200,https://buddy.farm/i/bamboo-rope/,Bamboo Rope,1,,
Bamboo Trellis,bamboo trellis,bamboo-trellis,https://buddy.farm/i/bamboo-trellis/,found,200,https://buddy.farm/i/bamboo-trellis/,Bamboo Trellis,1,,
Banana Peel,banana peel,banana-peel,https://buddy.farm/i/banana-peel/,found,200,https://buddy.farm/i/banana-peel/,Banana Peel,1,,
Bananas,bananas,bananas,https://buddy.farm/i/bananas/,found,200,https://buddy.farm/i/bananas/,Bananas,1,,
Bar of Silver,bar of silver,bar-of-silver,https://buddy.farm/i/bar-of-silver/,found,200,https://buddy.farm/i/bar-of-silver/,Bar of Silver,1,,
Barbed Wire,barbed wire,barbed-wire,https://buddy.farm/i/barbed-wire/,found,200,https://buddy.farm/i/barbed-wire/,Barbed Wire,1,,
Barnacle Shell,barnacle shell,barnacle-shell,https://buddy.farm/i/barnacle-shell/,found,200,https://buddy.farm/i/barnacle-shell/,Barnacle Shell,1,,
Barracuda,barracuda,barracuda,https://buddy.farm/i/barracuda/,found,200,https://buddy.farm/i/barracuda/,Barracuda,1,,
Basic Pillow,basic pillow,basic-pillow,https://buddy.farm/i/basic-pillow/,found,200,https://buddy.farm/i/basic-pillow/,Basic Pillow,1,,
Bat Wing,bat wing,bat-wing,https://buddy.farm/i/bat-wing/,found,200,https://buddy.farm/i/bat-wing/,Bat Wing,1,,
Beach Ball,beach ball,beach-ball,https://buddy.farm/i/beach-ball/,found,200,https://buddy.farm/i/beach-ball/,Beach Ball,1,,
Beach Towel,beach towel,beach-towel,https://buddy.farm/i/beach-towel/,found,200,https://buddy.farm/i/beach-towel/,Beach Towel,1,,
Beach Umbrella,beach umbrella,beach-umbrella,https://buddy.farm/i/beach-umbrella/,found,200,https://buddy.farm/i/beach-umbrella/,Beach Umbrella,1,,
Bear Buddy Doll,bear buddy doll,bear-buddy-doll,https://buddy.farm/i/bear-buddy-doll/,found,200,https://buddy.farm/i/bear-buddy-doll/,Bear Buddy Doll,1,,
Beary Squishies,beary squishies,beary-squishies,https://buddy.farm/i/beary-squishies/,found,200,https://buddy.farm/i/beary-squishies/,Beary Squishies,1,,
Beatrix Bobblehead,beatrix bobblehead,beatrix-bobblehead,https://buddy.farm/i/beatrix-bobblehead/,found,200,https://buddy.farm/i/beatrix-bobblehead/,Beatrix Bobblehead,1,,
Beatrix's Big Box of Boom,beatrix's big box of boom,beatrix-s-big-box-of-boom,https://buddy.farm/i/beatrix-s-big-box-of-boom/,found,200,https://buddy.farm/i/beatrix-s-big-box-of-boom/,Beatrix&#x27;s Big Box of Boom,1,symbol_cleanup,Punctuation or symbols were cleaned during slug generation.
Beatrix's Booming Brawl Box 01,beatrix's booming brawl box 01,beatrix-s-booming-brawl-box-01,https://buddy.farm/i/beatrix-s-booming-brawl-box-01/,found,200,https://buddy.farm/i/beatrix-s-booming-brawl-box-01/,Beatrix&#x27;s Booming Brawl Box 01,1,symbol_cleanup,Punctuation or symbols were cleaned during slug generation.
Beatrix's Booming Brawl Box 02,beatrix's booming brawl box 02,beatrix-s-booming-brawl-box-02,https://buddy.farm/i/beatrix-s-booming-brawl-box-02/,found,200,https://buddy.farm/i/beatrix-s-booming-brawl-box-02/,Beatrix&#x27;s Booming Brawl Box 02,1,symbol_cleanup,Punctuation or symbols were cleaned during slug generation.
Beet,beet,beet,https://buddy.farm/i/beet/,found,200,https://buddy.farm/i/beet/,Beet,1,,
Beet Seeds,beet seeds,beet-seeds,https://buddy.farm/i/beet-seeds/,found,200,https://buddy.farm/i/beet-seeds/,Beet Seeds,1,,
Bell,bell,bell,https://buddy.farm/i/bell/,found,200,https://buddy.farm/i/bell/,Bell,1,,
Belt Drive,belt drive,belt-drive,https://buddy.farm/i/belt-drive/,found,200,https://buddy.farm/i/belt-drive/,Belt Drive,1,,
Belt of Commander Uteer,belt of commander uteer,belt-of-commander-uteer,https://buddy.farm/i/belt-of-commander-uteer/,found,200,https://buddy.farm/i/belt-of-commander-uteer/,Belt of Commander Uteer,1,,
Belt of Freedom,belt of freedom,belt-of-freedom,https://buddy.farm/i/belt-of-freedom/,found,200,https://buddy.farm/i/belt-of-freedom/,Belt of Freedom,1,,
Belt of Menace,belt of menace,belt-of-menace,https://buddy.farm/i/belt-of-menace/,found,200,https://buddy.farm/i/belt-of-menace/,Belt of Menace,1,,
Belt of Truth,belt of truth,belt-of-truth,https://buddy.farm/i/belt-of-truth/,found,200,https://buddy.farm/i/belt-of-truth/,Belt of Truth,1,,
Bessi Gan Belt,bessi gan belt,bessi-gan-belt,https://buddy.farm/i/bessi-gan-belt/,found,200,https://buddy.farm/i/bessi-gan-belt/,Bessi Gan Belt,1,,
Bird Egg,bird egg,bird-egg,https://buddy.farm/i/bird-egg/,found,200,https://buddy.farm/i/bird-egg/,Bird Egg,1,,
Bird Key,bird key,bird-key,https://buddy.farm/i/bird-key/,found,200,https://buddy.farm/i/bird-key/,Bird Key,1,,
Bird Skull 01,bird skull 01,bird-skull-01,https://buddy.farm/i/bird-skull-01/,found,200,https://buddy.farm/i/bird-skull-01/,Bird Skull 01,1,,
Birthday Present,birthday present,birthday-present,https://buddy.farm/i/birthday-present/,found,200,https://buddy.farm/i/birthday-present/,Birthday Present,1,,
Birthday Suit Buddy Doll,birthday suit buddy doll,birthday-suit-buddy-doll,https://buddy.farm/i/birthday-suit-buddy-doll/,found,200,https://buddy.farm/i/birthday-suit-buddy-doll/,Birthday Suit Buddy Doll,1,,
Birthday Surprise Box 03,birthday surprise box 03,birthday-surprise-box-03,https://buddy.farm/i/birthday-surprise-box-03/,found,200,https://buddy.farm/i/birthday-surprise-box-03/,Birthday Surprise Box 03,1,,
Birthday Surprise Box 04,birthday surprise box 04,birthday-surprise-box-04,https://buddy.farm/i/birthday-surprise-box-04/,found,200,https://buddy.farm/i/birthday-surprise-box-04/,Birthday Surprise Box 04,1,,
Bitten Apple,bitten apple,bitten-apple,https://buddy.farm/i/bitten-apple/,found,200,https://buddy.farm/i/bitten-apple/,Bitten Apple,1,,
Black Bag,black bag,black-bag,https://buddy.farm/i/black-bag/,found,200,https://buddy.farm/i/black-bag/,Black Bag,1,,
Black Cloak,black cloak,black-cloak,https://buddy.farm/i/black-cloak/,found,200,https://buddy.farm/i/black-cloak/,Black Cloak,1,,
Black Dye,black dye,black-dye,https://buddy.farm/i/black-dye/,found,200,https://buddy.farm/i/black-dye/,Black Dye,1,,
Black Powder,black powder,black-powder,https://buddy.farm/i/black-powder/,found,200,https://buddy.farm/i/black-powder/,Black Powder,1,,
Black Purse,black purse,black-purse,https://buddy.farm/i/black-purse/,found,200,https://buddy.farm/i/black-purse/,Black Purse,1,,
Black Scarf,black scarf,black-scarf,https://buddy.farm/i/black-scarf/,found,200,https://buddy.farm/i/black-scarf/,Black Scarf,1,,
Black Shield,black shield,black-shield,https://buddy.farm/i/black-shield/,found,200,https://buddy.farm/i/black-shield/,Black Shield,1,,
Black Shirt,black shirt,black-shirt,https://buddy.farm/i/black-shirt/,found,200,https://buddy.farm/i/black-shirt/,Black Shirt,1,,
Black Truffle,black truffle,black-truffle,https://buddy.farm/i/black-truffle/,found,200,https://buddy.farm/i/black-truffle/,Black Truffle,1,,
Black Twine,black twine,black-twine,https://buddy.farm/i/black-twine/,found,200,https://buddy.farm/i/black-twine/,Black Twine,1,,
Blitzen,blitzen,blitzen,https://buddy.farm/i/blitzen/,found,200,https://buddy.farm/i/blitzen/,Blitzen,1,,
Block of Wood,block of wood,block-of-wood,https://buddy.farm/i/block-of-wood/,found,200,https://buddy.farm/i/block-of-wood/,Block of Wood,1,,
Blood Crystal,blood crystal,blood-crystal,https://buddy.farm/i/blood-crystal/,found,200,https://buddy.farm/i/blood-crystal/,Blood Crystal,1,,
Blubberfish,blubberfish,blubberfish,https://buddy.farm/i/blubberfish/,found,200,https://buddy.farm/i/blubberfish/,Blubberfish,1,,
Blue Butterfly,blue butterfly,blue-butterfly,https://buddy.farm/i/blue-butterfly/,found,200,https://buddy.farm/i/blue-butterfly/,Blue Butterfly,1,,
Blue Catfish,blue catfish,blue-catfish,https://buddy.farm/i/blue-catfish/,found,200,https://buddy.farm/i/blue-catfish/,Blue Catfish,1,,
Blue Crab,blue crab,blue-crab,https://buddy.farm/i/blue-crab/,found,200,https://buddy.farm/i/blue-crab/,Blue Crab,1,,
Blue Diary,blue diary,blue-diary,https://buddy.farm/i/blue-diary/,found,200,https://buddy.farm/i/blue-diary/,Blue Diary,1,,
Blue Dye,blue dye,blue-dye,https://buddy.farm/i/blue-dye/,found,200,https://buddy.farm/i/blue-dye/,Blue Dye,1,,
Blue Feathers,blue feathers,blue-feathers,https://buddy.farm/i/blue-feathers/,found,200,https://buddy.farm/i/blue-feathers/,Blue Feathers,1,,
Blue Flowers,blue flowers,blue-flowers,https://buddy.farm/i/blue-flowers/,found,200,https://buddy.farm/i/blue-flowers/,Blue Flowers,1,,
Blue Gel,blue gel,blue-gel,https://buddy.farm/i/blue-gel/,found,200,https://buddy.farm/i/blue-gel/,Blue Gel,1,,
Blue Milk,blue milk,blue-milk,https://buddy.farm/i/blue-milk/,found,200,https://buddy.farm/i/blue-milk/,Blue Milk,1,,
Blue Ornament,blue ornament,blue-ornament,https://buddy.farm/i/blue-ornament/,found,200,https://buddy.farm/i/blue-ornament/,Blue Ornament,1,,
Blue Parchment,blue parchment,blue-parchment,https://buddy.farm/i/blue-parchment/,found,200,https://buddy.farm/i/blue-parchment/,Blue Parchment,1,,
Blue Purse,blue purse,blue-purse,https://buddy.farm/i/blue-purse/,found,200,https://buddy.farm/i/blue-purse/,Blue Purse,1,,
Blue Sea Bass,blue sea bass,blue-sea-bass,https://buddy.farm/i/blue-sea-bass/,found,200,https://buddy.farm/i/blue-sea-bass/,Blue Sea Bass,1,,
Blue Shell,blue shell,blue-shell,https://buddy.farm/i/blue-shell/,found,200,https://buddy.farm/i/blue-shell/,Blue Shell,1,,
Blue Shirt,blue shirt,blue-shirt,https://buddy.farm/i/blue-shirt/,found,200,https://buddy.farm/i/blue-shirt/,Blue Shirt,1,,
Blue Spritz,blue spritz,blue-spritz,https://buddy.farm/i/blue-spritz/,found,200,https://buddy.farm/i/blue-spritz/,Blue Spritz,1,,
Blue Star Stomper,blue star stomper,blue-star-stomper,https://buddy.farm/i/blue-star-stomper/,found,200,https://buddy.farm/i/blue-star-stomper/,Blue Star Stomper,1,,
Blue Tang,blue tang,blue-tang,https://buddy.farm/i/blue-tang/,found,200,https://buddy.farm/i/blue-tang/,Blue Tang,1,,
Blue Tiger Fish,blue tiger fish,blue-tiger-fish,https://buddy.farm/i/blue-tiger-fish/,found,200,https://buddy.farm/i/blue-tiger-fish/,Blue Tiger Fish,1,,
Blue Twine,blue twine,blue-twine,https://buddy.farm/i/blue-twine/,found,200,https://buddy.farm/i/blue-twine/,Blue Twine,1,,
Bluegill,bluegill,bluegill,https://buddy.farm/i/bluegill/,found,200,https://buddy.farm/i/bluegill/,Bluegill,1,,
Board,board,board,https://buddy.farm/i/board/,found,200,https://buddy.farm/i/board/,Board,1,,
Bog Barnacle,bog barnacle,bog-barnacle,https://buddy.farm/i/bog-barnacle/,found,200,https://buddy.farm/i/bog-barnacle/,Bog Barnacle,1,,
Boghead Snapper,boghead snapper,boghead-snapper,https://buddy.farm/i/boghead-snapper/,found,200,https://buddy.farm/i/boghead-snapper/,Boghead Snapper,1,,
Bogslug,bogslug,bogslug,https://buddy.farm/i/bogslug/,found,200,https://buddy.farm/i/bogslug/,Bogslug,1,,
Boltonic Love Potion 4,boltonic love potion 4,boltonic-love-potion-4,https://buddy.farm/i/boltonic-love-potion-4/,found,200,https://buddy.farm/i/boltonic-love-potion-4/,Boltonic Love Potion 4,1,,
Bomb,bomb,bomb,https://buddy.farm/i/bomb/,found,200,https://buddy.farm/i/bomb/,Bomb,1,,
Bone,bone,bone,https://buddy.farm/i/bone/,found,200,https://buddy.farm/i/bone/,Bone,1,,
Bone 02,bone 02,bone-02,https://buddy.farm/i/bone-02/,found,200,https://buddy.farm/i/bone-02/,Bone 02,1,,
Bone 03,bone 03,bone-03,https://buddy.farm/i/bone-03/,found,200,https://buddy.farm/i/bone-03/,Bone 03,1,,
Bone 04,bone 04,bone-04,https://buddy.farm/i/bone-04/,found,200,https://buddy.farm/i/bone-04/,Bone 04,1,,
Bone 05,bone 05,bone-05,https://buddy.farm/i/bone-05/,found,200,https://buddy.farm/i/bone-05/,Bone 05,1,,
Bone 06,bone 06,bone-06,https://buddy.farm/i/bone-06/,found,200,https://buddy.farm/i/bone-06/,Bone 06,1,,
Bone Broth,bone broth,bone-broth,https://buddy.farm/i/bone-broth/,found,200,https://buddy.farm/i/bone-broth/,Bone Broth,1,,
Bone Fish,bone fish,bone-fish,https://buddy.farm/i/bone-fish/,found,200,https://buddy.farm/i/bone-fish/,Bone Fish,1,,
Bone Fragments,bone fragments,bone-fragments,https://buddy.farm/i/bone-fragments/,found,200,https://buddy.farm/i/bone-fragments/,Bone Fragments,1,,
Bone Pickaxe,bone pickaxe,bone-pickaxe,https://buddy.farm/i/bone-pickaxe/,found,200,https://buddy.farm/i/bone-pickaxe/,Bone Pickaxe,1,,
Boobun's Spray Bottle,boobun's spray bottle,boobun-s-spray-bottle,https://buddy.farm/i/boobun-s-spray-bottle/,found,200,https://buddy.farm/i/boobun-s-spray-bottle/,Boobun&#x27;s Spray Bottle,1,symbol_cleanup,Punctuation or symbols were cleaned during slug generation.
Book of Clues,book of clues,book-of-clues,https://buddy.farm/i/book-of-clues/,found,200,https://buddy.farm/i/book-of-clues/,Book of Clues,1,,
Book of Fish,book of fish,book-of-fish,https://buddy.farm/i/book-of-fish/,found,200,https://buddy.farm/i/book-of-fish/,Book of Fish,1,,
Book of Flora,book of flora,book-of-flora,https://buddy.farm/i/book-of-flora/,found,200,https://buddy.farm/i/book-of-flora/,Book of Flora,1,,
Book of Insects,book of insects,book-of-insects,https://buddy.farm/i/book-of-insects/,found,200,https://buddy.farm/i/book-of-insects/,Book of Insects,1,,
Book of Knots,book of knots,book-of-knots,https://buddy.farm/i/book-of-knots/,found,200,https://buddy.farm/i/book-of-knots/,Book of Knots,1,,
Book of Maps,book of maps,book-of-maps,https://buddy.farm/i/book-of-maps/,found,200,https://buddy.farm/i/book-of-maps/,Book of Maps,1,,
Book of Schemas,book of schemas,book-of-schemas,https://buddy.farm/i/book-of-schemas/,found,200,https://buddy.farm/i/book-of-schemas/,Book of Schemas,1,,
Book of Skill,book of skill,book-of-skill,https://buddy.farm/i/book-of-skill/,found,200,https://buddy.farm/i/book-of-skill/,Book of Skill,1,,
Book of Spells,book of spells,book-of-spells,https://buddy.farm/i/book-of-spells/,found,200,https://buddy.farm/i/book-of-spells/,Book of Spells,1,,
Book of Time,book of time,book-of-time,https://buddy.farm/i/book-of-time/,found,200,https://buddy.farm/i/book-of-time/,Book of Time,1,,
Borgen Bag 01,borgen bag 01,borgen-bag-01,https://buddy.farm/i/borgen-bag-01/,found,200,https://buddy.farm/i/borgen-bag-01/,Borgen Bag 01,1,,
Borgen Bobblehead,borgen bobblehead,borgen-bobblehead,https://buddy.farm/i/borgen-bobblehead/,found,200,https://buddy.farm/i/borgen-bobblehead/,Borgen Bobblehead,1,,
Borgen Buck,borgen buck,borgen-buck,https://buddy.farm/i/borgen-buck/,found,200,https://buddy.farm/i/borgen-buck/,Borgen Buck,1,,
Borgen's Dancing Belt,borgen's dancing belt,borgen-s-dancing-belt,https://buddy.farm/i/borgen-s-dancing-belt/,found,200,https://buddy.farm/i/borgen-s-dancing-belt/,Borgen&#x27;s Dancing Belt,1,symbol_cleanup,Punctuation or symbols were cleaned during slug generation.
Bottle Rocket,bottle rocket,bottle-rocket,https://buddy.farm/i/bottle-rocket/,found,200,https://buddy.farm/i/bottle-rocket/,Bottle Rocket,1,,
Bouquet of Flowers,bouquet of flowers,bouquet-of-flowers,https://buddy.farm/i/bouquet-of-flowers/,found,200,https://buddy.farm/i/bouquet-of-flowers/,Bouquet of Flowers,1,,
Bouquet of Roses,bouquet of roses,bouquet-of-roses,https://buddy.farm/i/bouquet-of-roses/,found,200,https://buddy.farm/i/bouquet-of-roses/,Bouquet of Roses,1,,
Box of Chocolate 01,box of chocolate 01,box-of-chocolate-01,https://buddy.farm/i/box-of-chocolate-01/,found,200,https://buddy.farm/i/box-of-chocolate-01/,Box of Chocolate 01,1,,
Box of Chocolate 02,box of chocolate 02,box-of-chocolate-02,https://buddy.farm/i/box-of-chocolate-02/,found,200,https://buddy.farm/i/box-of-chocolate-02/,Box of Chocolate 02,1,,
Box of Holiday Cakes,box of holiday cakes,box-of-holiday-cakes,https://buddy.farm/i/box-of-holiday-cakes/,found,200,https://buddy.farm/i/box-of-holiday-cakes/,Box of Holiday Cakes,1,,
Brain Fungus,brain fungus,brain-fungus,https://buddy.farm/i/brain-fungus/,found,200,https://buddy.farm/i/brain-fungus/,Brain Fungus,1,,
Bread,bread,bread,https://buddy.farm/i/bread/,found,200,https://buddy.farm/i/bread/,Bread,1,,
Breakfast Boost,breakfast boost,breakfast-boost,https://buddy.farm/i/breakfast-boost/,found,200,https://buddy.farm/i/breakfast-boost/,Breakfast Boost,1,,
Briomine,briomine,briomine,https://buddy.farm/i/briomine/,found,200,https://buddy.farm/i/briomine/,Briomine,1,,
Broccoli,broccoli,broccoli,https://buddy.farm/i/broccoli/,found,200,https://buddy.farm/i/broccoli/,Broccoli,1,,
Broccoli Seeds,broccoli seeds,broccoli-seeds,https://buddy.farm/i/broccoli-seeds/,found,200,https://buddy.farm/i/broccoli-seeds/,Broccoli Seeds,1,,
Broken Bangle,broken bangle,broken-bangle,https://buddy.farm/i/broken-bangle/,found,200,https://buddy.farm/i/broken-bangle/,Broken Bangle,1,,
Broken Memory Belt,broken memory belt,broken-memory-belt,https://buddy.farm/i/broken-memory-belt/,found,200,https://buddy.farm/i/broken-memory-belt/,Broken Memory Belt,1,,
Broken Pipe,broken pipe,broken-pipe,https://buddy.farm/i/broken-pipe/,found,200,https://buddy.farm/i/broken-pipe/,Broken Pipe,1,,
Broken Sword,broken sword,broken-sword,https://buddy.farm/i/broken-sword/,found,200,https://buddy.farm/i/broken-sword/,Broken Sword,1,,
Brooch of the Bahltruvian Elite,brooch of the bahltruvian elite,brooch-of-the-bahltruvian-elite,https://buddy.farm/i/brooch-of-the-bahltruvian-elite/,found,200,https://buddy.farm/i/brooch-of-the-bahltruvian-elite/,Brooch of the Bahltruvian Elite,1,,
Broom,broom,broom,https://buddy.farm/i/broom/,found,200,https://buddy.farm/i/broom/,Broom,1,,
Brown Bag,brown bag,brown-bag,https://buddy.farm/i/brown-bag/,found,200,https://buddy.farm/i/brown-bag/,Brown Bag,1,,
Brown Cloak,brown cloak,brown-cloak,https://buddy.farm/i/brown-cloak/,found,200,https://buddy.farm/i/brown-cloak/,Brown Cloak,1,,
Brown Dye,brown dye,brown-dye,https://buddy.farm/i/brown-dye/,found,200,https://buddy.farm/i/brown-dye/,Brown Dye,1,,
Brown Sugar,brown sugar,brown-sugar,https://buddy.farm/i/brown-sugar/,found,200,https://buddy.farm/i/brown-sugar/,Brown Sugar,1,,
Brown Twine,brown twine,brown-twine,https://buddy.farm/i/brown-twine/,found,200,https://buddy.farm/i/brown-twine/,Brown Twine,1,,
Bucket,bucket,bucket,https://buddy.farm/i/bucket/,found,200,https://buddy.farm/i/bucket/,Bucket,1,,
Buddy Bobblehead,buddy bobblehead,buddy-bobblehead,https://buddy.farm/i/buddy-bobblehead/,found,200,https://buddy.farm/i/buddy-bobblehead/,Buddy Bobblehead,1,,
Buddy Cushion,buddy cushion,buddy-cushion,https://buddy.farm/i/buddy-cushion/,found,200,https://buddy.farm/i/buddy-cushion/,Buddy Cushion,1,,
Buddy Doll,buddy doll,buddy-doll,https://buddy.farm/i/buddy-doll/,found,200,https://buddy.farm/i/buddy-doll/,Buddy Doll,1,,
Buddy Doll Bag 01,buddy doll bag 01,buddy-doll-bag-01,https://buddy.farm/i/buddy-doll-bag-01/,found,200,https://buddy.farm/i/buddy-doll-bag-01/,Buddy Doll Bag 01,1,,
Buddy Doll Bag 02,buddy doll bag 02,buddy-doll-bag-02,https://buddy.farm/i/buddy-doll-bag-02/,found,200,https://buddy.farm/i/buddy-doll-bag-02/,Buddy Doll Bag 02,1,,
Buddy Elf on a Shelf,buddy elf on a shelf,buddy-elf-on-a-shelf,https://buddy.farm/i/buddy-elf-on-a-shelf/,found,200,https://buddy.farm/i/buddy-elf-on-a-shelf/,Buddy Elf on a Shelf,1,,
Buddy Loves You Card,buddy loves you card,buddy-loves-you-card,https://buddy.farm/i/buddy-loves-you-card/,found,200,https://buddy.farm/i/buddy-loves-you-card/,Buddy Loves You Card,1,,
Buddy's Beach Bag,buddy's beach bag,buddy-s-beach-bag,https://buddy.farm/i/buddy-s-beach-bag/,found,200,https://buddy.farm/i/buddy-s-beach-bag/,Buddy&#x27;s Beach Bag,1,symbol_cleanup,Punctuation or symbols were cleaned during slug generation.
Buddy's Beach Ball,buddy's beach ball,buddy-s-beach-ball,https://buddy.farm/i/buddy-s-beach-ball/,found,200,https://buddy.farm/i/buddy-s-beach-ball/,Buddy&#x27;s Beach Ball,1,symbol_cleanup,Punctuation or symbols were cleaned during slug generation.
Buddy's Old Pirate Belt,buddy's old pirate belt,buddy-s-old-pirate-belt,https://buddy.farm/i/buddy-s-old-pirate-belt/,found,200,https://buddy.farm/i/buddy-s-old-pirate-belt/,Buddy&#x27;s Old Pirate Belt,1,symbol_cleanup,Punctuation or symbols were cleaned during slug generation.
Buddy's School Bag,buddy's school bag,buddy-s-school-bag,https://buddy.farm/i/buddy-s-school-bag/,found,200,https://buddy.farm/i/buddy-s-school-bag/,Buddy&#x27;s School Bag,1,symbol_cleanup,Punctuation or symbols were cleaned during slug generation.
Buddy's Sleeping Cap,buddy's sleeping cap,buddy-s-sleeping-cap,https://buddy.farm/i/buddy-s-sleeping-cap/,found,200,https://buddy.farm/i/buddy-s-sleeping-cap/,Buddy&#x27;s Sleeping Cap,1,symbol_cleanup,Punctuation or symbols were cleaned during slug generation.
Buddystone,buddystone,buddystone,https://buddy.farm/i/buddystone/,found,200,https://buddy.farm/i/buddystone/,Buddystone,1,,
Bug Bag 01,bug bag 01,bug-bag-01,https://buddy.farm/i/bug-bag-01/,found,200,https://buddy.farm/i/bug-bag-01/,Bug Bag 01,1,,
Bullfish,bullfish,bullfish,https://buddy.farm/i/bullfish/,found,200,https://buddy.farm/i/bullfish/,Bullfish,1,,
Bunny Buddy Doll,bunny buddy doll,bunny-buddy-doll,https://buddy.farm/i/bunny-buddy-doll/,found,200,https://buddy.farm/i/bunny-buddy-doll/,Bunny Buddy Doll,1,,
Bunny Ears,bunny ears,bunny-ears,https://buddy.farm/i/bunny-ears/,found,200,https://buddy.farm/i/bunny-ears/,Bunny Ears,1,,
Butter,butter,butter,https://buddy.farm/i/butter/,found,200,https://buddy.farm/i/butter/,Butter,1,,
Butter Churn,butter churn,butter-churn,https://buddy.farm/i/butter-churn/,found,200,https://buddy.farm/i/butter-churn/,Butter Churn,1,,
Cabbage,cabbage,cabbage,https://buddy.farm/i/cabbage/,found,200,https://buddy.farm/i/cabbage/,Cabbage,1,,
Cabbage Seeds,cabbage seeds,cabbage-seeds,https://buddy.farm/i/cabbage-seeds/,found,200,https://buddy.farm/i/cabbage-seeds/,Cabbage Seeds,1,,
Cabbage Stew,cabbage stew,cabbage-stew,https://buddy.farm/i/cabbage-stew/,found,200,https://buddy.farm/i/cabbage-stew/,Cabbage Stew,1,,
Calavera 01,calavera 01,calavera-01,https://buddy.farm/i/calavera-01/,found,200,https://buddy.farm/i/calavera-01/,Calavera 01,1,,
Calavera 02,calavera 02,calavera-02,https://buddy.farm/i/calavera-02/,found,200,https://buddy.farm/i/calavera-02/,Calavera 02,1,,
Calcifite,calcifite,calcifite,https://buddy.farm/i/calcifite/,found,200,https://buddy.farm/i/calcifite/,Calcifite,1,,
Candy,candy,candy,https://buddy.farm/i/candy/,found,200,https://buddy.farm/i/candy/,Candy,1,,
Candy Cane,candy cane,candy-cane,https://buddy.farm/i/candy-cane/,found,200,https://buddy.farm/i/candy-cane/,Candy Cane,1,,
Candy Corn,candy corn,candy-corn,https://buddy.farm/i/candy-corn/,found,200,https://buddy.farm/i/candy-corn/,Candy Corn,1,,
Candy Roll,candy roll,candy-roll,https://buddy.farm/i/candy-roll/,found,200,https://buddy.farm/i/candy-roll/,Candy Roll,1,,
Cannon,cannon,cannon,https://buddy.farm/i/cannon/,found,200,https://buddy.farm/i/cannon/,Cannon,1,,
Canoe,canoe,canoe,https://buddy.farm/i/canoe/,found,200,https://buddy.farm/i/canoe/,Canoe,1,,
Captains Log,captains log,captains-log,https://buddy.farm/i/captains-log/,found,200,https://buddy.farm/i/captains-log/,Captains Log,1,,
Captured Ghost,captured ghost,captured-ghost,https://buddy.farm/i/captured-ghost/,found,200,https://buddy.farm/i/captured-ghost/,Captured Ghost,1,,
Capy Birthday Card,capy birthday card,capy-birthday-card,https://buddy.farm/i/capy-birthday-card/,found,200,https://buddy.farm/i/capy-birthday-card/,Capy Birthday Card,1,,
Carbon Sphere,carbon sphere,carbon-sphere,https://buddy.farm/i/carbon-sphere/,found,200,https://buddy.farm/i/carbon-sphere/,Carbon Sphere,1,,
Carnevale,carnevale,carnevale,https://buddy.farm/i/carnevale/,found,200,https://buddy.farm/i/carnevale/,Carnevale,1,,
Carp,carp,carp,https://buddy.farm/i/carp/,found,200,https://buddy.farm/i/carp/,Carp,1,,
Carrot,carrot,carrot,https://buddy.farm/i/carrot/,found,200,https://buddy.farm/i/carrot/,Carrot,1,,
Carrot Seeds,carrot seeds,carrot-seeds,https://buddy.farm/i/carrot-seeds/,found,200,https://buddy.farm/i/carrot-seeds/,Carrot Seeds,1,,
Carved Bear,carved bear,carved-bear,https://buddy.farm/i/carved-bear/,found,200,https://buddy.farm/i/carved-bear/,Carved Bear,1,,
Carved Camel,carved camel,carved-camel,https://buddy.farm/i/carved-camel/,found,200,https://buddy.farm/i/carved-camel/,Carved Camel,1,,
Carved Chicken,carved chicken,carved-chicken,https://buddy.farm/i/carved-chicken/,found,200,https://buddy.farm/i/carved-chicken/,Carved Chicken,1,,
Carved Cow,carved cow,carved-cow,https://buddy.farm/i/carved-cow/,found,200,https://buddy.farm/i/carved-cow/,Carved Cow,1,,
Carved Dragon,carved dragon,carved-dragon,https://buddy.farm/i/carved-dragon/,found,200,https://buddy.farm/i/carved-dragon/,Carved Dragon,1,,
Carved Fox,carved fox,carved-fox,https://buddy.farm/i/carved-fox/,found,200,https://buddy.farm/i/carved-fox/,Carved Fox,1,,
Carved Kitty,carved kitty,carved-kitty,https://buddy.farm/i/carved-kitty/,found,200,https://buddy.farm/i/carved-kitty/,Carved Kitty,1,,
Carved Moose,carved moose,carved-moose,https://buddy.farm/i/carved-moose/,found,200,https://buddy.farm/i/carved-moose/,Carved Moose,1,,
Carved Mouse,carved mouse,carved-mouse,https://buddy.farm/i/carved-mouse/,found,200,https://buddy.farm/i/carved-mouse/,Carved Mouse,1,,
Carved Owl,carved owl,carved-owl,https://buddy.farm/i/carved-owl/,found,200,https://buddy.farm/i/carved-owl/,Carved Owl,1,,
Carved Pig,carved pig,carved-pig,https://buddy.farm/i/carved-pig/,found,200,https://buddy.farm/i/carved-pig/,Carved Pig,1,,
Carved Rabbit,carved rabbit,carved-rabbit,https://buddy.farm/i/carved-rabbit/,found,200,https://buddy.farm/i/carved-rabbit/,Carved Rabbit,1,,
Carved Rhino,carved rhino,carved-rhino,https://buddy.farm/i/carved-rhino/,found,200,https://buddy.farm/i/carved-rhino/,Carved Rhino,1,,
Carved Squirrel,carved squirrel,carved-squirrel,https://buddy.farm/i/carved-squirrel/,found,200,https://buddy.farm/i/carved-squirrel/,Carved Squirrel,1,,
Carved Squisquatch,carved squisquatch,carved-squisquatch,https://buddy.farm/i/carved-squisquatch/,found,200,https://buddy.farm/i/carved-squisquatch/,Carved Squisquatch,1,,
Carved Warthog,carved warthog,carved-warthog,https://buddy.farm/i/carved-warthog/,found,200,https://buddy.farm/i/carved-warthog/,Carved Warthog,1,,
Cat's Meow,cat's meow,cat-s-meow,https://buddy.farm/i/cat-s-meow/,found,200,https://buddy.farm/i/cat-s-meow/,Cat&#x27;s Meow,1,symbol_cleanup,Punctuation or symbols were cleaned during slug generation.
Caterpillar,caterpillar,caterpillar,https://buddy.farm/i/caterpillar/,found,200,https://buddy.farm/i/caterpillar/,Caterpillar,1,,
Catfish,catfish,catfish,https://buddy.farm/i/catfish/,found,200,https://buddy.farm/i/catfish/,Catfish,1,,
Cave Key,cave key,cave-key,https://buddy.farm/i/cave-key/,found,200,https://buddy.farm/i/cave-key/,Cave Key,1,,
Cave Mushroom,cave mushroom,cave-mushroom,https://buddy.farm/i/cave-mushroom/,found,200,https://buddy.farm/i/cave-mushroom/,Cave Mushroom,1,,
Cecil Bobblehead,cecil bobblehead,cecil-bobblehead,https://buddy.farm/i/cecil-bobblehead/,found,200,https://buddy.farm/i/cecil-bobblehead/,Cecil Bobblehead,1,,
Cecil's Shrimp-a-Plenty,cecil's shrimp-a-plenty,cecil-s-shrimp-a-plenty,https://buddy.farm/i/cecil-s-shrimp-a-plenty/,found,200,https://buddy.farm/i/cecil-s-shrimp-a-plenty/,Cecil&#x27;s Shrimp-a-Plenty,1,symbol_cleanup,Punctuation or symbols were cleaned during slug generation.
Cepathorf's Case,cepathorf's case,cepathorf-s-case,https://buddy.farm/i/cepathorf-s-case/,found,200,https://buddy.farm/i/cepathorf-s-case/,Cepathorf&#x27;s Case,1,symbol_cleanup,Punctuation or symbols were cleaned during slug generation.
Certificate of Beet Giving,certificate of beet giving,certificate-of-beet-giving,https://buddy.farm/i/certificate-of-beet-giving/,found,200,https://buddy.farm/i/certificate-of-beet-giving/,Certificate of Beet Giving,1,,
Certificate of Broccoli Giving,certificate of broccoli giving,certificate-of-broccoli-giving,https://buddy.farm/i/certificate-of-broccoli-giving/,found,200,https://buddy.farm/i/certificate-of-broccoli-giving/,Certificate of Broccoli Giving,1,,
Certificate of Cabbage Giving,certificate of cabbage giving,certificate-of-cabbage-giving,https://buddy.farm/i/certificate-of-cabbage-giving/,found,200,https://buddy.farm/i/certificate-of-cabbage-giving/,Certificate of Cabbage Giving,1,,
Certificate of Carrot Giving,certificate of carrot giving,certificate-of-carrot-giving,https://buddy.farm/i/certificate-of-carrot-giving/,found,200,https://buddy.farm/i/certificate-of-carrot-giving/,Certificate of Carrot Giving,1,,
Certificate of Corn Giving,certificate of corn giving,certificate-of-corn-giving,https://buddy.farm/i/certificate-of-corn-giving/,found,200,https://buddy.farm/i/certificate-of-corn-giving/,Certificate of Corn Giving,1,,
Certificate of Cotton Giving,certificate of cotton giving,certificate-of-cotton-giving,https://buddy.farm/i/certificate-of-cotton-giving/,found,200,https://buddy.farm/i/certificate-of-cotton-giving/,Certificate of Cotton Giving,1,,
Certificate of Cucumber Giving,certificate of cucumber giving,certificate-of-cucumber-giving,https://buddy.farm/i/certificate-of-cucumber-giving/,found,200,https://buddy.farm/i/certificate-of-cucumber-giving/,Certificate of Cucumber Giving,1,,
Certificate of Eggplant Giving,certificate of eggplant giving,certificate-of-eggplant-giving,https://buddy.farm/i/certificate-of-eggplant-giving/,found,200,https://buddy.farm/i/certificate-of-eggplant-giving/,Certificate of Eggplant Giving,1,,
Certificate of Hops Giving,certificate of hops giving,certificate-of-hops-giving,https://buddy.farm/i/certificate-of-hops-giving/,found,200,https://buddy.farm/i/certificate-of-hops-giving/,Certificate of Hops Giving,1,,
Certificate of Leek Giving,certificate of leek giving,certificate-of-leek-giving,https://buddy.farm/i/certificate-of-leek-giving/,found,200,https://buddy.farm/i/certificate-of-leek-giving/,Certificate of Leek Giving,1,,
Certificate of Onion Giving,certificate of onion giving,certificate-of-onion-giving,https://buddy.farm/i/certificate-of-onion-giving/,found,200,https://buddy.farm/i/certificate-of-onion-giving/,Certificate of Onion Giving,1,,
Certificate of Pea Giving,certificate of pea giving,certificate-of-pea-giving,https://buddy.farm/i/certificate-of-pea-giving/,found,200,https://buddy.farm/i/certificate-of-pea-giving/,Certificate of Pea Giving,1,,
Certificate of Pepper Giving,certificate of pepper giving,certificate-of-pepper-giving,https://buddy.farm/i/certificate-of-pepper-giving/,found,200,https://buddy.farm/i/certificate-of-pepper-giving/,Certificate of Pepper Giving,1,,
Certificate of Pine Giving,certificate of pine giving,certificate-of-pine-giving,https://buddy.farm/i/certificate-of-pine-giving/,found,200,https://buddy.farm/i/certificate-of-pine-giving/,Certificate of Pine Giving,1,,
Certificate of Potato Giving,certificate of potato giving,certificate-of-potato-giving,https://buddy.farm/i/certificate-of-potato-giving/,found,200,https://buddy.farm/i/certificate-of-potato-giving/,Certificate of Potato Giving,1,,
Certificate of Pumpkin Giving,certificate of pumpkin giving,certificate-of-pumpkin-giving,https://buddy.farm/i/certificate-of-pumpkin-giving/,found,200,https://buddy.farm/i/certificate-of-pumpkin-giving/,Certificate of Pumpkin Giving,1,,
Certificate of Radish Giving,certificate of radish giving,certificate-of-radish-giving,https://buddy.farm/i/certificate-of-radish-giving/,found,200,https://buddy.farm/i/certificate-of-radish-giving/,Certificate of Radish Giving,1,,
Certificate of Rice Giving,certificate of rice giving,certificate-of-rice-giving,https://buddy.farm/i/certificate-of-rice-giving/,found,200,https://buddy.farm/i/certificate-of-rice-giving/,Certificate of Rice Giving,1,,
Certificate of Sugar Cane Giving,certificate of sugar cane giving,certificate-of-sugar-cane-giving,https://buddy.farm/i/certificate-of-sugar-cane-giving/,found,200,https://buddy.farm/i/certificate-of-sugar-cane-giving/,Certificate of Sugar Cane Giving,1,,
Certificate of Sunflower Giving,certificate of sunflower giving,certificate-of-sunflower-giving,https://buddy.farm/i/certificate-of-sunflower-giving/,found,200,https://buddy.farm/i/certificate-of-sunflower-giving/,Certificate of Sunflower Giving,1,,
Certificate of Tomato Giving,certificate of tomato giving,certificate-of-tomato-giving,https://buddy.farm/i/certificate-of-tomato-giving/,found,200,https://buddy.farm/i/certificate-of-tomato-giving/,Certificate of Tomato Giving,1,,
Certificate of Watermelon Giving,certificate of watermelon giving,certificate-of-watermelon-giving,https://buddy.farm/i/certificate-of-watermelon-giving/,found,200,https://buddy.farm/i/certificate-of-watermelon-giving/,Certificate of Watermelon Giving,1,,
Certificate of Wheat Giving,certificate of wheat giving,certificate-of-wheat-giving,https://buddy.farm/i/certificate-of-wheat-giving/,found,200,https://buddy.farm/i/certificate-of-wheat-giving/,Certificate of Wheat Giving,1,,
Chapiku,chapiku,chapiku,https://buddy.farm/i/chapiku/,found,200,https://buddy.farm/i/chapiku/,Chapiku,1,,
Charles Bobblehead,charles bobblehead,charles-bobblehead,https://buddy.farm/i/charles-bobblehead/,found,200,https://buddy.farm/i/charles-bobblehead/,Charles Bobblehead,1,,
Charles's Neigh,charles's neigh,charles-s-neigh,https://buddy.farm/i/charles-s-neigh/,found,200,https://buddy.farm/i/charles-s-neigh/,Charles&#x27;s Neigh,1,symbol_cleanup,Punctuation or symbols were cleaned during slug generation.
Chattering Teeth,chattering teeth,chattering-teeth,https://buddy.farm/i/chattering-teeth/,found,200,https://buddy.farm/i/chattering-teeth/,Chattering Teeth,1,,
Cheese,cheese,cheese,https://buddy.farm/i/cheese/,found,200,https://buddy.farm/i/cheese/,Cheese,1,,
Cheese Wheel,cheese wheel,cheese-wheel,https://buddy.farm/i/cheese-wheel/,found,200,https://buddy.farm/i/cheese-wheel/,Cheese Wheel,1,,
Chocolate Bunny,chocolate bunny,chocolate-bunny,https://buddy.farm/i/chocolate-bunny/,found,200,https://buddy.farm/i/chocolate-bunny/,Chocolate Bunny,1,,
Christmas Card,christmas card,christmas-card,https://buddy.farm/i/christmas-card/,found,200,https://buddy.farm/i/christmas-card/,Christmas Card,1,,
Christmas Present 01,christmas present 01,christmas-present-01,https://buddy.farm/i/christmas-present-01/,found,200,https://buddy.farm/i/christmas-present-01/,Christmas Present 01,1,,
Christmas Present 02,christmas present 02,christmas-present-02,https://buddy.farm/i/christmas-present-02/,found,200,https://buddy.farm/i/christmas-present-02/,Christmas Present 02,1,,
Christmas Present 03,christmas present 03,christmas-present-03,https://buddy.farm/i/christmas-present-03/,found,200,https://buddy.farm/i/christmas-present-03/,Christmas Present 03,1,,
Christmas Present 04,christmas present 04,christmas-present-04,https://buddy.farm/i/christmas-present-04/,found,200,https://buddy.farm/i/christmas-present-04/,Christmas Present 04,1,,
Christmas Present 05,christmas present 05,christmas-present-05,https://buddy.farm/i/christmas-present-05/,found,200,https://buddy.farm/i/christmas-present-05/,Christmas Present 05,1,,
Christmas Present 06,christmas present 06,christmas-present-06,https://buddy.farm/i/christmas-present-06/,found,200,https://buddy.farm/i/christmas-present-06/,Christmas Present 06,1,,
Christmas Present 07,christmas present 07,christmas-present-07,https://buddy.farm/i/christmas-present-07/,found,200,https://buddy.farm/i/christmas-present-07/,Christmas Present 07,1,,
Christmas Present 08,christmas present 08,christmas-present-08,https://buddy.farm/i/christmas-present-08/,found,200,https://buddy.farm/i/christmas-present-08/,Christmas Present 08,1,,
Christmas Present 09,christmas present 09,christmas-present-09,https://buddy.farm/i/christmas-present-09/,found,200,https://buddy.farm/i/christmas-present-09/,Christmas Present 09,1,,
Christmas Present 10,christmas present 10,christmas-present-10,https://buddy.farm/i/christmas-present-10/,found,200,https://buddy.farm/i/christmas-present-10/,Christmas Present 10,1,,
Christmas Present 11,christmas present 11,christmas-present-11,https://buddy.farm/i/christmas-present-11/,found,200,https://buddy.farm/i/christmas-present-11/,Christmas Present 11,1,,
Christmas Present 12,christmas present 12,christmas-present-12,https://buddy.farm/i/christmas-present-12/,found,200,https://buddy.farm/i/christmas-present-12/,Christmas Present 12,1,,
Christmas Stocking,christmas stocking,christmas-stocking,https://buddy.farm/i/christmas-stocking/,found,200,https://buddy.farm/i/christmas-stocking/,Christmas Stocking,1,,
Christmas Sweater,christmas sweater,christmas-sweater,https://buddy.farm/i/christmas-sweater/,found,200,https://buddy.farm/i/christmas-sweater/,Christmas Sweater,1,,
Christmas Tree,christmas tree,christmas-tree,https://buddy.farm/i/christmas-tree/,found,200,https://buddy.farm/i/christmas-tree/,Christmas Tree,1,,
Chum,chum,chum,https://buddy.farm/i/chum/,found,200,https://buddy.farm/i/chum/,Chum,1,,
Cicada,cicada,cicada,https://buddy.farm/i/cicada/,found,200,https://buddy.farm/i/cicada/,Cicada,1,,
Cicada Shell,cicada shell,cicada-shell,https://buddy.farm/i/cicada-shell/,found,200,https://buddy.farm/i/cicada-shell/,Cicada Shell,1,,
Cid Bobblehead,cid bobblehead,cid-bobblehead,https://buddy.farm/i/cid-bobblehead/,found,200,https://buddy.farm/i/cid-bobblehead/,Cid Bobblehead,1,,
Cid's Stone Ale,cid's stone ale,cid-s-stone-ale,https://buddy.farm/i/cid-s-stone-ale/,found,200,https://buddy.farm/i/cid-s-stone-ale/,Cid&#x27;s Stone Ale,1,symbol_cleanup,Punctuation or symbols were cleaned during slug generation.
Circuit Breaker Belt,circuit breaker belt,circuit-breaker-belt,https://buddy.farm/i/circuit-breaker-belt/,found,200,https://buddy.farm/i/circuit-breaker-belt/,Circuit Breaker Belt,1,,
Clam Shell,clam shell,clam-shell,https://buddy.farm/i/clam-shell/,found,200,https://buddy.farm/i/clam-shell/,Clam Shell,1,,
Clawed Card,clawed card,clawed-card,https://buddy.farm/i/clawed-card/,found,200,https://buddy.farm/i/clawed-card/,Clawed Card,1,,
Cleaver,cleaver,cleaver,https://buddy.farm/i/cleaver/,found,200,https://buddy.farm/i/cleaver/,Cleaver,1,,
Cloth,cloth,cloth,https://buddy.farm/i/cloth/,found,200,https://buddy.farm/i/cloth/,Cloth,1,,
Clownfish,clownfish,clownfish,https://buddy.farm/i/clownfish/,found,200,https://buddy.farm/i/clownfish/,Clownfish,1,,
Clubs,clubs,clubs,https://buddy.farm/i/clubs/,found,200,https://buddy.farm/i/clubs/,Clubs,1,,
Coal,coal,coal,https://buddy.farm/i/coal/,found,200,https://buddy.farm/i/coal/,Coal,1,,
Cockatrice Egg,cockatrice egg,cockatrice-egg,https://buddy.farm/i/cockatrice-egg/,found,200,https://buddy.farm/i/cockatrice-egg/,Cockatrice Egg,1,,
Cockatrice Ether Source,cockatrice ether source,cockatrice-ether-source,https://buddy.farm/i/cockatrice-ether-source/,found,200,https://buddy.farm/i/cockatrice-ether-source/,Cockatrice Ether Source,1,,
Coconut,coconut,coconut,https://buddy.farm/i/coconut/,found,200,https://buddy.farm/i/coconut/,Coconut,1,,
Coderanger's Missing Semicolon,coderanger's missing semicolon,coderanger-s-missing-semicolon,https://buddy.farm/i/coderanger-s-missing-semicolon/,found,200,https://buddy.farm/i/coderanger-s-missing-semicolon/,Coderanger&#x27;s Missing Semicolon,1,symbol_cleanup,Punctuation or symbols were cleaned during slug generation.
Cogwheel,cogwheel,cogwheel,https://buddy.farm/i/cogwheel/,found,200,https://buddy.farm/i/cogwheel/,Cogwheel,1,,
Coin Purse,coin purse,coin-purse,https://buddy.farm/i/coin-purse/,found,200,https://buddy.farm/i/coin-purse/,Coin Purse,1,,
Comet,comet,comet,https://buddy.farm/i/comet/,found,200,https://buddy.farm/i/comet/,Comet,1,,
Compass,compass,compass,https://buddy.farm/i/compass/,found,200,https://buddy.farm/i/compass/,Compass,1,,
Conch Shell,conch shell,conch-shell,https://buddy.farm/i/conch-shell/,found,200,https://buddy.farm/i/conch-shell/,Conch Shell,1,,
Concord Grape Pie,concord grape pie,concord-grape-pie,https://buddy.farm/i/concord-grape-pie/,found,200,https://buddy.farm/i/concord-grape-pie/,Concord Grape Pie,1,,
Congratulations Card,congratulations card,congratulations-card,https://buddy.farm/i/congratulations-card/,found,200,https://buddy.farm/i/congratulations-card/,Congratulations Card,1,,
Consumption Belt,consumption belt,consumption-belt,https://buddy.farm/i/consumption-belt/,found,200,https://buddy.farm/i/consumption-belt/,Consumption Belt,1,,
Control Box,control box,control-box,https://buddy.farm/i/control-box/,found,200,https://buddy.farm/i/control-box/,Control Box,1,,
Cooked Fish,cooked fish,cooked-fish,https://buddy.farm/i/cooked-fish/,found,200,https://buddy.farm/i/cooked-fish/,Cooked Fish,1,,
Cooked Turkey,cooked turkey,cooked-turkey,https://buddy.farm/i/cooked-turkey/,found,200,https://buddy.farm/i/cooked-turkey/,Cooked Turkey,1,,
Cooking Pot,cooking pot,cooking-pot,https://buddy.farm/i/cooking-pot/,found,200,https://buddy.farm/i/cooking-pot/,Cooking Pot,1,,
Copper Wire,copper wire,copper-wire,https://buddy.farm/i/copper-wire/,found,200,https://buddy.farm/i/copper-wire/,Copper Wire,1,,
Corn,corn,corn,https://buddy.farm/i/corn/,found,200,https://buddy.farm/i/corn/,Corn,1,,
Corn Ball,corn ball,corn-ball,https://buddy.farm/i/corn-ball/,found,200,https://buddy.farm/i/corn-ball/,Corn Ball,1,,
Corn Bread,corn bread,corn-bread,https://buddy.farm/i/corn-bread/,found,200,https://buddy.farm/i/corn-bread/,Corn Bread,1,,
Corn Buddy Doll,corn buddy doll,corn-buddy-doll,https://buddy.farm/i/corn-buddy-doll/,found,200,https://buddy.farm/i/corn-buddy-doll/,Corn Buddy Doll,1,,
Corn Husk Doll,corn husk doll,corn-husk-doll,https://buddy.farm/i/corn-husk-doll/,found,200,https://buddy.farm/i/corn-husk-doll/,Corn Husk Doll,1,,
Corn Kabob,corn kabob,corn-kabob,https://buddy.farm/i/corn-kabob/,found,200,https://buddy.farm/i/corn-kabob/,Corn Kabob,1,,
Corn Oil,corn oil,corn-oil,https://buddy.farm/i/corn-oil/,found,200,https://buddy.farm/i/corn-oil/,Corn Oil,1,,
Corn Prize Bag,corn prize bag,corn-prize-bag,https://buddy.farm/i/corn-prize-bag/,found,200,https://buddy.farm/i/corn-prize-bag/,Corn Prize Bag,1,,
Corn Seeds,corn seeds,corn-seeds,https://buddy.farm/i/corn-seeds/,found,200,https://buddy.farm/i/corn-seeds/,Corn Seeds,1,,
Corn Speedrun Trophy,corn speedrun trophy,corn-speedrun-trophy,https://buddy.farm/i/corn-speedrun-trophy/,found,200,https://buddy.farm/i/corn-speedrun-trophy/,Corn Speedrun Trophy,1,,
Cornucopia 01,cornucopia 01,cornucopia-01,https://buddy.farm/i/cornucopia-01/,found,200,https://buddy.farm/i/cornucopia-01/,Cornucopia 01,1,,
Cornucopia 02,cornucopia 02,cornucopia-02,https://buddy.farm/i/cornucopia-02/,found,200,https://buddy.farm/i/cornucopia-02/,Cornucopia 02,1,,
Cornucopia 03,cornucopia 03,cornucopia-03,https://buddy.farm/i/cornucopia-03/,found,200,https://buddy.farm/i/cornucopia-03/,Cornucopia 03,1,,
Cotton,cotton,cotton,https://buddy.farm/i/cotton/,found,200,https://buddy.farm/i/cotton/,Cotton,1,,
Cotton Candy,cotton candy,cotton-candy,https://buddy.farm/i/cotton-candy/,found,200,https://buddy.farm/i/cotton-candy/,Cotton Candy,1,,
Cotton Seeds,cotton seeds,cotton-seeds,https://buddy.farm/i/cotton-seeds/,found,200,https://buddy.farm/i/cotton-seeds/,Cotton Seeds,1,,
CptThomas Bobblehead,cptthomas bobblehead,cptthomas-bobblehead,https://buddy.farm/i/cptthomas-bobblehead/,found,200,https://buddy.farm/i/cptthomas-bobblehead/,CptThomas Bobblehead,1,,
Crab,crab,crab,https://buddy.farm/i/crab/,found,200,https://buddy.farm/i/crab/,Crab,1,,
Crab Claw,crab claw,crab-claw,https://buddy.farm/i/crab-claw/,found,200,https://buddy.farm/i/crab-claw/,Crab Claw,1,,
Cranberry Juice,cranberry juice,cranberry-juice,https://buddy.farm/i/cranberry-juice/,found,200,https://buddy.farm/i/cranberry-juice/,Cranberry Juice,1,,
Crappie,crappie,crappie,https://buddy.farm/i/crappie/,found,200,https://buddy.farm/i/crappie/,Crappie,1,,
Cricket,cricket,cricket,https://buddy.farm/i/cricket/,found,200,https://buddy.farm/i/cricket/,Cricket,1,,
Crossbow,crossbow,crossbow,https://buddy.farm/i/crossbow/,found,200,https://buddy.farm/i/crossbow/,Crossbow,1,,
Crowfish,crowfish,crowfish,https://buddy.farm/i/crowfish/,found,200,https://buddy.farm/i/crowfish/,Crowfish,1,,
Crown of Clover,crown of clover,crown-of-clover,https://buddy.farm/i/crown-of-clover/,found,200,https://buddy.farm/i/crown-of-clover/,Crown of Clover,1,,
Crunchy Omelette,crunchy omelette,crunchy-omelette,https://buddy.farm/i/crunchy-omelette/,found,200,https://buddy.farm/i/crunchy-omelette/,Crunchy Omelette,1,,
Crystal Pickaxe,crystal pickaxe,crystal-pickaxe,https://buddy.farm/i/crystal-pickaxe/,found,200,https://buddy.farm/i/crystal-pickaxe/,Crystal Pickaxe,1,,
Cucumber,cucumber,cucumber,https://buddy.farm/i/cucumber/,found,200,https://buddy.farm/i/cucumber/,Cucumber,1,,
Cucumber Seeds,cucumber seeds,cucumber-seeds,https://buddy.farm/i/cucumber-seeds/,found,200,https://buddy.farm/i/cucumber-seeds/,Cucumber Seeds,1,,
Cupid,cupid,cupid,https://buddy.farm/i/cupid/,found,200,https://buddy.farm/i/cupid/,Cupid,1,,
Cupid Buddy Doll,cupid buddy doll,cupid-buddy-doll,https://buddy.farm/i/cupid-buddy-doll/,found,200,https://buddy.farm/i/cupid-buddy-doll/,Cupid Buddy Doll,1,,
Cursed Effigy,cursed effigy,cursed-effigy,https://buddy.farm/i/cursed-effigy/,found,200,https://buddy.farm/i/cursed-effigy/,Cursed Effigy,1,,
Cursed Effigy Body,cursed effigy body,cursed-effigy-body,https://buddy.farm/i/cursed-effigy-body/,found,200,https://buddy.farm/i/cursed-effigy-body/,Cursed Effigy Body,1,,
Cursed Effigy Gem,cursed effigy gem,cursed-effigy-gem,https://buddy.farm/i/cursed-effigy-gem/,found,200,https://buddy.farm/i/cursed-effigy-gem/,Cursed Effigy Gem,1,,
Cursed Effigy Hair,cursed effigy hair,cursed-effigy-hair,https://buddy.farm/i/cursed-effigy-hair/,found,200,https://buddy.farm/i/cursed-effigy-hair/,Cursed Effigy Hair,1,,
Cursed Effigy Head,cursed effigy head,cursed-effigy-head,https://buddy.farm/i/cursed-effigy-head/,found,200,https://buddy.farm/i/cursed-effigy-head/,Cursed Effigy Head,1,,
Cursed Shield,cursed shield,cursed-shield,https://buddy.farm/i/cursed-shield/,found,200,https://buddy.farm/i/cursed-shield/,Cursed Shield,1,,
Cutlass,cutlass,cutlass,https://buddy.farm/i/cutlass/,found,200,https://buddy.farm/i/cutlass/,Cutlass,1,,
Cyclops Spider,cyclops spider,cyclops-spider,https://buddy.farm/i/cyclops-spider/,found,200,https://buddy.farm/i/cyclops-spider/,Cyclops Spider,1,,
Dancer,dancer,dancer,https://buddy.farm/i/dancer/,found,200,https://buddy.farm/i/dancer/,Dancer,1,,
Dasher,dasher,dasher,https://buddy.farm/i/dasher/,found,200,https://buddy.farm/i/dasher/,Dasher,1,,
Desk Calendar,desk calendar,desk-calendar,https://buddy.farm/i/desk-calendar/,found,200,https://buddy.farm/i/desk-calendar/,Desk Calendar,1,,
Dewstar's Journal,dewstar's journal,dewstar-s-journal,https://buddy.farm/i/dewstar-s-journal/,found,200,https://buddy.farm/i/dewstar-s-journal/,Dewstar&#x27;s Journal,1,symbol_cleanup,Punctuation or symbols were cleaned during slug generation.
Diamond,diamond,diamond,https://buddy.farm/i/diamond/,found,200,https://buddy.farm/i/diamond/,Diamond,1,,
Diamonds,diamonds,diamonds,https://buddy.farm/i/diamonds/,found,200,https://buddy.farm/i/diamonds/,Diamonds,1,,
Diary of O'Dynn,diary of o'dynn,diary-of-o-dynn,https://buddy.farm/i/diary-of-o-dynn/,found,200,https://buddy.farm/i/diary-of-o-dynn/,Diary of O&#x27;Dynn,1,symbol_cleanup,Punctuation or symbols were cleaned during slug generation.
Dice,dice,dice,https://buddy.farm/i/dice/,found,200,https://buddy.farm/i/dice/,Dice,1,,
Dino Buddy Doll,dino buddy doll,dino-buddy-doll,https://buddy.farm/i/dino-buddy-doll/,found,200,https://buddy.farm/i/dino-buddy-doll/,Dino Buddy Doll,1,,
Diving Helmet,diving helmet,diving-helmet,https://buddy.farm/i/diving-helmet/,found,200,https://buddy.farm/i/diving-helmet/,Diving Helmet,1,,
Donner,donner,donner,https://buddy.farm/i/donner/,found,200,https://buddy.farm/i/donner/,Donner,1,,
Dragon Heart,dragon heart,dragon-heart,https://buddy.farm/i/dragon-heart/,found,200,https://buddy.farm/i/dragon-heart/,Dragon Heart,1,,
Dragon Skull,dragon skull,dragon-skull,https://buddy.farm/i/dragon-skull/,found,200,https://buddy.farm/i/dragon-skull/,Dragon Skull,1,,
Dragonfly,dragonfly,dragonfly,https://buddy.farm/i/dragonfly/,found,200,https://buddy.farm/i/dragonfly/,Dragonfly,1,,
Dream Nail,dream nail,dream-nail,https://buddy.farm/i/dream-nail/,found,200,https://buddy.farm/i/dream-nail/,Dream Nail,1,,
Drink Bundle,drink bundle,drink-bundle,https://buddy.farm/i/drink-bundle/,found,200,https://buddy.farm/i/drink-bundle/,Drink Bundle,1,,
Drum,drum,drum,https://buddy.farm/i/drum/,found,200,https://buddy.farm/i/drum/,Drum,1,,
Duck Egg,duck egg,duck-egg,https://buddy.farm/i/duck-egg/,found,200,https://buddy.farm/i/duck-egg/,Duck Egg,1,,
Duck Feather,duck feather,duck-feather,https://buddy.farm/i/duck-feather/,found,200,https://buddy.farm/i/duck-feather/,Duck Feather,1,,
Egg 01,egg 01,egg-01,https://buddy.farm/i/egg-01/,found,200,https://buddy.farm/i/egg-01/,Egg 01,1,,
Egg 02,egg 02,egg-02,https://buddy.farm/i/egg-02/,found,200,https://buddy.farm/i/egg-02/,Egg 02,1,,
Egg 03,egg 03,egg-03,https://buddy.farm/i/egg-03/,found,200,https://buddy.farm/i/egg-03/,Egg 03,1,,
Egg 04,egg 04,egg-04,https://buddy.farm/i/egg-04/,found,200,https://buddy.farm/i/egg-04/,Egg 04,1,,
Egg 05,egg 05,egg-05,https://buddy.farm/i/egg-05/,found,200,https://buddy.farm/i/egg-05/,Egg 05,1,,
Egg 06,egg 06,egg-06,https://buddy.farm/i/egg-06/,found,200,https://buddy.farm/i/egg-06/,Egg 06,1,,
Egg 07,egg 07,egg-07,https://buddy.farm/i/egg-07/,found,200,https://buddy.farm/i/egg-07/,Egg 07,1,,
Egg 08,egg 08,egg-08,https://buddy.farm/i/egg-08/,found,200,https://buddy.farm/i/egg-08/,Egg 08,1,,
Egg 09,egg 09,egg-09,https://buddy.farm/i/egg-09/,found,200,https://buddy.farm/i/egg-09/,Egg 09,1,,
Egg 10,egg 10,egg-10,https://buddy.farm/i/egg-10/,found,200,https://buddy.farm/i/egg-10/,Egg 10,1,,
Egg 11,egg 11,egg-11,https://buddy.farm/i/egg-11/,found,200,https://buddy.farm/i/egg-11/,Egg 11,1,,
Egg 12,egg 12,egg-12,https://buddy.farm/i/egg-12/,found,200,https://buddy.farm/i/egg-12/,Egg 12,1,,
Egg Basket,egg basket,egg-basket,https://buddy.farm/i/egg-basket/,found,200,https://buddy.farm/i/egg-basket/,Egg Basket,1,,
Egg of Ages,egg of ages,egg-of-ages,https://buddy.farm/i/egg-of-ages/,found,200,https://buddy.farm/i/egg-of-ages/,Egg of Ages,1,,
Egg of Air,egg of air,egg-of-air,https://buddy.farm/i/egg-of-air/,found,200,https://buddy.farm/i/egg-of-air/,Egg of Air,1,,
Egg of Chaos,egg of chaos,egg-of-chaos,https://buddy.farm/i/egg-of-chaos/,found,200,https://buddy.farm/i/egg-of-chaos/,Egg of Chaos,1,,
Egg of Chicken,egg of chicken,egg-of-chicken,https://buddy.farm/i/egg-of-chicken/,found,200,https://buddy.farm/i/egg-of-chicken/,Egg of Chicken,1,,
Egg of Duck,egg of duck,egg-of-duck,https://buddy.farm/i/egg-of-duck/,found,200,https://buddy.farm/i/egg-of-duck/,Egg of Duck,1,,
Egg of Earth,egg of earth,egg-of-earth,https://buddy.farm/i/egg-of-earth/,found,200,https://buddy.farm/i/egg-of-earth/,Egg of Earth,1,,
Egg of Fire,egg of fire,egg-of-fire,https://buddy.farm/i/egg-of-fire/,found,200,https://buddy.farm/i/egg-of-fire/,Egg of Fire,1,,
Egg of Life,egg of life,egg-of-life,https://buddy.farm/i/egg-of-life/,found,200,https://buddy.farm/i/egg-of-life/,Egg of Life,1,,
Egg of Light,egg of light,egg-of-light,https://buddy.farm/i/egg-of-light/,found,200,https://buddy.farm/i/egg-of-light/,Egg of Light,1,,
Egg of Shadow,egg of shadow,egg-of-shadow,https://buddy.farm/i/egg-of-shadow/,found,200,https://buddy.farm/i/egg-of-shadow/,Egg of Shadow,1,,
Egg of Space,egg of space,egg-of-space,https://buddy.farm/i/egg-of-space/,found,200,https://buddy.farm/i/egg-of-space/,Egg of Space,1,,
Egg of Tree,egg of tree,egg-of-tree,https://buddy.farm/i/egg-of-tree/,found,200,https://buddy.farm/i/egg-of-tree/,Egg of Tree,1,,
Egg of Water,egg of water,egg-of-water,https://buddy.farm/i/egg-of-water/,found,200,https://buddy.farm/i/egg-of-water/,Egg of Water,1,,
Egg of Zeal,egg of zeal,egg-of-zeal,https://buddy.farm/i/egg-of-zeal/,found,200,https://buddy.farm/i/egg-of-zeal/,Egg of Zeal,1,,
Eggplant,eggplant,eggplant,https://buddy.farm/i/eggplant/,found,200,https://buddy.farm/i/eggplant/,Eggplant,1,,
Eggplant Seeds,eggplant seeds,eggplant-seeds,https://buddy.farm/i/eggplant-seeds/,found,200,https://buddy.farm/i/eggplant-seeds/,Eggplant Seeds,1,,
Eggs,eggs,eggs,https://buddy.farm/i/eggs/,found,200,https://buddy.farm/i/eggs/,Eggs,1,,
Egyptian Necklace,egyptian necklace,egyptian-necklace,https://buddy.farm/i/egyptian-necklace/,found,200,https://buddy.farm/i/egyptian-necklace/,Egyptian Necklace,1,,
Embershard,embershard,embershard,https://buddy.farm/i/embershard/,found,200,https://buddy.farm/i/embershard/,Embershard,1,,
Emberstone,emberstone,emberstone,https://buddy.farm/i/emberstone/,found,200,https://buddy.farm/i/emberstone/,Emberstone,1,,
Emerald,emerald,emerald,https://buddy.farm/i/emerald/,found,200,https://buddy.farm/i/emerald/,Emerald,1,,
Emerald Ring,emerald ring,emerald-ring,https://buddy.farm/i/emerald-ring/,found,200,https://buddy.farm/i/emerald-ring/,Emerald Ring,1,,
Energy Coil,energy coil,energy-coil,https://buddy.farm/i/energy-coil/,found,200,https://buddy.farm/i/energy-coil/,Energy Coil,1,,
Energy Core,energy core,energy-core,https://buddy.farm/i/energy-core/,found,200,https://buddy.farm/i/energy-core/,Energy Core,1,,
Engine,engine,engine,https://buddy.farm/i/engine/,found,200,https://buddy.farm/i/engine/,Engine,1,,
Esperium,esperium,esperium,https://buddy.farm/i/esperium/,found,200,https://buddy.farm/i/esperium/,Esperium,1,,
Essence of Slime,essence of slime,essence-of-slime,https://buddy.farm/i/essence-of-slime/,found,200,https://buddy.farm/i/essence-of-slime/,Essence of Slime,1,,
Event Key,event key,event-key,https://buddy.farm/i/event-key/,found,200,https://buddy.farm/i/event-key/,Event Key,1,,
Event Token,event token,event-token,https://buddy.farm/i/event-token/,found,200,https://buddy.farm/i/event-token/,Event Token,1,,
Event Token Purse,event token purse,event-token-purse,https://buddy.farm/i/event-token-purse/,found,200,https://buddy.farm/i/event-token-purse/,Event Token Purse,1,,
Expired Ticket,expired ticket,expired-ticket,https://buddy.farm/i/expired-ticket/,found,200,https://buddy.farm/i/expired-ticket/,Expired Ticket,1,,
Explosive,explosive,explosive,https://buddy.farm/i/explosive/,found,200,https://buddy.farm/i/explosive/,Explosive,1,,
Eye Patch,eye patch,eye-patch,https://buddy.farm/i/eye-patch/,found,200,https://buddy.farm/i/eye-patch/,Eye Patch,1,,
Fairy Crystal,fairy crystal,fairy-crystal,https://buddy.farm/i/fairy-crystal/,found,200,https://buddy.farm/i/fairy-crystal/,Fairy Crystal,1,,
Fall Basket,fall basket,fall-basket,https://buddy.farm/i/fall-basket/,found,200,https://buddy.farm/i/fall-basket/,Fall Basket,1,,
Fall Leaves,fall leaves,fall-leaves,https://buddy.farm/i/fall-leaves/,found,200,https://buddy.farm/i/fall-leaves/,Fall Leaves,1,,
Fancy Box,fancy box,fancy-box,https://buddy.farm/i/fancy-box/,found,200,https://buddy.farm/i/fancy-box/,Fancy Box,1,,
Fancy Chair,fancy chair,fancy-chair,https://buddy.farm/i/fancy-chair/,found,200,https://buddy.farm/i/fancy-chair/,Fancy Chair,1,,
Fancy Clock,fancy clock,fancy-clock,https://buddy.farm/i/fancy-clock/,found,200,https://buddy.farm/i/fancy-clock/,Fancy Clock,1,,
Fancy Drum,fancy drum,fancy-drum,https://buddy.farm/i/fancy-drum/,found,200,https://buddy.farm/i/fancy-drum/,Fancy Drum,1,,
Fancy Guitar,fancy guitar,fancy-guitar,https://buddy.farm/i/fancy-guitar/,found,200,https://buddy.farm/i/fancy-guitar/,Fancy Guitar,1,,
Fancy Pan Flute,fancy pan flute,fancy-pan-flute,https://buddy.farm/i/fancy-pan-flute/,found,200,https://buddy.farm/i/fancy-pan-flute/,Fancy Pan Flute,1,,
Fancy Pillow,fancy pillow,fancy-pillow,https://buddy.farm/i/fancy-pillow/,found,200,https://buddy.farm/i/fancy-pillow/,Fancy Pillow,1,,
Fancy Pipe,fancy pipe,fancy-pipe,https://buddy.farm/i/fancy-pipe/,found,200,https://buddy.farm/i/fancy-pipe/,Fancy Pipe,1,,
Fancy Present,fancy present,fancy-present,https://buddy.farm/i/fancy-present/,found,200,https://buddy.farm/i/fancy-present/,Fancy Present,1,,
Fancy Shoe,fancy shoe,fancy-shoe,https://buddy.farm/i/fancy-shoe/,found,200,https://buddy.farm/i/fancy-shoe/,Fancy Shoe,1,,
Fancy Sword,fancy sword,fancy-sword,https://buddy.farm/i/fancy-sword/,found,200,https://buddy.farm/i/fancy-sword/,Fancy Sword,1,,
Fancy Table,fancy table,fancy-table,https://buddy.farm/i/fancy-table/,found,200,https://buddy.farm/i/fancy-table/,Fancy Table,1,,
Fancy Violin,fancy violin,fancy-violin,https://buddy.farm/i/fancy-violin/,found,200,https://buddy.farm/i/fancy-violin/,Fancy Violin,1,,
Fangs,fangs,fangs,https://buddy.farm/i/fangs/,found,200,https://buddy.farm/i/fangs/,Fangs,1,,
Fantastic Buddy Doll,fantastic buddy doll,fantastic-buddy-doll,https://buddy.farm/i/fantastic-buddy-doll/,found,200,https://buddy.farm/i/fantastic-buddy-doll/,Fantastic Buddy Doll,1,,
Feathers,feathers,feathers,https://buddy.farm/i/feathers/,found,200,https://buddy.farm/i/feathers/,Feathers,1,,
Feed,feed,feed,https://buddy.farm/i/feed/,found,200,https://buddy.farm/i/feed/,Feed,1,,
Fenrir's Coin,fenrir's coin,fenrir-s-coin,https://buddy.farm/i/fenrir-s-coin/,found,200,https://buddy.farm/i/fenrir-s-coin/,Fenrir&#x27;s Coin,1,symbol_cleanup,Punctuation or symbols were cleaned during slug generation.
Fern Leaf,fern leaf,fern-leaf,https://buddy.farm/i/fern-leaf/,found,200,https://buddy.farm/i/fern-leaf/,Fern Leaf,1,,
Festive Eggnog,festive eggnog,festive-eggnog,https://buddy.farm/i/festive-eggnog/,found,200,https://buddy.farm/i/festive-eggnog/,Festive Eggnog,1,,
Fire Ant,fire ant,fire-ant,https://buddy.farm/i/fire-ant/,found,200,https://buddy.farm/i/fire-ant/,Fire Ant,1,,
Fire Ant Farm,fire ant farm,fire-ant-farm,https://buddy.farm/i/fire-ant-farm/,found,200,https://buddy.farm/i/fire-ant-farm/,Fire Ant Farm,1,,
Fire Crystal,fire crystal,fire-crystal,https://buddy.farm/i/fire-crystal/,found,200,https://buddy.farm/i/fire-crystal/,Fire Crystal,1,,
Firestream's Magic Wire,firestream's magic wire,firestream-s-magic-wire,https://buddy.farm/i/firestream-s-magic-wire/,found,200,https://buddy.farm/i/firestream-s-magic-wire/,Firestream&#x27;s Magic Wire,1,symbol_cleanup,Punctuation or symbols were cleaned during slug generation.
Fireworks,fireworks,fireworks,https://buddy.farm/i/fireworks/,found,200,https://buddy.farm/i/fireworks/,Fireworks,1,,
Fish and Chips,fish and chips,fish-and-chips,https://buddy.farm/i/fish-and-chips/,found,200,https://buddy.farm/i/fish-and-chips/,Fish and Chips,1,,
Fish Biscuit,fish biscuit,fish-biscuit,https://buddy.farm/i/fish-biscuit/,found,200,https://buddy.farm/i/fish-biscuit/,Fish Biscuit,1,,
Fish Bones,fish bones,fish-bones,https://buddy.farm/i/fish-bones/,found,200,https://buddy.farm/i/fish-bones/,Fish Bones,1,,
Fishing Hook,fishing hook,fishing-hook,https://buddy.farm/i/fishing-hook/,found,200,https://buddy.farm/i/fishing-hook/,Fishing Hook,1,,
Fishing Net,fishing net,fishing-net,https://buddy.farm/i/fishing-net/,found,200,https://buddy.farm/i/fishing-net/,Fishing Net,1,,
Five Point Mace,five point mace,five-point-mace,https://buddy.farm/i/five-point-mace/,found,200,https://buddy.farm/i/five-point-mace/,Five Point Mace,1,,
Flame Orb,flame orb,flame-orb,https://buddy.farm/i/flame-orb/,found,200,https://buddy.farm/i/flame-orb/,Flame Orb,1,,
Flamejack,flamejack,flamejack,https://buddy.farm/i/flamejack/,found,200,https://buddy.farm/i/flamejack/,Flamejack,1,,
Flarefin,flarefin,flarefin,https://buddy.farm/i/flarefin/,found,200,https://buddy.farm/i/flarefin/,Flarefin,1,,
Flarite,flarite,flarite,https://buddy.farm/i/flarite/,found,200,https://buddy.farm/i/flarite/,Flarite,1,,
Flier,flier,flier,https://buddy.farm/i/flier/,found,200,https://buddy.farm/i/flier/,Flier,1,,
Flour,flour,flour,https://buddy.farm/i/flour/,found,200,https://buddy.farm/i/flour/,Flour,1,,
Fluorifish,fluorifish,fluorifish,https://buddy.farm/i/fluorifish/,found,200,https://buddy.farm/i/fluorifish/,Fluorifish,1,,
Flying Machine,flying machine,flying-machine,https://buddy.farm/i/flying-machine/,found,200,https://buddy.farm/i/flying-machine/,Flying Machine,1,,
Flywheel,flywheel,flywheel,https://buddy.farm/i/flywheel/,found,200,https://buddy.farm/i/flywheel/,Flywheel,1,,
Forcepath's Book of Quest Requirements,forcepath's book of quest requirements,forcepath-s-book-of-quest-requirements,https://buddy.farm/i/forcepath-s-book-of-quest-requirements/,found,200,https://buddy.farm/i/forcepath-s-book-of-quest-requirements/,Forcepath&#x27;s Book of Quest Requirements,1,symbol_cleanup,Punctuation or symbols were cleaned during slug generation.
Fossilized Frog,fossilized frog,fossilized-frog,https://buddy.farm/i/fossilized-frog/,found,200,https://buddy.farm/i/fossilized-frog/,Fossilized Frog,1,,
Fossilized Leaf,fossilized leaf,fossilized-leaf,https://buddy.farm/i/fossilized-leaf/,found,200,https://buddy.farm/i/fossilized-leaf/,Fossilized Leaf,1,,
Fossilized Print,fossilized print,fossilized-print,https://buddy.farm/i/fossilized-print/,found,200,https://buddy.farm/i/fossilized-print/,Fossilized Print,1,,
Fossilized Shell,fossilized shell,fossilized-shell,https://buddy.farm/i/fossilized-shell/,found,200,https://buddy.farm/i/fossilized-shell/,Fossilized Shell,1,,
frank Bobblehead,frank bobblehead,frank-bobblehead,https://buddy.farm/i/frank-bobblehead/,found,200,https://buddy.farm/i/frank-bobblehead/,frank Bobblehead,1,,
frank's Basket,frank's basket,frank-s-basket,https://buddy.farm/i/frank-s-basket/,found,200,https://buddy.farm/i/frank-s-basket/,frank&#x27;s Basket,1,symbol_cleanup,Punctuation or symbols were cleaned during slug generation.
frank's Bunny Mask,frank's bunny mask,frank-s-bunny-mask,https://buddy.farm/i/frank-s-bunny-mask/,found,200,https://buddy.farm/i/frank-s-bunny-mask/,frank&#x27;s Bunny Mask,1,symbol_cleanup,Punctuation or symbols were cleaned during slug generation.
Freaky Picture,freaky picture,freaky-picture,https://buddy.farm/i/freaky-picture/,found,200,https://buddy.farm/i/freaky-picture/,Freaky Picture,1,,
Friendship Bag 01,friendship bag 01,friendship-bag-01,https://buddy.farm/i/friendship-bag-01/,found,200,https://buddy.farm/i/friendship-bag-01/,Friendship Bag 01,1,,
Friendship Bracelet,friendship bracelet,friendship-bracelet,https://buddy.farm/i/friendship-bracelet/,found,200,https://buddy.farm/i/friendship-bracelet/,Friendship Bracelet,1,,
Frog,frog,frog,https://buddy.farm/i/frog/,found,200,https://buddy.farm/i/frog/,Frog,1,,
Frost Shield,frost shield,frost-shield,https://buddy.farm/i/frost-shield/,found,200,https://buddy.farm/i/frost-shield/,Frost Shield,1,,
Frost Snapper Shell,frost snapper shell,frost-snapper-shell,https://buddy.farm/i/frost-snapper-shell/,found,200,https://buddy.farm/i/frost-snapper-shell/,Frost Snapper Shell,1,,
Frosteye,frosteye,frosteye,https://buddy.farm/i/frosteye/,found,200,https://buddy.farm/i/frosteye/,Frosteye,1,,
Frozen Angelfish,frozen angelfish,frozen-angelfish,https://buddy.farm/i/frozen-angelfish/,found,200,https://buddy.farm/i/frozen-angelfish/,Frozen Angelfish,1,,
Frozen Biter,frozen biter,frozen-biter,https://buddy.farm/i/frozen-biter/,found,200,https://buddy.farm/i/frozen-biter/,Frozen Biter,1,,
Frozen Bones,frozen bones,frozen-bones,https://buddy.farm/i/frozen-bones/,found,200,https://buddy.farm/i/frozen-bones/,Frozen Bones,1,,
Frozen Book,frozen book,frozen-book,https://buddy.farm/i/frozen-book/,found,200,https://buddy.farm/i/frozen-book/,Frozen Book,1,,
Frozen Boot,frozen boot,frozen-boot,https://buddy.farm/i/frozen-boot/,found,200,https://buddy.farm/i/frozen-boot/,Frozen Boot,1,,
Frozen Bouquet,frozen bouquet,frozen-bouquet,https://buddy.farm/i/frozen-bouquet/,found,200,https://buddy.farm/i/frozen-bouquet/,Frozen Bouquet,1,,
Frozen Buddy Doll,frozen buddy doll,frozen-buddy-doll,https://buddy.farm/i/frozen-buddy-doll/,found,200,https://buddy.farm/i/frozen-buddy-doll/,Frozen Buddy Doll,1,,
Frozen Cabbage,frozen cabbage,frozen-cabbage,https://buddy.farm/i/frozen-cabbage/,found,200,https://buddy.farm/i/frozen-cabbage/,Frozen Cabbage,1,,
Frozen Catfish,frozen catfish,frozen-catfish,https://buddy.farm/i/frozen-catfish/,found,200,https://buddy.farm/i/frozen-catfish/,Frozen Catfish,1,,
Frozen Chest 01,frozen chest 01,frozen-chest-01,https://buddy.farm/i/frozen-chest-01/,found,200,https://buddy.farm/i/frozen-chest-01/,Frozen Chest 01,1,,
Frozen Chest 02,frozen chest 02,frozen-chest-02,https://buddy.farm/i/frozen-chest-02/,found,200,https://buddy.farm/i/frozen-chest-02/,Frozen Chest 02,1,,
Frozen Chest 03,frozen chest 03,frozen-chest-03,https://buddy.farm/i/frozen-chest-03/,found,200,https://buddy.farm/i/frozen-chest-03/,Frozen Chest 03,1,,
Frozen Coin,frozen coin,frozen-coin,https://buddy.farm/i/frozen-coin/,found,200,https://buddy.farm/i/frozen-coin/,Frozen Coin,1,,
Frozen Corn,frozen corn,frozen-corn,https://buddy.farm/i/frozen-corn/,found,200,https://buddy.farm/i/frozen-corn/,Frozen Corn,1,,
Frozen Crab Claw,frozen crab claw,frozen-crab-claw,https://buddy.farm/i/frozen-crab-claw/,found,200,https://buddy.farm/i/frozen-crab-claw/,Frozen Crab Claw,1,,
Frozen Dagger,frozen dagger,frozen-dagger,https://buddy.farm/i/frozen-dagger/,found,200,https://buddy.farm/i/frozen-dagger/,Frozen Dagger,1,,
Frozen Feather,frozen feather,frozen-feather,https://buddy.farm/i/frozen-feather/,found,200,https://buddy.farm/i/frozen-feather/,Frozen Feather,1,,
Frozen Fishing Net,frozen fishing net,frozen-fishing-net,https://buddy.farm/i/frozen-fishing-net/,found,200,https://buddy.farm/i/frozen-fishing-net/,Frozen Fishing Net,1,,
Frozen Hops,frozen hops,frozen-hops,https://buddy.farm/i/frozen-hops/,found,200,https://buddy.farm/i/frozen-hops/,Frozen Hops,1,,
Frozen Jelly,frozen jelly,frozen-jelly,https://buddy.farm/i/frozen-jelly/,found,200,https://buddy.farm/i/frozen-jelly/,Frozen Jelly,1,,
Frozen Large Net,frozen large net,frozen-large-net,https://buddy.farm/i/frozen-large-net/,found,200,https://buddy.farm/i/frozen-large-net/,Frozen Large Net,1,,
Frozen Lobster,frozen lobster,frozen-lobster,https://buddy.farm/i/frozen-lobster/,found,200,https://buddy.farm/i/frozen-lobster/,Frozen Lobster,1,,
Frozen Manta Ray,frozen manta ray,frozen-manta-ray,https://buddy.farm/i/frozen-manta-ray/,found,200,https://buddy.farm/i/frozen-manta-ray/,Frozen Manta Ray,1,,
Frozen Peas,frozen peas,frozen-peas,https://buddy.farm/i/frozen-peas/,found,200,https://buddy.farm/i/frozen-peas/,Frozen Peas,1,,
Frozen Pine,frozen pine,frozen-pine,https://buddy.farm/i/frozen-pine/,found,200,https://buddy.farm/i/frozen-pine/,Frozen Pine,1,,
Frozen Playground Key,frozen playground key,frozen-playground-key,https://buddy.farm/i/frozen-playground-key/,found,200,https://buddy.farm/i/frozen-playground-key/,Frozen Playground Key,1,,
Frozen Radish,frozen radish,frozen-radish,https://buddy.farm/i/frozen-radish/,found,200,https://buddy.farm/i/frozen-radish/,Frozen Radish,1,,
Frozen Sheepshead,frozen sheepshead,frozen-sheepshead,https://buddy.farm/i/frozen-sheepshead/,found,200,https://buddy.farm/i/frozen-sheepshead/,Frozen Sheepshead,1,,
Frozen Shell,frozen shell,frozen-shell,https://buddy.farm/i/frozen-shell/,found,200,https://buddy.farm/i/frozen-shell/,Frozen Shell,1,,
Frozen Skull,frozen skull,frozen-skull,https://buddy.farm/i/frozen-skull/,found,200,https://buddy.farm/i/frozen-skull/,Frozen Skull,1,,
Frozen Spyfish,frozen spyfish,frozen-spyfish,https://buddy.farm/i/frozen-spyfish/,found,200,https://buddy.farm/i/frozen-spyfish/,Frozen Spyfish,1,,
Frozen Squid,frozen squid,frozen-squid,https://buddy.farm/i/frozen-squid/,found,200,https://buddy.farm/i/frozen-squid/,Frozen Squid,1,,
Frozen Starfish,frozen starfish,frozen-starfish,https://buddy.farm/i/frozen-starfish/,found,200,https://buddy.farm/i/frozen-starfish/,Frozen Starfish,1,,
Frozen Tomato,frozen tomato,frozen-tomato,https://buddy.farm/i/frozen-tomato/,found,200,https://buddy.farm/i/frozen-tomato/,Frozen Tomato,1,,
Frozen Wheel,frozen wheel,frozen-wheel,https://buddy.farm/i/frozen-wheel/,found,200,https://buddy.farm/i/frozen-wheel/,Frozen Wheel,1,,
Fruit Punch,fruit punch,fruit-punch,https://buddy.farm/i/fruit-punch/,found,200,https://buddy.farm/i/fruit-punch/,Fruit Punch,1,,
Fuji Apple,fuji apple,fuji-apple,https://buddy.farm/i/fuji-apple/,found,200,https://buddy.farm/i/fuji-apple/,Fuji Apple,1,,
Fungus Processing and You,fungus processing and you,fungus-processing-and-you,https://buddy.farm/i/fungus-processing-and-you/,found,200,https://buddy.farm/i/fungus-processing-and-you/,Fungus Processing and You,1,,
Fuzzy Bunny,fuzzy bunny,fuzzy-bunny,https://buddy.farm/i/fuzzy-bunny/,found,200,https://buddy.farm/i/fuzzy-bunny/,Fuzzy Bunny,1,,
Fuzzy Chick 01,fuzzy chick 01,fuzzy-chick-01,https://buddy.farm/i/fuzzy-chick-01/,found,200,https://buddy.farm/i/fuzzy-chick-01/,Fuzzy Chick 01,1,,
Fuzzy Chick 02,fuzzy chick 02,fuzzy-chick-02,https://buddy.farm/i/fuzzy-chick-02/,found,200,https://buddy.farm/i/fuzzy-chick-02/,Fuzzy Chick 02,1,,
Fuzzy Chick 03,fuzzy chick 03,fuzzy-chick-03,https://buddy.farm/i/fuzzy-chick-03/,found,200,https://buddy.farm/i/fuzzy-chick-03/,Fuzzy Chick 03,1,,
Fuzzy Chick 04,fuzzy chick 04,fuzzy-chick-04,https://buddy.farm/i/fuzzy-chick-04/,found,200,https://buddy.farm/i/fuzzy-chick-04/,Fuzzy Chick 04,1,,
Fuzzy Chick 05,fuzzy chick 05,fuzzy-chick-05,https://buddy.farm/i/fuzzy-chick-05/,found,200,https://buddy.farm/i/fuzzy-chick-05/,Fuzzy Chick 05,1,,
Fuzzy Chick 06,fuzzy chick 06,fuzzy-chick-06,https://buddy.farm/i/fuzzy-chick-06/,found,200,https://buddy.farm/i/fuzzy-chick-06/,Fuzzy Chick 06,1,,
Fuzzy Chick 07,fuzzy chick 07,fuzzy-chick-07,https://buddy.farm/i/fuzzy-chick-07/,found,200,https://buddy.farm/i/fuzzy-chick-07/,Fuzzy Chick 07,1,,
Fuzzy Chick 08,fuzzy chick 08,fuzzy-chick-08,https://buddy.farm/i/fuzzy-chick-08/,found,200,https://buddy.farm/i/fuzzy-chick-08/,Fuzzy Chick 08,1,,
Fuzzy Chick 09,fuzzy chick 09,fuzzy-chick-09,https://buddy.farm/i/fuzzy-chick-09/,found,200,https://buddy.farm/i/fuzzy-chick-09/,Fuzzy Chick 09,1,,
Fuzzy Chick 10,fuzzy chick 10,fuzzy-chick-10,https://buddy.farm/i/fuzzy-chick-10/,found,200,https://buddy.farm/i/fuzzy-chick-10/,Fuzzy Chick 10,1,,
Fuzzy Chick 11,fuzzy chick 11,fuzzy-chick-11,https://buddy.farm/i/fuzzy-chick-11/,found,200,https://buddy.farm/i/fuzzy-chick-11/,Fuzzy Chick 11,1,,
Fuzzy Chick 12,fuzzy chick 12,fuzzy-chick-12,https://buddy.farm/i/fuzzy-chick-12/,found,200,https://buddy.farm/i/fuzzy-chick-12/,Fuzzy Chick 12,1,,
Fuzzy Egg,fuzzy egg,fuzzy-egg,https://buddy.farm/i/fuzzy-egg/,found,200,https://buddy.farm/i/fuzzy-egg/,Fuzzy Egg,1,,
Gainite,gainite,gainite,https://buddy.farm/i/gainite/,found,200,https://buddy.farm/i/gainite/,Gainite,1,,
Gare Bear,gare bear,gare-bear,https://buddy.farm/i/gare-bear/,found,200,https://buddy.farm/i/gare-bear/,Gare Bear,1,,
Garlic,garlic,garlic,https://buddy.farm/i/garlic/,found,200,https://buddy.farm/i/garlic/,Garlic,1,,
Garnet,garnet,garnet,https://buddy.farm/i/garnet/,found,200,https://buddy.farm/i/garnet/,Garnet,1,,
Garnet Ring,garnet ring,garnet-ring,https://buddy.farm/i/garnet-ring/,found,200,https://buddy.farm/i/garnet-ring/,Garnet Ring,1,,
Gary Bobblehead,gary bobblehead,gary-bobblehead,https://buddy.farm/i/gary-bobblehead/,found,200,https://buddy.farm/i/gary-bobblehead/,Gary Bobblehead,1,,
Gary's Crushroom Key,gary's crushroom key,gary-s-crushroom-key,https://buddy.farm/i/gary-s-crushroom-key/,found,200,https://buddy.farm/i/gary-s-crushroom-key/,Gary&#x27;s Crushroom Key,1,symbol_cleanup,Punctuation or symbols were cleaned during slug generation.
Gary's Diary Page 12,gary's diary page 12,gary-s-diary-page-12,https://buddy.farm/i/gary-s-diary-page-12/,found,200,https://buddy.farm/i/gary-s-diary-page-12/,Gary&#x27;s Diary Page 12,1,symbol_cleanup,Punctuation or symbols were cleaned during slug generation.
Gary's Diary Page 36,gary's diary page 36,gary-s-diary-page-36,https://buddy.farm/i/gary-s-diary-page-36/,found,200,https://buddy.farm/i/gary-s-diary-page-36/,Gary&#x27;s Diary Page 36,1,symbol_cleanup,Punctuation or symbols were cleaned during slug generation.
Gary's Diary Page 77,gary's diary page 77,gary-s-diary-page-77,https://buddy.farm/i/gary-s-diary-page-77/,found,200,https://buddy.farm/i/gary-s-diary-page-77/,Gary&#x27;s Diary Page 77,1,symbol_cleanup,Punctuation or symbols were cleaned during slug generation.
Gary's Diary Page 86,gary's diary page 86,gary-s-diary-page-86,https://buddy.farm/i/gary-s-diary-page-86/,found,200,https://buddy.farm/i/gary-s-diary-page-86/,Gary&#x27;s Diary Page 86,1,symbol_cleanup,Punctuation or symbols were cleaned during slug generation.
Gazebo,gazebo,gazebo,https://buddy.farm/i/gazebo/,found,200,https://buddy.farm/i/gazebo/,Gazebo,1,,
Geist Bobblehead,geist bobblehead,geist-bobblehead,https://buddy.farm/i/geist-bobblehead/,found,200,https://buddy.farm/i/geist-bobblehead/,Geist Bobblehead,1,,
George Bobblehead,george bobblehead,george-bobblehead,https://buddy.farm/i/george-bobblehead/,found,200,https://buddy.farm/i/george-bobblehead/,George Bobblehead,1,,
George's Acorn Pie,george's acorn pie,george-s-acorn-pie,https://buddy.farm/i/george-s-acorn-pie/,found,200,https://buddy.farm/i/george-s-acorn-pie/,George&#x27;s Acorn Pie,1,symbol_cleanup,Punctuation or symbols were cleaned during slug generation.
George's Onion Soup,george's onion soup,george-s-onion-soup,https://buddy.farm/i/george-s-onion-soup/,found,200,https://buddy.farm/i/george-s-onion-soup/,George&#x27;s Onion Soup,1,symbol_cleanup,Punctuation or symbols were cleaned during slug generation.
Get Well Soon Card,get well soon card,get-well-soon-card,https://buddy.farm/i/get-well-soon-card/,found,200,https://buddy.farm/i/get-well-soon-card/,Get Well Soon Card,1,,
Ghost Buddy Doll,ghost buddy doll,ghost-buddy-doll,https://buddy.farm/i/ghost-buddy-doll/,found,200,https://buddy.farm/i/ghost-buddy-doll/,Ghost Buddy Doll,1,,
Ghost Candy,ghost candy,ghost-candy,https://buddy.farm/i/ghost-candy/,found,200,https://buddy.farm/i/ghost-candy/,Ghost Candy,1,,
Ghost Jelly,ghost jelly,ghost-jelly,https://buddy.farm/i/ghost-jelly/,found,200,https://buddy.farm/i/ghost-jelly/,Ghost Jelly,1,,
Giant Centipede,giant centipede,giant-centipede,https://buddy.farm/i/giant-centipede/,found,200,https://buddy.farm/i/giant-centipede/,Giant Centipede,1,,
Giant Squid,giant squid,giant-squid,https://buddy.farm/i/giant-squid/,found,200,https://buddy.farm/i/giant-squid/,Giant Squid,1,,
Gift Basket 01,gift basket 01,gift-basket-01,https://buddy.farm/i/gift-basket-01/,found,200,https://buddy.farm/i/gift-basket-01/,Gift Basket 01,1,,
Gift Basket 02,gift basket 02,gift-basket-02,https://buddy.farm/i/gift-basket-02/,found,200,https://buddy.farm/i/gift-basket-02/,Gift Basket 02,1,,
Gingerbread Buddy Doll,gingerbread buddy doll,gingerbread-buddy-doll,https://buddy.farm/i/gingerbread-buddy-doll/,found,200,https://buddy.farm/i/gingerbread-buddy-doll/,Gingerbread Buddy Doll,1,,
Gingerbread House,gingerbread house,gingerbread-house,https://buddy.farm/i/gingerbread-house/,found,200,https://buddy.farm/i/gingerbread-house/,Gingerbread House,1,,
Gingerbread Man,gingerbread man,gingerbread-man,https://buddy.farm/i/gingerbread-man/,found,200,https://buddy.farm/i/gingerbread-man/,Gingerbread Man,1,,
Giving Box 01,giving box 01,giving-box-01,https://buddy.farm/i/giving-box-01/,found,200,https://buddy.farm/i/giving-box-01/,Giving Box 01,1,,
Glacierstone,glacierstone,glacierstone,https://buddy.farm/i/glacierstone/,found,200,https://buddy.farm/i/glacierstone/,Glacierstone,1,,
Glass Bottle,glass bottle,glass-bottle,https://buddy.farm/i/glass-bottle/,found,200,https://buddy.farm/i/glass-bottle/,Glass Bottle,1,,
Glass Eye Urchin,glass eye urchin,glass-eye-urchin,https://buddy.farm/i/glass-eye-urchin/,found,200,https://buddy.farm/i/glass-eye-urchin/,Glass Eye Urchin,1,,
Glass Eyes,glass eyes,glass-eyes,https://buddy.farm/i/glass-eyes/,found,200,https://buddy.farm/i/glass-eyes/,Glass Eyes,1,,
Glass Jar,glass jar,glass-jar,https://buddy.farm/i/glass-jar/,found,200,https://buddy.farm/i/glass-jar/,Glass Jar,1,,
Glass Orb,glass orb,glass-orb,https://buddy.farm/i/glass-orb/,found,200,https://buddy.farm/i/glass-orb/,Glass Orb,1,,
Glassback,glassback,glassback,https://buddy.farm/i/glassback/,found,200,https://buddy.farm/i/glassback/,Glassback,1,,
Globber,globber,globber,https://buddy.farm/i/globber/,found,200,https://buddy.farm/i/globber/,Globber,1,,
Glowing Lantern,glowing lantern,glowing-lantern,https://buddy.farm/i/glowing-lantern/,found,200,https://buddy.farm/i/glowing-lantern/,Glowing Lantern,1,,
Glowshroom,glowshroom,glowshroom,https://buddy.farm/i/glowshroom/,found,200,https://buddy.farm/i/glowshroom/,Glowshroom,1,,
Gold Apple,gold apple,gold-apple,https://buddy.farm/i/gold-apple/,found,200,https://buddy.farm/i/gold-apple/,Gold Apple,1,,
Gold Aquamarine Ring,gold aquamarine ring,gold-aquamarine-ring,https://buddy.farm/i/gold-aquamarine-ring/,found,200,https://buddy.farm/i/gold-aquamarine-ring/,Gold Aquamarine Ring,1,,
Gold Boot,gold boot,gold-boot,https://buddy.farm/i/gold-boot/,found,200,https://buddy.farm/i/gold-boot/,Gold Boot,1,,
Gold Buddy Sweater,gold buddy sweater,gold-buddy-sweater,https://buddy.farm/i/gold-buddy-sweater/,found,200,https://buddy.farm/i/gold-buddy-sweater/,Gold Buddy Sweater,1,,
Gold Carrot,gold carrot,gold-carrot,https://buddy.farm/i/gold-carrot/,found,200,https://buddy.farm/i/gold-carrot/,Gold Carrot,1,,
Gold Carrot Seeds,gold carrot seeds,gold-carrot-seeds,https://buddy.farm/i/gold-carrot-seeds/,found,200,https://buddy.farm/i/gold-carrot-seeds/,Gold Carrot Seeds,1,,
Gold Catfish,gold catfish,gold-catfish,https://buddy.farm/i/gold-catfish/,found,200,https://buddy.farm/i/gold-catfish/,Gold Catfish,1,,
Gold Coral,gold coral,gold-coral,https://buddy.farm/i/gold-coral/,found,200,https://buddy.farm/i/gold-coral/,Gold Coral,1,,
Gold Crab,gold crab,gold-crab,https://buddy.farm/i/gold-crab/,found,200,https://buddy.farm/i/gold-crab/,Gold Crab,1,,
Gold Cucumber,gold cucumber,gold-cucumber,https://buddy.farm/i/gold-cucumber/,found,200,https://buddy.farm/i/gold-cucumber/,Gold Cucumber,1,,
Gold Cucumber Seeds,gold cucumber seeds,gold-cucumber-seeds,https://buddy.farm/i/gold-cucumber-seeds/,found,200,https://buddy.farm/i/gold-cucumber-seeds/,Gold Cucumber Seeds,1,,
Gold Diamond Ring,gold diamond ring,gold-diamond-ring,https://buddy.farm/i/gold-diamond-ring/,found,200,https://buddy.farm/i/gold-diamond-ring/,Gold Diamond Ring,1,,
Gold Drum,gold drum,gold-drum,https://buddy.farm/i/gold-drum/,found,200,https://buddy.farm/i/gold-drum/,Gold Drum,1,,
Gold Egg,gold egg,gold-egg,https://buddy.farm/i/gold-egg/,found,200,https://buddy.farm/i/gold-egg/,Gold Egg,1,,
Gold Eggplant,gold eggplant,gold-eggplant,https://buddy.farm/i/gold-eggplant/,found,200,https://buddy.farm/i/gold-eggplant/,Gold Eggplant,1,,
Gold Eggplant Seeds,gold eggplant seeds,gold-eggplant-seeds,https://buddy.farm/i/gold-eggplant-seeds/,found,200,https://buddy.farm/i/gold-eggplant-seeds/,Gold Eggplant Seeds,1,,
Gold Emerald Ring,gold emerald ring,gold-emerald-ring,https://buddy.farm/i/gold-emerald-ring/,found,200,https://buddy.farm/i/gold-emerald-ring/,Gold Emerald Ring,1,,
Gold Feather,gold feather,gold-feather,https://buddy.farm/i/gold-feather/,found,200,https://buddy.farm/i/gold-feather/,Gold Feather,1,,
Gold Feed,gold feed,gold-feed,https://buddy.farm/i/gold-feed/,found,200,https://buddy.farm/i/gold-feed/,Gold Feed,1,,
Gold Flier,gold flier,gold-flier,https://buddy.farm/i/gold-flier/,found,200,https://buddy.farm/i/gold-flier/,Gold Flier,1,,
Gold Garnet Ring,gold garnet ring,gold-garnet-ring,https://buddy.farm/i/gold-garnet-ring/,found,200,https://buddy.farm/i/gold-garnet-ring/,Gold Garnet Ring,1,,
Gold Horseshoe,gold horseshoe,gold-horseshoe,https://buddy.farm/i/gold-horseshoe/,found,200,https://buddy.farm/i/gold-horseshoe/,Gold Horseshoe,1,,
Gold Jade Ring,gold jade ring,gold-jade-ring,https://buddy.farm/i/gold-jade-ring/,found,200,https://buddy.farm/i/gold-jade-ring/,Gold Jade Ring,1,,
Gold Jelly,gold jelly,gold-jelly,https://buddy.farm/i/gold-jelly/,found,200,https://buddy.farm/i/gold-jelly/,Gold Jelly,1,,
Gold King Apple,gold king apple,gold-king-apple,https://buddy.farm/i/gold-king-apple/,found,200,https://buddy.farm/i/gold-king-apple/,Gold King Apple,1,,
Gold Laurel,gold laurel,gold-laurel,https://buddy.farm/i/gold-laurel/,found,200,https://buddy.farm/i/gold-laurel/,Gold Laurel,1,,
Gold Leaf,gold leaf,gold-leaf,https://buddy.farm/i/gold-leaf/,found,200,https://buddy.farm/i/gold-leaf/,Gold Leaf,1,,
Gold Lemon Quartz Ring,gold lemon quartz ring,gold-lemon-quartz-ring,https://buddy.farm/i/gold-lemon-quartz-ring/,found,200,https://buddy.farm/i/gold-lemon-quartz-ring/,Gold Lemon Quartz Ring,1,,
Gold Mittens,gold mittens,gold-mittens,https://buddy.farm/i/gold-mittens/,found,200,https://buddy.farm/i/gold-mittens/,Gold Mittens,1,,
Gold Pea Seeds,gold pea seeds,gold-pea-seeds,https://buddy.farm/i/gold-pea-seeds/,found,200,https://buddy.farm/i/gold-pea-seeds/,Gold Pea Seeds,1,,
Gold Peas,gold peas,gold-peas,https://buddy.farm/i/gold-peas/,found,200,https://buddy.farm/i/gold-peas/,Gold Peas,1,,
Gold Pepper Seeds,gold pepper seeds,gold-pepper-seeds,https://buddy.farm/i/gold-pepper-seeds/,found,200,https://buddy.farm/i/gold-pepper-seeds/,Gold Pepper Seeds,1,,
Gold Peppers,gold peppers,gold-peppers,https://buddy.farm/i/gold-peppers/,found,200,https://buddy.farm/i/gold-peppers/,Gold Peppers,1,,
Gold Potato,gold potato,gold-potato,https://buddy.farm/i/gold-potato/,found,200,https://buddy.farm/i/gold-potato/,Gold Potato,1,,
Gold Ring,gold ring,gold-ring,https://buddy.farm/i/gold-ring/,found,200,https://buddy.farm/i/gold-ring/,Gold Ring,1,,
Gold Ruby Ring,gold ruby ring,gold-ruby-ring,https://buddy.farm/i/gold-ruby-ring/,found,200,https://buddy.farm/i/gold-ruby-ring/,Gold Ruby Ring,1,,
Gold Rudolph,gold rudolph,gold-rudolph,https://buddy.farm/i/gold-rudolph/,found,200,https://buddy.farm/i/gold-rudolph/,Gold Rudolph,1,,
Gold Sea Bass,gold sea bass,gold-sea-bass,https://buddy.farm/i/gold-sea-bass/,found,200,https://buddy.farm/i/gold-sea-bass/,Gold Sea Bass,1,,
Gold Sea Crest,gold sea crest,gold-sea-crest,https://buddy.farm/i/gold-sea-crest/,found,200,https://buddy.farm/i/gold-sea-crest/,Gold Sea Crest,1,,
Gold Seed Bag 01,gold seed bag 01,gold-seed-bag-01,https://buddy.farm/i/gold-seed-bag-01/,found,200,https://buddy.farm/i/gold-seed-bag-01/,Gold Seed Bag 01,1,,
Gold Shamrock,gold shamrock,gold-shamrock,https://buddy.farm/i/gold-shamrock/,found,200,https://buddy.farm/i/gold-shamrock/,Gold Shamrock,1,,
Gold Slimeback,gold slimeback,gold-slimeback,https://buddy.farm/i/gold-slimeback/,found,200,https://buddy.farm/i/gold-slimeback/,Gold Slimeback,1,,
Gold Trout,gold trout,gold-trout,https://buddy.farm/i/gold-trout/,found,200,https://buddy.farm/i/gold-trout/,Gold Trout,1,,
Gold Wreath,gold wreath,gold-wreath,https://buddy.farm/i/gold-wreath/,found,200,https://buddy.farm/i/gold-wreath/,Gold Wreath,1,,
Goldfin,goldfin,goldfin,https://buddy.farm/i/goldfin/,found,200,https://buddy.farm/i/goldfin/,Goldfin,1,,
Goldfish,goldfish,goldfish,https://buddy.farm/i/goldfish/,found,200,https://buddy.farm/i/goldfish/,Goldfish,1,,
Goldgill,goldgill,goldgill,https://buddy.farm/i/goldgill/,found,200,https://buddy.farm/i/goldgill/,Goldgill,1,,
Goldjack,goldjack,goldjack,https://buddy.farm/i/goldjack/,found,200,https://buddy.farm/i/goldjack/,Goldjack,1,,
Goldray,goldray,goldray,https://buddy.farm/i/goldray/,found,200,https://buddy.farm/i/goldray/,Goldray,1,,
Good Luck Card,good luck card,good-luck-card,https://buddy.farm/i/good-luck-card/,found,200,https://buddy.farm/i/good-luck-card/,Good Luck Card,1,,
Goostav Bobblehead,goostav bobblehead,goostav-bobblehead,https://buddy.farm/i/goostav-bobblehead/,found,200,https://buddy.farm/i/goostav-bobblehead/,Goostav Bobblehead,1,,
Gouda,gouda,gouda,https://buddy.farm/i/gouda/,found,200,https://buddy.farm/i/gouda/,Gouda,1,,
Grab Bag 01,grab bag 01,grab-bag-01,https://buddy.farm/i/grab-bag-01/,found,200,https://buddy.farm/i/grab-bag-01/,Grab Bag 01,1,,
Grab Bag 02,grab bag 02,grab-bag-02,https://buddy.farm/i/grab-bag-02/,found,200,https://buddy.farm/i/grab-bag-02/,Grab Bag 02,1,,
Grab Bag 03,grab bag 03,grab-bag-03,https://buddy.farm/i/grab-bag-03/,found,200,https://buddy.farm/i/grab-bag-03/,Grab Bag 03,1,,
Grab Bag 04,grab bag 04,grab-bag-04,https://buddy.farm/i/grab-bag-04/,found,200,https://buddy.farm/i/grab-bag-04/,Grab Bag 04,1,,
Grab Bag 05,grab bag 05,grab-bag-05,https://buddy.farm/i/grab-bag-05/,found,200,https://buddy.farm/i/grab-bag-05/,Grab Bag 05,1,,
Grab Bag 06,grab bag 06,grab-bag-06,https://buddy.farm/i/grab-bag-06/,found,200,https://buddy.farm/i/grab-bag-06/,Grab Bag 06,1,,
Grab Bag 07,grab bag 07,grab-bag-07,https://buddy.farm/i/grab-bag-07/,found,200,https://buddy.farm/i/grab-bag-07/,Grab Bag 07,1,,
Grab Bag 08,grab bag 08,grab-bag-08,https://buddy.farm/i/grab-bag-08/,found,200,https://buddy.farm/i/grab-bag-08/,Grab Bag 08,1,,
Grand Piano,grand piano,grand-piano,https://buddy.farm/i/grand-piano/,found,200,https://buddy.farm/i/grand-piano/,Grand Piano,1,,
Grape Juice,grape juice,grape-juice,https://buddy.farm/i/grape-juice/,found,200,https://buddy.farm/i/grape-juice/,Grape Juice,1,,
Grapes,grapes,grapes,https://buddy.farm/i/grapes/,found,200,https://buddy.farm/i/grapes/,Grapes,1,,
Grasshopper,grasshopper,grasshopper,https://buddy.farm/i/grasshopper/,found,200,https://buddy.farm/i/grasshopper/,Grasshopper,1,,
Gravy Boat,gravy boat,gravy-boat,https://buddy.farm/i/gravy-boat/,found,200,https://buddy.farm/i/gravy-boat/,Gravy Boat,1,,
Green Apple,green apple,green-apple,https://buddy.farm/i/green-apple/,found,200,https://buddy.farm/i/green-apple/,Green Apple,1,,
Green Backpack,green backpack,green-backpack,https://buddy.farm/i/green-backpack/,found,200,https://buddy.farm/i/green-backpack/,Green Backpack,1,,
Green Barracuda,green barracuda,green-barracuda,https://buddy.farm/i/green-barracuda/,found,200,https://buddy.farm/i/green-barracuda/,Green Barracuda,1,,
Green Butterfly,green butterfly,green-butterfly,https://buddy.farm/i/green-butterfly/,found,200,https://buddy.farm/i/green-butterfly/,Green Butterfly,1,,
Green Chromis,green chromis,green-chromis,https://buddy.farm/i/green-chromis/,found,200,https://buddy.farm/i/green-chromis/,Green Chromis,1,,
Green Cloak,green cloak,green-cloak,https://buddy.farm/i/green-cloak/,found,200,https://buddy.farm/i/green-cloak/,Green Cloak,1,,
Green Diary,green diary,green-diary,https://buddy.farm/i/green-diary/,found,200,https://buddy.farm/i/green-diary/,Green Diary,1,,
Green Dye,green dye,green-dye,https://buddy.farm/i/green-dye/,found,200,https://buddy.farm/i/green-dye/,Green Dye,1,,
Green Halite,green halite,green-halite,https://buddy.farm/i/green-halite/,found,200,https://buddy.farm/i/green-halite/,Green Halite,1,,
Green Jellyfish,green jellyfish,green-jellyfish,https://buddy.farm/i/green-jellyfish/,found,200,https://buddy.farm/i/green-jellyfish/,Green Jellyfish,1,,
Green Ornament,green ornament,green-ornament,https://buddy.farm/i/green-ornament/,found,200,https://buddy.farm/i/green-ornament/,Green Ornament,1,,
Green Parchment,green parchment,green-parchment,https://buddy.farm/i/green-parchment/,found,200,https://buddy.farm/i/green-parchment/,Green Parchment,1,,
Green Rubee,green rubee,green-rubee,https://buddy.farm/i/green-rubee/,found,200,https://buddy.farm/i/green-rubee/,Green Rubee,1,,
Green Scarf,green scarf,green-scarf,https://buddy.farm/i/green-scarf/,found,200,https://buddy.farm/i/green-scarf/,Green Scarf,1,,
Green Shield,green shield,green-shield,https://buddy.farm/i/green-shield/,found,200,https://buddy.farm/i/green-shield/,Green Shield,1,,
Green Shirt,green shirt,green-shirt,https://buddy.farm/i/green-shirt/,found,200,https://buddy.farm/i/green-shirt/,Green Shirt,1,,
Green Top Hat,green top hat,green-top-hat,https://buddy.farm/i/green-top-hat/,found,200,https://buddy.farm/i/green-top-hat/,Green Top Hat,1,,
Green Torpedo,green torpedo,green-torpedo,https://buddy.farm/i/green-torpedo/,found,200,https://buddy.farm/i/green-torpedo/,Green Torpedo,1,,
Green Twine,green twine,green-twine,https://buddy.farm/i/green-twine/,found,200,https://buddy.farm/i/green-twine/,Green Twine,1,,
Groundhog Buddy Doll,groundhog buddy doll,groundhog-buddy-doll,https://buddy.farm/i/groundhog-buddy-doll/,found,200,https://buddy.farm/i/groundhog-buddy-doll/,Groundhog Buddy Doll,1,,
Growth Medallion I,growth medallion i,growth-medallion-i,https://buddy.farm/i/growth-medallion-i/,found,200,https://buddy.farm/i/growth-medallion-i/,Growth Medallion I,1,,
Growth Medallion II,growth medallion ii,growth-medallion-ii,https://buddy.farm/i/growth-medallion-ii/,found,200,https://buddy.farm/i/growth-medallion-ii/,Growth Medallion II,1,,
Grubs,grubs,grubs,https://buddy.farm/i/grubs/,found,200,https://buddy.farm/i/grubs/,Grubs,1,,
Gummy Globber,gummy globber,gummy-globber,https://buddy.farm/i/gummy-globber/,found,200,https://buddy.farm/i/gummy-globber/,Gummy Globber,1,,
Gummy Worms,gummy worms,gummy-worms,https://buddy.farm/i/gummy-worms/,found,200,https://buddy.farm/i/gummy-worms/,Gummy Worms,1,,
Hammer,hammer,hammer,https://buddy.farm/i/hammer/,found,200,https://buddy.farm/i/hammer/,Hammer,1,,
Handsaw,handsaw,handsaw,https://buddy.farm/i/handsaw/,found,200,https://buddy.farm/i/handsaw/,Handsaw,1,,
Happy Cookies,happy cookies,happy-cookies,https://buddy.farm/i/happy-cookies/,found,200,https://buddy.farm/i/happy-cookies/,Happy Cookies,1,,
Happy Farmiversary Card,happy farmiversary card,happy-farmiversary-card,https://buddy.farm/i/happy-farmiversary-card/,found,200,https://buddy.farm/i/happy-farmiversary-card/,Happy Farmiversary Card,1,,
Happy Halloween Card,happy halloween card,happy-halloween-card,https://buddy.farm/i/happy-halloween-card/,found,200,https://buddy.farm/i/happy-halloween-card/,Happy Halloween Card,1,,
Harpoon,harpoon,harpoon,https://buddy.farm/i/harpoon/,found,200,https://buddy.farm/i/harpoon/,Harpoon,1,,
Headdress of Luna,headdress of luna,headdress-of-luna,https://buddy.farm/i/headdress-of-luna/,found,200,https://buddy.farm/i/headdress-of-luna/,Headdress of Luna,1,,
Heart Candies,heart candies,heart-candies,https://buddy.farm/i/heart-candies/,found,200,https://buddy.farm/i/heart-candies/,Heart Candies,1,,
Heart Container,heart container,heart-container,https://buddy.farm/i/heart-container/,found,200,https://buddy.farm/i/heart-container/,Heart Container,1,,
Heart Necklace,heart necklace,heart-necklace,https://buddy.farm/i/heart-necklace/,found,200,https://buddy.farm/i/heart-necklace/,Heart Necklace,1,,
Heart Necklace Left Piece,heart necklace left piece,heart-necklace-left-piece,https://buddy.farm/i/heart-necklace-left-piece/,found,200,https://buddy.farm/i/heart-necklace-left-piece/,Heart Necklace Left Piece,1,,
Heart Necklace Right Piece,heart necklace right piece,heart-necklace-right-piece,https://buddy.farm/i/heart-necklace-right-piece/,found,200,https://buddy.farm/i/heart-necklace-right-piece/,Heart Necklace Right Piece,1,,
Heart-shaped Box 01,heart-shaped box 01,heart-shaped-box-01,https://buddy.farm/i/heart-shaped-box-01/,found,200,https://buddy.farm/i/heart-shaped-box-01/,Heart-shaped Box 01,1,symbol_cleanup,Punctuation or symbols were cleaned during slug generation.
Heart-shaped Box 02,heart-shaped box 02,heart-shaped-box-02,https://buddy.farm/i/heart-shaped-box-02/,found,200,https://buddy.farm/i/heart-shaped-box-02/,Heart-shaped Box 02,1,symbol_cleanup,Punctuation or symbols were cleaned during slug generation.
Heart-shaped Box 03,heart-shaped box 03,heart-shaped-box-03,https://buddy.farm/i/heart-shaped-box-03/,found,200,https://buddy.farm/i/heart-shaped-box-03/,Heart-shaped Box 03,1,symbol_cleanup,Punctuation or symbols were cleaned during slug generation.
Heart-shaped Gem,heart-shaped gem,heart-shaped-gem,https://buddy.farm/i/heart-shaped-gem/,found,200,https://buddy.farm/i/heart-shaped-gem/,Heart-shaped Gem,1,symbol_cleanup,Punctuation or symbols were cleaned during slug generation.
Hearts,hearts,hearts,https://buddy.farm/i/hearts/,found,200,https://buddy.farm/i/hearts/,Hearts,1,,
Hensods's Bonsai,hensods's bonsai,hensods-s-bonsai,https://buddy.farm/i/hensods-s-bonsai/,found,200,https://buddy.farm/i/hensods-s-bonsai/,Hensods&#x27;s Bonsai,1,symbol_cleanup,Punctuation or symbols were cleaned during slug generation.
Herbs,herbs,herbs,https://buddy.farm/i/herbs/,found,200,https://buddy.farm/i/herbs/,Herbs,1,,
Hessian's Axe,hessian's axe,hessian-s-axe,https://buddy.farm/i/hessian-s-axe/,found,200,https://buddy.farm/i/hessian-s-axe/,Hessian&#x27;s Axe,1,symbol_cleanup,Punctuation or symbols were cleaned during slug generation.
Hickory Omelette,hickory omelette,hickory-omelette,https://buddy.farm/i/hickory-omelette/,found,200,https://buddy.farm/i/hickory-omelette/,Hickory Omelette,1,,
Hide,hide,hide,https://buddy.farm/i/hide/,found,200,https://buddy.farm/i/hide/,Hide,1,,
Hockey Mask,hockey mask,hockey-mask,https://buddy.farm/i/hockey-mask/,found,200,https://buddy.farm/i/hockey-mask/,Hockey Mask,1,,
Holger Bobblehead,holger bobblehead,holger-bobblehead,https://buddy.farm/i/holger-bobblehead/,found,200,https://buddy.farm/i/holger-bobblehead/,Holger Bobblehead,1,,
Holger's Lunch Box,holger's lunch box,holger-s-lunch-box,https://buddy.farm/i/holger-s-lunch-box/,found,200,https://buddy.farm/i/holger-s-lunch-box/,Holger&#x27;s Lunch Box,1,symbol_cleanup,Punctuation or symbols were cleaned during slug generation.
Holger's Mushroom Stew,holger's mushroom stew,holger-s-mushroom-stew,https://buddy.farm/i/holger-s-mushroom-stew/,found,200,https://buddy.farm/i/holger-s-mushroom-stew/,Holger&#x27;s Mushroom Stew,1,symbol_cleanup,Punctuation or symbols were cleaned during slug generation.
Holiday Cake,holiday cake,holiday-cake,https://buddy.farm/i/holiday-cake/,found,200,https://buddy.farm/i/holiday-cake/,Holiday Cake,1,,
Holiday Candles,holiday candles,holiday-candles,https://buddy.farm/i/holiday-candles/,found,200,https://buddy.farm/i/holiday-candles/,Holiday Candles,1,,
Holiday Cheer Bundle 01,holiday cheer bundle 01,holiday-cheer-bundle-01,https://buddy.farm/i/holiday-cheer-bundle-01/,found,200,https://buddy.farm/i/holiday-cheer-bundle-01/,Holiday Cheer Bundle 01,1,,
Holiday Garland,holiday garland,holiday-garland,https://buddy.farm/i/holiday-garland/,found,200,https://buddy.farm/i/holiday-garland/,Holiday Garland,1,,
Holiday Wreath,holiday wreath,holiday-wreath,https://buddy.farm/i/holiday-wreath/,found,200,https://buddy.farm/i/holiday-wreath/,Holiday Wreath,1,,
Honey,honey,honey,https://buddy.farm/i/honey/,found,200,https://buddy.farm/i/honey/,Honey,1,,
Honeycomb,honeycomb,honeycomb,https://buddy.farm/i/honeycomb/,found,200,https://buddy.farm/i/honeycomb/,Honeycomb,1,,
Honeysuckle,honeysuckle,honeysuckle,https://buddy.farm/i/honeysuckle/,found,200,https://buddy.farm/i/honeysuckle/,Honeysuckle,1,,
Hops,hops,hops,https://buddy.farm/i/hops/,found,200,https://buddy.farm/i/hops/,Hops,1,,
Hops Seeds,hops seeds,hops-seeds,https://buddy.farm/i/hops-seeds/,found,200,https://buddy.farm/i/hops-seeds/,Hops Seeds,1,,
Horn,horn,horn,https://buddy.farm/i/horn/,found,200,https://buddy.farm/i/horn/,Horn,1,,
Horn Canteen,horn canteen,horn-canteen,https://buddy.farm/i/horn-canteen/,found,200,https://buddy.farm/i/horn-canteen/,Horn Canteen,1,,
Horned Beetle,horned beetle,horned-beetle,https://buddy.farm/i/horned-beetle/,found,200,https://buddy.farm/i/horned-beetle/,Horned Beetle,1,,
Horseman's Belt,horseman's belt,horseman-s-belt,https://buddy.farm/i/horseman-s-belt/,found,200,https://buddy.farm/i/horseman-s-belt/,Horseman&#x27;s Belt,1,symbol_cleanup,Punctuation or symbols were cleaned during slug generation.
Horseshoe,horseshoe,horseshoe,https://buddy.farm/i/horseshoe/,found,200,https://buddy.farm/i/horseshoe/,Horseshoe,1,,
Hot Cocoa,hot cocoa,hot-cocoa,https://buddy.farm/i/hot-cocoa/,found,200,https://buddy.farm/i/hot-cocoa/,Hot Cocoa,1,,
Hot Potato,hot potato,hot-potato,https://buddy.farm/i/hot-potato/,found,200,https://buddy.farm/i/hot-potato/,Hot Potato,1,,
Hotdog Buddy Doll,hotdog buddy doll,hotdog-buddy-doll,https://buddy.farm/i/hotdog-buddy-doll/,found,200,https://buddy.farm/i/hotdog-buddy-doll/,Hotdog Buddy Doll,1,,
Hourglass,hourglass,hourglass,https://buddy.farm/i/hourglass/,found,200,https://buddy.farm/i/hourglass/,Hourglass,1,,
Hummingbird Feeder,hummingbird feeder,hummingbird-feeder,https://buddy.farm/i/hummingbird-feeder/,found,200,https://buddy.farm/i/hummingbird-feeder/,Hummingbird Feeder,1,,
Ice Scraper,ice scraper,ice-scraper,https://buddy.farm/i/ice-scraper/,found,200,https://buddy.farm/i/ice-scraper/,Ice Scraper,1,,
Ice Shark,ice shark,ice-shark,https://buddy.farm/i/ice-shark/,found,200,https://buddy.farm/i/ice-shark/,Ice Shark,1,,
Iced Tea,iced tea,iced-tea,https://buddy.farm/i/iced-tea/,found,200,https://buddy.farm/i/iced-tea/,Iced Tea,1,,
Inferno Pepper,inferno pepper,inferno-pepper,https://buddy.farm/i/inferno-pepper/,found,200,https://buddy.farm/i/inferno-pepper/,Inferno Pepper,1,,
Inferno Ring,inferno ring,inferno-ring,https://buddy.farm/i/inferno-ring/,found,200,https://buddy.farm/i/inferno-ring/,Inferno Ring,1,,
Inferno Sphere,inferno sphere,inferno-sphere,https://buddy.farm/i/inferno-sphere/,found,200,https://buddy.farm/i/inferno-sphere/,Inferno Sphere,1,,
Iron,iron,iron,https://buddy.farm/i/iron/,found,200,https://buddy.farm/i/iron/,Iron,1,,
Iron Cup,iron cup,iron-cup,https://buddy.farm/i/iron-cup/,found,200,https://buddy.farm/i/iron-cup/,Iron Cup,1,,
Iron Ring,iron ring,iron-ring,https://buddy.farm/i/iron-ring/,found,200,https://buddy.farm/i/iron-ring/,Iron Ring,1,,
Jack-o-key,jack-o-key,jack-o-key,https://buddy.farm/i/jack-o-key/,found,200,https://buddy.farm/i/jack-o-key/,Jack-o-key,1,symbol_cleanup,Punctuation or symbols were cleaned during slug generation.
Jack-o-lantern,jack-o-lantern,jack-o-lantern,https://buddy.farm/i/jack-o-lantern/,found,200,https://buddy.farm/i/jack-o-lantern/,Jack-o-lantern,1,symbol_cleanup,Punctuation or symbols were cleaned during slug generation.
Jade,jade,jade,https://buddy.farm/i/jade/,found,200,https://buddy.farm/i/jade/,Jade,1,,
Jade Charm,jade charm,jade-charm,https://buddy.farm/i/jade-charm/,found,200,https://buddy.farm/i/jade-charm/,Jade Charm,1,,
Jadeite,jadeite,jadeite,https://buddy.farm/i/jadeite/,found,200,https://buddy.farm/i/jadeite/,Jadeite,1,,
Jar of Pickles,jar of pickles,jar-of-pickles,https://buddy.farm/i/jar-of-pickles/,found,200,https://buddy.farm/i/jar-of-pickles/,Jar of Pickles,1,,
Jellyfish,jellyfish,jellyfish,https://buddy.farm/i/jellyfish/,found,200,https://buddy.farm/i/jellyfish/,Jellyfish,1,,
Jester Buddy Doll,jester buddy doll,jester-buddy-doll,https://buddy.farm/i/jester-buddy-doll/,found,200,https://buddy.farm/i/jester-buddy-doll/,Jester Buddy Doll,1,,
Jill Bobblehead,jill bobblehead,jill-bobblehead,https://buddy.farm/i/jill-bobblehead/,found,200,https://buddy.farm/i/jill-bobblehead/,Jill Bobblehead,1,,
Jill's Quandary Chowder,jill's quandary chowder,jill-s-quandary-chowder,https://buddy.farm/i/jill-s-quandary-chowder/,found,200,https://buddy.farm/i/jill-s-quandary-chowder/,Jill&#x27;s Quandary Chowder,1,symbol_cleanup,Punctuation or symbols were cleaned during slug generation.
Joker,joker,joker,https://buddy.farm/i/joker/,found,200,https://buddy.farm/i/joker/,Joker,1,,
Jumbo Fish,jumbo fish,jumbo-fish,https://buddy.farm/i/jumbo-fish/,found,200,https://buddy.farm/i/jumbo-fish/,Jumbo Fish,1,,
Keeper Trapper,keeper trapper,keeper-trapper,https://buddy.farm/i/keeper-trapper/,found,200,https://buddy.farm/i/keeper-trapper/,Keeper Trapper,1,,
Keyglobe,keyglobe,keyglobe,https://buddy.farm/i/keyglobe/,found,200,https://buddy.farm/i/keyglobe/,Keyglobe,1,,
Kill Switch,kill switch,kill-switch,https://buddy.farm/i/kill-switch/,found,200,https://buddy.farm/i/kill-switch/,Kill Switch,1,,
King Apple,king apple,king-apple,https://buddy.farm/i/king-apple/,found,200,https://buddy.farm/i/king-apple/,King Apple,1,,
King Cake,king cake,king-cake,https://buddy.farm/i/king-cake/,found,200,https://buddy.farm/i/king-cake/,King Cake,1,,
Kite Kite,kite kite,kite-kite,https://buddy.farm/i/kite-kite/,found,200,https://buddy.farm/i/kite-kite/,Kite Kite,1,,
Krampus Buddy Doll,krampus buddy doll,krampus-buddy-doll,https://buddy.farm/i/krampus-buddy-doll/,found,200,https://buddy.farm/i/krampus-buddy-doll/,Krampus Buddy Doll,1,,
Labubuddy Doll,labubuddy doll,labubuddy-doll,https://buddy.farm/i/labubuddy-doll/,found,200,https://buddy.farm/i/labubuddy-doll/,Labubuddy Doll,1,,
Ladder,ladder,ladder,https://buddy.farm/i/ladder/,found,200,https://buddy.farm/i/ladder/,Ladder,1,,
Langstaff Crest,langstaff crest,langstaff-crest,https://buddy.farm/i/langstaff-crest/,found,200,https://buddy.farm/i/langstaff-crest/,Langstaff Crest,1,,
Lantern,lantern,lantern,https://buddy.farm/i/lantern/,found,200,https://buddy.farm/i/lantern/,Lantern,1,,
Lapis Lazuli,lapis lazuli,lapis-lazuli,https://buddy.farm/i/lapis-lazuli/,found,200,https://buddy.farm/i/lapis-lazuli/,Lapis Lazuli,1,,
Large Chest 01,large chest 01,large-chest-01,https://buddy.farm/i/large-chest-01/,found,200,https://buddy.farm/i/large-chest-01/,Large Chest 01,1,,
Large Chest 02,large chest 02,large-chest-02,https://buddy.farm/i/large-chest-02/,found,200,https://buddy.farm/i/large-chest-02/,Large Chest 02,1,,
Large Chest 03,large chest 03,large-chest-03,https://buddy.farm/i/large-chest-03/,found,200,https://buddy.farm/i/large-chest-03/,Large Chest 03,1,,
Large Clam Shell,large clam shell,large-clam-shell,https://buddy.farm/i/large-clam-shell/,found,200,https://buddy.farm/i/large-clam-shell/,Large Clam Shell,1,,
Large Net,large net,large-net,https://buddy.farm/i/large-net/,found,200,https://buddy.farm/i/large-net/,Large Net,1,,
Largemouth Bass,largemouth bass,largemouth-bass,https://buddy.farm/i/largemouth-bass/,found,200,https://buddy.farm/i/largemouth-bass/,Largemouth Bass,1,,
Lava Ring,lava ring,lava-ring,https://buddy.farm/i/lava-ring/,found,200,https://buddy.farm/i/lava-ring/,Lava Ring,1,,
Lava Sphere,lava sphere,lava-sphere,https://buddy.farm/i/lava-sphere/,found,200,https://buddy.farm/i/lava-sphere/,Lava Sphere,1,,
Lavos Shard,lavos shard,lavos-shard,https://buddy.farm/i/lavos-shard/,found,200,https://buddy.farm/i/lavos-shard/,Lavos Shard,1,,
Leather,leather,leather,https://buddy.farm/i/leather/,found,200,https://buddy.farm/i/leather/,Leather,1,,
Leather Bag,leather bag,leather-bag,https://buddy.farm/i/leather-bag/,found,200,https://buddy.farm/i/leather-bag/,Leather Bag,1,,
Leather Belt,leather belt,leather-belt,https://buddy.farm/i/leather-belt/,found,200,https://buddy.farm/i/leather-belt/,Leather Belt,1,,
Leather Diary,leather diary,leather-diary,https://buddy.farm/i/leather-diary/,found,200,https://buddy.farm/i/leather-diary/,Leather Diary,1,,
Leather Helmet,leather helmet,leather-helmet,https://buddy.farm/i/leather-helmet/,found,200,https://buddy.farm/i/leather-helmet/,Leather Helmet,1,,
Leather Waterskin,leather waterskin,leather-waterskin,https://buddy.farm/i/leather-waterskin/,found,200,https://buddy.farm/i/leather-waterskin/,Leather Waterskin,1,,
Leek,leek,leek,https://buddy.farm/i/leek/,found,200,https://buddy.farm/i/leek/,Leek,1,,
Leek Seeds,leek seeds,leek-seeds,https://buddy.farm/i/leek-seeds/,found,200,https://buddy.farm/i/leek-seeds/,Leek Seeds,1,,
Lemon,lemon,lemon,https://buddy.farm/i/lemon/,found,200,https://buddy.farm/i/lemon/,Lemon,1,,
Lemon Cream Pie,lemon cream pie,lemon-cream-pie,https://buddy.farm/i/lemon-cream-pie/,found,200,https://buddy.farm/i/lemon-cream-pie/,Lemon Cream Pie,1,,
Lemon Quartz,lemon quartz,lemon-quartz,https://buddy.farm/i/lemon-quartz/,found,200,https://buddy.farm/i/lemon-quartz/,Lemon Quartz,1,,
Lemon Quartz Ring,lemon quartz ring,lemon-quartz-ring,https://buddy.farm/i/lemon-quartz-ring/,found,200,https://buddy.farm/i/lemon-quartz-ring/,Lemon Quartz Ring,1,,
Lemon Seltzer,lemon seltzer,lemon-seltzer,https://buddy.farm/i/lemon-seltzer/,found,200,https://buddy.farm/i/lemon-seltzer/,Lemon Seltzer,1,,
Lemonade,lemonade,lemonade,https://buddy.farm/i/lemonade/,found,200,https://buddy.farm/i/lemonade/,Lemonade,1,,
Leprechaun Buddy Doll,leprechaun buddy doll,leprechaun-buddy-doll,https://buddy.farm/i/leprechaun-buddy-doll/,found,200,https://buddy.farm/i/leprechaun-buddy-doll/,Leprechaun Buddy Doll,1,,
Leprechaun Hat,leprechaun hat,leprechaun-hat,https://buddy.farm/i/leprechaun-hat/,found,200,https://buddy.farm/i/leprechaun-hat/,Leprechaun Hat,1,,
Lima Bean,lima bean,lima-bean,https://buddy.farm/i/lima-bean/,found,200,https://buddy.farm/i/lima-bean/,Lima Bean,1,,
Linked Lantern,linked lantern,linked-lantern,https://buddy.farm/i/linked-lantern/,found,200,https://buddy.farm/i/linked-lantern/,Linked Lantern,1,,
List of Corn Puns,list of corn puns,list-of-corn-puns,https://buddy.farm/i/list-of-corn-puns/,found,200,https://buddy.farm/i/list-of-corn-puns/,List of Corn Puns,1,,
Lobster,lobster,lobster,https://buddy.farm/i/lobster/,found,200,https://buddy.farm/i/lobster/,Lobster,1,,
Lollipop,lollipop,lollipop,https://buddy.farm/i/lollipop/,found,200,https://buddy.farm/i/lollipop/,Lollipop,1,,
Looking Glass,looking glass,looking-glass,https://buddy.farm/i/looking-glass/,found,200,https://buddy.farm/i/looking-glass/,Looking Glass,1,,
Lorn Bobblehead,lorn bobblehead,lorn-bobblehead,https://buddy.farm/i/lorn-bobblehead/,found,200,https://buddy.farm/i/lorn-bobblehead/,Lorn Bobblehead,1,,
Lorn's Breakfast Boost,lorn's breakfast boost,lorn-s-breakfast-boost,https://buddy.farm/i/lorn-s-breakfast-boost/,found,200,https://buddy.farm/i/lorn-s-breakfast-boost/,Lorn&#x27;s Breakfast Boost,1,symbol_cleanup,Punctuation or symbols were cleaned during slug generation.
Lovely Cookies,lovely cookies,lovely-cookies,https://buddy.farm/i/lovely-cookies/,found,200,https://buddy.farm/i/lovely-cookies/,Lovely Cookies,1,,
Lovely Present,lovely present,lovely-present,https://buddy.farm/i/lovely-present/,found,200,https://buddy.farm/i/lovely-present/,Lovely Present,1,,
Lovely Rose,lovely rose,lovely-rose,https://buddy.farm/i/lovely-rose/,found,200,https://buddy.farm/i/lovely-rose/,Lovely Rose,1,,
Lucky Cat Buddy Doll,lucky cat buddy doll,lucky-cat-buddy-doll,https://buddy.farm/i/lucky-cat-buddy-doll/,found,200,https://buddy.farm/i/lucky-cat-buddy-doll/,Lucky Cat Buddy Doll,1,,
Lucky Rabbit Foot,lucky rabbit foot,lucky-rabbit-foot,https://buddy.farm/i/lucky-rabbit-foot/,found,200,https://buddy.farm/i/lucky-rabbit-foot/,Lucky Rabbit Foot,1,,
Lucky Spiral Belt,lucky spiral belt,lucky-spiral-belt,https://buddy.farm/i/lucky-spiral-belt/,found,200,https://buddy.farm/i/lucky-spiral-belt/,Lucky Spiral Belt,1,,
Machine Part,machine part,machine-part,https://buddy.farm/i/machine-part/,found,200,https://buddy.farm/i/machine-part/,Machine Part,1,,
Machine Press,machine press,machine-press,https://buddy.farm/i/machine-press/,found,200,https://buddy.farm/i/machine-press/,Machine Press,1,,
Mackerel,mackerel,mackerel,https://buddy.farm/i/mackerel/,found,200,https://buddy.farm/i/mackerel/,Mackerel,1,,
Maduin's Cup,maduin's cup,maduin-s-cup,https://buddy.farm/i/maduin-s-cup/,found,200,https://buddy.farm/i/maduin-s-cup/,Maduin&#x27;s Cup,1,symbol_cleanup,Punctuation or symbols were cleaned during slug generation.
Magenta Growth,magenta growth,magenta-growth,https://buddy.farm/i/magenta-growth/,found,200,https://buddy.farm/i/magenta-growth/,Magenta Growth,1,,
Magic Conch Shell,magic conch shell,magic-conch-shell,https://buddy.farm/i/magic-conch-shell/,found,200,https://buddy.farm/i/magic-conch-shell/,Magic Conch Shell,1,,
Magic Lamp,magic lamp,magic-lamp,https://buddy.farm/i/magic-lamp/,found,200,https://buddy.farm/i/magic-lamp/,Magic Lamp,1,,
Magic Mirror,magic mirror,magic-mirror,https://buddy.farm/i/magic-mirror/,found,200,https://buddy.farm/i/magic-mirror/,Magic Mirror,1,,
Magical Chest 01,magical chest 01,magical-chest-01,https://buddy.farm/i/magical-chest-01/,found,200,https://buddy.farm/i/magical-chest-01/,Magical Chest 01,1,,
Magical Chest 02,magical chest 02,magical-chest-02,https://buddy.farm/i/magical-chest-02/,found,200,https://buddy.farm/i/magical-chest-02/,Magical Chest 02,1,,
Magical Egg Basket,magical egg basket,magical-egg-basket,https://buddy.farm/i/magical-egg-basket/,found,200,https://buddy.farm/i/magical-egg-basket/,Magical Egg Basket,1,,
Magicite,magicite,magicite,https://buddy.farm/i/magicite/,found,200,https://buddy.farm/i/magicite/,Magicite,1,,
Magmastone,magmastone,magmastone,https://buddy.farm/i/magmastone/,found,200,https://buddy.farm/i/magmastone/,Magmastone,1,,
Magna Core,magna core,magna-core,https://buddy.farm/i/magna-core/,found,200,https://buddy.farm/i/magna-core/,Magna Core,1,,
Magna Quartz,magna quartz,magna-quartz,https://buddy.farm/i/magna-quartz/,found,200,https://buddy.farm/i/magna-quartz/,Magna Quartz,1,,
Magnifying Glass,magnifying glass,magnifying-glass,https://buddy.farm/i/magnifying-glass/,found,200,https://buddy.farm/i/magnifying-glass/,Magnifying Glass,1,,
Magus Hat,magus hat,magus-hat,https://buddy.farm/i/magus-hat/,found,200,https://buddy.farm/i/magus-hat/,Magus Hat,1,,
Mana Scarab,mana scarab,mana-scarab,https://buddy.farm/i/mana-scarab/,found,200,https://buddy.farm/i/mana-scarab/,Mana Scarab,1,,
Mapping Compass,mapping compass,mapping-compass,https://buddy.farm/i/mapping-compass/,found,200,https://buddy.farm/i/mapping-compass/,Mapping Compass,1,,
Mariya Bobblehead,mariya bobblehead,mariya-bobblehead,https://buddy.farm/i/mariya-bobblehead/,found,200,https://buddy.farm/i/mariya-bobblehead/,Mariya Bobblehead,1,,
Mariya's Crunchy Omelette,mariya's crunchy omelette,mariya-s-crunchy-omelette,https://buddy.farm/i/mariya-s-crunchy-omelette/,found,200,https://buddy.farm/i/mariya-s-crunchy-omelette/,Mariya&#x27;s Crunchy Omelette,1,symbol_cleanup,Punctuation or symbols were cleaned during slug generation.
Mariya's Festive Eggnog,mariya's festive eggnog,mariya-s-festive-eggnog,https://buddy.farm/i/mariya-s-festive-eggnog/,found,200,https://buddy.farm/i/mariya-s-festive-eggnog/,Mariya&#x27;s Festive Eggnog,1,symbol_cleanup,Punctuation or symbols were cleaned during slug generation.
Mariya's Hickory Omelette,mariya's hickory omelette,mariya-s-hickory-omelette,https://buddy.farm/i/mariya-s-hickory-omelette/,found,200,https://buddy.farm/i/mariya-s-hickory-omelette/,Mariya&#x27;s Hickory Omelette,1,symbol_cleanup,Punctuation or symbols were cleaned during slug generation.
Mark of Knowledge,mark of knowledge,mark-of-knowledge,https://buddy.farm/i/mark-of-knowledge/,found,200,https://buddy.farm/i/mark-of-knowledge/,Mark of Knowledge,1,,
Marlin,marlin,marlin,https://buddy.farm/i/marlin/,found,200,https://buddy.farm/i/marlin/,Marlin,1,,
Maverick Chip,maverick chip,maverick-chip,https://buddy.farm/i/maverick-chip/,found,200,https://buddy.farm/i/maverick-chip/,Maverick Chip,1,,
Mayonnaise,mayonnaise,mayonnaise,https://buddy.farm/i/mayonnaise/,found,200,https://buddy.farm/i/mayonnaise/,Mayonnaise,1,,
Mealworms,mealworms,mealworms,https://buddy.farm/i/mealworms/,found,200,https://buddy.farm/i/mealworms/,Mealworms,1,,
Mechanical Heart,mechanical heart,mechanical-heart,https://buddy.farm/i/mechanical-heart/,found,200,https://buddy.farm/i/mechanical-heart/,Mechanical Heart,1,,
Medium Chest 01,medium chest 01,medium-chest-01,https://buddy.farm/i/medium-chest-01/,found,200,https://buddy.farm/i/medium-chest-01/,Medium Chest 01,1,,
Medium Chest 02,medium chest 02,medium-chest-02,https://buddy.farm/i/medium-chest-02/,found,200,https://buddy.farm/i/medium-chest-02/,Medium Chest 02,1,,
Medium Chest 03,medium chest 03,medium-chest-03,https://buddy.farm/i/medium-chest-03/,found,200,https://buddy.farm/i/medium-chest-03/,Medium Chest 03,1,,
Meerif Crest,meerif crest,meerif-crest,https://buddy.farm/i/meerif-crest/,found,200,https://buddy.farm/i/meerif-crest/,Meerif Crest,1,,
Mega Beet Seeds,mega beet seeds,mega-beet-seeds,https://buddy.farm/i/mega-beet-seeds/,found,200,https://buddy.farm/i/mega-beet-seeds/,Mega Beet Seeds,1,,
Mega Cotton Seeds,mega cotton seeds,mega-cotton-seeds,https://buddy.farm/i/mega-cotton-seeds/,found,200,https://buddy.farm/i/mega-cotton-seeds/,Mega Cotton Seeds,1,,
Mega Sunflower Seeds,mega sunflower seeds,mega-sunflower-seeds,https://buddy.farm/i/mega-sunflower-seeds/,found,200,https://buddy.farm/i/mega-sunflower-seeds/,Mega Sunflower Seeds,1,,
Mermaid's Necklace,mermaid's necklace,mermaid-s-necklace,https://buddy.farm/i/mermaid-s-necklace/,found,200,https://buddy.farm/i/mermaid-s-necklace/,Mermaid&#x27;s Necklace,1,symbol_cleanup,Punctuation or symbols were cleaned during slug generation.
Mermaid's Scale,mermaid's scale,mermaid-s-scale,https://buddy.farm/i/mermaid-s-scale/,found,200,https://buddy.farm/i/mermaid-s-scale/,Mermaid&#x27;s Scale,1,symbol_cleanup,Punctuation or symbols were cleaned during slug generation.
Metal Spool,metal spool,metal-spool,https://buddy.farm/i/metal-spool/,found,200,https://buddy.farm/i/metal-spool/,Metal Spool,1,,
MIAB,miab,miab,https://buddy.farm/i/miab/,found,200,https://buddy.farm/i/miab/,MIAB,1,,
Milk,milk,milk,https://buddy.farm/i/milk/,found,200,https://buddy.farm/i/milk/,Milk,1,,
Milk and Cookies,milk and cookies,milk-and-cookies,https://buddy.farm/i/milk-and-cookies/,found,200,https://buddy.farm/i/milk-and-cookies/,Milk and Cookies,1,,
Milk Carton,milk carton,milk-carton,https://buddy.farm/i/milk-carton/,found,200,https://buddy.farm/i/milk-carton/,Milk Carton,1,,
Mini Marshmallows,mini marshmallows,mini-marshmallows,https://buddy.farm/i/mini-marshmallows/,found,200,https://buddy.farm/i/mini-marshmallows/,Mini Marshmallows,1,,
Mini Slime Squid,mini slime squid,mini-slime-squid,https://buddy.farm/i/mini-slime-squid/,found,200,https://buddy.farm/i/mini-slime-squid/,Mini Slime Squid,1,,
Mini Time Egg,mini time egg,mini-time-egg,https://buddy.farm/i/mini-time-egg/,found,200,https://buddy.farm/i/mini-time-egg/,Mini Time Egg,1,,
Minnows,minnows,minnows,https://buddy.farm/i/minnows/,found,200,https://buddy.farm/i/minnows/,Minnows,1,,
Mist Lily,mist lily,mist-lily,https://buddy.farm/i/mist-lily/,found,200,https://buddy.farm/i/mist-lily/,Mist Lily,1,,
Mistletoe,mistletoe,mistletoe,https://buddy.farm/i/mistletoe/,found,200,https://buddy.farm/i/mistletoe/,Mistletoe,1,,
Mittens,mittens,mittens,https://buddy.farm/i/mittens/,found,200,https://buddy.farm/i/mittens/,Mittens,1,,
Mixed Nuts,mixed nuts,mixed-nuts,https://buddy.farm/i/mixed-nuts/,found,200,https://buddy.farm/i/mixed-nuts/,Mixed Nuts,1,,
Mizzem's Daisies,mizzem's daisies,mizzem-s-daisies,https://buddy.farm/i/mizzem-s-daisies/,found,200,https://buddy.farm/i/mizzem-s-daisies/,Mizzem&#x27;s Daisies,1,symbol_cleanup,Punctuation or symbols were cleaned during slug generation.
Model Ship,model ship,model-ship,https://buddy.farm/i/model-ship/,found,200,https://buddy.farm/i/model-ship/,Model Ship,1,,
Molasses,molasses,molasses,https://buddy.farm/i/molasses/,found,200,https://buddy.farm/i/molasses/,Molasses,1,,
Monster Skull,monster skull,monster-skull,https://buddy.farm/i/monster-skull/,found,200,https://buddy.farm/i/monster-skull/,Monster Skull,1,,
Moonbreaker,moonbreaker,moonbreaker,https://buddy.farm/i/moonbreaker/,found,200,https://buddy.farm/i/moonbreaker/,Moonbreaker,1,,
Moonstone,moonstone,moonstone,https://buddy.farm/i/moonstone/,found,200,https://buddy.farm/i/moonstone/,Moonstone,1,,
Mossy Stone,mossy stone,mossy-stone,https://buddy.farm/i/mossy-stone/,found,200,https://buddy.farm/i/mossy-stone/,Mossy Stone,1,,
Movember Buddy Doll,movember buddy doll,movember-buddy-doll,https://buddy.farm/i/movember-buddy-doll/,found,200,https://buddy.farm/i/movember-buddy-doll/,Movember Buddy Doll,1,,
Mudcap,mudcap,mudcap,https://buddy.farm/i/mudcap/,found,200,https://buddy.farm/i/mudcap/,Mudcap,1,,
Mug of Beer,mug of beer,mug-of-beer,https://buddy.farm/i/mug-of-beer/,found,200,https://buddy.farm/i/mug-of-beer/,Mug of Beer,1,,
Mulberry Snapper,mulberry snapper,mulberry-snapper,https://buddy.farm/i/mulberry-snapper/,found,200,https://buddy.farm/i/mulberry-snapper/,Mulberry Snapper,1,,
Mummy Bobblehead,mummy bobblehead,mummy-bobblehead,https://buddy.farm/i/mummy-bobblehead/,found,200,https://buddy.farm/i/mummy-bobblehead/,Mummy Bobblehead,1,,
Mushroom,mushroom,mushroom,https://buddy.farm/i/mushroom/,found,200,https://buddy.farm/i/mushroom/,Mushroom,1,,
Mushroom Paste,mushroom paste,mushroom-paste,https://buddy.farm/i/mushroom-paste/,found,200,https://buddy.farm/i/mushroom-paste/,Mushroom Paste,1,,
Mushroom Spores,mushroom spores,mushroom-spores,https://buddy.farm/i/mushroom-spores/,found,200,https://buddy.farm/i/mushroom-spores/,Mushroom Spores,1,,
Mushroom Stew,mushroom stew,mushroom-stew,https://buddy.farm/i/mushroom-stew/,found,200,https://buddy.farm/i/mushroom-stew/,Mushroom Stew,1,,
Music Box,music box,music-box,https://buddy.farm/i/music-box/,found,200,https://buddy.farm/i/music-box/,Music Box,1,,
Mussel,mussel,mussel,https://buddy.farm/i/mussel/,found,200,https://buddy.farm/i/mussel/,Mussel,1,,
Mystic Ring,mystic ring,mystic-ring,https://buddy.farm/i/mystic-ring/,found,200,https://buddy.farm/i/mystic-ring/,Mystic Ring,1,,
Mystical Chest 01,mystical chest 01,mystical-chest-01,https://buddy.farm/i/mystical-chest-01/,found,200,https://buddy.farm/i/mystical-chest-01/,Mystical Chest 01,1,,
Mystical Chest 02,mystical chest 02,mystical-chest-02,https://buddy.farm/i/mystical-chest-02/,found,200,https://buddy.farm/i/mystical-chest-02/,Mystical Chest 02,1,,
Mystical Staff,mystical staff,mystical-staff,https://buddy.farm/i/mystical-staff/,found,200,https://buddy.farm/i/mystical-staff/,Mystical Staff,1,,
Nailed Board,nailed board,nailed-board,https://buddy.farm/i/nailed-board/,found,200,https://buddy.farm/i/nailed-board/,Nailed Board,1,,
Nails,nails,nails,https://buddy.farm/i/nails/,found,200,https://buddy.farm/i/nails/,Nails,1,,
Neigh,neigh,neigh,https://buddy.farm/i/neigh/,found,200,https://buddy.farm/i/neigh/,Neigh,1,,
Nightshade Cap,nightshade cap,nightshade-cap,https://buddy.farm/i/nightshade-cap/,found,200,https://buddy.farm/i/nightshade-cap/,Nightshade Cap,1,,
Nirumdivar,nirumdivar,nirumdivar,https://buddy.farm/i/nirumdivar/,found,200,https://buddy.farm/i/nirumdivar/,Nirumdivar,1,,
Notary Certificate,notary certificate,notary-certificate,https://buddy.farm/i/notary-certificate/,found,200,https://buddy.farm/i/notary-certificate/,Notary Certificate,1,,
Notary Stamp,notary stamp,notary-stamp,https://buddy.farm/i/notary-stamp/,found,200,https://buddy.farm/i/notary-stamp/,Notary Stamp,1,,
Notebook,notebook,notebook,https://buddy.farm/i/notebook/,found,200,https://buddy.farm/i/notebook/,Notebook,1,,
Nut Cracker Buddy,nut cracker buddy,nut-cracker-buddy,https://buddy.farm/i/nut-cracker-buddy/,found,200,https://buddy.farm/i/nut-cracker-buddy/,Nut Cracker Buddy,1,,
Nut Cracker Buddy Doll,nut cracker buddy doll,nut-cracker-buddy-doll,https://buddy.farm/i/nut-cracker-buddy-doll/,found,200,https://buddy.farm/i/nut-cracker-buddy-doll/,Nut Cracker Buddy Doll,1,,
Oak,oak,oak,https://buddy.farm/i/oak/,found,200,https://buddy.farm/i/oak/,Oak,1,,
Oak Table,oak table,oak-table,https://buddy.farm/i/oak-table/,found,200,https://buddy.farm/i/oak-table/,Oak Table,1,,
Oceanite,oceanite,oceanite,https://buddy.farm/i/oceanite/,found,200,https://buddy.farm/i/oceanite/,Oceanite,1,,
Octopus,octopus,octopus,https://buddy.farm/i/octopus/,found,200,https://buddy.farm/i/octopus/,Octopus,1,,
Odthorin's Charm,odthorin's charm,odthorin-s-charm,https://buddy.farm/i/odthorin-s-charm/,found,200,https://buddy.farm/i/odthorin-s-charm/,Odthorin&#x27;s Charm,1,symbol_cleanup,Punctuation or symbols were cleaned during slug generation.
Official Share,official share,official-share,https://buddy.farm/i/official-share/,found,200,https://buddy.farm/i/official-share/,Official Share,1,,
Old Boot,old boot,old-boot,https://buddy.farm/i/old-boot/,found,200,https://buddy.farm/i/old-boot/,Old Boot,1,,
Onion,onion,onion,https://buddy.farm/i/onion/,found,200,https://buddy.farm/i/onion/,Onion,1,,
Onion Rings,onion rings,onion-rings,https://buddy.farm/i/onion-rings/,found,200,https://buddy.farm/i/onion-rings/,Onion Rings,1,,
Onion Seeds,onion seeds,onion-seeds,https://buddy.farm/i/onion-seeds/,found,200,https://buddy.farm/i/onion-seeds/,Onion Seeds,1,,
Onion Soup,onion soup,onion-soup,https://buddy.farm/i/onion-soup/,found,200,https://buddy.farm/i/onion-soup/,Onion Soup,1,,
Onyx Scorpion,onyx scorpion,onyx-scorpion,https://buddy.farm/i/onyx-scorpion/,found,200,https://buddy.farm/i/onyx-scorpion/,Onyx Scorpion,1,,
Opposition Hourglass,opposition hourglass,opposition-hourglass,https://buddy.farm/i/opposition-hourglass/,found,200,https://buddy.farm/i/opposition-hourglass/,Opposition Hourglass,1,,
Orange,orange,orange,https://buddy.farm/i/orange/,found,200,https://buddy.farm/i/orange/,Orange,1,,
Orange Butterfly,orange butterfly,orange-butterfly,https://buddy.farm/i/orange-butterfly/,found,200,https://buddy.farm/i/orange-butterfly/,Orange Butterfly,1,,
Orange Calcite,orange calcite,orange-calcite,https://buddy.farm/i/orange-calcite/,found,200,https://buddy.farm/i/orange-calcite/,Orange Calcite,1,,
Orange Dye,orange dye,orange-dye,https://buddy.farm/i/orange-dye/,found,200,https://buddy.farm/i/orange-dye/,Orange Dye,1,,
Orange Flowers,orange flowers,orange-flowers,https://buddy.farm/i/orange-flowers/,found,200,https://buddy.farm/i/orange-flowers/,Orange Flowers,1,,
Orange Gecko,orange gecko,orange-gecko,https://buddy.farm/i/orange-gecko/,found,200,https://buddy.farm/i/orange-gecko/,Orange Gecko,1,,
Orange Juice,orange juice,orange-juice,https://buddy.farm/i/orange-juice/,found,200,https://buddy.farm/i/orange-juice/,Orange Juice,1,,
Orange Ornament,orange ornament,orange-ornament,https://buddy.farm/i/orange-ornament/,found,200,https://buddy.farm/i/orange-ornament/,Orange Ornament,1,,
Orange Scarf,orange scarf,orange-scarf,https://buddy.farm/i/orange-scarf/,found,200,https://buddy.farm/i/orange-scarf/,Orange Scarf,1,,
Orange Shirt,orange shirt,orange-shirt,https://buddy.farm/i/orange-shirt/,found,200,https://buddy.farm/i/orange-shirt/,Orange Shirt,1,,
Orange Twine,orange twine,orange-twine,https://buddy.farm/i/orange-twine/,found,200,https://buddy.farm/i/orange-twine/,Orange Twine,1,,
Orcafish,orcafish,orcafish,https://buddy.farm/i/orcafish/,found,200,https://buddy.farm/i/orcafish/,Orcafish,1,,
Over The Moon,over the moon,over-the-moon,https://buddy.farm/i/over-the-moon/,found,200,https://buddy.farm/i/over-the-moon/,Over The Moon,1,,
Owl Feather,owl feather,owl-feather,https://buddy.farm/i/owl-feather/,found,200,https://buddy.farm/i/owl-feather/,Owl Feather,1,,
Owl Guard Belt,owl guard belt,owl-guard-belt,https://buddy.farm/i/owl-guard-belt/,found,200,https://buddy.farm/i/owl-guard-belt/,Owl Guard Belt,1,,
Painite,painite,painite,https://buddy.farm/i/painite/,found,200,https://buddy.farm/i/painite/,Painite,1,,
Pair of Boots,pair of boots,pair-of-boots,https://buddy.farm/i/pair-of-boots/,found,200,https://buddy.farm/i/pair-of-boots/,Pair of Boots,1,,
Pair of Gold Boots,pair of gold boots,pair-of-gold-boots,https://buddy.farm/i/pair-of-gold-boots/,found,200,https://buddy.farm/i/pair-of-gold-boots/,Pair of Gold Boots,1,,
Paper Receipt,paper receipt,paper-receipt,https://buddy.farm/i/paper-receipt/,found,200,https://buddy.farm/i/paper-receipt/,Paper Receipt,1,,
Parade Balloon Buddy Doll,parade balloon buddy doll,parade-balloon-buddy-doll,https://buddy.farm/i/parade-balloon-buddy-doll/,found,200,https://buddy.farm/i/parade-balloon-buddy-doll/,Parade Balloon Buddy Doll,1,,
Party Hat,party hat,party-hat,https://buddy.farm/i/party-hat/,found,200,https://buddy.farm/i/party-hat/,Party Hat,1,,
Party Horn,party horn,party-horn,https://buddy.farm/i/party-horn/,found,200,https://buddy.farm/i/party-horn/,Party Horn,1,,
Pea Seeds,pea seeds,pea-seeds,https://buddy.farm/i/pea-seeds/,found,200,https://buddy.farm/i/pea-seeds/,Pea Seeds,1,,
Peach,peach,peach,https://buddy.farm/i/peach/,found,200,https://buddy.farm/i/peach/,Peach,1,,
Peach Juice,peach juice,peach-juice,https://buddy.farm/i/peach-juice/,found,200,https://buddy.farm/i/peach-juice/,Peach Juice,1,,
Peafowl Feather,peafowl feather,peafowl-feather,https://buddy.farm/i/peafowl-feather/,found,200,https://buddy.farm/i/peafowl-feather/,Peafowl Feather,1,,
Pear Grease,pear grease,pear-grease,https://buddy.farm/i/pear-grease/,found,200,https://buddy.farm/i/pear-grease/,Pear Grease,1,,
Pearl,pearl,pearl,https://buddy.farm/i/pearl/,found,200,https://buddy.farm/i/pearl/,Pearl,1,,
Pearl Berries,pearl berries,pearl-berries,https://buddy.farm/i/pearl-berries/,found,200,https://buddy.farm/i/pearl-berries/,Pearl Berries,1,,
Pearl Berry Jam,pearl berry jam,pearl-berry-jam,https://buddy.farm/i/pearl-berry-jam/,found,200,https://buddy.farm/i/pearl-berry-jam/,Pearl Berry Jam,1,,
Pearl Necklace,pearl necklace,pearl-necklace,https://buddy.farm/i/pearl-necklace/,found,200,https://buddy.farm/i/pearl-necklace/,Pearl Necklace,1,,
Peas,peas,peas,https://buddy.farm/i/peas/,found,200,https://buddy.farm/i/peas/,Peas,1,,
Peculiar Gem,peculiar gem,peculiar-gem,https://buddy.farm/i/peculiar-gem/,found,200,https://buddy.farm/i/peculiar-gem/,Peculiar Gem,1,,
Peg Leg,peg leg,peg-leg,https://buddy.farm/i/peg-leg/,found,200,https://buddy.farm/i/peg-leg/,Peg Leg,1,,
Pencil,pencil,pencil,https://buddy.farm/i/pencil/,found,200,https://buddy.farm/i/pencil/,Pencil,1,,
Pepper Seeds,pepper seeds,pepper-seeds,https://buddy.farm/i/pepper-seeds/,found,200,https://buddy.farm/i/pepper-seeds/,Pepper Seeds,1,,
Peppers,peppers,peppers,https://buddy.farm/i/peppers/,found,200,https://buddy.farm/i/peppers/,Peppers,1,,
Perfect Paint Palette,perfect paint palette,perfect-paint-palette,https://buddy.farm/i/perfect-paint-palette/,found,200,https://buddy.farm/i/perfect-paint-palette/,Perfect Paint Palette,1,,
Pet Treat,pet treat,pet-treat,https://buddy.farm/i/pet-treat/,found,200,https://buddy.farm/i/pet-treat/,Pet Treat,1,,
PHR Voucher,phr voucher,phr-voucher,https://buddy.farm/i/phr-voucher/,found,200,https://buddy.farm/i/phr-voucher/,PHR Voucher,1,,
Pickaxe,pickaxe,pickaxe,https://buddy.farm/i/pickaxe/,found,200,https://buddy.farm/i/pickaxe/,Pickaxe,1,,
Picnic Basket 01,picnic basket 01,picnic-basket-01,https://buddy.farm/i/picnic-basket-01/,found,200,https://buddy.farm/i/picnic-basket-01/,Picnic Basket 01,1,,
Pie,pie,pie,https://buddy.farm/i/pie/,found,200,https://buddy.farm/i/pie/,Pie,1,,
Pie Pan,pie pan,pie-pan,https://buddy.farm/i/pie-pan/,found,200,https://buddy.farm/i/pie-pan/,Pie Pan,1,,
Piece 01,piece 01,piece-01,https://buddy.farm/i/piece-01/,found,200,https://buddy.farm/i/piece-01/,Piece 01,1,,
Piece 03,piece 03,piece-03,https://buddy.farm/i/piece-03/,found,200,https://buddy.farm/i/piece-03/,Piece 03,1,,
Piece 04,piece 04,piece-04,https://buddy.farm/i/piece-04/,found,200,https://buddy.farm/i/piece-04/,Piece 04,1,,
Piece 07,piece 07,piece-07,https://buddy.farm/i/piece-07/,found,200,https://buddy.farm/i/piece-07/,Piece 07,1,,
Piece 09,piece 09,piece-09,https://buddy.farm/i/piece-09/,found,200,https://buddy.farm/i/piece-09/,Piece 09,1,,
Piece 11,piece 11,piece-11,https://buddy.farm/i/piece-11/,found,200,https://buddy.farm/i/piece-11/,Piece 11,1,,
Piece 12,piece 12,piece-12,https://buddy.farm/i/piece-12/,found,200,https://buddy.farm/i/piece-12/,Piece 12,1,,
Piece 15,piece 15,piece-15,https://buddy.farm/i/piece-15/,found,200,https://buddy.farm/i/piece-15/,Piece 15,1,,
Piece 18,piece 18,piece-18,https://buddy.farm/i/piece-18/,found,200,https://buddy.farm/i/piece-18/,Piece 18,1,,
Piece 22,piece 22,piece-22,https://buddy.farm/i/piece-22/,found,200,https://buddy.farm/i/piece-22/,Piece 22,1,,
Piece 23,piece 23,piece-23,https://buddy.farm/i/piece-23/,found,200,https://buddy.farm/i/piece-23/,Piece 23,1,,
Piece 24,piece 24,piece-24,https://buddy.farm/i/piece-24/,found,200,https://buddy.farm/i/piece-24/,Piece 24,1,,
Piece 26,piece 26,piece-26,https://buddy.farm/i/piece-26/,found,200,https://buddy.farm/i/piece-26/,Piece 26,1,,
Piece 30,piece 30,piece-30,https://buddy.farm/i/piece-30/,found,200,https://buddy.farm/i/piece-30/,Piece 30,1,,
Piece 31,piece 31,piece-31,https://buddy.farm/i/piece-31/,found,200,https://buddy.farm/i/piece-31/,Piece 31,1,,
Piece of Cake,piece of cake,piece-of-cake,https://buddy.farm/i/piece-of-cake/,found,200,https://buddy.farm/i/piece-of-cake/,Piece of Cake,1,,
Piece of Heart,piece of heart,piece-of-heart,https://buddy.farm/i/piece-of-heart/,found,200,https://buddy.farm/i/piece-of-heart/,Piece of Heart,1,,
Pig Collar,pig collar,pig-collar,https://buddy.farm/i/pig-collar/,found,200,https://buddy.farm/i/pig-collar/,Pig Collar,1,,
Pillow Case 01,pillow case 01,pillow-case-01,https://buddy.farm/i/pillow-case-01/,found,200,https://buddy.farm/i/pillow-case-01/,Pillow Case 01,1,,
Piñata,piñata,pi-ata,https://buddy.farm/i/pi-ata/,found,200,https://buddy.farm/i/pi-ata/,Piñata,1,non_ascii_or_diacritic; symbol_cleanup; alternate_slug_variant,Contains non-ASCII or diacritic characters; verify the generated slug manually.; Alternate slug variant differs from the primary generated slug.; Punctuation or symbols were cleaned during slug generation.
Piñata Whop Stick,piñata whop stick,pi-ata-whop-stick,https://buddy.farm/i/pi-ata-whop-stick/,found,200,https://buddy.farm/i/pi-ata-whop-stick/,Piñata Whop Stick,1,non_ascii_or_diacritic; symbol_cleanup; alternate_slug_variant,Contains non-ASCII or diacritic characters; verify the generated slug manually.; Alternate slug variant differs from the primary generated slug.; Punctuation or symbols were cleaned during slug generation.
Pine Board,pine board,pine-board,https://buddy.farm/i/pine-board/,found,200,https://buddy.farm/i/pine-board/,Pine Board,1,,
Pine Cone,pine cone,pine-cone,https://buddy.farm/i/pine-cone/,found,200,https://buddy.farm/i/pine-cone/,Pine Cone,1,,
Pine Seeds,pine seeds,pine-seeds,https://buddy.farm/i/pine-seeds/,found,200,https://buddy.farm/i/pine-seeds/,Pine Seeds,1,,
Pine Shelf,pine shelf,pine-shelf,https://buddy.farm/i/pine-shelf/,found,200,https://buddy.farm/i/pine-shelf/,Pine Shelf,1,,
Pine Tree,pine tree,pine-tree,https://buddy.farm/i/pine-tree/,found,200,https://buddy.farm/i/pine-tree/,Pine Tree,1,,
Pineapple,pineapple,pineapple,https://buddy.farm/i/pineapple/,found,200,https://buddy.farm/i/pineapple/,Pineapple,1,,
Pink Jelly,pink jelly,pink-jelly,https://buddy.farm/i/pink-jelly/,found,200,https://buddy.farm/i/pink-jelly/,Pink Jelly,1,,
Pink Ribbon,pink ribbon,pink-ribbon,https://buddy.farm/i/pink-ribbon/,found,200,https://buddy.farm/i/pink-ribbon/,Pink Ribbon,1,,
Pirate Bandana,pirate bandana,pirate-bandana,https://buddy.farm/i/pirate-bandana/,found,200,https://buddy.farm/i/pirate-bandana/,Pirate Bandana,1,,
Pirate Flag,pirate flag,pirate-flag,https://buddy.farm/i/pirate-flag/,found,200,https://buddy.farm/i/pirate-flag/,Pirate Flag,1,,
Pirate Hook,pirate hook,pirate-hook,https://buddy.farm/i/pirate-hook/,found,200,https://buddy.farm/i/pirate-hook/,Pirate Hook,1,,
Pitchfork,pitchfork,pitchfork,https://buddy.farm/i/pitchfork/,found,200,https://buddy.farm/i/pitchfork/,Pitchfork,1,,
Pitviper Tail,pitviper tail,pitviper-tail,https://buddy.farm/i/pitviper-tail/,found,200,https://buddy.farm/i/pitviper-tail/,Pitviper Tail,1,,
Pizza Slice,pizza slice,pizza-slice,https://buddy.farm/i/pizza-slice/,found,200,https://buddy.farm/i/pizza-slice/,Pizza Slice,1,,
Plum Ore,plum ore,plum-ore,https://buddy.farm/i/plum-ore/,found,200,https://buddy.farm/i/plum-ore/,Plum Ore,1,,
Plumbfish,plumbfish,plumbfish,https://buddy.farm/i/plumbfish/,found,200,https://buddy.farm/i/plumbfish/,Plumbfish,1,,
Pocket Watch,pocket watch,pocket-watch,https://buddy.farm/i/pocket-watch/,found,200,https://buddy.farm/i/pocket-watch/,Pocket Watch,1,,
Podcast Swear Jar,podcast swear jar,podcast-swear-jar,https://buddy.farm/i/podcast-swear-jar/,found,200,https://buddy.farm/i/podcast-swear-jar/,Podcast Swear Jar,1,,
Polished Boot,polished boot,polished-boot,https://buddy.farm/i/polished-boot/,found,200,https://buddy.farm/i/polished-boot/,Polished Boot,1,,
Popcorn,popcorn,popcorn,https://buddy.farm/i/popcorn/,found,200,https://buddy.farm/i/popcorn/,Popcorn,1,,
Pot of Gold (Large),pot of gold (large),pot-of-gold-large-,https://buddy.farm/i/pot-of-gold-large-/,found,200,https://buddy.farm/i/pot-of-gold-large-/,Pot of Gold (Large),1,symbol_cleanup,Punctuation or symbols were cleaned during slug generation.
Pot of Gold (Medium),pot of gold (medium),pot-of-gold-medium-,https://buddy.farm/i/pot-of-gold-medium-/,found,200,https://buddy.farm/i/pot-of-gold-medium-/,Pot of Gold (Medium),1,symbol_cleanup,Punctuation or symbols were cleaned during slug generation.
Pot of Gold (Small),pot of gold (small),pot-of-gold-small-,https://buddy.farm/i/pot-of-gold-small-/,found,200,https://buddy.farm/i/pot-of-gold-small-/,Pot of Gold (Small),1,symbol_cleanup,Punctuation or symbols were cleaned during slug generation.
Potato,potato,potato,https://buddy.farm/i/potato/,found,200,https://buddy.farm/i/potato/,Potato,1,,
Potato Battery,potato battery,potato-battery,https://buddy.farm/i/potato-battery/,found,200,https://buddy.farm/i/potato-battery/,Potato Battery,1,,
Potato Seeds,potato seeds,potato-seeds,https://buddy.farm/i/potato-seeds/,found,200,https://buddy.farm/i/potato-seeds/,Potato Seeds,1,,
Potted Flower,potted flower,potted-flower,https://buddy.farm/i/potted-flower/,found,200,https://buddy.farm/i/potted-flower/,Potted Flower,1,,
Power Monitor,power monitor,power-monitor,https://buddy.farm/i/power-monitor/,found,200,https://buddy.farm/i/power-monitor/,Power Monitor,1,,
Prancer,prancer,prancer,https://buddy.farm/i/prancer/,found,200,https://buddy.farm/i/prancer/,Prancer,1,,
Present 01,present 01,present-01,https://buddy.farm/i/present-01/,found,200,https://buddy.farm/i/present-01/,Present 01,1,,
Present 02,present 02,present-02,https://buddy.farm/i/present-02/,found,200,https://buddy.farm/i/present-02/,Present 02,1,,
Prickly Pear,prickly pear,prickly-pear,https://buddy.farm/i/prickly-pear/,found,200,https://buddy.farm/i/prickly-pear/,Prickly Pear,1,,
Prism Shard,prism shard,prism-shard,https://buddy.farm/i/prism-shard/,found,200,https://buddy.farm/i/prism-shard/,Prism Shard,1,,
Prism Shell,prism shell,prism-shell,https://buddy.farm/i/prism-shell/,found,200,https://buddy.farm/i/prism-shell/,Prism Shell,1,,
Propeller Hat,propeller hat,propeller-hat,https://buddy.farm/i/propeller-hat/,found,200,https://buddy.farm/i/propeller-hat/,Propeller Hat,1,,
Protein Bar,protein bar,protein-bar,https://buddy.farm/i/protein-bar/,found,200,https://buddy.farm/i/protein-bar/,Protein Bar,1,,
Prune Juice,prune juice,prune-juice,https://buddy.farm/i/prune-juice/,found,200,https://buddy.farm/i/prune-juice/,Prune Juice,1,,
Puffer,puffer,puffer,https://buddy.farm/i/puffer/,found,200,https://buddy.farm/i/puffer/,Puffer,1,,
Pulley,pulley,pulley,https://buddy.farm/i/pulley/,found,200,https://buddy.farm/i/pulley/,Pulley,1,,
Pumpkin,pumpkin,pumpkin,https://buddy.farm/i/pumpkin/,found,200,https://buddy.farm/i/pumpkin/,Pumpkin,1,,
Pumpkin Juice,pumpkin juice,pumpkin-juice,https://buddy.farm/i/pumpkin-juice/,found,200,https://buddy.farm/i/pumpkin-juice/,Pumpkin Juice,1,,
Pumpkin Pie,pumpkin pie,pumpkin-pie,https://buddy.farm/i/pumpkin-pie/,found,200,https://buddy.farm/i/pumpkin-pie/,Pumpkin Pie,1,,
Pumpkin Seeds,pumpkin seeds,pumpkin-seeds,https://buddy.farm/i/pumpkin-seeds/,found,200,https://buddy.farm/i/pumpkin-seeds/,Pumpkin Seeds,1,,
Pumpkin Spiced Milk,pumpkin spiced milk,pumpkin-spiced-milk,https://buddy.farm/i/pumpkin-spiced-milk/,found,200,https://buddy.farm/i/pumpkin-spiced-milk/,Pumpkin Spiced Milk,1,,
Purple Bag,purple bag,purple-bag,https://buddy.farm/i/purple-bag/,found,200,https://buddy.farm/i/purple-bag/,Purple Bag,1,,
Purple Butterfly,purple butterfly,purple-butterfly,https://buddy.farm/i/purple-butterfly/,found,200,https://buddy.farm/i/purple-butterfly/,Purple Butterfly,1,,
Purple Butterfly Fish,purple butterfly fish,purple-butterfly-fish,https://buddy.farm/i/purple-butterfly-fish/,found,200,https://buddy.farm/i/purple-butterfly-fish/,Purple Butterfly Fish,1,,
Purple Diary,purple diary,purple-diary,https://buddy.farm/i/purple-diary/,found,200,https://buddy.farm/i/purple-diary/,Purple Diary,1,,
Purple Dye,purple dye,purple-dye,https://buddy.farm/i/purple-dye/,found,200,https://buddy.farm/i/purple-dye/,Purple Dye,1,,
Purple Flower,purple flower,purple-flower,https://buddy.farm/i/purple-flower/,found,200,https://buddy.farm/i/purple-flower/,Purple Flower,1,,
Purple Mushroom,purple mushroom,purple-mushroom,https://buddy.farm/i/purple-mushroom/,found,200,https://buddy.farm/i/purple-mushroom/,Purple Mushroom,1,,
Purple Ornament,purple ornament,purple-ornament,https://buddy.farm/i/purple-ornament/,found,200,https://buddy.farm/i/purple-ornament/,Purple Ornament,1,,
Purple Parchment,purple parchment,purple-parchment,https://buddy.farm/i/purple-parchment/,found,200,https://buddy.farm/i/purple-parchment/,Purple Parchment,1,,
Purple Shirt,purple shirt,purple-shirt,https://buddy.farm/i/purple-shirt/,found,200,https://buddy.farm/i/purple-shirt/,Purple Shirt,1,,
Purple Twine,purple twine,purple-twine,https://buddy.farm/i/purple-twine/,found,200,https://buddy.farm/i/purple-twine/,Purple Twine,1,,
Pyredrop,pyredrop,pyredrop,https://buddy.farm/i/pyredrop/,found,200,https://buddy.farm/i/pyredrop/,Pyredrop,1,,
Pyrite,pyrite,pyrite,https://buddy.farm/i/pyrite/,found,200,https://buddy.farm/i/pyrite/,Pyrite,1,,
QED Cell,qed cell,qed-cell,https://buddy.farm/i/qed-cell/,found,200,https://buddy.farm/i/qed-cell/,QED Cell,1,,
QED Pack,qed pack,qed-pack,https://buddy.farm/i/qed-pack/,found,200,https://buddy.farm/i/qed-pack/,QED Pack,1,,
Quandary Chowder,quandary chowder,quandary-chowder,https://buddy.farm/i/quandary-chowder/,found,200,https://buddy.farm/i/quandary-chowder/,Quandary Chowder,1,,
Quicksilver's Ring,quicksilver's ring,quicksilver-s-ring,https://buddy.farm/i/quicksilver-s-ring/,found,200,https://buddy.farm/i/quicksilver-s-ring/,Quicksilver&#x27;s Ring,1,symbol_cleanup,Punctuation or symbols were cleaned during slug generation.
R.O.A.S.,r.o.a.s.,r-o-a-s-,https://buddy.farm/i/r-o-a-s-/,found,200,https://buddy.farm/i/r-o-a-s-/,R.O.A.S.,1,symbol_cleanup,Punctuation or symbols were cleaned during slug generation.
Radish,radish,radish,https://buddy.farm/i/radish/,found,200,https://buddy.farm/i/radish/,Radish,1,,
Radish Seeds,radish seeds,radish-seeds,https://buddy.farm/i/radish-seeds/,found,200,https://buddy.farm/i/radish-seeds/,Radish Seeds,1,,
Raffle Ticket,raffle ticket,raffle-ticket,https://buddy.farm/i/raffle-ticket/,found,200,https://buddy.farm/i/raffle-ticket/,Raffle Ticket,1,,
Ram Skull 01,ram skull 01,ram-skull-01,https://buddy.farm/i/ram-skull-01/,found,200,https://buddy.farm/i/ram-skull-01/,Ram Skull 01,1,,
Ramjoram's Mask,ramjoram's mask,ramjoram-s-mask,https://buddy.farm/i/ramjoram-s-mask/,found,200,https://buddy.farm/i/ramjoram-s-mask/,Ramjoram&#x27;s Mask,1,symbol_cleanup,Punctuation or symbols were cleaned during slug generation.
Raptor Chicken Egg,raptor chicken egg,raptor-chicken-egg,https://buddy.farm/i/raptor-chicken-egg/,found,200,https://buddy.farm/i/raptor-chicken-egg/,Raptor Chicken Egg,1,,
Raptor Claw,raptor claw,raptor-claw,https://buddy.farm/i/raptor-claw/,found,200,https://buddy.farm/i/raptor-claw/,Raptor Claw,1,,
Raptor Egg,raptor egg,raptor-egg,https://buddy.farm/i/raptor-egg/,found,200,https://buddy.farm/i/raptor-egg/,Raptor Egg,1,,
Raptor Wrangler Belt,raptor wrangler belt,raptor-wrangler-belt,https://buddy.farm/i/raptor-wrangler-belt/,found,200,https://buddy.farm/i/raptor-wrangler-belt/,Raptor Wrangler Belt,1,,
Raw Meat,raw meat,raw-meat,https://buddy.farm/i/raw-meat/,found,200,https://buddy.farm/i/raw-meat/,Raw Meat,1,,
Re'taw,re'taw,re-taw,https://buddy.farm/i/re-taw/,found,200,https://buddy.farm/i/re-taw/,Re&#x27;taw,1,symbol_cleanup,Punctuation or symbols were cleaned during slug generation.
Re'taw Pail,re'taw pail,re-taw-pail,https://buddy.farm/i/re-taw-pail/,found,200,https://buddy.farm/i/re-taw-pail/,Re&#x27;taw Pail,1,symbol_cleanup,Punctuation or symbols were cleaned during slug generation.
Reaver Claw,reaver claw,reaver-claw,https://buddy.farm/i/reaver-claw/,found,200,https://buddy.farm/i/reaver-claw/,Reaver Claw,1,,
Red Berries,red berries,red-berries,https://buddy.farm/i/red-berries/,found,200,https://buddy.farm/i/red-berries/,Red Berries,1,,
Red Berry Pie,red berry pie,red-berry-pie,https://buddy.farm/i/red-berry-pie/,found,200,https://buddy.farm/i/red-berry-pie/,Red Berry Pie,1,,
Red Brick,red brick,red-brick,https://buddy.farm/i/red-brick/,found,200,https://buddy.farm/i/red-brick/,Red Brick,1,,
Red Butterfly,red butterfly,red-butterfly,https://buddy.farm/i/red-butterfly/,found,200,https://buddy.farm/i/red-butterfly/,Red Butterfly,1,,
Red Diamond Fish,red diamond fish,red-diamond-fish,https://buddy.farm/i/red-diamond-fish/,found,200,https://buddy.farm/i/red-diamond-fish/,Red Diamond Fish,1,,
Red Diary,red diary,red-diary,https://buddy.farm/i/red-diary/,found,200,https://buddy.farm/i/red-diary/,Red Diary,1,,
Red Dye,red dye,red-dye,https://buddy.farm/i/red-dye/,found,200,https://buddy.farm/i/red-dye/,Red Dye,1,,
Red Envelope,red envelope,red-envelope,https://buddy.farm/i/red-envelope/,found,200,https://buddy.farm/i/red-envelope/,Red Envelope,1,,
Red Flowers,red flowers,red-flowers,https://buddy.farm/i/red-flowers/,found,200,https://buddy.farm/i/red-flowers/,Red Flowers,1,,
Red Mushrooms,red mushrooms,red-mushrooms,https://buddy.farm/i/red-mushrooms/,found,200,https://buddy.farm/i/red-mushrooms/,Red Mushrooms,1,,
Red Ornament,red ornament,red-ornament,https://buddy.farm/i/red-ornament/,found,200,https://buddy.farm/i/red-ornament/,Red Ornament,1,,
Red Parchment,red parchment,red-parchment,https://buddy.farm/i/red-parchment/,found,200,https://buddy.farm/i/red-parchment/,Red Parchment,1,,
Red Rocket,red rocket,red-rocket,https://buddy.farm/i/red-rocket/,found,200,https://buddy.farm/i/red-rocket/,Red Rocket,1,,
Red Scarf,red scarf,red-scarf,https://buddy.farm/i/red-scarf/,found,200,https://buddy.farm/i/red-scarf/,Red Scarf,1,,
Red Shield,red shield,red-shield,https://buddy.farm/i/red-shield/,found,200,https://buddy.farm/i/red-shield/,Red Shield,1,,
Red Shirt,red shirt,red-shirt,https://buddy.farm/i/red-shirt/,found,200,https://buddy.farm/i/red-shirt/,Red Shirt,1,,
Red Starfish,red starfish,red-starfish,https://buddy.farm/i/red-starfish/,found,200,https://buddy.farm/i/red-starfish/,Red Starfish,1,,
Red Trunk,red trunk,red-trunk,https://buddy.farm/i/red-trunk/,found,200,https://buddy.farm/i/red-trunk/,Red Trunk,1,,
Red Twine,red twine,red-twine,https://buddy.farm/i/red-twine/,found,200,https://buddy.farm/i/red-twine/,Red Twine,1,,
Redgill,redgill,redgill,https://buddy.farm/i/redgill/,found,200,https://buddy.farm/i/redgill/,Redgill,1,,
Refined Corn Quartz,refined corn quartz,refined-corn-quartz,https://buddy.farm/i/refined-corn-quartz/,found,200,https://buddy.farm/i/refined-corn-quartz/,Refined Corn Quartz,1,,
Reindeer Headband,reindeer headband,reindeer-headband,https://buddy.farm/i/reindeer-headband/,found,200,https://buddy.farm/i/reindeer-headband/,Reindeer Headband,1,,
Reinforced Helmet,reinforced helmet,reinforced-helmet,https://buddy.farm/i/reinforced-helmet/,found,200,https://buddy.farm/i/reinforced-helmet/,Reinforced Helmet,1,,
Ric Ryph Bobblehead,ric ryph bobblehead,ric-ryph-bobblehead,https://buddy.farm/i/ric-ryph-bobblehead/,found,200,https://buddy.farm/i/ric-ryph-bobblehead/,Ric Ryph Bobblehead,1,,
Rice,rice,rice,https://buddy.farm/i/rice/,found,200,https://buddy.farm/i/rice/,Rice,1,,
Rice Seeds,rice seeds,rice-seeds,https://buddy.farm/i/rice-seeds/,found,200,https://buddy.farm/i/rice-seeds/,Rice Seeds,1,,
Ring of Renthisj,ring of renthisj,ring-of-renthisj,https://buddy.farm/i/ring-of-renthisj/,found,200,https://buddy.farm/i/ring-of-renthisj/,Ring of Renthisj,1,,
Roomba Bobblehead,roomba bobblehead,roomba-bobblehead,https://buddy.farm/i/roomba-bobblehead/,found,200,https://buddy.farm/i/roomba-bobblehead/,Roomba Bobblehead,1,,
Roomba's Over The Moon,roomba's over the moon,roomba-s-over-the-moon,https://buddy.farm/i/roomba-s-over-the-moon/,found,200,https://buddy.farm/i/roomba-s-over-the-moon/,Roomba&#x27;s Over The Moon,1,symbol_cleanup,Punctuation or symbols were cleaned during slug generation.
Rope,rope,rope,https://buddy.farm/i/rope/,found,200,https://buddy.farm/i/rope/,Rope,1,,
Rosalie Bobblehead,rosalie bobblehead,rosalie-bobblehead,https://buddy.farm/i/rosalie-bobblehead/,found,200,https://buddy.farm/i/rosalie-bobblehead/,Rosalie Bobblehead,1,,
Rosalie's Beach Tote,rosalie's beach tote,rosalie-s-beach-tote,https://buddy.farm/i/rosalie-s-beach-tote/,found,200,https://buddy.farm/i/rosalie-s-beach-tote/,Rosalie&#x27;s Beach Tote,1,symbol_cleanup,Punctuation or symbols were cleaned during slug generation.
Rosalie's Bone Broth,rosalie's bone broth,rosalie-s-bone-broth,https://buddy.farm/i/rosalie-s-bone-broth/,found,200,https://buddy.farm/i/rosalie-s-bone-broth/,Rosalie&#x27;s Bone Broth,1,symbol_cleanup,Punctuation or symbols were cleaned during slug generation.
Rosalie's Concord Grape Pie,rosalie's concord grape pie,rosalie-s-concord-grape-pie,https://buddy.farm/i/rosalie-s-concord-grape-pie/,found,200,https://buddy.farm/i/rosalie-s-concord-grape-pie/,Rosalie&#x27;s Concord Grape Pie,1,symbol_cleanup,Punctuation or symbols were cleaned during slug generation.
Rosalie's Red Berry Pie,rosalie's red berry pie,rosalie-s-red-berry-pie,https://buddy.farm/i/rosalie-s-red-berry-pie/,found,200,https://buddy.farm/i/rosalie-s-red-berry-pie/,Rosalie&#x27;s Red Berry Pie,1,symbol_cleanup,Punctuation or symbols were cleaned during slug generation.
Rubber Duckie,rubber duckie,rubber-duckie,https://buddy.farm/i/rubber-duckie/,found,200,https://buddy.farm/i/rubber-duckie/,Rubber Duckie,1,,
Ruby,ruby,ruby,https://buddy.farm/i/ruby/,found,200,https://buddy.farm/i/ruby/,Ruby,1,,
Ruby Coral,ruby coral,ruby-coral,https://buddy.farm/i/ruby-coral/,found,200,https://buddy.farm/i/ruby-coral/,Ruby Coral,1,,
Ruby Fish,ruby fish,ruby-fish,https://buddy.farm/i/ruby-fish/,found,200,https://buddy.farm/i/ruby-fish/,Ruby Fish,1,,
Ruby Ring,ruby ring,ruby-ring,https://buddy.farm/i/ruby-ring/,found,200,https://buddy.farm/i/ruby-ring/,Ruby Ring,1,,
Ruby Scorpion,ruby scorpion,ruby-scorpion,https://buddy.farm/i/ruby-scorpion/,found,200,https://buddy.farm/i/ruby-scorpion/,Ruby Scorpion,1,,
Rucksack,rucksack,rucksack,https://buddy.farm/i/rucksack/,found,200,https://buddy.farm/i/rucksack/,Rucksack,1,,
Rudolph,rudolph,rudolph,https://buddy.farm/i/rudolph/,found,200,https://buddy.farm/i/rudolph/,Rudolph,1,,
Rudolph Buddy Doll,rudolph buddy doll,rudolph-buddy-doll,https://buddy.farm/i/rudolph-buddy-doll/,found,200,https://buddy.farm/i/rudolph-buddy-doll/,Rudolph Buddy Doll,1,,
Rune Dice,rune dice,rune-dice,https://buddy.farm/i/rune-dice/,found,200,https://buddy.farm/i/rune-dice/,Rune Dice,1,,
Rune Shard,rune shard,rune-shard,https://buddy.farm/i/rune-shard/,found,200,https://buddy.farm/i/rune-shard/,Rune Shard,1,,
Runecorn,runecorn,runecorn,https://buddy.farm/i/runecorn/,found,200,https://buddy.farm/i/runecorn/,Runecorn,1,,
Runecube,runecube,runecube,https://buddy.farm/i/runecube/,found,200,https://buddy.farm/i/runecube/,Runecube,1,,
Runestone 01,runestone 01,runestone-01,https://buddy.farm/i/runestone-01/,found,200,https://buddy.farm/i/runestone-01/,Runestone 01,1,,
Runestone 02,runestone 02,runestone-02,https://buddy.farm/i/runestone-02/,found,200,https://buddy.farm/i/runestone-02/,Runestone 02,1,,
Runestone 03,runestone 03,runestone-03,https://buddy.farm/i/runestone-03/,found,200,https://buddy.farm/i/runestone-03/,Runestone 03,1,,
Runestone 04,runestone 04,runestone-04,https://buddy.farm/i/runestone-04/,found,200,https://buddy.farm/i/runestone-04/,Runestone 04,1,,
Runestone 05,runestone 05,runestone-05,https://buddy.farm/i/runestone-05/,found,200,https://buddy.farm/i/runestone-05/,Runestone 05,1,,
Runestone 06,runestone 06,runestone-06,https://buddy.farm/i/runestone-06/,found,200,https://buddy.farm/i/runestone-06/,Runestone 06,1,,
Runestone 07,runestone 07,runestone-07,https://buddy.farm/i/runestone-07/,found,200,https://buddy.farm/i/runestone-07/,Runestone 07,1,,
Runestone 08,runestone 08,runestone-08,https://buddy.farm/i/runestone-08/,found,200,https://buddy.farm/i/runestone-08/,Runestone 08,1,,
Runestone 09,runestone 09,runestone-09,https://buddy.farm/i/runestone-09/,found,200,https://buddy.farm/i/runestone-09/,Runestone 09,1,,
Runestone 10,runestone 10,runestone-10,https://buddy.farm/i/runestone-10/,found,200,https://buddy.farm/i/runestone-10/,Runestone 10,1,,
Runestone 11,runestone 11,runestone-11,https://buddy.farm/i/runestone-11/,found,200,https://buddy.farm/i/runestone-11/,Runestone 11,1,,
Runestone 12,runestone 12,runestone-12,https://buddy.farm/i/runestone-12/,found,200,https://buddy.farm/i/runestone-12/,Runestone 12,1,,
Runestone 13,runestone 13,runestone-13,https://buddy.farm/i/runestone-13/,found,200,https://buddy.farm/i/runestone-13/,Runestone 13,1,,
Runestone 14,runestone 14,runestone-14,https://buddy.farm/i/runestone-14/,found,200,https://buddy.farm/i/runestone-14/,Runestone 14,1,,
Runestone 15,runestone 15,runestone-15,https://buddy.farm/i/runestone-15/,found,200,https://buddy.farm/i/runestone-15/,Runestone 15,1,,
Runestone 16,runestone 16,runestone-16,https://buddy.farm/i/runestone-16/,found,200,https://buddy.farm/i/runestone-16/,Runestone 16,1,,
Runestone 17,runestone 17,runestone-17,https://buddy.farm/i/runestone-17/,found,200,https://buddy.farm/i/runestone-17/,Runestone 17,1,,
Runestone 18,runestone 18,runestone-18,https://buddy.farm/i/runestone-18/,found,200,https://buddy.farm/i/runestone-18/,Runestone 18,1,,
Runestone 19,runestone 19,runestone-19,https://buddy.farm/i/runestone-19/,found,200,https://buddy.farm/i/runestone-19/,Runestone 19,1,,
Runestone 20,runestone 20,runestone-20,https://buddy.farm/i/runestone-20/,found,200,https://buddy.farm/i/runestone-20/,Runestone 20,1,,
Runestone 23,runestone 23,runestone-23,https://buddy.farm/i/runestone-23/,found,200,https://buddy.farm/i/runestone-23/,Runestone 23,1,,
Runestone 27,runestone 27,runestone-27,https://buddy.farm/i/runestone-27/,found,200,https://buddy.farm/i/runestone-27/,Runestone 27,1,,
Runestone Necklace,runestone necklace,runestone-necklace,https://buddy.farm/i/runestone-necklace/,found,200,https://buddy.farm/i/runestone-necklace/,Runestone Necklace,1,,
Safety Goggles,safety goggles,safety-goggles,https://buddy.farm/i/safety-goggles/,found,200,https://buddy.farm/i/safety-goggles/,Safety Goggles,1,,
Safety Mask,safety mask,safety-mask,https://buddy.farm/i/safety-mask/,found,200,https://buddy.farm/i/safety-mask/,Safety Mask,1,,
Safety Pin,safety pin,safety-pin,https://buddy.farm/i/safety-pin/,found,200,https://buddy.farm/i/safety-pin/,Safety Pin,1,,
Sail Cloth,sail cloth,sail-cloth,https://buddy.farm/i/sail-cloth/,found,200,https://buddy.farm/i/sail-cloth/,Sail Cloth,1,,
Salt,salt,salt,https://buddy.farm/i/salt/,found,200,https://buddy.farm/i/salt/,Salt,1,,
Salt Rock,salt rock,salt-rock,https://buddy.farm/i/salt-rock/,found,200,https://buddy.farm/i/salt-rock/,Salt Rock,1,,
Sand,sand,sand,https://buddy.farm/i/sand/,found,200,https://buddy.farm/i/sand/,Sand,1,,
Sand Castle Bucket,sand castle bucket,sand-castle-bucket,https://buddy.farm/i/sand-castle-bucket/,found,200,https://buddy.farm/i/sand-castle-bucket/,Sand Castle Bucket,1,,
Sand Dollar,sand dollar,sand-dollar,https://buddy.farm/i/sand-dollar/,found,200,https://buddy.farm/i/sand-dollar/,Sand Dollar,1,,
Sand Shovel,sand shovel,sand-shovel,https://buddy.farm/i/sand-shovel/,found,200,https://buddy.farm/i/sand-shovel/,Sand Shovel,1,,
Sandstone,sandstone,sandstone,https://buddy.farm/i/sandstone/,found,200,https://buddy.farm/i/sandstone/,Sandstone,1,,
Santa Bobblehead,santa bobblehead,santa-bobblehead,https://buddy.farm/i/santa-bobblehead/,found,200,https://buddy.farm/i/santa-bobblehead/,Santa Bobblehead,1,,
Santa Buddy Doll,santa buddy doll,santa-buddy-doll,https://buddy.farm/i/santa-buddy-doll/,found,200,https://buddy.farm/i/santa-buddy-doll/,Santa Buddy Doll,1,,
Santa Hat,santa hat,santa-hat,https://buddy.farm/i/santa-hat/,found,200,https://buddy.farm/i/santa-hat/,Santa Hat,1,,
Santa's Travel Belt,santa's travel belt,santa-s-travel-belt,https://buddy.farm/i/santa-s-travel-belt/,found,200,https://buddy.farm/i/santa-s-travel-belt/,Santa&#x27;s Travel Belt,1,symbol_cleanup,Punctuation or symbols were cleaned during slug generation.
Sappy Christmas Card,sappy christmas card,sappy-christmas-card,https://buddy.farm/i/sappy-christmas-card/,found,200,https://buddy.farm/i/sappy-christmas-card/,Sappy Christmas Card,1,,
School Buddy Doll,school buddy doll,school-buddy-doll,https://buddy.farm/i/school-buddy-doll/,found,200,https://buddy.farm/i/school-buddy-doll/,School Buddy Doll,1,,
Schoolbook,schoolbook,schoolbook,https://buddy.farm/i/schoolbook/,found,200,https://buddy.farm/i/schoolbook/,Schoolbook,1,,
Scissors,scissors,scissors,https://buddy.farm/i/scissors/,found,200,https://buddy.farm/i/scissors/,Scissors,1,,
Scrap Cloth,scrap cloth,scrap-cloth,https://buddy.farm/i/scrap-cloth/,found,200,https://buddy.farm/i/scrap-cloth/,Scrap Cloth,1,,
Scrap Metal,scrap metal,scrap-metal,https://buddy.farm/i/scrap-metal/,found,200,https://buddy.farm/i/scrap-metal/,Scrap Metal,1,,
Scrap Wire,scrap wire,scrap-wire,https://buddy.farm/i/scrap-wire/,found,200,https://buddy.farm/i/scrap-wire/,Scrap Wire,1,,
Scythe of Dewstar,scythe of dewstar,scythe-of-dewstar,https://buddy.farm/i/scythe-of-dewstar/,found,200,https://buddy.farm/i/scythe-of-dewstar/,Scythe of Dewstar,1,,
Sea Catfish,sea catfish,sea-catfish,https://buddy.farm/i/sea-catfish/,found,200,https://buddy.farm/i/sea-catfish/,Sea Catfish,1,,
Sea Crest,sea crest,sea-crest,https://buddy.farm/i/sea-crest/,found,200,https://buddy.farm/i/sea-crest/,Sea Crest,1,,
Sea Dragon,sea dragon,sea-dragon,https://buddy.farm/i/sea-dragon/,found,200,https://buddy.farm/i/sea-dragon/,Sea Dragon,1,,
Sea Pincher Special,sea pincher special,sea-pincher-special,https://buddy.farm/i/sea-pincher-special/,found,200,https://buddy.farm/i/sea-pincher-special/,Sea Pincher Special,1,,
Sea Turtle,sea turtle,sea-turtle,https://buddy.farm/i/sea-turtle/,found,200,https://buddy.farm/i/sea-turtle/,Sea Turtle,1,,
Sea Urchin,sea urchin,sea-urchin,https://buddy.farm/i/sea-urchin/,found,200,https://buddy.farm/i/sea-urchin/,Sea Urchin,1,,
Seahorse,seahorse,seahorse,https://buddy.farm/i/seahorse/,found,200,https://buddy.farm/i/seahorse/,Seahorse,1,,
Sealed Letter,sealed letter,sealed-letter,https://buddy.farm/i/sealed-letter/,found,200,https://buddy.farm/i/sealed-letter/,Sealed Letter,1,,
Seashell Necklace,seashell necklace,seashell-necklace,https://buddy.farm/i/seashell-necklace/,found,200,https://buddy.farm/i/seashell-necklace/,Seashell Necklace,1,,
Seaweed,seaweed,seaweed,https://buddy.farm/i/seaweed/,found,200,https://buddy.farm/i/seaweed/,Seaweed,1,,
Seeing Stone,seeing stone,seeing-stone,https://buddy.farm/i/seeing-stone/,found,200,https://buddy.farm/i/seeing-stone/,Seeing Stone,1,,
Seeker,seeker,seeker,https://buddy.farm/i/seeker/,found,200,https://buddy.farm/i/seeker/,Seeker,1,,
Serpent Eel,serpent eel,serpent-eel,https://buddy.farm/i/serpent-eel/,found,200,https://buddy.farm/i/serpent-eel/,Serpent Eel,1,,
Serpent of Trym,serpent of trym,serpent-of-trym,https://buddy.farm/i/serpent-of-trym/,found,200,https://buddy.farm/i/serpent-of-trym/,Serpent of Trym,1,,
Sewing Needle,sewing needle,sewing-needle,https://buddy.farm/i/sewing-needle/,found,200,https://buddy.farm/i/sewing-needle/,Sewing Needle,1,,
Shadow Bloom,shadow bloom,shadow-bloom,https://buddy.farm/i/shadow-bloom/,found,200,https://buddy.farm/i/shadow-bloom/,Shadow Bloom,1,,
Shamrock Milk,shamrock milk,shamrock-milk,https://buddy.farm/i/shamrock-milk/,found,200,https://buddy.farm/i/shamrock-milk/,Shamrock Milk,1,,
Shark Jaws,shark jaws,shark-jaws,https://buddy.farm/i/shark-jaws/,found,200,https://buddy.farm/i/shark-jaws/,Shark Jaws,1,,
Shark Tooth,shark tooth,shark-tooth,https://buddy.farm/i/shark-tooth/,found,200,https://buddy.farm/i/shark-tooth/,Shark Tooth,1,,
Shillelagh,shillelagh,shillelagh,https://buddy.farm/i/shillelagh/,found,200,https://buddy.farm/i/shillelagh/,Shillelagh,1,,
Shimmer Quartz,shimmer quartz,shimmer-quartz,https://buddy.farm/i/shimmer-quartz/,found,200,https://buddy.farm/i/shimmer-quartz/,Shimmer Quartz,1,,
Shimmer Ring,shimmer ring,shimmer-ring,https://buddy.farm/i/shimmer-ring/,found,200,https://buddy.farm/i/shimmer-ring/,Shimmer Ring,1,,
Shimmer Stone,shimmer stone,shimmer-stone,https://buddy.farm/i/shimmer-stone/,found,200,https://buddy.farm/i/shimmer-stone/,Shimmer Stone,1,,
Shimmer Topaz,shimmer topaz,shimmer-topaz,https://buddy.farm/i/shimmer-topaz/,found,200,https://buddy.farm/i/shimmer-topaz/,Shimmer Topaz,1,,
Shinefish,shinefish,shinefish,https://buddy.farm/i/shinefish/,found,200,https://buddy.farm/i/shinefish/,Shinefish,1,,
Shiny Beetle,shiny beetle,shiny-beetle,https://buddy.farm/i/shiny-beetle/,found,200,https://buddy.farm/i/shiny-beetle/,Shiny Beetle,1,,
Shiny Present,shiny present,shiny-present,https://buddy.farm/i/shiny-present/,found,200,https://buddy.farm/i/shiny-present/,Shiny Present,1,,
Ship in a Bottle,ship in a bottle,ship-in-a-bottle,https://buddy.farm/i/ship-in-a-bottle/,found,200,https://buddy.farm/i/ship-in-a-bottle/,Ship in a Bottle,1,,
Ship Mast,ship mast,ship-mast,https://buddy.farm/i/ship-mast/,found,200,https://buddy.farm/i/ship-mast/,Ship Mast,1,,
Ship Wheel,ship wheel,ship-wheel,https://buddy.farm/i/ship-wheel/,found,200,https://buddy.farm/i/ship-wheel/,Ship Wheel,1,,
Shovel,shovel,shovel,https://buddy.farm/i/shovel/,found,200,https://buddy.farm/i/shovel/,Shovel,1,,
Shrimp,shrimp,shrimp,https://buddy.farm/i/shrimp/,found,200,https://buddy.farm/i/shrimp/,Shrimp,1,,
Shrimp-a-Plenty,shrimp-a-plenty,shrimp-a-plenty,https://buddy.farm/i/shrimp-a-plenty/,found,200,https://buddy.farm/i/shrimp-a-plenty/,Shrimp-a-Plenty,1,symbol_cleanup,Punctuation or symbols were cleaned during slug generation.
Silk,silk,silk,https://buddy.farm/i/silk/,found,200,https://buddy.farm/i/silk/,Silk,1,,
Sinkroot,sinkroot,sinkroot,https://buddy.farm/i/sinkroot/,found,200,https://buddy.farm/i/sinkroot/,Sinkroot,1,,
Skeleton Key,skeleton key,skeleton-key,https://buddy.farm/i/skeleton-key/,found,200,https://buddy.farm/i/skeleton-key/,Skeleton Key,1,,
Skipjack,skipjack,skipjack,https://buddy.farm/i/skipjack/,found,200,https://buddy.farm/i/skipjack/,Skipjack,1,,
Skull Coin,skull coin,skull-coin,https://buddy.farm/i/skull-coin/,found,200,https://buddy.farm/i/skull-coin/,Skull Coin,1,,
Skull-in-the-box,skull-in-the-box,skull-in-the-box,https://buddy.farm/i/skull-in-the-box/,found,200,https://buddy.farm/i/skull-in-the-box/,Skull-in-the-box,1,symbol_cleanup,Punctuation or symbols were cleaned during slug generation.
Slime Bucket,slime bucket,slime-bucket,https://buddy.farm/i/slime-bucket/,found,200,https://buddy.farm/i/slime-bucket/,Slime Bucket,1,,
Slime Buddy Doll,slime buddy doll,slime-buddy-doll,https://buddy.farm/i/slime-buddy-doll/,found,200,https://buddy.farm/i/slime-buddy-doll/,Slime Buddy Doll,1,,
Slime Egg Shell,slime egg shell,slime-egg-shell,https://buddy.farm/i/slime-egg-shell/,found,200,https://buddy.farm/i/slime-egg-shell/,Slime Egg Shell,1,,
Slimeback,slimeback,slimeback,https://buddy.farm/i/slimeback/,found,200,https://buddy.farm/i/slimeback/,Slimeback,1,,
Slimestone,slimestone,slimestone,https://buddy.farm/i/slimestone/,found,200,https://buddy.farm/i/slimestone/,Slimestone,1,,
Sling Blade,sling blade,sling-blade,https://buddy.farm/i/sling-blade/,found,200,https://buddy.farm/i/sling-blade/,Sling Blade,1,,
Slobster,slobster,slobster,https://buddy.farm/i/slobster/,found,200,https://buddy.farm/i/slobster/,Slobster,1,,
Small Bolt,small bolt,small-bolt,https://buddy.farm/i/small-bolt/,found,200,https://buddy.farm/i/small-bolt/,Small Bolt,1,,
Small Chest 01,small chest 01,small-chest-01,https://buddy.farm/i/small-chest-01/,found,200,https://buddy.farm/i/small-chest-01/,Small Chest 01,1,,
Small Chest 02,small chest 02,small-chest-02,https://buddy.farm/i/small-chest-02/,found,200,https://buddy.farm/i/small-chest-02/,Small Chest 02,1,,
Small Flute,small flute,small-flute,https://buddy.farm/i/small-flute/,found,200,https://buddy.farm/i/small-flute/,Small Flute,1,,
Small Gear,small gear,small-gear,https://buddy.farm/i/small-gear/,found,200,https://buddy.farm/i/small-gear/,Small Gear,1,,
Small Key,small key,small-key,https://buddy.farm/i/small-key/,found,200,https://buddy.farm/i/small-key/,Small Key,1,,
Small Prawn,small prawn,small-prawn,https://buddy.farm/i/small-prawn/,found,200,https://buddy.farm/i/small-prawn/,Small Prawn,1,,
Small Screw,small screw,small-screw,https://buddy.farm/i/small-screw/,found,200,https://buddy.farm/i/small-screw/,Small Screw,1,,
Small Spring,small spring,small-spring,https://buddy.farm/i/small-spring/,found,200,https://buddy.farm/i/small-spring/,Small Spring,1,,
Smart Buddy Doll,smart buddy doll,smart-buddy-doll,https://buddy.farm/i/smart-buddy-doll/,found,200,https://buddy.farm/i/smart-buddy-doll/,Smart Buddy Doll,1,,
Snail,snail,snail,https://buddy.farm/i/snail/,found,200,https://buddy.farm/i/snail/,Snail,1,,
Snow Globe,snow globe,snow-globe,https://buddy.farm/i/snow-globe/,found,200,https://buddy.farm/i/snow-globe/,Snow Globe,1,,
Snow Shoes,snow shoes,snow-shoes,https://buddy.farm/i/snow-shoes/,found,200,https://buddy.farm/i/snow-shoes/,Snow Shoes,1,,
Snowball,snowball,snowball,https://buddy.farm/i/snowball/,found,200,https://buddy.farm/i/snowball/,Snowball,1,,
Snowball Cup,snowball cup,snowball-cup,https://buddy.farm/i/snowball-cup/,found,200,https://buddy.farm/i/snowball-cup/,Snowball Cup,1,,
Snowflakes,snowflakes,snowflakes,https://buddy.farm/i/snowflakes/,found,200,https://buddy.farm/i/snowflakes/,Snowflakes,1,,
Snowman,snowman,snowman,https://buddy.farm/i/snowman/,found,200,https://buddy.farm/i/snowman/,Snowman,1,,
Snowman Buddy Doll,snowman buddy doll,snowman-buddy-doll,https://buddy.farm/i/snowman-buddy-doll/,found,200,https://buddy.farm/i/snowman-buddy-doll/,Snowman Buddy Doll,1,,
Soap,soap,soap,https://buddy.farm/i/soap/,found,200,https://buddy.farm/i/soap/,Soap,1,,
Sol Orb,sol orb,sol-orb,https://buddy.farm/i/sol-orb/,found,200,https://buddy.farm/i/sol-orb/,Sol Orb,1,,
Sombrero,sombrero,sombrero,https://buddy.farm/i/sombrero/,found,200,https://buddy.farm/i/sombrero/,Sombrero,1,,
Sour Root,sour root,sour-root,https://buddy.farm/i/sour-root/,found,200,https://buddy.farm/i/sour-root/,Sour Root,1,,
Spades,spades,spades,https://buddy.farm/i/spades/,found,200,https://buddy.farm/i/spades/,Spades,1,,
Speckled Grouper,speckled grouper,speckled-grouper,https://buddy.farm/i/speckled-grouper/,found,200,https://buddy.farm/i/speckled-grouper/,Speckled Grouper,1,,
Spectacles,spectacles,spectacles,https://buddy.farm/i/spectacles/,found,200,https://buddy.farm/i/spectacles/,Spectacles,1,,
Spider,spider,spider,https://buddy.farm/i/spider/,found,200,https://buddy.farm/i/spider/,Spider,1,,
Spiked Shell,spiked shell,spiked-shell,https://buddy.farm/i/spiked-shell/,found,200,https://buddy.farm/i/spiked-shell/,Spiked Shell,1,,
Spiky Bracelet,spiky bracelet,spiky-bracelet,https://buddy.farm/i/spiky-bracelet/,found,200,https://buddy.farm/i/spiky-bracelet/,Spiky Bracelet,1,,
Spiral Shell,spiral shell,spiral-shell,https://buddy.farm/i/spiral-shell/,found,200,https://buddy.farm/i/spiral-shell/,Spiral Shell,1,,
Splatfish,splatfish,splatfish,https://buddy.farm/i/splatfish/,found,200,https://buddy.farm/i/splatfish/,Splatfish,1,,
Sponge,sponge,sponge,https://buddy.farm/i/sponge/,found,200,https://buddy.farm/i/sponge/,Sponge,1,,
Spooky Cookies,spooky cookies,spooky-cookies,https://buddy.farm/i/spooky-cookies/,found,200,https://buddy.farm/i/spooky-cookies/,Spooky Cookies,1,,
Spooky Doll,spooky doll,spooky-doll,https://buddy.farm/i/spooky-doll/,found,200,https://buddy.farm/i/spooky-doll/,Spooky Doll,1,,
Spooky Pie,spooky pie,spooky-pie,https://buddy.farm/i/spooky-pie/,found,200,https://buddy.farm/i/spooky-pie/,Spooky Pie,1,,
Spooky Scarecrow,spooky scarecrow,spooky-scarecrow,https://buddy.farm/i/spooky-scarecrow/,found,200,https://buddy.farm/i/spooky-scarecrow/,Spooky Scarecrow,1,,
Spooky Slime,spooky slime,spooky-slime,https://buddy.farm/i/spooky-slime/,found,200,https://buddy.farm/i/spooky-slime/,Spooky Slime,1,,
Spool of Copper,spool of copper,spool-of-copper,https://buddy.farm/i/spool-of-copper/,found,200,https://buddy.farm/i/spool-of-copper/,Spool of Copper,1,,
Spoon,spoon,spoon,https://buddy.farm/i/spoon/,found,200,https://buddy.farm/i/spoon/,Spoon,1,,
Sporefly,sporefly,sporefly,https://buddy.farm/i/sporefly/,found,200,https://buddy.farm/i/sporefly/,Sporefly,1,,
Spring Bangle,spring bangle,spring-bangle,https://buddy.farm/i/spring-bangle/,found,200,https://buddy.farm/i/spring-bangle/,Spring Bangle,1,,
Spring Basket 01,spring basket 01,spring-basket-01,https://buddy.farm/i/spring-basket-01/,found,200,https://buddy.farm/i/spring-basket-01/,Spring Basket 01,1,,
Spring Basket 02,spring basket 02,spring-basket-02,https://buddy.farm/i/spring-basket-02/,found,200,https://buddy.farm/i/spring-basket-02/,Spring Basket 02,1,,
Spring Basket 03,spring basket 03,spring-basket-03,https://buddy.farm/i/spring-basket-03/,found,200,https://buddy.farm/i/spring-basket-03/,Spring Basket 03,1,,
Spring Seeds,spring seeds,spring-seeds,https://buddy.farm/i/spring-seeds/,found,200,https://buddy.farm/i/spring-seeds/,Spring Seeds,1,,
Square Key,square key,square-key,https://buddy.farm/i/square-key/,found,200,https://buddy.farm/i/square-key/,Square Key,1,,
Stack of Cards,stack of cards,stack-of-cards,https://buddy.farm/i/stack-of-cards/,found,200,https://buddy.farm/i/stack-of-cards/,Stack of Cards,1,,
Star,star,star,https://buddy.farm/i/star/,found,200,https://buddy.farm/i/star/,Star,1,,
Star Bobblehead,star bobblehead,star-bobblehead,https://buddy.farm/i/star-bobblehead/,found,200,https://buddy.farm/i/star-bobblehead/,Star Bobblehead,1,,
Star's Treasure Map,star's treasure map,star-s-treasure-map,https://buddy.farm/i/star-s-treasure-map/,found,200,https://buddy.farm/i/star-s-treasure-map/,Star&#x27;s Treasure Map,1,symbol_cleanup,Punctuation or symbols were cleaned during slug generation.
Starfish,starfish,starfish,https://buddy.farm/i/starfish/,found,200,https://buddy.farm/i/starfish/,Starfish,1,,
Steak,steak,steak,https://buddy.farm/i/steak/,found,200,https://buddy.farm/i/steak/,Steak,1,,
Steak Kabob,steak kabob,steak-kabob,https://buddy.farm/i/steak-kabob/,found,200,https://buddy.farm/i/steak-kabob/,Steak Kabob,1,,
Steel,steel,steel,https://buddy.farm/i/steel/,found,200,https://buddy.farm/i/steel/,Steel,1,,
Steel Buckle,steel buckle,steel-buckle,https://buddy.farm/i/steel-buckle/,found,200,https://buddy.farm/i/steel-buckle/,Steel Buckle,1,,
Steel Pickaxe,steel pickaxe,steel-pickaxe,https://buddy.farm/i/steel-pickaxe/,found,200,https://buddy.farm/i/steel-pickaxe/,Steel Pickaxe,1,,
Steel Plate,steel plate,steel-plate,https://buddy.farm/i/steel-plate/,found,200,https://buddy.farm/i/steel-plate/,Steel Plate,1,,
Steel Soap Belt,steel soap belt,steel-soap-belt,https://buddy.farm/i/steel-soap-belt/,found,200,https://buddy.farm/i/steel-soap-belt/,Steel Soap Belt,1,,
Steel Vise,steel vise,steel-vise,https://buddy.farm/i/steel-vise/,found,200,https://buddy.farm/i/steel-vise/,Steel Vise,1,,
Steel Wire,steel wire,steel-wire,https://buddy.farm/i/steel-wire/,found,200,https://buddy.farm/i/steel-wire/,Steel Wire,1,,
Step Ladder,step ladder,step-ladder,https://buddy.farm/i/step-ladder/,found,200,https://buddy.farm/i/step-ladder/,Step Ladder,1,,
Stingray,stingray,stingray,https://buddy.farm/i/stingray/,found,200,https://buddy.farm/i/stingray/,Stingray,1,,
Stone,stone,stone,https://buddy.farm/i/stone/,found,200,https://buddy.farm/i/stone/,Stone,1,,
Stone Fragment,stone fragment,stone-fragment,https://buddy.farm/i/stone-fragment/,found,200,https://buddy.farm/i/stone-fragment/,Stone Fragment,1,,
Stone Jelly,stone jelly,stone-jelly,https://buddy.farm/i/stone-jelly/,found,200,https://buddy.farm/i/stone-jelly/,Stone Jelly,1,,
Stone Key,stone key,stone-key,https://buddy.farm/i/stone-key/,found,200,https://buddy.farm/i/stone-key/,Stone Key,1,,
Stone Shell,stone shell,stone-shell,https://buddy.farm/i/stone-shell/,found,200,https://buddy.farm/i/stone-shell/,Stone Shell,1,,
Stones of Gallodor,stones of gallodor,stones-of-gallodor,https://buddy.farm/i/stones-of-gallodor/,found,200,https://buddy.farm/i/stones-of-gallodor/,Stones of Gallodor,1,,
Strange Gem,strange gem,strange-gem,https://buddy.farm/i/strange-gem/,found,200,https://buddy.farm/i/strange-gem/,Strange Gem,1,,
Strange Key 01,strange key 01,strange-key-01,https://buddy.farm/i/strange-key-01/,found,200,https://buddy.farm/i/strange-key-01/,Strange Key 01,1,,
Strange Letter,strange letter,strange-letter,https://buddy.farm/i/strange-letter/,found,200,https://buddy.farm/i/strange-letter/,Strange Letter,1,,
Strange Mushroom,strange mushroom,strange-mushroom,https://buddy.farm/i/strange-mushroom/,found,200,https://buddy.farm/i/strange-mushroom/,Strange Mushroom,1,,
Strange Ring,strange ring,strange-ring,https://buddy.farm/i/strange-ring/,found,200,https://buddy.farm/i/strange-ring/,Strange Ring,1,,
Strange Temple Necklace,strange temple necklace,strange-temple-necklace,https://buddy.farm/i/strange-temple-necklace/,found,200,https://buddy.farm/i/strange-temple-necklace/,Strange Temple Necklace,1,,
Straw,straw,straw,https://buddy.farm/i/straw/,found,200,https://buddy.farm/i/straw/,Straw,1,,
Strawberry Good Goods,strawberry good goods,strawberry-good-goods,https://buddy.farm/i/strawberry-good-goods/,found,200,https://buddy.farm/i/strawberry-good-goods/,Strawberry Good Goods,1,,
Striped Feather,striped feather,striped-feather,https://buddy.farm/i/striped-feather/,found,200,https://buddy.farm/i/striped-feather/,Striped Feather,1,,
Strong Paste,strong paste,strong-paste,https://buddy.farm/i/strong-paste/,found,200,https://buddy.farm/i/strong-paste/,Strong Paste,1,,
Sturdy Bow,sturdy bow,sturdy-bow,https://buddy.farm/i/sturdy-bow/,found,200,https://buddy.farm/i/sturdy-bow/,Sturdy Bow,1,,
Sturdy Box,sturdy box,sturdy-box,https://buddy.farm/i/sturdy-box/,found,200,https://buddy.farm/i/sturdy-box/,Sturdy Box,1,,
Sturdy Pickaxe,sturdy pickaxe,sturdy-pickaxe,https://buddy.farm/i/sturdy-pickaxe/,found,200,https://buddy.farm/i/sturdy-pickaxe/,Sturdy Pickaxe,1,,
Sturdy Saw,sturdy saw,sturdy-saw,https://buddy.farm/i/sturdy-saw/,found,200,https://buddy.farm/i/sturdy-saw/,Sturdy Saw,1,,
Sturdy Shield,sturdy shield,sturdy-shield,https://buddy.farm/i/sturdy-shield/,found,200,https://buddy.farm/i/sturdy-shield/,Sturdy Shield,1,,
Sturdy Sword,sturdy sword,sturdy-sword,https://buddy.farm/i/sturdy-sword/,found,200,https://buddy.farm/i/sturdy-sword/,Sturdy Sword,1,,
Sugar Cane,sugar cane,sugar-cane,https://buddy.farm/i/sugar-cane/,found,200,https://buddy.farm/i/sugar-cane/,Sugar Cane,1,,
Sugar Cane Seeds,sugar cane seeds,sugar-cane-seeds,https://buddy.farm/i/sugar-cane-seeds/,found,200,https://buddy.farm/i/sugar-cane-seeds/,Sugar Cane Seeds,1,,
Sugar Cube,sugar cube,sugar-cube,https://buddy.farm/i/sugar-cube/,found,200,https://buddy.farm/i/sugar-cube/,Sugar Cube,1,,
Summer Basket,summer basket,summer-basket,https://buddy.farm/i/summer-basket/,found,200,https://buddy.farm/i/summer-basket/,Summer Basket,1,,
Sun Shades,sun shades,sun-shades,https://buddy.farm/i/sun-shades/,found,200,https://buddy.farm/i/sun-shades/,Sun Shades,1,,
Sunfish,sunfish,sunfish,https://buddy.farm/i/sunfish/,found,200,https://buddy.farm/i/sunfish/,Sunfish,1,,
Sunflower,sunflower,sunflower,https://buddy.farm/i/sunflower/,found,200,https://buddy.farm/i/sunflower/,Sunflower,1,,
Sunflower Oil,sunflower oil,sunflower-oil,https://buddy.farm/i/sunflower-oil/,found,200,https://buddy.farm/i/sunflower-oil/,Sunflower Oil,1,,
Sunflower Seeds,sunflower seeds,sunflower-seeds,https://buddy.farm/i/sunflower-seeds/,found,200,https://buddy.farm/i/sunflower-seeds/,Sunflower Seeds,1,,
Sunscreen,sunscreen,sunscreen,https://buddy.farm/i/sunscreen/,found,200,https://buddy.farm/i/sunscreen/,Sunscreen,1,,
Sunstone,sunstone,sunstone,https://buddy.farm/i/sunstone/,found,200,https://buddy.farm/i/sunstone/,Sunstone,1,,
Supply Bag 01,supply bag 01,supply-bag-01,https://buddy.farm/i/supply-bag-01/,found,200,https://buddy.farm/i/supply-bag-01/,Supply Bag 01,1,,
Supply Bag 02,supply bag 02,supply-bag-02,https://buddy.farm/i/supply-bag-02/,found,200,https://buddy.farm/i/supply-bag-02/,Supply Bag 02,1,,
Supply Crate 01,supply crate 01,supply-crate-01,https://buddy.farm/i/supply-crate-01/,found,200,https://buddy.farm/i/supply-crate-01/,Supply Crate 01,1,,
Supply Crate 02,supply crate 02,supply-crate-02,https://buddy.farm/i/supply-crate-02/,found,200,https://buddy.farm/i/supply-crate-02/,Supply Crate 02,1,,
Supply Voucher,supply voucher,supply-voucher,https://buddy.farm/i/supply-voucher/,found,200,https://buddy.farm/i/supply-voucher/,Supply Voucher,1,,
Support's Ticket,support's ticket,support-s-ticket,https://buddy.farm/i/support-s-ticket/,found,200,https://buddy.farm/i/support-s-ticket/,Support&#x27;s Ticket,1,symbol_cleanup,Punctuation or symbols were cleaned during slug generation.
Swamp Algae,swamp algae,swamp-algae,https://buddy.farm/i/swamp-algae/,found,200,https://buddy.farm/i/swamp-algae/,Swamp Algae,1,,
Swamp Gourd,swamp gourd,swamp-gourd,https://buddy.farm/i/swamp-gourd/,found,200,https://buddy.farm/i/swamp-gourd/,Swamp Gourd,1,,
Swamp Puzzle,swamp puzzle,swamp-puzzle,https://buddy.farm/i/swamp-puzzle/,found,200,https://buddy.farm/i/swamp-puzzle/,Swamp Puzzle,1,,
Swamp Thistle,swamp thistle,swamp-thistle,https://buddy.farm/i/swamp-thistle/,found,200,https://buddy.farm/i/swamp-thistle/,Swamp Thistle,1,,
Sweet Root,sweet root,sweet-root,https://buddy.farm/i/sweet-root/,found,200,https://buddy.farm/i/sweet-root/,Sweet Root,1,,
Swordfish,swordfish,swordfish,https://buddy.farm/i/swordfish/,found,200,https://buddy.farm/i/swordfish/,Swordfish,1,,
Tackle Box,tackle box,tackle-box,https://buddy.farm/i/tackle-box/,found,200,https://buddy.farm/i/tackle-box/,Tackle Box,1,,
Taco,taco,taco,https://buddy.farm/i/taco/,found,200,https://buddy.farm/i/taco/,Taco,1,,
Taffy,taffy,taffy,https://buddy.farm/i/taffy/,found,200,https://buddy.farm/i/taffy/,Taffy,1,,
Tanooki Buddy Doll,tanooki buddy doll,tanooki-buddy-doll,https://buddy.farm/i/tanooki-buddy-doll/,found,200,https://buddy.farm/i/tanooki-buddy-doll/,Tanooki Buddy Doll,1,,
Tea Leaves,tea leaves,tea-leaves,https://buddy.farm/i/tea-leaves/,found,200,https://buddy.farm/i/tea-leaves/,Tea Leaves,1,,
Teapot,teapot,teapot,https://buddy.farm/i/teapot/,found,200,https://buddy.farm/i/teapot/,Teapot,1,,
Teddy Bear,teddy bear,teddy-bear,https://buddy.farm/i/teddy-bear/,found,200,https://buddy.farm/i/teddy-bear/,Teddy Bear,1,,
Tenfoo's Lost Sock,tenfoo's lost sock,tenfoo-s-lost-sock,https://buddy.farm/i/tenfoo-s-lost-sock/,found,200,https://buddy.farm/i/tenfoo-s-lost-sock/,Tenfoo&#x27;s Lost Sock,1,symbol_cleanup,Punctuation or symbols were cleaned during slug generation.
Thank You Card,thank you card,thank-you-card,https://buddy.farm/i/thank-you-card/,found,200,https://buddy.farm/i/thank-you-card/,Thank You Card,1,,
Thankful Notes,thankful notes,thankful-notes,https://buddy.farm/i/thankful-notes/,found,200,https://buddy.farm/i/thankful-notes/,Thankful Notes,1,,
Thomas Bobblehead,thomas bobblehead,thomas-bobblehead,https://buddy.farm/i/thomas-bobblehead/,found,200,https://buddy.farm/i/thomas-bobblehead/,Thomas Bobblehead,1,,
Thomas's Cat's Meow,thomas's cat's meow,thomas-s-cat-s-meow,https://buddy.farm/i/thomas-s-cat-s-meow/,found,200,https://buddy.farm/i/thomas-s-cat-s-meow/,Thomas&#x27;s Cat&#x27;s Meow,1,symbol_cleanup,Punctuation or symbols were cleaned during slug generation.
Thomas's Cup of PB,thomas's cup of pb,thomas-s-cup-of-pb,https://buddy.farm/i/thomas-s-cup-of-pb/,found,200,https://buddy.farm/i/thomas-s-cup-of-pb/,Thomas&#x27;s Cup of PB,1,symbol_cleanup,Punctuation or symbols were cleaned during slug generation.
Thomas's Tavern Tote,thomas's tavern tote,thomas-s-tavern-tote,https://buddy.farm/i/thomas-s-tavern-tote/,found,200,https://buddy.farm/i/thomas-s-tavern-tote/,Thomas&#x27;s Tavern Tote,1,symbol_cleanup,Punctuation or symbols were cleaned during slug generation.
Thorns,thorns,thorns,https://buddy.farm/i/thorns/,found,200,https://buddy.farm/i/thorns/,Thorns,1,,
Tie Dye Scarf,tie dye scarf,tie-dye-scarf,https://buddy.farm/i/tie-dye-scarf/,found,200,https://buddy.farm/i/tie-dye-scarf/,Tie Dye Scarf,1,,
Time Egg,time egg,time-egg,https://buddy.farm/i/time-egg/,found,200,https://buddy.farm/i/time-egg/,Time Egg,1,,
Tin Can,tin can,tin-can,https://buddy.farm/i/tin-can/,found,200,https://buddy.farm/i/tin-can/,Tin Can,1,,
Tin Scraps,tin scraps,tin-scraps,https://buddy.farm/i/tin-scraps/,found,200,https://buddy.farm/i/tin-scraps/,Tin Scraps,1,,
Toga Buddy Doll,toga buddy doll,toga-buddy-doll,https://buddy.farm/i/toga-buddy-doll/,found,200,https://buddy.farm/i/toga-buddy-doll/,Toga Buddy Doll,1,,
Toilet Paper,toilet paper,toilet-paper,https://buddy.farm/i/toilet-paper/,found,200,https://buddy.farm/i/toilet-paper/,Toilet Paper,1,,
Tomato,tomato,tomato,https://buddy.farm/i/tomato/,found,200,https://buddy.farm/i/tomato/,Tomato,1,,
Tomato Seeds,tomato seeds,tomato-seeds,https://buddy.farm/i/tomato-seeds/,found,200,https://buddy.farm/i/tomato-seeds/,Tomato Seeds,1,,
Tombstone,tombstone,tombstone,https://buddy.farm/i/tombstone/,found,200,https://buddy.farm/i/tombstone/,Tombstone,1,,
Toothbrush,toothbrush,toothbrush,https://buddy.farm/i/toothbrush/,found,200,https://buddy.farm/i/toothbrush/,Toothbrush,1,,
Torch Fish,torch fish,torch-fish,https://buddy.farm/i/torch-fish/,found,200,https://buddy.farm/i/torch-fish/,Torch Fish,1,,
Tower Key,tower key,tower-key,https://buddy.farm/i/tower-key/,found,200,https://buddy.farm/i/tower-key/,Tower Key,1,,
Tower Prep Pack 01,tower prep pack 01,tower-prep-pack-01,https://buddy.farm/i/tower-prep-pack-01/,found,200,https://buddy.farm/i/tower-prep-pack-01/,Tower Prep Pack 01,1,,
Toxic Tendrils,toxic tendrils,toxic-tendrils,https://buddy.farm/i/toxic-tendrils/,found,200,https://buddy.farm/i/toxic-tendrils/,Toxic Tendrils,1,,
Transistor,transistor,transistor,https://buddy.farm/i/transistor/,found,200,https://buddy.farm/i/transistor/,Transistor,1,,
Travel Voucher,travel voucher,travel-voucher,https://buddy.farm/i/travel-voucher/,found,200,https://buddy.farm/i/travel-voucher/,Travel Voucher,1,,
Treasure Chest,treasure chest,treasure-chest,https://buddy.farm/i/treasure-chest/,found,200,https://buddy.farm/i/treasure-chest/,Treasure Chest,1,,
Treasure Key,treasure key,treasure-key,https://buddy.farm/i/treasure-key/,found,200,https://buddy.farm/i/treasure-key/,Treasure Key,1,,
Treat Bag 01,treat bag 01,treat-bag-01,https://buddy.farm/i/treat-bag-01/,found,200,https://buddy.farm/i/treat-bag-01/,Treat Bag 01,1,,
Treat Bag 02,treat bag 02,treat-bag-02,https://buddy.farm/i/treat-bag-02/,found,200,https://buddy.farm/i/treat-bag-02/,Treat Bag 02,1,,
Treat Bag 03,treat bag 03,treat-bag-03,https://buddy.farm/i/treat-bag-03/,found,200,https://buddy.farm/i/treat-bag-03/,Treat Bag 03,1,,
Treat Bag 04,treat bag 04,treat-bag-04,https://buddy.farm/i/treat-bag-04/,found,200,https://buddy.farm/i/treat-bag-04/,Treat Bag 04,1,,
Treat Bag 05,treat bag 05,treat-bag-05,https://buddy.farm/i/treat-bag-05/,found,200,https://buddy.farm/i/treat-bag-05/,Treat Bag 05,1,,
Treat Bag 06,treat bag 06,treat-bag-06,https://buddy.farm/i/treat-bag-06/,found,200,https://buddy.farm/i/treat-bag-06/,Treat Bag 06,1,,
Tribal Mask,tribal mask,tribal-mask,https://buddy.farm/i/tribal-mask/,found,200,https://buddy.farm/i/tribal-mask/,Tribal Mask,1,,
Tribal Staff,tribal staff,tribal-staff,https://buddy.farm/i/tribal-staff/,found,200,https://buddy.farm/i/tribal-staff/,Tribal Staff,1,,
Trident of Poseidon,trident of poseidon,trident-of-poseidon,https://buddy.farm/i/trident-of-poseidon/,found,200,https://buddy.farm/i/trident-of-poseidon/,Trident of Poseidon,1,,
Trigon Knot,trigon knot,trigon-knot,https://buddy.farm/i/trigon-knot/,found,200,https://buddy.farm/i/trigon-knot/,Trigon Knot,1,,
Trout,trout,trout,https://buddy.farm/i/trout/,found,200,https://buddy.farm/i/trout/,Trout,1,,
Turkey Buddy Doll,turkey buddy doll,turkey-buddy-doll,https://buddy.farm/i/turkey-buddy-doll/,found,200,https://buddy.farm/i/turkey-buddy-doll/,Turkey Buddy Doll,1,,
Twine,twine,twine,https://buddy.farm/i/twine/,found,200,https://buddy.farm/i/twine/,Twine,1,,
Two Hearts Belt,two hearts belt,two-hearts-belt,https://buddy.farm/i/two-hearts-belt/,found,200,https://buddy.farm/i/two-hearts-belt/,Two Hearts Belt,1,,
U'ral Talisman,u'ral talisman,u-ral-talisman,https://buddy.farm/i/u-ral-talisman/,found,200,https://buddy.farm/i/u-ral-talisman/,U&#x27;ral Talisman,1,symbol_cleanup,Punctuation or symbols were cleaned during slug generation.
Ugly Buddy Sweater,ugly buddy sweater,ugly-buddy-sweater,https://buddy.farm/i/ugly-buddy-sweater/,found,200,https://buddy.farm/i/ugly-buddy-sweater/,Ugly Buddy Sweater,1,,
Uncle Sam Buddy Doll,uncle sam buddy doll,uncle-sam-buddy-doll,https://buddy.farm/i/uncle-sam-buddy-doll/,found,200,https://buddy.farm/i/uncle-sam-buddy-doll/,Uncle Sam Buddy Doll,1,,
Unicorn Key,unicorn key,unicorn-key,https://buddy.farm/i/unicorn-key/,found,200,https://buddy.farm/i/unicorn-key/,Unicorn Key,1,,
Unpolished Aquacite,unpolished aquacite,unpolished-aquacite,https://buddy.farm/i/unpolished-aquacite/,found,200,https://buddy.farm/i/unpolished-aquacite/,Unpolished Aquacite,1,,
Unpolished Emerald,unpolished emerald,unpolished-emerald,https://buddy.farm/i/unpolished-emerald/,found,200,https://buddy.farm/i/unpolished-emerald/,Unpolished Emerald,1,,
Unpolished Flarite,unpolished flarite,unpolished-flarite,https://buddy.farm/i/unpolished-flarite/,found,200,https://buddy.farm/i/unpolished-flarite/,Unpolished Flarite,1,,
Unpolished Garnet,unpolished garnet,unpolished-garnet,https://buddy.farm/i/unpolished-garnet/,found,200,https://buddy.farm/i/unpolished-garnet/,Unpolished Garnet,1,,
Unpolished Jade,unpolished jade,unpolished-jade,https://buddy.farm/i/unpolished-jade/,found,200,https://buddy.farm/i/unpolished-jade/,Unpolished Jade,1,,
Unpolished Pyrite,unpolished pyrite,unpolished-pyrite,https://buddy.farm/i/unpolished-pyrite/,found,200,https://buddy.farm/i/unpolished-pyrite/,Unpolished Pyrite,1,,
Unpolished Ruby,unpolished ruby,unpolished-ruby,https://buddy.farm/i/unpolished-ruby/,found,200,https://buddy.farm/i/unpolished-ruby/,Unpolished Ruby,1,,
Unpolished Shimmer Stone,unpolished shimmer stone,unpolished-shimmer-stone,https://buddy.farm/i/unpolished-shimmer-stone/,found,200,https://buddy.farm/i/unpolished-shimmer-stone/,Unpolished Shimmer Stone,1,,
Unrefined Sugar,unrefined sugar,unrefined-sugar,https://buddy.farm/i/unrefined-sugar/,found,200,https://buddy.farm/i/unrefined-sugar/,Unrefined Sugar,1,,
Unusual Gem,unusual gem,unusual-gem,https://buddy.farm/i/unusual-gem/,found,200,https://buddy.farm/i/unusual-gem/,Unusual Gem,1,,
Utal's Sabre,utal's sabre,utal-s-sabre,https://buddy.farm/i/utal-s-sabre/,found,200,https://buddy.farm/i/utal-s-sabre/,Utal&#x27;s Sabre,1,symbol_cleanup,Punctuation or symbols were cleaned during slug generation.
Vacation Buddy Doll,vacation buddy doll,vacation-buddy-doll,https://buddy.farm/i/vacation-buddy-doll/,found,200,https://buddy.farm/i/vacation-buddy-doll/,Vacation Buddy Doll,1,,
Valentines Card,valentines card,valentines-card,https://buddy.farm/i/valentines-card/,found,200,https://buddy.farm/i/valentines-card/,Valentines Card,1,,
Vampire Buddy Doll,vampire buddy doll,vampire-buddy-doll,https://buddy.farm/i/vampire-buddy-doll/,found,200,https://buddy.farm/i/vampire-buddy-doll/,Vampire Buddy Doll,1,,
Veggie Juice,veggie juice,veggie-juice,https://buddy.farm/i/veggie-juice/,found,200,https://buddy.farm/i/veggie-juice/,Veggie Juice,1,,
Velocity Belt,velocity belt,velocity-belt,https://buddy.farm/i/velocity-belt/,found,200,https://buddy.farm/i/velocity-belt/,Velocity Belt,1,,
Vincent Bobblehead,vincent bobblehead,vincent-bobblehead,https://buddy.farm/i/vincent-bobblehead/,found,200,https://buddy.farm/i/vincent-bobblehead/,Vincent Bobblehead,1,,
Vincent's Sea Pincher Special,vincent's sea pincher special,vincent-s-sea-pincher-special,https://buddy.farm/i/vincent-s-sea-pincher-special/,found,200,https://buddy.farm/i/vincent-s-sea-pincher-special/,Vincent&#x27;s Sea Pincher Special,1,symbol_cleanup,Punctuation or symbols were cleaned during slug generation.
VIP Card,vip card,vip-card,https://buddy.farm/i/vip-card/,found,200,https://buddy.farm/i/vip-card/,VIP Card,1,,
VIP Platinum Card,vip platinum card,vip-platinum-card,https://buddy.farm/i/vip-platinum-card/,found,200,https://buddy.farm/i/vip-platinum-card/,VIP Platinum Card,1,,
Vixen,vixen,vixen,https://buddy.farm/i/vixen/,found,200,https://buddy.farm/i/vixen/,Vixen,1,,
Void Bag 01,void bag 01,void-bag-01,https://buddy.farm/i/void-bag-01/,found,200,https://buddy.farm/i/void-bag-01/,Void Bag 01,1,,
Waffle,waffle,waffle,https://buddy.farm/i/waffle/,found,200,https://buddy.farm/i/waffle/,Waffle,1,,
Wagon Wheel,wagon wheel,wagon-wheel,https://buddy.farm/i/wagon-wheel/,found,200,https://buddy.farm/i/wagon-wheel/,Wagon Wheel,1,,
Wampa Buddy Doll,wampa buddy doll,wampa-buddy-doll,https://buddy.farm/i/wampa-buddy-doll/,found,200,https://buddy.farm/i/wampa-buddy-doll/,Wampa Buddy Doll,1,,
Water Bottle,water bottle,water-bottle,https://buddy.farm/i/water-bottle/,found,200,https://buddy.farm/i/water-bottle/,Water Bottle,1,,
Water Lily,water lily,water-lily,https://buddy.farm/i/water-lily/,found,200,https://buddy.farm/i/water-lily/,Water Lily,1,,
Water Orb,water orb,water-orb,https://buddy.farm/i/water-orb/,found,200,https://buddy.farm/i/water-orb/,Water Orb,1,,
Watermelon,watermelon,watermelon,https://buddy.farm/i/watermelon/,found,200,https://buddy.farm/i/watermelon/,Watermelon,1,,
Watermelon Seeds,watermelon seeds,watermelon-seeds,https://buddy.farm/i/watermelon-seeds/,found,200,https://buddy.farm/i/watermelon-seeds/,Watermelon Seeds,1,,
Wax Candle,wax candle,wax-candle,https://buddy.farm/i/wax-candle/,found,200,https://buddy.farm/i/wax-candle/,Wax Candle,1,,
We Know Card,we know card,we-know-card,https://buddy.farm/i/we-know-card/,found,200,https://buddy.farm/i/we-know-card/,We Know Card,1,,
Welcome Card,welcome card,welcome-card,https://buddy.farm/i/welcome-card/,found,200,https://buddy.farm/i/welcome-card/,Welcome Card,1,,
Werewolf Buddy Doll,werewolf buddy doll,werewolf-buddy-doll,https://buddy.farm/i/werewolf-buddy-doll/,found,200,https://buddy.farm/i/werewolf-buddy-doll/,Werewolf Buddy Doll,1,,
Wheat,wheat,wheat,https://buddy.farm/i/wheat/,found,200,https://buddy.farm/i/wheat/,Wheat,1,,
Wheat Seeds,wheat seeds,wheat-seeds,https://buddy.farm/i/wheat-seeds/,found,200,https://buddy.farm/i/wheat-seeds/,Wheat Seeds,1,,
Whistle,whistle,whistle,https://buddy.farm/i/whistle/,found,200,https://buddy.farm/i/whistle/,Whistle,1,,
White Cloak,white cloak,white-cloak,https://buddy.farm/i/white-cloak/,found,200,https://buddy.farm/i/white-cloak/,White Cloak,1,,
White Dye,white dye,white-dye,https://buddy.farm/i/white-dye/,found,200,https://buddy.farm/i/white-dye/,White Dye,1,,
White Flowers,white flowers,white-flowers,https://buddy.farm/i/white-flowers/,found,200,https://buddy.farm/i/white-flowers/,White Flowers,1,,
White Parchment,white parchment,white-parchment,https://buddy.farm/i/white-parchment/,found,200,https://buddy.farm/i/white-parchment/,White Parchment,1,,
White Purse,white purse,white-purse,https://buddy.farm/i/white-purse/,found,200,https://buddy.farm/i/white-purse/,White Purse,1,,
White Scarf,white scarf,white-scarf,https://buddy.farm/i/white-scarf/,found,200,https://buddy.farm/i/white-scarf/,White Scarf,1,,
White Shirt,white shirt,white-shirt,https://buddy.farm/i/white-shirt/,found,200,https://buddy.farm/i/white-shirt/,White Shirt,1,,
White Sugar,white sugar,white-sugar,https://buddy.farm/i/white-sugar/,found,200,https://buddy.farm/i/white-sugar/,White Sugar,1,,
White Truffle,white truffle,white-truffle,https://buddy.farm/i/white-truffle/,found,200,https://buddy.farm/i/white-truffle/,White Truffle,1,,
White Twine,white twine,white-twine,https://buddy.farm/i/white-twine/,found,200,https://buddy.farm/i/white-twine/,White Twine,1,,
Wine,wine,wine,https://buddy.farm/i/wine/,found,200,https://buddy.farm/i/wine/,Wine,1,,
Winged Amulet,winged amulet,winged-amulet,https://buddy.farm/i/winged-amulet/,found,200,https://buddy.farm/i/winged-amulet/,Winged Amulet,1,,
Winter Basket,winter basket,winter-basket,https://buddy.farm/i/winter-basket/,found,200,https://buddy.farm/i/winter-basket/,Winter Basket,1,,
Wishbone Necklace,wishbone necklace,wishbone-necklace,https://buddy.farm/i/wishbone-necklace/,found,200,https://buddy.farm/i/wishbone-necklace/,Wishbone Necklace,1,,
Witch Hat,witch hat,witch-hat,https://buddy.farm/i/witch-hat/,found,200,https://buddy.farm/i/witch-hat/,Witch Hat,1,,
Witch's Brew,witch's brew,witch-s-brew,https://buddy.farm/i/witch-s-brew/,found,200,https://buddy.farm/i/witch-s-brew/,Witch&#x27;s Brew,1,symbol_cleanup,Punctuation or symbols were cleaned during slug generation.
Witch's Broom,witch's broom,witch-s-broom,https://buddy.farm/i/witch-s-broom/,found,200,https://buddy.farm/i/witch-s-broom/,Witch&#x27;s Broom,1,symbol_cleanup,Punctuation or symbols were cleaned during slug generation.
Wizard Hat,wizard hat,wizard-hat,https://buddy.farm/i/wizard-hat/,found,200,https://buddy.farm/i/wizard-hat/,Wizard Hat,1,,
Wizard's Second Favorite Feather,wizard's second favorite feather,wizard-s-second-favorite-feather,https://buddy.farm/i/wizard-s-second-favorite-feather/,found,200,https://buddy.farm/i/wizard-s-second-favorite-feather/,Wizard&#x27;s Second Favorite Feather,1,symbol_cleanup,Punctuation or symbols were cleaned during slug generation.
Wood,wood,wood,https://buddy.farm/i/wood/,found,200,https://buddy.farm/i/wood/,Wood,1,,
Wooden Barrel,wooden barrel,wooden-barrel,https://buddy.farm/i/wooden-barrel/,found,200,https://buddy.farm/i/wooden-barrel/,Wooden Barrel,1,,
Wooden Bow,wooden bow,wooden-bow,https://buddy.farm/i/wooden-bow/,found,200,https://buddy.farm/i/wooden-bow/,Wooden Bow,1,,
Wooden Box,wooden box,wooden-box,https://buddy.farm/i/wooden-box/,found,200,https://buddy.farm/i/wooden-box/,Wooden Box,1,,
Wooden Button,wooden button,wooden-button,https://buddy.farm/i/wooden-button/,found,200,https://buddy.farm/i/wooden-button/,Wooden Button,1,,
Wooden Mask,wooden mask,wooden-mask,https://buddy.farm/i/wooden-mask/,found,200,https://buddy.farm/i/wooden-mask/,Wooden Mask,1,,
Wooden Pipe,wooden pipe,wooden-pipe,https://buddy.farm/i/wooden-pipe/,found,200,https://buddy.farm/i/wooden-pipe/,Wooden Pipe,1,,
Wooden Plank,wooden plank,wooden-plank,https://buddy.farm/i/wooden-plank/,found,200,https://buddy.farm/i/wooden-plank/,Wooden Plank,1,,
Wooden Shield,wooden shield,wooden-shield,https://buddy.farm/i/wooden-shield/,found,200,https://buddy.farm/i/wooden-shield/,Wooden Shield,1,,
Wooden Spear,wooden spear,wooden-spear,https://buddy.farm/i/wooden-spear/,found,200,https://buddy.farm/i/wooden-spear/,Wooden Spear,1,,
Wooden Sword,wooden sword,wooden-sword,https://buddy.farm/i/wooden-sword/,found,200,https://buddy.farm/i/wooden-sword/,Wooden Sword,1,,
Wooden Table,wooden table,wooden-table,https://buddy.farm/i/wooden-table/,found,200,https://buddy.farm/i/wooden-table/,Wooden Table,1,,
World Globe,world globe,world-globe,https://buddy.farm/i/world-globe/,found,200,https://buddy.farm/i/world-globe/,World Globe,1,,
Worms,worms,worms,https://buddy.farm/i/worms/,found,200,https://buddy.farm/i/worms/,Worms,1,,
Wrench,wrench,wrench,https://buddy.farm/i/wrench/,found,200,https://buddy.farm/i/wrench/,Wrench,1,,
Y73841 Blueprint,y73841 blueprint,y73841-blueprint,https://buddy.farm/i/y73841-blueprint/,found,200,https://buddy.farm/i/y73841-blueprint/,Y73841 Blueprint,1,,
Y73841 Detector,y73841 detector,y73841-detector,https://buddy.farm/i/y73841-detector/,found,200,https://buddy.farm/i/y73841-detector/,Y73841 Detector,1,,
Yarn,yarn,yarn,https://buddy.farm/i/yarn/,found,200,https://buddy.farm/i/yarn/,Yarn,1,,
Yellow Bag,yellow bag,yellow-bag,https://buddy.farm/i/yellow-bag/,found,200,https://buddy.farm/i/yellow-bag/,Yellow Bag,1,,
Yellow Butterfly,yellow butterfly,yellow-butterfly,https://buddy.farm/i/yellow-butterfly/,found,200,https://buddy.farm/i/yellow-butterfly/,Yellow Butterfly,1,,
Yellow Dye,yellow dye,yellow-dye,https://buddy.farm/i/yellow-dye/,found,200,https://buddy.farm/i/yellow-dye/,Yellow Dye,1,,
Yellow Flowers,yellow flowers,yellow-flowers,https://buddy.farm/i/yellow-flowers/,found,200,https://buddy.farm/i/yellow-flowers/,Yellow Flowers,1,,
Yellow Ornament,yellow ornament,yellow-ornament,https://buddy.farm/i/yellow-ornament/,found,200,https://buddy.farm/i/yellow-ornament/,Yellow Ornament,1,,
Yellow Perch,yellow perch,yellow-perch,https://buddy.farm/i/yellow-perch/,found,200,https://buddy.farm/i/yellow-perch/,Yellow Perch,1,,
Yellow Purse,yellow purse,yellow-purse,https://buddy.farm/i/yellow-purse/,found,200,https://buddy.farm/i/yellow-purse/,Yellow Purse,1,,
Yellow Scarf,yellow scarf,yellow-scarf,https://buddy.farm/i/yellow-scarf/,found,200,https://buddy.farm/i/yellow-scarf/,Yellow Scarf,1,,
Yellow Shirt,yellow shirt,yellow-shirt,https://buddy.farm/i/yellow-shirt/,found,200,https://buddy.farm/i/yellow-shirt/,Yellow Shirt,1,,
Yellow Twine,yellow twine,yellow-twine,https://buddy.farm/i/yellow-twine/,found,200,https://buddy.farm/i/yellow-twine/,Yellow Twine,1,,
Yellow Watermelon,yellow watermelon,yellow-watermelon,https://buddy.farm/i/yellow-watermelon/,found,200,https://buddy.farm/i/yellow-watermelon/,Yellow Watermelon,1,,
You Rock Card,you rock card,you-rock-card,https://buddy.farm/i/you-rock-card/,found,200,https://buddy.farm/i/you-rock-card/,You Rock Card,1,,
YoYo,yoyo,yoyo,https://buddy.farm/i/yoyo/,found,200,https://buddy.farm/i/yoyo/,YoYo,1,,
Yule Goat,yule goat,yule-goat,https://buddy.farm/i/yule-goat/,found,200,https://buddy.farm/i/yule-goat/,Yule Goat,1,,
Zho's Dagger,zho's dagger,zho-s-dagger,https://buddy.farm/i/zho-s-dagger/,found,200,https://buddy.farm/i/zho-s-dagger/,Zho&#x27;s Dagger,1,symbol_cleanup,Punctuation or symbols were cleaned during slug generation.
Zombie Buddy Doll,zombie buddy doll,zombie-buddy-doll,https://buddy.farm/i/zombie-buddy-doll/,found,200,https://buddy.farm/i/zombie-buddy-doll/,Zombie Buddy Doll,1,,