output_item_name,output_canonical_key,derived_craft_quantity,input_order,input_item_name,input_canonical_key,input_inventory_quantity,displayed_required_quantity,per_craft_quantity,evidence_source,evidence_date,review_status,notes
Orange Shirt,orange shirt,0,1,Cloth,cloth,4,10,10,user-supplied Workshop paste,2026-08-31,normalized_pending_reconciliation,At least one displayed inventory amount was below the one-craft requirement so the UI craft quantity was 0 and displayed requirements were already per craft.
Orange Shirt,orange shirt,0,2,Sewing Needle,sewing needle,31146,1,1,user-supplied Workshop paste,2026-08-31,normalized_pending_reconciliation,At least one displayed inventory amount was below the one-craft requirement so the UI craft quantity was 0 and displayed requirements were already per craft.
Orange Shirt,orange shirt,0,3,Orange Dye,orange dye,32180,1,1,user-supplied Workshop paste,2026-08-31,normalized_pending_reconciliation,At least one displayed inventory amount was below the one-craft requirement so the UI craft quantity was 0 and displayed requirements were already per craft.
Sturdy Bow,sturdy bow,0,1,Oak,oak,75,4,4,user-supplied Workshop paste,2026-08-31,normalized_pending_reconciliation,At least one displayed inventory amount was below the one-craft requirement so the UI craft quantity was 0 and displayed requirements were already per craft.
Sturdy Bow,sturdy bow,0,2,Stone,stone,27988,2,2,user-supplied Workshop paste,2026-08-31,normalized_pending_reconciliation,At least one displayed inventory amount was below the one-craft requirement so the UI craft quantity was 0 and displayed requirements were already per craft.
Sturdy Bow,sturdy bow,0,3,Mushroom Paste,mushroom paste,1,2,2,user-supplied Workshop paste,2026-08-31,normalized_pending_reconciliation,At least one displayed inventory amount was below the one-craft requirement so the UI craft quantity was 0 and displayed requirements were already per craft.
Sturdy Bow,sturdy bow,0,4,Twine,twine,1,2,2,user-supplied Workshop paste,2026-08-31,normalized_pending_reconciliation,At least one displayed inventory amount was below the one-craft requirement so the UI craft quantity was 0 and displayed requirements were already per craft.
Sturdy Bow,sturdy bow,0,5,Steel,steel,11092,1,1,user-supplied Workshop paste,2026-08-31,normalized_pending_reconciliation,At least one displayed inventory amount was below the one-craft requirement so the UI craft quantity was 0 and displayed requirements were already per craft.
Bamboo Chair,bamboo chair,0,1,Bamboo,bamboo,6,30,30,user-supplied Workshop paste,2026-08-31,normalized_pending_reconciliation,At least one displayed inventory amount was below the one-craft requirement so the UI craft quantity was 0 and displayed requirements were already per craft.
Bamboo Chair,bamboo chair,0,2,Twine,twine,1,15,15,user-supplied Workshop paste,2026-08-31,normalized_pending_reconciliation,At least one displayed inventory amount was below the one-craft requirement so the UI craft quantity was 0 and displayed requirements were already per craft.
Bamboo Chair,bamboo chair,0,3,Basic Pillow,basic pillow,0,1,1,user-supplied Workshop paste,2026-08-31,normalized_pending_reconciliation,At least one displayed inventory amount was below the one-craft requirement so the UI craft quantity was 0 and displayed requirements were already per craft.
Cannon,cannon,0,1,Steel,steel,11092,25,25,user-supplied Workshop paste,2026-08-31,normalized_pending_reconciliation,At least one displayed inventory amount was below the one-craft requirement so the UI craft quantity was 0 and displayed requirements were already per craft.
Cannon,cannon,0,2,Scrap Metal,scrap metal,1,25,25,user-supplied Workshop paste,2026-08-31,normalized_pending_reconciliation,At least one displayed inventory amount was below the one-craft requirement so the UI craft quantity was 0 and displayed requirements were already per craft.
Cannon,cannon,0,3,Board,board,32180,12,12,user-supplied Workshop paste,2026-08-31,normalized_pending_reconciliation,At least one displayed inventory amount was below the one-craft requirement so the UI craft quantity was 0 and displayed requirements were already per craft.
Cannon,cannon,0,4,Black Powder,black powder,32180,10,10,user-supplied Workshop paste,2026-08-31,normalized_pending_reconciliation,At least one displayed inventory amount was below the one-craft requirement so the UI craft quantity was 0 and displayed requirements were already per craft.
Cannon,cannon,0,5,Emberstone,emberstone,0,10,10,user-supplied Workshop paste,2026-08-31,normalized_pending_reconciliation,At least one displayed inventory amount was below the one-craft requirement so the UI craft quantity was 0 and displayed requirements were already per craft.
Cannon,cannon,0,6,Machine Part,machine part,17213,6,6,user-supplied Workshop paste,2026-08-31,normalized_pending_reconciliation,At least one displayed inventory amount was below the one-craft requirement so the UI craft quantity was 0 and displayed requirements were already per craft.
Cannon,cannon,0,7,Wagon Wheel,wagon wheel,32180,4,4,user-supplied Workshop paste,2026-08-31,normalized_pending_reconciliation,At least one displayed inventory amount was below the one-craft requirement so the UI craft quantity was 0 and displayed requirements were already per craft.
Milk Carton,milk carton,0,1,White Parchment,white parchment,0,4,4,user-supplied Workshop paste,2026-08-31,normalized_pending_reconciliation,At least one displayed inventory amount was below the one-craft requirement so the UI craft quantity was 0 and displayed requirements were already per craft.
Milk Carton,milk carton,0,2,Milk,milk,27016,1,1,user-supplied Workshop paste,2026-08-31,normalized_pending_reconciliation,At least one displayed inventory amount was below the one-craft requirement so the UI craft quantity was 0 and displayed requirements were already per craft.
Milk Carton,milk carton,0,3,Blue Dye,blue dye,32180,1,1,user-supplied Workshop paste,2026-08-31,normalized_pending_reconciliation,At least one displayed inventory amount was below the one-craft requirement so the UI craft quantity was 0 and displayed requirements were already per craft.
Small Bolt,small bolt,0,1,Coal,coal,32155,5,5,user-supplied Workshop paste,2026-08-31,normalized_pending_reconciliation,At least one displayed inventory amount was below the one-craft requirement so the UI craft quantity was 0 and displayed requirements were already per craft.
Small Bolt,small bolt,0,2,Scrap Metal,scrap metal,1,3,3,user-supplied Workshop paste,2026-08-31,normalized_pending_reconciliation,At least one displayed inventory amount was below the one-craft requirement so the UI craft quantity was 0 and displayed requirements were already per craft.
Small Bolt,small bolt,0,3,Emberstone,emberstone,0,1,1,user-supplied Workshop paste,2026-08-31,normalized_pending_reconciliation,At least one displayed inventory amount was below the one-craft requirement so the UI craft quantity was 0 and displayed requirements were already per craft.
Small Bolt,small bolt,0,4,Hammer,hammer,32175,1,1,user-supplied Workshop paste,2026-08-31,normalized_pending_reconciliation,At least one displayed inventory amount was below the one-craft requirement so the UI craft quantity was 0 and displayed requirements were already per craft.
Steel,steel,0,1,Iron,iron,32180,10,10,user-supplied Workshop paste,2026-08-31,normalized_pending_reconciliation,At least one displayed inventory amount was below the one-craft requirement so the UI craft quantity was 0 and displayed requirements were already per craft.
Steel,steel,0,2,Glass Orb,glass orb,0,1,1,user-supplied Workshop paste,2026-08-31,normalized_pending_reconciliation,At least one displayed inventory amount was below the one-craft requirement so the UI craft quantity was 0 and displayed requirements were already per craft.
Steel,steel,0,3,Carbon Sphere,carbon sphere,0,1,1,user-supplied Workshop paste,2026-08-31,normalized_pending_reconciliation,At least one displayed inventory amount was below the one-craft requirement so the UI craft quantity was 0 and displayed requirements were already per craft.
Steel Wire,steel wire,0,1,Iron,iron,32180,10,10,user-supplied Workshop paste,2026-08-31,normalized_pending_reconciliation,At least one displayed inventory amount was below the one-craft requirement so the UI craft quantity was 0 and displayed requirements were already per craft.
Steel Wire,steel wire,0,2,Stone,stone,27988,1,1,user-supplied Workshop paste,2026-08-31,normalized_pending_reconciliation,At least one displayed inventory amount was below the one-craft requirement so the UI craft quantity was 0 and displayed requirements were already per craft.
Steel Wire,steel wire,0,3,Carbon Sphere,carbon sphere,0,1,1,user-supplied Workshop paste,2026-08-31,normalized_pending_reconciliation,At least one displayed inventory amount was below the one-craft requirement so the UI craft quantity was 0 and displayed requirements were already per craft.
Strong Paste,strong paste,0,1,Mushroom Paste,mushroom paste,1,2,2,user-supplied Workshop paste,2026-08-31,normalized_pending_reconciliation,At least one displayed inventory amount was below the one-craft requirement so the UI craft quantity was 0 and displayed requirements were already per craft.
Strong Paste,strong paste,0,2,Glowshroom,glowshroom,1,2,2,user-supplied Workshop paste,2026-08-31,normalized_pending_reconciliation,At least one displayed inventory amount was below the one-craft requirement so the UI craft quantity was 0 and displayed requirements were already per craft.
Strong Paste,strong paste,0,3,Mudcap,mudcap,0,1,1,user-supplied Workshop paste,2026-08-31,normalized_pending_reconciliation,At least one displayed inventory amount was below the one-craft requirement so the UI craft quantity was 0 and displayed requirements were already per craft.
Toilet Paper,toilet paper,0,1,White Parchment,white parchment,0,50,50,user-supplied Workshop paste,2026-08-31,normalized_pending_reconciliation,At least one displayed inventory amount was below the one-craft requirement so the UI craft quantity was 0 and displayed requirements were already per craft.
White Parchment,white parchment,0,1,Feathers,feathers,1,3,3,user-supplied Workshop paste,2026-08-31,normalized_pending_reconciliation,At least one displayed inventory amount was below the one-craft requirement so the UI craft quantity was 0 and displayed requirements were already per craft.
Wine,wine,0,1,Grapes,grapes,15,100,100,user-supplied Workshop paste,2026-08-31,normalized_pending_reconciliation,At least one displayed inventory amount was below the one-craft requirement so the UI craft quantity was 0 and displayed requirements were already per craft.
Wine,wine,0,2,Glass Bottle,glass bottle,6230,1,1,user-supplied Workshop paste,2026-08-31,normalized_pending_reconciliation,At least one displayed inventory amount was below the one-craft requirement so the UI craft quantity was 0 and displayed requirements were already per craft.
Cloth,cloth,0,1,Scrap Cloth,scrap cloth,2,3,3,user-supplied Workshop paste,2026-08-31,normalized_pending_reconciliation,At least one displayed inventory amount was below the one-craft requirement so the UI craft quantity was 0 and displayed requirements were already per craft.
Veggie Juice,veggie juice,0,1,Beet,beet,4,15,15,user-supplied Workshop paste,2026-08-31,normalized_pending_reconciliation,At least one displayed inventory amount was below the one-craft requirement so the UI craft quantity was 0 and displayed requirements were already per craft.
Veggie Juice,veggie juice,0,2,Peppers,peppers,13272,7,7,user-supplied Workshop paste,2026-08-31,normalized_pending_reconciliation,At least one displayed inventory amount was below the one-craft requirement so the UI craft quantity was 0 and displayed requirements were already per craft.
Veggie Juice,veggie juice,0,3,Eggplant,eggplant,27808,7,7,user-supplied Workshop paste,2026-08-31,normalized_pending_reconciliation,At least one displayed inventory amount was below the one-craft requirement so the UI craft quantity was 0 and displayed requirements were already per craft.
Veggie Juice,veggie juice,0,4,Carrot,carrot,20054,7,7,user-supplied Workshop paste,2026-08-31,normalized_pending_reconciliation,At least one displayed inventory amount was below the one-craft requirement so the UI craft quantity was 0 and displayed requirements were already per craft.
Veggie Juice,veggie juice,0,5,Peas,peas,27981,7,7,user-supplied Workshop paste,2026-08-31,normalized_pending_reconciliation,At least one displayed inventory amount was below the one-craft requirement so the UI craft quantity was 0 and displayed requirements were already per craft.
Veggie Juice,veggie juice,0,6,Cucumber,cucumber,27804,7,7,user-supplied Workshop paste,2026-08-31,normalized_pending_reconciliation,At least one displayed inventory amount was below the one-craft requirement so the UI craft quantity was 0 and displayed requirements were already per craft.
Veggie Juice,veggie juice,0,7,Tomato,tomato,1421,2,2,user-supplied Workshop paste,2026-08-31,normalized_pending_reconciliation,At least one displayed inventory amount was below the one-craft requirement so the UI craft quantity was 0 and displayed requirements were already per craft.
Veggie Juice,veggie juice,0,8,Watermelon,watermelon,7498,2,2,user-supplied Workshop paste,2026-08-31,normalized_pending_reconciliation,At least one displayed inventory amount was below the one-craft requirement so the UI craft quantity was 0 and displayed requirements were already per craft.
Veggie Juice,veggie juice,0,9,Twine,twine,1,2,2,user-supplied Workshop paste,2026-08-31,normalized_pending_reconciliation,At least one displayed inventory amount was below the one-craft requirement so the UI craft quantity was 0 and displayed requirements were already per craft.
Veggie Juice,veggie juice,0,10,Horn,horn,7645,2,2,user-supplied Workshop paste,2026-08-31,normalized_pending_reconciliation,At least one displayed inventory amount was below the one-craft requirement so the UI craft quantity was 0 and displayed requirements were already per craft.
Veggie Juice,veggie juice,0,11,Glass Bottle,glass bottle,6230,1,1,user-supplied Workshop paste,2026-08-31,normalized_pending_reconciliation,At least one displayed inventory amount was below the one-craft requirement so the UI craft quantity was 0 and displayed requirements were already per craft.
Red Dye,red dye,0,1,Striped Feather,striped feather,1,2,2,user-supplied Workshop paste,2026-08-31,normalized_pending_reconciliation,At least one displayed inventory amount was below the one-craft requirement so the UI craft quantity was 0 and displayed requirements were already per craft.
Red Dye,red dye,0,2,Glass Bottle,glass bottle,6230,1,1,user-supplied Workshop paste,2026-08-31,normalized_pending_reconciliation,At least one displayed inventory amount was below the one-craft requirement so the UI craft quantity was 0 and displayed requirements were already per craft.
Handsaw,handsaw,0,1,Mushroom Paste,mushroom paste,1,2,2,user-supplied Workshop paste,2026-08-31,normalized_pending_reconciliation,At least one displayed inventory amount was below the one-craft requirement so the UI craft quantity was 0 and displayed requirements were already per craft.
Handsaw,handsaw,0,2,Steel,steel,11092,2,2,user-supplied Workshop paste,2026-08-31,normalized_pending_reconciliation,At least one displayed inventory amount was below the one-craft requirement so the UI craft quantity was 0 and displayed requirements were already per craft.
Handsaw,handsaw,0,3,Wooden Plank,wooden plank,32180,1,1,user-supplied Workshop paste,2026-08-31,normalized_pending_reconciliation,At least one displayed inventory amount was below the one-craft requirement so the UI craft quantity was 0 and displayed requirements were already per craft.
Handsaw,handsaw,0,4,Hammer,hammer,32175,1,1,user-supplied Workshop paste,2026-08-31,normalized_pending_reconciliation,At least one displayed inventory amount was below the one-craft requirement so the UI craft quantity was 0 and displayed requirements were already per craft.
Handsaw,handsaw,0,5,Awl,awl,32180,1,1,user-supplied Workshop paste,2026-08-31,normalized_pending_reconciliation,At least one displayed inventory amount was below the one-craft requirement so the UI craft quantity was 0 and displayed requirements were already per craft.
Iced Tea,iced tea,0,1,Tea Leaves,tea leaves,2,3,3,user-supplied Workshop paste,2026-08-31,normalized_pending_reconciliation,At least one displayed inventory amount was below the one-craft requirement so the UI craft quantity was 0 and displayed requirements were already per craft.
Iced Tea,iced tea,0,2,Glass Bottle,glass bottle,6230,1,1,user-supplied Workshop paste,2026-08-31,normalized_pending_reconciliation,At least one displayed inventory amount was below the one-craft requirement so the UI craft quantity was 0 and displayed requirements were already per craft.
Steel Plate,steel plate,0,1,Small Bolt,small bolt,1,4,4,user-supplied Workshop paste,2026-08-31,normalized_pending_reconciliation,At least one displayed inventory amount was below the one-craft requirement so the UI craft quantity was 0 and displayed requirements were already per craft.
Steel Plate,steel plate,0,2,Steel,steel,11092,2,2,user-supplied Workshop paste,2026-08-31,normalized_pending_reconciliation,At least one displayed inventory amount was below the one-craft requirement so the UI craft quantity was 0 and displayed requirements were already per craft.
Steel Plate,steel plate,0,3,Emberstone,emberstone,0,2,2,user-supplied Workshop paste,2026-08-31,normalized_pending_reconciliation,At least one displayed inventory amount was below the one-craft requirement so the UI craft quantity was 0 and displayed requirements were already per craft.
Leather,leather,0,1,Hide,hide,1,2,2,user-supplied Workshop paste,2026-08-31,normalized_pending_reconciliation,At least one displayed inventory amount was below the one-craft requirement so the UI craft quantity was 0 and displayed requirements were already per craft.
Glass Bottle,glass bottle,0,1,Stone,stone,27988,1,1,user-supplied Workshop paste,2026-08-31,normalized_pending_reconciliation,At least one displayed inventory amount was below the one-craft requirement so the UI craft quantity was 0 and displayed requirements were already per craft.
Glass Bottle,glass bottle,0,2,Glass Orb,glass orb,0,1,1,user-supplied Workshop paste,2026-08-31,normalized_pending_reconciliation,At least one displayed inventory amount was below the one-craft requirement so the UI craft quantity was 0 and displayed requirements were already per craft.
Glass Orb,glass orb,0,1,Shimmer Stone,shimmer stone,1,2,2,user-supplied Workshop paste,2026-08-31,normalized_pending_reconciliation,At least one displayed inventory amount was below the one-craft requirement so the UI craft quantity was 0 and displayed requirements were already per craft.
Glass Orb,glass orb,0,2,Stone,stone,27988,1,1,user-supplied Workshop paste,2026-08-31,normalized_pending_reconciliation,At least one displayed inventory amount was below the one-craft requirement so the UI craft quantity was 0 and displayed requirements were already per craft.
Shimmer Stone,shimmer stone,0,1,Unpolished Shimmer Stone,unpolished shimmer stone,1,2,2,user-supplied Workshop paste,2026-08-31,normalized_pending_reconciliation,At least one displayed inventory amount was below the one-craft requirement so the UI craft quantity was 0 and displayed requirements were already per craft.
Twine,twine,0,1,Straw,straw,11980,2,2,user-supplied Workshop paste,2026-08-31,normalized_pending_reconciliation,At least one displayed inventory amount was below the one-craft requirement so the UI craft quantity was 0 and displayed requirements were already per craft.
Twine,twine,0,2,Wood,wood,0,1,1,user-supplied Workshop paste,2026-08-31,normalized_pending_reconciliation,At least one displayed inventory amount was below the one-craft requirement so the UI craft quantity was 0 and displayed requirements were already per craft.
Rope,rope,0,1,Twine,twine,1,3,3,user-supplied Workshop paste,2026-08-31,normalized_pending_reconciliation,At least one displayed inventory amount was below the one-craft requirement so the UI craft quantity was 0 and displayed requirements were already per craft.
Fishing Net,fishing net,0,1,Iron,iron,32180,4,4,user-supplied Workshop paste,2026-08-31,normalized_pending_reconciliation,At least one displayed inventory amount was below the one-craft requirement so the UI craft quantity was 0 and displayed requirements were already per craft.
Fishing Net,fishing net,0,2,Rope,rope,964,2,2,user-supplied Workshop paste,2026-08-31,normalized_pending_reconciliation,At least one displayed inventory amount was below the one-craft requirement so the UI craft quantity was 0 and displayed requirements were already per craft.
Fishing Net,fishing net,0,3,Antler,antler,0,1,1,user-supplied Workshop paste,2026-08-31,normalized_pending_reconciliation,At least one displayed inventory amount was below the one-craft requirement so the UI craft quantity was 0 and displayed requirements were already per craft.
Fire Ant Farm,fire ant farm,0,1,Fire Ant,fire ant,319,25,25,user-supplied Workshop paste,2026-08-31,normalized_pending_reconciliation,At least one displayed inventory amount was below the one-craft requirement so the UI craft quantity was 0 and displayed requirements were already per craft.
Fire Ant Farm,fire ant farm,0,2,Sand,sand,0,5,5,user-supplied Workshop paste,2026-08-31,normalized_pending_reconciliation,At least one displayed inventory amount was below the one-craft requirement so the UI craft quantity was 0 and displayed requirements were already per craft.
Fire Ant Farm,fire ant farm,0,3,Board,board,32180,4,4,user-supplied Workshop paste,2026-08-31,normalized_pending_reconciliation,At least one displayed inventory amount was below the one-craft requirement so the UI craft quantity was 0 and displayed requirements were already per craft.
Fire Ant Farm,fire ant farm,0,4,Nails,nails,32180,4,4,user-supplied Workshop paste,2026-08-31,normalized_pending_reconciliation,At least one displayed inventory amount was below the one-craft requirement so the UI craft quantity was 0 and displayed requirements were already per craft.
Fire Ant Farm,fire ant farm,0,5,Glass Orb,glass orb,0,3,3,user-supplied Workshop paste,2026-08-31,normalized_pending_reconciliation,At least one displayed inventory amount was below the one-craft requirement so the UI craft quantity was 0 and displayed requirements were already per craft.
Large Net,large net,0,1,Iron Ring,iron ring,32180,25,25,user-supplied Workshop paste,2026-08-31,normalized_pending_reconciliation,At least one displayed inventory amount was below the one-craft requirement so the UI craft quantity was 0 and displayed requirements were already per craft.
Large Net,large net,0,2,Fishing Net,fishing net,5,25,25,user-supplied Workshop paste,2026-08-31,normalized_pending_reconciliation,At least one displayed inventory amount was below the one-craft requirement so the UI craft quantity was 0 and displayed requirements were already per craft.
Orange Juice,orange juice,0,1,Orange,orange,1,6,6,user-supplied Workshop paste,2026-08-31,normalized_pending_reconciliation,At least one displayed inventory amount was below the one-craft requirement so the UI craft quantity was 0 and displayed requirements were already per craft.
Orange Juice,orange juice,0,2,Glass Bottle,glass bottle,6230,1,1,user-supplied Workshop paste,2026-08-31,normalized_pending_reconciliation,At least one displayed inventory amount was below the one-craft requirement so the UI craft quantity was 0 and displayed requirements were already per craft.
Lemonade,lemonade,0,1,Lemon,lemon,2,6,6,user-supplied Workshop paste,2026-08-31,normalized_pending_reconciliation,At least one displayed inventory amount was below the one-craft requirement so the UI craft quantity was 0 and displayed requirements were already per craft.
Lemonade,lemonade,0,2,Glass Bottle,glass bottle,6230,1,1,user-supplied Workshop paste,2026-08-31,normalized_pending_reconciliation,At least one displayed inventory amount was below the one-craft requirement so the UI craft quantity was 0 and displayed requirements were already per craft.
Acorn Butter,acorn butter,0,1,Acorn,acorn,55,75,75,user-supplied Workshop paste,2026-08-31,normalized_pending_reconciliation,At least one displayed inventory amount was below the one-craft requirement so the UI craft quantity was 0 and displayed requirements were already per craft.
Acorn Butter,acorn butter,0,2,Glass Bottle,glass bottle,6230,1,1,user-supplied Workshop paste,2026-08-31,normalized_pending_reconciliation,At least one displayed inventory amount was below the one-craft requirement so the UI craft quantity was 0 and displayed requirements were already per craft.
Amber Cane,amber cane,0,1,Sand,sand,0,3,3,user-supplied Workshop paste,2026-08-31,normalized_pending_reconciliation,At least one displayed inventory amount was below the one-craft requirement so the UI craft quantity was 0 and displayed requirements were already per craft.
Amber Cane,amber cane,0,2,Iron Ring,iron ring,32180,2,2,user-supplied Workshop paste,2026-08-31,normalized_pending_reconciliation,At least one displayed inventory amount was below the one-craft requirement so the UI craft quantity was 0 and displayed requirements were already per craft.
Amber Cane,amber cane,0,3,Mushroom Paste,mushroom paste,1,1,1,user-supplied Workshop paste,2026-08-31,normalized_pending_reconciliation,At least one displayed inventory amount was below the one-craft requirement so the UI craft quantity was 0 and displayed requirements were already per craft.
Amber Cane,amber cane,0,4,Bone,bone,0,1,1,user-supplied Workshop paste,2026-08-31,normalized_pending_reconciliation,At least one displayed inventory amount was below the one-craft requirement so the UI craft quantity was 0 and displayed requirements were already per craft.
Amber Cane,amber cane,0,5,Amber,amber,39,1,1,user-supplied Workshop paste,2026-08-31,normalized_pending_reconciliation,At least one displayed inventory amount was below the one-craft requirement so the UI craft quantity was 0 and displayed requirements were already per craft.
Amber Cane,amber cane,0,6,Oak,oak,75,1,1,user-supplied Workshop paste,2026-08-31,normalized_pending_reconciliation,At least one displayed inventory amount was below the one-craft requirement so the UI craft quantity was 0 and displayed requirements were already per craft.
Ancient Pickaxe,ancient pickaxe,0,1,Steel,steel,11092,3,3,user-supplied Workshop paste,2026-08-31,normalized_pending_reconciliation,At least one displayed inventory amount was below the one-craft requirement so the UI craft quantity was 0 and displayed requirements were already per craft.
Ancient Pickaxe,ancient pickaxe,0,2,Peridot,peridot,0,2,2,user-supplied Workshop paste,2026-08-31,normalized_pending_reconciliation,At least one displayed inventory amount was below the one-craft requirement so the UI craft quantity was 0 and displayed requirements were already per craft.
Ancient Pickaxe,ancient pickaxe,0,3,Oak,oak,75,1,1,user-supplied Workshop paste,2026-08-31,normalized_pending_reconciliation,At least one displayed inventory amount was below the one-craft requirement so the UI craft quantity was 0 and displayed requirements were already per craft.
Ancient Pickaxe,ancient pickaxe,0,4,Gravity Orb,gravity orb,0,1,1,user-supplied Workshop paste,2026-08-31,normalized_pending_reconciliation,At least one displayed inventory amount was below the one-craft requirement so the UI craft quantity was 0 and displayed requirements were already per craft.
Ancient Pickaxe,ancient pickaxe,0,5,Cave Paste,cave paste,0,1,1,user-supplied Workshop paste,2026-08-31,normalized_pending_reconciliation,At least one displayed inventory amount was below the one-craft requirement so the UI craft quantity was 0 and displayed requirements were already per craft.
Apple Cider,apple cider,0,1,Apple,apple,7,40,40,user-supplied Workshop paste,2026-08-31,normalized_pending_reconciliation,At least one displayed inventory amount was below the one-craft requirement so the UI craft quantity was 0 and displayed requirements were already per craft.
Apple Cider,apple cider,0,2,Orange,orange,1,1,1,user-supplied Workshop paste,2026-08-31,normalized_pending_reconciliation,At least one displayed inventory amount was below the one-craft requirement so the UI craft quantity was 0 and displayed requirements were already per craft.
Apple Cider,apple cider,0,3,Glass Bottle,glass bottle,6230,1,1,user-supplied Workshop paste,2026-08-31,normalized_pending_reconciliation,At least one displayed inventory amount was below the one-craft requirement so the UI craft quantity was 0 and displayed requirements were already per craft.
Aquacite Ring,aquacite ring,0,1,Mushroom Paste,mushroom paste,1,1,1,user-supplied Workshop paste,2026-08-31,normalized_pending_reconciliation,At least one displayed inventory amount was below the one-craft requirement so the UI craft quantity was 0 and displayed requirements were already per craft.
Aquacite Ring,aquacite ring,0,2,Aquacite,aquacite,12539,1,1,user-supplied Workshop paste,2026-08-31,normalized_pending_reconciliation,At least one displayed inventory amount was below the one-craft requirement so the UI craft quantity was 0 and displayed requirements were already per craft.
Aquacite Ring,aquacite ring,0,3,Esperium Band,esperium band,0,1,1,user-supplied Workshop paste,2026-08-31,normalized_pending_reconciliation,At least one displayed inventory amount was below the one-craft requirement so the UI craft quantity was 0 and displayed requirements were already per craft.
Awl,awl,0,1,Iron Ring,iron ring,32180,2,2,user-supplied Workshop paste,2026-08-31,normalized_pending_reconciliation,At least one displayed inventory amount was below the one-craft requirement so the UI craft quantity was 0 and displayed requirements were already per craft.
Awl,awl,0,2,Iron,iron,32180,1,1,user-supplied Workshop paste,2026-08-31,normalized_pending_reconciliation,At least one displayed inventory amount was below the one-craft requirement so the UI craft quantity was 0 and displayed requirements were already per craft.
Awl,awl,0,3,Wood,wood,0,1,1,user-supplied Workshop paste,2026-08-31,normalized_pending_reconciliation,At least one displayed inventory amount was below the one-craft requirement so the UI craft quantity was 0 and displayed requirements were already per craft.
Bamboo Fence,bamboo fence,0,1,Bamboo,bamboo,6,35,35,user-supplied Workshop paste,2026-08-31,normalized_pending_reconciliation,At least one displayed inventory amount was below the one-craft requirement so the UI craft quantity was 0 and displayed requirements were already per craft.
Bamboo Fence,bamboo fence,0,2,Board,board,32180,10,10,user-supplied Workshop paste,2026-08-31,normalized_pending_reconciliation,At least one displayed inventory amount was below the one-craft requirement so the UI craft quantity was 0 and displayed requirements were already per craft.
Bamboo Fence,bamboo fence,0,3,Twine,twine,1,10,10,user-supplied Workshop paste,2026-08-31,normalized_pending_reconciliation,At least one displayed inventory amount was below the one-craft requirement so the UI craft quantity was 0 and displayed requirements were already per craft.
Bamboo Trellis,bamboo trellis,0,1,Bamboo,bamboo,6,20,20,user-supplied Workshop paste,2026-08-31,normalized_pending_reconciliation,At least one displayed inventory amount was below the one-craft requirement so the UI craft quantity was 0 and displayed requirements were already per craft.
Bamboo Trellis,bamboo trellis,0,2,Twine,twine,1,10,10,user-supplied Workshop paste,2026-08-31,normalized_pending_reconciliation,At least one displayed inventory amount was below the one-craft requirement so the UI craft quantity was 0 and displayed requirements were already per craft.
Barbed Wire,barbed wire,0,1,Thorns,thorns,1,5,5,user-supplied Workshop paste,2026-08-31,normalized_pending_reconciliation,At least one displayed inventory amount was below the one-craft requirement so the UI craft quantity was 0 and displayed requirements were already per craft.
Barbed Wire,barbed wire,0,2,Steel Wire,steel wire,22052,1,1,user-supplied Workshop paste,2026-08-31,normalized_pending_reconciliation,At least one displayed inventory amount was below the one-craft requirement so the UI craft quantity was 0 and displayed requirements were already per craft.
Basic Pillow,basic pillow,0,1,Feathers,feathers,1,25,25,user-supplied Workshop paste,2026-08-31,normalized_pending_reconciliation,At least one displayed inventory amount was below the one-craft requirement so the UI craft quantity was 0 and displayed requirements were already per craft.
Basic Pillow,basic pillow,0,2,Twine,twine,1,2,2,user-supplied Workshop paste,2026-08-31,normalized_pending_reconciliation,At least one displayed inventory amount was below the one-craft requirement so the UI craft quantity was 0 and displayed requirements were already per craft.
Basic Pillow,basic pillow,0,3,Cloth,cloth,4,2,2,user-supplied Workshop paste,2026-08-31,normalized_pending_reconciliation,At least one displayed inventory amount was below the one-craft requirement so the UI craft quantity was 0 and displayed requirements were already per craft.
Black Bag,black bag,0,1,Leather Bag,leather bag,14480,1,1,user-supplied Workshop paste,2026-08-31,normalized_pending_reconciliation,At least one displayed inventory amount was below the one-craft requirement so the UI craft quantity was 0 and displayed requirements were already per craft.
Black Bag,black bag,0,2,Black Dye,black dye,0,1,1,user-supplied Workshop paste,2026-08-31,normalized_pending_reconciliation,At least one displayed inventory amount was below the one-craft requirement so the UI craft quantity was 0 and displayed requirements were already per craft.
Black Cloak,black cloak,0,1,Black Dye,black dye,0,10,10,user-supplied Workshop paste,2026-08-31,normalized_pending_reconciliation,At least one displayed inventory amount was below the one-craft requirement so the UI craft quantity was 0 and displayed requirements were already per craft.
Black Cloak,black cloak,0,2,Black Twine,black twine,31076,10,10,user-supplied Workshop paste,2026-08-31,normalized_pending_reconciliation,At least one displayed inventory amount was below the one-craft requirement so the UI craft quantity was 0 and displayed requirements were already per craft.
Black Cloak,black cloak,0,3,Leather,leather,1,5,5,user-supplied Workshop paste,2026-08-31,normalized_pending_reconciliation,At least one displayed inventory amount was below the one-craft requirement so the UI craft quantity was 0 and displayed requirements were already per craft.
Black Cloak,black cloak,0,4,Cotton,cotton,1909,1,1,user-supplied Workshop paste,2026-08-31,normalized_pending_reconciliation,At least one displayed inventory amount was below the one-craft requirement so the UI craft quantity was 0 and displayed requirements were already per craft.
Black Dye,black dye,0,1,Shadow Bloom,shadow bloom,1,3,3,user-supplied Workshop paste,2026-08-31,normalized_pending_reconciliation,At least one displayed inventory amount was below the one-craft requirement so the UI craft quantity was 0 and displayed requirements were already per craft.
Black Dye,black dye,0,2,Glass Bottle,glass bottle,6230,1,1,user-supplied Workshop paste,2026-08-31,normalized_pending_reconciliation,At least one displayed inventory amount was below the one-craft requirement so the UI craft quantity was 0 and displayed requirements were already per craft.
Black Purse,black purse,0,1,Coin Purse,coin purse,20400,1,1,user-supplied Workshop paste,2026-08-31,normalized_pending_reconciliation,At least one displayed inventory amount was below the one-craft requirement so the UI craft quantity was 0 and displayed requirements were already per craft.
Black Purse,black purse,0,2,Black Dye,black dye,0,1,1,user-supplied Workshop paste,2026-08-31,normalized_pending_reconciliation,At least one displayed inventory amount was below the one-craft requirement so the UI craft quantity was 0 and displayed requirements were already per craft.
Black Scarf,black scarf,0,1,Yarn,yarn,32180,2,2,user-supplied Workshop paste,2026-08-31,normalized_pending_reconciliation,At least one displayed inventory amount was below the one-craft requirement so the UI craft quantity was 0 and displayed requirements were already per craft.
Black Scarf,black scarf,0,2,Black Dye,black dye,0,1,1,user-supplied Workshop paste,2026-08-31,normalized_pending_reconciliation,At least one displayed inventory amount was below the one-craft requirement so the UI craft quantity was 0 and displayed requirements were already per craft.
Black Shield,black shield,0,1,Steel,steel,11092,3,3,user-supplied Workshop paste,2026-08-31,normalized_pending_reconciliation,At least one displayed inventory amount was below the one-craft requirement so the UI craft quantity was 0 and displayed requirements were already per craft.
Black Shield,black shield,0,2,Sturdy Shield,sturdy shield,32180,1,1,user-supplied Workshop paste,2026-08-31,normalized_pending_reconciliation,At least one displayed inventory amount was below the one-craft requirement so the UI craft quantity was 0 and displayed requirements were already per craft.
Black Shield,black shield,0,3,Black Dye,black dye,0,1,1,user-supplied Workshop paste,2026-08-31,normalized_pending_reconciliation,At least one displayed inventory amount was below the one-craft requirement so the UI craft quantity was 0 and displayed requirements were already per craft.
Black Shirt,black shirt,0,1,Cloth,cloth,4,10,10,user-supplied Workshop paste,2026-08-31,normalized_pending_reconciliation,At least one displayed inventory amount was below the one-craft requirement so the UI craft quantity was 0 and displayed requirements were already per craft.
Black Shirt,black shirt,0,2,Sewing Needle,sewing needle,31146,1,1,user-supplied Workshop paste,2026-08-31,normalized_pending_reconciliation,At least one displayed inventory amount was below the one-craft requirement so the UI craft quantity was 0 and displayed requirements were already per craft.
Black Shirt,black shirt,0,3,Black Dye,black dye,0,1,1,user-supplied Workshop paste,2026-08-31,normalized_pending_reconciliation,At least one displayed inventory amount was below the one-craft requirement so the UI craft quantity was 0 and displayed requirements were already per craft.
Black Twine,black twine,0,1,Twine,twine,1,1,1,user-supplied Workshop paste,2026-08-31,normalized_pending_reconciliation,At least one displayed inventory amount was below the one-craft requirement so the UI craft quantity was 0 and displayed requirements were already per craft.
Black Twine,black twine,0,2,Black Dye,black dye,0,1,1,user-supplied Workshop paste,2026-08-31,normalized_pending_reconciliation,At least one displayed inventory amount was below the one-craft requirement so the UI craft quantity was 0 and displayed requirements were already per craft.
Blue Diary,blue diary,0,1,Mushroom Paste,mushroom paste,1,1,1,user-supplied Workshop paste,2026-08-31,normalized_pending_reconciliation,At least one displayed inventory amount was below the one-craft requirement so the UI craft quantity was 0 and displayed requirements were already per craft.
Blue Diary,blue diary,0,2,White Parchment,white parchment,0,1,1,user-supplied Workshop paste,2026-08-31,normalized_pending_reconciliation,At least one displayed inventory amount was below the one-craft requirement so the UI craft quantity was 0 and displayed requirements were already per craft.
Blue Diary,blue diary,0,3,Blue Parchment,blue parchment,32180,1,1,user-supplied Workshop paste,2026-08-31,normalized_pending_reconciliation,At least one displayed inventory amount was below the one-craft requirement so the UI craft quantity was 0 and displayed requirements were already per craft.
Blue Shirt,blue shirt,0,1,Cloth,cloth,4,10,10,user-supplied Workshop paste,2026-08-31,normalized_pending_reconciliation,At least one displayed inventory amount was below the one-craft requirement so the UI craft quantity was 0 and displayed requirements were already per craft.
Blue Shirt,blue shirt,0,2,Blue Dye,blue dye,32180,1,1,user-supplied Workshop paste,2026-08-31,normalized_pending_reconciliation,At least one displayed inventory amount was below the one-craft requirement so the UI craft quantity was 0 and displayed requirements were already per craft.
Blue Shirt,blue shirt,0,3,Sewing Needle,sewing needle,31146,1,1,user-supplied Workshop paste,2026-08-31,normalized_pending_reconciliation,At least one displayed inventory amount was below the one-craft requirement so the UI craft quantity was 0 and displayed requirements were already per craft.
Board,board,0,1,Wood,wood,0,5,5,user-supplied Workshop paste,2026-08-31,normalized_pending_reconciliation,At least one displayed inventory amount was below the one-craft requirement so the UI craft quantity was 0 and displayed requirements were already per craft.
Bone Pickaxe,bone pickaxe,0,1,Mushroom Paste,mushroom paste,1,1,1,user-supplied Workshop paste,2026-08-31,normalized_pending_reconciliation,At least one displayed inventory amount was below the one-craft requirement so the UI craft quantity was 0 and displayed requirements were already per craft.
Bone Pickaxe,bone pickaxe,0,2,Bone,bone,0,1,1,user-supplied Workshop paste,2026-08-31,normalized_pending_reconciliation,At least one displayed inventory amount was below the one-craft requirement so the UI craft quantity was 0 and displayed requirements were already per craft.
Bone Pickaxe,bone pickaxe,0,3,Pickaxe,pickaxe,25780,1,1,user-supplied Workshop paste,2026-08-31,normalized_pending_reconciliation,At least one displayed inventory amount was below the one-craft requirement so the UI craft quantity was 0 and displayed requirements were already per craft.
Bottle Rocket,bottle rocket,0,1,Wood,wood,0,3,3,user-supplied Workshop paste,2026-08-31,normalized_pending_reconciliation,At least one displayed inventory amount was below the one-craft requirement so the UI craft quantity was 0 and displayed requirements were already per craft.
Bottle Rocket,bottle rocket,0,2,Feathers,feathers,1,2,2,user-supplied Workshop paste,2026-08-31,normalized_pending_reconciliation,At least one displayed inventory amount was below the one-craft requirement so the UI craft quantity was 0 and displayed requirements were already per craft.
Bottle Rocket,bottle rocket,0,3,Black Powder,black powder,32180,1,1,user-supplied Workshop paste,2026-08-31,normalized_pending_reconciliation,At least one displayed inventory amount was below the one-craft requirement so the UI craft quantity was 0 and displayed requirements were already per craft.
Bouquet of Flowers,bouquet of flowers,0,1,Yellow Flowers,yellow flowers,4004,2,2,user-supplied Workshop paste,2026-08-31,normalized_pending_reconciliation,At least one displayed inventory amount was below the one-craft requirement so the UI craft quantity was 0 and displayed requirements were already per craft.
Bouquet of Flowers,bouquet of flowers,0,2,Red Flowers,red flowers,1,2,2,user-supplied Workshop paste,2026-08-31,normalized_pending_reconciliation,At least one displayed inventory amount was below the one-craft requirement so the UI craft quantity was 0 and displayed requirements were already per craft.
Bouquet of Flowers,bouquet of flowers,0,3,Blue Flowers,blue flowers,1348,2,2,user-supplied Workshop paste,2026-08-31,normalized_pending_reconciliation,At least one displayed inventory amount was below the one-craft requirement so the UI craft quantity was 0 and displayed requirements were already per craft.
Bouquet of Flowers,bouquet of flowers,0,4,White Flowers,white flowers,1739,2,2,user-supplied Workshop paste,2026-08-31,normalized_pending_reconciliation,At least one displayed inventory amount was below the one-craft requirement so the UI craft quantity was 0 and displayed requirements were already per craft.
Bouquet of Flowers,bouquet of flowers,0,5,Orange Flowers,orange flowers,1607,2,2,user-supplied Workshop paste,2026-08-31,normalized_pending_reconciliation,At least one displayed inventory amount was below the one-craft requirement so the UI craft quantity was 0 and displayed requirements were already per craft.
Bouquet of Flowers,bouquet of flowers,0,6,White Parchment,white parchment,0,1,1,user-supplied Workshop paste,2026-08-31,normalized_pending_reconciliation,At least one displayed inventory amount was below the one-craft requirement so the UI craft quantity was 0 and displayed requirements were already per craft.
Bouquet of Flowers,bouquet of flowers,0,7,Twine,twine,1,1,1,user-supplied Workshop paste,2026-08-31,normalized_pending_reconciliation,At least one displayed inventory amount was below the one-craft requirement so the UI craft quantity was 0 and displayed requirements were already per craft.
Bright Lantern,bright lantern,0,1,Lantern,lantern,32180,1,1,user-supplied Workshop paste,2026-08-31,normalized_pending_reconciliation,At least one displayed inventory amount was below the one-craft requirement so the UI craft quantity was 0 and displayed requirements were already per craft.
Bright Lantern,bright lantern,0,2,Sunstone,sunstone,23434,1,1,user-supplied Workshop paste,2026-08-31,normalized_pending_reconciliation,At least one displayed inventory amount was below the one-craft requirement so the UI craft quantity was 0 and displayed requirements were already per craft.
Bright Lantern,bright lantern,0,3,Sol Orb,sol orb,8471,1,1,user-supplied Workshop paste,2026-08-31,normalized_pending_reconciliation,At least one displayed inventory amount was below the one-craft requirement so the UI craft quantity was 0 and displayed requirements were already per craft.
Bright Lantern,bright lantern,0,4,Glass Jar,glass jar,31896,1,1,user-supplied Workshop paste,2026-08-31,normalized_pending_reconciliation,At least one displayed inventory amount was below the one-craft requirement so the UI craft quantity was 0 and displayed requirements were already per craft.
Bright Lantern,bright lantern,0,5,Plum Iron,plum iron,0,1,1,user-supplied Workshop paste,2026-08-31,normalized_pending_reconciliation,At least one displayed inventory amount was below the one-craft requirement so the UI craft quantity was 0 and displayed requirements were already per craft.
Brown Cloak,brown cloak,0,1,Twine,twine,1,10,10,user-supplied Workshop paste,2026-08-31,normalized_pending_reconciliation,At least one displayed inventory amount was below the one-craft requirement so the UI craft quantity was 0 and displayed requirements were already per craft.
Brown Cloak,brown cloak,0,2,Brown Dye,brown dye,25828,10,10,user-supplied Workshop paste,2026-08-31,normalized_pending_reconciliation,At least one displayed inventory amount was below the one-craft requirement so the UI craft quantity was 0 and displayed requirements were already per craft.
Brown Cloak,brown cloak,0,3,Leather,leather,1,5,5,user-supplied Workshop paste,2026-08-31,normalized_pending_reconciliation,At least one displayed inventory amount was below the one-craft requirement so the UI craft quantity was 0 and displayed requirements were already per craft.
Brown Cloak,brown cloak,0,4,Cotton,cotton,1909,1,1,user-supplied Workshop paste,2026-08-31,normalized_pending_reconciliation,At least one displayed inventory amount was below the one-craft requirement so the UI craft quantity was 0 and displayed requirements were already per craft.
Brown Dye,brown dye,0,1,Mudcap,mudcap,0,3,3,user-supplied Workshop paste,2026-08-31,normalized_pending_reconciliation,At least one displayed inventory amount was below the one-craft requirement so the UI craft quantity was 0 and displayed requirements were already per craft.
Brown Dye,brown dye,0,2,Glass Bottle,glass bottle,6230,1,1,user-supplied Workshop paste,2026-08-31,normalized_pending_reconciliation,At least one displayed inventory amount was below the one-craft requirement so the UI craft quantity was 0 and displayed requirements were already per craft.
Calmine Composite,calmine composite,0,1,Sand,sand,0,10,10,user-supplied Workshop paste,2026-08-31,normalized_pending_reconciliation,At least one displayed inventory amount was below the one-craft requirement so the UI craft quantity was 0 and displayed requirements were already per craft.
Calmine Composite,calmine composite,0,2,Hammer,hammer,32175,1,1,user-supplied Workshop paste,2026-08-31,normalized_pending_reconciliation,At least one displayed inventory amount was below the one-craft requirement so the UI craft quantity was 0 and displayed requirements were already per craft.
Calmine Composite,calmine composite,0,3,Briomine,briomine,32180,1,1,user-supplied Workshop paste,2026-08-31,normalized_pending_reconciliation,At least one displayed inventory amount was below the one-craft requirement so the UI craft quantity was 0 and displayed requirements were already per craft.
Calmine Composite,calmine composite,0,4,Calcifite,calcifite,17878,1,1,user-supplied Workshop paste,2026-08-31,normalized_pending_reconciliation,At least one displayed inventory amount was below the one-craft requirement so the UI craft quantity was 0 and displayed requirements were already per craft.
Calmine Lotion,calmine lotion,0,1,Slimestone,slimestone,32180,1,1,user-supplied Workshop paste,2026-08-31,normalized_pending_reconciliation,At least one displayed inventory amount was below the one-craft requirement so the UI craft quantity was 0 and displayed requirements were already per craft.
Calmine Lotion,calmine lotion,0,2,Spoon,spoon,32161,1,1,user-supplied Workshop paste,2026-08-31,normalized_pending_reconciliation,At least one displayed inventory amount was below the one-craft requirement so the UI craft quantity was 0 and displayed requirements were already per craft.
Calmine Lotion,calmine lotion,0,3,Glass Jar,glass jar,31896,1,1,user-supplied Workshop paste,2026-08-31,normalized_pending_reconciliation,At least one displayed inventory amount was below the one-craft requirement so the UI craft quantity was 0 and displayed requirements were already per craft.
Calmine Lotion,calmine lotion,0,4,Calmine Composite,calmine composite,0,1,1,user-supplied Workshop paste,2026-08-31,normalized_pending_reconciliation,At least one displayed inventory amount was below the one-craft requirement so the UI craft quantity was 0 and displayed requirements were already per craft.
Calmine Lotion,calmine lotion,0,5,Acid Extract,acid extract,1,1,1,user-supplied Workshop paste,2026-08-31,normalized_pending_reconciliation,At least one displayed inventory amount was below the one-craft requirement so the UI craft quantity was 0 and displayed requirements were already per craft.
Calmine Statue,calmine statue,0,1,Calmine Composite,calmine composite,0,10,10,user-supplied Workshop paste,2026-08-31,normalized_pending_reconciliation,At least one displayed inventory amount was below the one-craft requirement so the UI craft quantity was 0 and displayed requirements were already per craft.
Calmine Statue,calmine statue,0,2,Lemon Quartz,lemon quartz,31368,2,2,user-supplied Workshop paste,2026-08-31,normalized_pending_reconciliation,At least one displayed inventory amount was below the one-craft requirement so the UI craft quantity was 0 and displayed requirements were already per craft.
Calmine Statue,calmine statue,0,3,Chisel,chisel,15278,1,1,user-supplied Workshop paste,2026-08-31,normalized_pending_reconciliation,At least one displayed inventory amount was below the one-craft requirement so the UI craft quantity was 0 and displayed requirements were already per craft.
Canoe,canoe,0,1,Oak,oak,75,100,100,user-supplied Workshop paste,2026-08-31,normalized_pending_reconciliation,At least one displayed inventory amount was below the one-craft requirement so the UI craft quantity was 0 and displayed requirements were already per craft.
Canoe,canoe,0,2,Nails,nails,32180,10,10,user-supplied Workshop paste,2026-08-31,normalized_pending_reconciliation,At least one displayed inventory amount was below the one-craft requirement so the UI craft quantity was 0 and displayed requirements were already per craft.
Canoe,canoe,0,3,Blue Gel,blue gel,32179,10,10,user-supplied Workshop paste,2026-08-31,normalized_pending_reconciliation,At least one displayed inventory amount was below the one-craft requirement so the UI craft quantity was 0 and displayed requirements were already per craft.
Canoe,canoe,0,4,Mushroom Paste,mushroom paste,1,5,5,user-supplied Workshop paste,2026-08-31,normalized_pending_reconciliation,At least one displayed inventory amount was below the one-craft requirement so the UI craft quantity was 0 and displayed requirements were already per craft.
Canoe,canoe,0,5,Board,board,32180,4,4,user-supplied Workshop paste,2026-08-31,normalized_pending_reconciliation,At least one displayed inventory amount was below the one-craft requirement so the UI craft quantity was 0 and displayed requirements were already per craft.
Canoe,canoe,0,6,Rope,rope,964,2,2,user-supplied Workshop paste,2026-08-31,normalized_pending_reconciliation,At least one displayed inventory amount was below the one-craft requirement so the UI craft quantity was 0 and displayed requirements were already per craft.
Chisel,chisel,0,1,Wood,wood,0,2,2,user-supplied Workshop paste,2026-08-31,normalized_pending_reconciliation,At least one displayed inventory amount was below the one-craft requirement so the UI craft quantity was 0 and displayed requirements were already per craft.
Chisel,chisel,0,2,Steel,steel,11092,2,2,user-supplied Workshop paste,2026-08-31,normalized_pending_reconciliation,At least one displayed inventory amount was below the one-craft requirement so the UI craft quantity was 0 and displayed requirements were already per craft.
Chisel,chisel,0,3,Carbon Sphere,carbon sphere,0,1,1,user-supplied Workshop paste,2026-08-31,normalized_pending_reconciliation,At least one displayed inventory amount was below the one-craft requirement so the UI craft quantity was 0 and displayed requirements were already per craft.
Coin Purse,coin purse,0,1,Leather,leather,1,2,2,user-supplied Workshop paste,2026-08-31,normalized_pending_reconciliation,At least one displayed inventory amount was below the one-craft requirement so the UI craft quantity was 0 and displayed requirements were already per craft.
Coin Purse,coin purse,0,2,Iron Ring,iron ring,32180,1,1,user-supplied Workshop paste,2026-08-31,normalized_pending_reconciliation,At least one displayed inventory amount was below the one-craft requirement so the UI craft quantity was 0 and displayed requirements were already per craft.
Condensed Gravicite,condensed gravicite,0,1,Gravicite,gravicite,0,2,2,user-supplied Workshop paste,2026-08-31,normalized_pending_reconciliation,At least one displayed inventory amount was below the one-craft requirement so the UI craft quantity was 0 and displayed requirements were already per craft.
Cooking Pot,cooking pot,0,1,Iron,iron,32180,25,25,user-supplied Workshop paste,2026-08-31,normalized_pending_reconciliation,At least one displayed inventory amount was below the one-craft requirement so the UI craft quantity was 0 and displayed requirements were already per craft.
Cooking Pot,cooking pot,0,2,Emberstone,emberstone,0,25,25,user-supplied Workshop paste,2026-08-31,normalized_pending_reconciliation,At least one displayed inventory amount was below the one-craft requirement so the UI craft quantity was 0 and displayed requirements were already per craft.
Cooking Pot,cooking pot,0,3,Moonstone,moonstone,24726,1,1,user-supplied Workshop paste,2026-08-31,normalized_pending_reconciliation,At least one displayed inventory amount was below the one-craft requirement so the UI craft quantity was 0 and displayed requirements were already per craft.
Crown of Clover,crown of clover,0,1,3-leaf Clover,3-leaf clover,17,20,20,user-supplied Workshop paste,2026-08-31,normalized_pending_reconciliation,At least one displayed inventory amount was below the one-craft requirement so the UI craft quantity was 0 and displayed requirements were already per craft.
Crown of Clover,crown of clover,0,2,4-leaf Clover,4-leaf clover,29518,2,2,user-supplied Workshop paste,2026-08-31,normalized_pending_reconciliation,At least one displayed inventory amount was below the one-craft requirement so the UI craft quantity was 0 and displayed requirements were already per craft.
Crown of Clover,crown of clover,0,3,Steel Wire,steel wire,22052,1,1,user-supplied Workshop paste,2026-08-31,normalized_pending_reconciliation,At least one displayed inventory amount was below the one-craft requirement so the UI craft quantity was 0 and displayed requirements were already per craft.
Deep Ocean Ring,deep ocean ring,0,1,Mushroom Paste,mushroom paste,1,1,1,user-supplied Workshop paste,2026-08-31,normalized_pending_reconciliation,At least one displayed inventory amount was below the one-craft requirement so the UI craft quantity was 0 and displayed requirements were already per craft.
Deep Ocean Ring,deep ocean ring,0,2,Esperium Band,esperium band,0,1,1,user-supplied Workshop paste,2026-08-31,normalized_pending_reconciliation,At least one displayed inventory amount was below the one-craft requirement so the UI craft quantity was 0 and displayed requirements were already per craft.
Deep Ocean Ring,deep ocean ring,0,3,Ocean Stone,ocean stone,0,1,1,user-supplied Workshop paste,2026-08-31,normalized_pending_reconciliation,At least one displayed inventory amount was below the one-craft requirement so the UI craft quantity was 0 and displayed requirements were already per craft.
Embershard Ring,embershard ring,0,1,Iron Ring,iron ring,32180,1,1,user-supplied Workshop paste,2026-08-31,normalized_pending_reconciliation,At least one displayed inventory amount was below the one-craft requirement so the UI craft quantity was 0 and displayed requirements were already per craft.
Embershard Ring,embershard ring,0,2,Embershard,embershard,14748,1,1,user-supplied Workshop paste,2026-08-31,normalized_pending_reconciliation,At least one displayed inventory amount was below the one-craft requirement so the UI craft quantity was 0 and displayed requirements were already per craft.
Embershard Ring,embershard ring,0,3,Cave Paste,cave paste,0,1,1,user-supplied Workshop paste,2026-08-31,normalized_pending_reconciliation,At least one displayed inventory amount was below the one-craft requirement so the UI craft quantity was 0 and displayed requirements were already per craft.
Embershard Staff,embershard staff,0,1,Mushroom Paste,mushroom paste,1,10,10,user-supplied Workshop paste,2026-08-31,normalized_pending_reconciliation,At least one displayed inventory amount was below the one-craft requirement so the UI craft quantity was 0 and displayed requirements were already per craft.
Embershard Staff,embershard staff,0,2,Embershard,embershard,14748,2,2,user-supplied Workshop paste,2026-08-31,normalized_pending_reconciliation,At least one displayed inventory amount was below the one-craft requirement so the UI craft quantity was 0 and displayed requirements were already per craft.
Embershard Staff,embershard staff,0,3,Pine Tree,pine tree,4,1,1,user-supplied Workshop paste,2026-08-31,normalized_pending_reconciliation,At least one displayed inventory amount was below the one-craft requirement so the UI craft quantity was 0 and displayed requirements were already per craft.
Embershard Staff,embershard staff,0,4,Handsaw,handsaw,31201,1,1,user-supplied Workshop paste,2026-08-31,normalized_pending_reconciliation,At least one displayed inventory amount was below the one-craft requirement so the UI craft quantity was 0 and displayed requirements were already per craft.
Embershard Staff,embershard staff,0,5,Strong Wire,strong wire,0,1,1,user-supplied Workshop paste,2026-08-31,normalized_pending_reconciliation,At least one displayed inventory amount was below the one-craft requirement so the UI craft quantity was 0 and displayed requirements were already per craft.
Emerald,emerald,0,1,Stone,stone,27988,2,2,user-supplied Workshop paste,2026-08-31,normalized_pending_reconciliation,At least one displayed inventory amount was below the one-craft requirement so the UI craft quantity was 0 and displayed requirements were already per craft.
Emerald,emerald,0,2,Unpolished Emerald,unpolished emerald,0,2,2,user-supplied Workshop paste,2026-08-31,normalized_pending_reconciliation,At least one displayed inventory amount was below the one-craft requirement so the UI craft quantity was 0 and displayed requirements were already per craft.
Energy Coil,energy coil,0,1,Transistor,transistor,1,25,25,user-supplied Workshop paste,2026-08-31,normalized_pending_reconciliation,At least one displayed inventory amount was below the one-craft requirement so the UI craft quantity was 0 and displayed requirements were already per craft.
Energy Coil,energy coil,0,2,Scrap Wire,scrap wire,32112,8,8,user-supplied Workshop paste,2026-08-31,normalized_pending_reconciliation,At least one displayed inventory amount was below the one-craft requirement so the UI craft quantity was 0 and displayed requirements were already per craft.
Energy Coil,energy coil,0,3,Steel,steel,11092,2,2,user-supplied Workshop paste,2026-08-31,normalized_pending_reconciliation,At least one displayed inventory amount was below the one-craft requirement so the UI craft quantity was 0 and displayed requirements were already per craft.
Energy Coil,energy coil,0,4,Glass Orb,glass orb,0,1,1,user-supplied Workshop paste,2026-08-31,normalized_pending_reconciliation,At least one displayed inventory amount was below the one-craft requirement so the UI craft quantity was 0 and displayed requirements were already per craft.
Energy Coil,energy coil,0,5,Wrench,wrench,7444,1,1,user-supplied Workshop paste,2026-08-31,normalized_pending_reconciliation,At least one displayed inventory amount was below the one-craft requirement so the UI craft quantity was 0 and displayed requirements were already per craft.
Energy Coil,energy coil,0,6,Spool of Copper,spool of copper,11332,1,1,user-supplied Workshop paste,2026-08-31,normalized_pending_reconciliation,At least one displayed inventory amount was below the one-craft requirement so the UI craft quantity was 0 and displayed requirements were already per craft.
Engine,engine,0,1,Steel Wire,steel wire,22052,50,50,user-supplied Workshop paste,2026-08-31,normalized_pending_reconciliation,At least one displayed inventory amount was below the one-craft requirement so the UI craft quantity was 0 and displayed requirements were already per craft.
Engine,engine,0,2,Steel,steel,11092,20,20,user-supplied Workshop paste,2026-08-31,normalized_pending_reconciliation,At least one displayed inventory amount was below the one-craft requirement so the UI craft quantity was 0 and displayed requirements were already per craft.
Engine,engine,0,3,Transistor,transistor,1,12,12,user-supplied Workshop paste,2026-08-31,normalized_pending_reconciliation,At least one displayed inventory amount was below the one-craft requirement so the UI craft quantity was 0 and displayed requirements were already per craft.
Engine,engine,0,4,Magicite,magicite,26728,1,1,user-supplied Workshop paste,2026-08-31,normalized_pending_reconciliation,At least one displayed inventory amount was below the one-craft requirement so the UI craft quantity was 0 and displayed requirements were already per craft.
Engine,engine,0,5,Flywheel,flywheel,447,1,1,user-supplied Workshop paste,2026-08-31,normalized_pending_reconciliation,At least one displayed inventory amount was below the one-craft requirement so the UI craft quantity was 0 and displayed requirements were already per craft.
Engine,engine,0,6,Steel Plate,steel plate,510,1,1,user-supplied Workshop paste,2026-08-31,normalized_pending_reconciliation,At least one displayed inventory amount was below the one-craft requirement so the UI craft quantity was 0 and displayed requirements were already per craft.
Engine,engine,0,7,Belt Drive,belt drive,25238,1,1,user-supplied Workshop paste,2026-08-31,normalized_pending_reconciliation,At least one displayed inventory amount was below the one-craft requirement so the UI craft quantity was 0 and displayed requirements were already per craft.
Engine,engine,0,8,Energy Coil,energy coil,20512,1,1,user-supplied Workshop paste,2026-08-31,normalized_pending_reconciliation,At least one displayed inventory amount was below the one-craft requirement so the UI craft quantity was 0 and displayed requirements were already per craft.
Engine,engine,0,9,Control Box,control box,13,1,1,user-supplied Workshop paste,2026-08-31,normalized_pending_reconciliation,At least one displayed inventory amount was below the one-craft requirement so the UI craft quantity was 0 and displayed requirements were already per craft.
Engine,engine,0,10,Kill Switch,kill switch,14891,1,1,user-supplied Workshop paste,2026-08-31,normalized_pending_reconciliation,At least one displayed inventory amount was below the one-craft requirement so the UI craft quantity was 0 and displayed requirements were already per craft.
Engine,engine,0,11,Pear Grease,pear grease,3453,1,1,user-supplied Workshop paste,2026-08-31,normalized_pending_reconciliation,At least one displayed inventory amount was below the one-craft requirement so the UI craft quantity was 0 and displayed requirements were already per craft.
Engine,engine,0,12,Power Monitor,power monitor,9409,1,1,user-supplied Workshop paste,2026-08-31,normalized_pending_reconciliation,At least one displayed inventory amount was below the one-craft requirement so the UI craft quantity was 0 and displayed requirements were already per craft.
Esperium Band,esperium band,0,1,Stone,stone,27988,1,1,user-supplied Workshop paste,2026-08-31,normalized_pending_reconciliation,At least one displayed inventory amount was below the one-craft requirement so the UI craft quantity was 0 and displayed requirements were already per craft.
Esperium Band,esperium band,0,2,Iron Ring,iron ring,32180,1,1,user-supplied Workshop paste,2026-08-31,normalized_pending_reconciliation,At least one displayed inventory amount was below the one-craft requirement so the UI craft quantity was 0 and displayed requirements were already per craft.
Esperium Band,esperium band,0,3,Refined Esperium,refined esperium,0,1,1,user-supplied Workshop paste,2026-08-31,normalized_pending_reconciliation,At least one displayed inventory amount was below the one-craft requirement so the UI craft quantity was 0 and displayed requirements were already per craft.
Essence of Slime,essence of slime,0,1,Slimestone,slimestone,32180,2,2,user-supplied Workshop paste,2026-08-31,normalized_pending_reconciliation,At least one displayed inventory amount was below the one-craft requirement so the UI craft quantity was 0 and displayed requirements were already per craft.
Essence of Slime,essence of slime,0,2,Glass Orb,glass orb,0,1,1,user-supplied Workshop paste,2026-08-31,normalized_pending_reconciliation,At least one displayed inventory amount was below the one-craft requirement so the UI craft quantity was 0 and displayed requirements were already per craft.
Essence of Slime,essence of slime,0,3,Iron Ring,iron ring,32180,1,1,user-supplied Workshop paste,2026-08-31,normalized_pending_reconciliation,At least one displayed inventory amount was below the one-craft requirement so the UI craft quantity was 0 and displayed requirements were already per craft.
Essence of Slime,essence of slime,0,4,Hammer,hammer,32175,1,1,user-supplied Workshop paste,2026-08-31,normalized_pending_reconciliation,At least one displayed inventory amount was below the one-craft requirement so the UI craft quantity was 0 and displayed requirements were already per craft.
Fairy Ring,fairy ring,0,1,Fairy Crystal,fairy crystal,32180,1,1,user-supplied Workshop paste,2026-08-31,normalized_pending_reconciliation,At least one displayed inventory amount was below the one-craft requirement so the UI craft quantity was 0 and displayed requirements were already per craft.
Fairy Ring,fairy ring,0,2,Gold Ring,gold ring,32180,1,1,user-supplied Workshop paste,2026-08-31,normalized_pending_reconciliation,At least one displayed inventory amount was below the one-craft requirement so the UI craft quantity was 0 and displayed requirements were already per craft.
Fairy Ring,fairy ring,0,3,Cave Paste,cave paste,0,1,1,user-supplied Workshop paste,2026-08-31,normalized_pending_reconciliation,At least one displayed inventory amount was below the one-craft requirement so the UI craft quantity was 0 and displayed requirements were already per craft.
Fancy Chair,fancy chair,0,1,Oak,oak,75,50,50,user-supplied Workshop paste,2026-08-31,normalized_pending_reconciliation,At least one displayed inventory amount was below the one-craft requirement so the UI craft quantity was 0 and displayed requirements were already per craft.
Fancy Chair,fancy chair,0,2,Nails,nails,32180,8,8,user-supplied Workshop paste,2026-08-31,normalized_pending_reconciliation,At least one displayed inventory amount was below the one-craft requirement so the UI craft quantity was 0 and displayed requirements were already per craft.
Fancy Chair,fancy chair,0,3,Twine,twine,1,8,8,user-supplied Workshop paste,2026-08-31,normalized_pending_reconciliation,At least one displayed inventory amount was below the one-craft requirement so the UI craft quantity was 0 and displayed requirements were already per craft.
Fancy Chair,fancy chair,0,4,Cotton,cotton,1909,6,6,user-supplied Workshop paste,2026-08-31,normalized_pending_reconciliation,At least one displayed inventory amount was below the one-craft requirement so the UI craft quantity was 0 and displayed requirements were already per craft.
Fancy Chair,fancy chair,0,5,Leather,leather,1,4,4,user-supplied Workshop paste,2026-08-31,normalized_pending_reconciliation,At least one displayed inventory amount was below the one-craft requirement so the UI craft quantity was 0 and displayed requirements were already per craft.
Fancy Chair,fancy chair,0,6,Green Dye,green dye,28143,1,1,user-supplied Workshop paste,2026-08-31,normalized_pending_reconciliation,At least one displayed inventory amount was below the one-craft requirement so the UI craft quantity was 0 and displayed requirements were already per craft.
Fancy Chair,fancy chair,0,7,Red Dye,red dye,3546,1,1,user-supplied Workshop paste,2026-08-31,normalized_pending_reconciliation,At least one displayed inventory amount was below the one-craft requirement so the UI craft quantity was 0 and displayed requirements were already per craft.
Fancy Clock,fancy clock,0,1,Oak,oak,75,12,12,user-supplied Workshop paste,2026-08-31,normalized_pending_reconciliation,At least one displayed inventory amount was below the one-craft requirement so the UI craft quantity was 0 and displayed requirements were already per craft.
Fancy Clock,fancy clock,0,2,Steel Wire,steel wire,22052,8,8,user-supplied Workshop paste,2026-08-31,normalized_pending_reconciliation,At least one displayed inventory amount was below the one-craft requirement so the UI craft quantity was 0 and displayed requirements were already per craft.
Fancy Clock,fancy clock,0,3,Glass Orb,glass orb,0,4,4,user-supplied Workshop paste,2026-08-31,normalized_pending_reconciliation,At least one displayed inventory amount was below the one-craft requirement so the UI craft quantity was 0 and displayed requirements were already per craft.
Fancy Clock,fancy clock,0,4,Small Gear,small gear,0,4,4,user-supplied Workshop paste,2026-08-31,normalized_pending_reconciliation,At least one displayed inventory amount was below the one-craft requirement so the UI craft quantity was 0 and displayed requirements were already per craft.
Fancy Clock,fancy clock,0,5,Scrap Metal,scrap metal,1,4,4,user-supplied Workshop paste,2026-08-31,normalized_pending_reconciliation,At least one displayed inventory amount was below the one-craft requirement so the UI craft quantity was 0 and displayed requirements were already per craft.
Fancy Clock,fancy clock,0,6,Cogwheel,cogwheel,10147,2,2,user-supplied Workshop paste,2026-08-31,normalized_pending_reconciliation,At least one displayed inventory amount was below the one-craft requirement so the UI craft quantity was 0 and displayed requirements were already per craft.
Fancy Clock,fancy clock,0,7,Pocket Watch,pocket watch,340,1,1,user-supplied Workshop paste,2026-08-31,normalized_pending_reconciliation,At least one displayed inventory amount was below the one-craft requirement so the UI craft quantity was 0 and displayed requirements were already per craft.
Fancy Drum,fancy drum,0,1,Oak,oak,75,15,15,user-supplied Workshop paste,2026-08-31,normalized_pending_reconciliation,At least one displayed inventory amount was below the one-craft requirement so the UI craft quantity was 0 and displayed requirements were already per craft.
Fancy Drum,fancy drum,0,2,Yarn,yarn,32180,4,4,user-supplied Workshop paste,2026-08-31,normalized_pending_reconciliation,At least one displayed inventory amount was below the one-craft requirement so the UI craft quantity was 0 and displayed requirements were already per craft.
Fancy Drum,fancy drum,0,3,Mushroom Paste,mushroom paste,1,2,2,user-supplied Workshop paste,2026-08-31,normalized_pending_reconciliation,At least one displayed inventory amount was below the one-craft requirement so the UI craft quantity was 0 and displayed requirements were already per craft.
Fancy Drum,fancy drum,0,4,Leather,leather,1,2,2,user-supplied Workshop paste,2026-08-31,normalized_pending_reconciliation,At least one displayed inventory amount was below the one-craft requirement so the UI craft quantity was 0 and displayed requirements were already per craft.
Fancy Guitar,fancy guitar,0,1,Steel Wire,steel wire,22052,6,6,user-supplied Workshop paste,2026-08-31,normalized_pending_reconciliation,At least one displayed inventory amount was below the one-craft requirement so the UI craft quantity was 0 and displayed requirements were already per craft.
Fancy Guitar,fancy guitar,0,2,Oak,oak,75,5,5,user-supplied Workshop paste,2026-08-31,normalized_pending_reconciliation,At least one displayed inventory amount was below the one-craft requirement so the UI craft quantity was 0 and displayed requirements were already per craft.
Fancy Guitar,fancy guitar,0,3,Iron,iron,32180,4,4,user-supplied Workshop paste,2026-08-31,normalized_pending_reconciliation,At least one displayed inventory amount was below the one-craft requirement so the UI craft quantity was 0 and displayed requirements were already per craft.
Fancy Guitar,fancy guitar,0,4,Mushroom Paste,mushroom paste,1,3,3,user-supplied Workshop paste,2026-08-31,normalized_pending_reconciliation,At least one displayed inventory amount was below the one-craft requirement so the UI craft quantity was 0 and displayed requirements were already per craft.
Fancy Pan Flute,fancy pan flute,0,1,Wood,wood,0,9,9,user-supplied Workshop paste,2026-08-31,normalized_pending_reconciliation,At least one displayed inventory amount was below the one-craft requirement so the UI craft quantity was 0 and displayed requirements were already per craft.
Fancy Pan Flute,fancy pan flute,0,2,Twine,twine,1,5,5,user-supplied Workshop paste,2026-08-31,normalized_pending_reconciliation,At least one displayed inventory amount was below the one-craft requirement so the UI craft quantity was 0 and displayed requirements were already per craft.
Fancy Pan Flute,fancy pan flute,0,3,Leather,leather,1,1,1,user-supplied Workshop paste,2026-08-31,normalized_pending_reconciliation,At least one displayed inventory amount was below the one-craft requirement so the UI craft quantity was 0 and displayed requirements were already per craft.
Fancy Pan Flute,fancy pan flute,0,4,Blue Dye,blue dye,32180,1,1,user-supplied Workshop paste,2026-08-31,normalized_pending_reconciliation,At least one displayed inventory amount was below the one-craft requirement so the UI craft quantity was 0 and displayed requirements were already per craft.
Fancy Pillow,fancy pillow,0,1,Duck Feather,duck feather,0,25,25,user-supplied Workshop paste,2026-08-31,normalized_pending_reconciliation,At least one displayed inventory amount was below the one-craft requirement so the UI craft quantity was 0 and displayed requirements were already per craft.
Fancy Pillow,fancy pillow,0,2,Silk,silk,6567,2,2,user-supplied Workshop paste,2026-08-31,normalized_pending_reconciliation,At least one displayed inventory amount was below the one-craft requirement so the UI craft quantity was 0 and displayed requirements were already per craft.
Fancy Pillow,fancy pillow,0,3,Sewing Needle,sewing needle,31146,1,1,user-supplied Workshop paste,2026-08-31,normalized_pending_reconciliation,At least one displayed inventory amount was below the one-craft requirement so the UI craft quantity was 0 and displayed requirements were already per craft.
Fancy Violin,fancy violin,0,1,Mushroom Paste,mushroom paste,1,8,8,user-supplied Workshop paste,2026-08-31,normalized_pending_reconciliation,At least one displayed inventory amount was below the one-craft requirement so the UI craft quantity was 0 and displayed requirements were already per craft.
Fancy Violin,fancy violin,0,2,Pine Board,pine board,32180,5,5,user-supplied Workshop paste,2026-08-31,normalized_pending_reconciliation,At least one displayed inventory amount was below the one-craft requirement so the UI craft quantity was 0 and displayed requirements were already per craft.
Fancy Violin,fancy violin,0,3,Steel,steel,11092,4,4,user-supplied Workshop paste,2026-08-31,normalized_pending_reconciliation,At least one displayed inventory amount was below the one-craft requirement so the UI craft quantity was 0 and displayed requirements were already per craft.
Fancy Violin,fancy violin,0,4,Moonstone,moonstone,24726,4,4,user-supplied Workshop paste,2026-08-31,normalized_pending_reconciliation,At least one displayed inventory amount was below the one-craft requirement so the UI craft quantity was 0 and displayed requirements were already per craft.
Fancy Violin,fancy violin,0,5,Steel Wire,steel wire,22052,4,4,user-supplied Workshop paste,2026-08-31,normalized_pending_reconciliation,At least one displayed inventory amount was below the one-craft requirement so the UI craft quantity was 0 and displayed requirements were already per craft.
Fancy Violin,fancy violin,0,6,Purple Dye,purple dye,0,3,3,user-supplied Workshop paste,2026-08-31,normalized_pending_reconciliation,At least one displayed inventory amount was below the one-craft requirement so the UI craft quantity was 0 and displayed requirements were already per craft.
Fancy Violin,fancy violin,0,7,Steel Plate,steel plate,510,1,1,user-supplied Workshop paste,2026-08-31,normalized_pending_reconciliation,At least one displayed inventory amount was below the one-craft requirement so the UI craft quantity was 0 and displayed requirements were already per craft.
Gainite,gainite,0,1,Stone,stone,27988,2000,2000,user-supplied Workshop paste,2026-08-31,normalized_pending_reconciliation,At least one displayed inventory amount was below the one-craft requirement so the UI craft quantity was 0 and displayed requirements were already per craft.
Gainite,gainite,0,2,Mushroom Paste,mushroom paste,1,2000,2000,user-supplied Workshop paste,2026-08-31,normalized_pending_reconciliation,At least one displayed inventory amount was below the one-craft requirement so the UI craft quantity was 0 and displayed requirements were already per craft.
Gainite,gainite,0,3,Steel,steel,11092,2000,2000,user-supplied Workshop paste,2026-08-31,normalized_pending_reconciliation,At least one displayed inventory amount was below the one-craft requirement so the UI craft quantity was 0 and displayed requirements were already per craft.
Gainite,gainite,0,4,Green Dye,green dye,28143,500,500,user-supplied Workshop paste,2026-08-31,normalized_pending_reconciliation,At least one displayed inventory amount was below the one-craft requirement so the UI craft quantity was 0 and displayed requirements were already per craft.
Gainite,gainite,0,5,Painite,painite,591,5,5,user-supplied Workshop paste,2026-08-31,normalized_pending_reconciliation,At least one displayed inventory amount was below the one-craft requirement so the UI craft quantity was 0 and displayed requirements were already per craft.
Garnet Walking Stick,garnet walking stick,0,1,Leather,leather,1,4,4,user-supplied Workshop paste,2026-08-31,normalized_pending_reconciliation,At least one displayed inventory amount was below the one-craft requirement so the UI craft quantity was 0 and displayed requirements were already per craft.
Garnet Walking Stick,garnet walking stick,0,2,Mushroom Paste,mushroom paste,1,2,2,user-supplied Workshop paste,2026-08-31,normalized_pending_reconciliation,At least one displayed inventory amount was below the one-craft requirement so the UI craft quantity was 0 and displayed requirements were already per craft.
Garnet Walking Stick,garnet walking stick,0,3,Wood,wood,0,1,1,user-supplied Workshop paste,2026-08-31,normalized_pending_reconciliation,At least one displayed inventory amount was below the one-craft requirement so the UI craft quantity was 0 and displayed requirements were already per craft.
Garnet Walking Stick,garnet walking stick,0,4,Unpolished Garnet,unpolished garnet,10525,1,1,user-supplied Workshop paste,2026-08-31,normalized_pending_reconciliation,At least one displayed inventory amount was below the one-craft requirement so the UI craft quantity was 0 and displayed requirements were already per craft.
Gazebo,gazebo,0,1,Nails,nails,32180,120,120,user-supplied Workshop paste,2026-08-31,normalized_pending_reconciliation,At least one displayed inventory amount was below the one-craft requirement so the UI craft quantity was 0 and displayed requirements were already per craft.
Gazebo,gazebo,0,2,Oak,oak,75,120,120,user-supplied Workshop paste,2026-08-31,normalized_pending_reconciliation,At least one displayed inventory amount was below the one-craft requirement so the UI craft quantity was 0 and displayed requirements were already per craft.
Gazebo,gazebo,0,3,Hammer,hammer,32175,1,1,user-supplied Workshop paste,2026-08-31,normalized_pending_reconciliation,At least one displayed inventory amount was below the one-craft requirement so the UI craft quantity was 0 and displayed requirements were already per craft.
Glass Jar,glass jar,0,1,Glass Orb,glass orb,0,3,3,user-supplied Workshop paste,2026-08-31,normalized_pending_reconciliation,At least one displayed inventory amount was below the one-craft requirement so the UI craft quantity was 0 and displayed requirements were already per craft.
Glass Jar,glass jar,0,2,Shimmer Quartz,shimmer quartz,32180,1,1,user-supplied Workshop paste,2026-08-31,normalized_pending_reconciliation,At least one displayed inventory amount was below the one-craft requirement so the UI craft quantity was 0 and displayed requirements were already per craft.
Glass Jar,glass jar,0,3,Steel,steel,11092,1,1,user-supplied Workshop paste,2026-08-31,normalized_pending_reconciliation,At least one displayed inventory amount was below the one-craft requirement so the UI craft quantity was 0 and displayed requirements were already per craft.
Glowing Lantern,glowing lantern,0,1,Glowshroom,glowshroom,1,4,4,user-supplied Workshop paste,2026-08-31,normalized_pending_reconciliation,At least one displayed inventory amount was below the one-craft requirement so the UI craft quantity was 0 and displayed requirements were already per craft.
Glowing Lantern,glowing lantern,0,2,Iron,iron,32180,3,3,user-supplied Workshop paste,2026-08-31,normalized_pending_reconciliation,At least one displayed inventory amount was below the one-craft requirement so the UI craft quantity was 0 and displayed requirements were already per craft.
Glowing Lantern,glowing lantern,0,3,Iron Ring,iron ring,32180,2,2,user-supplied Workshop paste,2026-08-31,normalized_pending_reconciliation,At least one displayed inventory amount was below the one-craft requirement so the UI craft quantity was 0 and displayed requirements were already per craft.
Glowing Lantern,glowing lantern,0,4,Green Twine,green twine,32159,2,2,user-supplied Workshop paste,2026-08-31,normalized_pending_reconciliation,At least one displayed inventory amount was below the one-craft requirement so the UI craft quantity was 0 and displayed requirements were already per craft.
Glowing Lantern,glowing lantern,0,5,Glass Bottle,glass bottle,6230,1,1,user-supplied Workshop paste,2026-08-31,normalized_pending_reconciliation,At least one displayed inventory amount was below the one-craft requirement so the UI craft quantity was 0 and displayed requirements were already per craft.
Gold Aquamarine Ring,gold aquamarine ring,0,1,Aquamarine,aquamarine,32077,1,1,user-supplied Workshop paste,2026-08-31,normalized_pending_reconciliation,At least one displayed inventory amount was below the one-craft requirement so the UI craft quantity was 0 and displayed requirements were already per craft.
Gold Aquamarine Ring,gold aquamarine ring,0,2,Gold Ring,gold ring,32180,1,1,user-supplied Workshop paste,2026-08-31,normalized_pending_reconciliation,At least one displayed inventory amount was below the one-craft requirement so the UI craft quantity was 0 and displayed requirements were already per craft.
Gold Aquamarine Ring,gold aquamarine ring,0,3,Strong Paste,strong paste,0,1,1,user-supplied Workshop paste,2026-08-31,normalized_pending_reconciliation,At least one displayed inventory amount was below the one-craft requirement so the UI craft quantity was 0 and displayed requirements were already per craft.
Gold Diamond Ring,gold diamond ring,0,1,Diamond,diamond,0,1,1,user-supplied Workshop paste,2026-08-31,normalized_pending_reconciliation,At least one displayed inventory amount was below the one-craft requirement so the UI craft quantity was 0 and displayed requirements were already per craft.
Gold Diamond Ring,gold diamond ring,0,2,Gold Ring,gold ring,32180,1,1,user-supplied Workshop paste,2026-08-31,normalized_pending_reconciliation,At least one displayed inventory amount was below the one-craft requirement so the UI craft quantity was 0 and displayed requirements were already per craft.
Gold Diamond Ring,gold diamond ring,0,3,Strong Paste,strong paste,0,1,1,user-supplied Workshop paste,2026-08-31,normalized_pending_reconciliation,At least one displayed inventory amount was below the one-craft requirement so the UI craft quantity was 0 and displayed requirements were already per craft.
Gold Emerald Ring,gold emerald ring,0,1,Emerald,emerald,32051,1,1,user-supplied Workshop paste,2026-08-31,normalized_pending_reconciliation,At least one displayed inventory amount was below the one-craft requirement so the UI craft quantity was 0 and displayed requirements were already per craft.
Gold Emerald Ring,gold emerald ring,0,2,Gold Ring,gold ring,32180,1,1,user-supplied Workshop paste,2026-08-31,normalized_pending_reconciliation,At least one displayed inventory amount was below the one-craft requirement so the UI craft quantity was 0 and displayed requirements were already per craft.
Gold Emerald Ring,gold emerald ring,0,3,Strong Paste,strong paste,0,1,1,user-supplied Workshop paste,2026-08-31,normalized_pending_reconciliation,At least one displayed inventory amount was below the one-craft requirement so the UI craft quantity was 0 and displayed requirements were already per craft.
Gold Garnet Ring,gold garnet ring,0,1,Garnet,garnet,32180,1,1,user-supplied Workshop paste,2026-08-31,normalized_pending_reconciliation,At least one displayed inventory amount was below the one-craft requirement so the UI craft quantity was 0 and displayed requirements were already per craft.
Gold Garnet Ring,gold garnet ring,0,2,Gold Ring,gold ring,32180,1,1,user-supplied Workshop paste,2026-08-31,normalized_pending_reconciliation,At least one displayed inventory amount was below the one-craft requirement so the UI craft quantity was 0 and displayed requirements were already per craft.
Gold Garnet Ring,gold garnet ring,0,3,Strong Paste,strong paste,0,1,1,user-supplied Workshop paste,2026-08-31,normalized_pending_reconciliation,At least one displayed inventory amount was below the one-craft requirement so the UI craft quantity was 0 and displayed requirements were already per craft.
Gold Jade Ring,gold jade ring,0,1,Jade,jade,19507,1,1,user-supplied Workshop paste,2026-08-31,normalized_pending_reconciliation,At least one displayed inventory amount was below the one-craft requirement so the UI craft quantity was 0 and displayed requirements were already per craft.
Gold Jade Ring,gold jade ring,0,2,Gold Ring,gold ring,32180,1,1,user-supplied Workshop paste,2026-08-31,normalized_pending_reconciliation,At least one displayed inventory amount was below the one-craft requirement so the UI craft quantity was 0 and displayed requirements were already per craft.
Gold Jade Ring,gold jade ring,0,3,Strong Paste,strong paste,0,1,1,user-supplied Workshop paste,2026-08-31,normalized_pending_reconciliation,At least one displayed inventory amount was below the one-craft requirement so the UI craft quantity was 0 and displayed requirements were already per craft.
Gold Lemon Quartz Ring,gold lemon quartz ring,0,1,Lemon Quartz,lemon quartz,31368,1,1,user-supplied Workshop paste,2026-08-31,normalized_pending_reconciliation,At least one displayed inventory amount was below the one-craft requirement so the UI craft quantity was 0 and displayed requirements were already per craft.
Gold Lemon Quartz Ring,gold lemon quartz ring,0,2,Gold Ring,gold ring,32180,1,1,user-supplied Workshop paste,2026-08-31,normalized_pending_reconciliation,At least one displayed inventory amount was below the one-craft requirement so the UI craft quantity was 0 and displayed requirements were already per craft.
Gold Lemon Quartz Ring,gold lemon quartz ring,0,3,Strong Paste,strong paste,0,1,1,user-supplied Workshop paste,2026-08-31,normalized_pending_reconciliation,At least one displayed inventory amount was below the one-craft requirement so the UI craft quantity was 0 and displayed requirements were already per craft.
Gold Ruby Ring,gold ruby ring,0,1,Ruby,ruby,32180,1,1,user-supplied Workshop paste,2026-08-31,normalized_pending_reconciliation,At least one displayed inventory amount was below the one-craft requirement so the UI craft quantity was 0 and displayed requirements were already per craft.
Gold Ruby Ring,gold ruby ring,0,2,Gold Ring,gold ring,32180,1,1,user-supplied Workshop paste,2026-08-31,normalized_pending_reconciliation,At least one displayed inventory amount was below the one-craft requirement so the UI craft quantity was 0 and displayed requirements were already per craft.
Gold Ruby Ring,gold ruby ring,0,3,Strong Paste,strong paste,0,1,1,user-supplied Workshop paste,2026-08-31,normalized_pending_reconciliation,At least one displayed inventory amount was below the one-craft requirement so the UI craft quantity was 0 and displayed requirements were already per craft.
Grand Piano,grand piano,0,1,Wood,wood,0,88,88,user-supplied Workshop paste,2026-08-31,normalized_pending_reconciliation,At least one displayed inventory amount was below the one-craft requirement so the UI craft quantity was 0 and displayed requirements were already per craft.
Grand Piano,grand piano,0,2,Horn,horn,7645,88,88,user-supplied Workshop paste,2026-08-31,normalized_pending_reconciliation,At least one displayed inventory amount was below the one-craft requirement so the UI craft quantity was 0 and displayed requirements were already per craft.
Grand Piano,grand piano,0,3,Steel Wire,steel wire,22052,88,88,user-supplied Workshop paste,2026-08-31,normalized_pending_reconciliation,At least one displayed inventory amount was below the one-craft requirement so the UI craft quantity was 0 and displayed requirements were already per craft.
Grand Piano,grand piano,0,4,Wooden Plank,wooden plank,32180,11,11,user-supplied Workshop paste,2026-08-31,normalized_pending_reconciliation,At least one displayed inventory amount was below the one-craft requirement so the UI craft quantity was 0 and displayed requirements were already per craft.
Grand Piano,grand piano,0,5,White Parchment,white parchment,0,10,10,user-supplied Workshop paste,2026-08-31,normalized_pending_reconciliation,At least one displayed inventory amount was below the one-craft requirement so the UI craft quantity was 0 and displayed requirements were already per craft.
Grand Piano,grand piano,0,6,Steel,steel,11092,10,10,user-supplied Workshop paste,2026-08-31,normalized_pending_reconciliation,At least one displayed inventory amount was below the one-craft requirement so the UI craft quantity was 0 and displayed requirements were already per craft.
Grand Piano,grand piano,0,7,Block of Wood,block of wood,7440,8,8,user-supplied Workshop paste,2026-08-31,normalized_pending_reconciliation,At least one displayed inventory amount was below the one-craft requirement so the UI craft quantity was 0 and displayed requirements were already per craft.
Grand Piano,grand piano,0,8,Green Dye,green dye,28143,5,5,user-supplied Workshop paste,2026-08-31,normalized_pending_reconciliation,At least one displayed inventory amount was below the one-craft requirement so the UI craft quantity was 0 and displayed requirements were already per craft.
Grand Piano,grand piano,0,9,Hammer,hammer,32175,1,1,user-supplied Workshop paste,2026-08-31,normalized_pending_reconciliation,At least one displayed inventory amount was below the one-craft requirement so the UI craft quantity was 0 and displayed requirements were already per craft.
Grand Piano,grand piano,0,10,Fancy Chair,fancy chair,4674,1,1,user-supplied Workshop paste,2026-08-31,normalized_pending_reconciliation,At least one displayed inventory amount was below the one-craft requirement so the UI craft quantity was 0 and displayed requirements were already per craft.
Grand Piano,grand piano,0,11,Handsaw,handsaw,31201,1,1,user-supplied Workshop paste,2026-08-31,normalized_pending_reconciliation,At least one displayed inventory amount was below the one-craft requirement so the UI craft quantity was 0 and displayed requirements were already per craft.
Grape Juice,grape juice,0,1,Grapes,grapes,15,200,200,user-supplied Workshop paste,2026-08-31,normalized_pending_reconciliation,At least one displayed inventory amount was below the one-craft requirement so the UI craft quantity was 0 and displayed requirements were already per craft.
Grape Juice,grape juice,0,2,Glass Bottle,glass bottle,6230,1,1,user-supplied Workshop paste,2026-08-31,normalized_pending_reconciliation,At least one displayed inventory amount was below the one-craft requirement so the UI craft quantity was 0 and displayed requirements were already per craft.
Green Diary,green diary,0,1,Green Parchment,green parchment,22081,1,1,user-supplied Workshop paste,2026-08-31,normalized_pending_reconciliation,At least one displayed inventory amount was below the one-craft requirement so the UI craft quantity was 0 and displayed requirements were already per craft.
Green Diary,green diary,0,2,Mushroom Paste,mushroom paste,1,1,1,user-supplied Workshop paste,2026-08-31,normalized_pending_reconciliation,At least one displayed inventory amount was below the one-craft requirement so the UI craft quantity was 0 and displayed requirements were already per craft.
Green Diary,green diary,0,3,White Parchment,white parchment,0,1,1,user-supplied Workshop paste,2026-08-31,normalized_pending_reconciliation,At least one displayed inventory amount was below the one-craft requirement so the UI craft quantity was 0 and displayed requirements were already per craft.
Green Dye,green dye,0,1,Fern Leaf,fern leaf,1,6,6,user-supplied Workshop paste,2026-08-31,normalized_pending_reconciliation,At least one displayed inventory amount was below the one-craft requirement so the UI craft quantity was 0 and displayed requirements were already per craft.
Green Dye,green dye,0,2,Glass Bottle,glass bottle,6230,1,1,user-supplied Workshop paste,2026-08-31,normalized_pending_reconciliation,At least one displayed inventory amount was below the one-craft requirement so the UI craft quantity was 0 and displayed requirements were already per craft.
Green Parchment,green parchment,0,1,Fern Leaf,fern leaf,1,3,3,user-supplied Workshop paste,2026-08-31,normalized_pending_reconciliation,At least one displayed inventory amount was below the one-craft requirement so the UI craft quantity was 0 and displayed requirements were already per craft.
Green Shirt,green shirt,0,1,Cloth,cloth,4,10,10,user-supplied Workshop paste,2026-08-31,normalized_pending_reconciliation,At least one displayed inventory amount was below the one-craft requirement so the UI craft quantity was 0 and displayed requirements were already per craft.
Green Shirt,green shirt,0,2,Green Dye,green dye,28143,1,1,user-supplied Workshop paste,2026-08-31,normalized_pending_reconciliation,At least one displayed inventory amount was below the one-craft requirement so the UI craft quantity was 0 and displayed requirements were already per craft.
Green Shirt,green shirt,0,3,Sewing Needle,sewing needle,31146,1,1,user-supplied Workshop paste,2026-08-31,normalized_pending_reconciliation,At least one displayed inventory amount was below the one-craft requirement so the UI craft quantity was 0 and displayed requirements were already per craft.
Horn Canteen,horn canteen,0,1,Iron Ring,iron ring,32180,2,2,user-supplied Workshop paste,2026-08-31,normalized_pending_reconciliation,At least one displayed inventory amount was below the one-craft requirement so the UI craft quantity was 0 and displayed requirements were already per craft.
Horn Canteen,horn canteen,0,2,Wood,wood,0,1,1,user-supplied Workshop paste,2026-08-31,normalized_pending_reconciliation,At least one displayed inventory amount was below the one-craft requirement so the UI craft quantity was 0 and displayed requirements were already per craft.
Horn Canteen,horn canteen,0,3,Twine,twine,1,1,1,user-supplied Workshop paste,2026-08-31,normalized_pending_reconciliation,At least one displayed inventory amount was below the one-craft requirement so the UI craft quantity was 0 and displayed requirements were already per craft.
Horn Canteen,horn canteen,0,4,Horn,horn,7645,1,1,user-supplied Workshop paste,2026-08-31,normalized_pending_reconciliation,At least one displayed inventory amount was below the one-craft requirement so the UI craft quantity was 0 and displayed requirements were already per craft.
Horn Powder,horn powder,0,1,Horn,horn,7645,3,3,user-supplied Workshop paste,2026-08-31,normalized_pending_reconciliation,At least one displayed inventory amount was below the one-craft requirement so the UI craft quantity was 0 and displayed requirements were already per craft.
Horn Powder,horn powder,0,2,White Parchment,white parchment,0,1,1,user-supplied Workshop paste,2026-08-31,normalized_pending_reconciliation,At least one displayed inventory amount was below the one-craft requirement so the UI craft quantity was 0 and displayed requirements were already per craft.
Horn Powder,horn powder,0,3,Leather,leather,1,1,1,user-supplied Workshop paste,2026-08-31,normalized_pending_reconciliation,At least one displayed inventory amount was below the one-craft requirement so the UI craft quantity was 0 and displayed requirements were already per craft.
Horn Powder,horn powder,0,4,Twine,twine,1,1,1,user-supplied Workshop paste,2026-08-31,normalized_pending_reconciliation,At least one displayed inventory amount was below the one-craft requirement so the UI craft quantity was 0 and displayed requirements were already per craft.
Horn Powder,horn powder,0,5,Pestle and Mortar,pestle and mortar,5,1,1,user-supplied Workshop paste,2026-08-31,normalized_pending_reconciliation,At least one displayed inventory amount was below the one-craft requirement so the UI craft quantity was 0 and displayed requirements were already per craft.
Hourglass,hourglass,0,1,Wood,wood,0,6,6,user-supplied Workshop paste,2026-08-31,normalized_pending_reconciliation,At least one displayed inventory amount was below the one-craft requirement so the UI craft quantity was 0 and displayed requirements were already per craft.
Hourglass,hourglass,0,2,Mushroom Paste,mushroom paste,1,2,2,user-supplied Workshop paste,2026-08-31,normalized_pending_reconciliation,At least one displayed inventory amount was below the one-craft requirement so the UI craft quantity was 0 and displayed requirements were already per craft.
Hourglass,hourglass,0,3,Glass Bottle,glass bottle,6230,2,2,user-supplied Workshop paste,2026-08-31,normalized_pending_reconciliation,At least one displayed inventory amount was below the one-craft requirement so the UI craft quantity was 0 and displayed requirements were already per craft.
Hourglass,hourglass,0,4,Sand,sand,0,1,1,user-supplied Workshop paste,2026-08-31,normalized_pending_reconciliation,At least one displayed inventory amount was below the one-craft requirement so the UI craft quantity was 0 and displayed requirements were already per craft.
Joyful Ring,joyful ring,0,1,Mushroom Paste,mushroom paste,1,7,7,user-supplied Workshop paste,2026-08-31,normalized_pending_reconciliation,At least one displayed inventory amount was below the one-craft requirement so the UI craft quantity was 0 and displayed requirements were already per craft.
Joyful Ring,joyful ring,0,2,Ruby,ruby,32180,3,3,user-supplied Workshop paste,2026-08-31,normalized_pending_reconciliation,At least one displayed inventory amount was below the one-craft requirement so the UI craft quantity was 0 and displayed requirements were already per craft.
Joyful Ring,joyful ring,0,3,Emerald,emerald,32051,3,3,user-supplied Workshop paste,2026-08-31,normalized_pending_reconciliation,At least one displayed inventory amount was below the one-craft requirement so the UI craft quantity was 0 and displayed requirements were already per craft.
Joyful Ring,joyful ring,0,4,Lemon Quartz,lemon quartz,31368,1,1,user-supplied Workshop paste,2026-08-31,normalized_pending_reconciliation,At least one displayed inventory amount was below the one-craft requirement so the UI craft quantity was 0 and displayed requirements were already per craft.
Joyful Ring,joyful ring,0,5,Gold Ring,gold ring,32180,1,1,user-supplied Workshop paste,2026-08-31,normalized_pending_reconciliation,At least one displayed inventory amount was below the one-craft requirement so the UI craft quantity was 0 and displayed requirements were already per craft.
Kill Switch,kill switch,0,1,Scrap Metal,scrap metal,1,5,5,user-supplied Workshop paste,2026-08-31,normalized_pending_reconciliation,At least one displayed inventory amount was below the one-craft requirement so the UI craft quantity was 0 and displayed requirements were already per craft.
Kill Switch,kill switch,0,2,Emberstone,emberstone,0,3,3,user-supplied Workshop paste,2026-08-31,normalized_pending_reconciliation,At least one displayed inventory amount was below the one-craft requirement so the UI craft quantity was 0 and displayed requirements were already per craft.
Kill Switch,kill switch,0,3,Scrap Wire,scrap wire,32112,2,2,user-supplied Workshop paste,2026-08-31,normalized_pending_reconciliation,At least one displayed inventory amount was below the one-craft requirement so the UI craft quantity was 0 and displayed requirements were already per craft.
Kill Switch,kill switch,0,4,Red Dye,red dye,3546,1,1,user-supplied Workshop paste,2026-08-31,normalized_pending_reconciliation,At least one displayed inventory amount was below the one-craft requirement so the UI craft quantity was 0 and displayed requirements were already per craft.
Kill Switch,kill switch,0,5,Broken Pipe,broken pipe,31858,1,1,user-supplied Workshop paste,2026-08-31,normalized_pending_reconciliation,At least one displayed inventory amount was below the one-craft requirement so the UI craft quantity was 0 and displayed requirements were already per craft.
Lantern,lantern,0,1,Iron,iron,32180,3,3,user-supplied Workshop paste,2026-08-31,normalized_pending_reconciliation,At least one displayed inventory amount was below the one-craft requirement so the UI craft quantity was 0 and displayed requirements were already per craft.
Lantern,lantern,0,2,Twine,twine,1,2,2,user-supplied Workshop paste,2026-08-31,normalized_pending_reconciliation,At least one displayed inventory amount was below the one-craft requirement so the UI craft quantity was 0 and displayed requirements were already per craft.
Lantern,lantern,0,3,Iron Ring,iron ring,32180,1,1,user-supplied Workshop paste,2026-08-31,normalized_pending_reconciliation,At least one displayed inventory amount was below the one-craft requirement so the UI craft quantity was 0 and displayed requirements were already per craft.
Lantern,lantern,0,4,Coal,coal,32155,1,1,user-supplied Workshop paste,2026-08-31,normalized_pending_reconciliation,At least one displayed inventory amount was below the one-craft requirement so the UI craft quantity was 0 and displayed requirements were already per craft.
Lantern,lantern,0,5,Glass Bottle,glass bottle,6230,1,1,user-supplied Workshop paste,2026-08-31,normalized_pending_reconciliation,At least one displayed inventory amount was below the one-craft requirement so the UI craft quantity was 0 and displayed requirements were already per craft.
Leather Bag,leather bag,0,1,Iron Ring,iron ring,32180,4,4,user-supplied Workshop paste,2026-08-31,normalized_pending_reconciliation,At least one displayed inventory amount was below the one-craft requirement so the UI craft quantity was 0 and displayed requirements were already per craft.
Leather Bag,leather bag,0,2,Leather,leather,1,2,2,user-supplied Workshop paste,2026-08-31,normalized_pending_reconciliation,At least one displayed inventory amount was below the one-craft requirement so the UI craft quantity was 0 and displayed requirements were already per craft.
Leather Bag,leather bag,0,3,Twine,twine,1,2,2,user-supplied Workshop paste,2026-08-31,normalized_pending_reconciliation,At least one displayed inventory amount was below the one-craft requirement so the UI craft quantity was 0 and displayed requirements were already per craft.
Leather Belt,leather belt,0,1,Leather,leather,1,3,3,user-supplied Workshop paste,2026-08-31,normalized_pending_reconciliation,At least one displayed inventory amount was below the one-craft requirement so the UI craft quantity was 0 and displayed requirements were already per craft.
Leather Belt,leather belt,0,2,Steel Buckle,steel buckle,10313,1,1,user-supplied Workshop paste,2026-08-31,normalized_pending_reconciliation,At least one displayed inventory amount was below the one-craft requirement so the UI craft quantity was 0 and displayed requirements were already per craft.
Leather Belt,leather belt,0,3,Awl,awl,32180,1,1,user-supplied Workshop paste,2026-08-31,normalized_pending_reconciliation,At least one displayed inventory amount was below the one-craft requirement so the UI craft quantity was 0 and displayed requirements were already per craft.
Leather Diary,leather diary,0,1,Mushroom Paste,mushroom paste,1,1,1,user-supplied Workshop paste,2026-08-31,normalized_pending_reconciliation,At least one displayed inventory amount was below the one-craft requirement so the UI craft quantity was 0 and displayed requirements were already per craft.
Leather Diary,leather diary,0,2,White Parchment,white parchment,0,1,1,user-supplied Workshop paste,2026-08-31,normalized_pending_reconciliation,At least one displayed inventory amount was below the one-craft requirement so the UI craft quantity was 0 and displayed requirements were already per craft.
Leather Diary,leather diary,0,3,Leather,leather,1,1,1,user-supplied Workshop paste,2026-08-31,normalized_pending_reconciliation,At least one displayed inventory amount was below the one-craft requirement so the UI craft quantity was 0 and displayed requirements were already per craft.
Leather Helmet,leather helmet,0,1,Leather,leather,1,3,3,user-supplied Workshop paste,2026-08-31,normalized_pending_reconciliation,At least one displayed inventory amount was below the one-craft requirement so the UI craft quantity was 0 and displayed requirements were already per craft.
Leather Helmet,leather helmet,0,2,Hide,hide,1,2,2,user-supplied Workshop paste,2026-08-31,normalized_pending_reconciliation,At least one displayed inventory amount was below the one-craft requirement so the UI craft quantity was 0 and displayed requirements were already per craft.
Leather Helmet,leather helmet,0,3,Wooden Button,wooden button,32163,2,2,user-supplied Workshop paste,2026-08-31,normalized_pending_reconciliation,At least one displayed inventory amount was below the one-craft requirement so the UI craft quantity was 0 and displayed requirements were already per craft.
Leather Helmet,leather helmet,0,4,Mushroom Paste,mushroom paste,1,1,1,user-supplied Workshop paste,2026-08-31,normalized_pending_reconciliation,At least one displayed inventory amount was below the one-craft requirement so the UI craft quantity was 0 and displayed requirements were already per craft.
Leather Helmet,leather helmet,0,5,Steel Buckle,steel buckle,10313,1,1,user-supplied Workshop paste,2026-08-31,normalized_pending_reconciliation,At least one displayed inventory amount was below the one-craft requirement so the UI craft quantity was 0 and displayed requirements were already per craft.
Leather Waterskin,leather waterskin,0,1,Leather,leather,1,2,2,user-supplied Workshop paste,2026-08-31,normalized_pending_reconciliation,At least one displayed inventory amount was below the one-craft requirement so the UI craft quantity was 0 and displayed requirements were already per craft.
Leather Waterskin,leather waterskin,0,2,Twine,twine,1,2,2,user-supplied Workshop paste,2026-08-31,normalized_pending_reconciliation,At least one displayed inventory amount was below the one-craft requirement so the UI craft quantity was 0 and displayed requirements were already per craft.
Leather Waterskin,leather waterskin,0,3,Iron Ring,iron ring,32180,1,1,user-supplied Workshop paste,2026-08-31,normalized_pending_reconciliation,At least one displayed inventory amount was below the one-craft requirement so the UI craft quantity was 0 and displayed requirements were already per craft.
Looking Glass,looking glass,0,1,Board,board,32180,3,3,user-supplied Workshop paste,2026-08-31,normalized_pending_reconciliation,At least one displayed inventory amount was below the one-craft requirement so the UI craft quantity was 0 and displayed requirements were already per craft.
Looking Glass,looking glass,0,2,Iron,iron,32180,1,1,user-supplied Workshop paste,2026-08-31,normalized_pending_reconciliation,At least one displayed inventory amount was below the one-craft requirement so the UI craft quantity was 0 and displayed requirements were already per craft.
Looking Glass,looking glass,0,3,Glass Orb,glass orb,0,1,1,user-supplied Workshop paste,2026-08-31,normalized_pending_reconciliation,At least one displayed inventory amount was below the one-craft requirement so the UI craft quantity was 0 and displayed requirements were already per craft.
Magicite,magicite,0,1,Prism Shard,prism shard,2,3,3,user-supplied Workshop paste,2026-08-31,normalized_pending_reconciliation,At least one displayed inventory amount was below the one-craft requirement so the UI craft quantity was 0 and displayed requirements were already per craft.
Magna Core,magna core,0,1,Steel,steel,11092,40,40,user-supplied Workshop paste,2026-08-31,normalized_pending_reconciliation,At least one displayed inventory amount was below the one-craft requirement so the UI craft quantity was 0 and displayed requirements were already per craft.
Magna Core,magna core,0,2,Magna Quartz,magna quartz,20850,25,25,user-supplied Workshop paste,2026-08-31,normalized_pending_reconciliation,At least one displayed inventory amount was below the one-craft requirement so the UI craft quantity was 0 and displayed requirements were already per craft.
Magna Core,magna core,0,3,Small Screw,small screw,24573,10,10,user-supplied Workshop paste,2026-08-31,normalized_pending_reconciliation,At least one displayed inventory amount was below the one-craft requirement so the UI craft quantity was 0 and displayed requirements were already per craft.
Magna Core,magna core,0,4,Small Spring,small spring,23950,5,5,user-supplied Workshop paste,2026-08-31,normalized_pending_reconciliation,At least one displayed inventory amount was below the one-craft requirement so the UI craft quantity was 0 and displayed requirements were already per craft.
Magna Core,magna core,0,5,Cogwheel,cogwheel,10147,3,3,user-supplied Workshop paste,2026-08-31,normalized_pending_reconciliation,At least one displayed inventory amount was below the one-craft requirement so the UI craft quantity was 0 and displayed requirements were already per craft.
Magna Core,magna core,0,6,Flywheel,flywheel,447,2,2,user-supplied Workshop paste,2026-08-31,normalized_pending_reconciliation,At least one displayed inventory amount was below the one-craft requirement so the UI craft quantity was 0 and displayed requirements were already per craft.
Magna Core,magna core,0,7,Seeing Stone,seeing stone,0,1,1,user-supplied Workshop paste,2026-08-31,normalized_pending_reconciliation,At least one displayed inventory amount was below the one-craft requirement so the UI craft quantity was 0 and displayed requirements were already per craft.
Magnifying Glass,magnifying glass,0,1,Iron,iron,32180,3,3,user-supplied Workshop paste,2026-08-31,normalized_pending_reconciliation,At least one displayed inventory amount was below the one-craft requirement so the UI craft quantity was 0 and displayed requirements were already per craft.
Magnifying Glass,magnifying glass,0,2,Board,board,32180,1,1,user-supplied Workshop paste,2026-08-31,normalized_pending_reconciliation,At least one displayed inventory amount was below the one-craft requirement so the UI craft quantity was 0 and displayed requirements were already per craft.
Magnifying Glass,magnifying glass,0,3,Glass Orb,glass orb,0,1,1,user-supplied Workshop paste,2026-08-31,normalized_pending_reconciliation,At least one displayed inventory amount was below the one-craft requirement so the UI craft quantity was 0 and displayed requirements were already per craft.
Magnifying Glass,magnifying glass,0,4,Iron Ring,iron ring,32180,1,1,user-supplied Workshop paste,2026-08-31,normalized_pending_reconciliation,At least one displayed inventory amount was below the one-craft requirement so the UI craft quantity was 0 and displayed requirements were already per craft.
Metal Spool,metal spool,0,1,Scrap Metal,scrap metal,1,12,12,user-supplied Workshop paste,2026-08-31,normalized_pending_reconciliation,At least one displayed inventory amount was below the one-craft requirement so the UI craft quantity was 0 and displayed requirements were already per craft.
Metal Spool,metal spool,0,2,Coal,coal,32155,5,5,user-supplied Workshop paste,2026-08-31,normalized_pending_reconciliation,At least one displayed inventory amount was below the one-craft requirement so the UI craft quantity was 0 and displayed requirements were already per craft.
Metal Spool,metal spool,0,3,Nails,nails,32180,2,2,user-supplied Workshop paste,2026-08-31,normalized_pending_reconciliation,At least one displayed inventory amount was below the one-craft requirement so the UI craft quantity was 0 and displayed requirements were already per craft.
Metal Spool,metal spool,0,4,Broken Pipe,broken pipe,31858,1,1,user-supplied Workshop paste,2026-08-31,normalized_pending_reconciliation,At least one displayed inventory amount was below the one-craft requirement so the UI craft quantity was 0 and displayed requirements were already per craft.
Monarch Butterfly,monarch butterfly,0,1,Caterpillar,caterpillar,0,1,1,user-supplied Workshop paste,2026-08-31,normalized_pending_reconciliation,At least one displayed inventory amount was below the one-craft requirement so the UI craft quantity was 0 and displayed requirements were already per craft.
Monarch Butterfly,monarch butterfly,0,2,Silk,silk,6567,1,1,user-supplied Workshop paste,2026-08-31,normalized_pending_reconciliation,At least one displayed inventory amount was below the one-craft requirement so the UI craft quantity was 0 and displayed requirements were already per craft.
Monarch Butterfly,monarch butterfly,0,3,Black Dye,black dye,0,1,1,user-supplied Workshop paste,2026-08-31,normalized_pending_reconciliation,At least one displayed inventory amount was below the one-craft requirement so the UI craft quantity was 0 and displayed requirements were already per craft.
Monarch Butterfly,monarch butterfly,0,4,Orange Butterfly,orange butterfly,0,1,1,user-supplied Workshop paste,2026-08-31,normalized_pending_reconciliation,At least one displayed inventory amount was below the one-craft requirement so the UI craft quantity was 0 and displayed requirements were already per craft.
Mystic Ring,mystic ring,0,1,Mushroom Paste,mushroom paste,1,3,3,user-supplied Workshop paste,2026-08-31,normalized_pending_reconciliation,At least one displayed inventory amount was below the one-craft requirement so the UI craft quantity was 0 and displayed requirements were already per craft.
Mystic Ring,mystic ring,0,2,Emerald,emerald,32051,2,2,user-supplied Workshop paste,2026-08-31,normalized_pending_reconciliation,At least one displayed inventory amount was below the one-craft requirement so the UI craft quantity was 0 and displayed requirements were already per craft.
Mystic Ring,mystic ring,0,3,Stone,stone,27988,1,1,user-supplied Workshop paste,2026-08-31,normalized_pending_reconciliation,At least one displayed inventory amount was below the one-craft requirement so the UI craft quantity was 0 and displayed requirements were already per craft.
Mystic Ring,mystic ring,0,4,Aquamarine,aquamarine,32077,1,1,user-supplied Workshop paste,2026-08-31,normalized_pending_reconciliation,At least one displayed inventory amount was below the one-craft requirement so the UI craft quantity was 0 and displayed requirements were already per craft.
Mystic Ring,mystic ring,0,5,Iron Ring,iron ring,32180,1,1,user-supplied Workshop paste,2026-08-31,normalized_pending_reconciliation,At least one displayed inventory amount was below the one-craft requirement so the UI craft quantity was 0 and displayed requirements were already per craft.
Oak Table,oak table,0,1,Oak,oak,75,80,80,user-supplied Workshop paste,2026-08-31,normalized_pending_reconciliation,At least one displayed inventory amount was below the one-craft requirement so the UI craft quantity was 0 and displayed requirements were already per craft.
Oak Table,oak table,0,2,Nails,nails,32180,24,24,user-supplied Workshop paste,2026-08-31,normalized_pending_reconciliation,At least one displayed inventory amount was below the one-craft requirement so the UI craft quantity was 0 and displayed requirements were already per craft.
Oak Table,oak table,0,3,Handsaw,handsaw,31201,1,1,user-supplied Workshop paste,2026-08-31,normalized_pending_reconciliation,At least one displayed inventory amount was below the one-craft requirement so the UI craft quantity was 0 and displayed requirements were already per craft.
Ornate Anvil,ornate anvil,0,1,Plum Iron,plum iron,0,2,2,user-supplied Workshop paste,2026-08-31,normalized_pending_reconciliation,At least one displayed inventory amount was below the one-craft requirement so the UI craft quantity was 0 and displayed requirements were already per craft.
Ornate Anvil,ornate anvil,0,2,Hammer,hammer,32175,1,1,user-supplied Workshop paste,2026-08-31,normalized_pending_reconciliation,At least one displayed inventory amount was below the one-craft requirement so the UI craft quantity was 0 and displayed requirements were already per craft.
Ornate Anvil,ornate anvil,0,3,Jade,jade,19507,1,1,user-supplied Workshop paste,2026-08-31,normalized_pending_reconciliation,At least one displayed inventory amount was below the one-craft requirement so the UI craft quantity was 0 and displayed requirements were already per craft.
Ornate Flarite Ring,ornate flarite ring,0,1,Flarite,flarite,672,1,1,user-supplied Workshop paste,2026-08-31,normalized_pending_reconciliation,At least one displayed inventory amount was below the one-craft requirement so the UI craft quantity was 0 and displayed requirements were already per craft.
Ornate Flarite Ring,ornate flarite ring,0,2,Gold Ring,gold ring,32180,1,1,user-supplied Workshop paste,2026-08-31,normalized_pending_reconciliation,At least one displayed inventory amount was below the one-craft requirement so the UI craft quantity was 0 and displayed requirements were already per craft.
Ornate Flarite Ring,ornate flarite ring,0,3,Strong Paste,strong paste,0,1,1,user-supplied Workshop paste,2026-08-31,normalized_pending_reconciliation,At least one displayed inventory amount was below the one-craft requirement so the UI craft quantity was 0 and displayed requirements were already per craft.
Pear Grease,pear grease,0,1,Prickly Pear,prickly pear,28,30,30,user-supplied Workshop paste,2026-08-31,normalized_pending_reconciliation,At least one displayed inventory amount was below the one-craft requirement so the UI craft quantity was 0 and displayed requirements were already per craft.
Pear Grease,pear grease,0,2,Blue Gel,blue gel,32179,5,5,user-supplied Workshop paste,2026-08-31,normalized_pending_reconciliation,At least one displayed inventory amount was below the one-craft requirement so the UI craft quantity was 0 and displayed requirements were already per craft.
Pear Grease,pear grease,0,3,Glass Bottle,glass bottle,6230,1,1,user-supplied Workshop paste,2026-08-31,normalized_pending_reconciliation,At least one displayed inventory amount was below the one-craft requirement so the UI craft quantity was 0 and displayed requirements were already per craft.
Peridot,peridot,0,1,Unpolished Peridot,unpolished peridot,0,2,2,user-supplied Workshop paste,2026-08-31,normalized_pending_reconciliation,At least one displayed inventory amount was below the one-craft requirement so the UI craft quantity was 0 and displayed requirements were already per craft.
Pie Pan,pie pan,0,1,Emberstone,emberstone,0,25,25,user-supplied Workshop paste,2026-08-31,normalized_pending_reconciliation,At least one displayed inventory amount was below the one-craft requirement so the UI craft quantity was 0 and displayed requirements were already per craft.
Pie Pan,pie pan,0,2,Steel,steel,11092,10,10,user-supplied Workshop paste,2026-08-31,normalized_pending_reconciliation,At least one displayed inventory amount was below the one-craft requirement so the UI craft quantity was 0 and displayed requirements were already per craft.
Pie Pan,pie pan,0,3,Moonstone,moonstone,24726,2,2,user-supplied Workshop paste,2026-08-31,normalized_pending_reconciliation,At least one displayed inventory amount was below the one-craft requirement so the UI craft quantity was 0 and displayed requirements were already per craft.
Pine Shavings,pine shavings,0,1,Emberstone,emberstone,0,1,1,user-supplied Workshop paste,2026-08-31,normalized_pending_reconciliation,At least one displayed inventory amount was below the one-craft requirement so the UI craft quantity was 0 and displayed requirements were already per craft.
Pine Shavings,pine shavings,0,2,Pine Board,pine board,32180,1,1,user-supplied Workshop paste,2026-08-31,normalized_pending_reconciliation,At least one displayed inventory amount was below the one-craft requirement so the UI craft quantity was 0 and displayed requirements were already per craft.
Pine Shavings,pine shavings,0,3,Wood Planer,wood planer,2697,1,1,user-supplied Workshop paste,2026-08-31,normalized_pending_reconciliation,At least one displayed inventory amount was below the one-craft requirement so the UI craft quantity was 0 and displayed requirements were already per craft.
Pinecone Bird Feeder,pinecone bird feeder,0,1,Twine,twine,1,4,4,user-supplied Workshop paste,2026-08-31,normalized_pending_reconciliation,At least one displayed inventory amount was below the one-craft requirement so the UI craft quantity was 0 and displayed requirements were already per craft.
Pinecone Bird Feeder,pinecone bird feeder,0,2,Pine Cone,pine cone,32180,4,4,user-supplied Workshop paste,2026-08-31,normalized_pending_reconciliation,At least one displayed inventory amount was below the one-craft requirement so the UI craft quantity was 0 and displayed requirements were already per craft.
Pinecone Bird Feeder,pinecone bird feeder,0,3,Corn Seeds,corn seeds,29688,2,2,user-supplied Workshop paste,2026-08-31,normalized_pending_reconciliation,At least one displayed inventory amount was below the one-craft requirement so the UI craft quantity was 0 and displayed requirements were already per craft.
Pinecone Bird Feeder,pinecone bird feeder,0,4,Sunflower Seeds,sunflower seeds,32108,2,2,user-supplied Workshop paste,2026-08-31,normalized_pending_reconciliation,At least one displayed inventory amount was below the one-craft requirement so the UI craft quantity was 0 and displayed requirements were already per craft.
Pinecone Bird Feeder,pinecone bird feeder,0,5,Acorn Butter,acorn butter,28847,1,1,user-supplied Workshop paste,2026-08-31,normalized_pending_reconciliation,At least one displayed inventory amount was below the one-craft requirement so the UI craft quantity was 0 and displayed requirements were already per craft.
Pitchfork,pitchfork,0,1,Steel,steel,11092,2,2,user-supplied Workshop paste,2026-08-31,normalized_pending_reconciliation,At least one displayed inventory amount was below the one-craft requirement so the UI craft quantity was 0 and displayed requirements were already per craft.
Pitchfork,pitchfork,0,2,Board,board,32180,1,1,user-supplied Workshop paste,2026-08-31,normalized_pending_reconciliation,At least one displayed inventory amount was below the one-craft requirement so the UI craft quantity was 0 and displayed requirements were already per craft.
Pitchfork,pitchfork,0,3,Mushroom Paste,mushroom paste,1,1,1,user-supplied Workshop paste,2026-08-31,normalized_pending_reconciliation,At least one displayed inventory amount was below the one-craft requirement so the UI craft quantity was 0 and displayed requirements were already per craft.
Pitchfork,pitchfork,0,4,Iron Ring,iron ring,32180,1,1,user-supplied Workshop paste,2026-08-31,normalized_pending_reconciliation,At least one displayed inventory amount was below the one-craft requirement so the UI craft quantity was 0 and displayed requirements were already per craft.
Pitchfork,pitchfork,0,5,Emberstone,emberstone,0,1,1,user-supplied Workshop paste,2026-08-31,normalized_pending_reconciliation,At least one displayed inventory amount was below the one-craft requirement so the UI craft quantity was 0 and displayed requirements were already per craft.
Plum Goblet,plum goblet,0,1,Stone,stone,27988,1,1,user-supplied Workshop paste,2026-08-31,normalized_pending_reconciliation,At least one displayed inventory amount was below the one-craft requirement so the UI craft quantity was 0 and displayed requirements were already per craft.
Plum Goblet,plum goblet,0,2,Plum Iron,plum iron,0,1,1,user-supplied Workshop paste,2026-08-31,normalized_pending_reconciliation,At least one displayed inventory amount was below the one-craft requirement so the UI craft quantity was 0 and displayed requirements were already per craft.
Plum Iron,plum iron,0,1,Iron,iron,32180,1,1,user-supplied Workshop paste,2026-08-31,normalized_pending_reconciliation,At least one displayed inventory amount was below the one-craft requirement so the UI craft quantity was 0 and displayed requirements were already per craft.
Plum Iron,plum iron,0,2,Emberstone,emberstone,0,1,1,user-supplied Workshop paste,2026-08-31,normalized_pending_reconciliation,At least one displayed inventory amount was below the one-craft requirement so the UI craft quantity was 0 and displayed requirements were already per craft.
Plum Iron,plum iron,0,3,Acid Extract,acid extract,1,1,1,user-supplied Workshop paste,2026-08-31,normalized_pending_reconciliation,At least one displayed inventory amount was below the one-craft requirement so the UI craft quantity was 0 and displayed requirements were already per craft.
Plum Iron,plum iron,0,4,Refined Plum Ore,refined plum ore,54,1,1,user-supplied Workshop paste,2026-08-31,normalized_pending_reconciliation,At least one displayed inventory amount was below the one-craft requirement so the UI craft quantity was 0 and displayed requirements were already per craft.
Potato Battery,potato battery,0,1,Potato,potato,26240,8,8,user-supplied Workshop paste,2026-08-31,normalized_pending_reconciliation,At least one displayed inventory amount was below the one-craft requirement so the UI craft quantity was 0 and displayed requirements were already per craft.
Potato Battery,potato battery,0,2,Transistor,transistor,1,8,8,user-supplied Workshop paste,2026-08-31,normalized_pending_reconciliation,At least one displayed inventory amount was below the one-craft requirement so the UI craft quantity was 0 and displayed requirements were already per craft.
Potato Battery,potato battery,0,3,Nails,nails,32180,4,4,user-supplied Workshop paste,2026-08-31,normalized_pending_reconciliation,At least one displayed inventory amount was below the one-craft requirement so the UI craft quantity was 0 and displayed requirements were already per craft.
Potato Battery,potato battery,0,4,Steel Wire,steel wire,22052,4,4,user-supplied Workshop paste,2026-08-31,normalized_pending_reconciliation,At least one displayed inventory amount was below the one-craft requirement so the UI craft quantity was 0 and displayed requirements were already per craft.
Potato Battery,potato battery,0,5,Spool of Copper,spool of copper,11332,1,1,user-supplied Workshop paste,2026-08-31,normalized_pending_reconciliation,At least one displayed inventory amount was below the one-craft requirement so the UI craft quantity was 0 and displayed requirements were already per craft.
Propeller Hat,propeller hat,0,1,Cloth,cloth,4,25,25,user-supplied Workshop paste,2026-08-31,normalized_pending_reconciliation,At least one displayed inventory amount was below the one-craft requirement so the UI craft quantity was 0 and displayed requirements were already per craft.
Propeller Hat,propeller hat,0,2,Green Dye,green dye,28143,2,2,user-supplied Workshop paste,2026-08-31,normalized_pending_reconciliation,At least one displayed inventory amount was below the one-craft requirement so the UI craft quantity was 0 and displayed requirements were already per craft.
Propeller Hat,propeller hat,0,3,Blue Dye,blue dye,32180,2,2,user-supplied Workshop paste,2026-08-31,normalized_pending_reconciliation,At least one displayed inventory amount was below the one-craft requirement so the UI craft quantity was 0 and displayed requirements were already per craft.
Propeller Hat,propeller hat,0,4,Red Dye,red dye,3546,2,2,user-supplied Workshop paste,2026-08-31,normalized_pending_reconciliation,At least one displayed inventory amount was below the one-craft requirement so the UI craft quantity was 0 and displayed requirements were already per craft.
Propeller Hat,propeller hat,0,5,Yellow Dye,yellow dye,32180,2,2,user-supplied Workshop paste,2026-08-31,normalized_pending_reconciliation,At least one displayed inventory amount was below the one-craft requirement so the UI craft quantity was 0 and displayed requirements were already per craft.
Propeller Hat,propeller hat,0,6,Tin Scraps,tin scraps,32176,2,2,user-supplied Workshop paste,2026-08-31,normalized_pending_reconciliation,At least one displayed inventory amount was below the one-craft requirement so the UI craft quantity was 0 and displayed requirements were already per craft.
Propeller Hat,propeller hat,0,7,Hammer,hammer,32175,1,1,user-supplied Workshop paste,2026-08-31,normalized_pending_reconciliation,At least one displayed inventory amount was below the one-craft requirement so the UI craft quantity was 0 and displayed requirements were already per craft.
Purple Bag,purple bag,0,1,Leather Bag,leather bag,14480,1,1,user-supplied Workshop paste,2026-08-31,normalized_pending_reconciliation,At least one displayed inventory amount was below the one-craft requirement so the UI craft quantity was 0 and displayed requirements were already per craft.
Purple Bag,purple bag,0,2,Purple Dye,purple dye,0,1,1,user-supplied Workshop paste,2026-08-31,normalized_pending_reconciliation,At least one displayed inventory amount was below the one-craft requirement so the UI craft quantity was 0 and displayed requirements were already per craft.
Purple Diary,purple diary,0,1,Purple Parchment,purple parchment,8943,1,1,user-supplied Workshop paste,2026-08-31,normalized_pending_reconciliation,At least one displayed inventory amount was below the one-craft requirement so the UI craft quantity was 0 and displayed requirements were already per craft.
Purple Diary,purple diary,0,2,Mushroom Paste,mushroom paste,1,1,1,user-supplied Workshop paste,2026-08-31,normalized_pending_reconciliation,At least one displayed inventory amount was below the one-craft requirement so the UI craft quantity was 0 and displayed requirements were already per craft.
Purple Diary,purple diary,0,3,White Parchment,white parchment,0,1,1,user-supplied Workshop paste,2026-08-31,normalized_pending_reconciliation,At least one displayed inventory amount was below the one-craft requirement so the UI craft quantity was 0 and displayed requirements were already per craft.
Purple Dye,purple dye,0,1,Purple Flower,purple flower,9,10,10,user-supplied Workshop paste,2026-08-31,normalized_pending_reconciliation,At least one displayed inventory amount was below the one-craft requirement so the UI craft quantity was 0 and displayed requirements were already per craft.
Purple Dye,purple dye,0,2,Glass Bottle,glass bottle,6230,1,1,user-supplied Workshop paste,2026-08-31,normalized_pending_reconciliation,At least one displayed inventory amount was below the one-craft requirement so the UI craft quantity was 0 and displayed requirements were already per craft.
Purple Shirt,purple shirt,0,1,Cloth,cloth,4,10,10,user-supplied Workshop paste,2026-08-31,normalized_pending_reconciliation,At least one displayed inventory amount was below the one-craft requirement so the UI craft quantity was 0 and displayed requirements were already per craft.
Purple Shirt,purple shirt,0,2,Purple Dye,purple dye,0,1,1,user-supplied Workshop paste,2026-08-31,normalized_pending_reconciliation,At least one displayed inventory amount was below the one-craft requirement so the UI craft quantity was 0 and displayed requirements were already per craft.
Purple Shirt,purple shirt,0,3,Sewing Needle,sewing needle,31146,1,1,user-supplied Workshop paste,2026-08-31,normalized_pending_reconciliation,At least one displayed inventory amount was below the one-craft requirement so the UI craft quantity was 0 and displayed requirements were already per craft.
Purple Twine,purple twine,0,1,Twine,twine,1,1,1,user-supplied Workshop paste,2026-08-31,normalized_pending_reconciliation,At least one displayed inventory amount was below the one-craft requirement so the UI craft quantity was 0 and displayed requirements were already per craft.
Purple Twine,purple twine,0,2,Purple Dye,purple dye,0,1,1,user-supplied Workshop paste,2026-08-31,normalized_pending_reconciliation,At least one displayed inventory amount was below the one-craft requirement so the UI craft quantity was 0 and displayed requirements were already per craft.
Red Brick,red brick,0,1,Straw,straw,11980,50,50,user-supplied Workshop paste,2026-08-31,normalized_pending_reconciliation,At least one displayed inventory amount was below the one-craft requirement so the UI craft quantity was 0 and displayed requirements were already per craft.
Red Brick,red brick,0,2,Sand,sand,0,50,50,user-supplied Workshop paste,2026-08-31,normalized_pending_reconciliation,At least one displayed inventory amount was below the one-craft requirement so the UI craft quantity was 0 and displayed requirements were already per craft.
Red Brick,red brick,0,3,Bucket,bucket,32180,5,5,user-supplied Workshop paste,2026-08-31,normalized_pending_reconciliation,At least one displayed inventory amount was below the one-craft requirement so the UI craft quantity was 0 and displayed requirements were already per craft.
Red Brick,red brick,0,4,Red Dye,red dye,3546,5,5,user-supplied Workshop paste,2026-08-31,normalized_pending_reconciliation,At least one displayed inventory amount was below the one-craft requirement so the UI craft quantity was 0 and displayed requirements were already per craft.
Red Brick,red brick,0,5,Mushroom Paste,mushroom paste,1,3,3,user-supplied Workshop paste,2026-08-31,normalized_pending_reconciliation,At least one displayed inventory amount was below the one-craft requirement so the UI craft quantity was 0 and displayed requirements were already per craft.
Red Diary,red diary,0,1,Mushroom Paste,mushroom paste,1,1,1,user-supplied Workshop paste,2026-08-31,normalized_pending_reconciliation,At least one displayed inventory amount was below the one-craft requirement so the UI craft quantity was 0 and displayed requirements were already per craft.
Red Diary,red diary,0,2,White Parchment,white parchment,0,1,1,user-supplied Workshop paste,2026-08-31,normalized_pending_reconciliation,At least one displayed inventory amount was below the one-craft requirement so the UI craft quantity was 0 and displayed requirements were already per craft.
Red Diary,red diary,0,3,Red Parchment,red parchment,8670,1,1,user-supplied Workshop paste,2026-08-31,normalized_pending_reconciliation,At least one displayed inventory amount was below the one-craft requirement so the UI craft quantity was 0 and displayed requirements were already per craft.
Red Parchment,red parchment,0,1,Striped Feather,striped feather,1,3,3,user-supplied Workshop paste,2026-08-31,normalized_pending_reconciliation,At least one displayed inventory amount was below the one-craft requirement so the UI craft quantity was 0 and displayed requirements were already per craft.
Red Shirt,red shirt,0,1,Cloth,cloth,4,10,10,user-supplied Workshop paste,2026-08-31,normalized_pending_reconciliation,At least one displayed inventory amount was below the one-craft requirement so the UI craft quantity was 0 and displayed requirements were already per craft.
Red Shirt,red shirt,0,2,Red Dye,red dye,3546,1,1,user-supplied Workshop paste,2026-08-31,normalized_pending_reconciliation,At least one displayed inventory amount was below the one-craft requirement so the UI craft quantity was 0 and displayed requirements were already per craft.
Red Shirt,red shirt,0,3,Sewing Needle,sewing needle,31146,1,1,user-supplied Workshop paste,2026-08-31,normalized_pending_reconciliation,At least one displayed inventory amount was below the one-craft requirement so the UI craft quantity was 0 and displayed requirements were already per craft.
Red Trunk,red trunk,0,1,Nails,nails,32180,16,16,user-supplied Workshop paste,2026-08-31,normalized_pending_reconciliation,At least one displayed inventory amount was below the one-craft requirement so the UI craft quantity was 0 and displayed requirements were already per craft.
Red Trunk,red trunk,0,2,Steel,steel,11092,8,8,user-supplied Workshop paste,2026-08-31,normalized_pending_reconciliation,At least one displayed inventory amount was below the one-craft requirement so the UI craft quantity was 0 and displayed requirements were already per craft.
Red Trunk,red trunk,0,3,Wooden Plank,wooden plank,32180,6,6,user-supplied Workshop paste,2026-08-31,normalized_pending_reconciliation,At least one displayed inventory amount was below the one-craft requirement so the UI craft quantity was 0 and displayed requirements were already per craft.
Red Trunk,red trunk,0,4,Red Dye,red dye,3546,4,4,user-supplied Workshop paste,2026-08-31,normalized_pending_reconciliation,At least one displayed inventory amount was below the one-craft requirement so the UI craft quantity was 0 and displayed requirements were already per craft.
Red Trunk,red trunk,0,5,Leather,leather,1,3,3,user-supplied Workshop paste,2026-08-31,normalized_pending_reconciliation,At least one displayed inventory amount was below the one-craft requirement so the UI craft quantity was 0 and displayed requirements were already per craft.
Redbrook Patch,redbrook patch,0,1,Sewing Needle,sewing needle,31146,8,8,user-supplied Workshop paste,2026-08-31,normalized_pending_reconciliation,At least one displayed inventory amount was below the one-craft requirement so the UI craft quantity was 0 and displayed requirements were already per craft.
Redbrook Patch,redbrook patch,0,2,Red Twine,red twine,0,1,1,user-supplied Workshop paste,2026-08-31,normalized_pending_reconciliation,At least one displayed inventory amount was below the one-craft requirement so the UI craft quantity was 0 and displayed requirements were already per craft.
Redbrook Patch,redbrook patch,0,3,Blue Twine,blue twine,32179,1,1,user-supplied Workshop paste,2026-08-31,normalized_pending_reconciliation,At least one displayed inventory amount was below the one-craft requirement so the UI craft quantity was 0 and displayed requirements were already per craft.
Redbrook Patch,redbrook patch,0,4,Green Twine,green twine,32159,1,1,user-supplied Workshop paste,2026-08-31,normalized_pending_reconciliation,At least one displayed inventory amount was below the one-craft requirement so the UI craft quantity was 0 and displayed requirements were already per craft.
Redbrook Patch,redbrook patch,0,5,Purple Twine,purple twine,31811,1,1,user-supplied Workshop paste,2026-08-31,normalized_pending_reconciliation,At least one displayed inventory amount was below the one-craft requirement so the UI craft quantity was 0 and displayed requirements were already per craft.
Redbrook Patch,redbrook patch,0,6,Orange Twine,orange twine,32159,1,1,user-supplied Workshop paste,2026-08-31,normalized_pending_reconciliation,At least one displayed inventory amount was below the one-craft requirement so the UI craft quantity was 0 and displayed requirements were already per craft.
Redbrook Patch,redbrook patch,0,7,White Twine,white twine,24995,1,1,user-supplied Workshop paste,2026-08-31,normalized_pending_reconciliation,At least one displayed inventory amount was below the one-craft requirement so the UI craft quantity was 0 and displayed requirements were already per craft.
Redbrook Patch,redbrook patch,0,8,Yellow Twine,yellow twine,32179,1,1,user-supplied Workshop paste,2026-08-31,normalized_pending_reconciliation,At least one displayed inventory amount was below the one-craft requirement so the UI craft quantity was 0 and displayed requirements were already per craft.
Redbrook Patch,redbrook patch,0,9,Brown Twine,brown twine,32179,1,1,user-supplied Workshop paste,2026-08-31,normalized_pending_reconciliation,At least one displayed inventory amount was below the one-craft requirement so the UI craft quantity was 0 and displayed requirements were already per craft.
Refined Esperium,refined esperium,0,1,Esperium,esperium,32180,2,2,user-supplied Workshop paste,2026-08-31,normalized_pending_reconciliation,At least one displayed inventory amount was below the one-craft requirement so the UI craft quantity was 0 and displayed requirements were already per craft.
Refined Esperium,refined esperium,0,2,Emberstone,emberstone,0,1,1,user-supplied Workshop paste,2026-08-31,normalized_pending_reconciliation,At least one displayed inventory amount was below the one-craft requirement so the UI craft quantity was 0 and displayed requirements were already per craft.
Refined Plum Ore,refined plum ore,0,1,Plum Ore,plum ore,32104,2,2,user-supplied Workshop paste,2026-08-31,normalized_pending_reconciliation,At least one displayed inventory amount was below the one-craft requirement so the UI craft quantity was 0 and displayed requirements were already per craft.
Refined Plum Ore,refined plum ore,0,2,Emberstone,emberstone,0,1,1,user-supplied Workshop paste,2026-08-31,normalized_pending_reconciliation,At least one displayed inventory amount was below the one-craft requirement so the UI craft quantity was 0 and displayed requirements were already per craft.
Reforged Sword,reforged sword,0,1,Emberstone,emberstone,0,1,1,user-supplied Workshop paste,2026-08-31,normalized_pending_reconciliation,At least one displayed inventory amount was below the one-craft requirement so the UI craft quantity was 0 and displayed requirements were already per craft.
Reforged Sword,reforged sword,0,2,Fire Crystal,fire crystal,15624,1,1,user-supplied Workshop paste,2026-08-31,normalized_pending_reconciliation,At least one displayed inventory amount was below the one-craft requirement so the UI craft quantity was 0 and displayed requirements were already per craft.
Reforged Sword,reforged sword,0,3,Broken Sword,broken sword,5896,1,1,user-supplied Workshop paste,2026-08-31,normalized_pending_reconciliation,At least one displayed inventory amount was below the one-craft requirement so the UI craft quantity was 0 and displayed requirements were already per craft.
Reforged Sword,reforged sword,0,4,Plum Iron,plum iron,0,1,1,user-supplied Workshop paste,2026-08-31,normalized_pending_reconciliation,At least one displayed inventory amount was below the one-craft requirement so the UI craft quantity was 0 and displayed requirements were already per craft.
Reforged Sword,reforged sword,0,5,Quench,quench,0,1,1,user-supplied Workshop paste,2026-08-31,normalized_pending_reconciliation,At least one displayed inventory amount was below the one-craft requirement so the UI craft quantity was 0 and displayed requirements were already per craft.
Reinforced Helmet,reinforced helmet,0,1,Hide,hide,1,4,4,user-supplied Workshop paste,2026-08-31,normalized_pending_reconciliation,At least one displayed inventory amount was below the one-craft requirement so the UI craft quantity was 0 and displayed requirements were already per craft.
Reinforced Helmet,reinforced helmet,0,2,Steel,steel,11092,4,4,user-supplied Workshop paste,2026-08-31,normalized_pending_reconciliation,At least one displayed inventory amount was below the one-craft requirement so the UI craft quantity was 0 and displayed requirements were already per craft.
Reinforced Helmet,reinforced helmet,0,3,Leather Helmet,leather helmet,31349,1,1,user-supplied Workshop paste,2026-08-31,normalized_pending_reconciliation,At least one displayed inventory amount was below the one-craft requirement so the UI craft quantity was 0 and displayed requirements were already per craft.
Salt,salt,0,1,Salt Rock,salt rock,30,50,50,user-supplied Workshop paste,2026-08-31,normalized_pending_reconciliation,At least one displayed inventory amount was below the one-craft requirement so the UI craft quantity was 0 and displayed requirements were already per craft.
Salt,salt,0,2,Hammer,hammer,32175,1,1,user-supplied Workshop paste,2026-08-31,normalized_pending_reconciliation,At least one displayed inventory amount was below the one-craft requirement so the UI craft quantity was 0 and displayed requirements were already per craft.
Scissors,scissors,0,1,Wood,wood,0,2,2,user-supplied Workshop paste,2026-08-31,normalized_pending_reconciliation,At least one displayed inventory amount was below the one-craft requirement so the UI craft quantity was 0 and displayed requirements were already per craft.
Scissors,scissors,0,2,Steel,steel,11092,2,2,user-supplied Workshop paste,2026-08-31,normalized_pending_reconciliation,At least one displayed inventory amount was below the one-craft requirement so the UI craft quantity was 0 and displayed requirements were already per craft.
Scissors,scissors,0,3,Nails,nails,32180,1,1,user-supplied Workshop paste,2026-08-31,normalized_pending_reconciliation,At least one displayed inventory amount was below the one-craft requirement so the UI craft quantity was 0 and displayed requirements were already per craft.
Scissors,scissors,0,4,Stone,stone,27988,1,1,user-supplied Workshop paste,2026-08-31,normalized_pending_reconciliation,At least one displayed inventory amount was below the one-craft requirement so the UI craft quantity was 0 and displayed requirements were already per craft.
Scissors,scissors,0,5,Iron Ring,iron ring,32180,1,1,user-supplied Workshop paste,2026-08-31,normalized_pending_reconciliation,At least one displayed inventory amount was below the one-craft requirement so the UI craft quantity was 0 and displayed requirements were already per craft.
Sewing Needle,sewing needle,0,1,Bone,bone,0,1,1,user-supplied Workshop paste,2026-08-31,normalized_pending_reconciliation,At least one displayed inventory amount was below the one-craft requirement so the UI craft quantity was 0 and displayed requirements were already per craft.
Sewing Needle,sewing needle,0,2,Twine,twine,1,1,1,user-supplied Workshop paste,2026-08-31,normalized_pending_reconciliation,At least one displayed inventory amount was below the one-craft requirement so the UI craft quantity was 0 and displayed requirements were already per craft.
Sewing Needle,sewing needle,0,3,Awl,awl,32180,1,1,user-supplied Workshop paste,2026-08-31,normalized_pending_reconciliation,At least one displayed inventory amount was below the one-craft requirement so the UI craft quantity was 0 and displayed requirements were already per craft.
Shining Earrings,shining earrings,0,1,Pyredrop,pyredrop,31667,1,1,user-supplied Workshop paste,2026-08-31,normalized_pending_reconciliation,At least one displayed inventory amount was below the one-craft requirement so the UI craft quantity was 0 and displayed requirements were already per craft.
Shining Earrings,shining earrings,0,2,Strong Wire,strong wire,0,1,1,user-supplied Workshop paste,2026-08-31,normalized_pending_reconciliation,At least one displayed inventory amount was below the one-craft requirement so the UI craft quantity was 0 and displayed requirements were already per craft.
Ship in a Bottle,ship in a bottle,0,1,Mushroom Paste,mushroom paste,1,3,3,user-supplied Workshop paste,2026-08-31,normalized_pending_reconciliation,At least one displayed inventory amount was below the one-craft requirement so the UI craft quantity was 0 and displayed requirements were already per craft.
Ship in a Bottle,ship in a bottle,0,2,Oak,oak,75,2,2,user-supplied Workshop paste,2026-08-31,normalized_pending_reconciliation,At least one displayed inventory amount was below the one-craft requirement so the UI craft quantity was 0 and displayed requirements were already per craft.
Ship in a Bottle,ship in a bottle,0,3,Sand,sand,0,2,2,user-supplied Workshop paste,2026-08-31,normalized_pending_reconciliation,At least one displayed inventory amount was below the one-craft requirement so the UI craft quantity was 0 and displayed requirements were already per craft.
Ship in a Bottle,ship in a bottle,0,4,Glass Bottle,glass bottle,6230,1,1,user-supplied Workshop paste,2026-08-31,normalized_pending_reconciliation,At least one displayed inventory amount was below the one-craft requirement so the UI craft quantity was 0 and displayed requirements were already per craft.
Ship in a Bottle,ship in a bottle,0,5,Model Ship,model ship,11,1,1,user-supplied Workshop paste,2026-08-31,normalized_pending_reconciliation,At least one displayed inventory amount was below the one-craft requirement so the UI craft quantity was 0 and displayed requirements were already per craft.
Snow Shoes,snow shoes,0,1,Yarn,yarn,32180,32,32,user-supplied Workshop paste,2026-08-31,normalized_pending_reconciliation,At least one displayed inventory amount was below the one-craft requirement so the UI craft quantity was 0 and displayed requirements were already per craft.
Snow Shoes,snow shoes,0,2,Straw,straw,11980,24,24,user-supplied Workshop paste,2026-08-31,normalized_pending_reconciliation,At least one displayed inventory amount was below the one-craft requirement so the UI craft quantity was 0 and displayed requirements were already per craft.
Snow Shoes,snow shoes,0,3,Oak,oak,75,20,20,user-supplied Workshop paste,2026-08-31,normalized_pending_reconciliation,At least one displayed inventory amount was below the one-craft requirement so the UI craft quantity was 0 and displayed requirements were already per craft.
Snow Shoes,snow shoes,0,4,Leather,leather,1,5,5,user-supplied Workshop paste,2026-08-31,normalized_pending_reconciliation,At least one displayed inventory amount was below the one-craft requirement so the UI craft quantity was 0 and displayed requirements were already per craft.
Snow Shoes,snow shoes,0,5,Handsaw,handsaw,31201,1,1,user-supplied Workshop paste,2026-08-31,normalized_pending_reconciliation,At least one displayed inventory amount was below the one-craft requirement so the UI craft quantity was 0 and displayed requirements were already per craft.
Spiky Bracelet,spiky bracelet,0,1,Onyx Scorpion,onyx scorpion,1,12,12,user-supplied Workshop paste,2026-08-31,normalized_pending_reconciliation,At least one displayed inventory amount was below the one-craft requirement so the UI craft quantity was 0 and displayed requirements were already per craft.
Spiky Bracelet,spiky bracelet,0,2,Monster Skull,monster skull,25415,6,6,user-supplied Workshop paste,2026-08-31,normalized_pending_reconciliation,At least one displayed inventory amount was below the one-craft requirement so the UI craft quantity was 0 and displayed requirements were already per craft.
Spiky Bracelet,spiky bracelet,0,3,Mushroom Paste,mushroom paste,1,4,4,user-supplied Workshop paste,2026-08-31,normalized_pending_reconciliation,At least one displayed inventory amount was below the one-craft requirement so the UI craft quantity was 0 and displayed requirements were already per craft.
Spiky Bracelet,spiky bracelet,0,4,Leather,leather,1,4,4,user-supplied Workshop paste,2026-08-31,normalized_pending_reconciliation,At least one displayed inventory amount was below the one-craft requirement so the UI craft quantity was 0 and displayed requirements were already per craft.
Spiky Bracelet,spiky bracelet,0,5,Sewing Needle,sewing needle,31146,1,1,user-supplied Workshop paste,2026-08-31,normalized_pending_reconciliation,At least one displayed inventory amount was below the one-craft requirement so the UI craft quantity was 0 and displayed requirements were already per craft.
Spoon,spoon,0,1,Bone,bone,0,1,1,user-supplied Workshop paste,2026-08-31,normalized_pending_reconciliation,At least one displayed inventory amount was below the one-craft requirement so the UI craft quantity was 0 and displayed requirements were already per craft.
Spoon,spoon,0,2,Twine,twine,1,1,1,user-supplied Workshop paste,2026-08-31,normalized_pending_reconciliation,At least one displayed inventory amount was below the one-craft requirement so the UI craft quantity was 0 and displayed requirements were already per craft.
Spoon,spoon,0,3,Axe,axe,32180,1,1,user-supplied Workshop paste,2026-08-31,normalized_pending_reconciliation,At least one displayed inventory amount was below the one-craft requirement so the UI craft quantity was 0 and displayed requirements were already per craft.
Stained Glass Art,stained glass art,0,1,Sandstone,sandstone,32180,17,17,user-supplied Workshop paste,2026-08-31,normalized_pending_reconciliation,At least one displayed inventory amount was below the one-craft requirement so the UI craft quantity was 0 and displayed requirements were already per craft.
Stained Glass Art,stained glass art,0,2,Copper Wire,copper wire,8706,2,2,user-supplied Workshop paste,2026-08-31,normalized_pending_reconciliation,At least one displayed inventory amount was below the one-craft requirement so the UI craft quantity was 0 and displayed requirements were already per craft.
Stained Glass Art,stained glass art,0,3,Aquamarine,aquamarine,32077,1,1,user-supplied Workshop paste,2026-08-31,normalized_pending_reconciliation,At least one displayed inventory amount was below the one-craft requirement so the UI craft quantity was 0 and displayed requirements were already per craft.
Stained Glass Art,stained glass art,0,4,Amethyst,amethyst,24049,1,1,user-supplied Workshop paste,2026-08-31,normalized_pending_reconciliation,At least one displayed inventory amount was below the one-craft requirement so the UI craft quantity was 0 and displayed requirements were already per craft.
Stained Glass Art,stained glass art,0,5,Lemon Quartz,lemon quartz,31368,1,1,user-supplied Workshop paste,2026-08-31,normalized_pending_reconciliation,At least one displayed inventory amount was below the one-craft requirement so the UI craft quantity was 0 and displayed requirements were already per craft.
Stained Glass Art,stained glass art,0,6,Ruby,ruby,32180,1,1,user-supplied Workshop paste,2026-08-31,normalized_pending_reconciliation,At least one displayed inventory amount was below the one-craft requirement so the UI craft quantity was 0 and displayed requirements were already per craft.
Stained Glass Art,stained glass art,0,7,Shimmer Quartz,shimmer quartz,32180,1,1,user-supplied Workshop paste,2026-08-31,normalized_pending_reconciliation,At least one displayed inventory amount was below the one-craft requirement so the UI craft quantity was 0 and displayed requirements were already per craft.
Stained Glass Art,stained glass art,0,8,Emerald,emerald,32051,1,1,user-supplied Workshop paste,2026-08-31,normalized_pending_reconciliation,At least one displayed inventory amount was below the one-craft requirement so the UI craft quantity was 0 and displayed requirements were already per craft.
Stained Glass Art,stained glass art,0,9,Jade,jade,19507,1,1,user-supplied Workshop paste,2026-08-31,normalized_pending_reconciliation,At least one displayed inventory amount was below the one-craft requirement so the UI craft quantity was 0 and displayed requirements were already per craft.
Stained Glass Art,stained glass art,0,10,Garnet,garnet,32180,1,1,user-supplied Workshop paste,2026-08-31,normalized_pending_reconciliation,At least one displayed inventory amount was below the one-craft requirement so the UI craft quantity was 0 and displayed requirements were already per craft.
Stained Glass Art,stained glass art,0,11,Aquacite,aquacite,12539,1,1,user-supplied Workshop paste,2026-08-31,normalized_pending_reconciliation,At least one displayed inventory amount was below the one-craft requirement so the UI craft quantity was 0 and displayed requirements were already per craft.
Stained Glass Art,stained glass art,0,12,Fairy Crystal,fairy crystal,32180,1,1,user-supplied Workshop paste,2026-08-31,normalized_pending_reconciliation,At least one displayed inventory amount was below the one-craft requirement so the UI craft quantity was 0 and displayed requirements were already per craft.
Stained Glass Art,stained glass art,0,13,Lapis Lazuli,lapis lazuli,1465,1,1,user-supplied Workshop paste,2026-08-31,normalized_pending_reconciliation,At least one displayed inventory amount was below the one-craft requirement so the UI craft quantity was 0 and displayed requirements were already per craft.
Stained Glass Art,stained glass art,0,14,Pyredrop,pyredrop,31667,1,1,user-supplied Workshop paste,2026-08-31,normalized_pending_reconciliation,At least one displayed inventory amount was below the one-craft requirement so the UI craft quantity was 0 and displayed requirements were already per craft.
Stained Glass Art,stained glass art,0,15,Flarite,flarite,672,1,1,user-supplied Workshop paste,2026-08-31,normalized_pending_reconciliation,At least one displayed inventory amount was below the one-craft requirement so the UI craft quantity was 0 and displayed requirements were already per craft.
Stained Glass Art,stained glass art,0,16,Jadeite,jadeite,10004,1,1,user-supplied Workshop paste,2026-08-31,normalized_pending_reconciliation,At least one displayed inventory amount was below the one-craft requirement so the UI craft quantity was 0 and displayed requirements were already per craft.
Stained Glass Art,stained glass art,0,17,Peridot,peridot,0,1,1,user-supplied Workshop paste,2026-08-31,normalized_pending_reconciliation,At least one displayed inventory amount was below the one-craft requirement so the UI craft quantity was 0 and displayed requirements were already per craft.
Steel Buckle,steel buckle,0,1,Emberstone,emberstone,0,2,2,user-supplied Workshop paste,2026-08-31,normalized_pending_reconciliation,At least one displayed inventory amount was below the one-craft requirement so the UI craft quantity was 0 and displayed requirements were already per craft.
Steel Buckle,steel buckle,0,2,Steel,steel,11092,1,1,user-supplied Workshop paste,2026-08-31,normalized_pending_reconciliation,At least one displayed inventory amount was below the one-craft requirement so the UI craft quantity was 0 and displayed requirements were already per craft.
Steel Buckle,steel buckle,0,3,Hammer,hammer,32175,1,1,user-supplied Workshop paste,2026-08-31,normalized_pending_reconciliation,At least one displayed inventory amount was below the one-craft requirement so the UI craft quantity was 0 and displayed requirements were already per craft.
Steel Vise,steel vise,0,1,Steel,steel,11092,50,50,user-supplied Workshop paste,2026-08-31,normalized_pending_reconciliation,At least one displayed inventory amount was below the one-craft requirement so the UI craft quantity was 0 and displayed requirements were already per craft.
Steel Vise,steel vise,0,2,Glass Orb,glass orb,0,2,2,user-supplied Workshop paste,2026-08-31,normalized_pending_reconciliation,At least one displayed inventory amount was below the one-craft requirement so the UI craft quantity was 0 and displayed requirements were already per craft.
Steel Vise,steel vise,0,3,Blue Dye,blue dye,32180,2,2,user-supplied Workshop paste,2026-08-31,normalized_pending_reconciliation,At least one displayed inventory amount was below the one-craft requirement so the UI craft quantity was 0 and displayed requirements were already per craft.
Steel Vise,steel vise,0,4,Small Bolt,small bolt,1,2,2,user-supplied Workshop paste,2026-08-31,normalized_pending_reconciliation,At least one displayed inventory amount was below the one-craft requirement so the UI craft quantity was 0 and displayed requirements were already per craft.
Steel Vise,steel vise,0,5,Wooden Plank,wooden plank,32180,1,1,user-supplied Workshop paste,2026-08-31,normalized_pending_reconciliation,At least one displayed inventory amount was below the one-craft requirement so the UI craft quantity was 0 and displayed requirements were already per craft.
Steel Vise,steel vise,0,6,Broken Pipe,broken pipe,31858,1,1,user-supplied Workshop paste,2026-08-31,normalized_pending_reconciliation,At least one displayed inventory amount was below the one-craft requirement so the UI craft quantity was 0 and displayed requirements were already per craft.
Strong Wire,strong wire,0,1,Carbon Sphere,carbon sphere,0,1,1,user-supplied Workshop paste,2026-08-31,normalized_pending_reconciliation,At least one displayed inventory amount was below the one-craft requirement so the UI craft quantity was 0 and displayed requirements were already per craft.
Strong Wire,strong wire,0,2,Orange Calcite,orange calcite,13420,1,1,user-supplied Workshop paste,2026-08-31,normalized_pending_reconciliation,At least one displayed inventory amount was below the one-craft requirement so the UI craft quantity was 0 and displayed requirements were already per craft.
Sunflower Oil,sunflower oil,0,1,Sunflower,sunflower,1,6,6,user-supplied Workshop paste,2026-08-31,normalized_pending_reconciliation,At least one displayed inventory amount was below the one-craft requirement so the UI craft quantity was 0 and displayed requirements were already per craft.
Sunflower Oil,sunflower oil,0,2,Glass Bottle,glass bottle,6230,1,1,user-supplied Workshop paste,2026-08-31,normalized_pending_reconciliation,At least one displayed inventory amount was below the one-craft requirement so the UI craft quantity was 0 and displayed requirements were already per craft.
Sunflower Oil,sunflower oil,0,3,Twine,twine,1,1,1,user-supplied Workshop paste,2026-08-31,normalized_pending_reconciliation,At least one displayed inventory amount was below the one-craft requirement so the UI craft quantity was 0 and displayed requirements were already per craft.
Sunstone Ring,sunstone ring,0,1,Sunstone,sunstone,23434,1,1,user-supplied Workshop paste,2026-08-31,normalized_pending_reconciliation,At least one displayed inventory amount was below the one-craft requirement so the UI craft quantity was 0 and displayed requirements were already per craft.
Sunstone Ring,sunstone ring,0,2,Cave Paste,cave paste,0,1,1,user-supplied Workshop paste,2026-08-31,normalized_pending_reconciliation,At least one displayed inventory amount was below the one-craft requirement so the UI craft quantity was 0 and displayed requirements were already per craft.
Sunstone Ring,sunstone ring,0,3,Esperium Band,esperium band,0,1,1,user-supplied Workshop paste,2026-08-31,normalized_pending_reconciliation,At least one displayed inventory amount was below the one-craft requirement so the UI craft quantity was 0 and displayed requirements were already per craft.
Tie Dye Scarf,tie dye scarf,0,1,Yarn,yarn,32180,6,6,user-supplied Workshop paste,2026-08-31,normalized_pending_reconciliation,At least one displayed inventory amount was below the one-craft requirement so the UI craft quantity was 0 and displayed requirements were already per craft.
Tie Dye Scarf,tie dye scarf,0,2,Green Dye,green dye,28143,1,1,user-supplied Workshop paste,2026-08-31,normalized_pending_reconciliation,At least one displayed inventory amount was below the one-craft requirement so the UI craft quantity was 0 and displayed requirements were already per craft.
Tie Dye Scarf,tie dye scarf,0,3,Blue Dye,blue dye,32180,1,1,user-supplied Workshop paste,2026-08-31,normalized_pending_reconciliation,At least one displayed inventory amount was below the one-craft requirement so the UI craft quantity was 0 and displayed requirements were already per craft.
Tie Dye Scarf,tie dye scarf,0,4,Red Dye,red dye,3546,1,1,user-supplied Workshop paste,2026-08-31,normalized_pending_reconciliation,At least one displayed inventory amount was below the one-craft requirement so the UI craft quantity was 0 and displayed requirements were already per craft.
Tie Dye Scarf,tie dye scarf,0,5,Purple Dye,purple dye,0,1,1,user-supplied Workshop paste,2026-08-31,normalized_pending_reconciliation,At least one displayed inventory amount was below the one-craft requirement so the UI craft quantity was 0 and displayed requirements were already per craft.
Tie Dye Scarf,tie dye scarf,0,6,Orange Dye,orange dye,32180,1,1,user-supplied Workshop paste,2026-08-31,normalized_pending_reconciliation,At least one displayed inventory amount was below the one-craft requirement so the UI craft quantity was 0 and displayed requirements were already per craft.
Tie Dye Scarf,tie dye scarf,0,7,Yellow Dye,yellow dye,32180,1,1,user-supplied Workshop paste,2026-08-31,normalized_pending_reconciliation,At least one displayed inventory amount was below the one-craft requirement so the UI craft quantity was 0 and displayed requirements were already per craft.
White Cloak,white cloak,0,1,Twine,twine,1,10,10,user-supplied Workshop paste,2026-08-31,normalized_pending_reconciliation,At least one displayed inventory amount was below the one-craft requirement so the UI craft quantity was 0 and displayed requirements were already per craft.
White Cloak,white cloak,0,2,White Dye,white dye,0,10,10,user-supplied Workshop paste,2026-08-31,normalized_pending_reconciliation,At least one displayed inventory amount was below the one-craft requirement so the UI craft quantity was 0 and displayed requirements were already per craft.
White Cloak,white cloak,0,3,Leather,leather,1,5,5,user-supplied Workshop paste,2026-08-31,normalized_pending_reconciliation,At least one displayed inventory amount was below the one-craft requirement so the UI craft quantity was 0 and displayed requirements were already per craft.
White Cloak,white cloak,0,4,Cotton,cotton,1909,1,1,user-supplied Workshop paste,2026-08-31,normalized_pending_reconciliation,At least one displayed inventory amount was below the one-craft requirement so the UI craft quantity was 0 and displayed requirements were already per craft.
White Dye,white dye,0,1,Mist Lily,mist lily,2,5,5,user-supplied Workshop paste,2026-08-31,normalized_pending_reconciliation,At least one displayed inventory amount was below the one-craft requirement so the UI craft quantity was 0 and displayed requirements were already per craft.
White Dye,white dye,0,2,Glass Bottle,glass bottle,6230,1,1,user-supplied Workshop paste,2026-08-31,normalized_pending_reconciliation,At least one displayed inventory amount was below the one-craft requirement so the UI craft quantity was 0 and displayed requirements were already per craft.
White Purse,white purse,0,1,Coin Purse,coin purse,20400,1,1,user-supplied Workshop paste,2026-08-31,normalized_pending_reconciliation,At least one displayed inventory amount was below the one-craft requirement so the UI craft quantity was 0 and displayed requirements were already per craft.
White Purse,white purse,0,2,White Dye,white dye,0,1,1,user-supplied Workshop paste,2026-08-31,normalized_pending_reconciliation,At least one displayed inventory amount was below the one-craft requirement so the UI craft quantity was 0 and displayed requirements were already per craft.
White Scarf,white scarf,0,1,Yarn,yarn,32180,2,2,user-supplied Workshop paste,2026-08-31,normalized_pending_reconciliation,At least one displayed inventory amount was below the one-craft requirement so the UI craft quantity was 0 and displayed requirements were already per craft.
White Scarf,white scarf,0,2,White Dye,white dye,0,1,1,user-supplied Workshop paste,2026-08-31,normalized_pending_reconciliation,At least one displayed inventory amount was below the one-craft requirement so the UI craft quantity was 0 and displayed requirements were already per craft.
White Shirt,white shirt,0,1,Cloth,cloth,4,10,10,user-supplied Workshop paste,2026-08-31,normalized_pending_reconciliation,At least one displayed inventory amount was below the one-craft requirement so the UI craft quantity was 0 and displayed requirements were already per craft.
White Shirt,white shirt,0,2,Sewing Needle,sewing needle,31146,1,1,user-supplied Workshop paste,2026-08-31,normalized_pending_reconciliation,At least one displayed inventory amount was below the one-craft requirement so the UI craft quantity was 0 and displayed requirements were already per craft.
White Shirt,white shirt,0,3,White Dye,white dye,0,1,1,user-supplied Workshop paste,2026-08-31,normalized_pending_reconciliation,At least one displayed inventory amount was below the one-craft requirement so the UI craft quantity was 0 and displayed requirements were already per craft.
White Twine,white twine,0,1,Twine,twine,1,1,1,user-supplied Workshop paste,2026-08-31,normalized_pending_reconciliation,At least one displayed inventory amount was below the one-craft requirement so the UI craft quantity was 0 and displayed requirements were already per craft.
White Twine,white twine,0,2,White Dye,white dye,0,1,1,user-supplied Workshop paste,2026-08-31,normalized_pending_reconciliation,At least one displayed inventory amount was below the one-craft requirement so the UI craft quantity was 0 and displayed requirements were already per craft.
Wizard Hat,wizard hat,0,1,Purple Flower,purple flower,9,10,10,user-supplied Workshop paste,2026-08-31,normalized_pending_reconciliation,At least one displayed inventory amount was below the one-craft requirement so the UI craft quantity was 0 and displayed requirements were already per craft.
Wizard Hat,wizard hat,0,2,Twine,twine,1,3,3,user-supplied Workshop paste,2026-08-31,normalized_pending_reconciliation,At least one displayed inventory amount was below the one-craft requirement so the UI craft quantity was 0 and displayed requirements were already per craft.
Wizard Hat,wizard hat,0,3,Leather,leather,1,2,2,user-supplied Workshop paste,2026-08-31,normalized_pending_reconciliation,At least one displayed inventory amount was below the one-craft requirement so the UI craft quantity was 0 and displayed requirements were already per craft.
Wood Planer,wood planer,0,1,Small Bolt,small bolt,1,3,3,user-supplied Workshop paste,2026-08-31,normalized_pending_reconciliation,At least one displayed inventory amount was below the one-craft requirement so the UI craft quantity was 0 and displayed requirements were already per craft.
Wood Planer,wood planer,0,2,Wood,wood,0,2,2,user-supplied Workshop paste,2026-08-31,normalized_pending_reconciliation,At least one displayed inventory amount was below the one-craft requirement so the UI craft quantity was 0 and displayed requirements were already per craft.
Wood Planer,wood planer,0,3,Iron,iron,32180,1,1,user-supplied Workshop paste,2026-08-31,normalized_pending_reconciliation,At least one displayed inventory amount was below the one-craft requirement so the UI craft quantity was 0 and displayed requirements were already per craft.
Wood Planer,wood planer,0,4,Steel,steel,11092,1,1,user-supplied Workshop paste,2026-08-31,normalized_pending_reconciliation,At least one displayed inventory amount was below the one-craft requirement so the UI craft quantity was 0 and displayed requirements were already per craft.
Wood Planer,wood planer,0,5,Moonstone,moonstone,24726,1,1,user-supplied Workshop paste,2026-08-31,normalized_pending_reconciliation,At least one displayed inventory amount was below the one-craft requirement so the UI craft quantity was 0 and displayed requirements were already per craft.
Wooden Bow,wooden bow,0,1,Wood,wood,0,4,4,user-supplied Workshop paste,2026-08-31,normalized_pending_reconciliation,At least one displayed inventory amount was below the one-craft requirement so the UI craft quantity was 0 and displayed requirements were already per craft.
Wooden Bow,wooden bow,0,2,Iron,iron,32180,2,2,user-supplied Workshop paste,2026-08-31,normalized_pending_reconciliation,At least one displayed inventory amount was below the one-craft requirement so the UI craft quantity was 0 and displayed requirements were already per craft.
Wooden Bow,wooden bow,0,3,Twine,twine,1,2,2,user-supplied Workshop paste,2026-08-31,normalized_pending_reconciliation,At least one displayed inventory amount was below the one-craft requirement so the UI craft quantity was 0 and displayed requirements were already per craft.
Wooden Bow,wooden bow,0,4,Fern Leaf,fern leaf,1,1,1,user-supplied Workshop paste,2026-08-31,normalized_pending_reconciliation,At least one displayed inventory amount was below the one-craft requirement so the UI craft quantity was 0 and displayed requirements were already per craft.
Wooden Button,wooden button,0,1,Wood,wood,0,1,1,user-supplied Workshop paste,2026-08-31,normalized_pending_reconciliation,At least one displayed inventory amount was below the one-craft requirement so the UI craft quantity was 0 and displayed requirements were already per craft.
Wooden Button,wooden button,0,2,Awl,awl,32180,1,1,user-supplied Workshop paste,2026-08-31,normalized_pending_reconciliation,At least one displayed inventory amount was below the one-craft requirement so the UI craft quantity was 0 and displayed requirements were already per craft.
Wooden Footstool,wooden footstool,0,1,Small Bolt,small bolt,1,8,8,user-supplied Workshop paste,2026-08-31,normalized_pending_reconciliation,At least one displayed inventory amount was below the one-craft requirement so the UI craft quantity was 0 and displayed requirements were already per craft.
Wooden Footstool,wooden footstool,0,2,Wood,wood,0,4,4,user-supplied Workshop paste,2026-08-31,normalized_pending_reconciliation,At least one displayed inventory amount was below the one-craft requirement so the UI craft quantity was 0 and displayed requirements were already per craft.
Wooden Footstool,wooden footstool,0,3,Nailed Board,nailed board,32180,4,4,user-supplied Workshop paste,2026-08-31,normalized_pending_reconciliation,At least one displayed inventory amount was below the one-craft requirement so the UI craft quantity was 0 and displayed requirements were already per craft.
Wooden Footstool,wooden footstool,0,4,Wooden Plank,wooden plank,32180,1,1,user-supplied Workshop paste,2026-08-31,normalized_pending_reconciliation,At least one displayed inventory amount was below the one-craft requirement so the UI craft quantity was 0 and displayed requirements were already per craft.
Wooden Footstool,wooden footstool,0,5,Wrench,wrench,7444,1,1,user-supplied Workshop paste,2026-08-31,normalized_pending_reconciliation,At least one displayed inventory amount was below the one-craft requirement so the UI craft quantity was 0 and displayed requirements were already per craft.
Wooden Spear,wooden spear,0,1,Twine,twine,1,2,2,user-supplied Workshop paste,2026-08-31,normalized_pending_reconciliation,At least one displayed inventory amount was below the one-craft requirement so the UI craft quantity was 0 and displayed requirements were already per craft.
Wooden Spear,wooden spear,0,2,Wood,wood,0,1,1,user-supplied Workshop paste,2026-08-31,normalized_pending_reconciliation,At least one displayed inventory amount was below the one-craft requirement so the UI craft quantity was 0 and displayed requirements were already per craft.
Wooden Spear,wooden spear,0,3,Arrowhead,arrowhead,13549,1,1,user-supplied Workshop paste,2026-08-31,normalized_pending_reconciliation,At least one displayed inventory amount was below the one-craft requirement so the UI craft quantity was 0 and displayed requirements were already per craft.
Wooden Sword,wooden sword,0,1,Twine,twine,1,4,4,user-supplied Workshop paste,2026-08-31,normalized_pending_reconciliation,At least one displayed inventory amount was below the one-craft requirement so the UI craft quantity was 0 and displayed requirements were already per craft.
Wooden Sword,wooden sword,0,2,Iron,iron,32180,2,2,user-supplied Workshop paste,2026-08-31,normalized_pending_reconciliation,At least one displayed inventory amount was below the one-craft requirement so the UI craft quantity was 0 and displayed requirements were already per craft.
Wooden Sword,wooden sword,0,3,Board,board,32180,1,1,user-supplied Workshop paste,2026-08-31,normalized_pending_reconciliation,At least one displayed inventory amount was below the one-craft requirement so the UI craft quantity was 0 and displayed requirements were already per craft.
Wrench,wrench,0,1,Emberstone,emberstone,0,5,5,user-supplied Workshop paste,2026-08-31,normalized_pending_reconciliation,At least one displayed inventory amount was below the one-craft requirement so the UI craft quantity was 0 and displayed requirements were already per craft.
Wrench,wrench,0,2,Steel,steel,11092,1,1,user-supplied Workshop paste,2026-08-31,normalized_pending_reconciliation,At least one displayed inventory amount was below the one-craft requirement so the UI craft quantity was 0 and displayed requirements were already per craft.
Yarn,yarn,0,1,Twine,twine,1,4,4,user-supplied Workshop paste,2026-08-31,normalized_pending_reconciliation,At least one displayed inventory amount was below the one-craft requirement so the UI craft quantity was 0 and displayed requirements were already per craft.
Yellow Shirt,yellow shirt,0,1,Cloth,cloth,4,10,10,user-supplied Workshop paste,2026-08-31,normalized_pending_reconciliation,At least one displayed inventory amount was below the one-craft requirement so the UI craft quantity was 0 and displayed requirements were already per craft.
Yellow Shirt,yellow shirt,0,2,Sewing Needle,sewing needle,31146,1,1,user-supplied Workshop paste,2026-08-31,normalized_pending_reconciliation,At least one displayed inventory amount was below the one-craft requirement so the UI craft quantity was 0 and displayed requirements were already per craft.
Yellow Shirt,yellow shirt,0,3,Yellow Dye,yellow dye,32180,1,1,user-supplied Workshop paste,2026-08-31,normalized_pending_reconciliation,At least one displayed inventory amount was below the one-craft requirement so the UI craft quantity was 0 and displayed requirements were already per craft.
