museum_category,category_key,slot_index,item_name,canonical_key,obtainable,review_status,source,notes
Crops,crops,1,Beet,beet,Y,source_parsed,planning/museum-full-raw-sample-2026-05-12.txt,Seeded from reviewed raw full museum sample; use only when category slot count matches personal export.
Crops,crops,2,Broccoli,broccoli,Y,source_parsed,planning/museum-full-raw-sample-2026-05-12.txt,Seeded from reviewed raw full museum sample; use only when category slot count matches personal export.
Crops,crops,3,Cabbage,cabbage,Y,source_parsed,planning/museum-full-raw-sample-2026-05-12.txt,Seeded from reviewed raw full museum sample; use only when category slot count matches personal export.
Crops,crops,4,Carrot,carrot,Y,source_parsed,planning/museum-full-raw-sample-2026-05-12.txt,Seeded from reviewed raw full museum sample; use only when category slot count matches personal export.
Crops,crops,5,Corn,corn,Y,source_parsed,planning/museum-full-raw-sample-2026-05-12.txt,Seeded from reviewed raw full museum sample; use only when category slot count matches personal export.
Crops,crops,6,Cotton,cotton,Y,source_parsed,planning/museum-full-raw-sample-2026-05-12.txt,Seeded from reviewed raw full museum sample; use only when category slot count matches personal export.
Crops,crops,7,Cucumber,cucumber,Y,source_parsed,planning/museum-full-raw-sample-2026-05-12.txt,Seeded from reviewed raw full museum sample; use only when category slot count matches personal export.
Crops,crops,8,Eggplant,eggplant,Y,source_parsed,planning/museum-full-raw-sample-2026-05-12.txt,Seeded from reviewed raw full museum sample; use only when category slot count matches personal export.
Crops,crops,9,Frozen Cabbage,frozen cabbage,Y,source_parsed,planning/museum-full-raw-sample-2026-05-12.txt,Seeded from reviewed raw full museum sample; use only when category slot count matches personal export.
Crops,crops,10,Frozen Corn,frozen corn,Y,source_parsed,planning/museum-full-raw-sample-2026-05-12.txt,Seeded from reviewed raw full museum sample; use only when category slot count matches personal export.
Crops,crops,11,Frozen Hops,frozen hops,Y,source_parsed,planning/museum-full-raw-sample-2026-05-12.txt,Seeded from reviewed raw full museum sample; use only when category slot count matches personal export.
Crops,crops,12,Frozen Peas,frozen peas,Y,source_parsed,planning/museum-full-raw-sample-2026-05-12.txt,Seeded from reviewed raw full museum sample; use only when category slot count matches personal export.
Crops,crops,13,Frozen Pine,frozen pine,Y,source_parsed,planning/museum-full-raw-sample-2026-05-12.txt,Seeded from reviewed raw full museum sample; use only when category slot count matches personal export.
Crops,crops,14,Frozen Radish,frozen radish,Y,source_parsed,planning/museum-full-raw-sample-2026-05-12.txt,Seeded from reviewed raw full museum sample; use only when category slot count matches personal export.
Crops,crops,15,Frozen Tomato,frozen tomato,Y,source_parsed,planning/museum-full-raw-sample-2026-05-12.txt,Seeded from reviewed raw full museum sample; use only when category slot count matches personal export.
Crops,crops,16,Gold Carrot,gold carrot,Y,source_parsed,planning/museum-full-raw-sample-2026-05-12.txt,Seeded from reviewed raw full museum sample; use only when category slot count matches personal export.
Crops,crops,17,Gold Cucumber,gold cucumber,Y,source_parsed,planning/museum-full-raw-sample-2026-05-12.txt,Seeded from reviewed raw full museum sample; use only when category slot count matches personal export.
Crops,crops,18,Gold Eggplant,gold eggplant,Y,source_parsed,planning/museum-full-raw-sample-2026-05-12.txt,Seeded from reviewed raw full museum sample; use only when category slot count matches personal export.
Crops,crops,19,Gold Peas,gold peas,Y,source_parsed,planning/museum-full-raw-sample-2026-05-12.txt,Seeded from reviewed raw full museum sample; use only when category slot count matches personal export.
Crops,crops,20,Gold Peppers,gold peppers,Y,source_parsed,planning/museum-full-raw-sample-2026-05-12.txt,Seeded from reviewed raw full museum sample; use only when category slot count matches personal export.
Crops,crops,21,Hops,hops,Y,source_parsed,planning/museum-full-raw-sample-2026-05-12.txt,Seeded from reviewed raw full museum sample; use only when category slot count matches personal export.
Crops,crops,22,Leek,leek,Y,source_parsed,planning/museum-full-raw-sample-2026-05-12.txt,Seeded from reviewed raw full museum sample; use only when category slot count matches personal export.
Crops,crops,23,Onion,onion,Y,source_parsed,planning/museum-full-raw-sample-2026-05-12.txt,Seeded from reviewed raw full museum sample; use only when category slot count matches personal export.
Crops,crops,24,Peas,peas,Y,source_parsed,planning/museum-full-raw-sample-2026-05-12.txt,Seeded from reviewed raw full museum sample; use only when category slot count matches personal export.
Crops,crops,25,Peppers,peppers,Y,source_parsed,planning/museum-full-raw-sample-2026-05-12.txt,Seeded from reviewed raw full museum sample; use only when category slot count matches personal export.
Crops,crops,26,Pine Tree,pine tree,Y,source_parsed,planning/museum-full-raw-sample-2026-05-12.txt,Seeded from reviewed raw full museum sample; use only when category slot count matches personal export.
Crops,crops,27,Potato,potato,Y,source_parsed,planning/museum-full-raw-sample-2026-05-12.txt,Seeded from reviewed raw full museum sample; use only when category slot count matches personal export.
Crops,crops,28,Pumpkin,pumpkin,Y,source_parsed,planning/museum-full-raw-sample-2026-05-12.txt,Seeded from reviewed raw full museum sample; use only when category slot count matches personal export.
Crops,crops,29,Radish,radish,Y,source_parsed,planning/museum-full-raw-sample-2026-05-12.txt,Seeded from reviewed raw full museum sample; use only when category slot count matches personal export.
Crops,crops,30,Rice,rice,Y,source_parsed,planning/museum-full-raw-sample-2026-05-12.txt,Seeded from reviewed raw full museum sample; use only when category slot count matches personal export.
Crops,crops,31,Sugar Cane,sugar cane,Y,source_parsed,planning/museum-full-raw-sample-2026-05-12.txt,Seeded from reviewed raw full museum sample; use only when category slot count matches personal export.
Crops,crops,32,Sunflower,sunflower,Y,source_parsed,planning/museum-full-raw-sample-2026-05-12.txt,Seeded from reviewed raw full museum sample; use only when category slot count matches personal export.
Crops,crops,33,Tomato,tomato,Y,source_parsed,planning/museum-full-raw-sample-2026-05-12.txt,Seeded from reviewed raw full museum sample; use only when category slot count matches personal export.
Crops,crops,34,Watermelon,watermelon,Y,source_parsed,planning/museum-full-raw-sample-2026-05-12.txt,Seeded from reviewed raw full museum sample; use only when category slot count matches personal export.
Crops,crops,35,Wheat,wheat,Y,source_parsed,planning/museum-full-raw-sample-2026-05-12.txt,Seeded from reviewed raw full museum sample; use only when category slot count matches personal export.
Fish,fish,1,Anglerfish,anglerfish,Y,source_parsed,planning/museum-full-raw-sample-2026-05-12.txt,Seeded from reviewed raw full museum sample; use only when category slot count matches personal export.
Fish,fish,2,Barracuda,barracuda,Y,source_parsed,planning/museum-full-raw-sample-2026-05-12.txt,Seeded from reviewed raw full museum sample; use only when category slot count matches personal export.
Fish,fish,3,Blubberfish,blubberfish,Y,source_parsed,planning/museum-full-raw-sample-2026-05-12.txt,Seeded from reviewed raw full museum sample; use only when category slot count matches personal export.
Fish,fish,4,Blue Catfish,blue catfish,Y,source_parsed,planning/museum-full-raw-sample-2026-05-12.txt,Seeded from reviewed raw full museum sample; use only when category slot count matches personal export.
Fish,fish,5,Blue Crab,blue crab,Y,source_parsed,planning/museum-full-raw-sample-2026-05-12.txt,Seeded from reviewed raw full museum sample; use only when category slot count matches personal export.
Fish,fish,6,Blue Sea Bass,blue sea bass,Y,source_parsed,planning/museum-full-raw-sample-2026-05-12.txt,Seeded from reviewed raw full museum sample; use only when category slot count matches personal export.
Fish,fish,7,Blue Shell,blue shell,Y,source_parsed,planning/museum-full-raw-sample-2026-05-12.txt,Seeded from reviewed raw full museum sample; use only when category slot count matches personal export.
Fish,fish,8,Blue Tiger Fish,blue tiger fish,Y,source_parsed,planning/museum-full-raw-sample-2026-05-12.txt,Seeded from reviewed raw full museum sample; use only when category slot count matches personal export.
Fish,fish,9,Bluegill,bluegill,Y,source_parsed,planning/museum-full-raw-sample-2026-05-12.txt,Seeded from reviewed raw full museum sample; use only when category slot count matches personal export.
Fish,fish,10,Bog Barnacle,bog barnacle,Y,source_parsed,planning/museum-full-raw-sample-2026-05-12.txt,Seeded from reviewed raw full museum sample; use only when category slot count matches personal export.
Fish,fish,11,Boghead Snapper,boghead snapper,Y,source_parsed,planning/museum-full-raw-sample-2026-05-12.txt,Seeded from reviewed raw full museum sample; use only when category slot count matches personal export.
Fish,fish,12,Bone Fish,bone fish,Y,source_parsed,planning/museum-full-raw-sample-2026-05-12.txt,Seeded from reviewed raw full museum sample; use only when category slot count matches personal export.
Fish,fish,13,Bullfish,bullfish,Y,source_parsed,planning/museum-full-raw-sample-2026-05-12.txt,Seeded from reviewed raw full museum sample; use only when category slot count matches personal export.
Fish,fish,14,Carp,carp,Y,source_parsed,planning/museum-full-raw-sample-2026-05-12.txt,Seeded from reviewed raw full museum sample; use only when category slot count matches personal export.
Fish,fish,15,Catfish,catfish,Y,source_parsed,planning/museum-full-raw-sample-2026-05-12.txt,Seeded from reviewed raw full museum sample; use only when category slot count matches personal export.
Fish,fish,16,Clam Shell,clam shell,Y,source_parsed,planning/museum-full-raw-sample-2026-05-12.txt,Seeded from reviewed raw full museum sample; use only when category slot count matches personal export.
Fish,fish,17,Clownfish,clownfish,Y,source_parsed,planning/museum-full-raw-sample-2026-05-12.txt,Seeded from reviewed raw full museum sample; use only when category slot count matches personal export.
Fish,fish,18,Conch Shell,conch shell,Y,source_parsed,planning/museum-full-raw-sample-2026-05-12.txt,Seeded from reviewed raw full museum sample; use only when category slot count matches personal export.
Fish,fish,19,Crab,crab,Y,source_parsed,planning/museum-full-raw-sample-2026-05-12.txt,Seeded from reviewed raw full museum sample; use only when category slot count matches personal export.
Fish,fish,20,Crappie,crappie,Y,source_parsed,planning/museum-full-raw-sample-2026-05-12.txt,Seeded from reviewed raw full museum sample; use only when category slot count matches personal export.
Fish,fish,21,Crowfish,crowfish,Y,source_parsed,planning/museum-full-raw-sample-2026-05-12.txt,Seeded from reviewed raw full museum sample; use only when category slot count matches personal export.
Fish,fish,22,Drum,drum,Y,source_parsed,planning/museum-full-raw-sample-2026-05-12.txt,Seeded from reviewed raw full museum sample; use only when category slot count matches personal export.
Fish,fish,23,Fish Bones,fish bones,Y,source_parsed,planning/museum-full-raw-sample-2026-05-12.txt,Seeded from reviewed raw full museum sample; use only when category slot count matches personal export.
Fish,fish,24,Flamejack,flamejack,Y,source_parsed,planning/museum-full-raw-sample-2026-05-12.txt,Seeded from reviewed raw full museum sample; use only when category slot count matches personal export.
Fish,fish,25,Flarefin,flarefin,Y,source_parsed,planning/museum-full-raw-sample-2026-05-12.txt,Seeded from reviewed raw full museum sample; use only when category slot count matches personal export.
Fish,fish,26,Flier,flier,Y,source_parsed,planning/museum-full-raw-sample-2026-05-12.txt,Seeded from reviewed raw full museum sample; use only when category slot count matches personal export.
Fish,fish,27,Fluorifish,fluorifish,Y,source_parsed,planning/museum-full-raw-sample-2026-05-12.txt,Seeded from reviewed raw full museum sample; use only when category slot count matches personal export.
Fish,fish,28,Frosteye,frosteye,Y,source_parsed,planning/museum-full-raw-sample-2026-05-12.txt,Seeded from reviewed raw full museum sample; use only when category slot count matches personal export.
Fish,fish,29,Giant Squid,giant squid,Y,source_parsed,planning/museum-full-raw-sample-2026-05-12.txt,Seeded from reviewed raw full museum sample; use only when category slot count matches personal export.
Fish,fish,30,Glass Eye Urchin,glass eye urchin,Y,source_parsed,planning/museum-full-raw-sample-2026-05-12.txt,Seeded from reviewed raw full museum sample; use only when category slot count matches personal export.
Fish,fish,31,Glassback,glassback,Y,source_parsed,planning/museum-full-raw-sample-2026-05-12.txt,Seeded from reviewed raw full museum sample; use only when category slot count matches personal export.
Fish,fish,32,Globber,globber,Y,source_parsed,planning/museum-full-raw-sample-2026-05-12.txt,Seeded from reviewed raw full museum sample; use only when category slot count matches personal export.
Fish,fish,33,Gold Catfish,gold catfish,Y,source_parsed,planning/museum-full-raw-sample-2026-05-12.txt,Seeded from reviewed raw full museum sample; use only when category slot count matches personal export.
Fish,fish,34,Gold Coral,gold coral,Y,source_parsed,planning/museum-full-raw-sample-2026-05-12.txt,Seeded from reviewed raw full museum sample; use only when category slot count matches personal export.
Fish,fish,35,Gold Crab,gold crab,Y,source_parsed,planning/museum-full-raw-sample-2026-05-12.txt,Seeded from reviewed raw full museum sample; use only when category slot count matches personal export.
Fish,fish,36,Gold Drum,gold drum,Y,source_parsed,planning/museum-full-raw-sample-2026-05-12.txt,Seeded from reviewed raw full museum sample; use only when category slot count matches personal export.
Fish,fish,37,Gold Flier,gold flier,Y,source_parsed,planning/museum-full-raw-sample-2026-05-12.txt,Seeded from reviewed raw full museum sample; use only when category slot count matches personal export.
Fish,fish,38,Gold Jelly,gold jelly,Y,source_parsed,planning/museum-full-raw-sample-2026-05-12.txt,Seeded from reviewed raw full museum sample; use only when category slot count matches personal export.
Fish,fish,39,Gold Sea Bass,gold sea bass,Y,source_parsed,planning/museum-full-raw-sample-2026-05-12.txt,Seeded from reviewed raw full museum sample; use only when category slot count matches personal export.
Fish,fish,40,Gold Sea Crest,gold sea crest,Y,source_parsed,planning/museum-full-raw-sample-2026-05-12.txt,Seeded from reviewed raw full museum sample; use only when category slot count matches personal export.
Fish,fish,41,Gold Slimeback,gold slimeback,Y,source_parsed,planning/museum-full-raw-sample-2026-05-12.txt,Seeded from reviewed raw full museum sample; use only when category slot count matches personal export.
Fish,fish,42,Gold Trout,gold trout,Y,source_parsed,planning/museum-full-raw-sample-2026-05-12.txt,Seeded from reviewed raw full museum sample; use only when category slot count matches personal export.
Fish,fish,43,Goldfin,goldfin,Y,source_parsed,planning/museum-full-raw-sample-2026-05-12.txt,Seeded from reviewed raw full museum sample; use only when category slot count matches personal export.
Fish,fish,44,Goldfish,goldfish,Y,source_parsed,planning/museum-full-raw-sample-2026-05-12.txt,Seeded from reviewed raw full museum sample; use only when category slot count matches personal export.
Fish,fish,45,Goldgill,goldgill,Y,source_parsed,planning/museum-full-raw-sample-2026-05-12.txt,Seeded from reviewed raw full museum sample; use only when category slot count matches personal export.
Fish,fish,46,Goldjack,goldjack,Y,source_parsed,planning/museum-full-raw-sample-2026-05-12.txt,Seeded from reviewed raw full museum sample; use only when category slot count matches personal export.
Fish,fish,47,Goldray,goldray,Y,source_parsed,planning/museum-full-raw-sample-2026-05-12.txt,Seeded from reviewed raw full museum sample; use only when category slot count matches personal export.
Fish,fish,48,Green Barracuda,green barracuda,Y,source_parsed,planning/museum-full-raw-sample-2026-05-12.txt,Seeded from reviewed raw full museum sample; use only when category slot count matches personal export.
Fish,fish,49,Green Chromis,green chromis,Y,source_parsed,planning/museum-full-raw-sample-2026-05-12.txt,Seeded from reviewed raw full museum sample; use only when category slot count matches personal export.
Fish,fish,50,Green Jellyfish,green jellyfish,Y,source_parsed,planning/museum-full-raw-sample-2026-05-12.txt,Seeded from reviewed raw full museum sample; use only when category slot count matches personal export.
Fish,fish,51,Ice Shark,ice shark,Y,source_parsed,planning/museum-full-raw-sample-2026-05-12.txt,Seeded from reviewed raw full museum sample; use only when category slot count matches personal export.
Fish,fish,52,Jellyfish,jellyfish,Y,source_parsed,planning/museum-full-raw-sample-2026-05-12.txt,Seeded from reviewed raw full museum sample; use only when category slot count matches personal export.
Fish,fish,53,Jumbo Fish,jumbo fish,Y,source_parsed,planning/museum-full-raw-sample-2026-05-12.txt,Seeded from reviewed raw full museum sample; use only when category slot count matches personal export.
Fish,fish,54,Large Clam Shell,large clam shell,Y,source_parsed,planning/museum-full-raw-sample-2026-05-12.txt,Seeded from reviewed raw full museum sample; use only when category slot count matches personal export.
Fish,fish,55,Largemouth Bass,largemouth bass,Y,source_parsed,planning/museum-full-raw-sample-2026-05-12.txt,Seeded from reviewed raw full museum sample; use only when category slot count matches personal export.
Fish,fish,56,Lobster,lobster,Y,source_parsed,planning/museum-full-raw-sample-2026-05-12.txt,Seeded from reviewed raw full museum sample; use only when category slot count matches personal export.
Fish,fish,57,Mackerel,mackerel,Y,source_parsed,planning/museum-full-raw-sample-2026-05-12.txt,Seeded from reviewed raw full museum sample; use only when category slot count matches personal export.
Fish,fish,58,Magenta Growth,magenta growth,Y,source_parsed,planning/museum-full-raw-sample-2026-05-12.txt,Seeded from reviewed raw full museum sample; use only when category slot count matches personal export.
Fish,fish,59,Magic Conch Shell,magic conch shell,Y,source_parsed,planning/museum-full-raw-sample-2026-05-12.txt,Seeded from reviewed raw full museum sample; use only when category slot count matches personal export.
Fish,fish,60,Marlin,marlin,Y,source_parsed,planning/museum-full-raw-sample-2026-05-12.txt,Seeded from reviewed raw full museum sample; use only when category slot count matches personal export.
Fish,fish,61,Mini Slime Squid,mini slime squid,Y,source_parsed,planning/museum-full-raw-sample-2026-05-12.txt,Seeded from reviewed raw full museum sample; use only when category slot count matches personal export.
Fish,fish,62,Mulberry Snapper,mulberry snapper,Y,source_parsed,planning/museum-full-raw-sample-2026-05-12.txt,Seeded from reviewed raw full museum sample; use only when category slot count matches personal export.
Fish,fish,63,Mussel,mussel,Y,source_parsed,planning/museum-full-raw-sample-2026-05-12.txt,Seeded from reviewed raw full museum sample; use only when category slot count matches personal export.
Fish,fish,64,Octopus,octopus,Y,source_parsed,planning/museum-full-raw-sample-2026-05-12.txt,Seeded from reviewed raw full museum sample; use only when category slot count matches personal export.
Fish,fish,65,Orcafish,orcafish,Y,source_parsed,planning/museum-full-raw-sample-2026-05-12.txt,Seeded from reviewed raw full museum sample; use only when category slot count matches personal export.
Fish,fish,66,Pearl,pearl,Y,source_parsed,planning/museum-full-raw-sample-2026-05-12.txt,Seeded from reviewed raw full museum sample; use only when category slot count matches personal export.
Fish,fish,67,Plumbfish,plumbfish,Y,source_parsed,planning/museum-full-raw-sample-2026-05-12.txt,Seeded from reviewed raw full museum sample; use only when category slot count matches personal export.
Fish,fish,68,Puffer,puffer,Y,source_parsed,planning/museum-full-raw-sample-2026-05-12.txt,Seeded from reviewed raw full museum sample; use only when category slot count matches personal export.
Fish,fish,69,Purple Butterfly Fish,purple butterfly fish,Y,source_parsed,planning/museum-full-raw-sample-2026-05-12.txt,Seeded from reviewed raw full museum sample; use only when category slot count matches personal export.
Fish,fish,70,Reaver Claw,reaver claw,Y,source_parsed,planning/museum-full-raw-sample-2026-05-12.txt,Seeded from reviewed raw full museum sample; use only when category slot count matches personal export.
Fish,fish,71,Red Starfish,red starfish,Y,source_parsed,planning/museum-full-raw-sample-2026-05-12.txt,Seeded from reviewed raw full museum sample; use only when category slot count matches personal export.
Fish,fish,72,Redgill,redgill,Y,source_parsed,planning/museum-full-raw-sample-2026-05-12.txt,Seeded from reviewed raw full museum sample; use only when category slot count matches personal export.
Fish,fish,73,Ruby Coral,ruby coral,Y,source_parsed,planning/museum-full-raw-sample-2026-05-12.txt,Seeded from reviewed raw full museum sample; use only when category slot count matches personal export.
Fish,fish,74,Ruby Fish,ruby fish,Y,source_parsed,planning/museum-full-raw-sample-2026-05-12.txt,Seeded from reviewed raw full museum sample; use only when category slot count matches personal export.
Fish,fish,75,Sea Catfish,sea catfish,Y,source_parsed,planning/museum-full-raw-sample-2026-05-12.txt,Seeded from reviewed raw full museum sample; use only when category slot count matches personal export.
Fish,fish,76,Sea Crest,sea crest,Y,source_parsed,planning/museum-full-raw-sample-2026-05-12.txt,Seeded from reviewed raw full museum sample; use only when category slot count matches personal export.
Fish,fish,77,Seahorse,seahorse,Y,source_parsed,planning/museum-full-raw-sample-2026-05-12.txt,Seeded from reviewed raw full museum sample; use only when category slot count matches personal export.
Fish,fish,78,Seeker,seeker,Y,source_parsed,planning/museum-full-raw-sample-2026-05-12.txt,Seeded from reviewed raw full museum sample; use only when category slot count matches personal export.
Fish,fish,79,Serpent Eel,serpent eel,Y,source_parsed,planning/museum-full-raw-sample-2026-05-12.txt,Seeded from reviewed raw full museum sample; use only when category slot count matches personal export.
Fish,fish,80,Shinefish,shinefish,Y,source_parsed,planning/museum-full-raw-sample-2026-05-12.txt,Seeded from reviewed raw full museum sample; use only when category slot count matches personal export.
Fish,fish,81,Shrimp,shrimp,Y,source_parsed,planning/museum-full-raw-sample-2026-05-12.txt,Seeded from reviewed raw full museum sample; use only when category slot count matches personal export.
Fish,fish,82,Skipjack,skipjack,Y,source_parsed,planning/museum-full-raw-sample-2026-05-12.txt,Seeded from reviewed raw full museum sample; use only when category slot count matches personal export.
Fish,fish,83,Slime Egg Shell,slime egg shell,Y,source_parsed,planning/museum-full-raw-sample-2026-05-12.txt,Seeded from reviewed raw full museum sample; use only when category slot count matches personal export.
Fish,fish,84,Slimeback,slimeback,Y,source_parsed,planning/museum-full-raw-sample-2026-05-12.txt,Seeded from reviewed raw full museum sample; use only when category slot count matches personal export.
Fish,fish,85,Slobster,slobster,Y,source_parsed,planning/museum-full-raw-sample-2026-05-12.txt,Seeded from reviewed raw full museum sample; use only when category slot count matches personal export.
Fish,fish,86,Small Prawn,small prawn,Y,source_parsed,planning/museum-full-raw-sample-2026-05-12.txt,Seeded from reviewed raw full museum sample; use only when category slot count matches personal export.
Fish,fish,87,Speckled Grouper,speckled grouper,Y,source_parsed,planning/museum-full-raw-sample-2026-05-12.txt,Seeded from reviewed raw full museum sample; use only when category slot count matches personal export.
Fish,fish,88,Spiral Shell,spiral shell,Y,source_parsed,planning/museum-full-raw-sample-2026-05-12.txt,Seeded from reviewed raw full museum sample; use only when category slot count matches personal export.
Fish,fish,89,Splatfish,splatfish,Y,source_parsed,planning/museum-full-raw-sample-2026-05-12.txt,Seeded from reviewed raw full museum sample; use only when category slot count matches personal export.
Fish,fish,90,Starfish,starfish,Y,source_parsed,planning/museum-full-raw-sample-2026-05-12.txt,Seeded from reviewed raw full museum sample; use only when category slot count matches personal export.
Fish,fish,91,Stingray,stingray,Y,source_parsed,planning/museum-full-raw-sample-2026-05-12.txt,Seeded from reviewed raw full museum sample; use only when category slot count matches personal export.
Fish,fish,92,Stone Jelly,stone jelly,Y,source_parsed,planning/museum-full-raw-sample-2026-05-12.txt,Seeded from reviewed raw full museum sample; use only when category slot count matches personal export.
Fish,fish,93,Sunfish,sunfish,Y,source_parsed,planning/museum-full-raw-sample-2026-05-12.txt,Seeded from reviewed raw full museum sample; use only when category slot count matches personal export.
Fish,fish,94,Swamp Gourd,swamp gourd,Y,source_parsed,planning/museum-full-raw-sample-2026-05-12.txt,Seeded from reviewed raw full museum sample; use only when category slot count matches personal export.
Fish,fish,95,Swordfish,swordfish,Y,source_parsed,planning/museum-full-raw-sample-2026-05-12.txt,Seeded from reviewed raw full museum sample; use only when category slot count matches personal export.
Fish,fish,96,Torch Fish,torch fish,Y,source_parsed,planning/museum-full-raw-sample-2026-05-12.txt,Seeded from reviewed raw full museum sample; use only when category slot count matches personal export.
Fish,fish,97,Toxic Tendrils,toxic tendrils,Y,source_parsed,planning/museum-full-raw-sample-2026-05-12.txt,Seeded from reviewed raw full museum sample; use only when category slot count matches personal export.
Fish,fish,98,Trout,trout,Y,source_parsed,planning/museum-full-raw-sample-2026-05-12.txt,Seeded from reviewed raw full museum sample; use only when category slot count matches personal export.
Fish,fish,99,Yellow Perch,yellow perch,Y,source_parsed,planning/museum-full-raw-sample-2026-05-12.txt,Seeded from reviewed raw full museum sample; use only when category slot count matches personal export.
Items,items,1,10 Gold,10 gold,Y,source_parsed,planning/museum-full-raw-sample-2026-05-12.txt,Seeded from reviewed raw full museum sample; use only when category slot count matches personal export.
Items,items,2,100 Gold,100 gold,Y,source_parsed,planning/museum-full-raw-sample-2026-05-12.txt,Seeded from reviewed raw full museum sample; use only when category slot count matches personal export.
Items,items,3,25 Gold,25 gold,Y,source_parsed,planning/museum-full-raw-sample-2026-05-12.txt,Seeded from reviewed raw full museum sample; use only when category slot count matches personal export.
Items,items,4,3-leaf Clover,3-leaf clover,Y,source_parsed,planning/museum-full-raw-sample-2026-05-12.txt,Seeded from reviewed raw full museum sample; use only when category slot count matches personal export.
Items,items,5,4-leaf Clover,4-leaf clover,Y,source_parsed,planning/museum-full-raw-sample-2026-05-12.txt,Seeded from reviewed raw full museum sample; use only when category slot count matches personal export.
Items,items,6,5 Gold,5 gold,Y,source_parsed,planning/museum-full-raw-sample-2026-05-12.txt,Seeded from reviewed raw full museum sample; use only when category slot count matches personal export.
Items,items,7,50 Gold,50 gold,Y,source_parsed,planning/museum-full-raw-sample-2026-05-12.txt,Seeded from reviewed raw full museum sample; use only when category slot count matches personal export.
Items,items,8,Acorn,acorn,Y,source_parsed,planning/museum-full-raw-sample-2026-05-12.txt,Seeded from reviewed raw full museum sample; use only when category slot count matches personal export.
Items,items,9,Acorn Butter,acorn butter,Y,source_parsed,planning/museum-full-raw-sample-2026-05-12.txt,Seeded from reviewed raw full museum sample; use only when category slot count matches personal export.
Items,items,10,Adventure Buddy Doll,adventure buddy doll,Y,source_parsed,planning/museum-full-raw-sample-2026-05-12.txt,Seeded from reviewed raw full museum sample; use only when category slot count matches personal export.
Items,items,11,Amber,amber,Y,source_parsed,planning/museum-full-raw-sample-2026-05-12.txt,Seeded from reviewed raw full museum sample; use only when category slot count matches personal export.
Items,items,12,Amber Cane,amber cane,Y,source_parsed,planning/museum-full-raw-sample-2026-05-12.txt,Seeded from reviewed raw full museum sample; use only when category slot count matches personal export.
Items,items,13,Amber Mire Bloom,amber mire bloom,Y,source_parsed,planning/museum-full-raw-sample-2026-05-12.txt,Seeded from reviewed raw full museum sample; use only when category slot count matches personal export.
Items,items,14,Amethyst,amethyst,Y,source_parsed,planning/museum-full-raw-sample-2026-05-12.txt,Seeded from reviewed raw full museum sample; use only when category slot count matches personal export.
Items,items,15,Amethyst Necklace,amethyst necklace,Y,source_parsed,planning/museum-full-raw-sample-2026-05-12.txt,Seeded from reviewed raw full museum sample; use only when category slot count matches personal export.
Items,items,16,Anchor,anchor,Y,source_parsed,planning/museum-full-raw-sample-2026-05-12.txt,Seeded from reviewed raw full museum sample; use only when category slot count matches personal export.
Items,items,17,Ancient Coin,ancient coin,Y,source_parsed,planning/museum-full-raw-sample-2026-05-12.txt,Seeded from reviewed raw full museum sample; use only when category slot count matches personal export.
Items,items,18,Ancient Treasure Belt,ancient treasure belt,Y,source_parsed,planning/museum-full-raw-sample-2026-05-12.txt,Seeded from reviewed raw full museum sample; use only when category slot count matches personal export.
Items,items,19,Antler,antler,Y,source_parsed,planning/museum-full-raw-sample-2026-05-12.txt,Seeded from reviewed raw full museum sample; use only when category slot count matches personal export.
Items,items,20,Apple,apple,Y,source_parsed,planning/museum-full-raw-sample-2026-05-12.txt,Seeded from reviewed raw full museum sample; use only when category slot count matches personal export.
Items,items,21,Apple Ant Buddy Doll,apple ant buddy doll,Y,source_parsed,planning/museum-full-raw-sample-2026-05-12.txt,Seeded from reviewed raw full museum sample; use only when category slot count matches personal export.
Items,items,22,Apple Basket,apple basket,Y,source_parsed,planning/museum-full-raw-sample-2026-05-12.txt,Seeded from reviewed raw full museum sample; use only when category slot count matches personal export.
Items,items,23,Apple Belt,apple belt,Y,source_parsed,planning/museum-full-raw-sample-2026-05-12.txt,Seeded from reviewed raw full museum sample; use only when category slot count matches personal export.
Items,items,24,Apple Buddy Doll,apple buddy doll,Y,source_parsed,planning/museum-full-raw-sample-2026-05-12.txt,Seeded from reviewed raw full museum sample; use only when category slot count matches personal export.
Items,items,25,Apple Cider,apple cider,Y,source_parsed,planning/museum-full-raw-sample-2026-05-12.txt,Seeded from reviewed raw full museum sample; use only when category slot count matches personal export.
Items,items,26,Apple Core,apple core,Y,source_parsed,planning/museum-full-raw-sample-2026-05-12.txt,Seeded from reviewed raw full museum sample; use only when category slot count matches personal export.
Items,items,27,Apple Crate 01,apple crate 01,Y,source_parsed,planning/museum-full-raw-sample-2026-05-12.txt,Seeded from reviewed raw full museum sample; use only when category slot count matches personal export.
Items,items,28,Apple Crate 02,apple crate 02,Y,source_parsed,planning/museum-full-raw-sample-2026-05-12.txt,Seeded from reviewed raw full museum sample; use only when category slot count matches personal export.
Items,items,29,Apple Picker,apple picker,Y,source_parsed,planning/museum-full-raw-sample-2026-05-12.txt,Seeded from reviewed raw full museum sample; use only when category slot count matches personal export.
Items,items,30,Apple Slice,apple slice,Y,source_parsed,planning/museum-full-raw-sample-2026-05-12.txt,Seeded from reviewed raw full museum sample; use only when category slot count matches personal export.
Items,items,31,Apple Slicer,apple slicer,Y,source_parsed,planning/museum-full-raw-sample-2026-05-12.txt,Seeded from reviewed raw full museum sample; use only when category slot count matches personal export.
Items,items,32,Apple Turnover,apple turnover,Y,source_parsed,planning/museum-full-raw-sample-2026-05-12.txt,Seeded from reviewed raw full museum sample; use only when category slot count matches personal export.
Items,items,33,Aquacite,aquacite,Y,source_parsed,planning/museum-full-raw-sample-2026-05-12.txt,Seeded from reviewed raw full museum sample; use only when category slot count matches personal export.
Items,items,34,Aquamarine,aquamarine,Y,source_parsed,planning/museum-full-raw-sample-2026-05-12.txt,Seeded from reviewed raw full museum sample; use only when category slot count matches personal export.
Items,items,35,Aquamarine Ring,aquamarine ring,Y,source_parsed,planning/museum-full-raw-sample-2026-05-12.txt,Seeded from reviewed raw full museum sample; use only when category slot count matches personal export.
Items,items,36,Arnold Palmer,arnold palmer,Y,source_parsed,planning/museum-full-raw-sample-2026-05-12.txt,Seeded from reviewed raw full museum sample; use only when category slot count matches personal export.
Items,items,37,Arrowhead,arrowhead,Y,source_parsed,planning/museum-full-raw-sample-2026-05-12.txt,Seeded from reviewed raw full museum sample; use only when category slot count matches personal export.
Items,items,38,Ashes of Pentagorn,ashes of pentagorn,Y,source_parsed,planning/museum-full-raw-sample-2026-05-12.txt,Seeded from reviewed raw full museum sample; use only when category slot count matches personal export.
Items,items,39,Awl,awl,Y,source_parsed,planning/museum-full-raw-sample-2026-05-12.txt,Seeded from reviewed raw full museum sample; use only when category slot count matches personal export.
Items,items,40,Axe,axe,Y,source_parsed,planning/museum-full-raw-sample-2026-05-12.txt,Seeded from reviewed raw full museum sample; use only when category slot count matches personal export.
Items,items,41,B for Buddies,b for buddies,Y,source_parsed,planning/museum-full-raw-sample-2026-05-12.txt,Seeded from reviewed raw full museum sample; use only when category slot count matches personal export.
Items,items,42,Baba Bobblehead,baba bobblehead,Y,source_parsed,planning/museum-full-raw-sample-2026-05-12.txt,Seeded from reviewed raw full museum sample; use only when category slot count matches personal export.
Items,items,43,Baba Cola,baba cola,Y,source_parsed,planning/museum-full-raw-sample-2026-05-12.txt,Seeded from reviewed raw full museum sample; use only when category slot count matches personal export.
Items,items,44,Baba Gec's Cabbage Stew,baba gec's cabbage stew,Y,source_parsed,planning/museum-full-raw-sample-2026-05-12.txt,Seeded from reviewed raw full museum sample; use only when category slot count matches personal export.
Items,items,45,Baba's Snack Pack,baba's snack pack,Y,source_parsed,planning/museum-full-raw-sample-2026-05-12.txt,Seeded from reviewed raw full museum sample; use only when category slot count matches personal export.
Items,items,46,Backpack,backpack,Y,source_parsed,planning/museum-full-raw-sample-2026-05-12.txt,Seeded from reviewed raw full museum sample; use only when category slot count matches personal export.
Items,items,47,Backstabbing Dagger,backstabbing dagger,Y,source_parsed,planning/museum-full-raw-sample-2026-05-12.txt,Seeded from reviewed raw full museum sample; use only when category slot count matches personal export.
Items,items,48,Bacon,bacon,Y,source_parsed,planning/museum-full-raw-sample-2026-05-12.txt,Seeded from reviewed raw full museum sample; use only when category slot count matches personal export.
Items,items,49,Bag of Spring Seeds,bag of spring seeds,Y,source_parsed,planning/museum-full-raw-sample-2026-05-12.txt,Seeded from reviewed raw full museum sample; use only when category slot count matches personal export.
Items,items,50,Bahltruvian Scales,bahltruvian scales,Y,source_parsed,planning/museum-full-raw-sample-2026-05-12.txt,Seeded from reviewed raw full museum sample; use only when category slot count matches personal export.
Items,items,51,Bait Bag 01,bait bag 01,Y,source_parsed,planning/museum-full-raw-sample-2026-05-12.txt,Seeded from reviewed raw full museum sample; use only when category slot count matches personal export.
Items,items,52,Bamboo,bamboo,Y,source_parsed,planning/museum-full-raw-sample-2026-05-12.txt,Seeded from reviewed raw full museum sample; use only when category slot count matches personal export.
Items,items,53,Bamboo Chair,bamboo chair,Y,source_parsed,planning/museum-full-raw-sample-2026-05-12.txt,Seeded from reviewed raw full museum sample; use only when category slot count matches personal export.
Items,items,54,Bamboo Fence,bamboo fence,Y,source_parsed,planning/museum-full-raw-sample-2026-05-12.txt,Seeded from reviewed raw full museum sample; use only when category slot count matches personal export.
Items,items,55,Bamboo Flute,bamboo flute,Y,source_parsed,planning/museum-full-raw-sample-2026-05-12.txt,Seeded from reviewed raw full museum sample; use only when category slot count matches personal export.
Items,items,56,Bamboo Rope,bamboo rope,Y,source_parsed,planning/museum-full-raw-sample-2026-05-12.txt,Seeded from reviewed raw full museum sample; use only when category slot count matches personal export.
Items,items,57,Bamboo Trellis,bamboo trellis,Y,source_parsed,planning/museum-full-raw-sample-2026-05-12.txt,Seeded from reviewed raw full museum sample; use only when category slot count matches personal export.
Items,items,58,Banana Peel,banana peel,N,source_parsed,planning/museum-full-raw-sample-2026-05-12.txt,Seeded from reviewed raw full museum sample; use only when category slot count matches personal export.
Items,items,59,Bananas,bananas,Y,source_parsed,planning/museum-full-raw-sample-2026-05-12.txt,Seeded from reviewed raw full museum sample; use only when category slot count matches personal export.
Items,items,60,Bar of Silver,bar of silver,Y,source_parsed,planning/museum-full-raw-sample-2026-05-12.txt,Seeded from reviewed raw full museum sample; use only when category slot count matches personal export.
Items,items,61,Barbed Wire,barbed wire,Y,source_parsed,planning/museum-full-raw-sample-2026-05-12.txt,Seeded from reviewed raw full museum sample; use only when category slot count matches personal export.
Items,items,62,Barnacle Shell,barnacle shell,Y,source_parsed,planning/museum-full-raw-sample-2026-05-12.txt,Seeded from reviewed raw full museum sample; use only when category slot count matches personal export.
Items,items,63,Basic Pillow,basic pillow,Y,source_parsed,planning/museum-full-raw-sample-2026-05-12.txt,Seeded from reviewed raw full museum sample; use only when category slot count matches personal export.
Items,items,64,Beach Towel,beach towel,Y,source_parsed,planning/museum-full-raw-sample-2026-05-12.txt,Seeded from reviewed raw full museum sample; use only when category slot count matches personal export.
Items,items,65,Beach Umbrella,beach umbrella,Y,source_parsed,planning/museum-full-raw-sample-2026-05-12.txt,Seeded from reviewed raw full museum sample; use only when category slot count matches personal export.
Items,items,66,Bear Buddy Doll,bear buddy doll,Y,source_parsed,planning/museum-full-raw-sample-2026-05-12.txt,Seeded from reviewed raw full museum sample; use only when category slot count matches personal export.
Items,items,67,Beary Squishies,beary squishies,Y,source_parsed,planning/museum-full-raw-sample-2026-05-12.txt,Seeded from reviewed raw full museum sample; use only when category slot count matches personal export.
Items,items,68,Beatrix Bobblehead,beatrix bobblehead,Y,source_parsed,planning/museum-full-raw-sample-2026-05-12.txt,Seeded from reviewed raw full museum sample; use only when category slot count matches personal export.
Items,items,69,Beatrix's Big Box of Boom,beatrix's big box of boom,Y,source_parsed,planning/museum-full-raw-sample-2026-05-12.txt,Seeded from reviewed raw full museum sample; use only when category slot count matches personal export.
Items,items,70,Beatrix's Booming Brawl Box 01,beatrix's booming brawl box 01,Y,source_parsed,planning/museum-full-raw-sample-2026-05-12.txt,Seeded from reviewed raw full museum sample; use only when category slot count matches personal export.
Items,items,71,Beatrix's Booming Brawl Box 02,beatrix's booming brawl box 02,Y,source_parsed,planning/museum-full-raw-sample-2026-05-12.txt,Seeded from reviewed raw full museum sample; use only when category slot count matches personal export.
Items,items,72,Bell,bell,Y,source_parsed,planning/museum-full-raw-sample-2026-05-12.txt,Seeded from reviewed raw full museum sample; use only when category slot count matches personal export.
Items,items,73,Belt Drive,belt drive,Y,source_parsed,planning/museum-full-raw-sample-2026-05-12.txt,Seeded from reviewed raw full museum sample; use only when category slot count matches personal export.
Items,items,74,Belt of Commander Uteer,belt of commander uteer,Y,source_parsed,planning/museum-full-raw-sample-2026-05-12.txt,Seeded from reviewed raw full museum sample; use only when category slot count matches personal export.
Items,items,75,Belt of Freedom,belt of freedom,Y,source_parsed,planning/museum-full-raw-sample-2026-05-12.txt,Seeded from reviewed raw full museum sample; use only when category slot count matches personal export.
Items,items,76,Belt of Menace,belt of menace,Y,source_parsed,planning/museum-full-raw-sample-2026-05-12.txt,Seeded from reviewed raw full museum sample; use only when category slot count matches personal export.
Items,items,77,Belt of Truth,belt of truth,Y,source_parsed,planning/museum-full-raw-sample-2026-05-12.txt,Seeded from reviewed raw full museum sample; use only when category slot count matches personal export.
Items,items,78,Bessi Gan Belt,bessi gan belt,Y,source_parsed,planning/museum-full-raw-sample-2026-05-12.txt,Seeded from reviewed raw full museum sample; use only when category slot count matches personal export.
Items,items,79,Bird Egg,bird egg,Y,source_parsed,planning/museum-full-raw-sample-2026-05-12.txt,Seeded from reviewed raw full museum sample; use only when category slot count matches personal export.
Items,items,80,Bird Key,bird key,Y,source_parsed,planning/museum-full-raw-sample-2026-05-12.txt,Seeded from reviewed raw full museum sample; use only when category slot count matches personal export.
Items,items,81,Bird Skull 01,bird skull 01,Y,source_parsed,planning/museum-full-raw-sample-2026-05-12.txt,Seeded from reviewed raw full museum sample; use only when category slot count matches personal export.
Items,items,82,Birthday Suit Buddy Doll,birthday suit buddy doll,Y,source_parsed,planning/museum-full-raw-sample-2026-05-12.txt,Seeded from reviewed raw full museum sample; use only when category slot count matches personal export.
Items,items,83,Bitten Apple,bitten apple,Y,source_parsed,planning/museum-full-raw-sample-2026-05-12.txt,Seeded from reviewed raw full museum sample; use only when category slot count matches personal export.
Items,items,84,Black Bag,black bag,Y,source_parsed,planning/museum-full-raw-sample-2026-05-12.txt,Seeded from reviewed raw full museum sample; use only when category slot count matches personal export.
Items,items,85,Black Cloak,black cloak,Y,source_parsed,planning/museum-full-raw-sample-2026-05-12.txt,Seeded from reviewed raw full museum sample; use only when category slot count matches personal export.
Items,items,86,Black Dye,black dye,Y,source_parsed,planning/museum-full-raw-sample-2026-05-12.txt,Seeded from reviewed raw full museum sample; use only when category slot count matches personal export.
Items,items,87,Black Powder,black powder,Y,source_parsed,planning/museum-full-raw-sample-2026-05-12.txt,Seeded from reviewed raw full museum sample; use only when category slot count matches personal export.
Items,items,88,Black Purse,black purse,Y,source_parsed,planning/museum-full-raw-sample-2026-05-12.txt,Seeded from reviewed raw full museum sample; use only when category slot count matches personal export.
Items,items,89,Black Scarf,black scarf,Y,source_parsed,planning/museum-full-raw-sample-2026-05-12.txt,Seeded from reviewed raw full museum sample; use only when category slot count matches personal export.
Items,items,90,Black Shield,black shield,Y,source_parsed,planning/museum-full-raw-sample-2026-05-12.txt,Seeded from reviewed raw full museum sample; use only when category slot count matches personal export.
Items,items,91,Black Shirt,black shirt,Y,source_parsed,planning/museum-full-raw-sample-2026-05-12.txt,Seeded from reviewed raw full museum sample; use only when category slot count matches personal export.
Items,items,92,Black Truffle,black truffle,Y,source_parsed,planning/museum-full-raw-sample-2026-05-12.txt,Seeded from reviewed raw full museum sample; use only when category slot count matches personal export.
Items,items,93,Black Twine,black twine,Y,source_parsed,planning/museum-full-raw-sample-2026-05-12.txt,Seeded from reviewed raw full museum sample; use only when category slot count matches personal export.
Items,items,94,Block of Wood,block of wood,Y,source_parsed,planning/museum-full-raw-sample-2026-05-12.txt,Seeded from reviewed raw full museum sample; use only when category slot count matches personal export.
Items,items,95,Blood Crystal,blood crystal,Y,source_parsed,planning/museum-full-raw-sample-2026-05-12.txt,Seeded from reviewed raw full museum sample; use only when category slot count matches personal export.
Items,items,96,Blue Butterfly,blue butterfly,Y,source_parsed,planning/museum-full-raw-sample-2026-05-12.txt,Seeded from reviewed raw full museum sample; use only when category slot count matches personal export.
Items,items,97,Blue Diary,blue diary,Y,source_parsed,planning/museum-full-raw-sample-2026-05-12.txt,Seeded from reviewed raw full museum sample; use only when category slot count matches personal export.
Items,items,98,Blue Dye,blue dye,Y,source_parsed,planning/museum-full-raw-sample-2026-05-12.txt,Seeded from reviewed raw full museum sample; use only when category slot count matches personal export.
Items,items,99,Blue Feathers,blue feathers,Y,source_parsed,planning/museum-full-raw-sample-2026-05-12.txt,Seeded from reviewed raw full museum sample; use only when category slot count matches personal export.
Items,items,100,Blue Flowers,blue flowers,Y,source_parsed,planning/museum-full-raw-sample-2026-05-12.txt,Seeded from reviewed raw full museum sample; use only when category slot count matches personal export.
Items,items,101,Blue Gel,blue gel,Y,source_parsed,planning/museum-full-raw-sample-2026-05-12.txt,Seeded from reviewed raw full museum sample; use only when category slot count matches personal export.
Items,items,102,Blue Milk,blue milk,Y,source_parsed,planning/museum-full-raw-sample-2026-05-12.txt,Seeded from reviewed raw full museum sample; use only when category slot count matches personal export.
Items,items,103,Blue Parchment,blue parchment,Y,source_parsed,planning/museum-full-raw-sample-2026-05-12.txt,Seeded from reviewed raw full museum sample; use only when category slot count matches personal export.
Items,items,104,Blue Purse,blue purse,Y,source_parsed,planning/museum-full-raw-sample-2026-05-12.txt,Seeded from reviewed raw full museum sample; use only when category slot count matches personal export.
Items,items,105,Blue Shirt,blue shirt,Y,source_parsed,planning/museum-full-raw-sample-2026-05-12.txt,Seeded from reviewed raw full museum sample; use only when category slot count matches personal export.
Items,items,106,Blue Star Stomper,blue star stomper,Y,source_parsed,planning/museum-full-raw-sample-2026-05-12.txt,Seeded from reviewed raw full museum sample; use only when category slot count matches personal export.
Items,items,107,Blue Twine,blue twine,Y,source_parsed,planning/museum-full-raw-sample-2026-05-12.txt,Seeded from reviewed raw full museum sample; use only when category slot count matches personal export.
Items,items,108,Board,board,Y,source_parsed,planning/museum-full-raw-sample-2026-05-12.txt,Seeded from reviewed raw full museum sample; use only when category slot count matches personal export.
Items,items,109,Bogslug,bogslug,Y,source_parsed,planning/museum-full-raw-sample-2026-05-12.txt,Seeded from reviewed raw full museum sample; use only when category slot count matches personal export.
Items,items,110,Bomb,bomb,Y,source_parsed,planning/museum-full-raw-sample-2026-05-12.txt,Seeded from reviewed raw full museum sample; use only when category slot count matches personal export.
Items,items,111,Bone,bone,Y,source_parsed,planning/museum-full-raw-sample-2026-05-12.txt,Seeded from reviewed raw full museum sample; use only when category slot count matches personal export.
Items,items,112,Bone 02,bone 02,Y,source_parsed,planning/museum-full-raw-sample-2026-05-12.txt,Seeded from reviewed raw full museum sample; use only when category slot count matches personal export.
Items,items,113,Bone 03,bone 03,Y,source_parsed,planning/museum-full-raw-sample-2026-05-12.txt,Seeded from reviewed raw full museum sample; use only when category slot count matches personal export.
Items,items,114,Bone 04,bone 04,Y,source_parsed,planning/museum-full-raw-sample-2026-05-12.txt,Seeded from reviewed raw full museum sample; use only when category slot count matches personal export.
Items,items,115,Bone 05,bone 05,Y,source_parsed,planning/museum-full-raw-sample-2026-05-12.txt,Seeded from reviewed raw full museum sample; use only when category slot count matches personal export.
Items,items,116,Bone 06,bone 06,Y,source_parsed,planning/museum-full-raw-sample-2026-05-12.txt,Seeded from reviewed raw full museum sample; use only when category slot count matches personal export.
Items,items,117,Bone Fragments,bone fragments,Y,source_parsed,planning/museum-full-raw-sample-2026-05-12.txt,Seeded from reviewed raw full museum sample; use only when category slot count matches personal export.
Items,items,118,Bone Pickaxe,bone pickaxe,Y,source_parsed,planning/museum-full-raw-sample-2026-05-12.txt,Seeded from reviewed raw full museum sample; use only when category slot count matches personal export.
Items,items,119,Boobun's Spray Bottle,boobun's spray bottle,Y,source_parsed,planning/museum-full-raw-sample-2026-05-12.txt,Seeded from reviewed raw full museum sample; use only when category slot count matches personal export.
Items,items,120,Book of Clues,book of clues,Y,source_parsed,planning/museum-full-raw-sample-2026-05-12.txt,Seeded from reviewed raw full museum sample; use only when category slot count matches personal export.
Items,items,121,Book of Fish,book of fish,Y,source_parsed,planning/museum-full-raw-sample-2026-05-12.txt,Seeded from reviewed raw full museum sample; use only when category slot count matches personal export.
Items,items,122,Book of Flora,book of flora,Y,source_parsed,planning/museum-full-raw-sample-2026-05-12.txt,Seeded from reviewed raw full museum sample; use only when category slot count matches personal export.
Items,items,123,Book of Insects,book of insects,Y,source_parsed,planning/museum-full-raw-sample-2026-05-12.txt,Seeded from reviewed raw full museum sample; use only when category slot count matches personal export.
Items,items,124,Book of Knots,book of knots,Y,source_parsed,planning/museum-full-raw-sample-2026-05-12.txt,Seeded from reviewed raw full museum sample; use only when category slot count matches personal export.
Items,items,125,Book of Maps,book of maps,Y,source_parsed,planning/museum-full-raw-sample-2026-05-12.txt,Seeded from reviewed raw full museum sample; use only when category slot count matches personal export.
Items,items,126,Book of Schemas,book of schemas,Y,source_parsed,planning/museum-full-raw-sample-2026-05-12.txt,Seeded from reviewed raw full museum sample; use only when category slot count matches personal export.
Items,items,127,Book of Skill,book of skill,Y,source_parsed,planning/museum-full-raw-sample-2026-05-12.txt,Seeded from reviewed raw full museum sample; use only when category slot count matches personal export.
Items,items,128,Book of Time,book of time,Y,source_parsed,planning/museum-full-raw-sample-2026-05-12.txt,Seeded from reviewed raw full museum sample; use only when category slot count matches personal export.
Items,items,129,Borgen Bag 01,borgen bag 01,Y,source_parsed,planning/museum-full-raw-sample-2026-05-12.txt,Seeded from reviewed raw full museum sample; use only when category slot count matches personal export.
Items,items,130,Borgen Bobblehead,borgen bobblehead,Y,source_parsed,planning/museum-full-raw-sample-2026-05-12.txt,Seeded from reviewed raw full museum sample; use only when category slot count matches personal export.
Items,items,131,Borgen Buck,borgen buck,Y,source_parsed,planning/museum-full-raw-sample-2026-05-12.txt,Seeded from reviewed raw full museum sample; use only when category slot count matches personal export.
Items,items,132,Borgen's Dancing Belt,borgen's dancing belt,Y,source_parsed,planning/museum-full-raw-sample-2026-05-12.txt,Seeded from reviewed raw full museum sample; use only when category slot count matches personal export.
Items,items,133,Bottle Rocket,bottle rocket,Y,source_parsed,planning/museum-full-raw-sample-2026-05-12.txt,Seeded from reviewed raw full museum sample; use only when category slot count matches personal export.
Items,items,134,Bouquet of Flowers,bouquet of flowers,Y,source_parsed,planning/museum-full-raw-sample-2026-05-12.txt,Seeded from reviewed raw full museum sample; use only when category slot count matches personal export.
Items,items,135,Brain Fungus,brain fungus,Y,source_parsed,planning/museum-full-raw-sample-2026-05-12.txt,Seeded from reviewed raw full museum sample; use only when category slot count matches personal export.
Items,items,136,Bread,bread,Y,source_parsed,planning/museum-full-raw-sample-2026-05-12.txt,Seeded from reviewed raw full museum sample; use only when category slot count matches personal export.
Items,items,137,Briomine,briomine,Y,source_parsed,planning/museum-full-raw-sample-2026-05-12.txt,Seeded from reviewed raw full museum sample; use only when category slot count matches personal export.
Items,items,138,Broken Bangle,broken bangle,Y,source_parsed,planning/museum-full-raw-sample-2026-05-12.txt,Seeded from reviewed raw full museum sample; use only when category slot count matches personal export.
Items,items,139,Broken Memory Belt,broken memory belt,Y,source_parsed,planning/museum-full-raw-sample-2026-05-12.txt,Seeded from reviewed raw full museum sample; use only when category slot count matches personal export.
Items,items,140,Broken Pipe,broken pipe,Y,source_parsed,planning/museum-full-raw-sample-2026-05-12.txt,Seeded from reviewed raw full museum sample; use only when category slot count matches personal export.
Items,items,141,Broken Sword,broken sword,Y,source_parsed,planning/museum-full-raw-sample-2026-05-12.txt,Seeded from reviewed raw full museum sample; use only when category slot count matches personal export.
Items,items,142,Brooch of the Bahltruvian Elite,brooch of the bahltruvian elite,Y,source_parsed,planning/museum-full-raw-sample-2026-05-12.txt,Seeded from reviewed raw full museum sample; use only when category slot count matches personal export.
Items,items,143,Broom,broom,Y,source_parsed,planning/museum-full-raw-sample-2026-05-12.txt,Seeded from reviewed raw full museum sample; use only when category slot count matches personal export.
Items,items,144,Brown Bag,brown bag,Y,source_parsed,planning/museum-full-raw-sample-2026-05-12.txt,Seeded from reviewed raw full museum sample; use only when category slot count matches personal export.
Items,items,145,Brown Cloak,brown cloak,Y,source_parsed,planning/museum-full-raw-sample-2026-05-12.txt,Seeded from reviewed raw full museum sample; use only when category slot count matches personal export.
Items,items,146,Brown Dye,brown dye,Y,source_parsed,planning/museum-full-raw-sample-2026-05-12.txt,Seeded from reviewed raw full museum sample; use only when category slot count matches personal export.
Items,items,147,Brown Sugar,brown sugar,Y,source_parsed,planning/museum-full-raw-sample-2026-05-12.txt,Seeded from reviewed raw full museum sample; use only when category slot count matches personal export.
Items,items,148,Brown Twine,brown twine,Y,source_parsed,planning/museum-full-raw-sample-2026-05-12.txt,Seeded from reviewed raw full museum sample; use only when category slot count matches personal export.
Items,items,149,Bucket,bucket,Y,source_parsed,planning/museum-full-raw-sample-2026-05-12.txt,Seeded from reviewed raw full museum sample; use only when category slot count matches personal export.
Items,items,150,Buddy Bobblehead,buddy bobblehead,Y,source_parsed,planning/museum-full-raw-sample-2026-05-12.txt,Seeded from reviewed raw full museum sample; use only when category slot count matches personal export.
Items,items,151,Buddy Doll,buddy doll,Y,source_parsed,planning/museum-full-raw-sample-2026-05-12.txt,Seeded from reviewed raw full museum sample; use only when category slot count matches personal export.
Items,items,152,Buddy Doll Bag 01,buddy doll bag 01,Y,source_parsed,planning/museum-full-raw-sample-2026-05-12.txt,Seeded from reviewed raw full museum sample; use only when category slot count matches personal export.
Items,items,153,Buddy Doll Bag 02,buddy doll bag 02,Y,source_parsed,planning/museum-full-raw-sample-2026-05-12.txt,Seeded from reviewed raw full museum sample; use only when category slot count matches personal export.
Items,items,154,Buddy's Beach Bag,buddy's beach bag,Y,source_parsed,planning/museum-full-raw-sample-2026-05-12.txt,Seeded from reviewed raw full museum sample; use only when category slot count matches personal export.
Items,items,155,Buddy's Old Pirate Belt,buddy's old pirate belt,Y,source_parsed,planning/museum-full-raw-sample-2026-05-12.txt,Seeded from reviewed raw full museum sample; use only when category slot count matches personal export.
Items,items,156,Buddy's School Bag,buddy's school bag,Y,source_parsed,planning/museum-full-raw-sample-2026-05-12.txt,Seeded from reviewed raw full museum sample; use only when category slot count matches personal export.
Items,items,157,Buddy's Sleeping Cap,buddy's sleeping cap,Y,source_parsed,planning/museum-full-raw-sample-2026-05-12.txt,Seeded from reviewed raw full museum sample; use only when category slot count matches personal export.
Items,items,158,Buddystone,buddystone,Y,source_parsed,planning/museum-full-raw-sample-2026-05-12.txt,Seeded from reviewed raw full museum sample; use only when category slot count matches personal export.
Items,items,159,Bug Bag 01,bug bag 01,Y,source_parsed,planning/museum-full-raw-sample-2026-05-12.txt,Seeded from reviewed raw full museum sample; use only when category slot count matches personal export.
Items,items,160,Bunny Buddy Doll,bunny buddy doll,Y,source_parsed,planning/museum-full-raw-sample-2026-05-12.txt,Seeded from reviewed raw full museum sample; use only when category slot count matches personal export.
Items,items,161,Butter,butter,Y,source_parsed,planning/museum-full-raw-sample-2026-05-12.txt,Seeded from reviewed raw full museum sample; use only when category slot count matches personal export.
Items,items,162,Butter Churn,butter churn,Y,source_parsed,planning/museum-full-raw-sample-2026-05-12.txt,Seeded from reviewed raw full museum sample; use only when category slot count matches personal export.
Items,items,163,Calcifite,calcifite,Y,source_parsed,planning/museum-full-raw-sample-2026-05-12.txt,Seeded from reviewed raw full museum sample; use only when category slot count matches personal export.
Items,items,164,Cannon,cannon,Y,source_parsed,planning/museum-full-raw-sample-2026-05-12.txt,Seeded from reviewed raw full museum sample; use only when category slot count matches personal export.
Items,items,165,Canoe,canoe,Y,source_parsed,planning/museum-full-raw-sample-2026-05-12.txt,Seeded from reviewed raw full museum sample; use only when category slot count matches personal export.
Items,items,166,Captains Log,captains log,Y,source_parsed,planning/museum-full-raw-sample-2026-05-12.txt,Seeded from reviewed raw full museum sample; use only when category slot count matches personal export.
Items,items,167,Carbon Sphere,carbon sphere,Y,source_parsed,planning/museum-full-raw-sample-2026-05-12.txt,Seeded from reviewed raw full museum sample; use only when category slot count matches personal export.
Items,items,168,Carved Bear,carved bear,Y,source_parsed,planning/museum-full-raw-sample-2026-05-12.txt,Seeded from reviewed raw full museum sample; use only when category slot count matches personal export.
Items,items,169,Carved Camel,carved camel,Y,source_parsed,planning/museum-full-raw-sample-2026-05-12.txt,Seeded from reviewed raw full museum sample; use only when category slot count matches personal export.
Items,items,170,Carved Chicken,carved chicken,Y,source_parsed,planning/museum-full-raw-sample-2026-05-12.txt,Seeded from reviewed raw full museum sample; use only when category slot count matches personal export.
Items,items,171,Carved Cow,carved cow,Y,source_parsed,planning/museum-full-raw-sample-2026-05-12.txt,Seeded from reviewed raw full museum sample; use only when category slot count matches personal export.
Items,items,172,Carved Dragon,carved dragon,Y,source_parsed,planning/museum-full-raw-sample-2026-05-12.txt,Seeded from reviewed raw full museum sample; use only when category slot count matches personal export.
Items,items,173,Carved Fox,carved fox,Y,source_parsed,planning/museum-full-raw-sample-2026-05-12.txt,Seeded from reviewed raw full museum sample; use only when category slot count matches personal export.
Items,items,174,Carved Kitty,carved kitty,Y,source_parsed,planning/museum-full-raw-sample-2026-05-12.txt,Seeded from reviewed raw full museum sample; use only when category slot count matches personal export.
Items,items,175,Carved Moose,carved moose,Y,source_parsed,planning/museum-full-raw-sample-2026-05-12.txt,Seeded from reviewed raw full museum sample; use only when category slot count matches personal export.
Items,items,176,Carved Mouse,carved mouse,Y,source_parsed,planning/museum-full-raw-sample-2026-05-12.txt,Seeded from reviewed raw full museum sample; use only when category slot count matches personal export.
Items,items,177,Carved Owl,carved owl,Y,source_parsed,planning/museum-full-raw-sample-2026-05-12.txt,Seeded from reviewed raw full museum sample; use only when category slot count matches personal export.
Items,items,178,Carved Pig,carved pig,Y,source_parsed,planning/museum-full-raw-sample-2026-05-12.txt,Seeded from reviewed raw full museum sample; use only when category slot count matches personal export.
Items,items,179,Carved Rabbit,carved rabbit,Y,source_parsed,planning/museum-full-raw-sample-2026-05-12.txt,Seeded from reviewed raw full museum sample; use only when category slot count matches personal export.
Items,items,180,Carved Rhino,carved rhino,Y,source_parsed,planning/museum-full-raw-sample-2026-05-12.txt,Seeded from reviewed raw full museum sample; use only when category slot count matches personal export.
Items,items,181,Carved Squirrel,carved squirrel,Y,source_parsed,planning/museum-full-raw-sample-2026-05-12.txt,Seeded from reviewed raw full museum sample; use only when category slot count matches personal export.
Items,items,182,Carved Squisquatch,carved squisquatch,Y,source_parsed,planning/museum-full-raw-sample-2026-05-12.txt,Seeded from reviewed raw full museum sample; use only when category slot count matches personal export.
Items,items,183,Carved Warthog,carved warthog,Y,source_parsed,planning/museum-full-raw-sample-2026-05-12.txt,Seeded from reviewed raw full museum sample; use only when category slot count matches personal export.
Items,items,184,Caterpillar,caterpillar,Y,source_parsed,planning/museum-full-raw-sample-2026-05-12.txt,Seeded from reviewed raw full museum sample; use only when category slot count matches personal export.
Items,items,185,Cave Key,cave key,Y,source_parsed,planning/museum-full-raw-sample-2026-05-12.txt,Seeded from reviewed raw full museum sample; use only when category slot count matches personal export.
Items,items,186,Cave Mushroom,cave mushroom,Y,source_parsed,planning/museum-full-raw-sample-2026-05-12.txt,Seeded from reviewed raw full museum sample; use only when category slot count matches personal export.
Items,items,187,Cecil Bobblehead,cecil bobblehead,Y,source_parsed,planning/museum-full-raw-sample-2026-05-12.txt,Seeded from reviewed raw full museum sample; use only when category slot count matches personal export.
Items,items,188,Cecil's Shrimp-a-Plenty,cecil's shrimp-a-plenty,Y,source_parsed,planning/museum-full-raw-sample-2026-05-12.txt,Seeded from reviewed raw full museum sample; use only when category slot count matches personal export.
Items,items,189,Cepathorf's Case,cepathorf's case,Y,source_parsed,planning/museum-full-raw-sample-2026-05-12.txt,Seeded from reviewed raw full museum sample; use only when category slot count matches personal export.
Items,items,190,Certificate of Beet Giving,certificate of beet giving,Y,source_parsed,planning/museum-full-raw-sample-2026-05-12.txt,Seeded from reviewed raw full museum sample; use only when category slot count matches personal export.
Items,items,191,Certificate of Broccoli Giving,certificate of broccoli giving,Y,source_parsed,planning/museum-full-raw-sample-2026-05-12.txt,Seeded from reviewed raw full museum sample; use only when category slot count matches personal export.
Items,items,192,Certificate of Cabbage Giving,certificate of cabbage giving,Y,source_parsed,planning/museum-full-raw-sample-2026-05-12.txt,Seeded from reviewed raw full museum sample; use only when category slot count matches personal export.
Items,items,193,Certificate of Carrot Giving,certificate of carrot giving,Y,source_parsed,planning/museum-full-raw-sample-2026-05-12.txt,Seeded from reviewed raw full museum sample; use only when category slot count matches personal export.
Items,items,194,Certificate of Corn Giving,certificate of corn giving,Y,source_parsed,planning/museum-full-raw-sample-2026-05-12.txt,Seeded from reviewed raw full museum sample; use only when category slot count matches personal export.
Items,items,195,Certificate of Cotton Giving,certificate of cotton giving,Y,source_parsed,planning/museum-full-raw-sample-2026-05-12.txt,Seeded from reviewed raw full museum sample; use only when category slot count matches personal export.
Items,items,196,Certificate of Cucumber Giving,certificate of cucumber giving,Y,source_parsed,planning/museum-full-raw-sample-2026-05-12.txt,Seeded from reviewed raw full museum sample; use only when category slot count matches personal export.
Items,items,197,Certificate of Eggplant Giving,certificate of eggplant giving,Y,source_parsed,planning/museum-full-raw-sample-2026-05-12.txt,Seeded from reviewed raw full museum sample; use only when category slot count matches personal export.
Items,items,198,Certificate of Hops Giving,certificate of hops giving,Y,source_parsed,planning/museum-full-raw-sample-2026-05-12.txt,Seeded from reviewed raw full museum sample; use only when category slot count matches personal export.
Items,items,199,Certificate of Leek Giving,certificate of leek giving,Y,source_parsed,planning/museum-full-raw-sample-2026-05-12.txt,Seeded from reviewed raw full museum sample; use only when category slot count matches personal export.
Items,items,200,Certificate of Onion Giving,certificate of onion giving,Y,source_parsed,planning/museum-full-raw-sample-2026-05-12.txt,Seeded from reviewed raw full museum sample; use only when category slot count matches personal export.
Items,items,201,Certificate of Pea Giving,certificate of pea giving,Y,source_parsed,planning/museum-full-raw-sample-2026-05-12.txt,Seeded from reviewed raw full museum sample; use only when category slot count matches personal export.
Items,items,202,Certificate of Pepper Giving,certificate of pepper giving,Y,source_parsed,planning/museum-full-raw-sample-2026-05-12.txt,Seeded from reviewed raw full museum sample; use only when category slot count matches personal export.
Items,items,203,Certificate of Pine Giving,certificate of pine giving,Y,source_parsed,planning/museum-full-raw-sample-2026-05-12.txt,Seeded from reviewed raw full museum sample; use only when category slot count matches personal export.
Items,items,204,Certificate of Potato Giving,certificate of potato giving,Y,source_parsed,planning/museum-full-raw-sample-2026-05-12.txt,Seeded from reviewed raw full museum sample; use only when category slot count matches personal export.
Items,items,205,Certificate of Pumpkin Giving,certificate of pumpkin giving,Y,source_parsed,planning/museum-full-raw-sample-2026-05-12.txt,Seeded from reviewed raw full museum sample; use only when category slot count matches personal export.
Items,items,206,Certificate of Radish Giving,certificate of radish giving,Y,source_parsed,planning/museum-full-raw-sample-2026-05-12.txt,Seeded from reviewed raw full museum sample; use only when category slot count matches personal export.
Items,items,207,Certificate of Rice Giving,certificate of rice giving,Y,source_parsed,planning/museum-full-raw-sample-2026-05-12.txt,Seeded from reviewed raw full museum sample; use only when category slot count matches personal export.
Items,items,208,Certificate of Sugar Cane Giving,certificate of sugar cane giving,Y,source_parsed,planning/museum-full-raw-sample-2026-05-12.txt,Seeded from reviewed raw full museum sample; use only when category slot count matches personal export.
Items,items,209,Certificate of Sunflower Giving,certificate of sunflower giving,Y,source_parsed,planning/museum-full-raw-sample-2026-05-12.txt,Seeded from reviewed raw full museum sample; use only when category slot count matches personal export.
Items,items,210,Certificate of Tomato Giving,certificate of tomato giving,Y,source_parsed,planning/museum-full-raw-sample-2026-05-12.txt,Seeded from reviewed raw full museum sample; use only when category slot count matches personal export.
Items,items,211,Certificate of Watermelon Giving,certificate of watermelon giving,Y,source_parsed,planning/museum-full-raw-sample-2026-05-12.txt,Seeded from reviewed raw full museum sample; use only when category slot count matches personal export.
Items,items,212,Certificate of Wheat Giving,certificate of wheat giving,Y,source_parsed,planning/museum-full-raw-sample-2026-05-12.txt,Seeded from reviewed raw full museum sample; use only when category slot count matches personal export.
Items,items,213,Chapiku,chapiku,Y,source_parsed,planning/museum-full-raw-sample-2026-05-12.txt,Seeded from reviewed raw full museum sample; use only when category slot count matches personal export.
Items,items,214,Charles Bobblehead,charles bobblehead,Y,source_parsed,planning/museum-full-raw-sample-2026-05-12.txt,Seeded from reviewed raw full museum sample; use only when category slot count matches personal export.
Items,items,215,Charles's Neigh,charles's neigh,Y,source_parsed,planning/museum-full-raw-sample-2026-05-12.txt,Seeded from reviewed raw full museum sample; use only when category slot count matches personal export.
Items,items,216,Cheese,cheese,Y,source_parsed,planning/museum-full-raw-sample-2026-05-12.txt,Seeded from reviewed raw full museum sample; use only when category slot count matches personal export.
Items,items,217,Cheese Wheel,cheese wheel,Y,source_parsed,planning/museum-full-raw-sample-2026-05-12.txt,Seeded from reviewed raw full museum sample; use only when category slot count matches personal export.
Items,items,218,Chum,chum,Y,source_parsed,planning/museum-full-raw-sample-2026-05-12.txt,Seeded from reviewed raw full museum sample; use only when category slot count matches personal export.
Items,items,219,Cid Bobblehead,cid bobblehead,Y,source_parsed,planning/museum-full-raw-sample-2026-05-12.txt,Seeded from reviewed raw full museum sample; use only when category slot count matches personal export.
Items,items,220,Cid's Stone Ale,cid's stone ale,Y,source_parsed,planning/museum-full-raw-sample-2026-05-12.txt,Seeded from reviewed raw full museum sample; use only when category slot count matches personal export.
Items,items,221,Circuit Breaker Belt,circuit breaker belt,Y,source_parsed,planning/museum-full-raw-sample-2026-05-12.txt,Seeded from reviewed raw full museum sample; use only when category slot count matches personal export.
Items,items,222,Cleaver,cleaver,Y,source_parsed,planning/museum-full-raw-sample-2026-05-12.txt,Seeded from reviewed raw full museum sample; use only when category slot count matches personal export.
Items,items,223,Cloth,cloth,Y,source_parsed,planning/museum-full-raw-sample-2026-05-12.txt,Seeded from reviewed raw full museum sample; use only when category slot count matches personal export.
Items,items,224,Clubs,clubs,Y,source_parsed,planning/museum-full-raw-sample-2026-05-12.txt,Seeded from reviewed raw full museum sample; use only when category slot count matches personal export.
Items,items,225,Coal,coal,Y,source_parsed,planning/museum-full-raw-sample-2026-05-12.txt,Seeded from reviewed raw full museum sample; use only when category slot count matches personal export.
Items,items,226,Cockatrice Egg,cockatrice egg,Y,source_parsed,planning/museum-full-raw-sample-2026-05-12.txt,Seeded from reviewed raw full museum sample; use only when category slot count matches personal export.
Items,items,227,Cockatrice Ether Source,cockatrice ether source,Y,source_parsed,planning/museum-full-raw-sample-2026-05-12.txt,Seeded from reviewed raw full museum sample; use only when category slot count matches personal export.
Items,items,228,Coconut,coconut,Y,source_parsed,planning/museum-full-raw-sample-2026-05-12.txt,Seeded from reviewed raw full museum sample; use only when category slot count matches personal export.
Items,items,229,Coderanger's Missing Semicolon,coderanger's missing semicolon,Y,source_parsed,planning/museum-full-raw-sample-2026-05-12.txt,Seeded from reviewed raw full museum sample; use only when category slot count matches personal export.
Items,items,230,Cogwheel,cogwheel,Y,source_parsed,planning/museum-full-raw-sample-2026-05-12.txt,Seeded from reviewed raw full museum sample; use only when category slot count matches personal export.
Items,items,231,Coin Purse,coin purse,Y,source_parsed,planning/museum-full-raw-sample-2026-05-12.txt,Seeded from reviewed raw full museum sample; use only when category slot count matches personal export.
Items,items,232,Compass,compass,Y,source_parsed,planning/museum-full-raw-sample-2026-05-12.txt,Seeded from reviewed raw full museum sample; use only when category slot count matches personal export.
Items,items,233,Concord Grape Pie,concord grape pie,Y,source_parsed,planning/museum-full-raw-sample-2026-05-12.txt,Seeded from reviewed raw full museum sample; use only when category slot count matches personal export.
Items,items,234,Control Box,control box,Y,source_parsed,planning/museum-full-raw-sample-2026-05-12.txt,Seeded from reviewed raw full museum sample; use only when category slot count matches personal export.
Items,items,235,Cooked Fish,cooked fish,Y,source_parsed,planning/museum-full-raw-sample-2026-05-12.txt,Seeded from reviewed raw full museum sample; use only when category slot count matches personal export.
Items,items,236,Cooking Pot,cooking pot,Y,source_parsed,planning/museum-full-raw-sample-2026-05-12.txt,Seeded from reviewed raw full museum sample; use only when category slot count matches personal export.
Items,items,237,Copper Wire,copper wire,Y,source_parsed,planning/museum-full-raw-sample-2026-05-12.txt,Seeded from reviewed raw full museum sample; use only when category slot count matches personal export.
Items,items,238,Corn Ball,corn ball,Y,source_parsed,planning/museum-full-raw-sample-2026-05-12.txt,Seeded from reviewed raw full museum sample; use only when category slot count matches personal export.
Items,items,239,Corn Bread,corn bread,N,source_parsed,planning/museum-full-raw-sample-2026-05-12.txt,Seeded from reviewed raw full museum sample; use only when category slot count matches personal export.
Items,items,240,Corn Buddy Doll,corn buddy doll,Y,source_parsed,planning/museum-full-raw-sample-2026-05-12.txt,Seeded from reviewed raw full museum sample; use only when category slot count matches personal export.
Items,items,241,Corn Husk Doll,corn husk doll,Y,source_parsed,planning/museum-full-raw-sample-2026-05-12.txt,Seeded from reviewed raw full museum sample; use only when category slot count matches personal export.
Items,items,242,Corn Oil,corn oil,Y,source_parsed,planning/museum-full-raw-sample-2026-05-12.txt,Seeded from reviewed raw full museum sample; use only when category slot count matches personal export.
Items,items,243,Corn Prize Bag,corn prize bag,Y,source_parsed,planning/museum-full-raw-sample-2026-05-12.txt,Seeded from reviewed raw full museum sample; use only when category slot count matches personal export.
Items,items,244,Corn Speedrun Trophy,corn speedrun trophy,Y,source_parsed,planning/museum-full-raw-sample-2026-05-12.txt,Seeded from reviewed raw full museum sample; use only when category slot count matches personal export.
Items,items,245,Cornucopia 01,cornucopia 01,Y,source_parsed,planning/museum-full-raw-sample-2026-05-12.txt,Seeded from reviewed raw full museum sample; use only when category slot count matches personal export.
Items,items,246,Cornucopia 02,cornucopia 02,Y,source_parsed,planning/museum-full-raw-sample-2026-05-12.txt,Seeded from reviewed raw full museum sample; use only when category slot count matches personal export.
Items,items,247,Cornucopia 03,cornucopia 03,Y,source_parsed,planning/museum-full-raw-sample-2026-05-12.txt,Seeded from reviewed raw full museum sample; use only when category slot count matches personal export.
Items,items,248,CptThomas Bobblehead,cptthomas bobblehead,Y,source_parsed,planning/museum-full-raw-sample-2026-05-12.txt,Seeded from reviewed raw full museum sample; use only when category slot count matches personal export.
Items,items,249,Crab Claw,crab claw,Y,source_parsed,planning/museum-full-raw-sample-2026-05-12.txt,Seeded from reviewed raw full museum sample; use only when category slot count matches personal export.
Items,items,250,Cranberry Juice,cranberry juice,Y,source_parsed,planning/museum-full-raw-sample-2026-05-12.txt,Seeded from reviewed raw full museum sample; use only when category slot count matches personal export.
Items,items,251,Cricket,cricket,Y,source_parsed,planning/museum-full-raw-sample-2026-05-12.txt,Seeded from reviewed raw full museum sample; use only when category slot count matches personal export.
Items,items,252,Crossbow,crossbow,Y,source_parsed,planning/museum-full-raw-sample-2026-05-12.txt,Seeded from reviewed raw full museum sample; use only when category slot count matches personal export.
Items,items,253,Crown of Clover,crown of clover,Y,source_parsed,planning/museum-full-raw-sample-2026-05-12.txt,Seeded from reviewed raw full museum sample; use only when category slot count matches personal export.
Items,items,254,Crystal Pickaxe,crystal pickaxe,Y,source_parsed,planning/museum-full-raw-sample-2026-05-12.txt,Seeded from reviewed raw full museum sample; use only when category slot count matches personal export.
Items,items,255,Cupid Buddy Doll,cupid buddy doll,Y,source_parsed,planning/museum-full-raw-sample-2026-05-12.txt,Seeded from reviewed raw full museum sample; use only when category slot count matches personal export.
Items,items,256,Cursed Effigy,cursed effigy,Y,source_parsed,planning/museum-full-raw-sample-2026-05-12.txt,Seeded from reviewed raw full museum sample; use only when category slot count matches personal export.
Items,items,257,Cursed Effigy Body,cursed effigy body,Y,source_parsed,planning/museum-full-raw-sample-2026-05-12.txt,Seeded from reviewed raw full museum sample; use only when category slot count matches personal export.
Items,items,258,Cursed Effigy Gem,cursed effigy gem,Y,source_parsed,planning/museum-full-raw-sample-2026-05-12.txt,Seeded from reviewed raw full museum sample; use only when category slot count matches personal export.
Items,items,259,Cursed Effigy Hair,cursed effigy hair,Y,source_parsed,planning/museum-full-raw-sample-2026-05-12.txt,Seeded from reviewed raw full museum sample; use only when category slot count matches personal export.
Items,items,260,Cursed Effigy Head,cursed effigy head,Y,source_parsed,planning/museum-full-raw-sample-2026-05-12.txt,Seeded from reviewed raw full museum sample; use only when category slot count matches personal export.
Items,items,261,Cutlass,cutlass,Y,source_parsed,planning/museum-full-raw-sample-2026-05-12.txt,Seeded from reviewed raw full museum sample; use only when category slot count matches personal export.
Items,items,262,Cyclops Spider,cyclops spider,Y,source_parsed,planning/museum-full-raw-sample-2026-05-12.txt,Seeded from reviewed raw full museum sample; use only when category slot count matches personal export.
Items,items,263,Dewstar's Journal,dewstar's journal,Y,source_parsed,planning/museum-full-raw-sample-2026-05-12.txt,Seeded from reviewed raw full museum sample; use only when category slot count matches personal export.
Items,items,264,Diamond,diamond,Y,source_parsed,planning/museum-full-raw-sample-2026-05-12.txt,Seeded from reviewed raw full museum sample; use only when category slot count matches personal export.
Items,items,265,Diamonds,diamonds,Y,source_parsed,planning/museum-full-raw-sample-2026-05-12.txt,Seeded from reviewed raw full museum sample; use only when category slot count matches personal export.
Items,items,266,Diary of O'Dynn,diary of o'dynn,Y,source_parsed,planning/museum-full-raw-sample-2026-05-12.txt,Seeded from reviewed raw full museum sample; use only when category slot count matches personal export.
Items,items,267,Dice,dice,Y,source_parsed,planning/museum-full-raw-sample-2026-05-12.txt,Seeded from reviewed raw full museum sample; use only when category slot count matches personal export.
Items,items,268,Dino Buddy Doll,dino buddy doll,Y,source_parsed,planning/museum-full-raw-sample-2026-05-12.txt,Seeded from reviewed raw full museum sample; use only when category slot count matches personal export.
Items,items,269,Diving Helmet,diving helmet,Y,source_parsed,planning/museum-full-raw-sample-2026-05-12.txt,Seeded from reviewed raw full museum sample; use only when category slot count matches personal export.
Items,items,270,Dragon Heart,dragon heart,Y,source_parsed,planning/museum-full-raw-sample-2026-05-12.txt,Seeded from reviewed raw full museum sample; use only when category slot count matches personal export.
Items,items,271,Dragon Skull,dragon skull,Y,source_parsed,planning/museum-full-raw-sample-2026-05-12.txt,Seeded from reviewed raw full museum sample; use only when category slot count matches personal export.
Items,items,272,Dragonfly,dragonfly,Y,source_parsed,planning/museum-full-raw-sample-2026-05-12.txt,Seeded from reviewed raw full museum sample; use only when category slot count matches personal export.
Items,items,273,Drink Bundle,drink bundle,Y,source_parsed,planning/museum-full-raw-sample-2026-05-12.txt,Seeded from reviewed raw full museum sample; use only when category slot count matches personal export.
Items,items,274,Duck Egg,duck egg,N,source_parsed,planning/museum-full-raw-sample-2026-05-12.txt,Seeded from reviewed raw full museum sample; use only when category slot count matches personal export.
Items,items,275,Duck Feather,duck feather,N,source_parsed,planning/museum-full-raw-sample-2026-05-12.txt,Seeded from reviewed raw full museum sample; use only when category slot count matches personal export.
Items,items,276,Egg of Chicken,egg of chicken,Y,source_parsed,planning/museum-full-raw-sample-2026-05-12.txt,Seeded from reviewed raw full museum sample; use only when category slot count matches personal export.
Items,items,277,Egg of Duck,egg of duck,N,source_parsed,planning/museum-full-raw-sample-2026-05-12.txt,Seeded from reviewed raw full museum sample; use only when category slot count matches personal export.
Items,items,278,Egg of Tree,egg of tree,Y,source_parsed,planning/museum-full-raw-sample-2026-05-12.txt,Seeded from reviewed raw full museum sample; use only when category slot count matches personal export.
Items,items,279,Eggs,eggs,Y,source_parsed,planning/museum-full-raw-sample-2026-05-12.txt,Seeded from reviewed raw full museum sample; use only when category slot count matches personal export.
Items,items,280,Embershard,embershard,Y,source_parsed,planning/museum-full-raw-sample-2026-05-12.txt,Seeded from reviewed raw full museum sample; use only when category slot count matches personal export.
Items,items,281,Emberstone,emberstone,Y,source_parsed,planning/museum-full-raw-sample-2026-05-12.txt,Seeded from reviewed raw full museum sample; use only when category slot count matches personal export.
Items,items,282,Emerald,emerald,Y,source_parsed,planning/museum-full-raw-sample-2026-05-12.txt,Seeded from reviewed raw full museum sample; use only when category slot count matches personal export.
Items,items,283,Emerald Ring,emerald ring,Y,source_parsed,planning/museum-full-raw-sample-2026-05-12.txt,Seeded from reviewed raw full museum sample; use only when category slot count matches personal export.
Items,items,284,Energy Coil,energy coil,Y,source_parsed,planning/museum-full-raw-sample-2026-05-12.txt,Seeded from reviewed raw full museum sample; use only when category slot count matches personal export.
Items,items,285,Energy Core,energy core,Y,source_parsed,planning/museum-full-raw-sample-2026-05-12.txt,Seeded from reviewed raw full museum sample; use only when category slot count matches personal export.
Items,items,286,Engine,engine,Y,source_parsed,planning/museum-full-raw-sample-2026-05-12.txt,Seeded from reviewed raw full museum sample; use only when category slot count matches personal export.
Items,items,287,Esperium,esperium,Y,source_parsed,planning/museum-full-raw-sample-2026-05-12.txt,Seeded from reviewed raw full museum sample; use only when category slot count matches personal export.
Items,items,288,Essence of Slime,essence of slime,Y,source_parsed,planning/museum-full-raw-sample-2026-05-12.txt,Seeded from reviewed raw full museum sample; use only when category slot count matches personal export.
Items,items,289,Event Token Purse,event token purse,Y,source_parsed,planning/museum-full-raw-sample-2026-05-12.txt,Seeded from reviewed raw full museum sample; use only when category slot count matches personal export.
Items,items,290,Expired Ticket,expired ticket,Y,source_parsed,planning/museum-full-raw-sample-2026-05-12.txt,Seeded from reviewed raw full museum sample; use only when category slot count matches personal export.
Items,items,291,Explosive,explosive,Y,source_parsed,planning/museum-full-raw-sample-2026-05-12.txt,Seeded from reviewed raw full museum sample; use only when category slot count matches personal export.
Items,items,292,Eye Patch,eye patch,Y,source_parsed,planning/museum-full-raw-sample-2026-05-12.txt,Seeded from reviewed raw full museum sample; use only when category slot count matches personal export.
Items,items,293,Fairy Crystal,fairy crystal,Y,source_parsed,planning/museum-full-raw-sample-2026-05-12.txt,Seeded from reviewed raw full museum sample; use only when category slot count matches personal export.
Items,items,294,Fall Basket,fall basket,Y,source_parsed,planning/museum-full-raw-sample-2026-05-12.txt,Seeded from reviewed raw full museum sample; use only when category slot count matches personal export.
Items,items,295,Fancy Box,fancy box,Y,source_parsed,planning/museum-full-raw-sample-2026-05-12.txt,Seeded from reviewed raw full museum sample; use only when category slot count matches personal export.
Items,items,296,Fancy Chair,fancy chair,Y,source_parsed,planning/museum-full-raw-sample-2026-05-12.txt,Seeded from reviewed raw full museum sample; use only when category slot count matches personal export.
Items,items,297,Fancy Clock,fancy clock,Y,source_parsed,planning/museum-full-raw-sample-2026-05-12.txt,Seeded from reviewed raw full museum sample; use only when category slot count matches personal export.
Items,items,298,Fancy Drum,fancy drum,Y,source_parsed,planning/museum-full-raw-sample-2026-05-12.txt,Seeded from reviewed raw full museum sample; use only when category slot count matches personal export.
Items,items,299,Fancy Guitar,fancy guitar,Y,source_parsed,planning/museum-full-raw-sample-2026-05-12.txt,Seeded from reviewed raw full museum sample; use only when category slot count matches personal export.
Items,items,300,Fancy Pan Flute,fancy pan flute,Y,source_parsed,planning/museum-full-raw-sample-2026-05-12.txt,Seeded from reviewed raw full museum sample; use only when category slot count matches personal export.
Items,items,301,Fancy Pillow,fancy pillow,N,source_parsed,planning/museum-full-raw-sample-2026-05-12.txt,Seeded from reviewed raw full museum sample; use only when category slot count matches personal export.
Items,items,302,Fancy Pipe,fancy pipe,Y,source_parsed,planning/museum-full-raw-sample-2026-05-12.txt,Seeded from reviewed raw full museum sample; use only when category slot count matches personal export.
Items,items,303,Fancy Shoe,fancy shoe,Y,source_parsed,planning/museum-full-raw-sample-2026-05-12.txt,Seeded from reviewed raw full museum sample; use only when category slot count matches personal export.
Items,items,304,Fancy Sword,fancy sword,Y,source_parsed,planning/museum-full-raw-sample-2026-05-12.txt,Seeded from reviewed raw full museum sample; use only when category slot count matches personal export.
Items,items,305,Fancy Table,fancy table,Y,source_parsed,planning/museum-full-raw-sample-2026-05-12.txt,Seeded from reviewed raw full museum sample; use only when category slot count matches personal export.
Items,items,306,Fancy Violin,fancy violin,Y,source_parsed,planning/museum-full-raw-sample-2026-05-12.txt,Seeded from reviewed raw full museum sample; use only when category slot count matches personal export.
Items,items,307,Fangs,fangs,Y,source_parsed,planning/museum-full-raw-sample-2026-05-12.txt,Seeded from reviewed raw full museum sample; use only when category slot count matches personal export.
Items,items,308,Fantastic Buddy Doll,fantastic buddy doll,Y,source_parsed,planning/museum-full-raw-sample-2026-05-12.txt,Seeded from reviewed raw full museum sample; use only when category slot count matches personal export.
Items,items,309,Feathers,feathers,Y,source_parsed,planning/museum-full-raw-sample-2026-05-12.txt,Seeded from reviewed raw full museum sample; use only when category slot count matches personal export.
Items,items,310,Feed,feed,Y,source_parsed,planning/museum-full-raw-sample-2026-05-12.txt,Seeded from reviewed raw full museum sample; use only when category slot count matches personal export.
Items,items,311,Fenrir's Coin,fenrir's coin,Y,source_parsed,planning/museum-full-raw-sample-2026-05-12.txt,Seeded from reviewed raw full museum sample; use only when category slot count matches personal export.
Items,items,312,Fern Leaf,fern leaf,Y,source_parsed,planning/museum-full-raw-sample-2026-05-12.txt,Seeded from reviewed raw full museum sample; use only when category slot count matches personal export.
Items,items,313,Fire Ant,fire ant,Y,source_parsed,planning/museum-full-raw-sample-2026-05-12.txt,Seeded from reviewed raw full museum sample; use only when category slot count matches personal export.
Items,items,314,Fire Ant Farm,fire ant farm,Y,source_parsed,planning/museum-full-raw-sample-2026-05-12.txt,Seeded from reviewed raw full museum sample; use only when category slot count matches personal export.
Items,items,315,Fire Crystal,fire crystal,Y,source_parsed,planning/museum-full-raw-sample-2026-05-12.txt,Seeded from reviewed raw full museum sample; use only when category slot count matches personal export.
Items,items,316,Firestream's Magic Wire,firestream's magic wire,Y,source_parsed,planning/museum-full-raw-sample-2026-05-12.txt,Seeded from reviewed raw full museum sample; use only when category slot count matches personal export.
Items,items,317,Fireworks,fireworks,Y,source_parsed,planning/museum-full-raw-sample-2026-05-12.txt,Seeded from reviewed raw full museum sample; use only when category slot count matches personal export.
Items,items,318,Fish Biscuit,fish biscuit,Y,source_parsed,planning/museum-full-raw-sample-2026-05-12.txt,Seeded from reviewed raw full museum sample; use only when category slot count matches personal export.
Items,items,319,Fishing Net,fishing net,Y,source_parsed,planning/museum-full-raw-sample-2026-05-12.txt,Seeded from reviewed raw full museum sample; use only when category slot count matches personal export.
Items,items,320,Five Point Mace,five point mace,Y,source_parsed,planning/museum-full-raw-sample-2026-05-12.txt,Seeded from reviewed raw full museum sample; use only when category slot count matches personal export.
Items,items,321,Flame Orb,flame orb,Y,source_parsed,planning/museum-full-raw-sample-2026-05-12.txt,Seeded from reviewed raw full museum sample; use only when category slot count matches personal export.
Items,items,322,Flarite,flarite,Y,source_parsed,planning/museum-full-raw-sample-2026-05-12.txt,Seeded from reviewed raw full museum sample; use only when category slot count matches personal export.
Items,items,323,Flour,flour,Y,source_parsed,planning/museum-full-raw-sample-2026-05-12.txt,Seeded from reviewed raw full museum sample; use only when category slot count matches personal export.
Items,items,324,Flying Machine,flying machine,Y,source_parsed,planning/museum-full-raw-sample-2026-05-12.txt,Seeded from reviewed raw full museum sample; use only when category slot count matches personal export.
Items,items,325,Flywheel,flywheel,Y,source_parsed,planning/museum-full-raw-sample-2026-05-12.txt,Seeded from reviewed raw full museum sample; use only when category slot count matches personal export.
Items,items,326,Forcepath's Book of Quest Requirements,forcepath's book of quest requirements,Y,source_parsed,planning/museum-full-raw-sample-2026-05-12.txt,Seeded from reviewed raw full museum sample; use only when category slot count matches personal export.
Items,items,327,Fossilized Frog,fossilized frog,Y,source_parsed,planning/museum-full-raw-sample-2026-05-12.txt,Seeded from reviewed raw full museum sample; use only when category slot count matches personal export.
Items,items,328,Fossilized Leaf,fossilized leaf,Y,source_parsed,planning/museum-full-raw-sample-2026-05-12.txt,Seeded from reviewed raw full museum sample; use only when category slot count matches personal export.
Items,items,329,Fossilized Print,fossilized print,Y,source_parsed,planning/museum-full-raw-sample-2026-05-12.txt,Seeded from reviewed raw full museum sample; use only when category slot count matches personal export.
Items,items,330,Fossilized Shell,fossilized shell,Y,source_parsed,planning/museum-full-raw-sample-2026-05-12.txt,Seeded from reviewed raw full museum sample; use only when category slot count matches personal export.
Items,items,331,frank Bobblehead,frank bobblehead,Y,source_parsed,planning/museum-full-raw-sample-2026-05-12.txt,Seeded from reviewed raw full museum sample; use only when category slot count matches personal export.
Items,items,332,frank's Basket,frank's basket,Y,source_parsed,planning/museum-full-raw-sample-2026-05-12.txt,Seeded from reviewed raw full museum sample; use only when category slot count matches personal export.
Items,items,333,Freaky Picture,freaky picture,Y,source_parsed,planning/museum-full-raw-sample-2026-05-12.txt,Seeded from reviewed raw full museum sample; use only when category slot count matches personal export.
Items,items,334,Friendship Bag 01,friendship bag 01,Y,source_parsed,planning/museum-full-raw-sample-2026-05-12.txt,Seeded from reviewed raw full museum sample; use only when category slot count matches personal export.
Items,items,335,Friendship Bracelet,friendship bracelet,Y,source_parsed,planning/museum-full-raw-sample-2026-05-12.txt,Seeded from reviewed raw full museum sample; use only when category slot count matches personal export.
Items,items,336,Frog,frog,Y,source_parsed,planning/museum-full-raw-sample-2026-05-12.txt,Seeded from reviewed raw full museum sample; use only when category slot count matches personal export.
Items,items,337,Frost Shield,frost shield,Y,source_parsed,planning/museum-full-raw-sample-2026-05-12.txt,Seeded from reviewed raw full museum sample; use only when category slot count matches personal export.
Items,items,338,Frost Snapper Shell,frost snapper shell,Y,source_parsed,planning/museum-full-raw-sample-2026-05-12.txt,Seeded from reviewed raw full museum sample; use only when category slot count matches personal export.
Items,items,339,Frozen Bouquet,frozen bouquet,Y,source_parsed,planning/museum-full-raw-sample-2026-05-12.txt,Seeded from reviewed raw full museum sample; use only when category slot count matches personal export.
Items,items,340,Frozen Buddy Doll,frozen buddy doll,Y,source_parsed,planning/museum-full-raw-sample-2026-05-12.txt,Seeded from reviewed raw full museum sample; use only when category slot count matches personal export.
Items,items,341,Frozen Chest 01,frozen chest 01,Y,source_parsed,planning/museum-full-raw-sample-2026-05-12.txt,Seeded from reviewed raw full museum sample; use only when category slot count matches personal export.
Items,items,342,Frozen Chest 02,frozen chest 02,Y,source_parsed,planning/museum-full-raw-sample-2026-05-12.txt,Seeded from reviewed raw full museum sample; use only when category slot count matches personal export.
Items,items,343,Frozen Chest 03,frozen chest 03,Y,source_parsed,planning/museum-full-raw-sample-2026-05-12.txt,Seeded from reviewed raw full museum sample; use only when category slot count matches personal export.
Items,items,344,Frozen Playground Key,frozen playground key,Y,source_parsed,planning/museum-full-raw-sample-2026-05-12.txt,Seeded from reviewed raw full museum sample; use only when category slot count matches personal export.
Items,items,345,Fruit Punch,fruit punch,Y,source_parsed,planning/museum-full-raw-sample-2026-05-12.txt,Seeded from reviewed raw full museum sample; use only when category slot count matches personal export.
Items,items,346,Fungus Processing and You,fungus processing and you,Y,source_parsed,planning/museum-full-raw-sample-2026-05-12.txt,Seeded from reviewed raw full museum sample; use only when category slot count matches personal export.
Items,items,347,Gainite,gainite,Y,source_parsed,planning/museum-full-raw-sample-2026-05-12.txt,Seeded from reviewed raw full museum sample; use only when category slot count matches personal export.
Items,items,348,Gare Bear,gare bear,Y,source_parsed,planning/museum-full-raw-sample-2026-05-12.txt,Seeded from reviewed raw full museum sample; use only when category slot count matches personal export.
Items,items,349,Garnet,garnet,Y,source_parsed,planning/museum-full-raw-sample-2026-05-12.txt,Seeded from reviewed raw full museum sample; use only when category slot count matches personal export.
Items,items,350,Garnet Ring,garnet ring,Y,source_parsed,planning/museum-full-raw-sample-2026-05-12.txt,Seeded from reviewed raw full museum sample; use only when category slot count matches personal export.
Items,items,351,Gary Bobblehead,gary bobblehead,Y,source_parsed,planning/museum-full-raw-sample-2026-05-12.txt,Seeded from reviewed raw full museum sample; use only when category slot count matches personal export.
Items,items,352,Gary's Crushroom Key,gary's crushroom key,Y,source_parsed,planning/museum-full-raw-sample-2026-05-12.txt,Seeded from reviewed raw full museum sample; use only when category slot count matches personal export.
Items,items,353,Gary's Diary Page 12,gary's diary page 12,Y,source_parsed,planning/museum-full-raw-sample-2026-05-12.txt,Seeded from reviewed raw full museum sample; use only when category slot count matches personal export.
Items,items,354,Gary's Diary Page 36,gary's diary page 36,Y,source_parsed,planning/museum-full-raw-sample-2026-05-12.txt,Seeded from reviewed raw full museum sample; use only when category slot count matches personal export.
Items,items,355,Gary's Diary Page 77,gary's diary page 77,Y,source_parsed,planning/museum-full-raw-sample-2026-05-12.txt,Seeded from reviewed raw full museum sample; use only when category slot count matches personal export.
Items,items,356,Gary's Diary Page 86,gary's diary page 86,Y,source_parsed,planning/museum-full-raw-sample-2026-05-12.txt,Seeded from reviewed raw full museum sample; use only when category slot count matches personal export.
Items,items,357,Gazebo,gazebo,Y,source_parsed,planning/museum-full-raw-sample-2026-05-12.txt,Seeded from reviewed raw full museum sample; use only when category slot count matches personal export.
Items,items,358,Geist Bobblehead,geist bobblehead,Y,source_parsed,planning/museum-full-raw-sample-2026-05-12.txt,Seeded from reviewed raw full museum sample; use only when category slot count matches personal export.
Items,items,359,George Bobblehead,george bobblehead,Y,source_parsed,planning/museum-full-raw-sample-2026-05-12.txt,Seeded from reviewed raw full museum sample; use only when category slot count matches personal export.
Items,items,360,George's Acorn Pie,george's acorn pie,Y,source_parsed,planning/museum-full-raw-sample-2026-05-12.txt,Seeded from reviewed raw full museum sample; use only when category slot count matches personal export.
Items,items,361,George's Onion Soup,george's onion soup,Y,source_parsed,planning/museum-full-raw-sample-2026-05-12.txt,Seeded from reviewed raw full museum sample; use only when category slot count matches personal export.
Items,items,362,Ghost Buddy Doll,ghost buddy doll,Y,source_parsed,planning/museum-full-raw-sample-2026-05-12.txt,Seeded from reviewed raw full museum sample; use only when category slot count matches personal export.
Items,items,363,Ghost Jelly,ghost jelly,Y,source_parsed,planning/museum-full-raw-sample-2026-05-12.txt,Seeded from reviewed raw full museum sample; use only when category slot count matches personal export.
Items,items,364,Giant Centipede,giant centipede,Y,source_parsed,planning/museum-full-raw-sample-2026-05-12.txt,Seeded from reviewed raw full museum sample; use only when category slot count matches personal export.
Items,items,365,Gift Basket 01,gift basket 01,Y,source_parsed,planning/museum-full-raw-sample-2026-05-12.txt,Seeded from reviewed raw full museum sample; use only when category slot count matches personal export.
Items,items,366,Gift Basket 02,gift basket 02,Y,source_parsed,planning/museum-full-raw-sample-2026-05-12.txt,Seeded from reviewed raw full museum sample; use only when category slot count matches personal export.
Items,items,367,Gingerbread Buddy Doll,gingerbread buddy doll,Y,source_parsed,planning/museum-full-raw-sample-2026-05-12.txt,Seeded from reviewed raw full museum sample; use only when category slot count matches personal export.
Items,items,368,Giving Box 01,giving box 01,Y,source_parsed,planning/museum-full-raw-sample-2026-05-12.txt,Seeded from reviewed raw full museum sample; use only when category slot count matches personal export.
Items,items,369,Glacierstone,glacierstone,Y,source_parsed,planning/museum-full-raw-sample-2026-05-12.txt,Seeded from reviewed raw full museum sample; use only when category slot count matches personal export.
Items,items,370,Glass Bottle,glass bottle,Y,source_parsed,planning/museum-full-raw-sample-2026-05-12.txt,Seeded from reviewed raw full museum sample; use only when category slot count matches personal export.
Items,items,371,Glass Jar,glass jar,Y,source_parsed,planning/museum-full-raw-sample-2026-05-12.txt,Seeded from reviewed raw full museum sample; use only when category slot count matches personal export.
Items,items,372,Glass Orb,glass orb,Y,source_parsed,planning/museum-full-raw-sample-2026-05-12.txt,Seeded from reviewed raw full museum sample; use only when category slot count matches personal export.
Items,items,373,Glowing Lantern,glowing lantern,Y,source_parsed,planning/museum-full-raw-sample-2026-05-12.txt,Seeded from reviewed raw full museum sample; use only when category slot count matches personal export.
Items,items,374,Glowshroom,glowshroom,Y,source_parsed,planning/museum-full-raw-sample-2026-05-12.txt,Seeded from reviewed raw full museum sample; use only when category slot count matches personal export.
Items,items,375,Gold Aquamarine Ring,gold aquamarine ring,Y,source_parsed,planning/museum-full-raw-sample-2026-05-12.txt,Seeded from reviewed raw full museum sample; use only when category slot count matches personal export.
Items,items,376,Gold Boot,gold boot,Y,source_parsed,planning/museum-full-raw-sample-2026-05-12.txt,Seeded from reviewed raw full museum sample; use only when category slot count matches personal export.
Items,items,377,Gold Diamond Ring,gold diamond ring,Y,source_parsed,planning/museum-full-raw-sample-2026-05-12.txt,Seeded from reviewed raw full museum sample; use only when category slot count matches personal export.
Items,items,378,Gold Emerald Ring,gold emerald ring,Y,source_parsed,planning/museum-full-raw-sample-2026-05-12.txt,Seeded from reviewed raw full museum sample; use only when category slot count matches personal export.
Items,items,379,Gold Feather,gold feather,Y,source_parsed,planning/museum-full-raw-sample-2026-05-12.txt,Seeded from reviewed raw full museum sample; use only when category slot count matches personal export.
Items,items,380,Gold Feed,gold feed,Y,source_parsed,planning/museum-full-raw-sample-2026-05-12.txt,Seeded from reviewed raw full museum sample; use only when category slot count matches personal export.
Items,items,381,Gold Garnet Ring,gold garnet ring,Y,source_parsed,planning/museum-full-raw-sample-2026-05-12.txt,Seeded from reviewed raw full museum sample; use only when category slot count matches personal export.
Items,items,382,Gold Jade Ring,gold jade ring,Y,source_parsed,planning/museum-full-raw-sample-2026-05-12.txt,Seeded from reviewed raw full museum sample; use only when category slot count matches personal export.
Items,items,383,Gold Laurel,gold laurel,Y,source_parsed,planning/museum-full-raw-sample-2026-05-12.txt,Seeded from reviewed raw full museum sample; use only when category slot count matches personal export.
Items,items,384,Gold Leaf,gold leaf,Y,source_parsed,planning/museum-full-raw-sample-2026-05-12.txt,Seeded from reviewed raw full museum sample; use only when category slot count matches personal export.
Items,items,385,Gold Lemon Quartz Ring,gold lemon quartz ring,Y,source_parsed,planning/museum-full-raw-sample-2026-05-12.txt,Seeded from reviewed raw full museum sample; use only when category slot count matches personal export.
Items,items,386,Gold Potato,gold potato,Y,source_parsed,planning/museum-full-raw-sample-2026-05-12.txt,Seeded from reviewed raw full museum sample; use only when category slot count matches personal export.
Items,items,387,Gold Ring,gold ring,Y,source_parsed,planning/museum-full-raw-sample-2026-05-12.txt,Seeded from reviewed raw full museum sample; use only when category slot count matches personal export.
Items,items,388,Gold Ruby Ring,gold ruby ring,Y,source_parsed,planning/museum-full-raw-sample-2026-05-12.txt,Seeded from reviewed raw full museum sample; use only when category slot count matches personal export.
Items,items,389,Gold Seed Bag 01,gold seed bag 01,Y,source_parsed,planning/museum-full-raw-sample-2026-05-12.txt,Seeded from reviewed raw full museum sample; use only when category slot count matches personal export.
Items,items,390,Goostav Bobblehead,goostav bobblehead,Y,source_parsed,planning/museum-full-raw-sample-2026-05-12.txt,Seeded from reviewed raw full museum sample; use only when category slot count matches personal export.
Items,items,391,Gouda,gouda,Y,source_parsed,planning/museum-full-raw-sample-2026-05-12.txt,Seeded from reviewed raw full museum sample; use only when category slot count matches personal export.
Items,items,392,Grab Bag 01,grab bag 01,Y,source_parsed,planning/museum-full-raw-sample-2026-05-12.txt,Seeded from reviewed raw full museum sample; use only when category slot count matches personal export.
Items,items,393,Grab Bag 02,grab bag 02,Y,source_parsed,planning/museum-full-raw-sample-2026-05-12.txt,Seeded from reviewed raw full museum sample; use only when category slot count matches personal export.
Items,items,394,Grab Bag 03,grab bag 03,Y,source_parsed,planning/museum-full-raw-sample-2026-05-12.txt,Seeded from reviewed raw full museum sample; use only when category slot count matches personal export.
Items,items,395,Grab Bag 04,grab bag 04,Y,source_parsed,planning/museum-full-raw-sample-2026-05-12.txt,Seeded from reviewed raw full museum sample; use only when category slot count matches personal export.
Items,items,396,Grab Bag 05,grab bag 05,Y,source_parsed,planning/museum-full-raw-sample-2026-05-12.txt,Seeded from reviewed raw full museum sample; use only when category slot count matches personal export.
Items,items,397,Grab Bag 06,grab bag 06,Y,source_parsed,planning/museum-full-raw-sample-2026-05-12.txt,Seeded from reviewed raw full museum sample; use only when category slot count matches personal export.
Items,items,398,Grab Bag 07,grab bag 07,Y,source_parsed,planning/museum-full-raw-sample-2026-05-12.txt,Seeded from reviewed raw full museum sample; use only when category slot count matches personal export.
Items,items,399,Grab Bag 08,grab bag 08,Y,source_parsed,planning/museum-full-raw-sample-2026-05-12.txt,Seeded from reviewed raw full museum sample; use only when category slot count matches personal export.
Items,items,400,Grand Piano,grand piano,Y,source_parsed,planning/museum-full-raw-sample-2026-05-12.txt,Seeded from reviewed raw full museum sample; use only when category slot count matches personal export.
Items,items,401,Grape Juice,grape juice,Y,source_parsed,planning/museum-full-raw-sample-2026-05-12.txt,Seeded from reviewed raw full museum sample; use only when category slot count matches personal export.
Items,items,402,Grapes,grapes,Y,source_parsed,planning/museum-full-raw-sample-2026-05-12.txt,Seeded from reviewed raw full museum sample; use only when category slot count matches personal export.
Items,items,403,Grasshopper,grasshopper,Y,source_parsed,planning/museum-full-raw-sample-2026-05-12.txt,Seeded from reviewed raw full museum sample; use only when category slot count matches personal export.
Items,items,404,Green Backpack,green backpack,Y,source_parsed,planning/museum-full-raw-sample-2026-05-12.txt,Seeded from reviewed raw full museum sample; use only when category slot count matches personal export.
Items,items,405,Green Butterfly,green butterfly,Y,source_parsed,planning/museum-full-raw-sample-2026-05-12.txt,Seeded from reviewed raw full museum sample; use only when category slot count matches personal export.
Items,items,406,Green Cloak,green cloak,Y,source_parsed,planning/museum-full-raw-sample-2026-05-12.txt,Seeded from reviewed raw full museum sample; use only when category slot count matches personal export.
Items,items,407,Green Diary,green diary,Y,source_parsed,planning/museum-full-raw-sample-2026-05-12.txt,Seeded from reviewed raw full museum sample; use only when category slot count matches personal export.
Items,items,408,Green Dye,green dye,Y,source_parsed,planning/museum-full-raw-sample-2026-05-12.txt,Seeded from reviewed raw full museum sample; use only when category slot count matches personal export.
Items,items,409,Green Halite,green halite,Y,source_parsed,planning/museum-full-raw-sample-2026-05-12.txt,Seeded from reviewed raw full museum sample; use only when category slot count matches personal export.
Items,items,410,Green Parchment,green parchment,Y,source_parsed,planning/museum-full-raw-sample-2026-05-12.txt,Seeded from reviewed raw full museum sample; use only when category slot count matches personal export.
Items,items,411,Green Rubee,green rubee,Y,source_parsed,planning/museum-full-raw-sample-2026-05-12.txt,Seeded from reviewed raw full museum sample; use only when category slot count matches personal export.
Items,items,412,Green Scarf,green scarf,Y,source_parsed,planning/museum-full-raw-sample-2026-05-12.txt,Seeded from reviewed raw full museum sample; use only when category slot count matches personal export.
Items,items,413,Green Shield,green shield,Y,source_parsed,planning/museum-full-raw-sample-2026-05-12.txt,Seeded from reviewed raw full museum sample; use only when category slot count matches personal export.
Items,items,414,Green Shirt,green shirt,Y,source_parsed,planning/museum-full-raw-sample-2026-05-12.txt,Seeded from reviewed raw full museum sample; use only when category slot count matches personal export.
Items,items,415,Green Torpedo,green torpedo,Y,source_parsed,planning/museum-full-raw-sample-2026-05-12.txt,Seeded from reviewed raw full museum sample; use only when category slot count matches personal export.
Items,items,416,Green Twine,green twine,Y,source_parsed,planning/museum-full-raw-sample-2026-05-12.txt,Seeded from reviewed raw full museum sample; use only when category slot count matches personal export.
Items,items,417,Groundhog Buddy Doll,groundhog buddy doll,Y,source_parsed,planning/museum-full-raw-sample-2026-05-12.txt,Seeded from reviewed raw full museum sample; use only when category slot count matches personal export.
Items,items,418,Growth Medallion I,growth medallion i,Y,source_parsed,planning/museum-full-raw-sample-2026-05-12.txt,Seeded from reviewed raw full museum sample; use only when category slot count matches personal export.
Items,items,419,Growth Medallion II,growth medallion ii,Y,source_parsed,planning/museum-full-raw-sample-2026-05-12.txt,Seeded from reviewed raw full museum sample; use only when category slot count matches personal export.
Items,items,420,Gummy Globber,gummy globber,Y,source_parsed,planning/museum-full-raw-sample-2026-05-12.txt,Seeded from reviewed raw full museum sample; use only when category slot count matches personal export.
Items,items,421,Hammer,hammer,Y,source_parsed,planning/museum-full-raw-sample-2026-05-12.txt,Seeded from reviewed raw full museum sample; use only when category slot count matches personal export.
Items,items,422,Handsaw,handsaw,Y,source_parsed,planning/museum-full-raw-sample-2026-05-12.txt,Seeded from reviewed raw full museum sample; use only when category slot count matches personal export.
Items,items,423,Harpoon,harpoon,N,source_parsed,planning/museum-full-raw-sample-2026-05-12.txt,Seeded from reviewed raw full museum sample; use only when category slot count matches personal export.
Items,items,424,Headdress of Luna,headdress of luna,Y,source_parsed,planning/museum-full-raw-sample-2026-05-12.txt,Seeded from reviewed raw full museum sample; use only when category slot count matches personal export.
Items,items,425,Heart Container,heart container,Y,source_parsed,planning/museum-full-raw-sample-2026-05-12.txt,Seeded from reviewed raw full museum sample; use only when category slot count matches personal export.
Items,items,426,Heart-shaped Box 01,heart-shaped box 01,Y,source_parsed,planning/museum-full-raw-sample-2026-05-12.txt,Seeded from reviewed raw full museum sample; use only when category slot count matches personal export.
Items,items,427,Heart-shaped Box 02,heart-shaped box 02,Y,source_parsed,planning/museum-full-raw-sample-2026-05-12.txt,Seeded from reviewed raw full museum sample; use only when category slot count matches personal export.
Items,items,428,Heart-shaped Box 03,heart-shaped box 03,Y,source_parsed,planning/museum-full-raw-sample-2026-05-12.txt,Seeded from reviewed raw full museum sample; use only when category slot count matches personal export.
Items,items,429,Hearts,hearts,Y,source_parsed,planning/museum-full-raw-sample-2026-05-12.txt,Seeded from reviewed raw full museum sample; use only when category slot count matches personal export.
Items,items,430,Hensods's Bonsai,hensods's bonsai,Y,source_parsed,planning/museum-full-raw-sample-2026-05-12.txt,Seeded from reviewed raw full museum sample; use only when category slot count matches personal export.
Items,items,431,Herbs,herbs,Y,source_parsed,planning/museum-full-raw-sample-2026-05-12.txt,Seeded from reviewed raw full museum sample; use only when category slot count matches personal export.
Items,items,432,Hide,hide,Y,source_parsed,planning/museum-full-raw-sample-2026-05-12.txt,Seeded from reviewed raw full museum sample; use only when category slot count matches personal export.
Items,items,433,Holger Bobblehead,holger bobblehead,Y,source_parsed,planning/museum-full-raw-sample-2026-05-12.txt,Seeded from reviewed raw full museum sample; use only when category slot count matches personal export.
Items,items,434,Holger's Lunch Box,holger's lunch box,Y,source_parsed,planning/museum-full-raw-sample-2026-05-12.txt,Seeded from reviewed raw full museum sample; use only when category slot count matches personal export.
Items,items,435,Holger's Mushroom Stew,holger's mushroom stew,Y,source_parsed,planning/museum-full-raw-sample-2026-05-12.txt,Seeded from reviewed raw full museum sample; use only when category slot count matches personal export.
Items,items,436,Holiday Cheer Bundle 01,holiday cheer bundle 01,Y,source_parsed,planning/museum-full-raw-sample-2026-05-12.txt,Seeded from reviewed raw full museum sample; use only when category slot count matches personal export.
Items,items,437,Honey,honey,Y,source_parsed,planning/museum-full-raw-sample-2026-05-12.txt,Seeded from reviewed raw full museum sample; use only when category slot count matches personal export.
Items,items,438,Honeycomb,honeycomb,Y,source_parsed,planning/museum-full-raw-sample-2026-05-12.txt,Seeded from reviewed raw full museum sample; use only when category slot count matches personal export.
Items,items,439,Honeysuckle,honeysuckle,Y,source_parsed,planning/museum-full-raw-sample-2026-05-12.txt,Seeded from reviewed raw full museum sample; use only when category slot count matches personal export.
Items,items,440,Horn,horn,Y,source_parsed,planning/museum-full-raw-sample-2026-05-12.txt,Seeded from reviewed raw full museum sample; use only when category slot count matches personal export.
Items,items,441,Horn Canteen,horn canteen,Y,source_parsed,planning/museum-full-raw-sample-2026-05-12.txt,Seeded from reviewed raw full museum sample; use only when category slot count matches personal export.
Items,items,442,Horned Beetle,horned beetle,Y,source_parsed,planning/museum-full-raw-sample-2026-05-12.txt,Seeded from reviewed raw full museum sample; use only when category slot count matches personal export.
Items,items,443,Horseman's Belt,horseman's belt,Y,source_parsed,planning/museum-full-raw-sample-2026-05-12.txt,Seeded from reviewed raw full museum sample; use only when category slot count matches personal export.
Items,items,444,Horseshoe,horseshoe,Y,source_parsed,planning/museum-full-raw-sample-2026-05-12.txt,Seeded from reviewed raw full museum sample; use only when category slot count matches personal export.
Items,items,445,Hotdog Buddy Doll,hotdog buddy doll,Y,source_parsed,planning/museum-full-raw-sample-2026-05-12.txt,Seeded from reviewed raw full museum sample; use only when category slot count matches personal export.
Items,items,446,Hourglass,hourglass,Y,source_parsed,planning/museum-full-raw-sample-2026-05-12.txt,Seeded from reviewed raw full museum sample; use only when category slot count matches personal export.
Items,items,447,Hummingbird Feeder,hummingbird feeder,Y,source_parsed,planning/museum-full-raw-sample-2026-05-12.txt,Seeded from reviewed raw full museum sample; use only when category slot count matches personal export.
Items,items,448,Ice Scraper,ice scraper,Y,source_parsed,planning/museum-full-raw-sample-2026-05-12.txt,Seeded from reviewed raw full museum sample; use only when category slot count matches personal export.
Items,items,449,Iced Tea,iced tea,Y,source_parsed,planning/museum-full-raw-sample-2026-05-12.txt,Seeded from reviewed raw full museum sample; use only when category slot count matches personal export.
Items,items,450,Inferno Ring,inferno ring,Y,source_parsed,planning/museum-full-raw-sample-2026-05-12.txt,Seeded from reviewed raw full museum sample; use only when category slot count matches personal export.
Items,items,451,Inferno Sphere,inferno sphere,Y,source_parsed,planning/museum-full-raw-sample-2026-05-12.txt,Seeded from reviewed raw full museum sample; use only when category slot count matches personal export.
Items,items,452,Iron,iron,Y,source_parsed,planning/museum-full-raw-sample-2026-05-12.txt,Seeded from reviewed raw full museum sample; use only when category slot count matches personal export.
Items,items,453,Iron Cup,iron cup,Y,source_parsed,planning/museum-full-raw-sample-2026-05-12.txt,Seeded from reviewed raw full museum sample; use only when category slot count matches personal export.
Items,items,454,Iron Ring,iron ring,Y,source_parsed,planning/museum-full-raw-sample-2026-05-12.txt,Seeded from reviewed raw full museum sample; use only when category slot count matches personal export.
Items,items,455,Jack-o-key,jack-o-key,Y,source_parsed,planning/museum-full-raw-sample-2026-05-12.txt,Seeded from reviewed raw full museum sample; use only when category slot count matches personal export.
Items,items,456,Jade,jade,Y,source_parsed,planning/museum-full-raw-sample-2026-05-12.txt,Seeded from reviewed raw full museum sample; use only when category slot count matches personal export.
Items,items,457,Jade Charm,jade charm,Y,source_parsed,planning/museum-full-raw-sample-2026-05-12.txt,Seeded from reviewed raw full museum sample; use only when category slot count matches personal export.
Items,items,458,Jadeite,jadeite,Y,source_parsed,planning/museum-full-raw-sample-2026-05-12.txt,Seeded from reviewed raw full museum sample; use only when category slot count matches personal export.
Items,items,459,Jar of Pickles,jar of pickles,Y,source_parsed,planning/museum-full-raw-sample-2026-05-12.txt,Seeded from reviewed raw full museum sample; use only when category slot count matches personal export.
Items,items,460,Jester Buddy Doll,jester buddy doll,Y,source_parsed,planning/museum-full-raw-sample-2026-05-12.txt,Seeded from reviewed raw full museum sample; use only when category slot count matches personal export.
Items,items,461,Jill Bobblehead,jill bobblehead,Y,source_parsed,planning/museum-full-raw-sample-2026-05-12.txt,Seeded from reviewed raw full museum sample; use only when category slot count matches personal export.
Items,items,462,Jill's Quandary Chowder,jill's quandary chowder,Y,source_parsed,planning/museum-full-raw-sample-2026-05-12.txt,Seeded from reviewed raw full museum sample; use only when category slot count matches personal export.
Items,items,463,Joker,joker,Y,source_parsed,planning/museum-full-raw-sample-2026-05-12.txt,Seeded from reviewed raw full museum sample; use only when category slot count matches personal export.
Items,items,464,Keeper Trapper,keeper trapper,Y,source_parsed,planning/museum-full-raw-sample-2026-05-12.txt,Seeded from reviewed raw full museum sample; use only when category slot count matches personal export.
Items,items,465,Keyglobe,keyglobe,Y,source_parsed,planning/museum-full-raw-sample-2026-05-12.txt,Seeded from reviewed raw full museum sample; use only when category slot count matches personal export.
Items,items,466,Kill Switch,kill switch,Y,source_parsed,planning/museum-full-raw-sample-2026-05-12.txt,Seeded from reviewed raw full museum sample; use only when category slot count matches personal export.
Items,items,467,Kite Kite,kite kite,Y,source_parsed,planning/museum-full-raw-sample-2026-05-12.txt,Seeded from reviewed raw full museum sample; use only when category slot count matches personal export.
Items,items,468,Krampus Buddy Doll,krampus buddy doll,Y,source_parsed,planning/museum-full-raw-sample-2026-05-12.txt,Seeded from reviewed raw full museum sample; use only when category slot count matches personal export.
Items,items,469,Labubuddy Doll,labubuddy doll,Y,source_parsed,planning/museum-full-raw-sample-2026-05-12.txt,Seeded from reviewed raw full museum sample; use only when category slot count matches personal export.
Items,items,470,Ladder,ladder,Y,source_parsed,planning/museum-full-raw-sample-2026-05-12.txt,Seeded from reviewed raw full museum sample; use only when category slot count matches personal export.
Items,items,471,Langstaff Crest,langstaff crest,Y,source_parsed,planning/museum-full-raw-sample-2026-05-12.txt,Seeded from reviewed raw full museum sample; use only when category slot count matches personal export.
Items,items,472,Lantern,lantern,Y,source_parsed,planning/museum-full-raw-sample-2026-05-12.txt,Seeded from reviewed raw full museum sample; use only when category slot count matches personal export.
Items,items,473,Lapis Lazuli,lapis lazuli,Y,source_parsed,planning/museum-full-raw-sample-2026-05-12.txt,Seeded from reviewed raw full museum sample; use only when category slot count matches personal export.
Items,items,474,Large Chest 01,large chest 01,Y,source_parsed,planning/museum-full-raw-sample-2026-05-12.txt,Seeded from reviewed raw full museum sample; use only when category slot count matches personal export.
Items,items,475,Large Chest 02,large chest 02,Y,source_parsed,planning/museum-full-raw-sample-2026-05-12.txt,Seeded from reviewed raw full museum sample; use only when category slot count matches personal export.
Items,items,476,Large Chest 03,large chest 03,Y,source_parsed,planning/museum-full-raw-sample-2026-05-12.txt,Seeded from reviewed raw full museum sample; use only when category slot count matches personal export.
Items,items,477,Large Net,large net,Y,source_parsed,planning/museum-full-raw-sample-2026-05-12.txt,Seeded from reviewed raw full museum sample; use only when category slot count matches personal export.
Items,items,478,Lava Ring,lava ring,Y,source_parsed,planning/museum-full-raw-sample-2026-05-12.txt,Seeded from reviewed raw full museum sample; use only when category slot count matches personal export.
Items,items,479,Lava Sphere,lava sphere,Y,source_parsed,planning/museum-full-raw-sample-2026-05-12.txt,Seeded from reviewed raw full museum sample; use only when category slot count matches personal export.
Items,items,480,Lavos Shard,lavos shard,Y,source_parsed,planning/museum-full-raw-sample-2026-05-12.txt,Seeded from reviewed raw full museum sample; use only when category slot count matches personal export.
Items,items,481,Leather,leather,Y,source_parsed,planning/museum-full-raw-sample-2026-05-12.txt,Seeded from reviewed raw full museum sample; use only when category slot count matches personal export.
Items,items,482,Leather Bag,leather bag,Y,source_parsed,planning/museum-full-raw-sample-2026-05-12.txt,Seeded from reviewed raw full museum sample; use only when category slot count matches personal export.
Items,items,483,Leather Belt,leather belt,Y,source_parsed,planning/museum-full-raw-sample-2026-05-12.txt,Seeded from reviewed raw full museum sample; use only when category slot count matches personal export.
Items,items,484,Leather Diary,leather diary,Y,source_parsed,planning/museum-full-raw-sample-2026-05-12.txt,Seeded from reviewed raw full museum sample; use only when category slot count matches personal export.
Items,items,485,Leather Helmet,leather helmet,Y,source_parsed,planning/museum-full-raw-sample-2026-05-12.txt,Seeded from reviewed raw full museum sample; use only when category slot count matches personal export.
Items,items,486,Leather Waterskin,leather waterskin,Y,source_parsed,planning/museum-full-raw-sample-2026-05-12.txt,Seeded from reviewed raw full museum sample; use only when category slot count matches personal export.
Items,items,487,Lemon,lemon,Y,source_parsed,planning/museum-full-raw-sample-2026-05-12.txt,Seeded from reviewed raw full museum sample; use only when category slot count matches personal export.
Items,items,488,Lemon Quartz,lemon quartz,Y,source_parsed,planning/museum-full-raw-sample-2026-05-12.txt,Seeded from reviewed raw full museum sample; use only when category slot count matches personal export.
Items,items,489,Lemon Quartz Ring,lemon quartz ring,Y,source_parsed,planning/museum-full-raw-sample-2026-05-12.txt,Seeded from reviewed raw full museum sample; use only when category slot count matches personal export.
Items,items,490,Lemonade,lemonade,Y,source_parsed,planning/museum-full-raw-sample-2026-05-12.txt,Seeded from reviewed raw full museum sample; use only when category slot count matches personal export.
Items,items,491,Leprechaun Buddy Doll,leprechaun buddy doll,Y,source_parsed,planning/museum-full-raw-sample-2026-05-12.txt,Seeded from reviewed raw full museum sample; use only when category slot count matches personal export.
Items,items,492,Leprechaun Hat,leprechaun hat,Y,source_parsed,planning/museum-full-raw-sample-2026-05-12.txt,Seeded from reviewed raw full museum sample; use only when category slot count matches personal export.
Items,items,493,Lima Bean,lima bean,Y,source_parsed,planning/museum-full-raw-sample-2026-05-12.txt,Seeded from reviewed raw full museum sample; use only when category slot count matches personal export.
Items,items,494,Linked Lantern,linked lantern,Y,source_parsed,planning/museum-full-raw-sample-2026-05-12.txt,Seeded from reviewed raw full museum sample; use only when category slot count matches personal export.
Items,items,495,List of Corn Puns,list of corn puns,Y,source_parsed,planning/museum-full-raw-sample-2026-05-12.txt,Seeded from reviewed raw full museum sample; use only when category slot count matches personal export.
Items,items,496,Looking Glass,looking glass,Y,source_parsed,planning/museum-full-raw-sample-2026-05-12.txt,Seeded from reviewed raw full museum sample; use only when category slot count matches personal export.
Items,items,497,Lorn Bobblehead,lorn bobblehead,Y,source_parsed,planning/museum-full-raw-sample-2026-05-12.txt,Seeded from reviewed raw full museum sample; use only when category slot count matches personal export.
Items,items,498,Lorn's Breakfast Boost,lorn's breakfast boost,Y,source_parsed,planning/museum-full-raw-sample-2026-05-12.txt,Seeded from reviewed raw full museum sample; use only when category slot count matches personal export.
Items,items,499,Lovely Rose,lovely rose,Y,source_parsed,planning/museum-full-raw-sample-2026-05-12.txt,Seeded from reviewed raw full museum sample; use only when category slot count matches personal export.
Items,items,500,Lucky Cat Buddy Doll,lucky cat buddy doll,Y,source_parsed,planning/museum-full-raw-sample-2026-05-12.txt,Seeded from reviewed raw full museum sample; use only when category slot count matches personal export.
Items,items,501,Lucky Rabbit Foot,lucky rabbit foot,Y,source_parsed,planning/museum-full-raw-sample-2026-05-12.txt,Seeded from reviewed raw full museum sample; use only when category slot count matches personal export.
Items,items,502,Lucky Spiral Belt,lucky spiral belt,Y,source_parsed,planning/museum-full-raw-sample-2026-05-12.txt,Seeded from reviewed raw full museum sample; use only when category slot count matches personal export.
Items,items,503,Machine Part,machine part,Y,source_parsed,planning/museum-full-raw-sample-2026-05-12.txt,Seeded from reviewed raw full museum sample; use only when category slot count matches personal export.
Items,items,504,Machine Press,machine press,Y,source_parsed,planning/museum-full-raw-sample-2026-05-12.txt,Seeded from reviewed raw full museum sample; use only when category slot count matches personal export.
Items,items,505,Maduin's Cup,maduin's cup,Y,source_parsed,planning/museum-full-raw-sample-2026-05-12.txt,Seeded from reviewed raw full museum sample; use only when category slot count matches personal export.
Items,items,506,Magic Lamp,magic lamp,N,source_parsed,planning/museum-full-raw-sample-2026-05-12.txt,Seeded from reviewed raw full museum sample; use only when category slot count matches personal export.
Items,items,507,Magic Mirror,magic mirror,Y,source_parsed,planning/museum-full-raw-sample-2026-05-12.txt,Seeded from reviewed raw full museum sample; use only when category slot count matches personal export.
Items,items,508,Magical Chest 01,magical chest 01,Y,source_parsed,planning/museum-full-raw-sample-2026-05-12.txt,Seeded from reviewed raw full museum sample; use only when category slot count matches personal export.
Items,items,509,Magical Chest 02,magical chest 02,Y,source_parsed,planning/museum-full-raw-sample-2026-05-12.txt,Seeded from reviewed raw full museum sample; use only when category slot count matches personal export.
Items,items,510,Magicite,magicite,Y,source_parsed,planning/museum-full-raw-sample-2026-05-12.txt,Seeded from reviewed raw full museum sample; use only when category slot count matches personal export.
Items,items,511,Magmastone,magmastone,Y,source_parsed,planning/museum-full-raw-sample-2026-05-12.txt,Seeded from reviewed raw full museum sample; use only when category slot count matches personal export.
Items,items,512,Magna Core,magna core,Y,source_parsed,planning/museum-full-raw-sample-2026-05-12.txt,Seeded from reviewed raw full museum sample; use only when category slot count matches personal export.
Items,items,513,Magna Quartz,magna quartz,Y,source_parsed,planning/museum-full-raw-sample-2026-05-12.txt,Seeded from reviewed raw full museum sample; use only when category slot count matches personal export.
Items,items,514,Magnifying Glass,magnifying glass,Y,source_parsed,planning/museum-full-raw-sample-2026-05-12.txt,Seeded from reviewed raw full museum sample; use only when category slot count matches personal export.
Items,items,515,Magus Hat,magus hat,Y,source_parsed,planning/museum-full-raw-sample-2026-05-12.txt,Seeded from reviewed raw full museum sample; use only when category slot count matches personal export.
Items,items,516,Mapping Compass,mapping compass,Y,source_parsed,planning/museum-full-raw-sample-2026-05-12.txt,Seeded from reviewed raw full museum sample; use only when category slot count matches personal export.
Items,items,517,Mariya Bobblehead,mariya bobblehead,Y,source_parsed,planning/museum-full-raw-sample-2026-05-12.txt,Seeded from reviewed raw full museum sample; use only when category slot count matches personal export.
Items,items,518,Mariya's Festive Eggnog,mariya's festive eggnog,Y,source_parsed,planning/museum-full-raw-sample-2026-05-12.txt,Seeded from reviewed raw full museum sample; use only when category slot count matches personal export.
Items,items,519,Mariya's Hickory Omelette,mariya's hickory omelette,Y,source_parsed,planning/museum-full-raw-sample-2026-05-12.txt,Seeded from reviewed raw full museum sample; use only when category slot count matches personal export.
Items,items,520,Mark of Knowledge,mark of knowledge,Y,source_parsed,planning/museum-full-raw-sample-2026-05-12.txt,Seeded from reviewed raw full museum sample; use only when category slot count matches personal export.
Items,items,521,Maverick Chip,maverick chip,Y,source_parsed,planning/museum-full-raw-sample-2026-05-12.txt,Seeded from reviewed raw full museum sample; use only when category slot count matches personal export.
Items,items,522,Mayonnaise,mayonnaise,Y,source_parsed,planning/museum-full-raw-sample-2026-05-12.txt,Seeded from reviewed raw full museum sample; use only when category slot count matches personal export.
Items,items,523,Mechanical Heart,mechanical heart,Y,source_parsed,planning/museum-full-raw-sample-2026-05-12.txt,Seeded from reviewed raw full museum sample; use only when category slot count matches personal export.
Items,items,524,Medium Chest 01,medium chest 01,Y,source_parsed,planning/museum-full-raw-sample-2026-05-12.txt,Seeded from reviewed raw full museum sample; use only when category slot count matches personal export.
Items,items,525,Medium Chest 02,medium chest 02,Y,source_parsed,planning/museum-full-raw-sample-2026-05-12.txt,Seeded from reviewed raw full museum sample; use only when category slot count matches personal export.
Items,items,526,Medium Chest 03,medium chest 03,Y,source_parsed,planning/museum-full-raw-sample-2026-05-12.txt,Seeded from reviewed raw full museum sample; use only when category slot count matches personal export.
Items,items,527,Meerif Crest,meerif crest,Y,source_parsed,planning/museum-full-raw-sample-2026-05-12.txt,Seeded from reviewed raw full museum sample; use only when category slot count matches personal export.
Items,items,528,Metal Spool,metal spool,Y,source_parsed,planning/museum-full-raw-sample-2026-05-12.txt,Seeded from reviewed raw full museum sample; use only when category slot count matches personal export.
Items,items,529,MIAB,miab,Y,source_parsed,planning/museum-full-raw-sample-2026-05-12.txt,Seeded from reviewed raw full museum sample; use only when category slot count matches personal export.
Items,items,530,Milk,milk,Y,source_parsed,planning/museum-full-raw-sample-2026-05-12.txt,Seeded from reviewed raw full museum sample; use only when category slot count matches personal export.
Items,items,531,Mini Time Egg,mini time egg,Y,source_parsed,planning/museum-full-raw-sample-2026-05-12.txt,Seeded from reviewed raw full museum sample; use only when category slot count matches personal export.
Items,items,532,Mist Lily,mist lily,Y,source_parsed,planning/museum-full-raw-sample-2026-05-12.txt,Seeded from reviewed raw full museum sample; use only when category slot count matches personal export.
Items,items,533,Mixed Nuts,mixed nuts,Y,source_parsed,planning/museum-full-raw-sample-2026-05-12.txt,Seeded from reviewed raw full museum sample; use only when category slot count matches personal export.
Items,items,534,Mizzem's Daisies,mizzem's daisies,Y,source_parsed,planning/museum-full-raw-sample-2026-05-12.txt,Seeded from reviewed raw full museum sample; use only when category slot count matches personal export.
Items,items,535,Model Ship,model ship,Y,source_parsed,planning/museum-full-raw-sample-2026-05-12.txt,Seeded from reviewed raw full museum sample; use only when category slot count matches personal export.
Items,items,536,Molasses,molasses,Y,source_parsed,planning/museum-full-raw-sample-2026-05-12.txt,Seeded from reviewed raw full museum sample; use only when category slot count matches personal export.
Items,items,537,Monster Skull,monster skull,Y,source_parsed,planning/museum-full-raw-sample-2026-05-12.txt,Seeded from reviewed raw full museum sample; use only when category slot count matches personal export.
Items,items,538,Moonbreaker,moonbreaker,Y,source_parsed,planning/museum-full-raw-sample-2026-05-12.txt,Seeded from reviewed raw full museum sample; use only when category slot count matches personal export.
Items,items,539,Moonstone,moonstone,Y,source_parsed,planning/museum-full-raw-sample-2026-05-12.txt,Seeded from reviewed raw full museum sample; use only when category slot count matches personal export.
Items,items,540,Mossy Stone,mossy stone,Y,source_parsed,planning/museum-full-raw-sample-2026-05-12.txt,Seeded from reviewed raw full museum sample; use only when category slot count matches personal export.
Items,items,541,Movember Buddy Doll,movember buddy doll,Y,source_parsed,planning/museum-full-raw-sample-2026-05-12.txt,Seeded from reviewed raw full museum sample; use only when category slot count matches personal export.
Items,items,542,Mudcap,mudcap,Y,source_parsed,planning/museum-full-raw-sample-2026-05-12.txt,Seeded from reviewed raw full museum sample; use only when category slot count matches personal export.
Items,items,543,Mug of Beer,mug of beer,Y,source_parsed,planning/museum-full-raw-sample-2026-05-12.txt,Seeded from reviewed raw full museum sample; use only when category slot count matches personal export.
Items,items,544,Mummy Bobblehead,mummy bobblehead,Y,source_parsed,planning/museum-full-raw-sample-2026-05-12.txt,Seeded from reviewed raw full museum sample; use only when category slot count matches personal export.
Items,items,545,Mushroom,mushroom,Y,source_parsed,planning/museum-full-raw-sample-2026-05-12.txt,Seeded from reviewed raw full museum sample; use only when category slot count matches personal export.
Items,items,546,Mushroom Paste,mushroom paste,Y,source_parsed,planning/museum-full-raw-sample-2026-05-12.txt,Seeded from reviewed raw full museum sample; use only when category slot count matches personal export.
Items,items,547,Music Box,music box,Y,source_parsed,planning/museum-full-raw-sample-2026-05-12.txt,Seeded from reviewed raw full museum sample; use only when category slot count matches personal export.
Items,items,548,Mystic Ring,mystic ring,Y,source_parsed,planning/museum-full-raw-sample-2026-05-12.txt,Seeded from reviewed raw full museum sample; use only when category slot count matches personal export.
Items,items,549,Mystical Chest 01,mystical chest 01,Y,source_parsed,planning/museum-full-raw-sample-2026-05-12.txt,Seeded from reviewed raw full museum sample; use only when category slot count matches personal export.
Items,items,550,Mystical Chest 02,mystical chest 02,Y,source_parsed,planning/museum-full-raw-sample-2026-05-12.txt,Seeded from reviewed raw full museum sample; use only when category slot count matches personal export.
Items,items,551,Mystical Staff,mystical staff,Y,source_parsed,planning/museum-full-raw-sample-2026-05-12.txt,Seeded from reviewed raw full museum sample; use only when category slot count matches personal export.
Items,items,552,Nailed Board,nailed board,Y,source_parsed,planning/museum-full-raw-sample-2026-05-12.txt,Seeded from reviewed raw full museum sample; use only when category slot count matches personal export.
Items,items,553,Nails,nails,Y,source_parsed,planning/museum-full-raw-sample-2026-05-12.txt,Seeded from reviewed raw full museum sample; use only when category slot count matches personal export.
Items,items,554,Nightshade Cap,nightshade cap,Y,source_parsed,planning/museum-full-raw-sample-2026-05-12.txt,Seeded from reviewed raw full museum sample; use only when category slot count matches personal export.
Items,items,555,Nirumdivar,nirumdivar,Y,source_parsed,planning/museum-full-raw-sample-2026-05-12.txt,Seeded from reviewed raw full museum sample; use only when category slot count matches personal export.
Items,items,556,Notary Certificate,notary certificate,Y,source_parsed,planning/museum-full-raw-sample-2026-05-12.txt,Seeded from reviewed raw full museum sample; use only when category slot count matches personal export.
Items,items,557,Notary Stamp,notary stamp,Y,source_parsed,planning/museum-full-raw-sample-2026-05-12.txt,Seeded from reviewed raw full museum sample; use only when category slot count matches personal export.
Items,items,558,Nut Cracker Buddy Doll,nut cracker buddy doll,Y,source_parsed,planning/museum-full-raw-sample-2026-05-12.txt,Seeded from reviewed raw full museum sample; use only when category slot count matches personal export.
Items,items,559,Oak,oak,Y,source_parsed,planning/museum-full-raw-sample-2026-05-12.txt,Seeded from reviewed raw full museum sample; use only when category slot count matches personal export.
Items,items,560,Oak Table,oak table,Y,source_parsed,planning/museum-full-raw-sample-2026-05-12.txt,Seeded from reviewed raw full museum sample; use only when category slot count matches personal export.
Items,items,561,Oceanite,oceanite,Y,source_parsed,planning/museum-full-raw-sample-2026-05-12.txt,Seeded from reviewed raw full museum sample; use only when category slot count matches personal export.
Items,items,562,Odthorin's Charm,odthorin's charm,Y,source_parsed,planning/museum-full-raw-sample-2026-05-12.txt,Seeded from reviewed raw full museum sample; use only when category slot count matches personal export.
Items,items,563,Official Share,official share,Y,source_parsed,planning/museum-full-raw-sample-2026-05-12.txt,Seeded from reviewed raw full museum sample; use only when category slot count matches personal export.
Items,items,564,Old Boot,old boot,Y,source_parsed,planning/museum-full-raw-sample-2026-05-12.txt,Seeded from reviewed raw full museum sample; use only when category slot count matches personal export.
Items,items,565,Onyx Scorpion,onyx scorpion,Y,source_parsed,planning/museum-full-raw-sample-2026-05-12.txt,Seeded from reviewed raw full museum sample; use only when category slot count matches personal export.
Items,items,566,Opposition Hourglass,opposition hourglass,Y,source_parsed,planning/museum-full-raw-sample-2026-05-12.txt,Seeded from reviewed raw full museum sample; use only when category slot count matches personal export.
Items,items,567,Orange,orange,Y,source_parsed,planning/museum-full-raw-sample-2026-05-12.txt,Seeded from reviewed raw full museum sample; use only when category slot count matches personal export.
Items,items,568,Orange Butterfly,orange butterfly,Y,source_parsed,planning/museum-full-raw-sample-2026-05-12.txt,Seeded from reviewed raw full museum sample; use only when category slot count matches personal export.
Items,items,569,Orange Calcite,orange calcite,Y,source_parsed,planning/museum-full-raw-sample-2026-05-12.txt,Seeded from reviewed raw full museum sample; use only when category slot count matches personal export.
Items,items,570,Orange Dye,orange dye,Y,source_parsed,planning/museum-full-raw-sample-2026-05-12.txt,Seeded from reviewed raw full museum sample; use only when category slot count matches personal export.
Items,items,571,Orange Flowers,orange flowers,Y,source_parsed,planning/museum-full-raw-sample-2026-05-12.txt,Seeded from reviewed raw full museum sample; use only when category slot count matches personal export.
Items,items,572,Orange Gecko,orange gecko,Y,source_parsed,planning/museum-full-raw-sample-2026-05-12.txt,Seeded from reviewed raw full museum sample; use only when category slot count matches personal export.
Items,items,573,Orange Juice,orange juice,Y,source_parsed,planning/museum-full-raw-sample-2026-05-12.txt,Seeded from reviewed raw full museum sample; use only when category slot count matches personal export.
Items,items,574,Orange Scarf,orange scarf,Y,source_parsed,planning/museum-full-raw-sample-2026-05-12.txt,Seeded from reviewed raw full museum sample; use only when category slot count matches personal export.
Items,items,575,Orange Shirt,orange shirt,Y,source_parsed,planning/museum-full-raw-sample-2026-05-12.txt,Seeded from reviewed raw full museum sample; use only when category slot count matches personal export.
Items,items,576,Orange Twine,orange twine,Y,source_parsed,planning/museum-full-raw-sample-2026-05-12.txt,Seeded from reviewed raw full museum sample; use only when category slot count matches personal export.
Items,items,577,Owl Feather,owl feather,Y,source_parsed,planning/museum-full-raw-sample-2026-05-12.txt,Seeded from reviewed raw full museum sample; use only when category slot count matches personal export.
Items,items,578,Owl Guard Belt,owl guard belt,Y,source_parsed,planning/museum-full-raw-sample-2026-05-12.txt,Seeded from reviewed raw full museum sample; use only when category slot count matches personal export.
Items,items,579,Painite,painite,Y,source_parsed,planning/museum-full-raw-sample-2026-05-12.txt,Seeded from reviewed raw full museum sample; use only when category slot count matches personal export.
Items,items,580,Pair of Boots,pair of boots,Y,source_parsed,planning/museum-full-raw-sample-2026-05-12.txt,Seeded from reviewed raw full museum sample; use only when category slot count matches personal export.
Items,items,581,Pair of Gold Boots,pair of gold boots,Y,source_parsed,planning/museum-full-raw-sample-2026-05-12.txt,Seeded from reviewed raw full museum sample; use only when category slot count matches personal export.
Items,items,582,Paper Receipt,paper receipt,Y,source_parsed,planning/museum-full-raw-sample-2026-05-12.txt,Seeded from reviewed raw full museum sample; use only when category slot count matches personal export.
Items,items,583,Parade Balloon Buddy Doll,parade balloon buddy doll,Y,source_parsed,planning/museum-full-raw-sample-2026-05-12.txt,Seeded from reviewed raw full museum sample; use only when category slot count matches personal export.
Items,items,584,Party Hat,party hat,Y,source_parsed,planning/museum-full-raw-sample-2026-05-12.txt,Seeded from reviewed raw full museum sample; use only when category slot count matches personal export.
Items,items,585,Party Horn,party horn,Y,source_parsed,planning/museum-full-raw-sample-2026-05-12.txt,Seeded from reviewed raw full museum sample; use only when category slot count matches personal export.
Items,items,586,Peach,peach,Y,source_parsed,planning/museum-full-raw-sample-2026-05-12.txt,Seeded from reviewed raw full museum sample; use only when category slot count matches personal export.
Items,items,587,Peach Juice,peach juice,Y,source_parsed,planning/museum-full-raw-sample-2026-05-12.txt,Seeded from reviewed raw full museum sample; use only when category slot count matches personal export.
Items,items,588,Peafowl Feather,peafowl feather,Y,source_parsed,planning/museum-full-raw-sample-2026-05-12.txt,Seeded from reviewed raw full museum sample; use only when category slot count matches personal export.
Items,items,589,Pear Grease,pear grease,Y,source_parsed,planning/museum-full-raw-sample-2026-05-12.txt,Seeded from reviewed raw full museum sample; use only when category slot count matches personal export.
Items,items,590,Pearl Berry Jam,pearl berry jam,Y,source_parsed,planning/museum-full-raw-sample-2026-05-12.txt,Seeded from reviewed raw full museum sample; use only when category slot count matches personal export.
Items,items,591,Pearl Necklace,pearl necklace,Y,source_parsed,planning/museum-full-raw-sample-2026-05-12.txt,Seeded from reviewed raw full museum sample; use only when category slot count matches personal export.
Items,items,592,Peculiar Gem,peculiar gem,N,source_parsed,planning/museum-full-raw-sample-2026-05-12.txt,Seeded from reviewed raw full museum sample; use only when category slot count matches personal export.
Items,items,593,Peg Leg,peg leg,Y,source_parsed,planning/museum-full-raw-sample-2026-05-12.txt,Seeded from reviewed raw full museum sample; use only when category slot count matches personal export.
Items,items,594,Perfect Paint Palette,perfect paint palette,Y,source_parsed,planning/museum-full-raw-sample-2026-05-12.txt,Seeded from reviewed raw full museum sample; use only when category slot count matches personal export.
Items,items,595,Pet Treat,pet treat,Y,source_parsed,planning/museum-full-raw-sample-2026-05-12.txt,Seeded from reviewed raw full museum sample; use only when category slot count matches personal export.
Items,items,596,Pickaxe,pickaxe,Y,source_parsed,planning/museum-full-raw-sample-2026-05-12.txt,Seeded from reviewed raw full museum sample; use only when category slot count matches personal export.
Items,items,597,Picnic Basket 01,picnic basket 01,Y,source_parsed,planning/museum-full-raw-sample-2026-05-12.txt,Seeded from reviewed raw full museum sample; use only when category slot count matches personal export.
Items,items,598,Pie Pan,pie pan,Y,source_parsed,planning/museum-full-raw-sample-2026-05-12.txt,Seeded from reviewed raw full museum sample; use only when category slot count matches personal export.
Items,items,599,Piece 01,piece 01,Y,source_parsed,planning/museum-full-raw-sample-2026-05-12.txt,Seeded from reviewed raw full museum sample; use only when category slot count matches personal export.
Items,items,600,Piece 03,piece 03,Y,source_parsed,planning/museum-full-raw-sample-2026-05-12.txt,Seeded from reviewed raw full museum sample; use only when category slot count matches personal export.
Items,items,601,Piece 04,piece 04,Y,source_parsed,planning/museum-full-raw-sample-2026-05-12.txt,Seeded from reviewed raw full museum sample; use only when category slot count matches personal export.
Items,items,602,Piece 07,piece 07,Y,source_parsed,planning/museum-full-raw-sample-2026-05-12.txt,Seeded from reviewed raw full museum sample; use only when category slot count matches personal export.
Items,items,603,Piece 09,piece 09,Y,source_parsed,planning/museum-full-raw-sample-2026-05-12.txt,Seeded from reviewed raw full museum sample; use only when category slot count matches personal export.
Items,items,604,Piece 11,piece 11,Y,source_parsed,planning/museum-full-raw-sample-2026-05-12.txt,Seeded from reviewed raw full museum sample; use only when category slot count matches personal export.
Items,items,605,Piece 12,piece 12,Y,source_parsed,planning/museum-full-raw-sample-2026-05-12.txt,Seeded from reviewed raw full museum sample; use only when category slot count matches personal export.
Items,items,606,Piece 15,piece 15,Y,source_parsed,planning/museum-full-raw-sample-2026-05-12.txt,Seeded from reviewed raw full museum sample; use only when category slot count matches personal export.
Items,items,607,Piece 18,piece 18,Y,source_parsed,planning/museum-full-raw-sample-2026-05-12.txt,Seeded from reviewed raw full museum sample; use only when category slot count matches personal export.
Items,items,608,Piece 22,piece 22,Y,source_parsed,planning/museum-full-raw-sample-2026-05-12.txt,Seeded from reviewed raw full museum sample; use only when category slot count matches personal export.
Items,items,609,Piece 23,piece 23,Y,source_parsed,planning/museum-full-raw-sample-2026-05-12.txt,Seeded from reviewed raw full museum sample; use only when category slot count matches personal export.
Items,items,610,Piece 24,piece 24,Y,source_parsed,planning/museum-full-raw-sample-2026-05-12.txt,Seeded from reviewed raw full museum sample; use only when category slot count matches personal export.
Items,items,611,Piece 26,piece 26,Y,source_parsed,planning/museum-full-raw-sample-2026-05-12.txt,Seeded from reviewed raw full museum sample; use only when category slot count matches personal export.
Items,items,612,Piece 30,piece 30,Y,source_parsed,planning/museum-full-raw-sample-2026-05-12.txt,Seeded from reviewed raw full museum sample; use only when category slot count matches personal export.
Items,items,613,Piece 31,piece 31,Y,source_parsed,planning/museum-full-raw-sample-2026-05-12.txt,Seeded from reviewed raw full museum sample; use only when category slot count matches personal export.
Items,items,614,Piece of Cake,piece of cake,Y,source_parsed,planning/museum-full-raw-sample-2026-05-12.txt,Seeded from reviewed raw full museum sample; use only when category slot count matches personal export.
Items,items,615,Piece of Heart,piece of heart,Y,source_parsed,planning/museum-full-raw-sample-2026-05-12.txt,Seeded from reviewed raw full museum sample; use only when category slot count matches personal export.
Items,items,616,Pig Collar,pig collar,Y,source_parsed,planning/museum-full-raw-sample-2026-05-12.txt,Seeded from reviewed raw full museum sample; use only when category slot count matches personal export.
Items,items,617,Pine Board,pine board,Y,source_parsed,planning/museum-full-raw-sample-2026-05-12.txt,Seeded from reviewed raw full museum sample; use only when category slot count matches personal export.
Items,items,618,Pine Cone,pine cone,Y,source_parsed,planning/museum-full-raw-sample-2026-05-12.txt,Seeded from reviewed raw full museum sample; use only when category slot count matches personal export.
Items,items,619,Pine Shelf,pine shelf,Y,source_parsed,planning/museum-full-raw-sample-2026-05-12.txt,Seeded from reviewed raw full museum sample; use only when category slot count matches personal export.
Items,items,620,Pineapple,pineapple,Y,source_parsed,planning/museum-full-raw-sample-2026-05-12.txt,Seeded from reviewed raw full museum sample; use only when category slot count matches personal export.
Items,items,621,Pirate Bandana,pirate bandana,Y,source_parsed,planning/museum-full-raw-sample-2026-05-12.txt,Seeded from reviewed raw full museum sample; use only when category slot count matches personal export.
Items,items,622,Pirate Flag,pirate flag,Y,source_parsed,planning/museum-full-raw-sample-2026-05-12.txt,Seeded from reviewed raw full museum sample; use only when category slot count matches personal export.
Items,items,623,Pirate Hook,pirate hook,Y,source_parsed,planning/museum-full-raw-sample-2026-05-12.txt,Seeded from reviewed raw full museum sample; use only when category slot count matches personal export.
Items,items,624,Pitchfork,pitchfork,Y,source_parsed,planning/museum-full-raw-sample-2026-05-12.txt,Seeded from reviewed raw full museum sample; use only when category slot count matches personal export.
Items,items,625,Pitviper Tail,pitviper tail,Y,source_parsed,planning/museum-full-raw-sample-2026-05-12.txt,Seeded from reviewed raw full museum sample; use only when category slot count matches personal export.
Items,items,626,Pizza Slice,pizza slice,Y,source_parsed,planning/museum-full-raw-sample-2026-05-12.txt,Seeded from reviewed raw full museum sample; use only when category slot count matches personal export.
Items,items,627,Plum Ore,plum ore,Y,source_parsed,planning/museum-full-raw-sample-2026-05-12.txt,Seeded from reviewed raw full museum sample; use only when category slot count matches personal export.
Items,items,628,Pocket Watch,pocket watch,Y,source_parsed,planning/museum-full-raw-sample-2026-05-12.txt,Seeded from reviewed raw full museum sample; use only when category slot count matches personal export.
Items,items,629,Podcast Swear Jar,podcast swear jar,Y,source_parsed,planning/museum-full-raw-sample-2026-05-12.txt,Seeded from reviewed raw full museum sample; use only when category slot count matches personal export.
Items,items,630,Polished Boot,polished boot,Y,source_parsed,planning/museum-full-raw-sample-2026-05-12.txt,Seeded from reviewed raw full museum sample; use only when category slot count matches personal export.
Items,items,631,Popcorn,popcorn,Y,source_parsed,planning/museum-full-raw-sample-2026-05-12.txt,Seeded from reviewed raw full museum sample; use only when category slot count matches personal export.
Items,items,632,Potato Battery,potato battery,Y,source_parsed,planning/museum-full-raw-sample-2026-05-12.txt,Seeded from reviewed raw full museum sample; use only when category slot count matches personal export.
Items,items,633,Potted Flower,potted flower,Y,source_parsed,planning/museum-full-raw-sample-2026-05-12.txt,Seeded from reviewed raw full museum sample; use only when category slot count matches personal export.
Items,items,634,Power Monitor,power monitor,Y,source_parsed,planning/museum-full-raw-sample-2026-05-12.txt,Seeded from reviewed raw full museum sample; use only when category slot count matches personal export.
Items,items,635,Present 01,present 01,Y,source_parsed,planning/museum-full-raw-sample-2026-05-12.txt,Seeded from reviewed raw full museum sample; use only when category slot count matches personal export.
Items,items,636,Present 02,present 02,Y,source_parsed,planning/museum-full-raw-sample-2026-05-12.txt,Seeded from reviewed raw full museum sample; use only when category slot count matches personal export.
Items,items,637,Prickly Pear,prickly pear,Y,source_parsed,planning/museum-full-raw-sample-2026-05-12.txt,Seeded from reviewed raw full museum sample; use only when category slot count matches personal export.
Items,items,638,Prism Shard,prism shard,Y,source_parsed,planning/museum-full-raw-sample-2026-05-12.txt,Seeded from reviewed raw full museum sample; use only when category slot count matches personal export.
Items,items,639,Prism Shell,prism shell,Y,source_parsed,planning/museum-full-raw-sample-2026-05-12.txt,Seeded from reviewed raw full museum sample; use only when category slot count matches personal export.
Items,items,640,Propeller Hat,propeller hat,Y,source_parsed,planning/museum-full-raw-sample-2026-05-12.txt,Seeded from reviewed raw full museum sample; use only when category slot count matches personal export.
Items,items,641,Protein Bar,protein bar,Y,source_parsed,planning/museum-full-raw-sample-2026-05-12.txt,Seeded from reviewed raw full museum sample; use only when category slot count matches personal export.
Items,items,642,Prune Juice,prune juice,Y,source_parsed,planning/museum-full-raw-sample-2026-05-12.txt,Seeded from reviewed raw full museum sample; use only when category slot count matches personal export.
Items,items,643,Pulley,pulley,Y,source_parsed,planning/museum-full-raw-sample-2026-05-12.txt,Seeded from reviewed raw full museum sample; use only when category slot count matches personal export.
Items,items,644,Pumpkin Juice,pumpkin juice,Y,source_parsed,planning/museum-full-raw-sample-2026-05-12.txt,Seeded from reviewed raw full museum sample; use only when category slot count matches personal export.
Items,items,645,Purple Bag,purple bag,Y,source_parsed,planning/museum-full-raw-sample-2026-05-12.txt,Seeded from reviewed raw full museum sample; use only when category slot count matches personal export.
Items,items,646,Purple Butterfly,purple butterfly,Y,source_parsed,planning/museum-full-raw-sample-2026-05-12.txt,Seeded from reviewed raw full museum sample; use only when category slot count matches personal export.
Items,items,647,Purple Diary,purple diary,Y,source_parsed,planning/museum-full-raw-sample-2026-05-12.txt,Seeded from reviewed raw full museum sample; use only when category slot count matches personal export.
Items,items,648,Purple Dye,purple dye,Y,source_parsed,planning/museum-full-raw-sample-2026-05-12.txt,Seeded from reviewed raw full museum sample; use only when category slot count matches personal export.
Items,items,649,Purple Flower,purple flower,Y,source_parsed,planning/museum-full-raw-sample-2026-05-12.txt,Seeded from reviewed raw full museum sample; use only when category slot count matches personal export.
Items,items,650,Purple Mushroom,purple mushroom,Y,source_parsed,planning/museum-full-raw-sample-2026-05-12.txt,Seeded from reviewed raw full museum sample; use only when category slot count matches personal export.
Items,items,651,Purple Parchment,purple parchment,Y,source_parsed,planning/museum-full-raw-sample-2026-05-12.txt,Seeded from reviewed raw full museum sample; use only when category slot count matches personal export.
Items,items,652,Purple Shirt,purple shirt,Y,source_parsed,planning/museum-full-raw-sample-2026-05-12.txt,Seeded from reviewed raw full museum sample; use only when category slot count matches personal export.
Items,items,653,Purple Twine,purple twine,Y,source_parsed,planning/museum-full-raw-sample-2026-05-12.txt,Seeded from reviewed raw full museum sample; use only when category slot count matches personal export.
Items,items,654,Pyredrop,pyredrop,Y,source_parsed,planning/museum-full-raw-sample-2026-05-12.txt,Seeded from reviewed raw full museum sample; use only when category slot count matches personal export.
Items,items,655,Pyrite,pyrite,Y,source_parsed,planning/museum-full-raw-sample-2026-05-12.txt,Seeded from reviewed raw full museum sample; use only when category slot count matches personal export.
Items,items,656,Raffle Ticket,raffle ticket,Y,source_parsed,planning/museum-full-raw-sample-2026-05-12.txt,Seeded from reviewed raw full museum sample; use only when category slot count matches personal export.
Items,items,657,Ram Skull 01,ram skull 01,Y,source_parsed,planning/museum-full-raw-sample-2026-05-12.txt,Seeded from reviewed raw full museum sample; use only when category slot count matches personal export.
Items,items,658,Ramjoram's Mask,ramjoram's mask,Y,source_parsed,planning/museum-full-raw-sample-2026-05-12.txt,Seeded from reviewed raw full museum sample; use only when category slot count matches personal export.
Items,items,659,Raptor Chicken Egg,raptor chicken egg,Y,source_parsed,planning/museum-full-raw-sample-2026-05-12.txt,Seeded from reviewed raw full museum sample; use only when category slot count matches personal export.
Items,items,660,Raptor Claw,raptor claw,Y,source_parsed,planning/museum-full-raw-sample-2026-05-12.txt,Seeded from reviewed raw full museum sample; use only when category slot count matches personal export.
Items,items,661,Raptor Egg,raptor egg,Y,source_parsed,planning/museum-full-raw-sample-2026-05-12.txt,Seeded from reviewed raw full museum sample; use only when category slot count matches personal export.
Items,items,662,Raptor Wrangler Belt,raptor wrangler belt,Y,source_parsed,planning/museum-full-raw-sample-2026-05-12.txt,Seeded from reviewed raw full museum sample; use only when category slot count matches personal export.
Items,items,663,Raw Meat,raw meat,Y,source_parsed,planning/museum-full-raw-sample-2026-05-12.txt,Seeded from reviewed raw full museum sample; use only when category slot count matches personal export.
Items,items,664,Re'taw,re'taw,Y,source_parsed,planning/museum-full-raw-sample-2026-05-12.txt,Seeded from reviewed raw full museum sample; use only when category slot count matches personal export.
Items,items,665,Re'taw Pail,re'taw pail,Y,source_parsed,planning/museum-full-raw-sample-2026-05-12.txt,Seeded from reviewed raw full museum sample; use only when category slot count matches personal export.
Items,items,666,Red Berries,red berries,Y,source_parsed,planning/museum-full-raw-sample-2026-05-12.txt,Seeded from reviewed raw full museum sample; use only when category slot count matches personal export.
Items,items,667,Red Berry Pie,red berry pie,Y,source_parsed,planning/museum-full-raw-sample-2026-05-12.txt,Seeded from reviewed raw full museum sample; use only when category slot count matches personal export.
Items,items,668,Red Brick,red brick,Y,source_parsed,planning/museum-full-raw-sample-2026-05-12.txt,Seeded from reviewed raw full museum sample; use only when category slot count matches personal export.
Items,items,669,Red Butterfly,red butterfly,Y,source_parsed,planning/museum-full-raw-sample-2026-05-12.txt,Seeded from reviewed raw full museum sample; use only when category slot count matches personal export.
Items,items,670,Red Diary,red diary,Y,source_parsed,planning/museum-full-raw-sample-2026-05-12.txt,Seeded from reviewed raw full museum sample; use only when category slot count matches personal export.
Items,items,671,Red Dye,red dye,Y,source_parsed,planning/museum-full-raw-sample-2026-05-12.txt,Seeded from reviewed raw full museum sample; use only when category slot count matches personal export.
Items,items,672,Red Flowers,red flowers,Y,source_parsed,planning/museum-full-raw-sample-2026-05-12.txt,Seeded from reviewed raw full museum sample; use only when category slot count matches personal export.
Items,items,673,Red Mushrooms,red mushrooms,Y,source_parsed,planning/museum-full-raw-sample-2026-05-12.txt,Seeded from reviewed raw full museum sample; use only when category slot count matches personal export.
Items,items,674,Red Parchment,red parchment,Y,source_parsed,planning/museum-full-raw-sample-2026-05-12.txt,Seeded from reviewed raw full museum sample; use only when category slot count matches personal export.
Items,items,675,Red Scarf,red scarf,Y,source_parsed,planning/museum-full-raw-sample-2026-05-12.txt,Seeded from reviewed raw full museum sample; use only when category slot count matches personal export.
Items,items,676,Red Shield,red shield,Y,source_parsed,planning/museum-full-raw-sample-2026-05-12.txt,Seeded from reviewed raw full museum sample; use only when category slot count matches personal export.
Items,items,677,Red Shirt,red shirt,Y,source_parsed,planning/museum-full-raw-sample-2026-05-12.txt,Seeded from reviewed raw full museum sample; use only when category slot count matches personal export.
Items,items,678,Red Trunk,red trunk,Y,source_parsed,planning/museum-full-raw-sample-2026-05-12.txt,Seeded from reviewed raw full museum sample; use only when category slot count matches personal export.
Items,items,679,Red Twine,red twine,Y,source_parsed,planning/museum-full-raw-sample-2026-05-12.txt,Seeded from reviewed raw full museum sample; use only when category slot count matches personal export.
Items,items,680,Refined Corn Quartz,refined corn quartz,Y,source_parsed,planning/museum-full-raw-sample-2026-05-12.txt,Seeded from reviewed raw full museum sample; use only when category slot count matches personal export.
Items,items,681,Reinforced Helmet,reinforced helmet,Y,source_parsed,planning/museum-full-raw-sample-2026-05-12.txt,Seeded from reviewed raw full museum sample; use only when category slot count matches personal export.
Items,items,682,Ric Ryph Bobblehead,ric ryph bobblehead,Y,source_parsed,planning/museum-full-raw-sample-2026-05-12.txt,Seeded from reviewed raw full museum sample; use only when category slot count matches personal export.
Items,items,683,Ring of Renthisj,ring of renthisj,Y,source_parsed,planning/museum-full-raw-sample-2026-05-12.txt,Seeded from reviewed raw full museum sample; use only when category slot count matches personal export.
Items,items,684,Roomba Bobblehead,roomba bobblehead,Y,source_parsed,planning/museum-full-raw-sample-2026-05-12.txt,Seeded from reviewed raw full museum sample; use only when category slot count matches personal export.
Items,items,685,Roomba's Over The Moon,roomba's over the moon,Y,source_parsed,planning/museum-full-raw-sample-2026-05-12.txt,Seeded from reviewed raw full museum sample; use only when category slot count matches personal export.
Items,items,686,Rope,rope,Y,source_parsed,planning/museum-full-raw-sample-2026-05-12.txt,Seeded from reviewed raw full museum sample; use only when category slot count matches personal export.
Items,items,687,Rosalie Bobblehead,rosalie bobblehead,Y,source_parsed,planning/museum-full-raw-sample-2026-05-12.txt,Seeded from reviewed raw full museum sample; use only when category slot count matches personal export.
Items,items,688,Rosalie's Beach Tote,rosalie's beach tote,Y,source_parsed,planning/museum-full-raw-sample-2026-05-12.txt,Seeded from reviewed raw full museum sample; use only when category slot count matches personal export.
Items,items,689,Rosalie's Bone Broth,rosalie's bone broth,Y,source_parsed,planning/museum-full-raw-sample-2026-05-12.txt,Seeded from reviewed raw full museum sample; use only when category slot count matches personal export.
Items,items,690,Rosalie's Concord Grape Pie,rosalie's concord grape pie,Y,source_parsed,planning/museum-full-raw-sample-2026-05-12.txt,Seeded from reviewed raw full museum sample; use only when category slot count matches personal export.
Items,items,691,Rosalie's Red Berry Pie,rosalie's red berry pie,Y,source_parsed,planning/museum-full-raw-sample-2026-05-12.txt,Seeded from reviewed raw full museum sample; use only when category slot count matches personal export.
Items,items,692,Rubber Duckie,rubber duckie,Y,source_parsed,planning/museum-full-raw-sample-2026-05-12.txt,Seeded from reviewed raw full museum sample; use only when category slot count matches personal export.
Items,items,693,Ruby,ruby,Y,source_parsed,planning/museum-full-raw-sample-2026-05-12.txt,Seeded from reviewed raw full museum sample; use only when category slot count matches personal export.
Items,items,694,Ruby Ring,ruby ring,Y,source_parsed,planning/museum-full-raw-sample-2026-05-12.txt,Seeded from reviewed raw full museum sample; use only when category slot count matches personal export.
Items,items,695,Ruby Scorpion,ruby scorpion,Y,source_parsed,planning/museum-full-raw-sample-2026-05-12.txt,Seeded from reviewed raw full museum sample; use only when category slot count matches personal export.
Items,items,696,Rucksack,rucksack,Y,source_parsed,planning/museum-full-raw-sample-2026-05-12.txt,Seeded from reviewed raw full museum sample; use only when category slot count matches personal export.
Items,items,697,Rudolph Buddy Doll,rudolph buddy doll,Y,source_parsed,planning/museum-full-raw-sample-2026-05-12.txt,Seeded from reviewed raw full museum sample; use only when category slot count matches personal export.
Items,items,698,Rune Dice,rune dice,Y,source_parsed,planning/museum-full-raw-sample-2026-05-12.txt,Seeded from reviewed raw full museum sample; use only when category slot count matches personal export.
Items,items,699,Rune Shard,rune shard,Y,source_parsed,planning/museum-full-raw-sample-2026-05-12.txt,Seeded from reviewed raw full museum sample; use only when category slot count matches personal export.
Items,items,700,Runecorn,runecorn,Y,source_parsed,planning/museum-full-raw-sample-2026-05-12.txt,Seeded from reviewed raw full museum sample; use only when category slot count matches personal export.
Items,items,701,Runecube,runecube,Y,source_parsed,planning/museum-full-raw-sample-2026-05-12.txt,Seeded from reviewed raw full museum sample; use only when category slot count matches personal export.
Items,items,702,Runestone 01,runestone 01,Y,source_parsed,planning/museum-full-raw-sample-2026-05-12.txt,Seeded from reviewed raw full museum sample; use only when category slot count matches personal export.
Items,items,703,Runestone 02,runestone 02,Y,source_parsed,planning/museum-full-raw-sample-2026-05-12.txt,Seeded from reviewed raw full museum sample; use only when category slot count matches personal export.
Items,items,704,Runestone 03,runestone 03,Y,source_parsed,planning/museum-full-raw-sample-2026-05-12.txt,Seeded from reviewed raw full museum sample; use only when category slot count matches personal export.
Items,items,705,Runestone 04,runestone 04,Y,source_parsed,planning/museum-full-raw-sample-2026-05-12.txt,Seeded from reviewed raw full museum sample; use only when category slot count matches personal export.
Items,items,706,Runestone 05,runestone 05,Y,source_parsed,planning/museum-full-raw-sample-2026-05-12.txt,Seeded from reviewed raw full museum sample; use only when category slot count matches personal export.
Items,items,707,Runestone 06,runestone 06,Y,source_parsed,planning/museum-full-raw-sample-2026-05-12.txt,Seeded from reviewed raw full museum sample; use only when category slot count matches personal export.
Items,items,708,Runestone 07,runestone 07,Y,source_parsed,planning/museum-full-raw-sample-2026-05-12.txt,Seeded from reviewed raw full museum sample; use only when category slot count matches personal export.
Items,items,709,Runestone 08,runestone 08,Y,source_parsed,planning/museum-full-raw-sample-2026-05-12.txt,Seeded from reviewed raw full museum sample; use only when category slot count matches personal export.
Items,items,710,Runestone 09,runestone 09,Y,source_parsed,planning/museum-full-raw-sample-2026-05-12.txt,Seeded from reviewed raw full museum sample; use only when category slot count matches personal export.
Items,items,711,Runestone 10,runestone 10,Y,source_parsed,planning/museum-full-raw-sample-2026-05-12.txt,Seeded from reviewed raw full museum sample; use only when category slot count matches personal export.
Items,items,712,Runestone 11,runestone 11,Y,source_parsed,planning/museum-full-raw-sample-2026-05-12.txt,Seeded from reviewed raw full museum sample; use only when category slot count matches personal export.
Items,items,713,Runestone 12,runestone 12,Y,source_parsed,planning/museum-full-raw-sample-2026-05-12.txt,Seeded from reviewed raw full museum sample; use only when category slot count matches personal export.
Items,items,714,Runestone 13,runestone 13,Y,source_parsed,planning/museum-full-raw-sample-2026-05-12.txt,Seeded from reviewed raw full museum sample; use only when category slot count matches personal export.
Items,items,715,Runestone 14,runestone 14,Y,source_parsed,planning/museum-full-raw-sample-2026-05-12.txt,Seeded from reviewed raw full museum sample; use only when category slot count matches personal export.
Items,items,716,Runestone 15,runestone 15,Y,source_parsed,planning/museum-full-raw-sample-2026-05-12.txt,Seeded from reviewed raw full museum sample; use only when category slot count matches personal export.
Items,items,717,Runestone 16,runestone 16,Y,source_parsed,planning/museum-full-raw-sample-2026-05-12.txt,Seeded from reviewed raw full museum sample; use only when category slot count matches personal export.
Items,items,718,Runestone 17,runestone 17,Y,source_parsed,planning/museum-full-raw-sample-2026-05-12.txt,Seeded from reviewed raw full museum sample; use only when category slot count matches personal export.
Items,items,719,Runestone 18,runestone 18,Y,source_parsed,planning/museum-full-raw-sample-2026-05-12.txt,Seeded from reviewed raw full museum sample; use only when category slot count matches personal export.
Items,items,720,Runestone 19,runestone 19,Y,source_parsed,planning/museum-full-raw-sample-2026-05-12.txt,Seeded from reviewed raw full museum sample; use only when category slot count matches personal export.
Items,items,721,Runestone 20,runestone 20,Y,source_parsed,planning/museum-full-raw-sample-2026-05-12.txt,Seeded from reviewed raw full museum sample; use only when category slot count matches personal export.
Items,items,722,Runestone 23,runestone 23,Y,source_parsed,planning/museum-full-raw-sample-2026-05-12.txt,Seeded from reviewed raw full museum sample; use only when category slot count matches personal export.
Items,items,723,Runestone 27,runestone 27,Y,source_parsed,planning/museum-full-raw-sample-2026-05-12.txt,Seeded from reviewed raw full museum sample; use only when category slot count matches personal export.
Items,items,724,Runestone Necklace,runestone necklace,Y,source_parsed,planning/museum-full-raw-sample-2026-05-12.txt,Seeded from reviewed raw full museum sample; use only when category slot count matches personal export.
Items,items,725,Safety Goggles,safety goggles,Y,source_parsed,planning/museum-full-raw-sample-2026-05-12.txt,Seeded from reviewed raw full museum sample; use only when category slot count matches personal export.
Items,items,726,Safety Mask,safety mask,Y,source_parsed,planning/museum-full-raw-sample-2026-05-12.txt,Seeded from reviewed raw full museum sample; use only when category slot count matches personal export.
Items,items,727,Sail Cloth,sail cloth,Y,source_parsed,planning/museum-full-raw-sample-2026-05-12.txt,Seeded from reviewed raw full museum sample; use only when category slot count matches personal export.
Items,items,728,Salt,salt,Y,source_parsed,planning/museum-full-raw-sample-2026-05-12.txt,Seeded from reviewed raw full museum sample; use only when category slot count matches personal export.
Items,items,729,Salt Rock,salt rock,Y,source_parsed,planning/museum-full-raw-sample-2026-05-12.txt,Seeded from reviewed raw full museum sample; use only when category slot count matches personal export.
Items,items,730,Sand,sand,Y,source_parsed,planning/museum-full-raw-sample-2026-05-12.txt,Seeded from reviewed raw full museum sample; use only when category slot count matches personal export.
Items,items,731,Sand Castle Bucket,sand castle bucket,Y,source_parsed,planning/museum-full-raw-sample-2026-05-12.txt,Seeded from reviewed raw full museum sample; use only when category slot count matches personal export.
Items,items,732,Sand Dollar,sand dollar,Y,source_parsed,planning/museum-full-raw-sample-2026-05-12.txt,Seeded from reviewed raw full museum sample; use only when category slot count matches personal export.
Items,items,733,Sand Shovel,sand shovel,Y,source_parsed,planning/museum-full-raw-sample-2026-05-12.txt,Seeded from reviewed raw full museum sample; use only when category slot count matches personal export.
Items,items,734,Sandstone,sandstone,Y,source_parsed,planning/museum-full-raw-sample-2026-05-12.txt,Seeded from reviewed raw full museum sample; use only when category slot count matches personal export.
Items,items,735,Santa Bobblehead,santa bobblehead,Y,source_parsed,planning/museum-full-raw-sample-2026-05-12.txt,Seeded from reviewed raw full museum sample; use only when category slot count matches personal export.
Items,items,736,Santa Buddy Doll,santa buddy doll,Y,source_parsed,planning/museum-full-raw-sample-2026-05-12.txt,Seeded from reviewed raw full museum sample; use only when category slot count matches personal export.
Items,items,737,Santa's Travel Belt,santa's travel belt,Y,source_parsed,planning/museum-full-raw-sample-2026-05-12.txt,Seeded from reviewed raw full museum sample; use only when category slot count matches personal export.
Items,items,738,School Buddy Doll,school buddy doll,Y,source_parsed,planning/museum-full-raw-sample-2026-05-12.txt,Seeded from reviewed raw full museum sample; use only when category slot count matches personal export.
Items,items,739,Scissors,scissors,Y,source_parsed,planning/museum-full-raw-sample-2026-05-12.txt,Seeded from reviewed raw full museum sample; use only when category slot count matches personal export.
Items,items,740,Scrap Cloth,scrap cloth,Y,source_parsed,planning/museum-full-raw-sample-2026-05-12.txt,Seeded from reviewed raw full museum sample; use only when category slot count matches personal export.
Items,items,741,Scrap Metal,scrap metal,Y,source_parsed,planning/museum-full-raw-sample-2026-05-12.txt,Seeded from reviewed raw full museum sample; use only when category slot count matches personal export.
Items,items,742,Scrap Wire,scrap wire,Y,source_parsed,planning/museum-full-raw-sample-2026-05-12.txt,Seeded from reviewed raw full museum sample; use only when category slot count matches personal export.
Items,items,743,Scythe of Dewstar,scythe of dewstar,Y,source_parsed,planning/museum-full-raw-sample-2026-05-12.txt,Seeded from reviewed raw full museum sample; use only when category slot count matches personal export.
Items,items,744,Sea Dragon,sea dragon,Y,source_parsed,planning/museum-full-raw-sample-2026-05-12.txt,Seeded from reviewed raw full museum sample; use only when category slot count matches personal export.
Items,items,745,Sea Urchin,sea urchin,Y,source_parsed,planning/museum-full-raw-sample-2026-05-12.txt,Seeded from reviewed raw full museum sample; use only when category slot count matches personal export.
Items,items,746,Sealed Letter,sealed letter,Y,source_parsed,planning/museum-full-raw-sample-2026-05-12.txt,Seeded from reviewed raw full museum sample; use only when category slot count matches personal export.
Items,items,747,Seashell Necklace,seashell necklace,Y,source_parsed,planning/museum-full-raw-sample-2026-05-12.txt,Seeded from reviewed raw full museum sample; use only when category slot count matches personal export.
Items,items,748,Seaweed,seaweed,Y,source_parsed,planning/museum-full-raw-sample-2026-05-12.txt,Seeded from reviewed raw full museum sample; use only when category slot count matches personal export.
Items,items,749,Seeing Stone,seeing stone,Y,source_parsed,planning/museum-full-raw-sample-2026-05-12.txt,Seeded from reviewed raw full museum sample; use only when category slot count matches personal export.
Items,items,750,Serpent of Trym,serpent of trym,Y,source_parsed,planning/museum-full-raw-sample-2026-05-12.txt,Seeded from reviewed raw full museum sample; use only when category slot count matches personal export.
Items,items,751,Sewing Needle,sewing needle,Y,source_parsed,planning/museum-full-raw-sample-2026-05-12.txt,Seeded from reviewed raw full museum sample; use only when category slot count matches personal export.
Items,items,752,Shadow Bloom,shadow bloom,Y,source_parsed,planning/museum-full-raw-sample-2026-05-12.txt,Seeded from reviewed raw full museum sample; use only when category slot count matches personal export.
Items,items,753,Shark Jaws,shark jaws,Y,source_parsed,planning/museum-full-raw-sample-2026-05-12.txt,Seeded from reviewed raw full museum sample; use only when category slot count matches personal export.
Items,items,754,Shark Tooth,shark tooth,Y,source_parsed,planning/museum-full-raw-sample-2026-05-12.txt,Seeded from reviewed raw full museum sample; use only when category slot count matches personal export.
Items,items,755,Shimmer Quartz,shimmer quartz,Y,source_parsed,planning/museum-full-raw-sample-2026-05-12.txt,Seeded from reviewed raw full museum sample; use only when category slot count matches personal export.
Items,items,756,Shimmer Ring,shimmer ring,Y,source_parsed,planning/museum-full-raw-sample-2026-05-12.txt,Seeded from reviewed raw full museum sample; use only when category slot count matches personal export.
Items,items,757,Shimmer Stone,shimmer stone,Y,source_parsed,planning/museum-full-raw-sample-2026-05-12.txt,Seeded from reviewed raw full museum sample; use only when category slot count matches personal export.
Items,items,758,Shimmer Topaz,shimmer topaz,Y,source_parsed,planning/museum-full-raw-sample-2026-05-12.txt,Seeded from reviewed raw full museum sample; use only when category slot count matches personal export.
Items,items,759,Shiny Beetle,shiny beetle,Y,source_parsed,planning/museum-full-raw-sample-2026-05-12.txt,Seeded from reviewed raw full museum sample; use only when category slot count matches personal export.
Items,items,760,Ship in a Bottle,ship in a bottle,Y,source_parsed,planning/museum-full-raw-sample-2026-05-12.txt,Seeded from reviewed raw full museum sample; use only when category slot count matches personal export.
Items,items,761,Ship Mast,ship mast,Y,source_parsed,planning/museum-full-raw-sample-2026-05-12.txt,Seeded from reviewed raw full museum sample; use only when category slot count matches personal export.
Items,items,762,Ship Wheel,ship wheel,Y,source_parsed,planning/museum-full-raw-sample-2026-05-12.txt,Seeded from reviewed raw full museum sample; use only when category slot count matches personal export.
Items,items,763,Shovel,shovel,Y,source_parsed,planning/museum-full-raw-sample-2026-05-12.txt,Seeded from reviewed raw full museum sample; use only when category slot count matches personal export.
Items,items,764,Silk,silk,Y,source_parsed,planning/museum-full-raw-sample-2026-05-12.txt,Seeded from reviewed raw full museum sample; use only when category slot count matches personal export.
Items,items,765,Sinkroot,sinkroot,Y,source_parsed,planning/museum-full-raw-sample-2026-05-12.txt,Seeded from reviewed raw full museum sample; use only when category slot count matches personal export.
Items,items,766,Skeleton Key,skeleton key,Y,source_parsed,planning/museum-full-raw-sample-2026-05-12.txt,Seeded from reviewed raw full museum sample; use only when category slot count matches personal export.
Items,items,767,Skull Coin,skull coin,Y,source_parsed,planning/museum-full-raw-sample-2026-05-12.txt,Seeded from reviewed raw full museum sample; use only when category slot count matches personal export.
Items,items,768,Slime Bucket,slime bucket,Y,source_parsed,planning/museum-full-raw-sample-2026-05-12.txt,Seeded from reviewed raw full museum sample; use only when category slot count matches personal export.
Items,items,769,Slime Buddy Doll,slime buddy doll,Y,source_parsed,planning/museum-full-raw-sample-2026-05-12.txt,Seeded from reviewed raw full museum sample; use only when category slot count matches personal export.
Items,items,770,Slimestone,slimestone,Y,source_parsed,planning/museum-full-raw-sample-2026-05-12.txt,Seeded from reviewed raw full museum sample; use only when category slot count matches personal export.
Items,items,771,Sling Blade,sling blade,Y,source_parsed,planning/museum-full-raw-sample-2026-05-12.txt,Seeded from reviewed raw full museum sample; use only when category slot count matches personal export.
Items,items,772,Small Bolt,small bolt,Y,source_parsed,planning/museum-full-raw-sample-2026-05-12.txt,Seeded from reviewed raw full museum sample; use only when category slot count matches personal export.
Items,items,773,Small Chest 01,small chest 01,Y,source_parsed,planning/museum-full-raw-sample-2026-05-12.txt,Seeded from reviewed raw full museum sample; use only when category slot count matches personal export.
Items,items,774,Small Chest 02,small chest 02,Y,source_parsed,planning/museum-full-raw-sample-2026-05-12.txt,Seeded from reviewed raw full museum sample; use only when category slot count matches personal export.
Items,items,775,Small Flute,small flute,Y,source_parsed,planning/museum-full-raw-sample-2026-05-12.txt,Seeded from reviewed raw full museum sample; use only when category slot count matches personal export.
Items,items,776,Small Gear,small gear,Y,source_parsed,planning/museum-full-raw-sample-2026-05-12.txt,Seeded from reviewed raw full museum sample; use only when category slot count matches personal export.
Items,items,777,Small Key,small key,Y,source_parsed,planning/museum-full-raw-sample-2026-05-12.txt,Seeded from reviewed raw full museum sample; use only when category slot count matches personal export.
Items,items,778,Small Screw,small screw,Y,source_parsed,planning/museum-full-raw-sample-2026-05-12.txt,Seeded from reviewed raw full museum sample; use only when category slot count matches personal export.
Items,items,779,Small Spring,small spring,Y,source_parsed,planning/museum-full-raw-sample-2026-05-12.txt,Seeded from reviewed raw full museum sample; use only when category slot count matches personal export.
Items,items,780,Smart Buddy Doll,smart buddy doll,Y,source_parsed,planning/museum-full-raw-sample-2026-05-12.txt,Seeded from reviewed raw full museum sample; use only when category slot count matches personal export.
Items,items,781,Snail,snail,Y,source_parsed,planning/museum-full-raw-sample-2026-05-12.txt,Seeded from reviewed raw full museum sample; use only when category slot count matches personal export.
Items,items,782,Snow Shoes,snow shoes,Y,source_parsed,planning/museum-full-raw-sample-2026-05-12.txt,Seeded from reviewed raw full museum sample; use only when category slot count matches personal export.
Items,items,783,Snowman Buddy Doll,snowman buddy doll,Y,source_parsed,planning/museum-full-raw-sample-2026-05-12.txt,Seeded from reviewed raw full museum sample; use only when category slot count matches personal export.
Items,items,784,Soap,soap,Y,source_parsed,planning/museum-full-raw-sample-2026-05-12.txt,Seeded from reviewed raw full museum sample; use only when category slot count matches personal export.
Items,items,785,Sol Orb,sol orb,Y,source_parsed,planning/museum-full-raw-sample-2026-05-12.txt,Seeded from reviewed raw full museum sample; use only when category slot count matches personal export.
Items,items,786,Sour Root,sour root,Y,source_parsed,planning/museum-full-raw-sample-2026-05-12.txt,Seeded from reviewed raw full museum sample; use only when category slot count matches personal export.
Items,items,787,Spades,spades,Y,source_parsed,planning/museum-full-raw-sample-2026-05-12.txt,Seeded from reviewed raw full museum sample; use only when category slot count matches personal export.
Items,items,788,Spectacles,spectacles,Y,source_parsed,planning/museum-full-raw-sample-2026-05-12.txt,Seeded from reviewed raw full museum sample; use only when category slot count matches personal export.
Items,items,789,Spider,spider,Y,source_parsed,planning/museum-full-raw-sample-2026-05-12.txt,Seeded from reviewed raw full museum sample; use only when category slot count matches personal export.
Items,items,790,Spiked Shell,spiked shell,Y,source_parsed,planning/museum-full-raw-sample-2026-05-12.txt,Seeded from reviewed raw full museum sample; use only when category slot count matches personal export.
Items,items,791,Spiky Bracelet,spiky bracelet,Y,source_parsed,planning/museum-full-raw-sample-2026-05-12.txt,Seeded from reviewed raw full museum sample; use only when category slot count matches personal export.
Items,items,792,Spool of Copper,spool of copper,Y,source_parsed,planning/museum-full-raw-sample-2026-05-12.txt,Seeded from reviewed raw full museum sample; use only when category slot count matches personal export.
Items,items,793,Spoon,spoon,Y,source_parsed,planning/museum-full-raw-sample-2026-05-12.txt,Seeded from reviewed raw full museum sample; use only when category slot count matches personal export.
Items,items,794,Sporefly,sporefly,Y,source_parsed,planning/museum-full-raw-sample-2026-05-12.txt,Seeded from reviewed raw full museum sample; use only when category slot count matches personal export.
Items,items,795,Spring Bangle,spring bangle,Y,source_parsed,planning/museum-full-raw-sample-2026-05-12.txt,Seeded from reviewed raw full museum sample; use only when category slot count matches personal export.
Items,items,796,Spring Basket 01,spring basket 01,Y,source_parsed,planning/museum-full-raw-sample-2026-05-12.txt,Seeded from reviewed raw full museum sample; use only when category slot count matches personal export.
Items,items,797,Spring Basket 02,spring basket 02,Y,source_parsed,planning/museum-full-raw-sample-2026-05-12.txt,Seeded from reviewed raw full museum sample; use only when category slot count matches personal export.
Items,items,798,Spring Basket 03,spring basket 03,Y,source_parsed,planning/museum-full-raw-sample-2026-05-12.txt,Seeded from reviewed raw full museum sample; use only when category slot count matches personal export.
Items,items,799,Square Key,square key,Y,source_parsed,planning/museum-full-raw-sample-2026-05-12.txt,Seeded from reviewed raw full museum sample; use only when category slot count matches personal export.
Items,items,800,Stack of Cards,stack of cards,Y,source_parsed,planning/museum-full-raw-sample-2026-05-12.txt,Seeded from reviewed raw full museum sample; use only when category slot count matches personal export.
Items,items,801,Star Bobblehead,star bobblehead,Y,source_parsed,planning/museum-full-raw-sample-2026-05-12.txt,Seeded from reviewed raw full museum sample; use only when category slot count matches personal export.
Items,items,802,Star's Treasure Map,star's treasure map,Y,source_parsed,planning/museum-full-raw-sample-2026-05-12.txt,Seeded from reviewed raw full museum sample; use only when category slot count matches personal export.
Items,items,803,Steak,steak,Y,source_parsed,planning/museum-full-raw-sample-2026-05-12.txt,Seeded from reviewed raw full museum sample; use only when category slot count matches personal export.
Items,items,804,Steak Kabob,steak kabob,Y,source_parsed,planning/museum-full-raw-sample-2026-05-12.txt,Seeded from reviewed raw full museum sample; use only when category slot count matches personal export.
Items,items,805,Steel,steel,Y,source_parsed,planning/museum-full-raw-sample-2026-05-12.txt,Seeded from reviewed raw full museum sample; use only when category slot count matches personal export.
Items,items,806,Steel Buckle,steel buckle,Y,source_parsed,planning/museum-full-raw-sample-2026-05-12.txt,Seeded from reviewed raw full museum sample; use only when category slot count matches personal export.
Items,items,807,Steel Pickaxe,steel pickaxe,Y,source_parsed,planning/museum-full-raw-sample-2026-05-12.txt,Seeded from reviewed raw full museum sample; use only when category slot count matches personal export.
Items,items,808,Steel Plate,steel plate,Y,source_parsed,planning/museum-full-raw-sample-2026-05-12.txt,Seeded from reviewed raw full museum sample; use only when category slot count matches personal export.
Items,items,809,Steel Soap Belt,steel soap belt,Y,source_parsed,planning/museum-full-raw-sample-2026-05-12.txt,Seeded from reviewed raw full museum sample; use only when category slot count matches personal export.
Items,items,810,Steel Vise,steel vise,Y,source_parsed,planning/museum-full-raw-sample-2026-05-12.txt,Seeded from reviewed raw full museum sample; use only when category slot count matches personal export.
Items,items,811,Steel Wire,steel wire,Y,source_parsed,planning/museum-full-raw-sample-2026-05-12.txt,Seeded from reviewed raw full museum sample; use only when category slot count matches personal export.
Items,items,812,Step Ladder,step ladder,Y,source_parsed,planning/museum-full-raw-sample-2026-05-12.txt,Seeded from reviewed raw full museum sample; use only when category slot count matches personal export.
Items,items,813,Stone,stone,Y,source_parsed,planning/museum-full-raw-sample-2026-05-12.txt,Seeded from reviewed raw full museum sample; use only when category slot count matches personal export.
Items,items,814,Stone Key,stone key,Y,source_parsed,planning/museum-full-raw-sample-2026-05-12.txt,Seeded from reviewed raw full museum sample; use only when category slot count matches personal export.
Items,items,815,Stone Shell,stone shell,Y,source_parsed,planning/museum-full-raw-sample-2026-05-12.txt,Seeded from reviewed raw full museum sample; use only when category slot count matches personal export.
Items,items,816,Stones of Gallodor,stones of gallodor,Y,source_parsed,planning/museum-full-raw-sample-2026-05-12.txt,Seeded from reviewed raw full museum sample; use only when category slot count matches personal export.
Items,items,817,Strange Gem,strange gem,Y,source_parsed,planning/museum-full-raw-sample-2026-05-12.txt,Seeded from reviewed raw full museum sample; use only when category slot count matches personal export.
Items,items,818,Strange Key 01,strange key 01,Y,source_parsed,planning/museum-full-raw-sample-2026-05-12.txt,Seeded from reviewed raw full museum sample; use only when category slot count matches personal export.
Items,items,819,Strange Letter,strange letter,Y,source_parsed,planning/museum-full-raw-sample-2026-05-12.txt,Seeded from reviewed raw full museum sample; use only when category slot count matches personal export.
Items,items,820,Strange Ring,strange ring,Y,source_parsed,planning/museum-full-raw-sample-2026-05-12.txt,Seeded from reviewed raw full museum sample; use only when category slot count matches personal export.
Items,items,821,Strange Temple Necklace,strange temple necklace,Y,source_parsed,planning/museum-full-raw-sample-2026-05-12.txt,Seeded from reviewed raw full museum sample; use only when category slot count matches personal export.
Items,items,822,Straw,straw,Y,source_parsed,planning/museum-full-raw-sample-2026-05-12.txt,Seeded from reviewed raw full museum sample; use only when category slot count matches personal export.
Items,items,823,Strawberry Good Goods,strawberry good goods,Y,source_parsed,planning/museum-full-raw-sample-2026-05-12.txt,Seeded from reviewed raw full museum sample; use only when category slot count matches personal export.
Items,items,824,Striped Feather,striped feather,Y,source_parsed,planning/museum-full-raw-sample-2026-05-12.txt,Seeded from reviewed raw full museum sample; use only when category slot count matches personal export.
Items,items,825,Strong Paste,strong paste,Y,source_parsed,planning/museum-full-raw-sample-2026-05-12.txt,Seeded from reviewed raw full museum sample; use only when category slot count matches personal export.
Items,items,826,Sturdy Bow,sturdy bow,Y,source_parsed,planning/museum-full-raw-sample-2026-05-12.txt,Seeded from reviewed raw full museum sample; use only when category slot count matches personal export.
Items,items,827,Sturdy Box,sturdy box,Y,source_parsed,planning/museum-full-raw-sample-2026-05-12.txt,Seeded from reviewed raw full museum sample; use only when category slot count matches personal export.
Items,items,828,Sturdy Pickaxe,sturdy pickaxe,Y,source_parsed,planning/museum-full-raw-sample-2026-05-12.txt,Seeded from reviewed raw full museum sample; use only when category slot count matches personal export.
Items,items,829,Sturdy Saw,sturdy saw,Y,source_parsed,planning/museum-full-raw-sample-2026-05-12.txt,Seeded from reviewed raw full museum sample; use only when category slot count matches personal export.
Items,items,830,Sturdy Shield,sturdy shield,Y,source_parsed,planning/museum-full-raw-sample-2026-05-12.txt,Seeded from reviewed raw full museum sample; use only when category slot count matches personal export.
Items,items,831,Sturdy Sword,sturdy sword,Y,source_parsed,planning/museum-full-raw-sample-2026-05-12.txt,Seeded from reviewed raw full museum sample; use only when category slot count matches personal export.
Items,items,832,Sugar Cube,sugar cube,Y,source_parsed,planning/museum-full-raw-sample-2026-05-12.txt,Seeded from reviewed raw full museum sample; use only when category slot count matches personal export.
Items,items,833,Summer Basket,summer basket,Y,source_parsed,planning/museum-full-raw-sample-2026-05-12.txt,Seeded from reviewed raw full museum sample; use only when category slot count matches personal export.
Items,items,834,Sun Shades,sun shades,Y,source_parsed,planning/museum-full-raw-sample-2026-05-12.txt,Seeded from reviewed raw full museum sample; use only when category slot count matches personal export.
Items,items,835,Sunflower Oil,sunflower oil,Y,source_parsed,planning/museum-full-raw-sample-2026-05-12.txt,Seeded from reviewed raw full museum sample; use only when category slot count matches personal export.
Items,items,836,Sunscreen,sunscreen,Y,source_parsed,planning/museum-full-raw-sample-2026-05-12.txt,Seeded from reviewed raw full museum sample; use only when category slot count matches personal export.
Items,items,837,Sunstone,sunstone,Y,source_parsed,planning/museum-full-raw-sample-2026-05-12.txt,Seeded from reviewed raw full museum sample; use only when category slot count matches personal export.
Items,items,838,Supply Bag 01,supply bag 01,Y,source_parsed,planning/museum-full-raw-sample-2026-05-12.txt,Seeded from reviewed raw full museum sample; use only when category slot count matches personal export.
Items,items,839,Supply Bag 02,supply bag 02,Y,source_parsed,planning/museum-full-raw-sample-2026-05-12.txt,Seeded from reviewed raw full museum sample; use only when category slot count matches personal export.
Items,items,840,Supply Crate 01,supply crate 01,Y,source_parsed,planning/museum-full-raw-sample-2026-05-12.txt,Seeded from reviewed raw full museum sample; use only when category slot count matches personal export.
Items,items,841,Supply Crate 02,supply crate 02,Y,source_parsed,planning/museum-full-raw-sample-2026-05-12.txt,Seeded from reviewed raw full museum sample; use only when category slot count matches personal export.
Items,items,842,Support's Ticket,support's ticket,Y,source_parsed,planning/museum-full-raw-sample-2026-05-12.txt,Seeded from reviewed raw full museum sample; use only when category slot count matches personal export.
Items,items,843,Swamp Algae,swamp algae,Y,source_parsed,planning/museum-full-raw-sample-2026-05-12.txt,Seeded from reviewed raw full museum sample; use only when category slot count matches personal export.
Items,items,844,Swamp Puzzle,swamp puzzle,Y,source_parsed,planning/museum-full-raw-sample-2026-05-12.txt,Seeded from reviewed raw full museum sample; use only when category slot count matches personal export.
Items,items,845,Swamp Thistle,swamp thistle,Y,source_parsed,planning/museum-full-raw-sample-2026-05-12.txt,Seeded from reviewed raw full museum sample; use only when category slot count matches personal export.
Items,items,846,Sweet Root,sweet root,Y,source_parsed,planning/museum-full-raw-sample-2026-05-12.txt,Seeded from reviewed raw full museum sample; use only when category slot count matches personal export.
Items,items,847,Tackle Box,tackle box,Y,source_parsed,planning/museum-full-raw-sample-2026-05-12.txt,Seeded from reviewed raw full museum sample; use only when category slot count matches personal export.
Items,items,848,Tanooki Buddy Doll,tanooki buddy doll,Y,source_parsed,planning/museum-full-raw-sample-2026-05-12.txt,Seeded from reviewed raw full museum sample; use only when category slot count matches personal export.
Items,items,849,Tea Leaves,tea leaves,Y,source_parsed,planning/museum-full-raw-sample-2026-05-12.txt,Seeded from reviewed raw full museum sample; use only when category slot count matches personal export.
Items,items,850,Teapot,teapot,Y,source_parsed,planning/museum-full-raw-sample-2026-05-12.txt,Seeded from reviewed raw full museum sample; use only when category slot count matches personal export.
Items,items,851,Tenfoo's Lost Sock,tenfoo's lost sock,Y,source_parsed,planning/museum-full-raw-sample-2026-05-12.txt,Seeded from reviewed raw full museum sample; use only when category slot count matches personal export.
Items,items,852,Thomas Bobblehead,thomas bobblehead,Y,source_parsed,planning/museum-full-raw-sample-2026-05-12.txt,Seeded from reviewed raw full museum sample; use only when category slot count matches personal export.
Items,items,853,Thomas's Cat's Meow,thomas's cat's meow,Y,source_parsed,planning/museum-full-raw-sample-2026-05-12.txt,Seeded from reviewed raw full museum sample; use only when category slot count matches personal export.
Items,items,854,Thomas's Cup of PB,thomas's cup of pb,Y,source_parsed,planning/museum-full-raw-sample-2026-05-12.txt,Seeded from reviewed raw full museum sample; use only when category slot count matches personal export.
Items,items,855,Thomas's Tavern Tote,thomas's tavern tote,Y,source_parsed,planning/museum-full-raw-sample-2026-05-12.txt,Seeded from reviewed raw full museum sample; use only when category slot count matches personal export.
Items,items,856,Thorns,thorns,Y,source_parsed,planning/museum-full-raw-sample-2026-05-12.txt,Seeded from reviewed raw full museum sample; use only when category slot count matches personal export.
Items,items,857,Tie Dye Scarf,tie dye scarf,Y,source_parsed,planning/museum-full-raw-sample-2026-05-12.txt,Seeded from reviewed raw full museum sample; use only when category slot count matches personal export.
Items,items,858,Time Egg,time egg,Y,source_parsed,planning/museum-full-raw-sample-2026-05-12.txt,Seeded from reviewed raw full museum sample; use only when category slot count matches personal export.
Items,items,859,Tin Can,tin can,Y,source_parsed,planning/museum-full-raw-sample-2026-05-12.txt,Seeded from reviewed raw full museum sample; use only when category slot count matches personal export.
Items,items,860,Tin Scraps,tin scraps,Y,source_parsed,planning/museum-full-raw-sample-2026-05-12.txt,Seeded from reviewed raw full museum sample; use only when category slot count matches personal export.
Items,items,861,Toga Buddy Doll,toga buddy doll,Y,source_parsed,planning/museum-full-raw-sample-2026-05-12.txt,Seeded from reviewed raw full museum sample; use only when category slot count matches personal export.
Items,items,862,Tower Key,tower key,Y,source_parsed,planning/museum-full-raw-sample-2026-05-12.txt,Seeded from reviewed raw full museum sample; use only when category slot count matches personal export.
Items,items,863,Tower Prep Pack 01,tower prep pack 01,Y,source_parsed,planning/museum-full-raw-sample-2026-05-12.txt,Seeded from reviewed raw full museum sample; use only when category slot count matches personal export.
Items,items,864,Transistor,transistor,Y,source_parsed,planning/museum-full-raw-sample-2026-05-12.txt,Seeded from reviewed raw full museum sample; use only when category slot count matches personal export.
Items,items,865,Treasure Chest,treasure chest,Y,source_parsed,planning/museum-full-raw-sample-2026-05-12.txt,Seeded from reviewed raw full museum sample; use only when category slot count matches personal export.
Items,items,866,Treasure Key,treasure key,Y,source_parsed,planning/museum-full-raw-sample-2026-05-12.txt,Seeded from reviewed raw full museum sample; use only when category slot count matches personal export.
Items,items,867,Tribal Mask,tribal mask,Y,source_parsed,planning/museum-full-raw-sample-2026-05-12.txt,Seeded from reviewed raw full museum sample; use only when category slot count matches personal export.
Items,items,868,Tribal Staff,tribal staff,Y,source_parsed,planning/museum-full-raw-sample-2026-05-12.txt,Seeded from reviewed raw full museum sample; use only when category slot count matches personal export.
Items,items,869,Trident of Poseidon,trident of poseidon,Y,source_parsed,planning/museum-full-raw-sample-2026-05-12.txt,Seeded from reviewed raw full museum sample; use only when category slot count matches personal export.
Items,items,870,Trigon Knot,trigon knot,Y,source_parsed,planning/museum-full-raw-sample-2026-05-12.txt,Seeded from reviewed raw full museum sample; use only when category slot count matches personal export.
Items,items,871,Turkey Buddy Doll,turkey buddy doll,Y,source_parsed,planning/museum-full-raw-sample-2026-05-12.txt,Seeded from reviewed raw full museum sample; use only when category slot count matches personal export.
Items,items,872,Twine,twine,Y,source_parsed,planning/museum-full-raw-sample-2026-05-12.txt,Seeded from reviewed raw full museum sample; use only when category slot count matches personal export.
Items,items,873,U'ral Talisman,u'ral talisman,Y,source_parsed,planning/museum-full-raw-sample-2026-05-12.txt,Seeded from reviewed raw full museum sample; use only when category slot count matches personal export.
Items,items,874,Uncle Sam Buddy Doll,uncle sam buddy doll,Y,source_parsed,planning/museum-full-raw-sample-2026-05-12.txt,Seeded from reviewed raw full museum sample; use only when category slot count matches personal export.
Items,items,875,Unicorn Key,unicorn key,Y,source_parsed,planning/museum-full-raw-sample-2026-05-12.txt,Seeded from reviewed raw full museum sample; use only when category slot count matches personal export.
Items,items,876,Unpolished Aquacite,unpolished aquacite,Y,source_parsed,planning/museum-full-raw-sample-2026-05-12.txt,Seeded from reviewed raw full museum sample; use only when category slot count matches personal export.
Items,items,877,Unpolished Emerald,unpolished emerald,Y,source_parsed,planning/museum-full-raw-sample-2026-05-12.txt,Seeded from reviewed raw full museum sample; use only when category slot count matches personal export.
Items,items,878,Unpolished Flarite,unpolished flarite,Y,source_parsed,planning/museum-full-raw-sample-2026-05-12.txt,Seeded from reviewed raw full museum sample; use only when category slot count matches personal export.
Items,items,879,Unpolished Garnet,unpolished garnet,Y,source_parsed,planning/museum-full-raw-sample-2026-05-12.txt,Seeded from reviewed raw full museum sample; use only when category slot count matches personal export.
Items,items,880,Unpolished Jade,unpolished jade,Y,source_parsed,planning/museum-full-raw-sample-2026-05-12.txt,Seeded from reviewed raw full museum sample; use only when category slot count matches personal export.
Items,items,881,Unpolished Pyrite,unpolished pyrite,Y,source_parsed,planning/museum-full-raw-sample-2026-05-12.txt,Seeded from reviewed raw full museum sample; use only when category slot count matches personal export.
Items,items,882,Unpolished Ruby,unpolished ruby,Y,source_parsed,planning/museum-full-raw-sample-2026-05-12.txt,Seeded from reviewed raw full museum sample; use only when category slot count matches personal export.
Items,items,883,Unpolished Shimmer Stone,unpolished shimmer stone,Y,source_parsed,planning/museum-full-raw-sample-2026-05-12.txt,Seeded from reviewed raw full museum sample; use only when category slot count matches personal export.
Items,items,884,Unrefined Sugar,unrefined sugar,Y,source_parsed,planning/museum-full-raw-sample-2026-05-12.txt,Seeded from reviewed raw full museum sample; use only when category slot count matches personal export.
Items,items,885,Unusual Gem,unusual gem,Y,source_parsed,planning/museum-full-raw-sample-2026-05-12.txt,Seeded from reviewed raw full museum sample; use only when category slot count matches personal export.
Items,items,886,Utal's Sabre,utal's sabre,Y,source_parsed,planning/museum-full-raw-sample-2026-05-12.txt,Seeded from reviewed raw full museum sample; use only when category slot count matches personal export.
Items,items,887,Vacation Buddy Doll,vacation buddy doll,Y,source_parsed,planning/museum-full-raw-sample-2026-05-12.txt,Seeded from reviewed raw full museum sample; use only when category slot count matches personal export.
Items,items,888,Vampire Buddy Doll,vampire buddy doll,Y,source_parsed,planning/museum-full-raw-sample-2026-05-12.txt,Seeded from reviewed raw full museum sample; use only when category slot count matches personal export.
Items,items,889,Veggie Juice,veggie juice,Y,source_parsed,planning/museum-full-raw-sample-2026-05-12.txt,Seeded from reviewed raw full museum sample; use only when category slot count matches personal export.
Items,items,890,Velocity Belt,velocity belt,Y,source_parsed,planning/museum-full-raw-sample-2026-05-12.txt,Seeded from reviewed raw full museum sample; use only when category slot count matches personal export.
Items,items,891,Vincent Bobblehead,vincent bobblehead,Y,source_parsed,planning/museum-full-raw-sample-2026-05-12.txt,Seeded from reviewed raw full museum sample; use only when category slot count matches personal export.
Items,items,892,Vincent's Sea Pincher Special,vincent's sea pincher special,Y,source_parsed,planning/museum-full-raw-sample-2026-05-12.txt,Seeded from reviewed raw full museum sample; use only when category slot count matches personal export.
Items,items,893,VIP Card,vip card,Y,source_parsed,planning/museum-full-raw-sample-2026-05-12.txt,Seeded from reviewed raw full museum sample; use only when category slot count matches personal export.
Items,items,894,VIP Platinum Card,vip platinum card,Y,source_parsed,planning/museum-full-raw-sample-2026-05-12.txt,Seeded from reviewed raw full museum sample; use only when category slot count matches personal export.
Items,items,895,Void Bag 01,void bag 01,Y,source_parsed,planning/museum-full-raw-sample-2026-05-12.txt,Seeded from reviewed raw full museum sample; use only when category slot count matches personal export.
Items,items,896,Waffle,waffle,Y,source_parsed,planning/museum-full-raw-sample-2026-05-12.txt,Seeded from reviewed raw full museum sample; use only when category slot count matches personal export.
Items,items,897,Wagon Wheel,wagon wheel,Y,source_parsed,planning/museum-full-raw-sample-2026-05-12.txt,Seeded from reviewed raw full museum sample; use only when category slot count matches personal export.
Items,items,898,Wampa Buddy Doll,wampa buddy doll,Y,source_parsed,planning/museum-full-raw-sample-2026-05-12.txt,Seeded from reviewed raw full museum sample; use only when category slot count matches personal export.
Items,items,899,Water Lily,water lily,Y,source_parsed,planning/museum-full-raw-sample-2026-05-12.txt,Seeded from reviewed raw full museum sample; use only when category slot count matches personal export.
Items,items,900,Water Orb,water orb,Y,source_parsed,planning/museum-full-raw-sample-2026-05-12.txt,Seeded from reviewed raw full museum sample; use only when category slot count matches personal export.
Items,items,901,Wax Candle,wax candle,Y,source_parsed,planning/museum-full-raw-sample-2026-05-12.txt,Seeded from reviewed raw full museum sample; use only when category slot count matches personal export.
Items,items,902,Werewolf Buddy Doll,werewolf buddy doll,Y,source_parsed,planning/museum-full-raw-sample-2026-05-12.txt,Seeded from reviewed raw full museum sample; use only when category slot count matches personal export.
Items,items,903,White Cloak,white cloak,Y,source_parsed,planning/museum-full-raw-sample-2026-05-12.txt,Seeded from reviewed raw full museum sample; use only when category slot count matches personal export.
Items,items,904,White Dye,white dye,Y,source_parsed,planning/museum-full-raw-sample-2026-05-12.txt,Seeded from reviewed raw full museum sample; use only when category slot count matches personal export.
Items,items,905,White Flowers,white flowers,Y,source_parsed,planning/museum-full-raw-sample-2026-05-12.txt,Seeded from reviewed raw full museum sample; use only when category slot count matches personal export.
Items,items,906,White Parchment,white parchment,Y,source_parsed,planning/museum-full-raw-sample-2026-05-12.txt,Seeded from reviewed raw full museum sample; use only when category slot count matches personal export.
Items,items,907,White Purse,white purse,Y,source_parsed,planning/museum-full-raw-sample-2026-05-12.txt,Seeded from reviewed raw full museum sample; use only when category slot count matches personal export.
Items,items,908,White Scarf,white scarf,Y,source_parsed,planning/museum-full-raw-sample-2026-05-12.txt,Seeded from reviewed raw full museum sample; use only when category slot count matches personal export.
Items,items,909,White Shirt,white shirt,Y,source_parsed,planning/museum-full-raw-sample-2026-05-12.txt,Seeded from reviewed raw full museum sample; use only when category slot count matches personal export.
Items,items,910,White Sugar,white sugar,Y,source_parsed,planning/museum-full-raw-sample-2026-05-12.txt,Seeded from reviewed raw full museum sample; use only when category slot count matches personal export.
Items,items,911,White Truffle,white truffle,Y,source_parsed,planning/museum-full-raw-sample-2026-05-12.txt,Seeded from reviewed raw full museum sample; use only when category slot count matches personal export.
Items,items,912,White Twine,white twine,Y,source_parsed,planning/museum-full-raw-sample-2026-05-12.txt,Seeded from reviewed raw full museum sample; use only when category slot count matches personal export.
Items,items,913,Wine,wine,Y,source_parsed,planning/museum-full-raw-sample-2026-05-12.txt,Seeded from reviewed raw full museum sample; use only when category slot count matches personal export.
Items,items,914,Winged Amulet,winged amulet,Y,source_parsed,planning/museum-full-raw-sample-2026-05-12.txt,Seeded from reviewed raw full museum sample; use only when category slot count matches personal export.
Items,items,915,Winter Basket,winter basket,Y,source_parsed,planning/museum-full-raw-sample-2026-05-12.txt,Seeded from reviewed raw full museum sample; use only when category slot count matches personal export.
Items,items,916,Wishbone Necklace,wishbone necklace,Y,source_parsed,planning/museum-full-raw-sample-2026-05-12.txt,Seeded from reviewed raw full museum sample; use only when category slot count matches personal export.
Items,items,917,Wizard Hat,wizard hat,Y,source_parsed,planning/museum-full-raw-sample-2026-05-12.txt,Seeded from reviewed raw full museum sample; use only when category slot count matches personal export.
Items,items,918,Wizard's Second Favorite Feather,wizard's second favorite feather,Y,source_parsed,planning/museum-full-raw-sample-2026-05-12.txt,Seeded from reviewed raw full museum sample; use only when category slot count matches personal export.
Items,items,919,Wood,wood,Y,source_parsed,planning/museum-full-raw-sample-2026-05-12.txt,Seeded from reviewed raw full museum sample; use only when category slot count matches personal export.
Items,items,920,Wooden Barrel,wooden barrel,Y,source_parsed,planning/museum-full-raw-sample-2026-05-12.txt,Seeded from reviewed raw full museum sample; use only when category slot count matches personal export.
Items,items,921,Wooden Bow,wooden bow,Y,source_parsed,planning/museum-full-raw-sample-2026-05-12.txt,Seeded from reviewed raw full museum sample; use only when category slot count matches personal export.
Items,items,922,Wooden Box,wooden box,Y,source_parsed,planning/museum-full-raw-sample-2026-05-12.txt,Seeded from reviewed raw full museum sample; use only when category slot count matches personal export.
Items,items,923,Wooden Button,wooden button,Y,source_parsed,planning/museum-full-raw-sample-2026-05-12.txt,Seeded from reviewed raw full museum sample; use only when category slot count matches personal export.
Items,items,924,Wooden Mask,wooden mask,Y,source_parsed,planning/museum-full-raw-sample-2026-05-12.txt,Seeded from reviewed raw full museum sample; use only when category slot count matches personal export.
Items,items,925,Wooden Pipe,wooden pipe,Y,source_parsed,planning/museum-full-raw-sample-2026-05-12.txt,Seeded from reviewed raw full museum sample; use only when category slot count matches personal export.
Items,items,926,Wooden Plank,wooden plank,Y,source_parsed,planning/museum-full-raw-sample-2026-05-12.txt,Seeded from reviewed raw full museum sample; use only when category slot count matches personal export.
Items,items,927,Wooden Shield,wooden shield,Y,source_parsed,planning/museum-full-raw-sample-2026-05-12.txt,Seeded from reviewed raw full museum sample; use only when category slot count matches personal export.
Items,items,928,Wooden Spear,wooden spear,Y,source_parsed,planning/museum-full-raw-sample-2026-05-12.txt,Seeded from reviewed raw full museum sample; use only when category slot count matches personal export.
Items,items,929,Wooden Sword,wooden sword,Y,source_parsed,planning/museum-full-raw-sample-2026-05-12.txt,Seeded from reviewed raw full museum sample; use only when category slot count matches personal export.
Items,items,930,Wooden Table,wooden table,Y,source_parsed,planning/museum-full-raw-sample-2026-05-12.txt,Seeded from reviewed raw full museum sample; use only when category slot count matches personal export.
Items,items,931,World Globe,world globe,Y,source_parsed,planning/museum-full-raw-sample-2026-05-12.txt,Seeded from reviewed raw full museum sample; use only when category slot count matches personal export.
Items,items,932,Wrench,wrench,Y,source_parsed,planning/museum-full-raw-sample-2026-05-12.txt,Seeded from reviewed raw full museum sample; use only when category slot count matches personal export.
Items,items,933,Y73841 Blueprint,y73841 blueprint,Y,source_parsed,planning/museum-full-raw-sample-2026-05-12.txt,Seeded from reviewed raw full museum sample; use only when category slot count matches personal export.
Items,items,934,Y73841 Detector,y73841 detector,Y,source_parsed,planning/museum-full-raw-sample-2026-05-12.txt,Seeded from reviewed raw full museum sample; use only when category slot count matches personal export.
Items,items,935,Yarn,yarn,Y,source_parsed,planning/museum-full-raw-sample-2026-05-12.txt,Seeded from reviewed raw full museum sample; use only when category slot count matches personal export.
Items,items,936,Yellow Bag,yellow bag,Y,source_parsed,planning/museum-full-raw-sample-2026-05-12.txt,Seeded from reviewed raw full museum sample; use only when category slot count matches personal export.
Items,items,937,Yellow Butterfly,yellow butterfly,Y,source_parsed,planning/museum-full-raw-sample-2026-05-12.txt,Seeded from reviewed raw full museum sample; use only when category slot count matches personal export.
Items,items,938,Yellow Dye,yellow dye,Y,source_parsed,planning/museum-full-raw-sample-2026-05-12.txt,Seeded from reviewed raw full museum sample; use only when category slot count matches personal export.
Items,items,939,Yellow Flowers,yellow flowers,Y,source_parsed,planning/museum-full-raw-sample-2026-05-12.txt,Seeded from reviewed raw full museum sample; use only when category slot count matches personal export.
Items,items,940,Yellow Purse,yellow purse,Y,source_parsed,planning/museum-full-raw-sample-2026-05-12.txt,Seeded from reviewed raw full museum sample; use only when category slot count matches personal export.
Items,items,941,Yellow Scarf,yellow scarf,Y,source_parsed,planning/museum-full-raw-sample-2026-05-12.txt,Seeded from reviewed raw full museum sample; use only when category slot count matches personal export.
Items,items,942,Yellow Shirt,yellow shirt,Y,source_parsed,planning/museum-full-raw-sample-2026-05-12.txt,Seeded from reviewed raw full museum sample; use only when category slot count matches personal export.
Items,items,943,Yellow Twine,yellow twine,Y,source_parsed,planning/museum-full-raw-sample-2026-05-12.txt,Seeded from reviewed raw full museum sample; use only when category slot count matches personal export.
Items,items,944,YoYo,yoyo,Y,source_parsed,planning/museum-full-raw-sample-2026-05-12.txt,Seeded from reviewed raw full museum sample; use only when category slot count matches personal export.
Items,items,945,Zho's Dagger,zho's dagger,Y,source_parsed,planning/museum-full-raw-sample-2026-05-12.txt,Seeded from reviewed raw full museum sample; use only when category slot count matches personal export.
Items,items,946,Zombie Buddy Doll,zombie buddy doll,Y,source_parsed,planning/museum-full-raw-sample-2026-05-12.txt,Seeded from reviewed raw full museum sample; use only when category slot count matches personal export.
Seeds,seeds,1,Beet Seeds,beet seeds,Y,source_parsed,planning/museum-full-raw-sample-2026-05-12.txt,Seeded from reviewed raw full museum sample; use only when category slot count matches personal export.
Seeds,seeds,2,Broccoli Seeds,broccoli seeds,Y,source_parsed,planning/museum-full-raw-sample-2026-05-12.txt,Seeded from reviewed raw full museum sample; use only when category slot count matches personal export.
Seeds,seeds,3,Cabbage Seeds,cabbage seeds,Y,source_parsed,planning/museum-full-raw-sample-2026-05-12.txt,Seeded from reviewed raw full museum sample; use only when category slot count matches personal export.
Seeds,seeds,4,Carrot Seeds,carrot seeds,Y,source_parsed,planning/museum-full-raw-sample-2026-05-12.txt,Seeded from reviewed raw full museum sample; use only when category slot count matches personal export.
Seeds,seeds,5,Corn Seeds,corn seeds,Y,source_parsed,planning/museum-full-raw-sample-2026-05-12.txt,Seeded from reviewed raw full museum sample; use only when category slot count matches personal export.
Seeds,seeds,6,Cotton Seeds,cotton seeds,Y,source_parsed,planning/museum-full-raw-sample-2026-05-12.txt,Seeded from reviewed raw full museum sample; use only when category slot count matches personal export.
Seeds,seeds,7,Cucumber Seeds,cucumber seeds,Y,source_parsed,planning/museum-full-raw-sample-2026-05-12.txt,Seeded from reviewed raw full museum sample; use only when category slot count matches personal export.
Seeds,seeds,8,Eggplant Seeds,eggplant seeds,Y,source_parsed,planning/museum-full-raw-sample-2026-05-12.txt,Seeded from reviewed raw full museum sample; use only when category slot count matches personal export.
Seeds,seeds,9,Gold Carrot Seeds,gold carrot seeds,Y,source_parsed,planning/museum-full-raw-sample-2026-05-12.txt,Seeded from reviewed raw full museum sample; use only when category slot count matches personal export.
Seeds,seeds,10,Gold Cucumber Seeds,gold cucumber seeds,Y,source_parsed,planning/museum-full-raw-sample-2026-05-12.txt,Seeded from reviewed raw full museum sample; use only when category slot count matches personal export.
Seeds,seeds,11,Gold Eggplant Seeds,gold eggplant seeds,Y,source_parsed,planning/museum-full-raw-sample-2026-05-12.txt,Seeded from reviewed raw full museum sample; use only when category slot count matches personal export.
Seeds,seeds,12,Gold Pea Seeds,gold pea seeds,Y,source_parsed,planning/museum-full-raw-sample-2026-05-12.txt,Seeded from reviewed raw full museum sample; use only when category slot count matches personal export.
Seeds,seeds,13,Gold Pepper Seeds,gold pepper seeds,Y,source_parsed,planning/museum-full-raw-sample-2026-05-12.txt,Seeded from reviewed raw full museum sample; use only when category slot count matches personal export.
Seeds,seeds,14,Hops Seeds,hops seeds,Y,source_parsed,planning/museum-full-raw-sample-2026-05-12.txt,Seeded from reviewed raw full museum sample; use only when category slot count matches personal export.
Seeds,seeds,15,Leek Seeds,leek seeds,Y,source_parsed,planning/museum-full-raw-sample-2026-05-12.txt,Seeded from reviewed raw full museum sample; use only when category slot count matches personal export.
Seeds,seeds,16,Mega Beet Seeds,mega beet seeds,Y,source_parsed,planning/museum-full-raw-sample-2026-05-12.txt,Seeded from reviewed raw full museum sample; use only when category slot count matches personal export.
Seeds,seeds,17,Mega Cotton Seeds,mega cotton seeds,Y,source_parsed,planning/museum-full-raw-sample-2026-05-12.txt,Seeded from reviewed raw full museum sample; use only when category slot count matches personal export.
Seeds,seeds,18,Mega Sunflower Seeds,mega sunflower seeds,Y,source_parsed,planning/museum-full-raw-sample-2026-05-12.txt,Seeded from reviewed raw full museum sample; use only when category slot count matches personal export.
Seeds,seeds,19,Mushroom Spores,mushroom spores,Y,source_parsed,planning/museum-full-raw-sample-2026-05-12.txt,Seeded from reviewed raw full museum sample; use only when category slot count matches personal export.
Seeds,seeds,20,Onion Seeds,onion seeds,Y,source_parsed,planning/museum-full-raw-sample-2026-05-12.txt,Seeded from reviewed raw full museum sample; use only when category slot count matches personal export.
Seeds,seeds,21,Pea Seeds,pea seeds,Y,source_parsed,planning/museum-full-raw-sample-2026-05-12.txt,Seeded from reviewed raw full museum sample; use only when category slot count matches personal export.
Seeds,seeds,22,Pepper Seeds,pepper seeds,Y,source_parsed,planning/museum-full-raw-sample-2026-05-12.txt,Seeded from reviewed raw full museum sample; use only when category slot count matches personal export.
Seeds,seeds,23,Pine Seeds,pine seeds,Y,source_parsed,planning/museum-full-raw-sample-2026-05-12.txt,Seeded from reviewed raw full museum sample; use only when category slot count matches personal export.
Seeds,seeds,24,Potato Seeds,potato seeds,Y,source_parsed,planning/museum-full-raw-sample-2026-05-12.txt,Seeded from reviewed raw full museum sample; use only when category slot count matches personal export.
Seeds,seeds,25,Pumpkin Seeds,pumpkin seeds,Y,source_parsed,planning/museum-full-raw-sample-2026-05-12.txt,Seeded from reviewed raw full museum sample; use only when category slot count matches personal export.
Seeds,seeds,26,Radish Seeds,radish seeds,Y,source_parsed,planning/museum-full-raw-sample-2026-05-12.txt,Seeded from reviewed raw full museum sample; use only when category slot count matches personal export.
Seeds,seeds,27,Rice Seeds,rice seeds,Y,source_parsed,planning/museum-full-raw-sample-2026-05-12.txt,Seeded from reviewed raw full museum sample; use only when category slot count matches personal export.
Seeds,seeds,28,Spring Seeds,spring seeds,Y,source_parsed,planning/museum-full-raw-sample-2026-05-12.txt,Seeded from reviewed raw full museum sample; use only when category slot count matches personal export.
Seeds,seeds,29,Sugar Cane Seeds,sugar cane seeds,Y,source_parsed,planning/museum-full-raw-sample-2026-05-12.txt,Seeded from reviewed raw full museum sample; use only when category slot count matches personal export.
Seeds,seeds,30,Sunflower Seeds,sunflower seeds,Y,source_parsed,planning/museum-full-raw-sample-2026-05-12.txt,Seeded from reviewed raw full museum sample; use only when category slot count matches personal export.
Seeds,seeds,31,Tomato Seeds,tomato seeds,Y,source_parsed,planning/museum-full-raw-sample-2026-05-12.txt,Seeded from reviewed raw full museum sample; use only when category slot count matches personal export.
Seeds,seeds,32,Watermelon Seeds,watermelon seeds,Y,source_parsed,planning/museum-full-raw-sample-2026-05-12.txt,Seeded from reviewed raw full museum sample; use only when category slot count matches personal export.
Seeds,seeds,33,Wheat Seeds,wheat seeds,Y,source_parsed,planning/museum-full-raw-sample-2026-05-12.txt,Seeded from reviewed raw full museum sample; use only when category slot count matches personal export.
Bait,bait,1,Grubs,grubs,Y,source_parsed,planning/museum-full-raw-sample-2026-05-12.txt,Seeded from reviewed raw full museum sample; use only when category slot count matches personal export.
Bait,bait,2,Gummy Worms,gummy worms,Y,source_parsed,planning/museum-full-raw-sample-2026-05-12.txt,Seeded from reviewed raw full museum sample; use only when category slot count matches personal export.
Bait,bait,3,Mealworms,mealworms,Y,source_parsed,planning/museum-full-raw-sample-2026-05-12.txt,Seeded from reviewed raw full museum sample; use only when category slot count matches personal export.
Bait,bait,4,Minnows,minnows,Y,source_parsed,planning/museum-full-raw-sample-2026-05-12.txt,Seeded from reviewed raw full museum sample; use only when category slot count matches personal export.
Bait,bait,5,Worms,worms,Y,source_parsed,planning/museum-full-raw-sample-2026-05-12.txt,Seeded from reviewed raw full museum sample; use only when category slot count matches personal export.
Meals,meals,1,Acorn Pie,acorn pie,Y,source_parsed,planning/museum-full-raw-sample-2026-05-12.txt,Seeded from reviewed raw full museum sample; use only when category slot count matches personal export.
Meals,meals,2,Apple Pie,apple pie,Y,source_parsed,planning/museum-full-raw-sample-2026-05-12.txt,Seeded from reviewed raw full museum sample; use only when category slot count matches personal export.
Meals,meals,3,Bone Broth,bone broth,Y,source_parsed,planning/museum-full-raw-sample-2026-05-12.txt,Seeded from reviewed raw full museum sample; use only when category slot count matches personal export.
Meals,meals,4,Breakfast Boost,breakfast boost,Y,source_parsed,planning/museum-full-raw-sample-2026-05-12.txt,Seeded from reviewed raw full museum sample; use only when category slot count matches personal export.
Meals,meals,5,Cabbage Stew,cabbage stew,Y,source_parsed,planning/museum-full-raw-sample-2026-05-12.txt,Seeded from reviewed raw full museum sample; use only when category slot count matches personal export.
Meals,meals,6,Cat's Meow,cat's meow,Y,source_parsed,planning/museum-full-raw-sample-2026-05-12.txt,Seeded from reviewed raw full museum sample; use only when category slot count matches personal export.
Meals,meals,7,Fish and Chips,fish and chips,Y,source_parsed,planning/museum-full-raw-sample-2026-05-12.txt,Seeded from reviewed raw full museum sample; use only when category slot count matches personal export.
Meals,meals,8,Hickory Omelette,hickory omelette,Y,source_parsed,planning/museum-full-raw-sample-2026-05-12.txt,Seeded from reviewed raw full museum sample; use only when category slot count matches personal export.
Meals,meals,9,Lemon Cream Pie,lemon cream pie,Y,source_parsed,planning/museum-full-raw-sample-2026-05-12.txt,Seeded from reviewed raw full museum sample; use only when category slot count matches personal export.
Meals,meals,10,Lemon Seltzer,lemon seltzer,Y,source_parsed,planning/museum-full-raw-sample-2026-05-12.txt,Seeded from reviewed raw full museum sample; use only when category slot count matches personal export.
Meals,meals,11,Mushroom Stew,mushroom stew,Y,source_parsed,planning/museum-full-raw-sample-2026-05-12.txt,Seeded from reviewed raw full museum sample; use only when category slot count matches personal export.
Meals,meals,12,Neigh,neigh,Y,source_parsed,planning/museum-full-raw-sample-2026-05-12.txt,Seeded from reviewed raw full museum sample; use only when category slot count matches personal export.
Meals,meals,13,Onion Soup,onion soup,Y,source_parsed,planning/museum-full-raw-sample-2026-05-12.txt,Seeded from reviewed raw full museum sample; use only when category slot count matches personal export.
Meals,meals,14,Over The Moon,over the moon,Y,source_parsed,planning/museum-full-raw-sample-2026-05-12.txt,Seeded from reviewed raw full museum sample; use only when category slot count matches personal export.
Meals,meals,15,PHR Voucher,phr voucher,Y,source_parsed,planning/museum-full-raw-sample-2026-05-12.txt,Seeded from reviewed raw full museum sample; use only when category slot count matches personal export.
Meals,meals,16,Quandary Chowder,quandary chowder,Y,source_parsed,planning/museum-full-raw-sample-2026-05-12.txt,Seeded from reviewed raw full museum sample; use only when category slot count matches personal export.
Meals,meals,17,Sea Pincher Special,sea pincher special,Y,source_parsed,planning/museum-full-raw-sample-2026-05-12.txt,Seeded from reviewed raw full museum sample; use only when category slot count matches personal export.
Meals,meals,18,Shrimp-a-Plenty,shrimp-a-plenty,Y,source_parsed,planning/museum-full-raw-sample-2026-05-12.txt,Seeded from reviewed raw full museum sample; use only when category slot count matches personal export.
Meals,meals,19,Spooky Pie,spooky pie,Y,source_parsed,planning/museum-full-raw-sample-2026-05-12.txt,Seeded from reviewed raw full museum sample; use only when category slot count matches personal export.
Meals,meals,20,Supply Voucher,supply voucher,Y,source_parsed,planning/museum-full-raw-sample-2026-05-12.txt,Seeded from reviewed raw full museum sample; use only when category slot count matches personal export.
Meals,meals,21,Travel Voucher,travel voucher,Y,source_parsed,planning/museum-full-raw-sample-2026-05-12.txt,Seeded from reviewed raw full museum sample; use only when category slot count matches personal export.
Cards,cards,1,3rd Birthday Card,3rd birthday card,Y,source_parsed,planning/museum-full-raw-sample-2026-05-12.txt,Seeded from reviewed raw full museum sample; use only when category slot count matches personal export.
Cards,cards,2,4th Birthday Card,4th birthday card,Y,source_parsed,planning/museum-full-raw-sample-2026-05-12.txt,Seeded from reviewed raw full museum sample; use only when category slot count matches personal export.
Cards,cards,3,Buddy Loves You Card,buddy loves you card,Y,source_parsed,planning/museum-full-raw-sample-2026-05-12.txt,Seeded from reviewed raw full museum sample; use only when category slot count matches personal export.
Cards,cards,4,Capy Birthday Card,capy birthday card,Y,source_parsed,planning/museum-full-raw-sample-2026-05-12.txt,Seeded from reviewed raw full museum sample; use only when category slot count matches personal export.
Cards,cards,5,Clawed Card,clawed card,Y,source_parsed,planning/museum-full-raw-sample-2026-05-12.txt,Seeded from reviewed raw full museum sample; use only when category slot count matches personal export.
Cards,cards,6,Congratulations Card,congratulations card,Y,source_parsed,planning/museum-full-raw-sample-2026-05-12.txt,Seeded from reviewed raw full museum sample; use only when category slot count matches personal export.
Cards,cards,7,Get Well Soon Card,get well soon card,Y,source_parsed,planning/museum-full-raw-sample-2026-05-12.txt,Seeded from reviewed raw full museum sample; use only when category slot count matches personal export.
Cards,cards,8,Good Luck Card,good luck card,Y,source_parsed,planning/museum-full-raw-sample-2026-05-12.txt,Seeded from reviewed raw full museum sample; use only when category slot count matches personal export.
Cards,cards,9,Happy Farmiversary Card,happy farmiversary card,Y,source_parsed,planning/museum-full-raw-sample-2026-05-12.txt,Seeded from reviewed raw full museum sample; use only when category slot count matches personal export.
Cards,cards,10,Happy Halloween Card,happy halloween card,Y,source_parsed,planning/museum-full-raw-sample-2026-05-12.txt,Seeded from reviewed raw full museum sample; use only when category slot count matches personal export.
Cards,cards,11,Red Envelope,red envelope,Y,source_parsed,planning/museum-full-raw-sample-2026-05-12.txt,Seeded from reviewed raw full museum sample; use only when category slot count matches personal export.
Cards,cards,12,Sappy Christmas Card,sappy christmas card,Y,source_parsed,planning/museum-full-raw-sample-2026-05-12.txt,Seeded from reviewed raw full museum sample; use only when category slot count matches personal export.
Cards,cards,13,Thank You Card,thank you card,Y,source_parsed,planning/museum-full-raw-sample-2026-05-12.txt,Seeded from reviewed raw full museum sample; use only when category slot count matches personal export.
Cards,cards,14,We Know Card,we know card,Y,source_parsed,planning/museum-full-raw-sample-2026-05-12.txt,Seeded from reviewed raw full museum sample; use only when category slot count matches personal export.
Cards,cards,15,Welcome Card,welcome card,Y,source_parsed,planning/museum-full-raw-sample-2026-05-12.txt,Seeded from reviewed raw full museum sample; use only when category slot count matches personal export.
Cards,cards,16,You Rock Card,you rock card,Y,source_parsed,planning/museum-full-raw-sample-2026-05-12.txt,Seeded from reviewed raw full museum sample; use only when category slot count matches personal export.
Event,event,1,11th Leaf Centerpiece,11th leaf centerpiece,Y,source_parsed,planning/museum-full-raw-sample-2026-05-12.txt,Seeded from reviewed raw full museum sample; use only when category slot count matches personal export.
Event,event,2,Ancient Stone Cicada,ancient stone cicada,Y,source_parsed,planning/museum-full-raw-sample-2026-05-12.txt,Seeded from reviewed raw full museum sample; use only when category slot count matches personal export.
Event,event,3,Ant Apple,ant apple,Y,source_parsed,planning/museum-full-raw-sample-2026-05-12.txt,Seeded from reviewed raw full museum sample; use only when category slot count matches personal export.
Event,event,4,Apple Ant,apple ant,Y,source_parsed,planning/museum-full-raw-sample-2026-05-12.txt,Seeded from reviewed raw full museum sample; use only when category slot count matches personal export.
Event,event,5,Bag of Ghost Candy,bag of ghost candy,Y,source_parsed,planning/museum-full-raw-sample-2026-05-12.txt,Seeded from reviewed raw full museum sample; use only when category slot count matches personal export.
Event,event,6,Bag of Presents 01,bag of presents 01,Y,source_parsed,planning/museum-full-raw-sample-2026-05-12.txt,Seeded from reviewed raw full museum sample; use only when category slot count matches personal export.
Event,event,7,Bag of Presents 02,bag of presents 02,Y,source_parsed,planning/museum-full-raw-sample-2026-05-12.txt,Seeded from reviewed raw full museum sample; use only when category slot count matches personal export.
Event,event,8,Bag of Snowballs,bag of snowballs,Y,source_parsed,planning/museum-full-raw-sample-2026-05-12.txt,Seeded from reviewed raw full museum sample; use only when category slot count matches personal export.
Event,event,9,Bat Wing,bat wing,Y,source_parsed,planning/museum-full-raw-sample-2026-05-12.txt,Seeded from reviewed raw full museum sample; use only when category slot count matches personal export.
Event,event,10,Beach Ball,beach ball,Y,source_parsed,planning/museum-full-raw-sample-2026-05-12.txt,Seeded from reviewed raw full museum sample; use only when category slot count matches personal export.
Event,event,11,Birthday Present,birthday present,Y,source_parsed,planning/museum-full-raw-sample-2026-05-12.txt,Seeded from reviewed raw full museum sample; use only when category slot count matches personal export.
Event,event,12,Birthday Surprise Box 03,birthday surprise box 03,Y,source_parsed,planning/museum-full-raw-sample-2026-05-12.txt,Seeded from reviewed raw full museum sample; use only when category slot count matches personal export.
Event,event,13,Birthday Surprise Box 04,birthday surprise box 04,Y,source_parsed,planning/museum-full-raw-sample-2026-05-12.txt,Seeded from reviewed raw full museum sample; use only when category slot count matches personal export.
Event,event,14,Blitzen,blitzen,Y,source_parsed,planning/museum-full-raw-sample-2026-05-12.txt,Seeded from reviewed raw full museum sample; use only when category slot count matches personal export.
Event,event,15,Blue Ornament,blue ornament,Y,source_parsed,planning/museum-full-raw-sample-2026-05-12.txt,Seeded from reviewed raw full museum sample; use only when category slot count matches personal export.
Event,event,16,Blue Spritz,blue spritz,Y,source_parsed,planning/museum-full-raw-sample-2026-05-12.txt,Seeded from reviewed raw full museum sample; use only when category slot count matches personal export.
Event,event,17,Blue Tang,blue tang,Y,source_parsed,planning/museum-full-raw-sample-2026-05-12.txt,Seeded from reviewed raw full museum sample; use only when category slot count matches personal export.
Event,event,18,Boltonic Love Potion 4,boltonic love potion 4,Y,source_parsed,planning/museum-full-raw-sample-2026-05-12.txt,Seeded from reviewed raw full museum sample; use only when category slot count matches personal export.
Event,event,19,Book of Spells,book of spells,Y,source_parsed,planning/museum-full-raw-sample-2026-05-12.txt,Seeded from reviewed raw full museum sample; use only when category slot count matches personal export.
Event,event,20,Bouquet of Roses,bouquet of roses,Y,source_parsed,planning/museum-full-raw-sample-2026-05-12.txt,Seeded from reviewed raw full museum sample; use only when category slot count matches personal export.
Event,event,21,Box of Chocolate 01,box of chocolate 01,Y,source_parsed,planning/museum-full-raw-sample-2026-05-12.txt,Seeded from reviewed raw full museum sample; use only when category slot count matches personal export.
Event,event,22,Box of Chocolate 02,box of chocolate 02,Y,source_parsed,planning/museum-full-raw-sample-2026-05-12.txt,Seeded from reviewed raw full museum sample; use only when category slot count matches personal export.
Event,event,23,Box of Holiday Cakes,box of holiday cakes,Y,source_parsed,planning/museum-full-raw-sample-2026-05-12.txt,Seeded from reviewed raw full museum sample; use only when category slot count matches personal export.
Event,event,24,Buddy Cushion,buddy cushion,Y,source_parsed,planning/museum-full-raw-sample-2026-05-12.txt,Seeded from reviewed raw full museum sample; use only when category slot count matches personal export.
Event,event,25,Buddy Elf on a Shelf,buddy elf on a shelf,Y,source_parsed,planning/museum-full-raw-sample-2026-05-12.txt,Seeded from reviewed raw full museum sample; use only when category slot count matches personal export.
Event,event,26,Buddy's Beach Ball,buddy's beach ball,Y,source_parsed,planning/museum-full-raw-sample-2026-05-12.txt,Seeded from reviewed raw full museum sample; use only when category slot count matches personal export.
Event,event,27,Bunny Ears,bunny ears,Y,source_parsed,planning/museum-full-raw-sample-2026-05-12.txt,Seeded from reviewed raw full museum sample; use only when category slot count matches personal export.
Event,event,28,Calavera 01,calavera 01,Y,source_parsed,planning/museum-full-raw-sample-2026-05-12.txt,Seeded from reviewed raw full museum sample; use only when category slot count matches personal export.
Event,event,29,Calavera 02,calavera 02,Y,source_parsed,planning/museum-full-raw-sample-2026-05-12.txt,Seeded from reviewed raw full museum sample; use only when category slot count matches personal export.
Event,event,30,Candy,candy,Y,source_parsed,planning/museum-full-raw-sample-2026-05-12.txt,Seeded from reviewed raw full museum sample; use only when category slot count matches personal export.
Event,event,31,Candy Cane,candy cane,Y,source_parsed,planning/museum-full-raw-sample-2026-05-12.txt,Seeded from reviewed raw full museum sample; use only when category slot count matches personal export.
Event,event,32,Candy Corn,candy corn,Y,source_parsed,planning/museum-full-raw-sample-2026-05-12.txt,Seeded from reviewed raw full museum sample; use only when category slot count matches personal export.
Event,event,33,Candy Roll,candy roll,Y,source_parsed,planning/museum-full-raw-sample-2026-05-12.txt,Seeded from reviewed raw full museum sample; use only when category slot count matches personal export.
Event,event,34,Captured Ghost,captured ghost,Y,source_parsed,planning/museum-full-raw-sample-2026-05-12.txt,Seeded from reviewed raw full museum sample; use only when category slot count matches personal export.
Event,event,35,Carnevale,carnevale,Y,source_parsed,planning/museum-full-raw-sample-2026-05-12.txt,Seeded from reviewed raw full museum sample; use only when category slot count matches personal export.
Event,event,36,Chattering Teeth,chattering teeth,Y,source_parsed,planning/museum-full-raw-sample-2026-05-12.txt,Seeded from reviewed raw full museum sample; use only when category slot count matches personal export.
Event,event,37,Chocolate Bunny,chocolate bunny,Y,source_parsed,planning/museum-full-raw-sample-2026-05-12.txt,Seeded from reviewed raw full museum sample; use only when category slot count matches personal export.
Event,event,38,Christmas Card,christmas card,Y,source_parsed,planning/museum-full-raw-sample-2026-05-12.txt,Seeded from reviewed raw full museum sample; use only when category slot count matches personal export.
Event,event,39,Christmas Present 01,christmas present 01,Y,source_parsed,planning/museum-full-raw-sample-2026-05-12.txt,Seeded from reviewed raw full museum sample; use only when category slot count matches personal export.
Event,event,40,Christmas Present 02,christmas present 02,Y,source_parsed,planning/museum-full-raw-sample-2026-05-12.txt,Seeded from reviewed raw full museum sample; use only when category slot count matches personal export.
Event,event,41,Christmas Present 03,christmas present 03,Y,source_parsed,planning/museum-full-raw-sample-2026-05-12.txt,Seeded from reviewed raw full museum sample; use only when category slot count matches personal export.
Event,event,42,Christmas Present 04,christmas present 04,Y,source_parsed,planning/museum-full-raw-sample-2026-05-12.txt,Seeded from reviewed raw full museum sample; use only when category slot count matches personal export.
Event,event,43,Christmas Present 05,christmas present 05,Y,source_parsed,planning/museum-full-raw-sample-2026-05-12.txt,Seeded from reviewed raw full museum sample; use only when category slot count matches personal export.
Event,event,44,Christmas Present 06,christmas present 06,Y,source_parsed,planning/museum-full-raw-sample-2026-05-12.txt,Seeded from reviewed raw full museum sample; use only when category slot count matches personal export.
Event,event,45,Christmas Present 07,christmas present 07,Y,source_parsed,planning/museum-full-raw-sample-2026-05-12.txt,Seeded from reviewed raw full museum sample; use only when category slot count matches personal export.
Event,event,46,Christmas Present 08,christmas present 08,Y,source_parsed,planning/museum-full-raw-sample-2026-05-12.txt,Seeded from reviewed raw full museum sample; use only when category slot count matches personal export.
Event,event,47,Christmas Present 09,christmas present 09,Y,source_parsed,planning/museum-full-raw-sample-2026-05-12.txt,Seeded from reviewed raw full museum sample; use only when category slot count matches personal export.
Event,event,48,Christmas Present 10,christmas present 10,Y,source_parsed,planning/museum-full-raw-sample-2026-05-12.txt,Seeded from reviewed raw full museum sample; use only when category slot count matches personal export.
Event,event,49,Christmas Present 11,christmas present 11,Y,source_parsed,planning/museum-full-raw-sample-2026-05-12.txt,Seeded from reviewed raw full museum sample; use only when category slot count matches personal export.
Event,event,50,Christmas Present 12,christmas present 12,Y,source_parsed,planning/museum-full-raw-sample-2026-05-12.txt,Seeded from reviewed raw full museum sample; use only when category slot count matches personal export.
Event,event,51,Christmas Stocking,christmas stocking,Y,source_parsed,planning/museum-full-raw-sample-2026-05-12.txt,Seeded from reviewed raw full museum sample; use only when category slot count matches personal export.
Event,event,52,Christmas Sweater,christmas sweater,Y,source_parsed,planning/museum-full-raw-sample-2026-05-12.txt,Seeded from reviewed raw full museum sample; use only when category slot count matches personal export.
Event,event,53,Christmas Tree,christmas tree,Y,source_parsed,planning/museum-full-raw-sample-2026-05-12.txt,Seeded from reviewed raw full museum sample; use only when category slot count matches personal export.
Event,event,54,Cicada,cicada,Y,source_parsed,planning/museum-full-raw-sample-2026-05-12.txt,Seeded from reviewed raw full museum sample; use only when category slot count matches personal export.
Event,event,55,Cicada Shell,cicada shell,Y,source_parsed,planning/museum-full-raw-sample-2026-05-12.txt,Seeded from reviewed raw full museum sample; use only when category slot count matches personal export.
Event,event,56,Comet,comet,Y,source_parsed,planning/museum-full-raw-sample-2026-05-12.txt,Seeded from reviewed raw full museum sample; use only when category slot count matches personal export.
Event,event,57,Consumption Belt,consumption belt,Y,source_parsed,planning/museum-full-raw-sample-2026-05-12.txt,Seeded from reviewed raw full museum sample; use only when category slot count matches personal export.
Event,event,58,Cooked Turkey,cooked turkey,Y,source_parsed,planning/museum-full-raw-sample-2026-05-12.txt,Seeded from reviewed raw full museum sample; use only when category slot count matches personal export.
Event,event,59,Corn Kabob,corn kabob,Y,source_parsed,planning/museum-full-raw-sample-2026-05-12.txt,Seeded from reviewed raw full museum sample; use only when category slot count matches personal export.
Event,event,60,Cotton Candy,cotton candy,Y,source_parsed,planning/museum-full-raw-sample-2026-05-12.txt,Seeded from reviewed raw full museum sample; use only when category slot count matches personal export.
Event,event,61,Crunchy Omelette,crunchy omelette,Y,source_parsed,planning/museum-full-raw-sample-2026-05-12.txt,Seeded from reviewed raw full museum sample; use only when category slot count matches personal export.
Event,event,62,Cupid,cupid,Y,source_parsed,planning/museum-full-raw-sample-2026-05-12.txt,Seeded from reviewed raw full museum sample; use only when category slot count matches personal export.
Event,event,63,Cursed Shield,cursed shield,Y,source_parsed,planning/museum-full-raw-sample-2026-05-12.txt,Seeded from reviewed raw full museum sample; use only when category slot count matches personal export.
Event,event,64,Dancer,dancer,Y,source_parsed,planning/museum-full-raw-sample-2026-05-12.txt,Seeded from reviewed raw full museum sample; use only when category slot count matches personal export.
Event,event,65,Dasher,dasher,Y,source_parsed,planning/museum-full-raw-sample-2026-05-12.txt,Seeded from reviewed raw full museum sample; use only when category slot count matches personal export.
Event,event,66,Desk Calendar,desk calendar,Y,source_parsed,planning/museum-full-raw-sample-2026-05-12.txt,Seeded from reviewed raw full museum sample; use only when category slot count matches personal export.
Event,event,67,Donner,donner,Y,source_parsed,planning/museum-full-raw-sample-2026-05-12.txt,Seeded from reviewed raw full museum sample; use only when category slot count matches personal export.
Event,event,68,Dream Nail,dream nail,Y,source_parsed,planning/museum-full-raw-sample-2026-05-12.txt,Seeded from reviewed raw full museum sample; use only when category slot count matches personal export.
Event,event,69,Egg 01,egg 01,Y,source_parsed,planning/museum-full-raw-sample-2026-05-12.txt,Seeded from reviewed raw full museum sample; use only when category slot count matches personal export.
Event,event,70,Egg 02,egg 02,Y,source_parsed,planning/museum-full-raw-sample-2026-05-12.txt,Seeded from reviewed raw full museum sample; use only when category slot count matches personal export.
Event,event,71,Egg 03,egg 03,Y,source_parsed,planning/museum-full-raw-sample-2026-05-12.txt,Seeded from reviewed raw full museum sample; use only when category slot count matches personal export.
Event,event,72,Egg 04,egg 04,Y,source_parsed,planning/museum-full-raw-sample-2026-05-12.txt,Seeded from reviewed raw full museum sample; use only when category slot count matches personal export.
Event,event,73,Egg 05,egg 05,Y,source_parsed,planning/museum-full-raw-sample-2026-05-12.txt,Seeded from reviewed raw full museum sample; use only when category slot count matches personal export.
Event,event,74,Egg 06,egg 06,Y,source_parsed,planning/museum-full-raw-sample-2026-05-12.txt,Seeded from reviewed raw full museum sample; use only when category slot count matches personal export.
Event,event,75,Egg 07,egg 07,Y,source_parsed,planning/museum-full-raw-sample-2026-05-12.txt,Seeded from reviewed raw full museum sample; use only when category slot count matches personal export.
Event,event,76,Egg 08,egg 08,Y,source_parsed,planning/museum-full-raw-sample-2026-05-12.txt,Seeded from reviewed raw full museum sample; use only when category slot count matches personal export.
Event,event,77,Egg 09,egg 09,Y,source_parsed,planning/museum-full-raw-sample-2026-05-12.txt,Seeded from reviewed raw full museum sample; use only when category slot count matches personal export.
Event,event,78,Egg 10,egg 10,Y,source_parsed,planning/museum-full-raw-sample-2026-05-12.txt,Seeded from reviewed raw full museum sample; use only when category slot count matches personal export.
Event,event,79,Egg 11,egg 11,Y,source_parsed,planning/museum-full-raw-sample-2026-05-12.txt,Seeded from reviewed raw full museum sample; use only when category slot count matches personal export.
Event,event,80,Egg 12,egg 12,Y,source_parsed,planning/museum-full-raw-sample-2026-05-12.txt,Seeded from reviewed raw full museum sample; use only when category slot count matches personal export.
Event,event,81,Egg Basket,egg basket,Y,source_parsed,planning/museum-full-raw-sample-2026-05-12.txt,Seeded from reviewed raw full museum sample; use only when category slot count matches personal export.
Event,event,82,Egg of Ages,egg of ages,Y,source_parsed,planning/museum-full-raw-sample-2026-05-12.txt,Seeded from reviewed raw full museum sample; use only when category slot count matches personal export.
Event,event,83,Egg of Air,egg of air,Y,source_parsed,planning/museum-full-raw-sample-2026-05-12.txt,Seeded from reviewed raw full museum sample; use only when category slot count matches personal export.
Event,event,84,Egg of Chaos,egg of chaos,Y,source_parsed,planning/museum-full-raw-sample-2026-05-12.txt,Seeded from reviewed raw full museum sample; use only when category slot count matches personal export.
Event,event,85,Egg of Earth,egg of earth,Y,source_parsed,planning/museum-full-raw-sample-2026-05-12.txt,Seeded from reviewed raw full museum sample; use only when category slot count matches personal export.
Event,event,86,Egg of Fire,egg of fire,Y,source_parsed,planning/museum-full-raw-sample-2026-05-12.txt,Seeded from reviewed raw full museum sample; use only when category slot count matches personal export.
Event,event,87,Egg of Life,egg of life,Y,source_parsed,planning/museum-full-raw-sample-2026-05-12.txt,Seeded from reviewed raw full museum sample; use only when category slot count matches personal export.
Event,event,88,Egg of Light,egg of light,Y,source_parsed,planning/museum-full-raw-sample-2026-05-12.txt,Seeded from reviewed raw full museum sample; use only when category slot count matches personal export.
Event,event,89,Egg of Shadow,egg of shadow,Y,source_parsed,planning/museum-full-raw-sample-2026-05-12.txt,Seeded from reviewed raw full museum sample; use only when category slot count matches personal export.
Event,event,90,Egg of Space,egg of space,Y,source_parsed,planning/museum-full-raw-sample-2026-05-12.txt,Seeded from reviewed raw full museum sample; use only when category slot count matches personal export.
Event,event,91,Egg of Water,egg of water,Y,source_parsed,planning/museum-full-raw-sample-2026-05-12.txt,Seeded from reviewed raw full museum sample; use only when category slot count matches personal export.
Event,event,92,Egg of Zeal,egg of zeal,Y,source_parsed,planning/museum-full-raw-sample-2026-05-12.txt,Seeded from reviewed raw full museum sample; use only when category slot count matches personal export.
Event,event,93,Egyptian Necklace,egyptian necklace,Y,source_parsed,planning/museum-full-raw-sample-2026-05-12.txt,Seeded from reviewed raw full museum sample; use only when category slot count matches personal export.
Event,event,94,Event Key,event key,Y,source_parsed,planning/museum-full-raw-sample-2026-05-12.txt,Seeded from reviewed raw full museum sample; use only when category slot count matches personal export.
Event,event,95,Event Token,event token,Y,source_parsed,planning/museum-full-raw-sample-2026-05-12.txt,Seeded from reviewed raw full museum sample; use only when category slot count matches personal export.
Event,event,96,Fall Leaves,fall leaves,Y,source_parsed,planning/museum-full-raw-sample-2026-05-12.txt,Seeded from reviewed raw full museum sample; use only when category slot count matches personal export.
Event,event,97,Fancy Present,fancy present,Y,source_parsed,planning/museum-full-raw-sample-2026-05-12.txt,Seeded from reviewed raw full museum sample; use only when category slot count matches personal export.
Event,event,98,Festive Eggnog,festive eggnog,Y,source_parsed,planning/museum-full-raw-sample-2026-05-12.txt,Seeded from reviewed raw full museum sample; use only when category slot count matches personal export.
Event,event,99,Fishing Hook,fishing hook,Y,source_parsed,planning/museum-full-raw-sample-2026-05-12.txt,Seeded from reviewed raw full museum sample; use only when category slot count matches personal export.
Event,event,100,frank's Bunny Mask,frank's bunny mask,Y,source_parsed,planning/museum-full-raw-sample-2026-05-12.txt,Seeded from reviewed raw full museum sample; use only when category slot count matches personal export.
Event,event,101,Frozen Angelfish,frozen angelfish,Y,source_parsed,planning/museum-full-raw-sample-2026-05-12.txt,Seeded from reviewed raw full museum sample; use only when category slot count matches personal export.
Event,event,102,Frozen Biter,frozen biter,Y,source_parsed,planning/museum-full-raw-sample-2026-05-12.txt,Seeded from reviewed raw full museum sample; use only when category slot count matches personal export.
Event,event,103,Frozen Bones,frozen bones,Y,source_parsed,planning/museum-full-raw-sample-2026-05-12.txt,Seeded from reviewed raw full museum sample; use only when category slot count matches personal export.
Event,event,104,Frozen Book,frozen book,Y,source_parsed,planning/museum-full-raw-sample-2026-05-12.txt,Seeded from reviewed raw full museum sample; use only when category slot count matches personal export.
Event,event,105,Frozen Boot,frozen boot,Y,source_parsed,planning/museum-full-raw-sample-2026-05-12.txt,Seeded from reviewed raw full museum sample; use only when category slot count matches personal export.
Event,event,106,Frozen Catfish,frozen catfish,Y,source_parsed,planning/museum-full-raw-sample-2026-05-12.txt,Seeded from reviewed raw full museum sample; use only when category slot count matches personal export.
Event,event,107,Frozen Coin,frozen coin,Y,source_parsed,planning/museum-full-raw-sample-2026-05-12.txt,Seeded from reviewed raw full museum sample; use only when category slot count matches personal export.
Event,event,108,Frozen Crab Claw,frozen crab claw,Y,source_parsed,planning/museum-full-raw-sample-2026-05-12.txt,Seeded from reviewed raw full museum sample; use only when category slot count matches personal export.
Event,event,109,Frozen Dagger,frozen dagger,Y,source_parsed,planning/museum-full-raw-sample-2026-05-12.txt,Seeded from reviewed raw full museum sample; use only when category slot count matches personal export.
Event,event,110,Frozen Feather,frozen feather,Y,source_parsed,planning/museum-full-raw-sample-2026-05-12.txt,Seeded from reviewed raw full museum sample; use only when category slot count matches personal export.
Event,event,111,Frozen Fishing Net,frozen fishing net,Y,source_parsed,planning/museum-full-raw-sample-2026-05-12.txt,Seeded from reviewed raw full museum sample; use only when category slot count matches personal export.
Event,event,112,Frozen Jelly,frozen jelly,Y,source_parsed,planning/museum-full-raw-sample-2026-05-12.txt,Seeded from reviewed raw full museum sample; use only when category slot count matches personal export.
Event,event,113,Frozen Large Net,frozen large net,Y,source_parsed,planning/museum-full-raw-sample-2026-05-12.txt,Seeded from reviewed raw full museum sample; use only when category slot count matches personal export.
Event,event,114,Frozen Lobster,frozen lobster,Y,source_parsed,planning/museum-full-raw-sample-2026-05-12.txt,Seeded from reviewed raw full museum sample; use only when category slot count matches personal export.
Event,event,115,Frozen Manta Ray,frozen manta ray,Y,source_parsed,planning/museum-full-raw-sample-2026-05-12.txt,Seeded from reviewed raw full museum sample; use only when category slot count matches personal export.
Event,event,116,Frozen Sheepshead,frozen sheepshead,Y,source_parsed,planning/museum-full-raw-sample-2026-05-12.txt,Seeded from reviewed raw full museum sample; use only when category slot count matches personal export.
Event,event,117,Frozen Shell,frozen shell,Y,source_parsed,planning/museum-full-raw-sample-2026-05-12.txt,Seeded from reviewed raw full museum sample; use only when category slot count matches personal export.
Event,event,118,Frozen Skull,frozen skull,Y,source_parsed,planning/museum-full-raw-sample-2026-05-12.txt,Seeded from reviewed raw full museum sample; use only when category slot count matches personal export.
Event,event,119,Frozen Spyfish,frozen spyfish,Y,source_parsed,planning/museum-full-raw-sample-2026-05-12.txt,Seeded from reviewed raw full museum sample; use only when category slot count matches personal export.
Event,event,120,Frozen Squid,frozen squid,Y,source_parsed,planning/museum-full-raw-sample-2026-05-12.txt,Seeded from reviewed raw full museum sample; use only when category slot count matches personal export.
Event,event,121,Frozen Starfish,frozen starfish,Y,source_parsed,planning/museum-full-raw-sample-2026-05-12.txt,Seeded from reviewed raw full museum sample; use only when category slot count matches personal export.
Event,event,122,Frozen Wheel,frozen wheel,Y,source_parsed,planning/museum-full-raw-sample-2026-05-12.txt,Seeded from reviewed raw full museum sample; use only when category slot count matches personal export.
Event,event,123,Fuji Apple,fuji apple,Y,source_parsed,planning/museum-full-raw-sample-2026-05-12.txt,Seeded from reviewed raw full museum sample; use only when category slot count matches personal export.
Event,event,124,Fuzzy Bunny,fuzzy bunny,Y,source_parsed,planning/museum-full-raw-sample-2026-05-12.txt,Seeded from reviewed raw full museum sample; use only when category slot count matches personal export.
Event,event,125,Fuzzy Chick 01,fuzzy chick 01,Y,source_parsed,planning/museum-full-raw-sample-2026-05-12.txt,Seeded from reviewed raw full museum sample; use only when category slot count matches personal export.
Event,event,126,Fuzzy Chick 02,fuzzy chick 02,Y,source_parsed,planning/museum-full-raw-sample-2026-05-12.txt,Seeded from reviewed raw full museum sample; use only when category slot count matches personal export.
Event,event,127,Fuzzy Chick 03,fuzzy chick 03,Y,source_parsed,planning/museum-full-raw-sample-2026-05-12.txt,Seeded from reviewed raw full museum sample; use only when category slot count matches personal export.
Event,event,128,Fuzzy Chick 04,fuzzy chick 04,Y,source_parsed,planning/museum-full-raw-sample-2026-05-12.txt,Seeded from reviewed raw full museum sample; use only when category slot count matches personal export.
Event,event,129,Fuzzy Chick 05,fuzzy chick 05,Y,source_parsed,planning/museum-full-raw-sample-2026-05-12.txt,Seeded from reviewed raw full museum sample; use only when category slot count matches personal export.
Event,event,130,Fuzzy Chick 06,fuzzy chick 06,Y,source_parsed,planning/museum-full-raw-sample-2026-05-12.txt,Seeded from reviewed raw full museum sample; use only when category slot count matches personal export.
Event,event,131,Fuzzy Chick 07,fuzzy chick 07,Y,source_parsed,planning/museum-full-raw-sample-2026-05-12.txt,Seeded from reviewed raw full museum sample; use only when category slot count matches personal export.
Event,event,132,Fuzzy Chick 08,fuzzy chick 08,Y,source_parsed,planning/museum-full-raw-sample-2026-05-12.txt,Seeded from reviewed raw full museum sample; use only when category slot count matches personal export.
Event,event,133,Fuzzy Chick 09,fuzzy chick 09,Y,source_parsed,planning/museum-full-raw-sample-2026-05-12.txt,Seeded from reviewed raw full museum sample; use only when category slot count matches personal export.
Event,event,134,Fuzzy Chick 10,fuzzy chick 10,Y,source_parsed,planning/museum-full-raw-sample-2026-05-12.txt,Seeded from reviewed raw full museum sample; use only when category slot count matches personal export.
Event,event,135,Fuzzy Chick 11,fuzzy chick 11,Y,source_parsed,planning/museum-full-raw-sample-2026-05-12.txt,Seeded from reviewed raw full museum sample; use only when category slot count matches personal export.
Event,event,136,Fuzzy Chick 12,fuzzy chick 12,Y,source_parsed,planning/museum-full-raw-sample-2026-05-12.txt,Seeded from reviewed raw full museum sample; use only when category slot count matches personal export.
Event,event,137,Fuzzy Egg,fuzzy egg,Y,source_parsed,planning/museum-full-raw-sample-2026-05-12.txt,Seeded from reviewed raw full museum sample; use only when category slot count matches personal export.
Event,event,138,Garlic,garlic,Y,source_parsed,planning/museum-full-raw-sample-2026-05-12.txt,Seeded from reviewed raw full museum sample; use only when category slot count matches personal export.
Event,event,139,Ghost Candy,ghost candy,Y,source_parsed,planning/museum-full-raw-sample-2026-05-12.txt,Seeded from reviewed raw full museum sample; use only when category slot count matches personal export.
Event,event,140,Gingerbread House,gingerbread house,Y,source_parsed,planning/museum-full-raw-sample-2026-05-12.txt,Seeded from reviewed raw full museum sample; use only when category slot count matches personal export.
Event,event,141,Gingerbread Man,gingerbread man,Y,source_parsed,planning/museum-full-raw-sample-2026-05-12.txt,Seeded from reviewed raw full museum sample; use only when category slot count matches personal export.
Event,event,142,Glass Eyes,glass eyes,Y,source_parsed,planning/museum-full-raw-sample-2026-05-12.txt,Seeded from reviewed raw full museum sample; use only when category slot count matches personal export.
Event,event,143,Gold Apple,gold apple,Y,source_parsed,planning/museum-full-raw-sample-2026-05-12.txt,Seeded from reviewed raw full museum sample; use only when category slot count matches personal export.
Event,event,144,Gold Buddy Sweater,gold buddy sweater,Y,source_parsed,planning/museum-full-raw-sample-2026-05-12.txt,Seeded from reviewed raw full museum sample; use only when category slot count matches personal export.
Event,event,145,Gold Egg,gold egg,Y,source_parsed,planning/museum-full-raw-sample-2026-05-12.txt,Seeded from reviewed raw full museum sample; use only when category slot count matches personal export.
Event,event,146,Gold Horseshoe,gold horseshoe,Y,source_parsed,planning/museum-full-raw-sample-2026-05-12.txt,Seeded from reviewed raw full museum sample; use only when category slot count matches personal export.
Event,event,147,Gold King Apple,gold king apple,Y,source_parsed,planning/museum-full-raw-sample-2026-05-12.txt,Seeded from reviewed raw full museum sample; use only when category slot count matches personal export.
Event,event,148,Gold Mittens,gold mittens,Y,source_parsed,planning/museum-full-raw-sample-2026-05-12.txt,Seeded from reviewed raw full museum sample; use only when category slot count matches personal export.
Event,event,149,Gold Rudolph,gold rudolph,Y,source_parsed,planning/museum-full-raw-sample-2026-05-12.txt,Seeded from reviewed raw full museum sample; use only when category slot count matches personal export.
Event,event,150,Gold Shamrock,gold shamrock,Y,source_parsed,planning/museum-full-raw-sample-2026-05-12.txt,Seeded from reviewed raw full museum sample; use only when category slot count matches personal export.
Event,event,151,Gold Wreath,gold wreath,Y,source_parsed,planning/museum-full-raw-sample-2026-05-12.txt,Seeded from reviewed raw full museum sample; use only when category slot count matches personal export.
Event,event,152,Gravy Boat,gravy boat,Y,source_parsed,planning/museum-full-raw-sample-2026-05-12.txt,Seeded from reviewed raw full museum sample; use only when category slot count matches personal export.
Event,event,153,Green Apple,green apple,Y,source_parsed,planning/museum-full-raw-sample-2026-05-12.txt,Seeded from reviewed raw full museum sample; use only when category slot count matches personal export.
Event,event,154,Green Ornament,green ornament,Y,source_parsed,planning/museum-full-raw-sample-2026-05-12.txt,Seeded from reviewed raw full museum sample; use only when category slot count matches personal export.
Event,event,155,Green Top Hat,green top hat,Y,source_parsed,planning/museum-full-raw-sample-2026-05-12.txt,Seeded from reviewed raw full museum sample; use only when category slot count matches personal export.
Event,event,156,Happy Cookies,happy cookies,Y,source_parsed,planning/museum-full-raw-sample-2026-05-12.txt,Seeded from reviewed raw full museum sample; use only when category slot count matches personal export.
Event,event,157,Heart Candies,heart candies,Y,source_parsed,planning/museum-full-raw-sample-2026-05-12.txt,Seeded from reviewed raw full museum sample; use only when category slot count matches personal export.
Event,event,158,Heart Necklace,heart necklace,Y,source_parsed,planning/museum-full-raw-sample-2026-05-12.txt,Seeded from reviewed raw full museum sample; use only when category slot count matches personal export.
Event,event,159,Heart Necklace Left Piece,heart necklace left piece,Y,source_parsed,planning/museum-full-raw-sample-2026-05-12.txt,Seeded from reviewed raw full museum sample; use only when category slot count matches personal export.
Event,event,160,Heart Necklace Right Piece,heart necklace right piece,Y,source_parsed,planning/museum-full-raw-sample-2026-05-12.txt,Seeded from reviewed raw full museum sample; use only when category slot count matches personal export.
Event,event,161,Heart-shaped Gem,heart-shaped gem,Y,source_parsed,planning/museum-full-raw-sample-2026-05-12.txt,Seeded from reviewed raw full museum sample; use only when category slot count matches personal export.
Event,event,162,Hessian's Axe,hessian's axe,Y,source_parsed,planning/museum-full-raw-sample-2026-05-12.txt,Seeded from reviewed raw full museum sample; use only when category slot count matches personal export.
Event,event,163,Hockey Mask,hockey mask,Y,source_parsed,planning/museum-full-raw-sample-2026-05-12.txt,Seeded from reviewed raw full museum sample; use only when category slot count matches personal export.
Event,event,164,Holiday Cake,holiday cake,Y,source_parsed,planning/museum-full-raw-sample-2026-05-12.txt,Seeded from reviewed raw full museum sample; use only when category slot count matches personal export.
Event,event,165,Holiday Candles,holiday candles,Y,source_parsed,planning/museum-full-raw-sample-2026-05-12.txt,Seeded from reviewed raw full museum sample; use only when category slot count matches personal export.
Event,event,166,Holiday Garland,holiday garland,Y,source_parsed,planning/museum-full-raw-sample-2026-05-12.txt,Seeded from reviewed raw full museum sample; use only when category slot count matches personal export.
Event,event,167,Holiday Wreath,holiday wreath,Y,source_parsed,planning/museum-full-raw-sample-2026-05-12.txt,Seeded from reviewed raw full museum sample; use only when category slot count matches personal export.
Event,event,168,Hot Cocoa,hot cocoa,Y,source_parsed,planning/museum-full-raw-sample-2026-05-12.txt,Seeded from reviewed raw full museum sample; use only when category slot count matches personal export.
Event,event,169,Hot Potato,hot potato,Y,source_parsed,planning/museum-full-raw-sample-2026-05-12.txt,Seeded from reviewed raw full museum sample; use only when category slot count matches personal export.
Event,event,170,Inferno Pepper,inferno pepper,Y,source_parsed,planning/museum-full-raw-sample-2026-05-12.txt,Seeded from reviewed raw full museum sample; use only when category slot count matches personal export.
Event,event,171,Jack-o-lantern,jack-o-lantern,Y,source_parsed,planning/museum-full-raw-sample-2026-05-12.txt,Seeded from reviewed raw full museum sample; use only when category slot count matches personal export.
Event,event,172,King Apple,king apple,Y,source_parsed,planning/museum-full-raw-sample-2026-05-12.txt,Seeded from reviewed raw full museum sample; use only when category slot count matches personal export.
Event,event,173,King Cake,king cake,Y,source_parsed,planning/museum-full-raw-sample-2026-05-12.txt,Seeded from reviewed raw full museum sample; use only when category slot count matches personal export.
Event,event,174,Lollipop,lollipop,Y,source_parsed,planning/museum-full-raw-sample-2026-05-12.txt,Seeded from reviewed raw full museum sample; use only when category slot count matches personal export.
Event,event,175,Lovely Cookies,lovely cookies,Y,source_parsed,planning/museum-full-raw-sample-2026-05-12.txt,Seeded from reviewed raw full museum sample; use only when category slot count matches personal export.
Event,event,176,Lovely Present,lovely present,Y,source_parsed,planning/museum-full-raw-sample-2026-05-12.txt,Seeded from reviewed raw full museum sample; use only when category slot count matches personal export.
Event,event,177,Magical Egg Basket,magical egg basket,Y,source_parsed,planning/museum-full-raw-sample-2026-05-12.txt,Seeded from reviewed raw full museum sample; use only when category slot count matches personal export.
Event,event,178,Mana Scarab,mana scarab,Y,source_parsed,planning/museum-full-raw-sample-2026-05-12.txt,Seeded from reviewed raw full museum sample; use only when category slot count matches personal export.
Event,event,179,Mariya's Crunchy Omelette,mariya's crunchy omelette,Y,source_parsed,planning/museum-full-raw-sample-2026-05-12.txt,Seeded from reviewed raw full museum sample; use only when category slot count matches personal export.
Event,event,180,Mermaid's Necklace,mermaid's necklace,Y,source_parsed,planning/museum-full-raw-sample-2026-05-12.txt,Seeded from reviewed raw full museum sample; use only when category slot count matches personal export.
Event,event,181,Mermaid's Scale,mermaid's scale,Y,source_parsed,planning/museum-full-raw-sample-2026-05-12.txt,Seeded from reviewed raw full museum sample; use only when category slot count matches personal export.
Event,event,182,Milk and Cookies,milk and cookies,Y,source_parsed,planning/museum-full-raw-sample-2026-05-12.txt,Seeded from reviewed raw full museum sample; use only when category slot count matches personal export.
Event,event,183,Milk Carton,milk carton,Y,source_parsed,planning/museum-full-raw-sample-2026-05-12.txt,Seeded from reviewed raw full museum sample; use only when category slot count matches personal export.
Event,event,184,Mini Marshmallows,mini marshmallows,Y,source_parsed,planning/museum-full-raw-sample-2026-05-12.txt,Seeded from reviewed raw full museum sample; use only when category slot count matches personal export.
Event,event,185,Mistletoe,mistletoe,Y,source_parsed,planning/museum-full-raw-sample-2026-05-12.txt,Seeded from reviewed raw full museum sample; use only when category slot count matches personal export.
Event,event,186,Mittens,mittens,Y,source_parsed,planning/museum-full-raw-sample-2026-05-12.txt,Seeded from reviewed raw full museum sample; use only when category slot count matches personal export.
Event,event,187,Notebook,notebook,Y,source_parsed,planning/museum-full-raw-sample-2026-05-12.txt,Seeded from reviewed raw full museum sample; use only when category slot count matches personal export.
Event,event,188,Nut Cracker Buddy,nut cracker buddy,Y,source_parsed,planning/museum-full-raw-sample-2026-05-12.txt,Seeded from reviewed raw full museum sample; use only when category slot count matches personal export.
Event,event,189,Onion Rings,onion rings,Y,source_parsed,planning/museum-full-raw-sample-2026-05-12.txt,Seeded from reviewed raw full museum sample; use only when category slot count matches personal export.
Event,event,190,Orange Ornament,orange ornament,Y,source_parsed,planning/museum-full-raw-sample-2026-05-12.txt,Seeded from reviewed raw full museum sample; use only when category slot count matches personal export.
Event,event,191,Pearl Berries,pearl berries,Y,source_parsed,planning/museum-full-raw-sample-2026-05-12.txt,Seeded from reviewed raw full museum sample; use only when category slot count matches personal export.
Event,event,192,Pencil,pencil,Y,source_parsed,planning/museum-full-raw-sample-2026-05-12.txt,Seeded from reviewed raw full museum sample; use only when category slot count matches personal export.
Event,event,193,Pie,pie,Y,source_parsed,planning/museum-full-raw-sample-2026-05-12.txt,Seeded from reviewed raw full museum sample; use only when category slot count matches personal export.
Event,event,194,Pillow Case 01,pillow case 01,Y,source_parsed,planning/museum-full-raw-sample-2026-05-12.txt,Seeded from reviewed raw full museum sample; use only when category slot count matches personal export.
Event,event,195,Piñata,piñata,Y,source_parsed,planning/museum-full-raw-sample-2026-05-12.txt,Seeded from reviewed raw full museum sample; use only when category slot count matches personal export.
Event,event,196,Piñata Whop Stick,piñata whop stick,Y,source_parsed,planning/museum-full-raw-sample-2026-05-12.txt,Seeded from reviewed raw full museum sample; use only when category slot count matches personal export.
Event,event,197,Pink Jelly,pink jelly,Y,source_parsed,planning/museum-full-raw-sample-2026-05-12.txt,Seeded from reviewed raw full museum sample; use only when category slot count matches personal export.
Event,event,198,Pink Ribbon,pink ribbon,Y,source_parsed,planning/museum-full-raw-sample-2026-05-12.txt,Seeded from reviewed raw full museum sample; use only when category slot count matches personal export.
Event,event,199,Pot of Gold (Large),pot of gold (large),Y,source_parsed,planning/museum-full-raw-sample-2026-05-12.txt,Seeded from reviewed raw full museum sample; use only when category slot count matches personal export.
Event,event,200,Pot of Gold (Medium),pot of gold (medium),Y,source_parsed,planning/museum-full-raw-sample-2026-05-12.txt,Seeded from reviewed raw full museum sample; use only when category slot count matches personal export.
Event,event,201,Pot of Gold (Small),pot of gold (small),Y,source_parsed,planning/museum-full-raw-sample-2026-05-12.txt,Seeded from reviewed raw full museum sample; use only when category slot count matches personal export.
Event,event,202,Prancer,prancer,Y,source_parsed,planning/museum-full-raw-sample-2026-05-12.txt,Seeded from reviewed raw full museum sample; use only when category slot count matches personal export.
Event,event,203,Pumpkin Pie,pumpkin pie,Y,source_parsed,planning/museum-full-raw-sample-2026-05-12.txt,Seeded from reviewed raw full museum sample; use only when category slot count matches personal export.
Event,event,204,Pumpkin Spiced Milk,pumpkin spiced milk,Y,source_parsed,planning/museum-full-raw-sample-2026-05-12.txt,Seeded from reviewed raw full museum sample; use only when category slot count matches personal export.
Event,event,205,Purple Ornament,purple ornament,Y,source_parsed,planning/museum-full-raw-sample-2026-05-12.txt,Seeded from reviewed raw full museum sample; use only when category slot count matches personal export.
Event,event,206,QED Cell,qed cell,Y,source_parsed,planning/museum-full-raw-sample-2026-05-12.txt,Seeded from reviewed raw full museum sample; use only when category slot count matches personal export.
Event,event,207,QED Pack,qed pack,Y,source_parsed,planning/museum-full-raw-sample-2026-05-12.txt,Seeded from reviewed raw full museum sample; use only when category slot count matches personal export.
Event,event,208,Quicksilver's Ring,quicksilver's ring,Y,source_parsed,planning/museum-full-raw-sample-2026-05-12.txt,Seeded from reviewed raw full museum sample; use only when category slot count matches personal export.
Event,event,209,R.O.A.S.,r.o.a.s.,Y,source_parsed,planning/museum-full-raw-sample-2026-05-12.txt,Seeded from reviewed raw full museum sample; use only when category slot count matches personal export.
Event,event,210,Red Diamond Fish,red diamond fish,Y,source_parsed,planning/museum-full-raw-sample-2026-05-12.txt,Seeded from reviewed raw full museum sample; use only when category slot count matches personal export.
Event,event,211,Red Ornament,red ornament,Y,source_parsed,planning/museum-full-raw-sample-2026-05-12.txt,Seeded from reviewed raw full museum sample; use only when category slot count matches personal export.
Event,event,212,Red Rocket,red rocket,Y,source_parsed,planning/museum-full-raw-sample-2026-05-12.txt,Seeded from reviewed raw full museum sample; use only when category slot count matches personal export.
Event,event,213,Reindeer Headband,reindeer headband,Y,source_parsed,planning/museum-full-raw-sample-2026-05-12.txt,Seeded from reviewed raw full museum sample; use only when category slot count matches personal export.
Event,event,214,Rudolph,rudolph,Y,source_parsed,planning/museum-full-raw-sample-2026-05-12.txt,Seeded from reviewed raw full museum sample; use only when category slot count matches personal export.
Event,event,215,Safety Pin,safety pin,Y,source_parsed,planning/museum-full-raw-sample-2026-05-12.txt,Seeded from reviewed raw full museum sample; use only when category slot count matches personal export.
Event,event,216,Santa Hat,santa hat,Y,source_parsed,planning/museum-full-raw-sample-2026-05-12.txt,Seeded from reviewed raw full museum sample; use only when category slot count matches personal export.
Event,event,217,Schoolbook,schoolbook,Y,source_parsed,planning/museum-full-raw-sample-2026-05-12.txt,Seeded from reviewed raw full museum sample; use only when category slot count matches personal export.
Event,event,218,Sea Turtle,sea turtle,Y,source_parsed,planning/museum-full-raw-sample-2026-05-12.txt,Seeded from reviewed raw full museum sample; use only when category slot count matches personal export.
Event,event,219,Shamrock Milk,shamrock milk,Y,source_parsed,planning/museum-full-raw-sample-2026-05-12.txt,Seeded from reviewed raw full museum sample; use only when category slot count matches personal export.
Event,event,220,Shillelagh,shillelagh,Y,source_parsed,planning/museum-full-raw-sample-2026-05-12.txt,Seeded from reviewed raw full museum sample; use only when category slot count matches personal export.
Event,event,221,Shiny Present,shiny present,Y,source_parsed,planning/museum-full-raw-sample-2026-05-12.txt,Seeded from reviewed raw full museum sample; use only when category slot count matches personal export.
Event,event,222,Skull-in-the-box,skull-in-the-box,Y,source_parsed,planning/museum-full-raw-sample-2026-05-12.txt,Seeded from reviewed raw full museum sample; use only when category slot count matches personal export.
Event,event,223,Snow Globe,snow globe,Y,source_parsed,planning/museum-full-raw-sample-2026-05-12.txt,Seeded from reviewed raw full museum sample; use only when category slot count matches personal export.
Event,event,224,Snowball,snowball,Y,source_parsed,planning/museum-full-raw-sample-2026-05-12.txt,Seeded from reviewed raw full museum sample; use only when category slot count matches personal export.
Event,event,225,Snowball Cup,snowball cup,Y,source_parsed,planning/museum-full-raw-sample-2026-05-12.txt,Seeded from reviewed raw full museum sample; use only when category slot count matches personal export.
Event,event,226,Snowflakes,snowflakes,Y,source_parsed,planning/museum-full-raw-sample-2026-05-12.txt,Seeded from reviewed raw full museum sample; use only when category slot count matches personal export.
Event,event,227,Snowman,snowman,Y,source_parsed,planning/museum-full-raw-sample-2026-05-12.txt,Seeded from reviewed raw full museum sample; use only when category slot count matches personal export.
Event,event,228,Sombrero,sombrero,Y,source_parsed,planning/museum-full-raw-sample-2026-05-12.txt,Seeded from reviewed raw full museum sample; use only when category slot count matches personal export.
Event,event,229,Sponge,sponge,Y,source_parsed,planning/museum-full-raw-sample-2026-05-12.txt,Seeded from reviewed raw full museum sample; use only when category slot count matches personal export.
Event,event,230,Spooky Cookies,spooky cookies,Y,source_parsed,planning/museum-full-raw-sample-2026-05-12.txt,Seeded from reviewed raw full museum sample; use only when category slot count matches personal export.
Event,event,231,Spooky Doll,spooky doll,Y,source_parsed,planning/museum-full-raw-sample-2026-05-12.txt,Seeded from reviewed raw full museum sample; use only when category slot count matches personal export.
Event,event,232,Spooky Scarecrow,spooky scarecrow,Y,source_parsed,planning/museum-full-raw-sample-2026-05-12.txt,Seeded from reviewed raw full museum sample; use only when category slot count matches personal export.
Event,event,233,Spooky Slime,spooky slime,Y,source_parsed,planning/museum-full-raw-sample-2026-05-12.txt,Seeded from reviewed raw full museum sample; use only when category slot count matches personal export.
Event,event,234,Star,star,Y,source_parsed,planning/museum-full-raw-sample-2026-05-12.txt,Seeded from reviewed raw full museum sample; use only when category slot count matches personal export.
Event,event,235,Stone Fragment,stone fragment,Y,source_parsed,planning/museum-full-raw-sample-2026-05-12.txt,Seeded from reviewed raw full museum sample; use only when category slot count matches personal export.
Event,event,236,Strange Mushroom,strange mushroom,Y,source_parsed,planning/museum-full-raw-sample-2026-05-12.txt,Seeded from reviewed raw full museum sample; use only when category slot count matches personal export.
Event,event,237,Taco,taco,Y,source_parsed,planning/museum-full-raw-sample-2026-05-12.txt,Seeded from reviewed raw full museum sample; use only when category slot count matches personal export.
Event,event,238,Taffy,taffy,Y,source_parsed,planning/museum-full-raw-sample-2026-05-12.txt,Seeded from reviewed raw full museum sample; use only when category slot count matches personal export.
Event,event,239,Teddy Bear,teddy bear,Y,source_parsed,planning/museum-full-raw-sample-2026-05-12.txt,Seeded from reviewed raw full museum sample; use only when category slot count matches personal export.
Event,event,240,Thankful Notes,thankful notes,Y,source_parsed,planning/museum-full-raw-sample-2026-05-12.txt,Seeded from reviewed raw full museum sample; use only when category slot count matches personal export.
Event,event,241,Toilet Paper,toilet paper,Y,source_parsed,planning/museum-full-raw-sample-2026-05-12.txt,Seeded from reviewed raw full museum sample; use only when category slot count matches personal export.
Event,event,242,Tombstone,tombstone,Y,source_parsed,planning/museum-full-raw-sample-2026-05-12.txt,Seeded from reviewed raw full museum sample; use only when category slot count matches personal export.
Event,event,243,Toothbrush,toothbrush,Y,source_parsed,planning/museum-full-raw-sample-2026-05-12.txt,Seeded from reviewed raw full museum sample; use only when category slot count matches personal export.
Event,event,244,Treat Bag 01,treat bag 01,Y,source_parsed,planning/museum-full-raw-sample-2026-05-12.txt,Seeded from reviewed raw full museum sample; use only when category slot count matches personal export.
Event,event,245,Treat Bag 02,treat bag 02,Y,source_parsed,planning/museum-full-raw-sample-2026-05-12.txt,Seeded from reviewed raw full museum sample; use only when category slot count matches personal export.
Event,event,246,Treat Bag 03,treat bag 03,Y,source_parsed,planning/museum-full-raw-sample-2026-05-12.txt,Seeded from reviewed raw full museum sample; use only when category slot count matches personal export.
Event,event,247,Treat Bag 04,treat bag 04,Y,source_parsed,planning/museum-full-raw-sample-2026-05-12.txt,Seeded from reviewed raw full museum sample; use only when category slot count matches personal export.
Event,event,248,Treat Bag 05,treat bag 05,Y,source_parsed,planning/museum-full-raw-sample-2026-05-12.txt,Seeded from reviewed raw full museum sample; use only when category slot count matches personal export.
Event,event,249,Treat Bag 06,treat bag 06,Y,source_parsed,planning/museum-full-raw-sample-2026-05-12.txt,Seeded from reviewed raw full museum sample; use only when category slot count matches personal export.
Event,event,250,Two Hearts Belt,two hearts belt,Y,source_parsed,planning/museum-full-raw-sample-2026-05-12.txt,Seeded from reviewed raw full museum sample; use only when category slot count matches personal export.
Event,event,251,Ugly Buddy Sweater,ugly buddy sweater,Y,source_parsed,planning/museum-full-raw-sample-2026-05-12.txt,Seeded from reviewed raw full museum sample; use only when category slot count matches personal export.
Event,event,252,Valentines Card,valentines card,Y,source_parsed,planning/museum-full-raw-sample-2026-05-12.txt,Seeded from reviewed raw full museum sample; use only when category slot count matches personal export.
Event,event,253,Vixen,vixen,Y,source_parsed,planning/museum-full-raw-sample-2026-05-12.txt,Seeded from reviewed raw full museum sample; use only when category slot count matches personal export.
Event,event,254,Water Bottle,water bottle,Y,source_parsed,planning/museum-full-raw-sample-2026-05-12.txt,Seeded from reviewed raw full museum sample; use only when category slot count matches personal export.
Event,event,255,Whistle,whistle,Y,source_parsed,planning/museum-full-raw-sample-2026-05-12.txt,Seeded from reviewed raw full museum sample; use only when category slot count matches personal export.
Event,event,256,Witch Hat,witch hat,Y,source_parsed,planning/museum-full-raw-sample-2026-05-12.txt,Seeded from reviewed raw full museum sample; use only when category slot count matches personal export.
Event,event,257,Witch's Brew,witch's brew,Y,source_parsed,planning/museum-full-raw-sample-2026-05-12.txt,Seeded from reviewed raw full museum sample; use only when category slot count matches personal export.
Event,event,258,Witch's Broom,witch's broom,Y,source_parsed,planning/museum-full-raw-sample-2026-05-12.txt,Seeded from reviewed raw full museum sample; use only when category slot count matches personal export.
Event,event,259,Yellow Ornament,yellow ornament,Y,source_parsed,planning/museum-full-raw-sample-2026-05-12.txt,Seeded from reviewed raw full museum sample; use only when category slot count matches personal export.
Event,event,260,Yellow Watermelon,yellow watermelon,Y,source_parsed,planning/museum-full-raw-sample-2026-05-12.txt,Seeded from reviewed raw full museum sample; use only when category slot count matches personal export.
Event,event,261,Yule Goat,yule goat,Y,source_parsed,planning/museum-full-raw-sample-2026-05-12.txt,Seeded from reviewed raw full museum sample; use only when category slot count matches personal export.
