item_name,canonical_key,source_name,source_canonical_key,source_type,preferred_unit,source_url,notes
3-leaf Clover,3-leaf clover,Christmas Present 04,christmas present 04,openable,openable,https://buddy.farm/i/3-leaf-clover/,Promoted as advisory source hint from complete cached Buddy page-data fan-out for BL-263.; Not counted as exact supply by this table.; Quantity range: 40-40; Source: https://buddy.farm/i/3-leaf-clover/; Page data: https://buddy.farm/page-data/i/3-leaf-clover/page-data.json; Cache: 3-leaf-clover__3-leaf-clover.json; Parser: buddy-item-multi-source-v1
3-leaf Clover,3-leaf clover,Grab Bag 01,grab bag 01,openable,openable,https://buddy.farm/i/3-leaf-clover/,Promoted as advisory source hint from complete cached Buddy page-data fan-out for BL-263.; Not counted as exact supply by this table.; Quantity range: 10-50; Source: https://buddy.farm/i/3-leaf-clover/; Page data: https://buddy.farm/page-data/i/3-leaf-clover/page-data.json; Cache: 3-leaf-clover__3-leaf-clover.json; Parser: buddy-item-multi-source-v1
3-leaf Clover,3-leaf clover,Green Backpack,green backpack,openable,openable,https://buddy.farm/i/3-leaf-clover/,Promoted as advisory source hint from complete cached Buddy page-data fan-out for BL-263.; Not counted as exact supply by this table.; Quantity range: 100-100; Source: https://buddy.farm/i/3-leaf-clover/; Page data: https://buddy.farm/page-data/i/3-leaf-clover/page-data.json; Cache: 3-leaf-clover__3-leaf-clover.json; Parser: buddy-item-multi-source-v1
3-leaf Clover,3-leaf clover,Spring Basket 01,spring basket 01,openable,openable,https://buddy.farm/i/3-leaf-clover/,Promoted as advisory source hint from complete cached Buddy page-data fan-out for BL-263.; Not counted as exact supply by this table.; Quantity range: 10-10; Source: https://buddy.farm/i/3-leaf-clover/; Page data: https://buddy.farm/page-data/i/3-leaf-clover/page-data.json; Cache: 3-leaf-clover__3-leaf-clover.json; Parser: buddy-item-multi-source-v1
3-leaf Clover,3-leaf clover,Spring Basket 02,spring basket 02,openable,openable,https://buddy.farm/i/3-leaf-clover/,Promoted as advisory source hint from complete cached Buddy page-data fan-out for BL-263.; Not counted as exact supply by this table.; Quantity range: 100-100; Source: https://buddy.farm/i/3-leaf-clover/; Page data: https://buddy.farm/page-data/i/3-leaf-clover/page-data.json; Cache: 3-leaf-clover__3-leaf-clover.json; Parser: buddy-item-multi-source-v1
3-leaf Clover,3-leaf clover,Spring Basket 03,spring basket 03,openable,openable,https://buddy.farm/i/3-leaf-clover/,Promoted as advisory source hint from complete cached Buddy page-data fan-out for BL-263.; Not counted as exact supply by this table.; Quantity range: 200-200; Source: https://buddy.farm/i/3-leaf-clover/; Page data: https://buddy.farm/page-data/i/3-leaf-clover/page-data.json; Cache: 3-leaf-clover__3-leaf-clover.json; Parser: buddy-item-multi-source-v1
4-leaf Clover,4-leaf clover,Green Backpack,green backpack,openable,openable,https://buddy.farm/i/4-leaf-clover/,Promoted as advisory source hint from complete cached Buddy page-data fan-out for BL-263.; Not counted as exact supply by this table.; Quantity range: 10-10; Source: https://buddy.farm/i/4-leaf-clover/; Page data: https://buddy.farm/page-data/i/4-leaf-clover/page-data.json; Cache: 4-leaf-clover__4-leaf-clover.json; Parser: buddy-item-multi-source-v1
4-leaf Clover,4-leaf clover,Spring Basket 01,spring basket 01,openable,openable,https://buddy.farm/i/4-leaf-clover/,Promoted as advisory source hint from complete cached Buddy page-data fan-out for BL-263.; Not counted as exact supply by this table.; Quantity range: 3-3; Source: https://buddy.farm/i/4-leaf-clover/; Page data: https://buddy.farm/page-data/i/4-leaf-clover/page-data.json; Cache: 4-leaf-clover__4-leaf-clover.json; Parser: buddy-item-multi-source-v1
4-leaf Clover,4-leaf clover,Spring Basket 02,spring basket 02,openable,openable,https://buddy.farm/i/4-leaf-clover/,Promoted as advisory source hint from complete cached Buddy page-data fan-out for BL-263.; Not counted as exact supply by this table.; Quantity range: 10-10; Source: https://buddy.farm/i/4-leaf-clover/; Page data: https://buddy.farm/page-data/i/4-leaf-clover/page-data.json; Cache: 4-leaf-clover__4-leaf-clover.json; Parser: buddy-item-multi-source-v1
4-leaf Clover,4-leaf clover,Spring Basket 03,spring basket 03,openable,openable,https://buddy.farm/i/4-leaf-clover/,Promoted as advisory source hint from complete cached Buddy page-data fan-out for BL-263.; Not counted as exact supply by this table.; Quantity range: 50-50; Source: https://buddy.farm/i/4-leaf-clover/; Page data: https://buddy.farm/page-data/i/4-leaf-clover/page-data.json; Cache: 4-leaf-clover__4-leaf-clover.json; Parser: buddy-item-multi-source-v1
4-leaf Clover,4-leaf clover,Old Boot,old boot,wishing_well,Wishing Well throw,https://buddy.farm/i/4-leaf-clover/,Promoted as advisory source hint from complete cached Buddy page-data fan-out for BL-263.; Not counted as exact supply by this table.; Reward chance: 0.3333333333333333; Candidate flags: reverse_relation; reward_quantity_defaulted; Reverse Wishing Well relation from reward page; candidate export defaults quantity to 1 for review.; Source: https://buddy.farm/i/4-leaf-clover/; Page data: https://buddy.farm/page-data/i/4-leaf-clover/page-data.json; Cache: 4-leaf-clover__4-leaf-clover.json; Parser: buddy-item-multi-source-v1
4-leaf Clover,4-leaf clover,Shark Tooth,shark tooth,wishing_well,Wishing Well throw,https://buddy.farm/i/4-leaf-clover/,Promoted as advisory source hint from complete cached Buddy page-data fan-out for BL-263.; Not counted as exact supply by this table.; Reward chance: 0.3333333333333333; Candidate flags: reverse_relation; reward_quantity_defaulted; Reverse Wishing Well relation from reward page; candidate export defaults quantity to 1 for review.; Source: https://buddy.farm/i/4-leaf-clover/; Page data: https://buddy.farm/page-data/i/4-leaf-clover/page-data.json; Cache: 4-leaf-clover__4-leaf-clover.json; Parser: buddy-item-multi-source-v1
Acorn,acorn,Cornucopia 01,cornucopia 01,openable,openable,https://buddy.farm/i/acorn/,Promoted as advisory source hint from complete cached Buddy page-data fan-out for BL-263.; Not counted as exact supply by this table.; Quantity range: 50-50; Source: https://buddy.farm/i/acorn/; Page data: https://buddy.farm/page-data/i/acorn/page-data.json; Cache: acorn__acorn.json; Parser: buddy-item-multi-source-v1
Amethyst,amethyst,Small Chest 01,small chest 01,openable,openable,https://buddy.farm/i/amethyst/,Promoted as advisory source hint from complete cached Buddy page-data fan-out for BL-263.; Not counted as exact supply by this table.; Quantity range: 10-10; Source: https://buddy.farm/i/amethyst/; Page data: https://buddy.farm/page-data/i/amethyst/page-data.json; Cache: amethyst__amethyst.json; Parser: buddy-item-multi-source-v1
Amethyst,amethyst,Aquamarine,aquamarine,wishing_well,Wishing Well throw,https://buddy.farm/i/amethyst/,Promoted as advisory source hint from complete cached Buddy page-data fan-out for BL-263.; Not counted as exact supply by this table.; Reward chance: 0.25; Candidate flags: reverse_relation; reward_quantity_defaulted; Reverse Wishing Well relation from reward page; candidate export defaults quantity to 1 for review.; Source: https://buddy.farm/i/amethyst/; Page data: https://buddy.farm/page-data/i/amethyst/page-data.json; Cache: amethyst__amethyst.json; Parser: buddy-item-multi-source-v1
Amethyst,amethyst,Jade,jade,wishing_well,Wishing Well throw,https://buddy.farm/i/amethyst/,Promoted as advisory source hint from complete cached Buddy page-data fan-out for BL-263.; Not counted as exact supply by this table.; Reward chance: 0.25; Candidate flags: reverse_relation; reward_quantity_defaulted; Reverse Wishing Well relation from reward page; candidate export defaults quantity to 1 for review.; Source: https://buddy.farm/i/amethyst/; Page data: https://buddy.farm/page-data/i/amethyst/page-data.json; Cache: amethyst__amethyst.json; Parser: buddy-item-multi-source-v1
Amethyst Necklace,amethyst necklace,Medium Chest 02,medium chest 02,openable,openable,https://buddy.farm/i/amethyst-necklace/,Promoted as advisory source hint from complete cached Buddy page-data fan-out for BL-263.; Not counted as exact supply by this table.; Quantity range: 5-5; Source: https://buddy.farm/i/amethyst-necklace/; Page data: https://buddy.farm/page-data/i/amethyst-necklace/page-data.json; Cache: amethyst-necklace__amethyst-necklace.json; Parser: buddy-item-multi-source-v1
Ancient Coin,ancient coin,Christmas Present 05,christmas present 05,openable,openable,https://buddy.farm/i/ancient-coin/,Promoted as advisory source hint from complete cached Buddy page-data fan-out for BL-263.; Not counted as exact supply by this table.; Quantity range: 50-50; Source: https://buddy.farm/i/ancient-coin/; Page data: https://buddy.farm/page-data/i/ancient-coin/page-data.json; Cache: ancient-coin__ancient-coin.json; Parser: buddy-item-multi-source-v1
Ancient Coin,ancient coin,Christmas Present 09,christmas present 09,openable,openable,https://buddy.farm/i/ancient-coin/,Promoted as advisory source hint from complete cached Buddy page-data fan-out for BL-263.; Not counted as exact supply by this table.; Quantity range: 90-90; Source: https://buddy.farm/i/ancient-coin/; Page data: https://buddy.farm/page-data/i/ancient-coin/page-data.json; Cache: ancient-coin__ancient-coin.json; Parser: buddy-item-multi-source-v1
Ancient Coin,ancient coin,Corn Prize Bag,corn prize bag,openable,openable,https://buddy.farm/i/ancient-coin/,Promoted as advisory source hint from complete cached Buddy page-data fan-out for BL-263.; Not counted as exact supply by this table.; Quantity range: 100-100; Source: https://buddy.farm/i/ancient-coin/; Page data: https://buddy.farm/page-data/i/ancient-coin/page-data.json; Cache: ancient-coin__ancient-coin.json; Parser: buddy-item-multi-source-v1
Ancient Coin,ancient coin,Gift Basket 01,gift basket 01,openable,openable,https://buddy.farm/i/ancient-coin/,Promoted as advisory source hint from complete cached Buddy page-data fan-out for BL-263.; Not counted as exact supply by this table.; Quantity range: 50-50; Source: https://buddy.farm/i/ancient-coin/; Page data: https://buddy.farm/page-data/i/ancient-coin/page-data.json; Cache: ancient-coin__ancient-coin.json; Parser: buddy-item-multi-source-v1
Ancient Coin,ancient coin,Gift Basket 02,gift basket 02,openable,openable,https://buddy.farm/i/ancient-coin/,Promoted as advisory source hint from complete cached Buddy page-data fan-out for BL-263.; Not counted as exact supply by this table.; Quantity range: 100-100; Source: https://buddy.farm/i/ancient-coin/; Page data: https://buddy.farm/page-data/i/ancient-coin/page-data.json; Cache: ancient-coin__ancient-coin.json; Parser: buddy-item-multi-source-v1
Ancient Coin,ancient coin,Grab Bag 02,grab bag 02,openable,openable,https://buddy.farm/i/ancient-coin/,Promoted as advisory source hint from complete cached Buddy page-data fan-out for BL-263.; Not counted as exact supply by this table.; Quantity range: 10-25; Source: https://buddy.farm/i/ancient-coin/; Page data: https://buddy.farm/page-data/i/ancient-coin/page-data.json; Cache: ancient-coin__ancient-coin.json; Parser: buddy-item-multi-source-v1
Ancient Coin,ancient coin,Grab Bag 06,grab bag 06,openable,openable,https://buddy.farm/i/ancient-coin/,Promoted as advisory source hint from complete cached Buddy page-data fan-out for BL-263.; Not counted as exact supply by this table.; Quantity range: 10-150; Source: https://buddy.farm/i/ancient-coin/; Page data: https://buddy.farm/page-data/i/ancient-coin/page-data.json; Cache: ancient-coin__ancient-coin.json; Parser: buddy-item-multi-source-v1
Ancient Coin,ancient coin,Large Chest 01,large chest 01,openable,openable,https://buddy.farm/i/ancient-coin/,Promoted as advisory source hint from complete cached Buddy page-data fan-out for BL-263.; Not counted as exact supply by this table.; Quantity range: 100-100; Source: https://buddy.farm/i/ancient-coin/; Page data: https://buddy.farm/page-data/i/ancient-coin/page-data.json; Cache: ancient-coin__ancient-coin.json; Parser: buddy-item-multi-source-v1
Ancient Coin,ancient coin,Medium Chest 01,medium chest 01,openable,openable,https://buddy.farm/i/ancient-coin/,Promoted as advisory source hint from complete cached Buddy page-data fan-out for BL-263.; Not counted as exact supply by this table.; Quantity range: 50-50; Source: https://buddy.farm/i/ancient-coin/; Page data: https://buddy.farm/page-data/i/ancient-coin/page-data.json; Cache: ancient-coin__ancient-coin.json; Parser: buddy-item-multi-source-v1
Ancient Coin,ancient coin,Present 01,present 01,openable,openable,https://buddy.farm/i/ancient-coin/,Promoted as advisory source hint from complete cached Buddy page-data fan-out for BL-263.; Not counted as exact supply by this table.; Quantity range: 20-20; Source: https://buddy.farm/i/ancient-coin/; Page data: https://buddy.farm/page-data/i/ancient-coin/page-data.json; Cache: ancient-coin__ancient-coin.json; Parser: buddy-item-multi-source-v1
Ancient Coin,ancient coin,Present 02,present 02,openable,openable,https://buddy.farm/i/ancient-coin/,Promoted as advisory source hint from complete cached Buddy page-data fan-out for BL-263.; Not counted as exact supply by this table.; Quantity range: 500-500; Source: https://buddy.farm/i/ancient-coin/; Page data: https://buddy.farm/page-data/i/ancient-coin/page-data.json; Cache: ancient-coin__ancient-coin.json; Parser: buddy-item-multi-source-v1
Ancient Coin,ancient coin,Red Envelope,red envelope,openable,openable,https://buddy.farm/i/ancient-coin/,Promoted as advisory source hint from complete cached Buddy page-data fan-out for BL-263.; Not counted as exact supply by this table.; Quantity range: 10-10; Source: https://buddy.farm/i/ancient-coin/; Page data: https://buddy.farm/page-data/i/ancient-coin/page-data.json; Cache: ancient-coin__ancient-coin.json; Parser: buddy-item-multi-source-v1
Ancient Coin,ancient coin,Treat Bag 03,treat bag 03,openable,openable,https://buddy.farm/i/ancient-coin/,Promoted as advisory source hint from complete cached Buddy page-data fan-out for BL-263.; Not counted as exact supply by this table.; Quantity range: 10-10; Source: https://buddy.farm/i/ancient-coin/; Page data: https://buddy.farm/page-data/i/ancient-coin/page-data.json; Cache: ancient-coin__ancient-coin.json; Parser: buddy-item-multi-source-v1
Ancient Coin,ancient coin,Old Boot,old boot,wishing_well,Wishing Well throw,https://buddy.farm/i/ancient-coin/,Promoted as advisory source hint from complete cached Buddy page-data fan-out for BL-263.; Not counted as exact supply by this table.; Reward chance: 0.3333333333333333; Candidate flags: reverse_relation; reward_quantity_defaulted; Reverse Wishing Well relation from reward page; candidate export defaults quantity to 1 for review.; Source: https://buddy.farm/i/ancient-coin/; Page data: https://buddy.farm/page-data/i/ancient-coin/page-data.json; Cache: ancient-coin__ancient-coin.json; Parser: buddy-item-multi-source-v1
Ancient Coin,ancient coin,Taffy,taffy,wishing_well,Wishing Well throw,https://buddy.farm/i/ancient-coin/,Promoted as advisory source hint from complete cached Buddy page-data fan-out for BL-263.; Not counted as exact supply by this table.; Reward chance: 0.3333333333333333; Candidate flags: reverse_relation; reward_quantity_defaulted; Reverse Wishing Well relation from reward page; candidate export defaults quantity to 1 for review.; Source: https://buddy.farm/i/ancient-coin/; Page data: https://buddy.farm/page-data/i/ancient-coin/page-data.json; Cache: ancient-coin__ancient-coin.json; Parser: buddy-item-multi-source-v1
Antler,antler,Christmas Present 04,christmas present 04,openable,openable,https://buddy.farm/i/antler/,Promoted as advisory source hint from complete cached Buddy page-data fan-out for BL-263.; Not counted as exact supply by this table.; Quantity range: 40-40; Source: https://buddy.farm/i/antler/; Page data: https://buddy.farm/page-data/i/antler/page-data.json; Cache: antler__antler.json; Parser: buddy-item-multi-source-v1
Antler,antler,Christmas Present 09,christmas present 09,openable,openable,https://buddy.farm/i/antler/,Promoted as advisory source hint from complete cached Buddy page-data fan-out for BL-263.; Not counted as exact supply by this table.; Quantity range: 90-90; Source: https://buddy.farm/i/antler/; Page data: https://buddy.farm/page-data/i/antler/page-data.json; Cache: antler__antler.json; Parser: buddy-item-multi-source-v1
Antler,antler,Grab Bag 02,grab bag 02,openable,openable,https://buddy.farm/i/antler/,Promoted as advisory source hint from complete cached Buddy page-data fan-out for BL-263.; Not counted as exact supply by this table.; Quantity range: 10-25; Source: https://buddy.farm/i/antler/; Page data: https://buddy.farm/page-data/i/antler/page-data.json; Cache: antler__antler.json; Parser: buddy-item-multi-source-v1
Antler,antler,Small Chest 02,small chest 02,openable,openable,https://buddy.farm/i/antler/,Promoted as advisory source hint from complete cached Buddy page-data fan-out for BL-263.; Not counted as exact supply by this table.; Quantity range: 10-10; Source: https://buddy.farm/i/antler/; Page data: https://buddy.farm/page-data/i/antler/page-data.json; Cache: antler__antler.json; Parser: buddy-item-multi-source-v1
Antler,antler,Pine Cone,pine cone,wishing_well,Wishing Well throw,https://buddy.farm/i/antler/,Promoted as advisory source hint from complete cached Buddy page-data fan-out for BL-263.; Not counted as exact supply by this table.; Reward chance: 0.3333333333333333; Candidate flags: reverse_relation; reward_quantity_defaulted; Reverse Wishing Well relation from reward page; candidate export defaults quantity to 1 for review.; Source: https://buddy.farm/i/antler/; Page data: https://buddy.farm/page-data/i/antler/page-data.json; Cache: antler__antler.json; Parser: buddy-item-multi-source-v1
Apple,apple,Apple Basket,apple basket,openable,openable,https://buddy.farm/i/apple/,Promoted as advisory source hint from complete cached Buddy page-data fan-out for BL-263.; Not counted as exact supply by this table.; Quantity range: 200-200; Source: https://buddy.farm/i/apple/; Page data: https://buddy.farm/page-data/i/apple/page-data.json; Cache: apple__apple.json; Parser: buddy-item-multi-source-v1
Apple,apple,Apple Crate 01,apple crate 01,openable,openable,https://buddy.farm/i/apple/,Promoted as advisory source hint from complete cached Buddy page-data fan-out for BL-263.; Not counted as exact supply by this table.; Quantity range: 200-200; Source: https://buddy.farm/i/apple/; Page data: https://buddy.farm/page-data/i/apple/page-data.json; Cache: apple__apple.json; Parser: buddy-item-multi-source-v1
Apple,apple,Apple Crate 02,apple crate 02,openable,openable,https://buddy.farm/i/apple/,Promoted as advisory source hint from complete cached Buddy page-data fan-out for BL-263.; Not counted as exact supply by this table.; Quantity range: 200-200; Source: https://buddy.farm/i/apple/; Page data: https://buddy.farm/page-data/i/apple/page-data.json; Cache: apple__apple.json; Parser: buddy-item-multi-source-v1
Apple,apple,Backpack,backpack,openable,openable,https://buddy.farm/i/apple/,Promoted as advisory source hint from complete cached Buddy page-data fan-out for BL-263.; Not counted as exact supply by this table.; Quantity range: 25-25; Source: https://buddy.farm/i/apple/; Page data: https://buddy.farm/page-data/i/apple/page-data.json; Cache: apple__apple.json; Parser: buddy-item-multi-source-v1
Apple,apple,Birthday Present,birthday present,openable,openable,https://buddy.farm/i/apple/,Promoted as advisory source hint from complete cached Buddy page-data fan-out for BL-263.; Not counted as exact supply by this table.; Quantity range: 200-200; Source: https://buddy.farm/i/apple/; Page data: https://buddy.farm/page-data/i/apple/page-data.json; Cache: apple__apple.json; Parser: buddy-item-multi-source-v1
Apple,apple,Box of Chocolate 01,box of chocolate 01,openable,openable,https://buddy.farm/i/apple/,Promoted as advisory source hint from complete cached Buddy page-data fan-out for BL-263.; Not counted as exact supply by this table.; Quantity range: 5-5; Source: https://buddy.farm/i/apple/; Page data: https://buddy.farm/page-data/i/apple/page-data.json; Cache: apple__apple.json; Parser: buddy-item-multi-source-v1
Apple,apple,Box of Chocolate 02,box of chocolate 02,openable,openable,https://buddy.farm/i/apple/,Promoted as advisory source hint from complete cached Buddy page-data fan-out for BL-263.; Not counted as exact supply by this table.; Quantity range: 50-50; Source: https://buddy.farm/i/apple/; Page data: https://buddy.farm/page-data/i/apple/page-data.json; Cache: apple__apple.json; Parser: buddy-item-multi-source-v1
Apple,apple,Buddy's School Bag,buddy's school bag,openable,openable,https://buddy.farm/i/apple/,Promoted as advisory source hint from complete cached Buddy page-data fan-out for BL-263.; Not counted as exact supply by this table.; Quantity range: 50-50; Source: https://buddy.farm/i/apple/; Page data: https://buddy.farm/page-data/i/apple/page-data.json; Cache: apple__apple.json; Parser: buddy-item-multi-source-v1
Apple,apple,Christmas Present 03,christmas present 03,openable,openable,https://buddy.farm/i/apple/,Promoted as advisory source hint from complete cached Buddy page-data fan-out for BL-263.; Not counted as exact supply by this table.; Quantity range: 30-30; Source: https://buddy.farm/i/apple/; Page data: https://buddy.farm/page-data/i/apple/page-data.json; Cache: apple__apple.json; Parser: buddy-item-multi-source-v1
Apple,apple,Christmas Present 10,christmas present 10,openable,openable,https://buddy.farm/i/apple/,Promoted as advisory source hint from complete cached Buddy page-data fan-out for BL-263.; Not counted as exact supply by this table.; Quantity range: 100-100; Source: https://buddy.farm/i/apple/; Page data: https://buddy.farm/page-data/i/apple/page-data.json; Cache: apple__apple.json; Parser: buddy-item-multi-source-v1
Apple,apple,Christmas Stocking,christmas stocking,openable,openable,https://buddy.farm/i/apple/,Promoted as advisory source hint from complete cached Buddy page-data fan-out for BL-263.; Not counted as exact supply by this table.; Quantity range: 3-3; Source: https://buddy.farm/i/apple/; Page data: https://buddy.farm/page-data/i/apple/page-data.json; Cache: apple__apple.json; Parser: buddy-item-multi-source-v1
Apple,apple,Cornucopia 01,cornucopia 01,openable,openable,https://buddy.farm/i/apple/,Promoted as advisory source hint from complete cached Buddy page-data fan-out for BL-263.; Not counted as exact supply by this table.; Quantity range: 25-25; Source: https://buddy.farm/i/apple/; Page data: https://buddy.farm/page-data/i/apple/page-data.json; Cache: apple__apple.json; Parser: buddy-item-multi-source-v1
Apple,apple,Cornucopia 02,cornucopia 02,openable,openable,https://buddy.farm/i/apple/,Promoted as advisory source hint from complete cached Buddy page-data fan-out for BL-263.; Not counted as exact supply by this table.; Quantity range: 100-100; Source: https://buddy.farm/i/apple/; Page data: https://buddy.farm/page-data/i/apple/page-data.json; Cache: apple__apple.json; Parser: buddy-item-multi-source-v1
Apple,apple,Fall Basket,fall basket,openable,openable,https://buddy.farm/i/apple/,Promoted as advisory source hint from complete cached Buddy page-data fan-out for BL-263.; Not counted as exact supply by this table.; Quantity range: 50-50; Source: https://buddy.farm/i/apple/; Page data: https://buddy.farm/page-data/i/apple/page-data.json; Cache: apple__apple.json; Parser: buddy-item-multi-source-v1
Apple,apple,frank's Basket,frank's basket,openable,openable,https://buddy.farm/i/apple/,Promoted as advisory source hint from complete cached Buddy page-data fan-out for BL-263.; Not counted as exact supply by this table.; Quantity range: 25-25; Source: https://buddy.farm/i/apple/; Page data: https://buddy.farm/page-data/i/apple/page-data.json; Cache: apple__apple.json; Parser: buddy-item-multi-source-v1
Apple,apple,Gift Basket 01,gift basket 01,openable,openable,https://buddy.farm/i/apple/,Promoted as advisory source hint from complete cached Buddy page-data fan-out for BL-263.; Not counted as exact supply by this table.; Quantity range: 25-25; Source: https://buddy.farm/i/apple/; Page data: https://buddy.farm/page-data/i/apple/page-data.json; Cache: apple__apple.json; Parser: buddy-item-multi-source-v1
Apple,apple,Gift Basket 02,gift basket 02,openable,openable,https://buddy.farm/i/apple/,Promoted as advisory source hint from complete cached Buddy page-data fan-out for BL-263.; Not counted as exact supply by this table.; Quantity range: 100-100; Source: https://buddy.farm/i/apple/; Page data: https://buddy.farm/page-data/i/apple/page-data.json; Cache: apple__apple.json; Parser: buddy-item-multi-source-v1
Apple,apple,Heart-shaped Box 01,heart-shaped box 01,openable,openable,https://buddy.farm/i/apple/,Promoted as advisory source hint from complete cached Buddy page-data fan-out for BL-263.; Not counted as exact supply by this table.; Quantity range: 50-50; Source: https://buddy.farm/i/apple/; Page data: https://buddy.farm/page-data/i/apple/page-data.json; Cache: apple__apple.json; Parser: buddy-item-multi-source-v1
Apple,apple,Heart-shaped Box 02,heart-shaped box 02,openable,openable,https://buddy.farm/i/apple/,Promoted as advisory source hint from complete cached Buddy page-data fan-out for BL-263.; Not counted as exact supply by this table.; Quantity range: 100-100; Source: https://buddy.farm/i/apple/; Page data: https://buddy.farm/page-data/i/apple/page-data.json; Cache: apple__apple.json; Parser: buddy-item-multi-source-v1
Apple,apple,Medium Chest 01,medium chest 01,openable,openable,https://buddy.farm/i/apple/,Promoted as advisory source hint from complete cached Buddy page-data fan-out for BL-263.; Not counted as exact supply by this table.; Quantity range: 100-100; Source: https://buddy.farm/i/apple/; Page data: https://buddy.farm/page-data/i/apple/page-data.json; Cache: apple__apple.json; Parser: buddy-item-multi-source-v1
Apple,apple,Spring Basket 01,spring basket 01,openable,openable,https://buddy.farm/i/apple/,Promoted as advisory source hint from complete cached Buddy page-data fan-out for BL-263.; Not counted as exact supply by this table.; Quantity range: 20-20; Source: https://buddy.farm/i/apple/; Page data: https://buddy.farm/page-data/i/apple/page-data.json; Cache: apple__apple.json; Parser: buddy-item-multi-source-v1
Apple,apple,Spring Basket 02,spring basket 02,openable,openable,https://buddy.farm/i/apple/,Promoted as advisory source hint from complete cached Buddy page-data fan-out for BL-263.; Not counted as exact supply by this table.; Quantity range: 50-50; Source: https://buddy.farm/i/apple/; Page data: https://buddy.farm/page-data/i/apple/page-data.json; Cache: apple__apple.json; Parser: buddy-item-multi-source-v1
Apple,apple,Spring Basket 03,spring basket 03,openable,openable,https://buddy.farm/i/apple/,Promoted as advisory source hint from complete cached Buddy page-data fan-out for BL-263.; Not counted as exact supply by this table.; Quantity range: 200-200; Source: https://buddy.farm/i/apple/; Page data: https://buddy.farm/page-data/i/apple/page-data.json; Cache: apple__apple.json; Parser: buddy-item-multi-source-v1
Apple,apple,Treat Bag 01,treat bag 01,openable,openable,https://buddy.farm/i/apple/,Promoted as advisory source hint from complete cached Buddy page-data fan-out for BL-263.; Not counted as exact supply by this table.; Quantity range: 3-3; Source: https://buddy.farm/i/apple/; Page data: https://buddy.farm/page-data/i/apple/page-data.json; Cache: apple__apple.json; Parser: buddy-item-multi-source-v1
Apple,apple,Treat Bag 04,treat bag 04,openable,openable,https://buddy.farm/i/apple/,Promoted as advisory source hint from complete cached Buddy page-data fan-out for BL-263.; Not counted as exact supply by this table.; Quantity range: 25-25; Source: https://buddy.farm/i/apple/; Page data: https://buddy.farm/page-data/i/apple/page-data.json; Cache: apple__apple.json; Parser: buddy-item-multi-source-v1
Apple,apple,Treat Bag 05,treat bag 05,openable,openable,https://buddy.farm/i/apple/,Promoted as advisory source hint from complete cached Buddy page-data fan-out for BL-263.; Not counted as exact supply by this table.; Quantity range: 25-25; Source: https://buddy.farm/i/apple/; Page data: https://buddy.farm/page-data/i/apple/page-data.json; Cache: apple__apple.json; Parser: buddy-item-multi-source-v1
Apple,apple,Treat Bag 06,treat bag 06,openable,openable,https://buddy.farm/i/apple/,Promoted as advisory source hint from complete cached Buddy page-data fan-out for BL-263.; Not counted as exact supply by this table.; Quantity range: 50-50; Source: https://buddy.farm/i/apple/; Page data: https://buddy.farm/page-data/i/apple/page-data.json; Cache: apple__apple.json; Parser: buddy-item-multi-source-v1
Apple,apple,Candy,candy,wishing_well,Wishing Well throw,https://buddy.farm/i/apple/,Promoted as advisory source hint from complete cached Buddy page-data fan-out for BL-263.; Not counted as exact supply by this table.; Reward chance: 0.25; Candidate flags: reverse_relation; reward_quantity_defaulted; Reverse Wishing Well relation from reward page; candidate export defaults quantity to 1 for review.; Source: https://buddy.farm/i/apple/; Page data: https://buddy.farm/page-data/i/apple/page-data.json; Cache: apple__apple.json; Parser: buddy-item-multi-source-v1
Apple Ant,apple ant,Apple Crate 02,apple crate 02,openable,openable,https://buddy.farm/i/apple-ant/,Promoted as advisory source hint from complete cached Buddy page-data fan-out for BL-263.; Not counted as exact supply by this table.; Quantity range: 5-5; Source: https://buddy.farm/i/apple-ant/; Page data: https://buddy.farm/page-data/i/apple-ant/page-data.json; Cache: apple-ant__apple-ant.json; Parser: buddy-item-multi-source-v1
Apple Basket,apple basket,Birthday Surprise Box 03,birthday surprise box 03,openable,openable,https://buddy.farm/i/apple-basket/,Promoted as advisory source hint from complete cached Buddy page-data fan-out for BL-263.; Not counted as exact supply by this table.; Quantity range: 1-2; Source: https://buddy.farm/i/apple-basket/; Page data: https://buddy.farm/page-data/i/apple-basket/page-data.json; Cache: apple-basket__apple-basket.json; Parser: buddy-item-multi-source-v1
Apple Basket,apple basket,Birthday Surprise Box 04,birthday surprise box 04,openable,openable,https://buddy.farm/i/apple-basket/,Promoted as advisory source hint from complete cached Buddy page-data fan-out for BL-263.; Not counted as exact supply by this table.; Quantity range: 1-2; Source: https://buddy.farm/i/apple-basket/; Page data: https://buddy.farm/page-data/i/apple-basket/page-data.json; Cache: apple-basket__apple-basket.json; Parser: buddy-item-multi-source-v1
Apple Basket,apple basket,Birthday Surprise Box 05,birthday surprise box 05,openable,openable,https://buddy.farm/i/apple-basket/,Promoted as advisory source hint from complete cached Buddy page-data fan-out for BL-263.; Not counted as exact supply by this table.; Quantity range: 1-2; Source: https://buddy.farm/i/apple-basket/; Page data: https://buddy.farm/page-data/i/apple-basket/page-data.json; Cache: apple-basket__apple-basket.json; Parser: buddy-item-multi-source-v1
Apple Cider,apple cider,Apple Basket,apple basket,openable,openable,https://buddy.farm/i/apple-cider/,Promoted as advisory source hint from complete cached Buddy page-data fan-out for BL-263.; Not counted as exact supply by this table.; Quantity range: 10-10; Source: https://buddy.farm/i/apple-cider/; Page data: https://buddy.farm/page-data/i/apple-cider/page-data.json; Cache: apple-cider__apple-cider.json; Parser: buddy-item-multi-source-v1
Apple Cider,apple cider,Apple Crate 01,apple crate 01,openable,openable,https://buddy.farm/i/apple-cider/,Promoted as advisory source hint from complete cached Buddy page-data fan-out for BL-263.; Not counted as exact supply by this table.; Quantity range: 25-25; Source: https://buddy.farm/i/apple-cider/; Page data: https://buddy.farm/page-data/i/apple-cider/page-data.json; Cache: apple-cider__apple-cider.json; Parser: buddy-item-multi-source-v1
Apple Cider,apple cider,Apple Crate 02,apple crate 02,openable,openable,https://buddy.farm/i/apple-cider/,Promoted as advisory source hint from complete cached Buddy page-data fan-out for BL-263.; Not counted as exact supply by this table.; Quantity range: 50-50; Source: https://buddy.farm/i/apple-cider/; Page data: https://buddy.farm/page-data/i/apple-cider/page-data.json; Cache: apple-cider__apple-cider.json; Parser: buddy-item-multi-source-v1
Apple Cider,apple cider,Birthday Present,birthday present,openable,openable,https://buddy.farm/i/apple-cider/,Promoted as advisory source hint from complete cached Buddy page-data fan-out for BL-263.; Not counted as exact supply by this table.; Quantity range: 25-25; Source: https://buddy.farm/i/apple-cider/; Page data: https://buddy.farm/page-data/i/apple-cider/page-data.json; Cache: apple-cider__apple-cider.json; Parser: buddy-item-multi-source-v1
Apple Cider,apple cider,Box of Chocolate 02,box of chocolate 02,openable,openable,https://buddy.farm/i/apple-cider/,Promoted as advisory source hint from complete cached Buddy page-data fan-out for BL-263.; Not counted as exact supply by this table.; Quantity range: 5-5; Source: https://buddy.farm/i/apple-cider/; Page data: https://buddy.farm/page-data/i/apple-cider/page-data.json; Cache: apple-cider__apple-cider.json; Parser: buddy-item-multi-source-v1
Apple Cider,apple cider,Buddy's Beach Bag,buddy's beach bag,openable,openable,https://buddy.farm/i/apple-cider/,Promoted as advisory source hint from complete cached Buddy page-data fan-out for BL-263.; Not counted as exact supply by this table.; Quantity range: 25-25; Source: https://buddy.farm/i/apple-cider/; Page data: https://buddy.farm/page-data/i/apple-cider/page-data.json; Cache: apple-cider__apple-cider.json; Parser: buddy-item-multi-source-v1
Apple Cider,apple cider,Drink Bundle,drink bundle,openable,openable,https://buddy.farm/i/apple-cider/,Promoted as advisory source hint from complete cached Buddy page-data fan-out for BL-263.; Not counted as exact supply by this table.; Quantity range: 10-10; Source: https://buddy.farm/i/apple-cider/; Page data: https://buddy.farm/page-data/i/apple-cider/page-data.json; Cache: apple-cider__apple-cider.json; Parser: buddy-item-multi-source-v1
Apple Cider,apple cider,Fancy Present,fancy present,openable,openable,https://buddy.farm/i/apple-cider/,Promoted as advisory source hint from complete cached Buddy page-data fan-out for BL-263.; Not counted as exact supply by this table.; Quantity range: 10-10; Source: https://buddy.farm/i/apple-cider/; Page data: https://buddy.farm/page-data/i/apple-cider/page-data.json; Cache: apple-cider__apple-cider.json; Parser: buddy-item-multi-source-v1
Apple Cider,apple cider,Frozen Chest 02,frozen chest 02,openable,openable,https://buddy.farm/i/apple-cider/,Promoted as advisory source hint from complete cached Buddy page-data fan-out for BL-263.; Not counted as exact supply by this table.; Quantity range: 5-5; Source: https://buddy.farm/i/apple-cider/; Page data: https://buddy.farm/page-data/i/apple-cider/page-data.json; Cache: apple-cider__apple-cider.json; Parser: buddy-item-multi-source-v1
Apple Cider,apple cider,Frozen Chest 03,frozen chest 03,openable,openable,https://buddy.farm/i/apple-cider/,Promoted as advisory source hint from complete cached Buddy page-data fan-out for BL-263.; Not counted as exact supply by this table.; Quantity range: 125-125; Source: https://buddy.farm/i/apple-cider/; Page data: https://buddy.farm/page-data/i/apple-cider/page-data.json; Cache: apple-cider__apple-cider.json; Parser: buddy-item-multi-source-v1
Apple Cider,apple cider,Giving Box 01,giving box 01,openable,openable,https://buddy.farm/i/apple-cider/,Promoted as advisory source hint from complete cached Buddy page-data fan-out for BL-263.; Not counted as exact supply by this table.; Quantity range: 250-250; Source: https://buddy.farm/i/apple-cider/; Page data: https://buddy.farm/page-data/i/apple-cider/page-data.json; Cache: apple-cider__apple-cider.json; Parser: buddy-item-multi-source-v1
Apple Cider,apple cider,Lovely Present,lovely present,openable,openable,https://buddy.farm/i/apple-cider/,Promoted as advisory source hint from complete cached Buddy page-data fan-out for BL-263.; Not counted as exact supply by this table.; Quantity range: 10-10; Source: https://buddy.farm/i/apple-cider/; Page data: https://buddy.farm/page-data/i/apple-cider/page-data.json; Cache: apple-cider__apple-cider.json; Parser: buddy-item-multi-source-v1
Apple Cider,apple cider,Present 02,present 02,openable,openable,https://buddy.farm/i/apple-cider/,Promoted as advisory source hint from complete cached Buddy page-data fan-out for BL-263.; Not counted as exact supply by this table.; Quantity range: 50-50; Source: https://buddy.farm/i/apple-cider/; Page data: https://buddy.farm/page-data/i/apple-cider/page-data.json; Cache: apple-cider__apple-cider.json; Parser: buddy-item-multi-source-v1
Apple Cider,apple cider,Rosalie's Beach Tote,rosalie's beach tote,openable,openable,https://buddy.farm/i/apple-cider/,Promoted as advisory source hint from complete cached Buddy page-data fan-out for BL-263.; Not counted as exact supply by this table.; Quantity range: 3-3; Source: https://buddy.farm/i/apple-cider/; Page data: https://buddy.farm/page-data/i/apple-cider/page-data.json; Cache: apple-cider__apple-cider.json; Parser: buddy-item-multi-source-v1
Apple Cider,apple cider,Shiny Present,shiny present,openable,openable,https://buddy.farm/i/apple-cider/,Promoted as advisory source hint from complete cached Buddy page-data fan-out for BL-263.; Not counted as exact supply by this table.; Quantity range: 10-10; Source: https://buddy.farm/i/apple-cider/; Page data: https://buddy.farm/page-data/i/apple-cider/page-data.json; Cache: apple-cider__apple-cider.json; Parser: buddy-item-multi-source-v1
Apple Cider,apple cider,Spring Basket 02,spring basket 02,openable,openable,https://buddy.farm/i/apple-cider/,Promoted as advisory source hint from complete cached Buddy page-data fan-out for BL-263.; Not counted as exact supply by this table.; Quantity range: 15-15; Source: https://buddy.farm/i/apple-cider/; Page data: https://buddy.farm/page-data/i/apple-cider/page-data.json; Cache: apple-cider__apple-cider.json; Parser: buddy-item-multi-source-v1
Apple Cider,apple cider,Thomas's Tavern Tote,thomas's tavern tote,openable,openable,https://buddy.farm/i/apple-cider/,Promoted as advisory source hint from complete cached Buddy page-data fan-out for BL-263.; Not counted as exact supply by this table.; Quantity range: 25-25; Source: https://buddy.farm/i/apple-cider/; Page data: https://buddy.farm/page-data/i/apple-cider/page-data.json; Cache: apple-cider__apple-cider.json; Parser: buddy-item-multi-source-v1
Apple Cider,apple cider,Tower Prep Pack 01,tower prep pack 01,openable,openable,https://buddy.farm/i/apple-cider/,Promoted as advisory source hint from complete cached Buddy page-data fan-out for BL-263.; Not counted as exact supply by this table.; Quantity range: 250-250; Source: https://buddy.farm/i/apple-cider/; Page data: https://buddy.farm/page-data/i/apple-cider/page-data.json; Cache: apple-cider__apple-cider.json; Parser: buddy-item-multi-source-v1
Apple Cider,apple cider,Winter Basket,winter basket,openable,openable,https://buddy.farm/i/apple-cider/,Promoted as advisory source hint from complete cached Buddy page-data fan-out for BL-263.; Not counted as exact supply by this table.; Quantity range: 5-5; Source: https://buddy.farm/i/apple-cider/; Page data: https://buddy.farm/page-data/i/apple-cider/page-data.json; Cache: apple-cider__apple-cider.json; Parser: buddy-item-multi-source-v1
Apple Core,apple core,Apple Basket,apple basket,openable,openable,https://buddy.farm/i/apple-core/,Promoted as advisory source hint from complete cached Buddy page-data fan-out for BL-263.; Not counted as exact supply by this table.; Quantity range: 2-2; Source: https://buddy.farm/i/apple-core/; Page data: https://buddy.farm/page-data/i/apple-core/page-data.json; Cache: apple-core__apple-core.json; Parser: buddy-item-multi-source-v1
Apple Core,apple core,Apple Crate 01,apple crate 01,openable,openable,https://buddy.farm/i/apple-core/,Promoted as advisory source hint from complete cached Buddy page-data fan-out for BL-263.; Not counted as exact supply by this table.; Quantity range: 3-3; Source: https://buddy.farm/i/apple-core/; Page data: https://buddy.farm/page-data/i/apple-core/page-data.json; Cache: apple-core__apple-core.json; Parser: buddy-item-multi-source-v1
Apple Core,apple core,Apple Crate 02,apple crate 02,openable,openable,https://buddy.farm/i/apple-core/,Promoted as advisory source hint from complete cached Buddy page-data fan-out for BL-263.; Not counted as exact supply by this table.; Quantity range: 5-5; Source: https://buddy.farm/i/apple-core/; Page data: https://buddy.farm/page-data/i/apple-core/page-data.json; Cache: apple-core__apple-core.json; Parser: buddy-item-multi-source-v1
Apple Crate 01,apple crate 01,Birthday Surprise Box 04,birthday surprise box 04,openable,openable,https://buddy.farm/i/apple-crate-01/,Promoted as advisory source hint from complete cached Buddy page-data fan-out for BL-263.; Not counted as exact supply by this table.; Quantity range: 1-2; Source: https://buddy.farm/i/apple-crate-01/; Page data: https://buddy.farm/page-data/i/apple-crate-01/page-data.json; Cache: apple-crate-01__apple-crate-01.json; Parser: buddy-item-multi-source-v1
Apple Crate 01,apple crate 01,Birthday Surprise Box 05,birthday surprise box 05,openable,openable,https://buddy.farm/i/apple-crate-01/,Promoted as advisory source hint from complete cached Buddy page-data fan-out for BL-263.; Not counted as exact supply by this table.; Quantity range: 1-2; Source: https://buddy.farm/i/apple-crate-01/; Page data: https://buddy.farm/page-data/i/apple-crate-01/page-data.json; Cache: apple-crate-01__apple-crate-01.json; Parser: buddy-item-multi-source-v1
Apple Crate 02,apple crate 02,Birthday Surprise Box 05,birthday surprise box 05,openable,openable,https://buddy.farm/i/apple-crate-02/,Promoted as advisory source hint from complete cached Buddy page-data fan-out for BL-263.; Not counted as exact supply by this table.; Quantity range: 1-2; Source: https://buddy.farm/i/apple-crate-02/; Page data: https://buddy.farm/page-data/i/apple-crate-02/page-data.json; Cache: apple-crate-02__apple-crate-02.json; Parser: buddy-item-multi-source-v1
Apple Picker,apple picker,Apple Crate 02,apple crate 02,openable,openable,https://buddy.farm/i/apple-picker/,Promoted as advisory source hint from complete cached Buddy page-data fan-out for BL-263.; Not counted as exact supply by this table.; Quantity range: 1-1; Source: https://buddy.farm/i/apple-picker/; Page data: https://buddy.farm/page-data/i/apple-picker/page-data.json; Cache: apple-picker__apple-picker.json; Parser: buddy-item-multi-source-v1
Apple Pie,apple pie,Apple Basket,apple basket,openable,openable,https://buddy.farm/i/apple-pie/,Promoted as advisory source hint from complete cached Buddy page-data fan-out for BL-263.; Not counted as exact supply by this table.; Quantity range: 1-1; Source: https://buddy.farm/i/apple-pie/; Page data: https://buddy.farm/page-data/i/apple-pie/page-data.json; Cache: apple-pie__apple-pie.json; Parser: buddy-item-multi-source-v1
Apple Pie,apple pie,Apple Crate 01,apple crate 01,openable,openable,https://buddy.farm/i/apple-pie/,Promoted as advisory source hint from complete cached Buddy page-data fan-out for BL-263.; Not counted as exact supply by this table.; Quantity range: 1-1; Source: https://buddy.farm/i/apple-pie/; Page data: https://buddy.farm/page-data/i/apple-pie/page-data.json; Cache: apple-pie__apple-pie.json; Parser: buddy-item-multi-source-v1
Apple Pie,apple pie,Apple Crate 02,apple crate 02,openable,openable,https://buddy.farm/i/apple-pie/,Promoted as advisory source hint from complete cached Buddy page-data fan-out for BL-263.; Not counted as exact supply by this table.; Quantity range: 1-1; Source: https://buddy.farm/i/apple-pie/; Page data: https://buddy.farm/page-data/i/apple-pie/page-data.json; Cache: apple-pie__apple-pie.json; Parser: buddy-item-multi-source-v1
Apple Pie,apple pie,Holiday Cheer Bundle 01,holiday cheer bundle 01,openable,openable,https://buddy.farm/i/apple-pie/,Promoted as advisory source hint from complete cached Buddy page-data fan-out for BL-263.; Not counted as exact supply by this table.; Quantity range: 1-1; Source: https://buddy.farm/i/apple-pie/; Page data: https://buddy.farm/page-data/i/apple-pie/page-data.json; Cache: apple-pie__apple-pie.json; Parser: buddy-item-multi-source-v1
Apple Pie,apple pie,Tower Prep Pack 01,tower prep pack 01,openable,openable,https://buddy.farm/i/apple-pie/,Promoted as advisory source hint from complete cached Buddy page-data fan-out for BL-263.; Not counted as exact supply by this table.; Quantity range: 1-1; Source: https://buddy.farm/i/apple-pie/; Page data: https://buddy.farm/page-data/i/apple-pie/page-data.json; Cache: apple-pie__apple-pie.json; Parser: buddy-item-multi-source-v1
Apple Slicer,apple slicer,Apple Crate 01,apple crate 01,openable,openable,https://buddy.farm/i/apple-slicer/,Promoted as advisory source hint from complete cached Buddy page-data fan-out for BL-263.; Not counted as exact supply by this table.; Quantity range: 1-1; Source: https://buddy.farm/i/apple-slicer/; Page data: https://buddy.farm/page-data/i/apple-slicer/page-data.json; Cache: apple-slicer__apple-slicer.json; Parser: buddy-item-multi-source-v1
Apple Slicer,apple slicer,Apple Crate 02,apple crate 02,openable,openable,https://buddy.farm/i/apple-slicer/,Promoted as advisory source hint from complete cached Buddy page-data fan-out for BL-263.; Not counted as exact supply by this table.; Quantity range: 1-1; Source: https://buddy.farm/i/apple-slicer/; Page data: https://buddy.farm/page-data/i/apple-slicer/page-data.json; Cache: apple-slicer__apple-slicer.json; Parser: buddy-item-multi-source-v1
Apple Turnover,apple turnover,Apple Crate 01,apple crate 01,openable,openable,https://buddy.farm/i/apple-turnover/,Promoted as advisory source hint from complete cached Buddy page-data fan-out for BL-263.; Not counted as exact supply by this table.; Quantity range: 3-3; Source: https://buddy.farm/i/apple-turnover/; Page data: https://buddy.farm/page-data/i/apple-turnover/page-data.json; Cache: apple-turnover__apple-turnover.json; Parser: buddy-item-multi-source-v1
Apple Turnover,apple turnover,Apple Crate 02,apple crate 02,openable,openable,https://buddy.farm/i/apple-turnover/,Promoted as advisory source hint from complete cached Buddy page-data fan-out for BL-263.; Not counted as exact supply by this table.; Quantity range: 3-3; Source: https://buddy.farm/i/apple-turnover/; Page data: https://buddy.farm/page-data/i/apple-turnover/page-data.json; Cache: apple-turnover__apple-turnover.json; Parser: buddy-item-multi-source-v1
Aquamarine,aquamarine,Christmas Present 10,christmas present 10,openable,openable,https://buddy.farm/i/aquamarine/,Promoted as advisory source hint from complete cached Buddy page-data fan-out for BL-263.; Not counted as exact supply by this table.; Quantity range: 100-100; Source: https://buddy.farm/i/aquamarine/; Page data: https://buddy.farm/page-data/i/aquamarine/page-data.json; Cache: aquamarine__aquamarine.json; Parser: buddy-item-multi-source-v1
Aquamarine,aquamarine,Grab Bag 01,grab bag 01,openable,openable,https://buddy.farm/i/aquamarine/,Promoted as advisory source hint from complete cached Buddy page-data fan-out for BL-263.; Not counted as exact supply by this table.; Quantity range: 10-50; Source: https://buddy.farm/i/aquamarine/; Page data: https://buddy.farm/page-data/i/aquamarine/page-data.json; Cache: aquamarine__aquamarine.json; Parser: buddy-item-multi-source-v1
Aquamarine,aquamarine,Small Chest 01,small chest 01,openable,openable,https://buddy.farm/i/aquamarine/,Promoted as advisory source hint from complete cached Buddy page-data fan-out for BL-263.; Not counted as exact supply by this table.; Quantity range: 10-10; Source: https://buddy.farm/i/aquamarine/; Page data: https://buddy.farm/page-data/i/aquamarine/page-data.json; Cache: aquamarine__aquamarine.json; Parser: buddy-item-multi-source-v1
Aquamarine,aquamarine,Jade,jade,wishing_well,Wishing Well throw,https://buddy.farm/i/aquamarine/,Promoted as advisory source hint from complete cached Buddy page-data fan-out for BL-263.; Not counted as exact supply by this table.; Reward chance: 0.25; Candidate flags: reverse_relation; reward_quantity_defaulted; Reverse Wishing Well relation from reward page; candidate export defaults quantity to 1 for review.; Source: https://buddy.farm/i/aquamarine/; Page data: https://buddy.farm/page-data/i/aquamarine/page-data.json; Cache: aquamarine__aquamarine.json; Parser: buddy-item-multi-source-v1
Aquamarine Ring,aquamarine ring,Medium Chest 02,medium chest 02,openable,openable,https://buddy.farm/i/aquamarine-ring/,Promoted as advisory source hint from complete cached Buddy page-data fan-out for BL-263.; Not counted as exact supply by this table.; Quantity range: 5-5; Source: https://buddy.farm/i/aquamarine-ring/; Page data: https://buddy.farm/page-data/i/aquamarine-ring/page-data.json; Cache: aquamarine-ring__aquamarine-ring.json; Parser: buddy-item-multi-source-v1
Arnold Palmer,arnold palmer,Backpack,backpack,openable,openable,https://buddy.farm/i/arnold-palmer/,Promoted as advisory source hint from complete cached Buddy page-data fan-out for BL-263.; Not counted as exact supply by this table.; Quantity range: 10-10; Source: https://buddy.farm/i/arnold-palmer/; Page data: https://buddy.farm/page-data/i/arnold-palmer/page-data.json; Cache: arnold-palmer__arnold-palmer.json; Parser: buddy-item-multi-source-v1
Arnold Palmer,arnold palmer,Bag of Presents 02,bag of presents 02,openable,openable,https://buddy.farm/i/arnold-palmer/,Promoted as advisory source hint from complete cached Buddy page-data fan-out for BL-263.; Not counted as exact supply by this table.; Quantity range: 10-10; Source: https://buddy.farm/i/arnold-palmer/; Page data: https://buddy.farm/page-data/i/arnold-palmer/page-data.json; Cache: arnold-palmer__arnold-palmer.json; Parser: buddy-item-multi-source-v1
Arnold Palmer,arnold palmer,Birthday Present,birthday present,openable,openable,https://buddy.farm/i/arnold-palmer/,Promoted as advisory source hint from complete cached Buddy page-data fan-out for BL-263.; Not counted as exact supply by this table.; Quantity range: 10-10; Source: https://buddy.farm/i/arnold-palmer/; Page data: https://buddy.farm/page-data/i/arnold-palmer/page-data.json; Cache: arnold-palmer__arnold-palmer.json; Parser: buddy-item-multi-source-v1
Arnold Palmer,arnold palmer,Borgen Bag 01,borgen bag 01,openable,openable,https://buddy.farm/i/arnold-palmer/,Promoted as advisory source hint from complete cached Buddy page-data fan-out for BL-263.; Not counted as exact supply by this table.; Quantity range: 10-600; Source: https://buddy.farm/i/arnold-palmer/; Page data: https://buddy.farm/page-data/i/arnold-palmer/page-data.json; Cache: arnold-palmer__arnold-palmer.json; Parser: buddy-item-multi-source-v1
Arnold Palmer,arnold palmer,Cornucopia 03,cornucopia 03,openable,openable,https://buddy.farm/i/arnold-palmer/,Promoted as advisory source hint from complete cached Buddy page-data fan-out for BL-263.; Not counted as exact supply by this table.; Quantity range: 50-50; Source: https://buddy.farm/i/arnold-palmer/; Page data: https://buddy.farm/page-data/i/arnold-palmer/page-data.json; Cache: arnold-palmer__arnold-palmer.json; Parser: buddy-item-multi-source-v1
Arnold Palmer,arnold palmer,Drink Bundle,drink bundle,openable,openable,https://buddy.farm/i/arnold-palmer/,Promoted as advisory source hint from complete cached Buddy page-data fan-out for BL-263.; Not counted as exact supply by this table.; Quantity range: 5-5; Source: https://buddy.farm/i/arnold-palmer/; Page data: https://buddy.farm/page-data/i/arnold-palmer/page-data.json; Cache: arnold-palmer__arnold-palmer.json; Parser: buddy-item-multi-source-v1
Arnold Palmer,arnold palmer,Fancy Present,fancy present,openable,openable,https://buddy.farm/i/arnold-palmer/,Promoted as advisory source hint from complete cached Buddy page-data fan-out for BL-263.; Not counted as exact supply by this table.; Quantity range: 10-10; Source: https://buddy.farm/i/arnold-palmer/; Page data: https://buddy.farm/page-data/i/arnold-palmer/page-data.json; Cache: arnold-palmer__arnold-palmer.json; Parser: buddy-item-multi-source-v1
Arnold Palmer,arnold palmer,Frozen Chest 01,frozen chest 01,openable,openable,https://buddy.farm/i/arnold-palmer/,Promoted as advisory source hint from complete cached Buddy page-data fan-out for BL-263.; Not counted as exact supply by this table.; Quantity range: 5-5; Source: https://buddy.farm/i/arnold-palmer/; Page data: https://buddy.farm/page-data/i/arnold-palmer/page-data.json; Cache: arnold-palmer__arnold-palmer.json; Parser: buddy-item-multi-source-v1
Arnold Palmer,arnold palmer,Frozen Chest 03,frozen chest 03,openable,openable,https://buddy.farm/i/arnold-palmer/,Promoted as advisory source hint from complete cached Buddy page-data fan-out for BL-263.; Not counted as exact supply by this table.; Quantity range: 125-125; Source: https://buddy.farm/i/arnold-palmer/; Page data: https://buddy.farm/page-data/i/arnold-palmer/page-data.json; Cache: arnold-palmer__arnold-palmer.json; Parser: buddy-item-multi-source-v1
Arnold Palmer,arnold palmer,Giving Box 01,giving box 01,openable,openable,https://buddy.farm/i/arnold-palmer/,Promoted as advisory source hint from complete cached Buddy page-data fan-out for BL-263.; Not counted as exact supply by this table.; Quantity range: 250-250; Source: https://buddy.farm/i/arnold-palmer/; Page data: https://buddy.farm/page-data/i/arnold-palmer/page-data.json; Cache: arnold-palmer__arnold-palmer.json; Parser: buddy-item-multi-source-v1
Arnold Palmer,arnold palmer,Heart-shaped Box 03,heart-shaped box 03,openable,openable,https://buddy.farm/i/arnold-palmer/,Promoted as advisory source hint from complete cached Buddy page-data fan-out for BL-263.; Not counted as exact supply by this table.; Quantity range: 125-125; Source: https://buddy.farm/i/arnold-palmer/; Page data: https://buddy.farm/page-data/i/arnold-palmer/page-data.json; Cache: arnold-palmer__arnold-palmer.json; Parser: buddy-item-multi-source-v1
Arnold Palmer,arnold palmer,Lovely Present,lovely present,openable,openable,https://buddy.farm/i/arnold-palmer/,Promoted as advisory source hint from complete cached Buddy page-data fan-out for BL-263.; Not counted as exact supply by this table.; Quantity range: 10-10; Source: https://buddy.farm/i/arnold-palmer/; Page data: https://buddy.farm/page-data/i/arnold-palmer/page-data.json; Cache: arnold-palmer__arnold-palmer.json; Parser: buddy-item-multi-source-v1
Arnold Palmer,arnold palmer,Picnic Basket 01,picnic basket 01,openable,openable,https://buddy.farm/i/arnold-palmer/,Promoted as advisory source hint from complete cached Buddy page-data fan-out for BL-263.; Not counted as exact supply by this table.; Quantity range: 100-100; Source: https://buddy.farm/i/arnold-palmer/; Page data: https://buddy.farm/page-data/i/arnold-palmer/page-data.json; Cache: arnold-palmer__arnold-palmer.json; Parser: buddy-item-multi-source-v1
Arnold Palmer,arnold palmer,Present 02,present 02,openable,openable,https://buddy.farm/i/arnold-palmer/,Promoted as advisory source hint from complete cached Buddy page-data fan-out for BL-263.; Not counted as exact supply by this table.; Quantity range: 50-50; Source: https://buddy.farm/i/arnold-palmer/; Page data: https://buddy.farm/page-data/i/arnold-palmer/page-data.json; Cache: arnold-palmer__arnold-palmer.json; Parser: buddy-item-multi-source-v1
Arnold Palmer,arnold palmer,Shiny Present,shiny present,openable,openable,https://buddy.farm/i/arnold-palmer/,Promoted as advisory source hint from complete cached Buddy page-data fan-out for BL-263.; Not counted as exact supply by this table.; Quantity range: 10-10; Source: https://buddy.farm/i/arnold-palmer/; Page data: https://buddy.farm/page-data/i/arnold-palmer/page-data.json; Cache: arnold-palmer__arnold-palmer.json; Parser: buddy-item-multi-source-v1
Arnold Palmer,arnold palmer,Summer Basket,summer basket,openable,openable,https://buddy.farm/i/arnold-palmer/,Promoted as advisory source hint from complete cached Buddy page-data fan-out for BL-263.; Not counted as exact supply by this table.; Quantity range: 5-5; Source: https://buddy.farm/i/arnold-palmer/; Page data: https://buddy.farm/page-data/i/arnold-palmer/page-data.json; Cache: arnold-palmer__arnold-palmer.json; Parser: buddy-item-multi-source-v1
Arnold Palmer,arnold palmer,Supply Bag 01,supply bag 01,openable,openable,https://buddy.farm/i/arnold-palmer/,Promoted as advisory source hint from complete cached Buddy page-data fan-out for BL-263.; Not counted as exact supply by this table.; Quantity range: 30-30; Source: https://buddy.farm/i/arnold-palmer/; Page data: https://buddy.farm/page-data/i/arnold-palmer/page-data.json; Cache: arnold-palmer__arnold-palmer.json; Parser: buddy-item-multi-source-v1
Arnold Palmer,arnold palmer,Supply Crate 01,supply crate 01,openable,openable,https://buddy.farm/i/arnold-palmer/,Promoted as advisory source hint from complete cached Buddy page-data fan-out for BL-263.; Not counted as exact supply by this table.; Quantity range: 100-100; Source: https://buddy.farm/i/arnold-palmer/; Page data: https://buddy.farm/page-data/i/arnold-palmer/page-data.json; Cache: arnold-palmer__arnold-palmer.json; Parser: buddy-item-multi-source-v1
Arnold Palmer,arnold palmer,Tower Prep Pack 01,tower prep pack 01,openable,openable,https://buddy.farm/i/arnold-palmer/,Promoted as advisory source hint from complete cached Buddy page-data fan-out for BL-263.; Not counted as exact supply by this table.; Quantity range: 250-250; Source: https://buddy.farm/i/arnold-palmer/; Page data: https://buddy.farm/page-data/i/arnold-palmer/page-data.json; Cache: arnold-palmer__arnold-palmer.json; Parser: buddy-item-multi-source-v1
Arnold Palmer,arnold palmer,Traveler's Bag 01,traveler's bag 01,openable,openable,https://buddy.farm/i/arnold-palmer/,Promoted as advisory source hint from complete cached Buddy page-data fan-out for BL-263.; Not counted as exact supply by this table.; Quantity range: 100-100; Source: https://buddy.farm/i/arnold-palmer/; Page data: https://buddy.farm/page-data/i/arnold-palmer/page-data.json; Cache: arnold-palmer__arnold-palmer.json; Parser: buddy-item-multi-source-v1
Arnold Palmer,arnold palmer,Winter Basket,winter basket,openable,openable,https://buddy.farm/i/arnold-palmer/,Promoted as advisory source hint from complete cached Buddy page-data fan-out for BL-263.; Not counted as exact supply by this table.; Quantity range: 5-5; Source: https://buddy.farm/i/arnold-palmer/; Page data: https://buddy.farm/page-data/i/arnold-palmer/page-data.json; Cache: arnold-palmer__arnold-palmer.json; Parser: buddy-item-multi-source-v1
Arrowhead,arrowhead,Antler,antler,wishing_well,Wishing Well throw,https://buddy.farm/i/arrowhead/,Promoted as advisory source hint from complete cached Buddy page-data fan-out for BL-263.; Not counted as exact supply by this table.; Reward chance: 0.3333333333333333; Candidate flags: reverse_relation; reward_quantity_defaulted; Reverse Wishing Well relation from reward page; candidate export defaults quantity to 1 for review.; Source: https://buddy.farm/i/arrowhead/; Page data: https://buddy.farm/page-data/i/arrowhead/page-data.json; Cache: arrowhead__arrowhead.json; Parser: buddy-item-multi-source-v1
Asteroid Egg,asteroid egg,Galactic Egg Basket,galactic egg basket,openable,openable,https://buddy.farm/i/asteroid-egg/,Promoted as advisory source hint from complete cached Buddy page-data fan-out for BL-263.; Not counted as exact supply by this table.; Quantity range: 1-3; Source: https://buddy.farm/i/asteroid-egg/; Page data: https://buddy.farm/page-data/i/asteroid-egg/page-data.json; Cache: asteroid-egg__asteroid-egg.json; Parser: buddy-item-multi-source-v1
Baba Cola,baba cola,Baba's Snack Pack,baba's snack pack,openable,openable,https://buddy.farm/i/baba-cola/,Promoted as advisory source hint from complete cached Buddy page-data fan-out for BL-263.; Not counted as exact supply by this table.; Quantity range: 3-3; Source: https://buddy.farm/i/baba-cola/; Page data: https://buddy.farm/page-data/i/baba-cola/page-data.json; Cache: baba-cola__baba-cola.json; Parser: buddy-item-multi-source-v1
Baba Cola,baba cola,Thomas's Tavern Tote,thomas's tavern tote,openable,openable,https://buddy.farm/i/baba-cola/,Promoted as advisory source hint from complete cached Buddy page-data fan-out for BL-263.; Not counted as exact supply by this table.; Quantity range: 3-3; Source: https://buddy.farm/i/baba-cola/; Page data: https://buddy.farm/page-data/i/baba-cola/page-data.json; Cache: baba-cola__baba-cola.json; Parser: buddy-item-multi-source-v1
Baba's Snack Pack,baba's snack pack,Birthday Surprise Box 04,birthday surprise box 04,openable,openable,https://buddy.farm/i/baba-s-snack-pack/,Promoted as advisory source hint from complete cached Buddy page-data fan-out for BL-263.; Not counted as exact supply by this table.; Quantity range: 1-2; Source: https://buddy.farm/i/baba-s-snack-pack/; Page data: https://buddy.farm/page-data/i/baba-s-snack-pack/page-data.json; Cache: baba-s-snack-pack__baba-s-snack-pack.json; Parser: buddy-item-multi-source-v1
Baba's Snack Pack,baba's snack pack,Birthday Surprise Box 05,birthday surprise box 05,openable,openable,https://buddy.farm/i/baba-s-snack-pack/,Promoted as advisory source hint from complete cached Buddy page-data fan-out for BL-263.; Not counted as exact supply by this table.; Quantity range: 1-2; Source: https://buddy.farm/i/baba-s-snack-pack/; Page data: https://buddy.farm/page-data/i/baba-s-snack-pack/page-data.json; Cache: baba-s-snack-pack__baba-s-snack-pack.json; Parser: buddy-item-multi-source-v1
Backpack,backpack,Birthday Surprise Box 03,birthday surprise box 03,openable,openable,https://buddy.farm/i/backpack/,Promoted as advisory source hint from complete cached Buddy page-data fan-out for BL-263.; Not counted as exact supply by this table.; Quantity range: 1-2; Source: https://buddy.farm/i/backpack/; Page data: https://buddy.farm/page-data/i/backpack/page-data.json; Cache: backpack__backpack.json; Parser: buddy-item-multi-source-v1
Backpack,backpack,Birthday Surprise Box 04,birthday surprise box 04,openable,openable,https://buddy.farm/i/backpack/,Promoted as advisory source hint from complete cached Buddy page-data fan-out for BL-263.; Not counted as exact supply by this table.; Quantity range: 1-2; Source: https://buddy.farm/i/backpack/; Page data: https://buddy.farm/page-data/i/backpack/page-data.json; Cache: backpack__backpack.json; Parser: buddy-item-multi-source-v1
Backpack,backpack,Birthday Surprise Box 05,birthday surprise box 05,openable,openable,https://buddy.farm/i/backpack/,Promoted as advisory source hint from complete cached Buddy page-data fan-out for BL-263.; Not counted as exact supply by this table.; Quantity range: 1-2; Source: https://buddy.farm/i/backpack/; Page data: https://buddy.farm/page-data/i/backpack/page-data.json; Cache: backpack__backpack.json; Parser: buddy-item-multi-source-v1
Bacon,bacon,Christmas Present 03,christmas present 03,openable,openable,https://buddy.farm/i/bacon/,Promoted as advisory source hint from complete cached Buddy page-data fan-out for BL-263.; Not counted as exact supply by this table.; Quantity range: 30-30; Source: https://buddy.farm/i/bacon/; Page data: https://buddy.farm/page-data/i/bacon/page-data.json; Cache: bacon__bacon.json; Parser: buddy-item-multi-source-v1
Bacon,bacon,Present 01,present 01,openable,openable,https://buddy.farm/i/bacon/,Promoted as advisory source hint from complete cached Buddy page-data fan-out for BL-263.; Not counted as exact supply by this table.; Quantity range: 1-1; Source: https://buddy.farm/i/bacon/; Page data: https://buddy.farm/page-data/i/bacon/page-data.json; Cache: bacon__bacon.json; Parser: buddy-item-multi-source-v1
Bacon,bacon,Treat Bag 01,treat bag 01,openable,openable,https://buddy.farm/i/bacon/,Promoted as advisory source hint from complete cached Buddy page-data fan-out for BL-263.; Not counted as exact supply by this table.; Quantity range: 1-1; Source: https://buddy.farm/i/bacon/; Page data: https://buddy.farm/page-data/i/bacon/page-data.json; Cache: bacon__bacon.json; Parser: buddy-item-multi-source-v1
Bacon,bacon,Dice,dice,wishing_well,Wishing Well throw,https://buddy.farm/i/bacon/,Promoted as advisory source hint from complete cached Buddy page-data fan-out for BL-263.; Not counted as exact supply by this table.; Reward chance: 0.25; Candidate flags: reverse_relation; reward_quantity_defaulted; Reverse Wishing Well relation from reward page; candidate export defaults quantity to 1 for review.; Source: https://buddy.farm/i/bacon/; Page data: https://buddy.farm/page-data/i/bacon/page-data.json; Cache: bacon__bacon.json; Parser: buddy-item-multi-source-v1
Bacon,bacon,Gold Cucumber,gold cucumber,wishing_well,Wishing Well throw,https://buddy.farm/i/bacon/,Promoted as advisory source hint from complete cached Buddy page-data fan-out for BL-263.; Not counted as exact supply by this table.; Reward chance: 0.3333333333333333; Candidate flags: reverse_relation; reward_quantity_defaulted; Reverse Wishing Well relation from reward page; candidate export defaults quantity to 1 for review.; Source: https://buddy.farm/i/bacon/; Page data: https://buddy.farm/page-data/i/bacon/page-data.json; Cache: bacon__bacon.json; Parser: buddy-item-multi-source-v1
Bacon,bacon,Gold Eggplant,gold eggplant,wishing_well,Wishing Well throw,https://buddy.farm/i/bacon/,Promoted as advisory source hint from complete cached Buddy page-data fan-out for BL-263.; Not counted as exact supply by this table.; Reward chance: 0.25; Candidate flags: reverse_relation; reward_quantity_defaulted; Reverse Wishing Well relation from reward page; candidate export defaults quantity to 1 for review.; Source: https://buddy.farm/i/bacon/; Page data: https://buddy.farm/page-data/i/bacon/page-data.json; Cache: bacon__bacon.json; Parser: buddy-item-multi-source-v1
Bacon,bacon,Gold Feather,gold feather,wishing_well,Wishing Well throw,https://buddy.farm/i/bacon/,Promoted as advisory source hint from complete cached Buddy page-data fan-out for BL-263.; Not counted as exact supply by this table.; Reward chance: 0.3333333333333333; Candidate flags: reverse_relation; reward_quantity_defaulted; Reverse Wishing Well relation from reward page; candidate export defaults quantity to 1 for review.; Source: https://buddy.farm/i/bacon/; Page data: https://buddy.farm/page-data/i/bacon/page-data.json; Cache: bacon__bacon.json; Parser: buddy-item-multi-source-v1
Bacon,bacon,Shark Tooth,shark tooth,wishing_well,Wishing Well throw,https://buddy.farm/i/bacon/,Promoted as advisory source hint from complete cached Buddy page-data fan-out for BL-263.; Not counted as exact supply by this table.; Reward chance: 0.3333333333333333; Candidate flags: reverse_relation; reward_quantity_defaulted; Reverse Wishing Well relation from reward page; candidate export defaults quantity to 1 for review.; Source: https://buddy.farm/i/bacon/; Page data: https://buddy.farm/page-data/i/bacon/page-data.json; Cache: bacon__bacon.json; Parser: buddy-item-multi-source-v1
Bag of Spring Seeds,bag of spring seeds,Spring Basket 03,spring basket 03,openable,openable,https://buddy.farm/i/bag-of-spring-seeds/,Promoted as advisory source hint from complete cached Buddy page-data fan-out for BL-263.; Not counted as exact supply by this table.; Quantity range: 10-10; Source: https://buddy.farm/i/bag-of-spring-seeds/; Page data: https://buddy.farm/page-data/i/bag-of-spring-seeds/page-data.json; Cache: bag-of-spring-seeds__bag-of-spring-seeds.json; Parser: buddy-item-multi-source-v1
Bar of Silver,bar of silver,Apple Crate 02,apple crate 02,openable,openable,https://buddy.farm/i/bar-of-silver/,Promoted as advisory source hint from complete cached Buddy page-data fan-out for BL-263.; Not counted as exact supply by this table.; Quantity range: 1-1; Source: https://buddy.farm/i/bar-of-silver/; Page data: https://buddy.farm/page-data/i/bar-of-silver/page-data.json; Cache: bar-of-silver__bar-of-silver.json; Parser: buddy-item-multi-source-v1
Beatrix's Big Box of Boom,beatrix's big box of boom,Birthday Surprise Box 03,birthday surprise box 03,openable,openable,https://buddy.farm/i/beatrix-s-big-box-of-boom/,Promoted as advisory source hint from complete cached Buddy page-data fan-out for BL-263.; Not counted as exact supply by this table.; Quantity range: 1-2; Source: https://buddy.farm/i/beatrix-s-big-box-of-boom/; Page data: https://buddy.farm/page-data/i/beatrix-s-big-box-of-boom/page-data.json; Cache: beatrix-s-big-box-of-boom__beatrix-s-big-box-of-boom.json; Parser: buddy-item-multi-source-v1
Beatrix's Big Box of Boom,beatrix's big box of boom,Birthday Surprise Box 04,birthday surprise box 04,openable,openable,https://buddy.farm/i/beatrix-s-big-box-of-boom/,Promoted as advisory source hint from complete cached Buddy page-data fan-out for BL-263.; Not counted as exact supply by this table.; Quantity range: 1-2; Source: https://buddy.farm/i/beatrix-s-big-box-of-boom/; Page data: https://buddy.farm/page-data/i/beatrix-s-big-box-of-boom/page-data.json; Cache: beatrix-s-big-box-of-boom__beatrix-s-big-box-of-boom.json; Parser: buddy-item-multi-source-v1
Beatrix's Big Box of Boom,beatrix's big box of boom,Birthday Surprise Box 05,birthday surprise box 05,openable,openable,https://buddy.farm/i/beatrix-s-big-box-of-boom/,Promoted as advisory source hint from complete cached Buddy page-data fan-out for BL-263.; Not counted as exact supply by this table.; Quantity range: 1-2; Source: https://buddy.farm/i/beatrix-s-big-box-of-boom/; Page data: https://buddy.farm/page-data/i/beatrix-s-big-box-of-boom/page-data.json; Cache: beatrix-s-big-box-of-boom__beatrix-s-big-box-of-boom.json; Parser: buddy-item-multi-source-v1
Beatrix's Booming Brawl Box 01,beatrix's booming brawl box 01,Birthday Surprise Box 04,birthday surprise box 04,openable,openable,https://buddy.farm/i/beatrix-s-booming-brawl-box-01/,Promoted as advisory source hint from complete cached Buddy page-data fan-out for BL-263.; Not counted as exact supply by this table.; Quantity range: 1-2; Source: https://buddy.farm/i/beatrix-s-booming-brawl-box-01/; Page data: https://buddy.farm/page-data/i/beatrix-s-booming-brawl-box-01/page-data.json; Cache: beatrix-s-booming-brawl-box-01__beatrix-s-booming-brawl-box-01.json; Parser: buddy-item-multi-source-v1
Beatrix's Booming Brawl Box 01,beatrix's booming brawl box 01,Birthday Surprise Box 05,birthday surprise box 05,openable,openable,https://buddy.farm/i/beatrix-s-booming-brawl-box-01/,Promoted as advisory source hint from complete cached Buddy page-data fan-out for BL-263.; Not counted as exact supply by this table.; Quantity range: 1-2; Source: https://buddy.farm/i/beatrix-s-booming-brawl-box-01/; Page data: https://buddy.farm/page-data/i/beatrix-s-booming-brawl-box-01/page-data.json; Cache: beatrix-s-booming-brawl-box-01__beatrix-s-booming-brawl-box-01.json; Parser: buddy-item-multi-source-v1
Beatrix's Booming Brawl Box 02,beatrix's booming brawl box 02,Birthday Surprise Box 05,birthday surprise box 05,openable,openable,https://buddy.farm/i/beatrix-s-booming-brawl-box-02/,Promoted as advisory source hint from complete cached Buddy page-data fan-out for BL-263.; Not counted as exact supply by this table.; Quantity range: 1-2; Source: https://buddy.farm/i/beatrix-s-booming-brawl-box-02/; Page data: https://buddy.farm/page-data/i/beatrix-s-booming-brawl-box-02/page-data.json; Cache: beatrix-s-booming-brawl-box-02__beatrix-s-booming-brawl-box-02.json; Parser: buddy-item-multi-source-v1
Bell,bell,Grasshopper,grasshopper,wishing_well,Wishing Well throw,https://buddy.farm/i/bell/,Promoted as advisory source hint from complete cached Buddy page-data fan-out for BL-263.; Not counted as exact supply by this table.; Reward chance: 0.5; Candidate flags: reverse_relation; reward_quantity_defaulted; Reverse Wishing Well relation from reward page; candidate export defaults quantity to 1 for review.; Source: https://buddy.farm/i/bell/; Page data: https://buddy.farm/page-data/i/bell/page-data.json; Cache: bell__bell.json; Parser: buddy-item-multi-source-v1
Bird Egg,bird egg,Antler,antler,wishing_well,Wishing Well throw,https://buddy.farm/i/bird-egg/,Promoted as advisory source hint from complete cached Buddy page-data fan-out for BL-263.; Not counted as exact supply by this table.; Reward chance: 0.3333333333333333; Candidate flags: reverse_relation; reward_quantity_defaulted; Reverse Wishing Well relation from reward page; candidate export defaults quantity to 1 for review.; Source: https://buddy.farm/i/bird-egg/; Page data: https://buddy.farm/page-data/i/bird-egg/page-data.json; Cache: bird-egg__bird-egg.json; Parser: buddy-item-multi-source-v1
Birthday Surprise Box 03,birthday surprise box 03,Birthday Surprise Box 03,birthday surprise box 03,openable,openable,https://buddy.farm/i/birthday-surprise-box-03/,Promoted as advisory source hint from complete cached Buddy page-data fan-out for BL-263.; Not counted as exact supply by this table.; Quantity range: 1-1; Source: https://buddy.farm/i/birthday-surprise-box-03/; Page data: https://buddy.farm/page-data/i/birthday-surprise-box-03/page-data.json; Cache: birthday-surprise-box-03__birthday-surprise-box-03.json; Parser: buddy-item-multi-source-v1
Birthday Surprise Box 04,birthday surprise box 04,Birthday Surprise Box 04,birthday surprise box 04,openable,openable,https://buddy.farm/i/birthday-surprise-box-04/,Promoted as advisory source hint from complete cached Buddy page-data fan-out for BL-263.; Not counted as exact supply by this table.; Quantity range: 1-1; Source: https://buddy.farm/i/birthday-surprise-box-04/; Page data: https://buddy.farm/page-data/i/birthday-surprise-box-04/page-data.json; Cache: birthday-surprise-box-04__birthday-surprise-box-04.json; Parser: buddy-item-multi-source-v1
Birthday Surprise Box 05,birthday surprise box 05,Birthday Surprise Box 05,birthday surprise box 05,openable,openable,https://buddy.farm/i/birthday-surprise-box-05/,Promoted as advisory source hint from complete cached Buddy page-data fan-out for BL-263.; Not counted as exact supply by this table.; Quantity range: 1-1; Source: https://buddy.farm/i/birthday-surprise-box-05/; Page data: https://buddy.farm/page-data/i/birthday-surprise-box-05/page-data.json; Cache: birthday-surprise-box-05__birthday-surprise-box-05.json; Parser: buddy-item-multi-source-v1
Black Hole Egg,black hole egg,Galactic Egg Basket,galactic egg basket,openable,openable,https://buddy.farm/i/black-hole-egg/,Promoted as advisory source hint from complete cached Buddy page-data fan-out for BL-263.; Not counted as exact supply by this table.; Quantity range: 1-3; Source: https://buddy.farm/i/black-hole-egg/; Page data: https://buddy.farm/page-data/i/black-hole-egg/page-data.json; Cache: black-hole-egg__black-hole-egg.json; Parser: buddy-item-multi-source-v1
Black Hole Egg,black hole egg,Garden Crate 01,garden crate 01,openable,openable,https://buddy.farm/i/black-hole-egg/,Promoted as advisory source hint from complete cached Buddy page-data fan-out for BL-263.; Not counted as exact supply by this table.; Quantity range: 1-1; Source: https://buddy.farm/i/black-hole-egg/; Page data: https://buddy.farm/page-data/i/black-hole-egg/page-data.json; Cache: black-hole-egg__black-hole-egg.json; Parser: buddy-item-multi-source-v1
Black Powder,black powder,Beatrix's Big Box of Boom,beatrix's big box of boom,openable,openable,https://buddy.farm/i/black-powder/,Promoted as advisory source hint from complete cached Buddy page-data fan-out for BL-263.; Not counted as exact supply by this table.; Quantity range: 200-200; Source: https://buddy.farm/i/black-powder/; Page data: https://buddy.farm/page-data/i/black-powder/page-data.json; Cache: black-powder__black-powder.json; Parser: buddy-item-multi-source-v1
Blue Dye,blue dye,Summer Basket,summer basket,openable,openable,https://buddy.farm/i/blue-dye/,Promoted as advisory source hint from complete cached Buddy page-data fan-out for BL-263.; Not counted as exact supply by this table.; Quantity range: 5-5; Source: https://buddy.farm/i/blue-dye/; Page data: https://buddy.farm/page-data/i/blue-dye/page-data.json; Cache: blue-dye__blue-dye.json; Parser: buddy-item-multi-source-v1
Blue Feathers,blue feathers,frank's Basket,frank's basket,openable,openable,https://buddy.farm/i/blue-feathers/,Promoted as advisory source hint from complete cached Buddy page-data fan-out for BL-263.; Not counted as exact supply by this table.; Quantity range: 5-5; Source: https://buddy.farm/i/blue-feathers/; Page data: https://buddy.farm/page-data/i/blue-feathers/page-data.json; Cache: blue-feathers__blue-feathers.json; Parser: buddy-item-multi-source-v1
Blue Purse,blue purse,Red Dye,red dye,wishing_well,Wishing Well throw,https://buddy.farm/i/blue-purse/,Promoted as advisory source hint from complete cached Buddy page-data fan-out for BL-263.; Not counted as exact supply by this table.; Reward chance: 0.3333333333333333; Candidate flags: reverse_relation; reward_quantity_defaulted; Reverse Wishing Well relation from reward page; candidate export defaults quantity to 1 for review.; Source: https://buddy.farm/i/blue-purse/; Page data: https://buddy.farm/page-data/i/blue-purse/page-data.json; Cache: blue-purse__blue-purse.json; Parser: buddy-item-multi-source-v1
Blue Purse,blue purse,Steel Plate,steel plate,wishing_well,Wishing Well throw,https://buddy.farm/i/blue-purse/,Promoted as advisory source hint from complete cached Buddy page-data fan-out for BL-263.; Not counted as exact supply by this table.; Reward chance: 0.3333333333333333; Candidate flags: reverse_relation; reward_quantity_defaulted; Reverse Wishing Well relation from reward page; candidate export defaults quantity to 1 for review.; Source: https://buddy.farm/i/blue-purse/; Page data: https://buddy.farm/page-data/i/blue-purse/page-data.json; Cache: blue-purse__blue-purse.json; Parser: buddy-item-multi-source-v1
Blue Sea Bass,blue sea bass,Christmas Present 08,christmas present 08,openable,openable,https://buddy.farm/i/blue-sea-bass/,Promoted as advisory source hint from complete cached Buddy page-data fan-out for BL-263.; Not counted as exact supply by this table.; Quantity range: 80-80; Source: https://buddy.farm/i/blue-sea-bass/; Page data: https://buddy.farm/page-data/i/blue-sea-bass/page-data.json; Cache: blue-sea-bass__blue-sea-bass.json; Parser: buddy-item-multi-source-v1
Blue Shell,blue shell,Rosalie's Beach Tote,rosalie's beach tote,openable,openable,https://buddy.farm/i/blue-shell/,Promoted as advisory source hint from complete cached Buddy page-data fan-out for BL-263.; Not counted as exact supply by this table.; Quantity range: 1-1; Source: https://buddy.farm/i/blue-shell/; Page data: https://buddy.farm/page-data/i/blue-shell/page-data.json; Cache: blue-shell__blue-shell.json; Parser: buddy-item-multi-source-v1
Blue Star Stomper,blue star stomper,Beatrix's Big Box of Boom,beatrix's big box of boom,openable,openable,https://buddy.farm/i/blue-star-stomper/,Promoted as advisory source hint from complete cached Buddy page-data fan-out for BL-263.; Not counted as exact supply by this table.; Quantity range: 25-25; Source: https://buddy.farm/i/blue-star-stomper/; Page data: https://buddy.farm/page-data/i/blue-star-stomper/page-data.json; Cache: blue-star-stomper__blue-star-stomper.json; Parser: buddy-item-multi-source-v1
Blue Star Stomper,blue star stomper,Beatrix's Booming Brawl Box 01,beatrix's booming brawl box 01,openable,openable,https://buddy.farm/i/blue-star-stomper/,Promoted as advisory source hint from complete cached Buddy page-data fan-out for BL-263.; Not counted as exact supply by this table.; Quantity range: 30-30; Source: https://buddy.farm/i/blue-star-stomper/; Page data: https://buddy.farm/page-data/i/blue-star-stomper/page-data.json; Cache: blue-star-stomper__blue-star-stomper.json; Parser: buddy-item-multi-source-v1
Blue Star Stomper,blue star stomper,Beatrix's Booming Brawl Box 02,beatrix's booming brawl box 02,openable,openable,https://buddy.farm/i/blue-star-stomper/,Promoted as advisory source hint from complete cached Buddy page-data fan-out for BL-263.; Not counted as exact supply by this table.; Quantity range: 40-40; Source: https://buddy.farm/i/blue-star-stomper/; Page data: https://buddy.farm/page-data/i/blue-star-stomper/page-data.json; Cache: blue-star-stomper__blue-star-stomper.json; Parser: buddy-item-multi-source-v1
Boltonic Love Potion 4,boltonic love potion 4,Heart-shaped Box 01,heart-shaped box 01,openable,openable,https://buddy.farm/i/boltonic-love-potion-4/,Promoted as advisory source hint from complete cached Buddy page-data fan-out for BL-263.; Not counted as exact supply by this table.; Quantity range: 2-2; Source: https://buddy.farm/i/boltonic-love-potion-4/; Page data: https://buddy.farm/page-data/i/boltonic-love-potion-4/page-data.json; Cache: boltonic-love-potion-4__boltonic-love-potion-4.json; Parser: buddy-item-multi-source-v1
Bomb,bomb,Beatrix's Big Box of Boom,beatrix's big box of boom,openable,openable,https://buddy.farm/i/bomb/,Promoted as advisory source hint from complete cached Buddy page-data fan-out for BL-263.; Not counted as exact supply by this table.; Quantity range: 10-10; Source: https://buddy.farm/i/bomb/; Page data: https://buddy.farm/page-data/i/bomb/page-data.json; Cache: bomb__bomb.json; Parser: buddy-item-multi-source-v1
Bomb,bomb,Beatrix's Booming Brawl Box 02,beatrix's booming brawl box 02,openable,openable,https://buddy.farm/i/bomb/,Promoted as advisory source hint from complete cached Buddy page-data fan-out for BL-263.; Not counted as exact supply by this table.; Quantity range: 5-5; Source: https://buddy.farm/i/bomb/; Page data: https://buddy.farm/page-data/i/bomb/page-data.json; Cache: bomb__bomb.json; Parser: buddy-item-multi-source-v1
Bone,bone,Grab Bag 01,grab bag 01,openable,openable,https://buddy.farm/i/bone/,Promoted as advisory source hint from complete cached Buddy page-data fan-out for BL-263.; Not counted as exact supply by this table.; Quantity range: 10-50; Source: https://buddy.farm/i/bone/; Page data: https://buddy.farm/page-data/i/bone/page-data.json; Cache: bone__bone.json; Parser: buddy-item-multi-source-v1
Borgen Bag 01,borgen bag 01,Fish Biscuit,fish biscuit,wishing_well,Wishing Well throw,https://buddy.farm/i/borgen-bag-01/,Promoted as advisory source hint from complete cached Buddy page-data fan-out for BL-263.; Not counted as exact supply by this table.; Reward chance: 1; Candidate flags: reverse_relation; reward_quantity_defaulted; Reverse Wishing Well relation from reward page; candidate export defaults quantity to 1 for review.; Source: https://buddy.farm/i/borgen-bag-01/; Page data: https://buddy.farm/page-data/i/borgen-bag-01/page-data.json; Cache: borgen-bag-01__borgen-bag-01.json; Parser: buddy-item-multi-source-v1
Borgen Bag 01,borgen bag 01,Hummingbird Feeder,hummingbird feeder,wishing_well,Wishing Well throw,https://buddy.farm/i/borgen-bag-01/,Promoted as advisory source hint from complete cached Buddy page-data fan-out for BL-263.; Not counted as exact supply by this table.; Reward chance: 1; Candidate flags: reverse_relation; reward_quantity_defaulted; Reverse Wishing Well relation from reward page; candidate export defaults quantity to 1 for review.; Source: https://buddy.farm/i/borgen-bag-01/; Page data: https://buddy.farm/page-data/i/borgen-bag-01/page-data.json; Cache: borgen-bag-01__borgen-bag-01.json; Parser: buddy-item-multi-source-v1
Borgen Buck,borgen buck,Borgen Bag 01,borgen bag 01,openable,openable,https://buddy.farm/i/borgen-buck/,Promoted as advisory source hint from complete cached Buddy page-data fan-out for BL-263.; Not counted as exact supply by this table.; Quantity range: 1-10; Source: https://buddy.farm/i/borgen-buck/; Page data: https://buddy.farm/page-data/i/borgen-buck/page-data.json; Cache: borgen-buck__borgen-buck.json; Parser: buddy-item-multi-source-v1
Borgen Buck,borgen buck,Fancy Present,fancy present,openable,openable,https://buddy.farm/i/borgen-buck/,Promoted as advisory source hint from complete cached Buddy page-data fan-out for BL-263.; Not counted as exact supply by this table.; Quantity range: 1-1; Source: https://buddy.farm/i/borgen-buck/; Page data: https://buddy.farm/page-data/i/borgen-buck/page-data.json; Cache: borgen-buck__borgen-buck.json; Parser: buddy-item-multi-source-v1
Bottle Rocket,bottle rocket,Beatrix's Big Box of Boom,beatrix's big box of boom,openable,openable,https://buddy.farm/i/bottle-rocket/,Promoted as advisory source hint from complete cached Buddy page-data fan-out for BL-263.; Not counted as exact supply by this table.; Quantity range: 200-200; Source: https://buddy.farm/i/bottle-rocket/; Page data: https://buddy.farm/page-data/i/bottle-rocket/page-data.json; Cache: bottle-rocket__bottle-rocket.json; Parser: buddy-item-multi-source-v1
Bottle Rocket,bottle rocket,Beatrix's Booming Brawl Box 01,beatrix's booming brawl box 01,openable,openable,https://buddy.farm/i/bottle-rocket/,Promoted as advisory source hint from complete cached Buddy page-data fan-out for BL-263.; Not counted as exact supply by this table.; Quantity range: 250-250; Source: https://buddy.farm/i/bottle-rocket/; Page data: https://buddy.farm/page-data/i/bottle-rocket/page-data.json; Cache: bottle-rocket__bottle-rocket.json; Parser: buddy-item-multi-source-v1
Box of Chocolate 01,box of chocolate 01,Birthday Surprise Box 03,birthday surprise box 03,openable,openable,https://buddy.farm/i/box-of-chocolate-01/,Promoted as advisory source hint from complete cached Buddy page-data fan-out for BL-263.; Not counted as exact supply by this table.; Quantity range: 1-2; Source: https://buddy.farm/i/box-of-chocolate-01/; Page data: https://buddy.farm/page-data/i/box-of-chocolate-01/page-data.json; Cache: box-of-chocolate-01__box-of-chocolate-01.json; Parser: buddy-item-multi-source-v1
Box of Chocolate 01,box of chocolate 01,Birthday Surprise Box 04,birthday surprise box 04,openable,openable,https://buddy.farm/i/box-of-chocolate-01/,Promoted as advisory source hint from complete cached Buddy page-data fan-out for BL-263.; Not counted as exact supply by this table.; Quantity range: 1-2; Source: https://buddy.farm/i/box-of-chocolate-01/; Page data: https://buddy.farm/page-data/i/box-of-chocolate-01/page-data.json; Cache: box-of-chocolate-01__box-of-chocolate-01.json; Parser: buddy-item-multi-source-v1
Box of Chocolate 01,box of chocolate 01,Birthday Surprise Box 05,birthday surprise box 05,openable,openable,https://buddy.farm/i/box-of-chocolate-01/,Promoted as advisory source hint from complete cached Buddy page-data fan-out for BL-263.; Not counted as exact supply by this table.; Quantity range: 1-2; Source: https://buddy.farm/i/box-of-chocolate-01/; Page data: https://buddy.farm/page-data/i/box-of-chocolate-01/page-data.json; Cache: box-of-chocolate-01__box-of-chocolate-01.json; Parser: buddy-item-multi-source-v1
Box of Chocolate 02,box of chocolate 02,Birthday Surprise Box 03,birthday surprise box 03,openable,openable,https://buddy.farm/i/box-of-chocolate-02/,Promoted as advisory source hint from complete cached Buddy page-data fan-out for BL-263.; Not counted as exact supply by this table.; Quantity range: 1-2; Source: https://buddy.farm/i/box-of-chocolate-02/; Page data: https://buddy.farm/page-data/i/box-of-chocolate-02/page-data.json; Cache: box-of-chocolate-02__box-of-chocolate-02.json; Parser: buddy-item-multi-source-v1
Box of Chocolate 02,box of chocolate 02,Birthday Surprise Box 04,birthday surprise box 04,openable,openable,https://buddy.farm/i/box-of-chocolate-02/,Promoted as advisory source hint from complete cached Buddy page-data fan-out for BL-263.; Not counted as exact supply by this table.; Quantity range: 1-2; Source: https://buddy.farm/i/box-of-chocolate-02/; Page data: https://buddy.farm/page-data/i/box-of-chocolate-02/page-data.json; Cache: box-of-chocolate-02__box-of-chocolate-02.json; Parser: buddy-item-multi-source-v1
Box of Chocolate 02,box of chocolate 02,Birthday Surprise Box 05,birthday surprise box 05,openable,openable,https://buddy.farm/i/box-of-chocolate-02/,Promoted as advisory source hint from complete cached Buddy page-data fan-out for BL-263.; Not counted as exact supply by this table.; Quantity range: 1-2; Source: https://buddy.farm/i/box-of-chocolate-02/; Page data: https://buddy.farm/page-data/i/box-of-chocolate-02/page-data.json; Cache: box-of-chocolate-02__box-of-chocolate-02.json; Parser: buddy-item-multi-source-v1
Box of Holiday Cakes,box of holiday cakes,Holiday Cheer Bundle 01,holiday cheer bundle 01,openable,openable,https://buddy.farm/i/box-of-holiday-cakes/,Promoted as advisory source hint from complete cached Buddy page-data fan-out for BL-263.; Not counted as exact supply by this table.; Quantity range: 2-2; Source: https://buddy.farm/i/box-of-holiday-cakes/; Page data: https://buddy.farm/page-data/i/box-of-holiday-cakes/page-data.json; Cache: box-of-holiday-cakes__box-of-holiday-cakes.json; Parser: buddy-item-multi-source-v1
Bread,bread,Thomas's Tavern Tote,thomas's tavern tote,openable,openable,https://buddy.farm/i/bread/,Promoted as advisory source hint from complete cached Buddy page-data fan-out for BL-263.; Not counted as exact supply by this table.; Quantity range: 3-3; Source: https://buddy.farm/i/bread/; Page data: https://buddy.farm/page-data/i/bread/page-data.json; Cache: bread__bread.json; Parser: buddy-item-multi-source-v1
Breakfast Boost,breakfast boost,Harvest Bundle 01,harvest bundle 01,openable,openable,https://buddy.farm/i/breakfast-boost/,Promoted as advisory source hint from complete cached Buddy page-data fan-out for BL-263.; Not counted as exact supply by this table.; Quantity range: 10-10; Source: https://buddy.farm/i/breakfast-boost/; Page data: https://buddy.farm/page-data/i/breakfast-boost/page-data.json; Cache: breakfast-boost__breakfast-boost.json; Parser: buddy-item-multi-source-v1
Breakfast Boost,breakfast boost,Picnic Basket 01,picnic basket 01,openable,openable,https://buddy.farm/i/breakfast-boost/,Promoted as advisory source hint from complete cached Buddy page-data fan-out for BL-263.; Not counted as exact supply by this table.; Quantity range: 7-7; Source: https://buddy.farm/i/breakfast-boost/; Page data: https://buddy.farm/page-data/i/breakfast-boost/page-data.json; Cache: breakfast-boost__breakfast-boost.json; Parser: buddy-item-multi-source-v1
Broccoli,broccoli,Salt,salt,wishing_well,Wishing Well throw,https://buddy.farm/i/broccoli/,Promoted as advisory source hint from complete cached Buddy page-data fan-out for BL-263.; Not counted as exact supply by this table.; Reward chance: 0.5; Candidate flags: reverse_relation; reward_quantity_defaulted; Reverse Wishing Well relation from reward page; candidate export defaults quantity to 1 for review.; Source: https://buddy.farm/i/broccoli/; Page data: https://buddy.farm/page-data/i/broccoli/page-data.json; Cache: broccoli__broccoli.json; Parser: buddy-item-multi-source-v1
Buddy Doll,buddy doll,Apple Crate 02,apple crate 02,openable,openable,https://buddy.farm/i/buddy-doll/,Promoted as advisory source hint from complete cached Buddy page-data fan-out for BL-263.; Not counted as exact supply by this table.; Quantity range: 1-1; Source: https://buddy.farm/i/buddy-doll/; Page data: https://buddy.farm/page-data/i/buddy-doll/page-data.json; Cache: buddy-doll__buddy-doll.json; Parser: buddy-item-multi-source-v1
Buddy Doll,buddy doll,Frozen Chest 02,frozen chest 02,openable,openable,https://buddy.farm/i/buddy-doll/,Promoted as advisory source hint from complete cached Buddy page-data fan-out for BL-263.; Not counted as exact supply by this table.; Quantity range: 1-1; Source: https://buddy.farm/i/buddy-doll/; Page data: https://buddy.farm/page-data/i/buddy-doll/page-data.json; Cache: buddy-doll__buddy-doll.json; Parser: buddy-item-multi-source-v1
Buddy Doll,buddy doll,Frozen Chest 03,frozen chest 03,openable,openable,https://buddy.farm/i/buddy-doll/,Promoted as advisory source hint from complete cached Buddy page-data fan-out for BL-263.; Not counted as exact supply by this table.; Quantity range: 1-1; Source: https://buddy.farm/i/buddy-doll/; Page data: https://buddy.farm/page-data/i/buddy-doll/page-data.json; Cache: buddy-doll__buddy-doll.json; Parser: buddy-item-multi-source-v1
Buddy Elf on a Shelf,buddy elf on a shelf,Holiday Cheer Bundle 01,holiday cheer bundle 01,openable,openable,https://buddy.farm/i/buddy-elf-on-a-shelf/,Promoted as advisory source hint from complete cached Buddy page-data fan-out for BL-263.; Not counted as exact supply by this table.; Quantity range: 1-1; Source: https://buddy.farm/i/buddy-elf-on-a-shelf/; Page data: https://buddy.farm/page-data/i/buddy-elf-on-a-shelf/page-data.json; Cache: buddy-elf-on-a-shelf__buddy-elf-on-a-shelf.json; Parser: buddy-item-multi-source-v1
Buddy's Beach Bag,buddy's beach bag,Birthday Surprise Box 05,birthday surprise box 05,openable,openable,https://buddy.farm/i/buddy-s-beach-bag/,Promoted as advisory source hint from complete cached Buddy page-data fan-out for BL-263.; Not counted as exact supply by this table.; Quantity range: 1-2; Source: https://buddy.farm/i/buddy-s-beach-bag/; Page data: https://buddy.farm/page-data/i/buddy-s-beach-bag/page-data.json; Cache: buddy-s-beach-bag__buddy-s-beach-bag.json; Parser: buddy-item-multi-source-v1
Buddy's School Bag,buddy's school bag,Birthday Surprise Box 03,birthday surprise box 03,openable,openable,https://buddy.farm/i/buddy-s-school-bag/,Promoted as advisory source hint from complete cached Buddy page-data fan-out for BL-263.; Not counted as exact supply by this table.; Quantity range: 1-2; Source: https://buddy.farm/i/buddy-s-school-bag/; Page data: https://buddy.farm/page-data/i/buddy-s-school-bag/page-data.json; Cache: buddy-s-school-bag__buddy-s-school-bag.json; Parser: buddy-item-multi-source-v1
Buddy's School Bag,buddy's school bag,Birthday Surprise Box 04,birthday surprise box 04,openable,openable,https://buddy.farm/i/buddy-s-school-bag/,Promoted as advisory source hint from complete cached Buddy page-data fan-out for BL-263.; Not counted as exact supply by this table.; Quantity range: 1-2; Source: https://buddy.farm/i/buddy-s-school-bag/; Page data: https://buddy.farm/page-data/i/buddy-s-school-bag/page-data.json; Cache: buddy-s-school-bag__buddy-s-school-bag.json; Parser: buddy-item-multi-source-v1
Buddy's School Bag,buddy's school bag,Birthday Surprise Box 05,birthday surprise box 05,openable,openable,https://buddy.farm/i/buddy-s-school-bag/,Promoted as advisory source hint from complete cached Buddy page-data fan-out for BL-263.; Not counted as exact supply by this table.; Quantity range: 1-2; Source: https://buddy.farm/i/buddy-s-school-bag/; Page data: https://buddy.farm/page-data/i/buddy-s-school-bag/page-data.json; Cache: buddy-s-school-bag__buddy-s-school-bag.json; Parser: buddy-item-multi-source-v1
Bunny Ears,bunny ears,frank's Basket,frank's basket,openable,openable,https://buddy.farm/i/bunny-ears/,Promoted as advisory source hint from complete cached Buddy page-data fan-out for BL-263.; Not counted as exact supply by this table.; Quantity range: 1-1; Source: https://buddy.farm/i/bunny-ears/; Page data: https://buddy.farm/page-data/i/bunny-ears/page-data.json; Cache: bunny-ears__bunny-ears.json; Parser: buddy-item-multi-source-v1
Cabbage,cabbage,Baba's Snack Pack,baba's snack pack,openable,openable,https://buddy.farm/i/cabbage/,Promoted as advisory source hint from complete cached Buddy page-data fan-out for BL-263.; Not counted as exact supply by this table.; Quantity range: 30-30; Source: https://buddy.farm/i/cabbage/; Page data: https://buddy.farm/page-data/i/cabbage/page-data.json; Cache: cabbage__cabbage.json; Parser: buddy-item-multi-source-v1
Cabbage Stew,cabbage stew,Baba's Snack Pack,baba's snack pack,openable,openable,https://buddy.farm/i/cabbage-stew/,Promoted as advisory source hint from complete cached Buddy page-data fan-out for BL-263.; Not counted as exact supply by this table.; Quantity range: 1-1; Source: https://buddy.farm/i/cabbage-stew/; Page data: https://buddy.farm/page-data/i/cabbage-stew/page-data.json; Cache: cabbage-stew__cabbage-stew.json; Parser: buddy-item-multi-source-v1
Candy,candy,Treat Bag 01,treat bag 01,openable,openable,https://buddy.farm/i/candy/,Promoted as advisory source hint from complete cached Buddy page-data fan-out for BL-263.; Not counted as exact supply by this table.; Quantity range: 5-5; Source: https://buddy.farm/i/candy/; Page data: https://buddy.farm/page-data/i/candy/page-data.json; Cache: candy__candy.json; Parser: buddy-item-multi-source-v1
Candy,candy,Treat Bag 02,treat bag 02,openable,openable,https://buddy.farm/i/candy/,Promoted as advisory source hint from complete cached Buddy page-data fan-out for BL-263.; Not counted as exact supply by this table.; Quantity range: 5-5; Source: https://buddy.farm/i/candy/; Page data: https://buddy.farm/page-data/i/candy/page-data.json; Cache: candy__candy.json; Parser: buddy-item-multi-source-v1
Candy,candy,Treat Bag 04,treat bag 04,openable,openable,https://buddy.farm/i/candy/,Promoted as advisory source hint from complete cached Buddy page-data fan-out for BL-263.; Not counted as exact supply by this table.; Quantity range: 5-5; Source: https://buddy.farm/i/candy/; Page data: https://buddy.farm/page-data/i/candy/page-data.json; Cache: candy__candy.json; Parser: buddy-item-multi-source-v1
Candy,candy,Treat Bag 05,treat bag 05,openable,openable,https://buddy.farm/i/candy/,Promoted as advisory source hint from complete cached Buddy page-data fan-out for BL-263.; Not counted as exact supply by this table.; Quantity range: 25-25; Source: https://buddy.farm/i/candy/; Page data: https://buddy.farm/page-data/i/candy/page-data.json; Cache: candy__candy.json; Parser: buddy-item-multi-source-v1
Candy,candy,Chattering Teeth,chattering teeth,wishing_well,Wishing Well throw,https://buddy.farm/i/candy/,Promoted as advisory source hint from complete cached Buddy page-data fan-out for BL-263.; Not counted as exact supply by this table.; Reward chance: 0.25; Candidate flags: reverse_relation; reward_quantity_defaulted; Reverse Wishing Well relation from reward page; candidate export defaults quantity to 1 for review.; Source: https://buddy.farm/i/candy/; Page data: https://buddy.farm/page-data/i/candy/page-data.json; Cache: candy__candy.json; Parser: buddy-item-multi-source-v1
Candy,candy,Lollipop,lollipop,wishing_well,Wishing Well throw,https://buddy.farm/i/candy/,Promoted as advisory source hint from complete cached Buddy page-data fan-out for BL-263.; Not counted as exact supply by this table.; Reward chance: 0.3333333333333333; Candidate flags: reverse_relation; reward_quantity_defaulted; Reverse Wishing Well relation from reward page; candidate export defaults quantity to 1 for review.; Source: https://buddy.farm/i/candy/; Page data: https://buddy.farm/page-data/i/candy/page-data.json; Cache: candy__candy.json; Parser: buddy-item-multi-source-v1
Candy,candy,Taffy,taffy,wishing_well,Wishing Well throw,https://buddy.farm/i/candy/,Promoted as advisory source hint from complete cached Buddy page-data fan-out for BL-263.; Not counted as exact supply by this table.; Reward chance: 0.3333333333333333; Candidate flags: reverse_relation; reward_quantity_defaulted; Reverse Wishing Well relation from reward page; candidate export defaults quantity to 1 for review.; Source: https://buddy.farm/i/candy/; Page data: https://buddy.farm/page-data/i/candy/page-data.json; Cache: candy__candy.json; Parser: buddy-item-multi-source-v1
Candy Cane,candy cane,Christmas Stocking,christmas stocking,openable,openable,https://buddy.farm/i/candy-cane/,Promoted as advisory source hint from complete cached Buddy page-data fan-out for BL-263.; Not counted as exact supply by this table.; Quantity range: 3-3; Source: https://buddy.farm/i/candy-cane/; Page data: https://buddy.farm/page-data/i/candy-cane/page-data.json; Cache: candy-cane__candy-cane.json; Parser: buddy-item-multi-source-v1
Candy Corn,candy corn,Treat Bag 04,treat bag 04,openable,openable,https://buddy.farm/i/candy-corn/,Promoted as advisory source hint from complete cached Buddy page-data fan-out for BL-263.; Not counted as exact supply by this table.; Quantity range: 2-2; Source: https://buddy.farm/i/candy-corn/; Page data: https://buddy.farm/page-data/i/candy-corn/page-data.json; Cache: candy-corn__candy-corn.json; Parser: buddy-item-multi-source-v1
Candy Corn,candy corn,Gouda,gouda,wishing_well,Wishing Well throw,https://buddy.farm/i/candy-corn/,Promoted as advisory source hint from complete cached Buddy page-data fan-out for BL-263.; Not counted as exact supply by this table.; Reward chance: 0.3333333333333333; Candidate flags: reverse_relation; reward_quantity_defaulted; Reverse Wishing Well relation from reward page; candidate export defaults quantity to 1 for review.; Source: https://buddy.farm/i/candy-corn/; Page data: https://buddy.farm/page-data/i/candy-corn/page-data.json; Cache: candy-corn__candy-corn.json; Parser: buddy-item-multi-source-v1
Candy Corn,candy corn,Jack-o-lantern,jack-o-lantern,wishing_well,Wishing Well throw,https://buddy.farm/i/candy-corn/,Promoted as advisory source hint from complete cached Buddy page-data fan-out for BL-263.; Not counted as exact supply by this table.; Reward chance: 0.3333333333333333; Candidate flags: reverse_relation; reward_quantity_defaulted; Reverse Wishing Well relation from reward page; candidate export defaults quantity to 1 for review.; Source: https://buddy.farm/i/candy-corn/; Page data: https://buddy.farm/page-data/i/candy-corn/page-data.json; Cache: candy-corn__candy-corn.json; Parser: buddy-item-multi-source-v1
Candy Corn,candy corn,R.O.A.S.,r.o.a.s.,wishing_well,Wishing Well throw,https://buddy.farm/i/candy-corn/,Promoted as advisory source hint from complete cached Buddy page-data fan-out for BL-263.; Not counted as exact supply by this table.; Reward chance: 0.3333333333333333; Candidate flags: reverse_relation; reward_quantity_defaulted; Reverse Wishing Well relation from reward page; candidate export defaults quantity to 1 for review.; Source: https://buddy.farm/i/candy-corn/; Page data: https://buddy.farm/page-data/i/candy-corn/page-data.json; Cache: candy-corn__candy-corn.json; Parser: buddy-item-multi-source-v1
Candy Corn,candy corn,Treat Bag 03,treat bag 03,wishing_well,Wishing Well throw,https://buddy.farm/i/candy-corn/,Promoted as advisory source hint from complete cached Buddy page-data fan-out for BL-263.; Not counted as exact supply by this table.; Reward chance: 0.3333333333333333; Candidate flags: reverse_relation; reward_quantity_defaulted; Reverse Wishing Well relation from reward page; candidate export defaults quantity to 1 for review.; Source: https://buddy.farm/i/candy-corn/; Page data: https://buddy.farm/page-data/i/candy-corn/page-data.json; Cache: candy-corn__candy-corn.json; Parser: buddy-item-multi-source-v1
Candy Roll,candy roll,Christmas Present 05,christmas present 05,openable,openable,https://buddy.farm/i/candy-roll/,Promoted as advisory source hint from complete cached Buddy page-data fan-out for BL-263.; Not counted as exact supply by this table.; Quantity range: 50-50; Source: https://buddy.farm/i/candy-roll/; Page data: https://buddy.farm/page-data/i/candy-roll/page-data.json; Cache: candy-roll__candy-roll.json; Parser: buddy-item-multi-source-v1
Candy Roll,candy roll,Christmas Stocking,christmas stocking,openable,openable,https://buddy.farm/i/candy-roll/,Promoted as advisory source hint from complete cached Buddy page-data fan-out for BL-263.; Not counted as exact supply by this table.; Quantity range: 3-3; Source: https://buddy.farm/i/candy-roll/; Page data: https://buddy.farm/page-data/i/candy-roll/page-data.json; Cache: candy-roll__candy-roll.json; Parser: buddy-item-multi-source-v1
Canoe,canoe,Spoon,spoon,wishing_well,Wishing Well throw,https://buddy.farm/i/canoe/,Promoted as advisory source hint from complete cached Buddy page-data fan-out for BL-263.; Not counted as exact supply by this table.; Reward chance: 0.3333333333333333; Candidate flags: reverse_relation; reward_quantity_defaulted; Reverse Wishing Well relation from reward page; candidate export defaults quantity to 1 for review.; Source: https://buddy.farm/i/canoe/; Page data: https://buddy.farm/page-data/i/canoe/page-data.json; Cache: canoe__canoe.json; Parser: buddy-item-multi-source-v1
Captains Log,captains log,Ancient Coin,ancient coin,wishing_well,Wishing Well throw,https://buddy.farm/i/captains-log/,Promoted as advisory source hint from complete cached Buddy page-data fan-out for BL-263.; Not counted as exact supply by this table.; Reward chance: 0.08333333333333333; Candidate flags: reverse_relation; reward_quantity_defaulted; Reverse Wishing Well relation from reward page; candidate export defaults quantity to 1 for review.; Source: https://buddy.farm/i/captains-log/; Page data: https://buddy.farm/page-data/i/captains-log/page-data.json; Cache: captains-log__captains-log.json; Parser: buddy-item-multi-source-v1
Captains Log,captains log,Pirate Bandana,pirate bandana,wishing_well,Wishing Well throw,https://buddy.farm/i/captains-log/,Promoted as advisory source hint from complete cached Buddy page-data fan-out for BL-263.; Not counted as exact supply by this table.; Reward chance: 0.25; Candidate flags: reverse_relation; reward_quantity_defaulted; Reverse Wishing Well relation from reward page; candidate export defaults quantity to 1 for review.; Source: https://buddy.farm/i/captains-log/; Page data: https://buddy.farm/page-data/i/captains-log/page-data.json; Cache: captains-log__captains-log.json; Parser: buddy-item-multi-source-v1
Captains Log,captains log,Small Flute,small flute,wishing_well,Wishing Well throw,https://buddy.farm/i/captains-log/,Promoted as advisory source hint from complete cached Buddy page-data fan-out for BL-263.; Not counted as exact supply by this table.; Reward chance: 0.2; Candidate flags: reverse_relation; reward_quantity_defaulted; Reverse Wishing Well relation from reward page; candidate export defaults quantity to 1 for review.; Source: https://buddy.farm/i/captains-log/; Page data: https://buddy.farm/page-data/i/captains-log/page-data.json; Cache: captains-log__captains-log.json; Parser: buddy-item-multi-source-v1
Captains Log,captains log,Teapot,teapot,wishing_well,Wishing Well throw,https://buddy.farm/i/captains-log/,Promoted as advisory source hint from complete cached Buddy page-data fan-out for BL-263.; Not counted as exact supply by this table.; Reward chance: 0.14285714285714285; Candidate flags: reverse_relation; reward_quantity_defaulted; Reverse Wishing Well relation from reward page; candidate export defaults quantity to 1 for review.; Source: https://buddy.farm/i/captains-log/; Page data: https://buddy.farm/page-data/i/captains-log/page-data.json; Cache: captains-log__captains-log.json; Parser: buddy-item-multi-source-v1
Carrot,carrot,Christmas Present 06,christmas present 06,openable,openable,https://buddy.farm/i/carrot/,Promoted as advisory source hint from complete cached Buddy page-data fan-out for BL-263.; Not counted as exact supply by this table.; Quantity range: 60-60; Source: https://buddy.farm/i/carrot/; Page data: https://buddy.farm/page-data/i/carrot/page-data.json; Cache: carrot__carrot.json; Parser: buddy-item-multi-source-v1
Carrot Seeds,carrot seeds,frank's Basket,frank's basket,openable,openable,https://buddy.farm/i/carrot-seeds/,Promoted as advisory source hint from complete cached Buddy page-data fan-out for BL-263.; Not counted as exact supply by this table.; Quantity range: 12-12; Source: https://buddy.farm/i/carrot-seeds/; Page data: https://buddy.farm/page-data/i/carrot-seeds/page-data.json; Cache: carrot-seeds__carrot-seeds.json; Parser: buddy-item-multi-source-v1
Carrot Seeds,carrot seeds,Welcome Card,welcome card,openable,openable,https://buddy.farm/i/carrot-seeds/,Promoted as advisory source hint from complete cached Buddy page-data fan-out for BL-263.; Not counted as exact supply by this table.; Quantity range: 8-8; Source: https://buddy.farm/i/carrot-seeds/; Page data: https://buddy.farm/page-data/i/carrot-seeds/page-data.json; Cache: carrot-seeds__carrot-seeds.json; Parser: buddy-item-multi-source-v1
Carved Bear,carved bear,Block of Wood,block of wood,wishing_well,Wishing Well throw,https://buddy.farm/i/carved-bear/,Promoted as advisory source hint from complete cached Buddy page-data fan-out for BL-263.; Not counted as exact supply by this table.; Reward chance: 0.0625; Candidate flags: reverse_relation; reward_quantity_defaulted; Reverse Wishing Well relation from reward page; candidate export defaults quantity to 1 for review.; Source: https://buddy.farm/i/carved-bear/; Page data: https://buddy.farm/page-data/i/carved-bear/page-data.json; Cache: carved-bear__carved-bear.json; Parser: buddy-item-multi-source-v1
Carved Bear,carved bear,Pirate Bandana,pirate bandana,wishing_well,Wishing Well throw,https://buddy.farm/i/carved-bear/,Promoted as advisory source hint from complete cached Buddy page-data fan-out for BL-263.; Not counted as exact supply by this table.; Reward chance: 0.25; Candidate flags: reverse_relation; reward_quantity_defaulted; Reverse Wishing Well relation from reward page; candidate export defaults quantity to 1 for review.; Source: https://buddy.farm/i/carved-bear/; Page data: https://buddy.farm/page-data/i/carved-bear/page-data.json; Cache: carved-bear__carved-bear.json; Parser: buddy-item-multi-source-v1
Carved Camel,carved camel,Block of Wood,block of wood,wishing_well,Wishing Well throw,https://buddy.farm/i/carved-camel/,Promoted as advisory source hint from complete cached Buddy page-data fan-out for BL-263.; Not counted as exact supply by this table.; Reward chance: 0.0625; Candidate flags: reverse_relation; reward_quantity_defaulted; Reverse Wishing Well relation from reward page; candidate export defaults quantity to 1 for review.; Source: https://buddy.farm/i/carved-camel/; Page data: https://buddy.farm/page-data/i/carved-camel/page-data.json; Cache: carved-camel__carved-camel.json; Parser: buddy-item-multi-source-v1
Carved Camel,carved camel,Carved Owl,carved owl,wishing_well,Wishing Well throw,https://buddy.farm/i/carved-camel/,Promoted as advisory source hint from complete cached Buddy page-data fan-out for BL-263.; Not counted as exact supply by this table.; Reward chance: 0.3333333333333333; Candidate flags: reverse_relation; reward_quantity_defaulted; Reverse Wishing Well relation from reward page; candidate export defaults quantity to 1 for review.; Source: https://buddy.farm/i/carved-camel/; Page data: https://buddy.farm/page-data/i/carved-camel/page-data.json; Cache: carved-camel__carved-camel.json; Parser: buddy-item-multi-source-v1
Carved Chicken,carved chicken,Block of Wood,block of wood,wishing_well,Wishing Well throw,https://buddy.farm/i/carved-chicken/,Promoted as advisory source hint from complete cached Buddy page-data fan-out for BL-263.; Not counted as exact supply by this table.; Reward chance: 0.0625; Candidate flags: reverse_relation; reward_quantity_defaulted; Reverse Wishing Well relation from reward page; candidate export defaults quantity to 1 for review.; Source: https://buddy.farm/i/carved-chicken/; Page data: https://buddy.farm/page-data/i/carved-chicken/page-data.json; Cache: carved-chicken__carved-chicken.json; Parser: buddy-item-multi-source-v1
Carved Chicken,carved chicken,Wooden Box,wooden box,wishing_well,Wishing Well throw,https://buddy.farm/i/carved-chicken/,Promoted as advisory source hint from complete cached Buddy page-data fan-out for BL-263.; Not counted as exact supply by this table.; Reward chance: 0.25; Candidate flags: reverse_relation; reward_quantity_defaulted; Reverse Wishing Well relation from reward page; candidate export defaults quantity to 1 for review.; Source: https://buddy.farm/i/carved-chicken/; Page data: https://buddy.farm/page-data/i/carved-chicken/page-data.json; Cache: carved-chicken__carved-chicken.json; Parser: buddy-item-multi-source-v1
Carved Cow,carved cow,Block of Wood,block of wood,wishing_well,Wishing Well throw,https://buddy.farm/i/carved-cow/,Promoted as advisory source hint from complete cached Buddy page-data fan-out for BL-263.; Not counted as exact supply by this table.; Reward chance: 0.0625; Candidate flags: reverse_relation; reward_quantity_defaulted; Reverse Wishing Well relation from reward page; candidate export defaults quantity to 1 for review.; Source: https://buddy.farm/i/carved-cow/; Page data: https://buddy.farm/page-data/i/carved-cow/page-data.json; Cache: carved-cow__carved-cow.json; Parser: buddy-item-multi-source-v1
Carved Cow,carved cow,Carved Bear,carved bear,wishing_well,Wishing Well throw,https://buddy.farm/i/carved-cow/,Promoted as advisory source hint from complete cached Buddy page-data fan-out for BL-263.; Not counted as exact supply by this table.; Reward chance: 0.25; Candidate flags: reverse_relation; reward_quantity_defaulted; Reverse Wishing Well relation from reward page; candidate export defaults quantity to 1 for review.; Source: https://buddy.farm/i/carved-cow/; Page data: https://buddy.farm/page-data/i/carved-cow/page-data.json; Cache: carved-cow__carved-cow.json; Parser: buddy-item-multi-source-v1
Carved Dragon,carved dragon,Block of Wood,block of wood,wishing_well,Wishing Well throw,https://buddy.farm/i/carved-dragon/,Promoted as advisory source hint from complete cached Buddy page-data fan-out for BL-263.; Not counted as exact supply by this table.; Reward chance: 0.0625; Candidate flags: reverse_relation; reward_quantity_defaulted; Reverse Wishing Well relation from reward page; candidate export defaults quantity to 1 for review.; Source: https://buddy.farm/i/carved-dragon/; Page data: https://buddy.farm/page-data/i/carved-dragon/page-data.json; Cache: carved-dragon__carved-dragon.json; Parser: buddy-item-multi-source-v1
Carved Fox,carved fox,Block of Wood,block of wood,wishing_well,Wishing Well throw,https://buddy.farm/i/carved-fox/,Promoted as advisory source hint from complete cached Buddy page-data fan-out for BL-263.; Not counted as exact supply by this table.; Reward chance: 0.0625; Candidate flags: reverse_relation; reward_quantity_defaulted; Reverse Wishing Well relation from reward page; candidate export defaults quantity to 1 for review.; Source: https://buddy.farm/i/carved-fox/; Page data: https://buddy.farm/page-data/i/carved-fox/page-data.json; Cache: carved-fox__carved-fox.json; Parser: buddy-item-multi-source-v1
Carved Fox,carved fox,Carved Bear,carved bear,wishing_well,Wishing Well throw,https://buddy.farm/i/carved-fox/,Promoted as advisory source hint from complete cached Buddy page-data fan-out for BL-263.; Not counted as exact supply by this table.; Reward chance: 0.25; Candidate flags: reverse_relation; reward_quantity_defaulted; Reverse Wishing Well relation from reward page; candidate export defaults quantity to 1 for review.; Source: https://buddy.farm/i/carved-fox/; Page data: https://buddy.farm/page-data/i/carved-fox/page-data.json; Cache: carved-fox__carved-fox.json; Parser: buddy-item-multi-source-v1
Carved Fox,carved fox,Wooden Box,wooden box,wishing_well,Wishing Well throw,https://buddy.farm/i/carved-fox/,Promoted as advisory source hint from complete cached Buddy page-data fan-out for BL-263.; Not counted as exact supply by this table.; Reward chance: 0.25; Candidate flags: reverse_relation; reward_quantity_defaulted; Reverse Wishing Well relation from reward page; candidate export defaults quantity to 1 for review.; Source: https://buddy.farm/i/carved-fox/; Page data: https://buddy.farm/page-data/i/carved-fox/page-data.json; Cache: carved-fox__carved-fox.json; Parser: buddy-item-multi-source-v1
Carved Kitty,carved kitty,Block of Wood,block of wood,wishing_well,Wishing Well throw,https://buddy.farm/i/carved-kitty/,Promoted as advisory source hint from complete cached Buddy page-data fan-out for BL-263.; Not counted as exact supply by this table.; Reward chance: 0.0625; Candidate flags: reverse_relation; reward_quantity_defaulted; Reverse Wishing Well relation from reward page; candidate export defaults quantity to 1 for review.; Source: https://buddy.farm/i/carved-kitty/; Page data: https://buddy.farm/page-data/i/carved-kitty/page-data.json; Cache: carved-kitty__carved-kitty.json; Parser: buddy-item-multi-source-v1
Carved Kitty,carved kitty,Carved Rabbit,carved rabbit,wishing_well,Wishing Well throw,https://buddy.farm/i/carved-kitty/,Promoted as advisory source hint from complete cached Buddy page-data fan-out for BL-263.; Not counted as exact supply by this table.; Reward chance: 0.25; Candidate flags: reverse_relation; reward_quantity_defaulted; Reverse Wishing Well relation from reward page; candidate export defaults quantity to 1 for review.; Source: https://buddy.farm/i/carved-kitty/; Page data: https://buddy.farm/page-data/i/carved-kitty/page-data.json; Cache: carved-kitty__carved-kitty.json; Parser: buddy-item-multi-source-v1
Carved Moose,carved moose,Block of Wood,block of wood,wishing_well,Wishing Well throw,https://buddy.farm/i/carved-moose/,Promoted as advisory source hint from complete cached Buddy page-data fan-out for BL-263.; Not counted as exact supply by this table.; Reward chance: 0.0625; Candidate flags: reverse_relation; reward_quantity_defaulted; Reverse Wishing Well relation from reward page; candidate export defaults quantity to 1 for review.; Source: https://buddy.farm/i/carved-moose/; Page data: https://buddy.farm/page-data/i/carved-moose/page-data.json; Cache: carved-moose__carved-moose.json; Parser: buddy-item-multi-source-v1
Carved Moose,carved moose,Carved Bear,carved bear,wishing_well,Wishing Well throw,https://buddy.farm/i/carved-moose/,Promoted as advisory source hint from complete cached Buddy page-data fan-out for BL-263.; Not counted as exact supply by this table.; Reward chance: 0.25; Candidate flags: reverse_relation; reward_quantity_defaulted; Reverse Wishing Well relation from reward page; candidate export defaults quantity to 1 for review.; Source: https://buddy.farm/i/carved-moose/; Page data: https://buddy.farm/page-data/i/carved-moose/page-data.json; Cache: carved-moose__carved-moose.json; Parser: buddy-item-multi-source-v1
Carved Moose,carved moose,Carved Warthog,carved warthog,wishing_well,Wishing Well throw,https://buddy.farm/i/carved-moose/,Promoted as advisory source hint from complete cached Buddy page-data fan-out for BL-263.; Not counted as exact supply by this table.; Reward chance: 0.25; Candidate flags: reverse_relation; reward_quantity_defaulted; Reverse Wishing Well relation from reward page; candidate export defaults quantity to 1 for review.; Source: https://buddy.farm/i/carved-moose/; Page data: https://buddy.farm/page-data/i/carved-moose/page-data.json; Cache: carved-moose__carved-moose.json; Parser: buddy-item-multi-source-v1
Carved Mouse,carved mouse,Block of Wood,block of wood,wishing_well,Wishing Well throw,https://buddy.farm/i/carved-mouse/,Promoted as advisory source hint from complete cached Buddy page-data fan-out for BL-263.; Not counted as exact supply by this table.; Reward chance: 0.0625; Candidate flags: reverse_relation; reward_quantity_defaulted; Reverse Wishing Well relation from reward page; candidate export defaults quantity to 1 for review.; Source: https://buddy.farm/i/carved-mouse/; Page data: https://buddy.farm/page-data/i/carved-mouse/page-data.json; Cache: carved-mouse__carved-mouse.json; Parser: buddy-item-multi-source-v1
Carved Mouse,carved mouse,Carved Rabbit,carved rabbit,wishing_well,Wishing Well throw,https://buddy.farm/i/carved-mouse/,Promoted as advisory source hint from complete cached Buddy page-data fan-out for BL-263.; Not counted as exact supply by this table.; Reward chance: 0.25; Candidate flags: reverse_relation; reward_quantity_defaulted; Reverse Wishing Well relation from reward page; candidate export defaults quantity to 1 for review.; Source: https://buddy.farm/i/carved-mouse/; Page data: https://buddy.farm/page-data/i/carved-mouse/page-data.json; Cache: carved-mouse__carved-mouse.json; Parser: buddy-item-multi-source-v1
Carved Owl,carved owl,Block of Wood,block of wood,wishing_well,Wishing Well throw,https://buddy.farm/i/carved-owl/,Promoted as advisory source hint from complete cached Buddy page-data fan-out for BL-263.; Not counted as exact supply by this table.; Reward chance: 0.0625; Candidate flags: reverse_relation; reward_quantity_defaulted; Reverse Wishing Well relation from reward page; candidate export defaults quantity to 1 for review.; Source: https://buddy.farm/i/carved-owl/; Page data: https://buddy.farm/page-data/i/carved-owl/page-data.json; Cache: carved-owl__carved-owl.json; Parser: buddy-item-multi-source-v1
Carved Owl,carved owl,Carved Rabbit,carved rabbit,wishing_well,Wishing Well throw,https://buddy.farm/i/carved-owl/,Promoted as advisory source hint from complete cached Buddy page-data fan-out for BL-263.; Not counted as exact supply by this table.; Reward chance: 0.25; Candidate flags: reverse_relation; reward_quantity_defaulted; Reverse Wishing Well relation from reward page; candidate export defaults quantity to 1 for review.; Source: https://buddy.farm/i/carved-owl/; Page data: https://buddy.farm/page-data/i/carved-owl/page-data.json; Cache: carved-owl__carved-owl.json; Parser: buddy-item-multi-source-v1
Carved Owl,carved owl,Teapot,teapot,wishing_well,Wishing Well throw,https://buddy.farm/i/carved-owl/,Promoted as advisory source hint from complete cached Buddy page-data fan-out for BL-263.; Not counted as exact supply by this table.; Reward chance: 0.14285714285714285; Candidate flags: reverse_relation; reward_quantity_defaulted; Reverse Wishing Well relation from reward page; candidate export defaults quantity to 1 for review.; Source: https://buddy.farm/i/carved-owl/; Page data: https://buddy.farm/page-data/i/carved-owl/page-data.json; Cache: carved-owl__carved-owl.json; Parser: buddy-item-multi-source-v1
Carved Owl,carved owl,Wooden Mask,wooden mask,wishing_well,Wishing Well throw,https://buddy.farm/i/carved-owl/,Promoted as advisory source hint from complete cached Buddy page-data fan-out for BL-263.; Not counted as exact supply by this table.; Reward chance: 0.3333333333333333; Candidate flags: reverse_relation; reward_quantity_defaulted; Reverse Wishing Well relation from reward page; candidate export defaults quantity to 1 for review.; Source: https://buddy.farm/i/carved-owl/; Page data: https://buddy.farm/page-data/i/carved-owl/page-data.json; Cache: carved-owl__carved-owl.json; Parser: buddy-item-multi-source-v1
Carved Pig,carved pig,Block of Wood,block of wood,wishing_well,Wishing Well throw,https://buddy.farm/i/carved-pig/,Promoted as advisory source hint from complete cached Buddy page-data fan-out for BL-263.; Not counted as exact supply by this table.; Reward chance: 0.0625; Candidate flags: reverse_relation; reward_quantity_defaulted; Reverse Wishing Well relation from reward page; candidate export defaults quantity to 1 for review.; Source: https://buddy.farm/i/carved-pig/; Page data: https://buddy.farm/page-data/i/carved-pig/page-data.json; Cache: carved-pig__carved-pig.json; Parser: buddy-item-multi-source-v1
Carved Rabbit,carved rabbit,Block of Wood,block of wood,wishing_well,Wishing Well throw,https://buddy.farm/i/carved-rabbit/,Promoted as advisory source hint from complete cached Buddy page-data fan-out for BL-263.; Not counted as exact supply by this table.; Reward chance: 0.0625; Candidate flags: reverse_relation; reward_quantity_defaulted; Reverse Wishing Well relation from reward page; candidate export defaults quantity to 1 for review.; Source: https://buddy.farm/i/carved-rabbit/; Page data: https://buddy.farm/page-data/i/carved-rabbit/page-data.json; Cache: carved-rabbit__carved-rabbit.json; Parser: buddy-item-multi-source-v1
Carved Rabbit,carved rabbit,Carved Warthog,carved warthog,wishing_well,Wishing Well throw,https://buddy.farm/i/carved-rabbit/,Promoted as advisory source hint from complete cached Buddy page-data fan-out for BL-263.; Not counted as exact supply by this table.; Reward chance: 0.25; Candidate flags: reverse_relation; reward_quantity_defaulted; Reverse Wishing Well relation from reward page; candidate export defaults quantity to 1 for review.; Source: https://buddy.farm/i/carved-rabbit/; Page data: https://buddy.farm/page-data/i/carved-rabbit/page-data.json; Cache: carved-rabbit__carved-rabbit.json; Parser: buddy-item-multi-source-v1
Carved Rhino,carved rhino,Block of Wood,block of wood,wishing_well,Wishing Well throw,https://buddy.farm/i/carved-rhino/,Promoted as advisory source hint from complete cached Buddy page-data fan-out for BL-263.; Not counted as exact supply by this table.; Reward chance: 0.0625; Candidate flags: reverse_relation; reward_quantity_defaulted; Reverse Wishing Well relation from reward page; candidate export defaults quantity to 1 for review.; Source: https://buddy.farm/i/carved-rhino/; Page data: https://buddy.farm/page-data/i/carved-rhino/page-data.json; Cache: carved-rhino__carved-rhino.json; Parser: buddy-item-multi-source-v1
Carved Rhino,carved rhino,Carved Bear,carved bear,wishing_well,Wishing Well throw,https://buddy.farm/i/carved-rhino/,Promoted as advisory source hint from complete cached Buddy page-data fan-out for BL-263.; Not counted as exact supply by this table.; Reward chance: 0.25; Candidate flags: reverse_relation; reward_quantity_defaulted; Reverse Wishing Well relation from reward page; candidate export defaults quantity to 1 for review.; Source: https://buddy.farm/i/carved-rhino/; Page data: https://buddy.farm/page-data/i/carved-rhino/page-data.json; Cache: carved-rhino__carved-rhino.json; Parser: buddy-item-multi-source-v1
Carved Rhino,carved rhino,Carved Owl,carved owl,wishing_well,Wishing Well throw,https://buddy.farm/i/carved-rhino/,Promoted as advisory source hint from complete cached Buddy page-data fan-out for BL-263.; Not counted as exact supply by this table.; Reward chance: 0.3333333333333333; Candidate flags: reverse_relation; reward_quantity_defaulted; Reverse Wishing Well relation from reward page; candidate export defaults quantity to 1 for review.; Source: https://buddy.farm/i/carved-rhino/; Page data: https://buddy.farm/page-data/i/carved-rhino/page-data.json; Cache: carved-rhino__carved-rhino.json; Parser: buddy-item-multi-source-v1
Carved Rhino,carved rhino,Teapot,teapot,wishing_well,Wishing Well throw,https://buddy.farm/i/carved-rhino/,Promoted as advisory source hint from complete cached Buddy page-data fan-out for BL-263.; Not counted as exact supply by this table.; Reward chance: 0.14285714285714285; Candidate flags: reverse_relation; reward_quantity_defaulted; Reverse Wishing Well relation from reward page; candidate export defaults quantity to 1 for review.; Source: https://buddy.farm/i/carved-rhino/; Page data: https://buddy.farm/page-data/i/carved-rhino/page-data.json; Cache: carved-rhino__carved-rhino.json; Parser: buddy-item-multi-source-v1
Carved Squirrel,carved squirrel,Block of Wood,block of wood,wishing_well,Wishing Well throw,https://buddy.farm/i/carved-squirrel/,Promoted as advisory source hint from complete cached Buddy page-data fan-out for BL-263.; Not counted as exact supply by this table.; Reward chance: 0.0625; Candidate flags: reverse_relation; reward_quantity_defaulted; Reverse Wishing Well relation from reward page; candidate export defaults quantity to 1 for review.; Source: https://buddy.farm/i/carved-squirrel/; Page data: https://buddy.farm/page-data/i/carved-squirrel/page-data.json; Cache: carved-squirrel__carved-squirrel.json; Parser: buddy-item-multi-source-v1
Carved Squirrel,carved squirrel,Carved Warthog,carved warthog,wishing_well,Wishing Well throw,https://buddy.farm/i/carved-squirrel/,Promoted as advisory source hint from complete cached Buddy page-data fan-out for BL-263.; Not counted as exact supply by this table.; Reward chance: 0.25; Candidate flags: reverse_relation; reward_quantity_defaulted; Reverse Wishing Well relation from reward page; candidate export defaults quantity to 1 for review.; Source: https://buddy.farm/i/carved-squirrel/; Page data: https://buddy.farm/page-data/i/carved-squirrel/page-data.json; Cache: carved-squirrel__carved-squirrel.json; Parser: buddy-item-multi-source-v1
Carved Squirrel,carved squirrel,Spectacles,spectacles,wishing_well,Wishing Well throw,https://buddy.farm/i/carved-squirrel/,Promoted as advisory source hint from complete cached Buddy page-data fan-out for BL-263.; Not counted as exact supply by this table.; Reward chance: 0.2; Candidate flags: reverse_relation; reward_quantity_defaulted; Reverse Wishing Well relation from reward page; candidate export defaults quantity to 1 for review.; Source: https://buddy.farm/i/carved-squirrel/; Page data: https://buddy.farm/page-data/i/carved-squirrel/page-data.json; Cache: carved-squirrel__carved-squirrel.json; Parser: buddy-item-multi-source-v1
Carved Squisquatch,carved squisquatch,Block of Wood,block of wood,wishing_well,Wishing Well throw,https://buddy.farm/i/carved-squisquatch/,Promoted as advisory source hint from complete cached Buddy page-data fan-out for BL-263.; Not counted as exact supply by this table.; Reward chance: 0.0625; Candidate flags: reverse_relation; reward_quantity_defaulted; Reverse Wishing Well relation from reward page; candidate export defaults quantity to 1 for review.; Source: https://buddy.farm/i/carved-squisquatch/; Page data: https://buddy.farm/page-data/i/carved-squisquatch/page-data.json; Cache: carved-squisquatch__carved-squisquatch.json; Parser: buddy-item-multi-source-v1
Carved Squisquatch,carved squisquatch,Carved Warthog,carved warthog,wishing_well,Wishing Well throw,https://buddy.farm/i/carved-squisquatch/,Promoted as advisory source hint from complete cached Buddy page-data fan-out for BL-263.; Not counted as exact supply by this table.; Reward chance: 0.25; Candidate flags: reverse_relation; reward_quantity_defaulted; Reverse Wishing Well relation from reward page; candidate export defaults quantity to 1 for review.; Source: https://buddy.farm/i/carved-squisquatch/; Page data: https://buddy.farm/page-data/i/carved-squisquatch/page-data.json; Cache: carved-squisquatch__carved-squisquatch.json; Parser: buddy-item-multi-source-v1
Carved Warthog,carved warthog,Block of Wood,block of wood,wishing_well,Wishing Well throw,https://buddy.farm/i/carved-warthog/,Promoted as advisory source hint from complete cached Buddy page-data fan-out for BL-263.; Not counted as exact supply by this table.; Reward chance: 0.0625; Candidate flags: reverse_relation; reward_quantity_defaulted; Reverse Wishing Well relation from reward page; candidate export defaults quantity to 1 for review.; Source: https://buddy.farm/i/carved-warthog/; Page data: https://buddy.farm/page-data/i/carved-warthog/page-data.json; Cache: carved-warthog__carved-warthog.json; Parser: buddy-item-multi-source-v1
Carved Warthog,carved warthog,Carved Owl,carved owl,wishing_well,Wishing Well throw,https://buddy.farm/i/carved-warthog/,Promoted as advisory source hint from complete cached Buddy page-data fan-out for BL-263.; Not counted as exact supply by this table.; Reward chance: 0.3333333333333333; Candidate flags: reverse_relation; reward_quantity_defaulted; Reverse Wishing Well relation from reward page; candidate export defaults quantity to 1 for review.; Source: https://buddy.farm/i/carved-warthog/; Page data: https://buddy.farm/page-data/i/carved-warthog/page-data.json; Cache: carved-warthog__carved-warthog.json; Parser: buddy-item-multi-source-v1
Carved Warthog,carved warthog,Carved Rabbit,carved rabbit,wishing_well,Wishing Well throw,https://buddy.farm/i/carved-warthog/,Promoted as advisory source hint from complete cached Buddy page-data fan-out for BL-263.; Not counted as exact supply by this table.; Reward chance: 0.25; Candidate flags: reverse_relation; reward_quantity_defaulted; Reverse Wishing Well relation from reward page; candidate export defaults quantity to 1 for review.; Source: https://buddy.farm/i/carved-warthog/; Page data: https://buddy.farm/page-data/i/carved-warthog/page-data.json; Cache: carved-warthog__carved-warthog.json; Parser: buddy-item-multi-source-v1
Carved Warthog,carved warthog,Small Flute,small flute,wishing_well,Wishing Well throw,https://buddy.farm/i/carved-warthog/,Promoted as advisory source hint from complete cached Buddy page-data fan-out for BL-263.; Not counted as exact supply by this table.; Reward chance: 0.2; Candidate flags: reverse_relation; reward_quantity_defaulted; Reverse Wishing Well relation from reward page; candidate export defaults quantity to 1 for review.; Source: https://buddy.farm/i/carved-warthog/; Page data: https://buddy.farm/page-data/i/carved-warthog/page-data.json; Cache: carved-warthog__carved-warthog.json; Parser: buddy-item-multi-source-v1
Carved Warthog,carved warthog,Teapot,teapot,wishing_well,Wishing Well throw,https://buddy.farm/i/carved-warthog/,Promoted as advisory source hint from complete cached Buddy page-data fan-out for BL-263.; Not counted as exact supply by this table.; Reward chance: 0.14285714285714285; Candidate flags: reverse_relation; reward_quantity_defaulted; Reverse Wishing Well relation from reward page; candidate export defaults quantity to 1 for review.; Source: https://buddy.farm/i/carved-warthog/; Page data: https://buddy.farm/page-data/i/carved-warthog/page-data.json; Cache: carved-warthog__carved-warthog.json; Parser: buddy-item-multi-source-v1
Cat's Meow,cat's meow,Holger's Lunch Box,holger's lunch box,openable,openable,https://buddy.farm/i/cat-s-meow/,Promoted as advisory source hint from complete cached Buddy page-data fan-out for BL-263.; Not counted as exact supply by this table.; Quantity range: 5-5; Source: https://buddy.farm/i/cat-s-meow/; Page data: https://buddy.farm/page-data/i/cat-s-meow/page-data.json; Cache: cat-s-meow__cat-s-meow.json; Parser: buddy-item-multi-source-v1
Cat's Meow,cat's meow,Picnic Basket 01,picnic basket 01,openable,openable,https://buddy.farm/i/cat-s-meow/,Promoted as advisory source hint from complete cached Buddy page-data fan-out for BL-263.; Not counted as exact supply by this table.; Quantity range: 7-7; Source: https://buddy.farm/i/cat-s-meow/; Page data: https://buddy.farm/page-data/i/cat-s-meow/page-data.json; Cache: cat-s-meow__cat-s-meow.json; Parser: buddy-item-multi-source-v1
Caterpillar,caterpillar,Bug Bag 01,bug bag 01,openable,openable,https://buddy.farm/i/caterpillar/,Promoted as advisory source hint from complete cached Buddy page-data fan-out for BL-263.; Not counted as exact supply by this table.; Quantity range: 1-10; Source: https://buddy.farm/i/caterpillar/; Page data: https://buddy.farm/page-data/i/caterpillar/page-data.json; Cache: caterpillar__caterpillar.json; Parser: buddy-item-multi-source-v1
Caterpillar,caterpillar,Christmas Present 10,christmas present 10,openable,openable,https://buddy.farm/i/caterpillar/,Promoted as advisory source hint from complete cached Buddy page-data fan-out for BL-263.; Not counted as exact supply by this table.; Quantity range: 100-100; Source: https://buddy.farm/i/caterpillar/; Page data: https://buddy.farm/page-data/i/caterpillar/page-data.json; Cache: caterpillar__caterpillar.json; Parser: buddy-item-multi-source-v1
Caterpillar,caterpillar,Fire Ant,fire ant,wishing_well,Wishing Well throw,https://buddy.farm/i/caterpillar/,Promoted as advisory source hint from complete cached Buddy page-data fan-out for BL-263.; Not counted as exact supply by this table.; Reward chance: 0.25; Candidate flags: reverse_relation; reward_quantity_defaulted; Reverse Wishing Well relation from reward page; candidate export defaults quantity to 1 for review.; Source: https://buddy.farm/i/caterpillar/; Page data: https://buddy.farm/page-data/i/caterpillar/page-data.json; Cache: caterpillar__caterpillar.json; Parser: buddy-item-multi-source-v1
Caterpillar,caterpillar,Shiny Beetle,shiny beetle,wishing_well,Wishing Well throw,https://buddy.farm/i/caterpillar/,Promoted as advisory source hint from complete cached Buddy page-data fan-out for BL-263.; Not counted as exact supply by this table.; Reward chance: 0.25; Candidate flags: reverse_relation; reward_quantity_defaulted; Reverse Wishing Well relation from reward page; candidate export defaults quantity to 1 for review.; Source: https://buddy.farm/i/caterpillar/; Page data: https://buddy.farm/page-data/i/caterpillar/page-data.json; Cache: caterpillar__caterpillar.json; Parser: buddy-item-multi-source-v1
Caterpillar,caterpillar,Snail,snail,wishing_well,Wishing Well throw,https://buddy.farm/i/caterpillar/,Promoted as advisory source hint from complete cached Buddy page-data fan-out for BL-263.; Not counted as exact supply by this table.; Reward chance: 0.25; Candidate flags: reverse_relation; reward_quantity_defaulted; Reverse Wishing Well relation from reward page; candidate export defaults quantity to 1 for review.; Source: https://buddy.farm/i/caterpillar/; Page data: https://buddy.farm/page-data/i/caterpillar/page-data.json; Cache: caterpillar__caterpillar.json; Parser: buddy-item-multi-source-v1
Catfish,catfish,Grab Bag 01,grab bag 01,openable,openable,https://buddy.farm/i/catfish/,Promoted as advisory source hint from complete cached Buddy page-data fan-out for BL-263.; Not counted as exact supply by this table.; Quantity range: 10-25; Source: https://buddy.farm/i/catfish/; Page data: https://buddy.farm/page-data/i/catfish/page-data.json; Cache: catfish__catfish.json; Parser: buddy-item-multi-source-v1
Chattering Teeth,chattering teeth,Treat Bag 03,treat bag 03,openable,openable,https://buddy.farm/i/chattering-teeth/,Promoted as advisory source hint from complete cached Buddy page-data fan-out for BL-263.; Not counted as exact supply by this table.; Quantity range: 1-1; Source: https://buddy.farm/i/chattering-teeth/; Page data: https://buddy.farm/page-data/i/chattering-teeth/page-data.json; Cache: chattering-teeth__chattering-teeth.json; Parser: buddy-item-multi-source-v1
Chattering Teeth,chattering teeth,Gouda,gouda,wishing_well,Wishing Well throw,https://buddy.farm/i/chattering-teeth/,Promoted as advisory source hint from complete cached Buddy page-data fan-out for BL-263.; Not counted as exact supply by this table.; Reward chance: 0.3333333333333333; Candidate flags: reverse_relation; reward_quantity_defaulted; Reverse Wishing Well relation from reward page; candidate export defaults quantity to 1 for review.; Source: https://buddy.farm/i/chattering-teeth/; Page data: https://buddy.farm/page-data/i/chattering-teeth/page-data.json; Cache: chattering-teeth__chattering-teeth.json; Parser: buddy-item-multi-source-v1
Chattering Teeth,chattering teeth,Witch Hat,witch hat,wishing_well,Wishing Well throw,https://buddy.farm/i/chattering-teeth/,Promoted as advisory source hint from complete cached Buddy page-data fan-out for BL-263.; Not counted as exact supply by this table.; Reward chance: 0.3333333333333333; Candidate flags: reverse_relation; reward_quantity_defaulted; Reverse Wishing Well relation from reward page; candidate export defaults quantity to 1 for review.; Source: https://buddy.farm/i/chattering-teeth/; Page data: https://buddy.farm/page-data/i/chattering-teeth/page-data.json; Cache: chattering-teeth__chattering-teeth.json; Parser: buddy-item-multi-source-v1
Cheese,cheese,Baba's Snack Pack,baba's snack pack,openable,openable,https://buddy.farm/i/cheese/,Promoted as advisory source hint from complete cached Buddy page-data fan-out for BL-263.; Not counted as exact supply by this table.; Quantity range: 3-3; Source: https://buddy.farm/i/cheese/; Page data: https://buddy.farm/page-data/i/cheese/page-data.json; Cache: cheese__cheese.json; Parser: buddy-item-multi-source-v1
Cheese,cheese,Corn Prize Bag,corn prize bag,openable,openable,https://buddy.farm/i/cheese/,Promoted as advisory source hint from complete cached Buddy page-data fan-out for BL-263.; Not counted as exact supply by this table.; Quantity range: 5-5; Source: https://buddy.farm/i/cheese/; Page data: https://buddy.farm/page-data/i/cheese/page-data.json; Cache: cheese__cheese.json; Parser: buddy-item-multi-source-v1
Christmas Card,christmas card,Fancy Present,fancy present,openable,openable,https://buddy.farm/i/christmas-card/,Promoted as advisory source hint from complete cached Buddy page-data fan-out for BL-263.; Not counted as exact supply by this table.; Quantity range: 3-3; Source: https://buddy.farm/i/christmas-card/; Page data: https://buddy.farm/page-data/i/christmas-card/page-data.json; Cache: christmas-card__christmas-card.json; Parser: buddy-item-multi-source-v1
Christmas Card,christmas card,Lovely Present,lovely present,openable,openable,https://buddy.farm/i/christmas-card/,Promoted as advisory source hint from complete cached Buddy page-data fan-out for BL-263.; Not counted as exact supply by this table.; Quantity range: 3-3; Source: https://buddy.farm/i/christmas-card/; Page data: https://buddy.farm/page-data/i/christmas-card/page-data.json; Cache: christmas-card__christmas-card.json; Parser: buddy-item-multi-source-v1
Christmas Card,christmas card,Shiny Present,shiny present,openable,openable,https://buddy.farm/i/christmas-card/,Promoted as advisory source hint from complete cached Buddy page-data fan-out for BL-263.; Not counted as exact supply by this table.; Quantity range: 3-3; Source: https://buddy.farm/i/christmas-card/; Page data: https://buddy.farm/page-data/i/christmas-card/page-data.json; Cache: christmas-card__christmas-card.json; Parser: buddy-item-multi-source-v1
Chum,chum,Essence of Slime,essence of slime,wishing_well,Wishing Well throw,https://buddy.farm/i/chum/,Promoted as advisory source hint from complete cached Buddy page-data fan-out for BL-263.; Not counted as exact supply by this table.; Reward chance: 0.5; Candidate flags: reverse_relation; reward_quantity_defaulted; Reverse Wishing Well relation from reward page; candidate export defaults quantity to 1 for review.; Source: https://buddy.farm/i/chum/; Page data: https://buddy.farm/page-data/i/chum/page-data.json; Cache: chum__chum.json; Parser: buddy-item-multi-source-v1
Clownfish,clownfish,Christmas Present 08,christmas present 08,openable,openable,https://buddy.farm/i/clownfish/,Promoted as advisory source hint from complete cached Buddy page-data fan-out for BL-263.; Not counted as exact supply by this table.; Quantity range: 80-80; Source: https://buddy.farm/i/clownfish/; Page data: https://buddy.farm/page-data/i/clownfish/page-data.json; Cache: clownfish__clownfish.json; Parser: buddy-item-multi-source-v1
Clubs,clubs,Backpack,backpack,openable,openable,https://buddy.farm/i/clubs/,Promoted as advisory source hint from complete cached Buddy page-data fan-out for BL-263.; Not counted as exact supply by this table.; Quantity range: 1-1; Source: https://buddy.farm/i/clubs/; Page data: https://buddy.farm/page-data/i/clubs/page-data.json; Cache: clubs__clubs.json; Parser: buddy-item-multi-source-v1
Clubs,clubs,Stack of Cards,stack of cards,openable,openable,https://buddy.farm/i/clubs/,Promoted as advisory source hint from complete cached Buddy page-data fan-out for BL-263.; Not counted as exact supply by this table.; Quantity range: 1-1; Source: https://buddy.farm/i/clubs/; Page data: https://buddy.farm/page-data/i/clubs/page-data.json; Cache: clubs__clubs.json; Parser: buddy-item-multi-source-v1
Coal,coal,Dragonfly,dragonfly,wishing_well,Wishing Well throw,https://buddy.farm/i/coal/,Promoted as advisory source hint from complete cached Buddy page-data fan-out for BL-263.; Not counted as exact supply by this table.; Reward chance: 0.3333333333333333; Candidate flags: reverse_relation; reward_quantity_defaulted; Reverse Wishing Well relation from reward page; candidate export defaults quantity to 1 for review.; Source: https://buddy.farm/i/coal/; Page data: https://buddy.farm/page-data/i/coal/page-data.json; Cache: coal__coal.json; Parser: buddy-item-multi-source-v1
Coconut Water,coconut water,Traveler's Bag 01,traveler's bag 01,openable,openable,https://buddy.farm/i/coconut-water/,Promoted as advisory source hint from complete cached Buddy page-data fan-out for BL-263.; Not counted as exact supply by this table.; Quantity range: 1-1; Source: https://buddy.farm/i/coconut-water/; Page data: https://buddy.farm/page-data/i/coconut-water/page-data.json; Cache: coconut-water__coconut-water.json; Parser: buddy-item-multi-source-v1
Cogwheel,cogwheel,Large Chest 02,large chest 02,openable,openable,https://buddy.farm/i/cogwheel/,Promoted as advisory source hint from complete cached Buddy page-data fan-out for BL-263.; Not counted as exact supply by this table.; Quantity range: 2-2; Source: https://buddy.farm/i/cogwheel/; Page data: https://buddy.farm/page-data/i/cogwheel/page-data.json; Cache: cogwheel__cogwheel.json; Parser: buddy-item-multi-source-v1
Cogwheel,cogwheel,Ancient Coin,ancient coin,wishing_well,Wishing Well throw,https://buddy.farm/i/cogwheel/,Promoted as advisory source hint from complete cached Buddy page-data fan-out for BL-263.; Not counted as exact supply by this table.; Reward chance: 0.08333333333333333; Candidate flags: reverse_relation; reward_quantity_defaulted; Reverse Wishing Well relation from reward page; candidate export defaults quantity to 1 for review.; Source: https://buddy.farm/i/cogwheel/; Page data: https://buddy.farm/page-data/i/cogwheel/page-data.json; Cache: cogwheel__cogwheel.json; Parser: buddy-item-multi-source-v1
Cogwheel,cogwheel,Pocket Watch,pocket watch,wishing_well,Wishing Well throw,https://buddy.farm/i/cogwheel/,Promoted as advisory source hint from complete cached Buddy page-data fan-out for BL-263.; Not counted as exact supply by this table.; Reward chance: 0.3333333333333333; Candidate flags: reverse_relation; reward_quantity_defaulted; Reverse Wishing Well relation from reward page; candidate export defaults quantity to 1 for review.; Source: https://buddy.farm/i/cogwheel/; Page data: https://buddy.farm/page-data/i/cogwheel/page-data.json; Cache: cogwheel__cogwheel.json; Parser: buddy-item-multi-source-v1
Comet Egg,comet egg,Galactic Egg Basket,galactic egg basket,openable,openable,https://buddy.farm/i/comet-egg/,Promoted as advisory source hint from complete cached Buddy page-data fan-out for BL-263.; Not counted as exact supply by this table.; Quantity range: 1-3; Source: https://buddy.farm/i/comet-egg/; Page data: https://buddy.farm/page-data/i/comet-egg/page-data.json; Cache: comet-egg__comet-egg.json; Parser: buddy-item-multi-source-v1
Conch Shell,conch shell,Christmas Present 08,christmas present 08,openable,openable,https://buddy.farm/i/conch-shell/,Promoted as advisory source hint from complete cached Buddy page-data fan-out for BL-263.; Not counted as exact supply by this table.; Quantity range: 80-80; Source: https://buddy.farm/i/conch-shell/; Page data: https://buddy.farm/page-data/i/conch-shell/page-data.json; Cache: conch-shell__conch-shell.json; Parser: buddy-item-multi-source-v1
Conch Shell,conch shell,Rosalie's Beach Tote,rosalie's beach tote,openable,openable,https://buddy.farm/i/conch-shell/,Promoted as advisory source hint from complete cached Buddy page-data fan-out for BL-263.; Not counted as exact supply by this table.; Quantity range: 1-1; Source: https://buddy.farm/i/conch-shell/; Page data: https://buddy.farm/page-data/i/conch-shell/page-data.json; Cache: conch-shell__conch-shell.json; Parser: buddy-item-multi-source-v1
Corn,corn,Christmas Present 04,christmas present 04,openable,openable,https://buddy.farm/i/corn/,Promoted as advisory source hint from complete cached Buddy page-data fan-out for BL-263.; Not counted as exact supply by this table.; Quantity range: 40-40; Source: https://buddy.farm/i/corn/; Page data: https://buddy.farm/page-data/i/corn/page-data.json; Cache: corn__corn.json; Parser: buddy-item-multi-source-v1
Corn,corn,Cornucopia 01,cornucopia 01,openable,openable,https://buddy.farm/i/corn/,Promoted as advisory source hint from complete cached Buddy page-data fan-out for BL-263.; Not counted as exact supply by this table.; Quantity range: 25-25; Source: https://buddy.farm/i/corn/; Page data: https://buddy.farm/page-data/i/corn/page-data.json; Cache: corn__corn.json; Parser: buddy-item-multi-source-v1
Corn,corn,Cornucopia 02,cornucopia 02,openable,openable,https://buddy.farm/i/corn/,Promoted as advisory source hint from complete cached Buddy page-data fan-out for BL-263.; Not counted as exact supply by this table.; Quantity range: 100-100; Source: https://buddy.farm/i/corn/; Page data: https://buddy.farm/page-data/i/corn/page-data.json; Cache: corn__corn.json; Parser: buddy-item-multi-source-v1
Corn,corn,Cornucopia 03,cornucopia 03,openable,openable,https://buddy.farm/i/corn/,Promoted as advisory source hint from complete cached Buddy page-data fan-out for BL-263.; Not counted as exact supply by this table.; Quantity range: 100-100; Source: https://buddy.farm/i/corn/; Page data: https://buddy.farm/page-data/i/corn/page-data.json; Cache: corn__corn.json; Parser: buddy-item-multi-source-v1
Corn,corn,Large Chest 03,large chest 03,openable,openable,https://buddy.farm/i/corn/,Promoted as advisory source hint from complete cached Buddy page-data fan-out for BL-263.; Not counted as exact supply by this table.; Quantity range: 10-10; Source: https://buddy.farm/i/corn/; Page data: https://buddy.farm/page-data/i/corn/page-data.json; Cache: corn__corn.json; Parser: buddy-item-multi-source-v1
Corn,corn,Herbs,herbs,wishing_well,Wishing Well throw,https://buddy.farm/i/corn/,Promoted as advisory source hint from complete cached Buddy page-data fan-out for BL-263.; Not counted as exact supply by this table.; Reward chance: 0.16666666666666666; Candidate flags: reverse_relation; reward_quantity_defaulted; Reverse Wishing Well relation from reward page; candidate export defaults quantity to 1 for review.; Source: https://buddy.farm/i/corn/; Page data: https://buddy.farm/page-data/i/corn/page-data.json; Cache: corn__corn.json; Parser: buddy-item-multi-source-v1
Cornucopia 01,cornucopia 01,Birthday Surprise Box 03,birthday surprise box 03,openable,openable,https://buddy.farm/i/cornucopia-01/,Promoted as advisory source hint from complete cached Buddy page-data fan-out for BL-263.; Not counted as exact supply by this table.; Quantity range: 1-2; Source: https://buddy.farm/i/cornucopia-01/; Page data: https://buddy.farm/page-data/i/cornucopia-01/page-data.json; Cache: cornucopia-01__cornucopia-01.json; Parser: buddy-item-multi-source-v1
Cornucopia 01,cornucopia 01,Birthday Surprise Box 04,birthday surprise box 04,openable,openable,https://buddy.farm/i/cornucopia-01/,Promoted as advisory source hint from complete cached Buddy page-data fan-out for BL-263.; Not counted as exact supply by this table.; Quantity range: 1-2; Source: https://buddy.farm/i/cornucopia-01/; Page data: https://buddy.farm/page-data/i/cornucopia-01/page-data.json; Cache: cornucopia-01__cornucopia-01.json; Parser: buddy-item-multi-source-v1
Cornucopia 01,cornucopia 01,Birthday Surprise Box 05,birthday surprise box 05,openable,openable,https://buddy.farm/i/cornucopia-01/,Promoted as advisory source hint from complete cached Buddy page-data fan-out for BL-263.; Not counted as exact supply by this table.; Quantity range: 1-2; Source: https://buddy.farm/i/cornucopia-01/; Page data: https://buddy.farm/page-data/i/cornucopia-01/page-data.json; Cache: cornucopia-01__cornucopia-01.json; Parser: buddy-item-multi-source-v1
Cornucopia 02,cornucopia 02,Birthday Surprise Box 03,birthday surprise box 03,openable,openable,https://buddy.farm/i/cornucopia-02/,Promoted as advisory source hint from complete cached Buddy page-data fan-out for BL-263.; Not counted as exact supply by this table.; Quantity range: 1-2; Source: https://buddy.farm/i/cornucopia-02/; Page data: https://buddy.farm/page-data/i/cornucopia-02/page-data.json; Cache: cornucopia-02__cornucopia-02.json; Parser: buddy-item-multi-source-v1
Cornucopia 02,cornucopia 02,Birthday Surprise Box 04,birthday surprise box 04,openable,openable,https://buddy.farm/i/cornucopia-02/,Promoted as advisory source hint from complete cached Buddy page-data fan-out for BL-263.; Not counted as exact supply by this table.; Quantity range: 1-2; Source: https://buddy.farm/i/cornucopia-02/; Page data: https://buddy.farm/page-data/i/cornucopia-02/page-data.json; Cache: cornucopia-02__cornucopia-02.json; Parser: buddy-item-multi-source-v1
Cornucopia 02,cornucopia 02,Birthday Surprise Box 05,birthday surprise box 05,openable,openable,https://buddy.farm/i/cornucopia-02/,Promoted as advisory source hint from complete cached Buddy page-data fan-out for BL-263.; Not counted as exact supply by this table.; Quantity range: 1-2; Source: https://buddy.farm/i/cornucopia-02/; Page data: https://buddy.farm/page-data/i/cornucopia-02/page-data.json; Cache: cornucopia-02__cornucopia-02.json; Parser: buddy-item-multi-source-v1
Cornucopia 03,cornucopia 03,Birthday Surprise Box 05,birthday surprise box 05,openable,openable,https://buddy.farm/i/cornucopia-03/,Promoted as advisory source hint from complete cached Buddy page-data fan-out for BL-263.; Not counted as exact supply by this table.; Quantity range: 1-2; Source: https://buddy.farm/i/cornucopia-03/; Page data: https://buddy.farm/page-data/i/cornucopia-03/page-data.json; Cache: cornucopia-03__cornucopia-03.json; Parser: buddy-item-multi-source-v1
Cotton,cotton,Fall Basket,fall basket,openable,openable,https://buddy.farm/i/cotton/,Promoted as advisory source hint from complete cached Buddy page-data fan-out for BL-263.; Not counted as exact supply by this table.; Quantity range: 2-2; Source: https://buddy.farm/i/cotton/; Page data: https://buddy.farm/page-data/i/cotton/page-data.json; Cache: cotton__cotton.json; Parser: buddy-item-multi-source-v1
Cotton,cotton,Lovely Present,lovely present,openable,openable,https://buddy.farm/i/cotton/,Promoted as advisory source hint from complete cached Buddy page-data fan-out for BL-263.; Not counted as exact supply by this table.; Quantity range: 2-2; Source: https://buddy.farm/i/cotton/; Page data: https://buddy.farm/page-data/i/cotton/page-data.json; Cache: cotton__cotton.json; Parser: buddy-item-multi-source-v1
Crab Claw,crab claw,Corn Prize Bag,corn prize bag,openable,openable,https://buddy.farm/i/crab-claw/,Promoted as advisory source hint from complete cached Buddy page-data fan-out for BL-263.; Not counted as exact supply by this table.; Quantity range: 10-10; Source: https://buddy.farm/i/crab-claw/; Page data: https://buddy.farm/page-data/i/crab-claw/page-data.json; Cache: crab-claw__crab-claw.json; Parser: buddy-item-multi-source-v1
Crab Claw,crab claw,Frog,frog,wishing_well,Wishing Well throw,https://buddy.farm/i/crab-claw/,Promoted as advisory source hint from complete cached Buddy page-data fan-out for BL-263.; Not counted as exact supply by this table.; Reward chance: 0.3333333333333333; Candidate flags: reverse_relation; reward_quantity_defaulted; Reverse Wishing Well relation from reward page; candidate export defaults quantity to 1 for review.; Source: https://buddy.farm/i/crab-claw/; Page data: https://buddy.farm/page-data/i/crab-claw/page-data.json; Cache: crab-claw__crab-claw.json; Parser: buddy-item-multi-source-v1
Crab Claw,crab claw,Orange Gecko,orange gecko,wishing_well,Wishing Well throw,https://buddy.farm/i/crab-claw/,Promoted as advisory source hint from complete cached Buddy page-data fan-out for BL-263.; Not counted as exact supply by this table.; Reward chance: 0.3333333333333333; Candidate flags: reverse_relation; reward_quantity_defaulted; Reverse Wishing Well relation from reward page; candidate export defaults quantity to 1 for review.; Source: https://buddy.farm/i/crab-claw/; Page data: https://buddy.farm/page-data/i/crab-claw/page-data.json; Cache: crab-claw__crab-claw.json; Parser: buddy-item-multi-source-v1
Cranberry Juice,cranberry juice,Cornucopia 02,cornucopia 02,openable,openable,https://buddy.farm/i/cranberry-juice/,Promoted as advisory source hint from complete cached Buddy page-data fan-out for BL-263.; Not counted as exact supply by this table.; Quantity range: 1-1; Source: https://buddy.farm/i/cranberry-juice/; Page data: https://buddy.farm/page-data/i/cranberry-juice/page-data.json; Cache: cranberry-juice__cranberry-juice.json; Parser: buddy-item-multi-source-v1
Cranberry Juice,cranberry juice,Cornucopia 03,cornucopia 03,openable,openable,https://buddy.farm/i/cranberry-juice/,Promoted as advisory source hint from complete cached Buddy page-data fan-out for BL-263.; Not counted as exact supply by this table.; Quantity range: 1-1; Source: https://buddy.farm/i/cranberry-juice/; Page data: https://buddy.farm/page-data/i/cranberry-juice/page-data.json; Cache: cranberry-juice__cranberry-juice.json; Parser: buddy-item-multi-source-v1
Cranberry Juice,cranberry juice,Spring Basket 02,spring basket 02,openable,openable,https://buddy.farm/i/cranberry-juice/,Promoted as advisory source hint from complete cached Buddy page-data fan-out for BL-263.; Not counted as exact supply by this table.; Quantity range: 1-1; Source: https://buddy.farm/i/cranberry-juice/; Page data: https://buddy.farm/page-data/i/cranberry-juice/page-data.json; Cache: cranberry-juice__cranberry-juice.json; Parser: buddy-item-multi-source-v1
Cranberry Juice,cranberry juice,Thomas's Tavern Tote,thomas's tavern tote,openable,openable,https://buddy.farm/i/cranberry-juice/,Promoted as advisory source hint from complete cached Buddy page-data fan-out for BL-263.; Not counted as exact supply by this table.; Quantity range: 1-1; Source: https://buddy.farm/i/cranberry-juice/; Page data: https://buddy.farm/page-data/i/cranberry-juice/page-data.json; Cache: cranberry-juice__cranberry-juice.json; Parser: buddy-item-multi-source-v1
Cranberry Juice,cranberry juice,Tower Prep Pack 01,tower prep pack 01,openable,openable,https://buddy.farm/i/cranberry-juice/,Promoted as advisory source hint from complete cached Buddy page-data fan-out for BL-263.; Not counted as exact supply by this table.; Quantity range: 1-1; Source: https://buddy.farm/i/cranberry-juice/; Page data: https://buddy.farm/page-data/i/cranberry-juice/page-data.json; Cache: cranberry-juice__cranberry-juice.json; Parser: buddy-item-multi-source-v1
Cranberry Juice,cranberry juice,Traveler's Bag 01,traveler's bag 01,openable,openable,https://buddy.farm/i/cranberry-juice/,Promoted as advisory source hint from complete cached Buddy page-data fan-out for BL-263.; Not counted as exact supply by this table.; Quantity range: 1-1; Source: https://buddy.farm/i/cranberry-juice/; Page data: https://buddy.farm/page-data/i/cranberry-juice/page-data.json; Cache: cranberry-juice__cranberry-juice.json; Parser: buddy-item-multi-source-v1
Cricket,cricket,Bug Bag 01,bug bag 01,openable,openable,https://buddy.farm/i/cricket/,Promoted as advisory source hint from complete cached Buddy page-data fan-out for BL-263.; Not counted as exact supply by this table.; Quantity range: 1-10; Source: https://buddy.farm/i/cricket/; Page data: https://buddy.farm/page-data/i/cricket/page-data.json; Cache: cricket__cricket.json; Parser: buddy-item-multi-source-v1
Crunchy Omelette,crunchy omelette,Magical Chest 01,magical chest 01,openable,openable,https://buddy.farm/i/crunchy-omelette/,Promoted as advisory source hint from complete cached Buddy page-data fan-out for BL-263.; Not counted as exact supply by this table.; Quantity range: 1-1; Source: https://buddy.farm/i/crunchy-omelette/; Page data: https://buddy.farm/page-data/i/crunchy-omelette/page-data.json; Cache: crunchy-omelette__crunchy-omelette.json; Parser: buddy-item-multi-source-v1
Crunchy Omelette,crunchy omelette,Magical Chest 02,magical chest 02,openable,openable,https://buddy.farm/i/crunchy-omelette/,Promoted as advisory source hint from complete cached Buddy page-data fan-out for BL-263.; Not counted as exact supply by this table.; Quantity range: 3-3; Source: https://buddy.farm/i/crunchy-omelette/; Page data: https://buddy.farm/page-data/i/crunchy-omelette/page-data.json; Cache: crunchy-omelette__crunchy-omelette.json; Parser: buddy-item-multi-source-v1
Cucumber,cucumber,Christmas Present 06,christmas present 06,openable,openable,https://buddy.farm/i/cucumber/,Promoted as advisory source hint from complete cached Buddy page-data fan-out for BL-263.; Not counted as exact supply by this table.; Quantity range: 60-60; Source: https://buddy.farm/i/cucumber/; Page data: https://buddy.farm/page-data/i/cucumber/page-data.json; Cache: cucumber__cucumber.json; Parser: buddy-item-multi-source-v1
Cupid Buddy Doll,cupid buddy doll,Buddy Doll Bag 02,buddy doll bag 02,openable,openable,https://buddy.farm/i/cupid-buddy-doll/,Promoted as advisory source hint from complete cached Buddy page-data fan-out for BL-263.; Not counted as exact supply by this table.; Quantity range: 1-1; Source: https://buddy.farm/i/cupid-buddy-doll/; Page data: https://buddy.farm/page-data/i/cupid-buddy-doll/page-data.json; Cache: cupid-buddy-doll__cupid-buddy-doll.json; Parser: buddy-item-multi-source-v1
Cyclops Spider,cyclops spider,Bug Bag 01,bug bag 01,openable,openable,https://buddy.farm/i/cyclops-spider/,Promoted as advisory source hint from complete cached Buddy page-data fan-out for BL-263.; Not counted as exact supply by this table.; Quantity range: 1-10; Source: https://buddy.farm/i/cyclops-spider/; Page data: https://buddy.farm/page-data/i/cyclops-spider/page-data.json; Cache: cyclops-spider__cyclops-spider.json; Parser: buddy-item-multi-source-v1
Dancer,dancer,Milk and Cookies,milk and cookies,wishing_well,Wishing Well throw,https://buddy.farm/i/dancer/,Promoted as advisory source hint from complete cached Buddy page-data fan-out for BL-263.; Not counted as exact supply by this table.; Reward chance: 0.25; Candidate flags: reverse_relation; reward_quantity_defaulted; Reverse Wishing Well relation from reward page; candidate export defaults quantity to 1 for review.; Source: https://buddy.farm/i/dancer/; Page data: https://buddy.farm/page-data/i/dancer/page-data.json; Cache: dancer__dancer.json; Parser: buddy-item-multi-source-v1
Diamonds,diamonds,Backpack,backpack,openable,openable,https://buddy.farm/i/diamonds/,Promoted as advisory source hint from complete cached Buddy page-data fan-out for BL-263.; Not counted as exact supply by this table.; Quantity range: 1-1; Source: https://buddy.farm/i/diamonds/; Page data: https://buddy.farm/page-data/i/diamonds/page-data.json; Cache: diamonds__diamonds.json; Parser: buddy-item-multi-source-v1
Diamonds,diamonds,Stack of Cards,stack of cards,openable,openable,https://buddy.farm/i/diamonds/,Promoted as advisory source hint from complete cached Buddy page-data fan-out for BL-263.; Not counted as exact supply by this table.; Quantity range: 1-1; Source: https://buddy.farm/i/diamonds/; Page data: https://buddy.farm/page-data/i/diamonds/page-data.json; Cache: diamonds__diamonds.json; Parser: buddy-item-multi-source-v1
Dice,dice,Small Flute,small flute,wishing_well,Wishing Well throw,https://buddy.farm/i/dice/,Promoted as advisory source hint from complete cached Buddy page-data fan-out for BL-263.; Not counted as exact supply by this table.; Reward chance: 0.2; Candidate flags: reverse_relation; reward_quantity_defaulted; Reverse Wishing Well relation from reward page; candidate export defaults quantity to 1 for review.; Source: https://buddy.farm/i/dice/; Page data: https://buddy.farm/page-data/i/dice/page-data.json; Cache: dice__dice.json; Parser: buddy-item-multi-source-v1
Dice,dice,Spectacles,spectacles,wishing_well,Wishing Well throw,https://buddy.farm/i/dice/,Promoted as advisory source hint from complete cached Buddy page-data fan-out for BL-263.; Not counted as exact supply by this table.; Reward chance: 0.2; Candidate flags: reverse_relation; reward_quantity_defaulted; Reverse Wishing Well relation from reward page; candidate export defaults quantity to 1 for review.; Source: https://buddy.farm/i/dice/; Page data: https://buddy.farm/page-data/i/dice/page-data.json; Cache: dice__dice.json; Parser: buddy-item-multi-source-v1
Dice,dice,Strange Letter,strange letter,wishing_well,Wishing Well throw,https://buddy.farm/i/dice/,Promoted as advisory source hint from complete cached Buddy page-data fan-out for BL-263.; Not counted as exact supply by this table.; Reward chance: 0.25; Candidate flags: reverse_relation; reward_quantity_defaulted; Reverse Wishing Well relation from reward page; candidate export defaults quantity to 1 for review.; Source: https://buddy.farm/i/dice/; Page data: https://buddy.farm/page-data/i/dice/page-data.json; Cache: dice__dice.json; Parser: buddy-item-multi-source-v1
Dice,dice,Wooden Pipe,wooden pipe,wishing_well,Wishing Well throw,https://buddy.farm/i/dice/,Promoted as advisory source hint from complete cached Buddy page-data fan-out for BL-263.; Not counted as exact supply by this table.; Reward chance: 0.25; Candidate flags: reverse_relation; reward_quantity_defaulted; Reverse Wishing Well relation from reward page; candidate export defaults quantity to 1 for review.; Source: https://buddy.farm/i/dice/; Page data: https://buddy.farm/page-data/i/dice/page-data.json; Cache: dice__dice.json; Parser: buddy-item-multi-source-v1
Donner,donner,Christmas Stocking,christmas stocking,openable,openable,https://buddy.farm/i/donner/,Promoted as advisory source hint from complete cached Buddy page-data fan-out for BL-263.; Not counted as exact supply by this table.; Quantity range: 1-1; Source: https://buddy.farm/i/donner/; Page data: https://buddy.farm/page-data/i/donner/page-data.json; Cache: donner__donner.json; Parser: buddy-item-multi-source-v1
Dragonfly,dragonfly,Bug Bag 01,bug bag 01,openable,openable,https://buddy.farm/i/dragonfly/,Promoted as advisory source hint from complete cached Buddy page-data fan-out for BL-263.; Not counted as exact supply by this table.; Quantity range: 1-10; Source: https://buddy.farm/i/dragonfly/; Page data: https://buddy.farm/page-data/i/dragonfly/page-data.json; Cache: dragonfly__dragonfly.json; Parser: buddy-item-multi-source-v1
Drink Bundle,drink bundle,Beatrix's Booming Brawl Box 02,beatrix's booming brawl box 02,openable,openable,https://buddy.farm/i/drink-bundle/,Promoted as advisory source hint from complete cached Buddy page-data fan-out for BL-263.; Not counted as exact supply by this table.; Quantity range: 5-5; Source: https://buddy.farm/i/drink-bundle/; Page data: https://buddy.farm/page-data/i/drink-bundle/page-data.json; Cache: drink-bundle__drink-bundle.json; Parser: buddy-item-multi-source-v1
Egg 01,egg 01,Egg Basket,egg basket,openable,openable,https://buddy.farm/i/egg-01/,Promoted as advisory source hint from complete cached Buddy page-data fan-out for BL-263.; Not counted as exact supply by this table.; Quantity range: 1-5; Source: https://buddy.farm/i/egg-01/; Page data: https://buddy.farm/page-data/i/egg-01/page-data.json; Cache: egg-01__egg-01.json; Parser: buddy-item-multi-source-v1
Egg 02,egg 02,Egg Basket,egg basket,openable,openable,https://buddy.farm/i/egg-02/,Promoted as advisory source hint from complete cached Buddy page-data fan-out for BL-263.; Not counted as exact supply by this table.; Quantity range: 1-5; Source: https://buddy.farm/i/egg-02/; Page data: https://buddy.farm/page-data/i/egg-02/page-data.json; Cache: egg-02__egg-02.json; Parser: buddy-item-multi-source-v1
Egg 02,egg 02,Dragonfly,dragonfly,wishing_well,Wishing Well throw,https://buddy.farm/i/egg-02/,Promoted as advisory source hint from complete cached Buddy page-data fan-out for BL-263.; Not counted as exact supply by this table.; Reward chance: 0.3333333333333333; Candidate flags: reverse_relation; reward_quantity_defaulted; Reverse Wishing Well relation from reward page; candidate export defaults quantity to 1 for review.; Source: https://buddy.farm/i/egg-02/; Page data: https://buddy.farm/page-data/i/egg-02/page-data.json; Cache: egg-02__egg-02.json; Parser: buddy-item-multi-source-v1
Egg 03,egg 03,Egg Basket,egg basket,openable,openable,https://buddy.farm/i/egg-03/,Promoted as advisory source hint from complete cached Buddy page-data fan-out for BL-263.; Not counted as exact supply by this table.; Quantity range: 1-5; Source: https://buddy.farm/i/egg-03/; Page data: https://buddy.farm/page-data/i/egg-03/page-data.json; Cache: egg-03__egg-03.json; Parser: buddy-item-multi-source-v1
Egg 04,egg 04,Egg Basket,egg basket,openable,openable,https://buddy.farm/i/egg-04/,Promoted as advisory source hint from complete cached Buddy page-data fan-out for BL-263.; Not counted as exact supply by this table.; Quantity range: 1-5; Source: https://buddy.farm/i/egg-04/; Page data: https://buddy.farm/page-data/i/egg-04/page-data.json; Cache: egg-04__egg-04.json; Parser: buddy-item-multi-source-v1
Egg 05,egg 05,Egg Basket,egg basket,openable,openable,https://buddy.farm/i/egg-05/,Promoted as advisory source hint from complete cached Buddy page-data fan-out for BL-263.; Not counted as exact supply by this table.; Quantity range: 1-5; Source: https://buddy.farm/i/egg-05/; Page data: https://buddy.farm/page-data/i/egg-05/page-data.json; Cache: egg-05__egg-05.json; Parser: buddy-item-multi-source-v1
Egg 06,egg 06,Egg Basket,egg basket,openable,openable,https://buddy.farm/i/egg-06/,Promoted as advisory source hint from complete cached Buddy page-data fan-out for BL-263.; Not counted as exact supply by this table.; Quantity range: 1-5; Source: https://buddy.farm/i/egg-06/; Page data: https://buddy.farm/page-data/i/egg-06/page-data.json; Cache: egg-06__egg-06.json; Parser: buddy-item-multi-source-v1
Egg 06,egg 06,frank's Basket,frank's basket,openable,openable,https://buddy.farm/i/egg-06/,Promoted as advisory source hint from complete cached Buddy page-data fan-out for BL-263.; Not counted as exact supply by this table.; Quantity range: 1-1; Source: https://buddy.farm/i/egg-06/; Page data: https://buddy.farm/page-data/i/egg-06/page-data.json; Cache: egg-06__egg-06.json; Parser: buddy-item-multi-source-v1
Egg 07,egg 07,Egg Basket,egg basket,openable,openable,https://buddy.farm/i/egg-07/,Promoted as advisory source hint from complete cached Buddy page-data fan-out for BL-263.; Not counted as exact supply by this table.; Quantity range: 1-5; Source: https://buddy.farm/i/egg-07/; Page data: https://buddy.farm/page-data/i/egg-07/page-data.json; Cache: egg-07__egg-07.json; Parser: buddy-item-multi-source-v1
Egg 08,egg 08,Egg Basket,egg basket,openable,openable,https://buddy.farm/i/egg-08/,Promoted as advisory source hint from complete cached Buddy page-data fan-out for BL-263.; Not counted as exact supply by this table.; Quantity range: 1-5; Source: https://buddy.farm/i/egg-08/; Page data: https://buddy.farm/page-data/i/egg-08/page-data.json; Cache: egg-08__egg-08.json; Parser: buddy-item-multi-source-v1
Egg 09,egg 09,Egg Basket,egg basket,openable,openable,https://buddy.farm/i/egg-09/,Promoted as advisory source hint from complete cached Buddy page-data fan-out for BL-263.; Not counted as exact supply by this table.; Quantity range: 1-5; Source: https://buddy.farm/i/egg-09/; Page data: https://buddy.farm/page-data/i/egg-09/page-data.json; Cache: egg-09__egg-09.json; Parser: buddy-item-multi-source-v1
Egg 10,egg 10,Egg Basket,egg basket,openable,openable,https://buddy.farm/i/egg-10/,Promoted as advisory source hint from complete cached Buddy page-data fan-out for BL-263.; Not counted as exact supply by this table.; Quantity range: 1-5; Source: https://buddy.farm/i/egg-10/; Page data: https://buddy.farm/page-data/i/egg-10/page-data.json; Cache: egg-10__egg-10.json; Parser: buddy-item-multi-source-v1
Egg 11,egg 11,Egg Basket,egg basket,openable,openable,https://buddy.farm/i/egg-11/,Promoted as advisory source hint from complete cached Buddy page-data fan-out for BL-263.; Not counted as exact supply by this table.; Quantity range: 1-5; Source: https://buddy.farm/i/egg-11/; Page data: https://buddy.farm/page-data/i/egg-11/page-data.json; Cache: egg-11__egg-11.json; Parser: buddy-item-multi-source-v1
Egg 12,egg 12,Egg Basket,egg basket,openable,openable,https://buddy.farm/i/egg-12/,Promoted as advisory source hint from complete cached Buddy page-data fan-out for BL-263.; Not counted as exact supply by this table.; Quantity range: 1-5; Source: https://buddy.farm/i/egg-12/; Page data: https://buddy.farm/page-data/i/egg-12/page-data.json; Cache: egg-12__egg-12.json; Parser: buddy-item-multi-source-v1
Egg Basket,egg basket,Garden Crate 01,garden crate 01,openable,openable,https://buddy.farm/i/egg-basket/,Promoted as advisory source hint from complete cached Buddy page-data fan-out for BL-263.; Not counted as exact supply by this table.; Quantity range: 10-10; Source: https://buddy.farm/i/egg-basket/; Page data: https://buddy.farm/page-data/i/egg-basket/page-data.json; Cache: egg-basket__egg-basket.json; Parser: buddy-item-multi-source-v1
Egg Basket,egg basket,Magical Chest 01,magical chest 01,openable,openable,https://buddy.farm/i/egg-basket/,Promoted as advisory source hint from complete cached Buddy page-data fan-out for BL-263.; Not counted as exact supply by this table.; Quantity range: 3-3; Source: https://buddy.farm/i/egg-basket/; Page data: https://buddy.farm/page-data/i/egg-basket/page-data.json; Cache: egg-basket__egg-basket.json; Parser: buddy-item-multi-source-v1
Egg Basket,egg basket,Magical Chest 02,magical chest 02,openable,openable,https://buddy.farm/i/egg-basket/,Promoted as advisory source hint from complete cached Buddy page-data fan-out for BL-263.; Not counted as exact supply by this table.; Quantity range: 5-5; Source: https://buddy.farm/i/egg-basket/; Page data: https://buddy.farm/page-data/i/egg-basket/page-data.json; Cache: egg-basket__egg-basket.json; Parser: buddy-item-multi-source-v1
Egg of Ages,egg of ages,Magical Egg Basket,magical egg basket,openable,openable,https://buddy.farm/i/egg-of-ages/,Promoted as advisory source hint from complete cached Buddy page-data fan-out for BL-263.; Not counted as exact supply by this table.; Quantity range: 1-3; Source: https://buddy.farm/i/egg-of-ages/; Page data: https://buddy.farm/page-data/i/egg-of-ages/page-data.json; Cache: egg-of-ages__egg-of-ages.json; Parser: buddy-item-multi-source-v1
Egg of Air,egg of air,Magical Egg Basket,magical egg basket,openable,openable,https://buddy.farm/i/egg-of-air/,Promoted as advisory source hint from complete cached Buddy page-data fan-out for BL-263.; Not counted as exact supply by this table.; Quantity range: 1-3; Source: https://buddy.farm/i/egg-of-air/; Page data: https://buddy.farm/page-data/i/egg-of-air/page-data.json; Cache: egg-of-air__egg-of-air.json; Parser: buddy-item-multi-source-v1
Egg of Chaos,egg of chaos,Magical Chest 01,magical chest 01,openable,openable,https://buddy.farm/i/egg-of-chaos/,Promoted as advisory source hint from complete cached Buddy page-data fan-out for BL-263.; Not counted as exact supply by this table.; Quantity range: 1-1; Source: https://buddy.farm/i/egg-of-chaos/; Page data: https://buddy.farm/page-data/i/egg-of-chaos/page-data.json; Cache: egg-of-chaos__egg-of-chaos.json; Parser: buddy-item-multi-source-v1
Egg of Chaos,egg of chaos,Magical Egg Basket,magical egg basket,openable,openable,https://buddy.farm/i/egg-of-chaos/,Promoted as advisory source hint from complete cached Buddy page-data fan-out for BL-263.; Not counted as exact supply by this table.; Quantity range: 1-3; Source: https://buddy.farm/i/egg-of-chaos/; Page data: https://buddy.farm/page-data/i/egg-of-chaos/page-data.json; Cache: egg-of-chaos__egg-of-chaos.json; Parser: buddy-item-multi-source-v1
Egg of Earth,egg of earth,Magical Egg Basket,magical egg basket,openable,openable,https://buddy.farm/i/egg-of-earth/,Promoted as advisory source hint from complete cached Buddy page-data fan-out for BL-263.; Not counted as exact supply by this table.; Quantity range: 1-3; Source: https://buddy.farm/i/egg-of-earth/; Page data: https://buddy.farm/page-data/i/egg-of-earth/page-data.json; Cache: egg-of-earth__egg-of-earth.json; Parser: buddy-item-multi-source-v1
Egg of Fire,egg of fire,Magical Egg Basket,magical egg basket,openable,openable,https://buddy.farm/i/egg-of-fire/,Promoted as advisory source hint from complete cached Buddy page-data fan-out for BL-263.; Not counted as exact supply by this table.; Quantity range: 1-3; Source: https://buddy.farm/i/egg-of-fire/; Page data: https://buddy.farm/page-data/i/egg-of-fire/page-data.json; Cache: egg-of-fire__egg-of-fire.json; Parser: buddy-item-multi-source-v1
Egg of Life,egg of life,Magical Egg Basket,magical egg basket,openable,openable,https://buddy.farm/i/egg-of-life/,Promoted as advisory source hint from complete cached Buddy page-data fan-out for BL-263.; Not counted as exact supply by this table.; Quantity range: 1-3; Source: https://buddy.farm/i/egg-of-life/; Page data: https://buddy.farm/page-data/i/egg-of-life/page-data.json; Cache: egg-of-life__egg-of-life.json; Parser: buddy-item-multi-source-v1
Egg of Light,egg of light,Magical Egg Basket,magical egg basket,openable,openable,https://buddy.farm/i/egg-of-light/,Promoted as advisory source hint from complete cached Buddy page-data fan-out for BL-263.; Not counted as exact supply by this table.; Quantity range: 1-3; Source: https://buddy.farm/i/egg-of-light/; Page data: https://buddy.farm/page-data/i/egg-of-light/page-data.json; Cache: egg-of-light__egg-of-light.json; Parser: buddy-item-multi-source-v1
Egg of Shadow,egg of shadow,Magical Egg Basket,magical egg basket,openable,openable,https://buddy.farm/i/egg-of-shadow/,Promoted as advisory source hint from complete cached Buddy page-data fan-out for BL-263.; Not counted as exact supply by this table.; Quantity range: 1-3; Source: https://buddy.farm/i/egg-of-shadow/; Page data: https://buddy.farm/page-data/i/egg-of-shadow/page-data.json; Cache: egg-of-shadow__egg-of-shadow.json; Parser: buddy-item-multi-source-v1
Egg of Space,egg of space,Magical Egg Basket,magical egg basket,openable,openable,https://buddy.farm/i/egg-of-space/,Promoted as advisory source hint from complete cached Buddy page-data fan-out for BL-263.; Not counted as exact supply by this table.; Quantity range: 1-3; Source: https://buddy.farm/i/egg-of-space/; Page data: https://buddy.farm/page-data/i/egg-of-space/page-data.json; Cache: egg-of-space__egg-of-space.json; Parser: buddy-item-multi-source-v1
Egg of Tree,egg of tree,Spring Basket 03,spring basket 03,openable,openable,https://buddy.farm/i/egg-of-tree/,Promoted as advisory source hint from complete cached Buddy page-data fan-out for BL-263.; Not counted as exact supply by this table.; Quantity range: 50-50; Source: https://buddy.farm/i/egg-of-tree/; Page data: https://buddy.farm/page-data/i/egg-of-tree/page-data.json; Cache: egg-of-tree__egg-of-tree.json; Parser: buddy-item-multi-source-v1
Egg of Water,egg of water,Magical Egg Basket,magical egg basket,openable,openable,https://buddy.farm/i/egg-of-water/,Promoted as advisory source hint from complete cached Buddy page-data fan-out for BL-263.; Not counted as exact supply by this table.; Quantity range: 1-3; Source: https://buddy.farm/i/egg-of-water/; Page data: https://buddy.farm/page-data/i/egg-of-water/page-data.json; Cache: egg-of-water__egg-of-water.json; Parser: buddy-item-multi-source-v1
Eggplant,eggplant,Christmas Present 06,christmas present 06,openable,openable,https://buddy.farm/i/eggplant/,Promoted as advisory source hint from complete cached Buddy page-data fan-out for BL-263.; Not counted as exact supply by this table.; Quantity range: 60-60; Source: https://buddy.farm/i/eggplant/; Page data: https://buddy.farm/page-data/i/eggplant/page-data.json; Cache: eggplant__eggplant.json; Parser: buddy-item-multi-source-v1
Egyptian Necklace,egyptian necklace,Mystical Chest 01,mystical chest 01,openable,openable,https://buddy.farm/i/egyptian-necklace/,Promoted as advisory source hint from complete cached Buddy page-data fan-out for BL-263.; Not counted as exact supply by this table.; Quantity range: 1-1; Source: https://buddy.farm/i/egyptian-necklace/; Page data: https://buddy.farm/page-data/i/egyptian-necklace/page-data.json; Cache: egyptian-necklace__egyptian-necklace.json; Parser: buddy-item-multi-source-v1
Egyptian Necklace,egyptian necklace,Candy Corn,candy corn,wishing_well,Wishing Well throw,https://buddy.farm/i/egyptian-necklace/,Promoted as advisory source hint from complete cached Buddy page-data fan-out for BL-263.; Not counted as exact supply by this table.; Reward chance: 0.3333333333333333; Candidate flags: reverse_relation; reward_quantity_defaulted; Reverse Wishing Well relation from reward page; candidate export defaults quantity to 1 for review.; Source: https://buddy.farm/i/egyptian-necklace/; Page data: https://buddy.farm/page-data/i/egyptian-necklace/page-data.json; Cache: egyptian-necklace__egyptian-necklace.json; Parser: buddy-item-multi-source-v1
Egyptian Necklace,egyptian necklace,Treat Bag 02,treat bag 02,wishing_well,Wishing Well throw,https://buddy.farm/i/egyptian-necklace/,Promoted as advisory source hint from complete cached Buddy page-data fan-out for BL-263.; Not counted as exact supply by this table.; Reward chance: 0.3333333333333333; Candidate flags: reverse_relation; reward_quantity_defaulted; Reverse Wishing Well relation from reward page; candidate export defaults quantity to 1 for review.; Source: https://buddy.farm/i/egyptian-necklace/; Page data: https://buddy.farm/page-data/i/egyptian-necklace/page-data.json; Cache: egyptian-necklace__egyptian-necklace.json; Parser: buddy-item-multi-source-v1
Emberstone,emberstone,Jade,jade,wishing_well,Wishing Well throw,https://buddy.farm/i/emberstone/,Promoted as advisory source hint from complete cached Buddy page-data fan-out for BL-263.; Not counted as exact supply by this table.; Reward chance: 0.25; Candidate flags: reverse_relation; reward_quantity_defaulted; Reverse Wishing Well relation from reward page; candidate export defaults quantity to 1 for review.; Source: https://buddy.farm/i/emberstone/; Page data: https://buddy.farm/page-data/i/emberstone/page-data.json; Cache: emberstone__emberstone.json; Parser: buddy-item-multi-source-v1
Emerald,emerald,Large Chest 01,large chest 01,openable,openable,https://buddy.farm/i/emerald/,Promoted as advisory source hint from complete cached Buddy page-data fan-out for BL-263.; Not counted as exact supply by this table.; Quantity range: 50-50; Source: https://buddy.farm/i/emerald/; Page data: https://buddy.farm/page-data/i/emerald/page-data.json; Cache: emerald__emerald.json; Parser: buddy-item-multi-source-v1
Emerald,emerald,Small Chest 01,small chest 01,openable,openable,https://buddy.farm/i/emerald/,Promoted as advisory source hint from complete cached Buddy page-data fan-out for BL-263.; Not counted as exact supply by this table.; Quantity range: 10-10; Source: https://buddy.farm/i/emerald/; Page data: https://buddy.farm/page-data/i/emerald/page-data.json; Cache: emerald__emerald.json; Parser: buddy-item-multi-source-v1
Emerald,emerald,Aquamarine,aquamarine,wishing_well,Wishing Well throw,https://buddy.farm/i/emerald/,Promoted as advisory source hint from complete cached Buddy page-data fan-out for BL-263.; Not counted as exact supply by this table.; Reward chance: 0.25; Candidate flags: reverse_relation; reward_quantity_defaulted; Reverse Wishing Well relation from reward page; candidate export defaults quantity to 1 for review.; Source: https://buddy.farm/i/emerald/; Page data: https://buddy.farm/page-data/i/emerald/page-data.json; Cache: emerald__emerald.json; Parser: buddy-item-multi-source-v1
Emerald Ring,emerald ring,Medium Chest 02,medium chest 02,openable,openable,https://buddy.farm/i/emerald-ring/,Promoted as advisory source hint from complete cached Buddy page-data fan-out for BL-263.; Not counted as exact supply by this table.; Quantity range: 5-5; Source: https://buddy.farm/i/emerald-ring/; Page data: https://buddy.farm/page-data/i/emerald-ring/page-data.json; Cache: emerald-ring__emerald-ring.json; Parser: buddy-item-multi-source-v1
Energy Coil,energy coil,Belt Drive,belt drive,wishing_well,Wishing Well throw,https://buddy.farm/i/energy-coil/,Promoted as advisory source hint from complete cached Buddy page-data fan-out for BL-263.; Not counted as exact supply by this table.; Reward chance: 0.3333333333333333; Candidate flags: reverse_relation; reward_quantity_defaulted; Reverse Wishing Well relation from reward page; candidate export defaults quantity to 1 for review.; Source: https://buddy.farm/i/energy-coil/; Page data: https://buddy.farm/page-data/i/energy-coil/page-data.json; Cache: energy-coil__energy-coil.json; Parser: buddy-item-multi-source-v1
Event Token,event token,Event Token Purse,event token purse,openable,openable,https://buddy.farm/i/event-token/,Promoted as advisory source hint from complete cached Buddy page-data fan-out for BL-263.; Not counted as exact supply by this table.; Quantity range: 200-200; Source: https://buddy.farm/i/event-token/; Page data: https://buddy.farm/page-data/i/event-token/page-data.json; Cache: event-token__event-token.json; Parser: buddy-item-multi-source-v1
Event Token Purse,event token purse,Beatrix's Booming Brawl Box 02,beatrix's booming brawl box 02,openable,openable,https://buddy.farm/i/event-token-purse/,Promoted as advisory source hint from complete cached Buddy page-data fan-out for BL-263.; Not counted as exact supply by this table.; Quantity range: 3-3; Source: https://buddy.farm/i/event-token-purse/; Page data: https://buddy.farm/page-data/i/event-token-purse/page-data.json; Cache: event-token-purse__event-token-purse.json; Parser: buddy-item-multi-source-v1
Explosive,explosive,Beatrix's Big Box of Boom,beatrix's big box of boom,openable,openable,https://buddy.farm/i/explosive/,Promoted as advisory source hint from complete cached Buddy page-data fan-out for BL-263.; Not counted as exact supply by this table.; Quantity range: 200-200; Source: https://buddy.farm/i/explosive/; Page data: https://buddy.farm/page-data/i/explosive/page-data.json; Cache: explosive__explosive.json; Parser: buddy-item-multi-source-v1
Explosive,explosive,Beatrix's Booming Brawl Box 01,beatrix's booming brawl box 01,openable,openable,https://buddy.farm/i/explosive/,Promoted as advisory source hint from complete cached Buddy page-data fan-out for BL-263.; Not counted as exact supply by this table.; Quantity range: 250-250; Source: https://buddy.farm/i/explosive/; Page data: https://buddy.farm/page-data/i/explosive/page-data.json; Cache: explosive__explosive.json; Parser: buddy-item-multi-source-v1
Eye Patch,eye patch,Ancient Coin,ancient coin,wishing_well,Wishing Well throw,https://buddy.farm/i/eye-patch/,Promoted as advisory source hint from complete cached Buddy page-data fan-out for BL-263.; Not counted as exact supply by this table.; Reward chance: 0.08333333333333333; Candidate flags: reverse_relation; reward_quantity_defaulted; Reverse Wishing Well relation from reward page; candidate export defaults quantity to 1 for review.; Source: https://buddy.farm/i/eye-patch/; Page data: https://buddy.farm/page-data/i/eye-patch/page-data.json; Cache: eye-patch__eye-patch.json; Parser: buddy-item-multi-source-v1
Eye Patch,eye patch,Captains Log,captains log,wishing_well,Wishing Well throw,https://buddy.farm/i/eye-patch/,Promoted as advisory source hint from complete cached Buddy page-data fan-out for BL-263.; Not counted as exact supply by this table.; Reward chance: 0.25; Candidate flags: reverse_relation; reward_quantity_defaulted; Reverse Wishing Well relation from reward page; candidate export defaults quantity to 1 for review.; Source: https://buddy.farm/i/eye-patch/; Page data: https://buddy.farm/page-data/i/eye-patch/page-data.json; Cache: eye-patch__eye-patch.json; Parser: buddy-item-multi-source-v1
Eye Patch,eye patch,Pirate Bandana,pirate bandana,wishing_well,Wishing Well throw,https://buddy.farm/i/eye-patch/,Promoted as advisory source hint from complete cached Buddy page-data fan-out for BL-263.; Not counted as exact supply by this table.; Reward chance: 0.25; Candidate flags: reverse_relation; reward_quantity_defaulted; Reverse Wishing Well relation from reward page; candidate export defaults quantity to 1 for review.; Source: https://buddy.farm/i/eye-patch/; Page data: https://buddy.farm/page-data/i/eye-patch/page-data.json; Cache: eye-patch__eye-patch.json; Parser: buddy-item-multi-source-v1
Fall Basket,fall basket,Birthday Surprise Box 03,birthday surprise box 03,openable,openable,https://buddy.farm/i/fall-basket/,Promoted as advisory source hint from complete cached Buddy page-data fan-out for BL-263.; Not counted as exact supply by this table.; Quantity range: 1-2; Source: https://buddy.farm/i/fall-basket/; Page data: https://buddy.farm/page-data/i/fall-basket/page-data.json; Cache: fall-basket__fall-basket.json; Parser: buddy-item-multi-source-v1
Fall Basket,fall basket,Birthday Surprise Box 04,birthday surprise box 04,openable,openable,https://buddy.farm/i/fall-basket/,Promoted as advisory source hint from complete cached Buddy page-data fan-out for BL-263.; Not counted as exact supply by this table.; Quantity range: 1-2; Source: https://buddy.farm/i/fall-basket/; Page data: https://buddy.farm/page-data/i/fall-basket/page-data.json; Cache: fall-basket__fall-basket.json; Parser: buddy-item-multi-source-v1
Fall Basket,fall basket,Birthday Surprise Box 05,birthday surprise box 05,openable,openable,https://buddy.farm/i/fall-basket/,Promoted as advisory source hint from complete cached Buddy page-data fan-out for BL-263.; Not counted as exact supply by this table.; Quantity range: 1-2; Source: https://buddy.farm/i/fall-basket/; Page data: https://buddy.farm/page-data/i/fall-basket/page-data.json; Cache: fall-basket__fall-basket.json; Parser: buddy-item-multi-source-v1
Fancy Box,fancy box,Small Gear,small gear,wishing_well,Wishing Well throw,https://buddy.farm/i/fancy-box/,Promoted as advisory source hint from complete cached Buddy page-data fan-out for BL-263.; Not counted as exact supply by this table.; Reward chance: 0.3333333333333333; Candidate flags: reverse_relation; reward_quantity_defaulted; Reverse Wishing Well relation from reward page; candidate export defaults quantity to 1 for review.; Source: https://buddy.farm/i/fancy-box/; Page data: https://buddy.farm/page-data/i/fancy-box/page-data.json; Cache: fancy-box__fancy-box.json; Parser: buddy-item-multi-source-v1
Fancy Drum,fancy drum,Sea Dragon,sea dragon,wishing_well,Wishing Well throw,https://buddy.farm/i/fancy-drum/,Promoted as advisory source hint from complete cached Buddy page-data fan-out for BL-263.; Not counted as exact supply by this table.; Reward chance: 0.3333333333333333; Candidate flags: reverse_relation; reward_quantity_defaulted; Reverse Wishing Well relation from reward page; candidate export defaults quantity to 1 for review.; Source: https://buddy.farm/i/fancy-drum/; Page data: https://buddy.farm/page-data/i/fancy-drum/page-data.json; Cache: fancy-drum__fancy-drum.json; Parser: buddy-item-multi-source-v1
Fancy Drum,fancy drum,Sturdy Bow,sturdy bow,wishing_well,Wishing Well throw,https://buddy.farm/i/fancy-drum/,Promoted as advisory source hint from complete cached Buddy page-data fan-out for BL-263.; Not counted as exact supply by this table.; Reward chance: 0.3333333333333333; Candidate flags: reverse_relation; reward_quantity_defaulted; Reverse Wishing Well relation from reward page; candidate export defaults quantity to 1 for review.; Source: https://buddy.farm/i/fancy-drum/; Page data: https://buddy.farm/page-data/i/fancy-drum/page-data.json; Cache: fancy-drum__fancy-drum.json; Parser: buddy-item-multi-source-v1
Fancy Guitar,fancy guitar,Sturdy Bow,sturdy bow,wishing_well,Wishing Well throw,https://buddy.farm/i/fancy-guitar/,Promoted as advisory source hint from complete cached Buddy page-data fan-out for BL-263.; Not counted as exact supply by this table.; Reward chance: 0.3333333333333333; Candidate flags: reverse_relation; reward_quantity_defaulted; Reverse Wishing Well relation from reward page; candidate export defaults quantity to 1 for review.; Source: https://buddy.farm/i/fancy-guitar/; Page data: https://buddy.farm/page-data/i/fancy-guitar/page-data.json; Cache: fancy-guitar__fancy-guitar.json; Parser: buddy-item-multi-source-v1
Fancy Pipe,fancy pipe,Wooden Pipe,wooden pipe,wishing_well,Wishing Well throw,https://buddy.farm/i/fancy-pipe/,Promoted as advisory source hint from complete cached Buddy page-data fan-out for BL-263.; Not counted as exact supply by this table.; Reward chance: 0.25; Candidate flags: reverse_relation; reward_quantity_defaulted; Reverse Wishing Well relation from reward page; candidate export defaults quantity to 1 for review.; Source: https://buddy.farm/i/fancy-pipe/; Page data: https://buddy.farm/page-data/i/fancy-pipe/page-data.json; Cache: fancy-pipe__fancy-pipe.json; Parser: buddy-item-multi-source-v1
Fancy Present,fancy present,Birthday Surprise Box 03,birthday surprise box 03,openable,openable,https://buddy.farm/i/fancy-present/,Promoted as advisory source hint from complete cached Buddy page-data fan-out for BL-263.; Not counted as exact supply by this table.; Quantity range: 1-2; Source: https://buddy.farm/i/fancy-present/; Page data: https://buddy.farm/page-data/i/fancy-present/page-data.json; Cache: fancy-present__fancy-present.json; Parser: buddy-item-multi-source-v1
Fancy Present,fancy present,Birthday Surprise Box 04,birthday surprise box 04,openable,openable,https://buddy.farm/i/fancy-present/,Promoted as advisory source hint from complete cached Buddy page-data fan-out for BL-263.; Not counted as exact supply by this table.; Quantity range: 1-2; Source: https://buddy.farm/i/fancy-present/; Page data: https://buddy.farm/page-data/i/fancy-present/page-data.json; Cache: fancy-present__fancy-present.json; Parser: buddy-item-multi-source-v1
Fancy Present,fancy present,Birthday Surprise Box 05,birthday surprise box 05,openable,openable,https://buddy.farm/i/fancy-present/,Promoted as advisory source hint from complete cached Buddy page-data fan-out for BL-263.; Not counted as exact supply by this table.; Quantity range: 1-2; Source: https://buddy.farm/i/fancy-present/; Page data: https://buddy.farm/page-data/i/fancy-present/page-data.json; Cache: fancy-present__fancy-present.json; Parser: buddy-item-multi-source-v1
Festive Eggnog,festive eggnog,Box of Holiday Cakes,box of holiday cakes,openable,openable,https://buddy.farm/i/festive-eggnog/,Promoted as advisory source hint from complete cached Buddy page-data fan-out for BL-263.; Not counted as exact supply by this table.; Quantity range: 1-1; Source: https://buddy.farm/i/festive-eggnog/; Page data: https://buddy.farm/page-data/i/festive-eggnog/page-data.json; Cache: festive-eggnog__festive-eggnog.json; Parser: buddy-item-multi-source-v1
Fire Ant,fire ant,Bug Bag 01,bug bag 01,openable,openable,https://buddy.farm/i/fire-ant/,Promoted as advisory source hint from complete cached Buddy page-data fan-out for BL-263.; Not counted as exact supply by this table.; Quantity range: 1-10; Source: https://buddy.farm/i/fire-ant/; Page data: https://buddy.farm/page-data/i/fire-ant/page-data.json; Cache: fire-ant__fire-ant.json; Parser: buddy-item-multi-source-v1
Fire Ant,fire ant,Grab Bag 02,grab bag 02,openable,openable,https://buddy.farm/i/fire-ant/,Promoted as advisory source hint from complete cached Buddy page-data fan-out for BL-263.; Not counted as exact supply by this table.; Quantity range: 10-25; Source: https://buddy.farm/i/fire-ant/; Page data: https://buddy.farm/page-data/i/fire-ant/page-data.json; Cache: fire-ant__fire-ant.json; Parser: buddy-item-multi-source-v1
Fire Ant,fire ant,Caterpillar,caterpillar,wishing_well,Wishing Well throw,https://buddy.farm/i/fire-ant/,Promoted as advisory source hint from complete cached Buddy page-data fan-out for BL-263.; Not counted as exact supply by this table.; Reward chance: 0.25; Candidate flags: reverse_relation; reward_quantity_defaulted; Reverse Wishing Well relation from reward page; candidate export defaults quantity to 1 for review.; Source: https://buddy.farm/i/fire-ant/; Page data: https://buddy.farm/page-data/i/fire-ant/page-data.json; Cache: fire-ant__fire-ant.json; Parser: buddy-item-multi-source-v1
Fire Ant,fire ant,Horned Beetle,horned beetle,wishing_well,Wishing Well throw,https://buddy.farm/i/fire-ant/,Promoted as advisory source hint from complete cached Buddy page-data fan-out for BL-263.; Not counted as exact supply by this table.; Reward chance: 0.25; Candidate flags: reverse_relation; reward_quantity_defaulted; Reverse Wishing Well relation from reward page; candidate export defaults quantity to 1 for review.; Source: https://buddy.farm/i/fire-ant/; Page data: https://buddy.farm/page-data/i/fire-ant/page-data.json; Cache: fire-ant__fire-ant.json; Parser: buddy-item-multi-source-v1
Fireworks,fireworks,Beatrix's Big Box of Boom,beatrix's big box of boom,openable,openable,https://buddy.farm/i/fireworks/,Promoted as advisory source hint from complete cached Buddy page-data fan-out for BL-263.; Not counted as exact supply by this table.; Quantity range: 100-100; Source: https://buddy.farm/i/fireworks/; Page data: https://buddy.farm/page-data/i/fireworks/page-data.json; Cache: fireworks__fireworks.json; Parser: buddy-item-multi-source-v1
Fireworks,fireworks,Beatrix's Booming Brawl Box 01,beatrix's booming brawl box 01,openable,openable,https://buddy.farm/i/fireworks/,Promoted as advisory source hint from complete cached Buddy page-data fan-out for BL-263.; Not counted as exact supply by this table.; Quantity range: 150-150; Source: https://buddy.farm/i/fireworks/; Page data: https://buddy.farm/page-data/i/fireworks/page-data.json; Cache: fireworks__fireworks.json; Parser: buddy-item-multi-source-v1
Fireworks,fireworks,Beatrix's Booming Brawl Box 02,beatrix's booming brawl box 02,openable,openable,https://buddy.farm/i/fireworks/,Promoted as advisory source hint from complete cached Buddy page-data fan-out for BL-263.; Not counted as exact supply by this table.; Quantity range: 150-150; Source: https://buddy.farm/i/fireworks/; Page data: https://buddy.farm/page-data/i/fireworks/page-data.json; Cache: fireworks__fireworks.json; Parser: buddy-item-multi-source-v1
Fireworks,fireworks,Summer Basket,summer basket,openable,openable,https://buddy.farm/i/fireworks/,Promoted as advisory source hint from complete cached Buddy page-data fan-out for BL-263.; Not counted as exact supply by this table.; Quantity range: 2-2; Source: https://buddy.farm/i/fireworks/; Page data: https://buddy.farm/page-data/i/fireworks/page-data.json; Cache: fireworks__fireworks.json; Parser: buddy-item-multi-source-v1
Fish and Chips,fish and chips,Thomas's Tavern Tote,thomas's tavern tote,openable,openable,https://buddy.farm/i/fish-and-chips/,Promoted as advisory source hint from complete cached Buddy page-data fan-out for BL-263.; Not counted as exact supply by this table.; Quantity range: 5-5; Source: https://buddy.farm/i/fish-and-chips/; Page data: https://buddy.farm/page-data/i/fish-and-chips/page-data.json; Cache: fish-and-chips__fish-and-chips.json; Parser: buddy-item-multi-source-v1
Fish Biscuit,fish biscuit,Frozen Chest 02,frozen chest 02,openable,openable,https://buddy.farm/i/fish-biscuit/,Promoted as advisory source hint from complete cached Buddy page-data fan-out for BL-263.; Not counted as exact supply by this table.; Quantity range: 1-1; Source: https://buddy.farm/i/fish-biscuit/; Page data: https://buddy.farm/page-data/i/fish-biscuit/page-data.json; Cache: fish-biscuit__fish-biscuit.json; Parser: buddy-item-multi-source-v1
Fish Biscuit,fish biscuit,Frozen Chest 03,frozen chest 03,openable,openable,https://buddy.farm/i/fish-biscuit/,Promoted as advisory source hint from complete cached Buddy page-data fan-out for BL-263.; Not counted as exact supply by this table.; Quantity range: 1-1; Source: https://buddy.farm/i/fish-biscuit/; Page data: https://buddy.farm/page-data/i/fish-biscuit/page-data.json; Cache: fish-biscuit__fish-biscuit.json; Parser: buddy-item-multi-source-v1
Fish Flakes,fish flakes,Traveler's Bag 01,traveler's bag 01,openable,openable,https://buddy.farm/i/fish-flakes/,Promoted as advisory source hint from complete cached Buddy page-data fan-out for BL-263.; Not counted as exact supply by this table.; Quantity range: 10-10; Source: https://buddy.farm/i/fish-flakes/; Page data: https://buddy.farm/page-data/i/fish-flakes/page-data.json; Cache: fish-flakes__fish-flakes.json; Parser: buddy-item-multi-source-v1
Fishing Net,fishing net,Birthday Present,birthday present,openable,openable,https://buddy.farm/i/fishing-net/,Promoted as advisory source hint from complete cached Buddy page-data fan-out for BL-263.; Not counted as exact supply by this table.; Quantity range: 100-100; Source: https://buddy.farm/i/fishing-net/; Page data: https://buddy.farm/page-data/i/fishing-net/page-data.json; Cache: fishing-net__fishing-net.json; Parser: buddy-item-multi-source-v1
Fishing Net,fishing net,Christmas Present 03,christmas present 03,openable,openable,https://buddy.farm/i/fishing-net/,Promoted as advisory source hint from complete cached Buddy page-data fan-out for BL-263.; Not counted as exact supply by this table.; Quantity range: 30-30; Source: https://buddy.farm/i/fishing-net/; Page data: https://buddy.farm/page-data/i/fishing-net/page-data.json; Cache: fishing-net__fishing-net.json; Parser: buddy-item-multi-source-v1
Fishing Net,fishing net,Christmas Present 05,christmas present 05,openable,openable,https://buddy.farm/i/fishing-net/,Promoted as advisory source hint from complete cached Buddy page-data fan-out for BL-263.; Not counted as exact supply by this table.; Quantity range: 50-50; Source: https://buddy.farm/i/fishing-net/; Page data: https://buddy.farm/page-data/i/fishing-net/page-data.json; Cache: fishing-net__fishing-net.json; Parser: buddy-item-multi-source-v1
Fishing Net,fishing net,Gift Basket 01,gift basket 01,openable,openable,https://buddy.farm/i/fishing-net/,Promoted as advisory source hint from complete cached Buddy page-data fan-out for BL-263.; Not counted as exact supply by this table.; Quantity range: 25-25; Source: https://buddy.farm/i/fishing-net/; Page data: https://buddy.farm/page-data/i/fishing-net/page-data.json; Cache: fishing-net__fishing-net.json; Parser: buddy-item-multi-source-v1
Fishing Net,fishing net,Gift Basket 02,gift basket 02,openable,openable,https://buddy.farm/i/fishing-net/,Promoted as advisory source hint from complete cached Buddy page-data fan-out for BL-263.; Not counted as exact supply by this table.; Quantity range: 100-100; Source: https://buddy.farm/i/fishing-net/; Page data: https://buddy.farm/page-data/i/fishing-net/page-data.json; Cache: fishing-net__fishing-net.json; Parser: buddy-item-multi-source-v1
Fishing Net,fishing net,Grab Bag 06,grab bag 06,openable,openable,https://buddy.farm/i/fishing-net/,Promoted as advisory source hint from complete cached Buddy page-data fan-out for BL-263.; Not counted as exact supply by this table.; Quantity range: 10-20; Source: https://buddy.farm/i/fishing-net/; Page data: https://buddy.farm/page-data/i/fishing-net/page-data.json; Cache: fishing-net__fishing-net.json; Parser: buddy-item-multi-source-v1
Fishing Net,fishing net,Medium Chest 03,medium chest 03,openable,openable,https://buddy.farm/i/fishing-net/,Promoted as advisory source hint from complete cached Buddy page-data fan-out for BL-263.; Not counted as exact supply by this table.; Quantity range: 2-2; Source: https://buddy.farm/i/fishing-net/; Page data: https://buddy.farm/page-data/i/fishing-net/page-data.json; Cache: fishing-net__fishing-net.json; Parser: buddy-item-multi-source-v1
Fishing Net,fishing net,Tackle Box,tackle box,openable,openable,https://buddy.farm/i/fishing-net/,Promoted as advisory source hint from complete cached Buddy page-data fan-out for BL-263.; Not counted as exact supply by this table.; Quantity range: 25-25; Source: https://buddy.farm/i/fishing-net/; Page data: https://buddy.farm/page-data/i/fishing-net/page-data.json; Cache: fishing-net__fishing-net.json; Parser: buddy-item-multi-source-v1
Fishing Net,fishing net,Winter Basket,winter basket,openable,openable,https://buddy.farm/i/fishing-net/,Promoted as advisory source hint from complete cached Buddy page-data fan-out for BL-263.; Not counted as exact supply by this table.; Quantity range: 25-25; Source: https://buddy.farm/i/fishing-net/; Page data: https://buddy.farm/page-data/i/fishing-net/page-data.json; Cache: fishing-net__fishing-net.json; Parser: buddy-item-multi-source-v1
Five Point Mace,five point mace,Friendship Bag 01,friendship bag 01,openable,openable,https://buddy.farm/i/five-point-mace/,Promoted as advisory source hint from complete cached Buddy page-data fan-out for BL-263.; Not counted as exact supply by this table.; Quantity range: 1-3; Source: https://buddy.farm/i/five-point-mace/; Page data: https://buddy.farm/page-data/i/five-point-mace/page-data.json; Cache: five-point-mace__five-point-mace.json; Parser: buddy-item-multi-source-v1
Flamejack,flamejack,Herbs,herbs,wishing_well,Wishing Well throw,https://buddy.farm/i/flamejack/,Promoted as advisory source hint from complete cached Buddy page-data fan-out for BL-263.; Not counted as exact supply by this table.; Reward chance: 0.16666666666666666; Candidate flags: reverse_relation; reward_quantity_defaulted; Reverse Wishing Well relation from reward page; candidate export defaults quantity to 1 for review.; Source: https://buddy.farm/i/flamejack/; Page data: https://buddy.farm/page-data/i/flamejack/page-data.json; Cache: flamejack__flamejack.json; Parser: buddy-item-multi-source-v1
Flier,flier,Christmas Present 08,christmas present 08,openable,openable,https://buddy.farm/i/flier/,Promoted as advisory source hint from complete cached Buddy page-data fan-out for BL-263.; Not counted as exact supply by this table.; Quantity range: 80-80; Source: https://buddy.farm/i/flier/; Page data: https://buddy.farm/page-data/i/flier/page-data.json; Cache: flier__flier.json; Parser: buddy-item-multi-source-v1
frank's Basket,frank's basket,Birthday Surprise Box 03,birthday surprise box 03,openable,openable,https://buddy.farm/i/frank-s-basket/,Promoted as advisory source hint from complete cached Buddy page-data fan-out for BL-263.; Not counted as exact supply by this table.; Quantity range: 1-2; Source: https://buddy.farm/i/frank-s-basket/; Page data: https://buddy.farm/page-data/i/frank-s-basket/page-data.json; Cache: frank-s-basket__frank-s-basket.json; Parser: buddy-item-multi-source-v1
frank's Basket,frank's basket,Birthday Surprise Box 04,birthday surprise box 04,openable,openable,https://buddy.farm/i/frank-s-basket/,Promoted as advisory source hint from complete cached Buddy page-data fan-out for BL-263.; Not counted as exact supply by this table.; Quantity range: 1-2; Source: https://buddy.farm/i/frank-s-basket/; Page data: https://buddy.farm/page-data/i/frank-s-basket/page-data.json; Cache: frank-s-basket__frank-s-basket.json; Parser: buddy-item-multi-source-v1
frank's Basket,frank's basket,Birthday Surprise Box 05,birthday surprise box 05,openable,openable,https://buddy.farm/i/frank-s-basket/,Promoted as advisory source hint from complete cached Buddy page-data fan-out for BL-263.; Not counted as exact supply by this table.; Quantity range: 1-2; Source: https://buddy.farm/i/frank-s-basket/; Page data: https://buddy.farm/page-data/i/frank-s-basket/page-data.json; Cache: frank-s-basket__frank-s-basket.json; Parser: buddy-item-multi-source-v1
frank's Bunny Mask,frank's bunny mask,Magical Chest 02,magical chest 02,openable,openable,https://buddy.farm/i/frank-s-bunny-mask/,Promoted as advisory source hint from complete cached Buddy page-data fan-out for BL-263.; Not counted as exact supply by this table.; Quantity range: 1-1; Source: https://buddy.farm/i/frank-s-bunny-mask/; Page data: https://buddy.farm/page-data/i/frank-s-bunny-mask/page-data.json; Cache: frank-s-bunny-mask__frank-s-bunny-mask.json; Parser: buddy-item-multi-source-v1
Freaky Picture,freaky picture,Ancient Coin,ancient coin,wishing_well,Wishing Well throw,https://buddy.farm/i/freaky-picture/,Promoted as advisory source hint from complete cached Buddy page-data fan-out for BL-263.; Not counted as exact supply by this table.; Reward chance: 0.08333333333333333; Candidate flags: reverse_relation; reward_quantity_defaulted; Reverse Wishing Well relation from reward page; candidate export defaults quantity to 1 for review.; Source: https://buddy.farm/i/freaky-picture/; Page data: https://buddy.farm/page-data/i/freaky-picture/page-data.json; Cache: freaky-picture__freaky-picture.json; Parser: buddy-item-multi-source-v1
Freaky Picture,freaky picture,Strange Letter,strange letter,wishing_well,Wishing Well throw,https://buddy.farm/i/freaky-picture/,Promoted as advisory source hint from complete cached Buddy page-data fan-out for BL-263.; Not counted as exact supply by this table.; Reward chance: 0.25; Candidate flags: reverse_relation; reward_quantity_defaulted; Reverse Wishing Well relation from reward page; candidate export defaults quantity to 1 for review.; Source: https://buddy.farm/i/freaky-picture/; Page data: https://buddy.farm/page-data/i/freaky-picture/page-data.json; Cache: freaky-picture__freaky-picture.json; Parser: buddy-item-multi-source-v1
Freaky Picture,freaky picture,Teapot,teapot,wishing_well,Wishing Well throw,https://buddy.farm/i/freaky-picture/,Promoted as advisory source hint from complete cached Buddy page-data fan-out for BL-263.; Not counted as exact supply by this table.; Reward chance: 0.14285714285714285; Candidate flags: reverse_relation; reward_quantity_defaulted; Reverse Wishing Well relation from reward page; candidate export defaults quantity to 1 for review.; Source: https://buddy.farm/i/freaky-picture/; Page data: https://buddy.farm/page-data/i/freaky-picture/page-data.json; Cache: freaky-picture__freaky-picture.json; Parser: buddy-item-multi-source-v1
Frog,frog,Crab Claw,crab claw,wishing_well,Wishing Well throw,https://buddy.farm/i/frog/,Promoted as advisory source hint from complete cached Buddy page-data fan-out for BL-263.; Not counted as exact supply by this table.; Reward chance: 0.3333333333333333; Candidate flags: reverse_relation; reward_quantity_defaulted; Reverse Wishing Well relation from reward page; candidate export defaults quantity to 1 for review.; Source: https://buddy.farm/i/frog/; Page data: https://buddy.farm/page-data/i/frog/page-data.json; Cache: frog__frog.json; Parser: buddy-item-multi-source-v1
Frog,frog,Orange Gecko,orange gecko,wishing_well,Wishing Well throw,https://buddy.farm/i/frog/,Promoted as advisory source hint from complete cached Buddy page-data fan-out for BL-263.; Not counted as exact supply by this table.; Reward chance: 0.3333333333333333; Candidate flags: reverse_relation; reward_quantity_defaulted; Reverse Wishing Well relation from reward page; candidate export defaults quantity to 1 for review.; Source: https://buddy.farm/i/frog/; Page data: https://buddy.farm/page-data/i/frog/page-data.json; Cache: frog__frog.json; Parser: buddy-item-multi-source-v1
Frog,frog,Sea Dragon,sea dragon,wishing_well,Wishing Well throw,https://buddy.farm/i/frog/,Promoted as advisory source hint from complete cached Buddy page-data fan-out for BL-263.; Not counted as exact supply by this table.; Reward chance: 0.3333333333333333; Candidate flags: reverse_relation; reward_quantity_defaulted; Reverse Wishing Well relation from reward page; candidate export defaults quantity to 1 for review.; Source: https://buddy.farm/i/frog/; Page data: https://buddy.farm/page-data/i/frog/page-data.json; Cache: frog__frog.json; Parser: buddy-item-multi-source-v1
Frost Snapper Shell,frost snapper shell,Glacier Lake,glacier lake,fishing,Large Net,https://buddy.farm/l/glacier-lake/,Buddy lists Frost Snapper Shell from Glacier Lake fishes per drop.
Frozen Bouquet,frozen bouquet,Frozen Chest 01,frozen chest 01,openable,openable,https://buddy.farm/i/frozen-bouquet/,Promoted as advisory source hint from complete cached Buddy page-data fan-out for BL-263.; Not counted as exact supply by this table.; Quantity range: 2-2; Source: https://buddy.farm/i/frozen-bouquet/; Page data: https://buddy.farm/page-data/i/frozen-bouquet/page-data.json; Cache: frozen-bouquet__frozen-bouquet.json; Parser: buddy-item-multi-source-v1
Frozen Buddy Doll,frozen buddy doll,Buddy Doll Bag 02,buddy doll bag 02,openable,openable,https://buddy.farm/i/frozen-buddy-doll/,Promoted as advisory source hint from complete cached Buddy page-data fan-out for BL-263.; Not counted as exact supply by this table.; Quantity range: 1-1; Source: https://buddy.farm/i/frozen-buddy-doll/; Page data: https://buddy.farm/page-data/i/frozen-buddy-doll/page-data.json; Cache: frozen-buddy-doll__frozen-buddy-doll.json; Parser: buddy-item-multi-source-v1
Frozen Cabbage,frozen cabbage,Frozen Chest 01,frozen chest 01,openable,openable,https://buddy.farm/i/frozen-cabbage/,Promoted as advisory source hint from complete cached Buddy page-data fan-out for BL-263.; Not counted as exact supply by this table.; Quantity range: 10-10; Source: https://buddy.farm/i/frozen-cabbage/; Page data: https://buddy.farm/page-data/i/frozen-cabbage/page-data.json; Cache: frozen-cabbage__frozen-cabbage.json; Parser: buddy-item-multi-source-v1
Frozen Cabbage,frozen cabbage,Frozen Chest 02,frozen chest 02,openable,openable,https://buddy.farm/i/frozen-cabbage/,Promoted as advisory source hint from complete cached Buddy page-data fan-out for BL-263.; Not counted as exact supply by this table.; Quantity range: 10-10; Source: https://buddy.farm/i/frozen-cabbage/; Page data: https://buddy.farm/page-data/i/frozen-cabbage/page-data.json; Cache: frozen-cabbage__frozen-cabbage.json; Parser: buddy-item-multi-source-v1
Frozen Cabbage,frozen cabbage,Winter Basket,winter basket,openable,openable,https://buddy.farm/i/frozen-cabbage/,Promoted as advisory source hint from complete cached Buddy page-data fan-out for BL-263.; Not counted as exact supply by this table.; Quantity range: 4-4; Source: https://buddy.farm/i/frozen-cabbage/; Page data: https://buddy.farm/page-data/i/frozen-cabbage/page-data.json; Cache: frozen-cabbage__frozen-cabbage.json; Parser: buddy-item-multi-source-v1
Frozen Chest 01,frozen chest 01,Birthday Surprise Box 03,birthday surprise box 03,openable,openable,https://buddy.farm/i/frozen-chest-01/,Promoted as advisory source hint from complete cached Buddy page-data fan-out for BL-263.; Not counted as exact supply by this table.; Quantity range: 1-2; Source: https://buddy.farm/i/frozen-chest-01/; Page data: https://buddy.farm/page-data/i/frozen-chest-01/page-data.json; Cache: frozen-chest-01__frozen-chest-01.json; Parser: buddy-item-multi-source-v1
Frozen Chest 01,frozen chest 01,Birthday Surprise Box 04,birthday surprise box 04,openable,openable,https://buddy.farm/i/frozen-chest-01/,Promoted as advisory source hint from complete cached Buddy page-data fan-out for BL-263.; Not counted as exact supply by this table.; Quantity range: 1-2; Source: https://buddy.farm/i/frozen-chest-01/; Page data: https://buddy.farm/page-data/i/frozen-chest-01/page-data.json; Cache: frozen-chest-01__frozen-chest-01.json; Parser: buddy-item-multi-source-v1
Frozen Chest 01,frozen chest 01,Birthday Surprise Box 05,birthday surprise box 05,openable,openable,https://buddy.farm/i/frozen-chest-01/,Promoted as advisory source hint from complete cached Buddy page-data fan-out for BL-263.; Not counted as exact supply by this table.; Quantity range: 1-2; Source: https://buddy.farm/i/frozen-chest-01/; Page data: https://buddy.farm/page-data/i/frozen-chest-01/page-data.json; Cache: frozen-chest-01__frozen-chest-01.json; Parser: buddy-item-multi-source-v1
Frozen Chest 02,frozen chest 02,Birthday Surprise Box 04,birthday surprise box 04,openable,openable,https://buddy.farm/i/frozen-chest-02/,Promoted as advisory source hint from complete cached Buddy page-data fan-out for BL-263.; Not counted as exact supply by this table.; Quantity range: 1-2; Source: https://buddy.farm/i/frozen-chest-02/; Page data: https://buddy.farm/page-data/i/frozen-chest-02/page-data.json; Cache: frozen-chest-02__frozen-chest-02.json; Parser: buddy-item-multi-source-v1
Frozen Chest 02,frozen chest 02,Birthday Surprise Box 05,birthday surprise box 05,openable,openable,https://buddy.farm/i/frozen-chest-02/,Promoted as advisory source hint from complete cached Buddy page-data fan-out for BL-263.; Not counted as exact supply by this table.; Quantity range: 1-2; Source: https://buddy.farm/i/frozen-chest-02/; Page data: https://buddy.farm/page-data/i/frozen-chest-02/page-data.json; Cache: frozen-chest-02__frozen-chest-02.json; Parser: buddy-item-multi-source-v1
Frozen Chest 03,frozen chest 03,Birthday Surprise Box 05,birthday surprise box 05,openable,openable,https://buddy.farm/i/frozen-chest-03/,Promoted as advisory source hint from complete cached Buddy page-data fan-out for BL-263.; Not counted as exact supply by this table.; Quantity range: 1-2; Source: https://buddy.farm/i/frozen-chest-03/; Page data: https://buddy.farm/page-data/i/frozen-chest-03/page-data.json; Cache: frozen-chest-03__frozen-chest-03.json; Parser: buddy-item-multi-source-v1
Frozen Corn,frozen corn,Frozen Chest 01,frozen chest 01,openable,openable,https://buddy.farm/i/frozen-corn/,Promoted as advisory source hint from complete cached Buddy page-data fan-out for BL-263.; Not counted as exact supply by this table.; Quantity range: 3-3; Source: https://buddy.farm/i/frozen-corn/; Page data: https://buddy.farm/page-data/i/frozen-corn/page-data.json; Cache: frozen-corn__frozen-corn.json; Parser: buddy-item-multi-source-v1
Frozen Hops,frozen hops,Frozen Chest 03,frozen chest 03,openable,openable,https://buddy.farm/i/frozen-hops/,Promoted as advisory source hint from complete cached Buddy page-data fan-out for BL-263.; Not counted as exact supply by this table.; Quantity range: 50-50; Source: https://buddy.farm/i/frozen-hops/; Page data: https://buddy.farm/page-data/i/frozen-hops/page-data.json; Cache: frozen-hops__frozen-hops.json; Parser: buddy-item-multi-source-v1
Frozen Peas,frozen peas,Frozen Chest 01,frozen chest 01,openable,openable,https://buddy.farm/i/frozen-peas/,Promoted as advisory source hint from complete cached Buddy page-data fan-out for BL-263.; Not counted as exact supply by this table.; Quantity range: 50-50; Source: https://buddy.farm/i/frozen-peas/; Page data: https://buddy.farm/page-data/i/frozen-peas/page-data.json; Cache: frozen-peas__frozen-peas.json; Parser: buddy-item-multi-source-v1
Frozen Peas,frozen peas,Winter Basket,winter basket,openable,openable,https://buddy.farm/i/frozen-peas/,Promoted as advisory source hint from complete cached Buddy page-data fan-out for BL-263.; Not counted as exact supply by this table.; Quantity range: 10-10; Source: https://buddy.farm/i/frozen-peas/; Page data: https://buddy.farm/page-data/i/frozen-peas/page-data.json; Cache: frozen-peas__frozen-peas.json; Parser: buddy-item-multi-source-v1
Frozen Pine,frozen pine,Frozen Chest 01,frozen chest 01,openable,openable,https://buddy.farm/i/frozen-pine/,Promoted as advisory source hint from complete cached Buddy page-data fan-out for BL-263.; Not counted as exact supply by this table.; Quantity range: 5-5; Source: https://buddy.farm/i/frozen-pine/; Page data: https://buddy.farm/page-data/i/frozen-pine/page-data.json; Cache: frozen-pine__frozen-pine.json; Parser: buddy-item-multi-source-v1
Frozen Pine,frozen pine,Winter Basket,winter basket,openable,openable,https://buddy.farm/i/frozen-pine/,Promoted as advisory source hint from complete cached Buddy page-data fan-out for BL-263.; Not counted as exact supply by this table.; Quantity range: 3-3; Source: https://buddy.farm/i/frozen-pine/; Page data: https://buddy.farm/page-data/i/frozen-pine/page-data.json; Cache: frozen-pine__frozen-pine.json; Parser: buddy-item-multi-source-v1
Frozen Radish,frozen radish,Frozen Chest 02,frozen chest 02,openable,openable,https://buddy.farm/i/frozen-radish/,Promoted as advisory source hint from complete cached Buddy page-data fan-out for BL-263.; Not counted as exact supply by this table.; Quantity range: 50-50; Source: https://buddy.farm/i/frozen-radish/; Page data: https://buddy.farm/page-data/i/frozen-radish/page-data.json; Cache: frozen-radish__frozen-radish.json; Parser: buddy-item-multi-source-v1
Frozen Tomato,frozen tomato,Frozen Chest 01,frozen chest 01,openable,openable,https://buddy.farm/i/frozen-tomato/,Promoted as advisory source hint from complete cached Buddy page-data fan-out for BL-263.; Not counted as exact supply by this table.; Quantity range: 30-30; Source: https://buddy.farm/i/frozen-tomato/; Page data: https://buddy.farm/page-data/i/frozen-tomato/page-data.json; Cache: frozen-tomato__frozen-tomato.json; Parser: buddy-item-multi-source-v1
Frozen Tomato,frozen tomato,Frozen Chest 02,frozen chest 02,openable,openable,https://buddy.farm/i/frozen-tomato/,Promoted as advisory source hint from complete cached Buddy page-data fan-out for BL-263.; Not counted as exact supply by this table.; Quantity range: 30-30; Source: https://buddy.farm/i/frozen-tomato/; Page data: https://buddy.farm/page-data/i/frozen-tomato/page-data.json; Cache: frozen-tomato__frozen-tomato.json; Parser: buddy-item-multi-source-v1
Fruit Punch,fruit punch,Holger's Lunch Box,holger's lunch box,openable,openable,https://buddy.farm/i/fruit-punch/,Promoted as advisory source hint from complete cached Buddy page-data fan-out for BL-263.; Not counted as exact supply by this table.; Quantity range: 3-3; Source: https://buddy.farm/i/fruit-punch/; Page data: https://buddy.farm/page-data/i/fruit-punch/page-data.json; Cache: fruit-punch__fruit-punch.json; Parser: buddy-item-multi-source-v1
Fruit Punch,fruit punch,Tower Prep Pack 01,tower prep pack 01,openable,openable,https://buddy.farm/i/fruit-punch/,Promoted as advisory source hint from complete cached Buddy page-data fan-out for BL-263.; Not counted as exact supply by this table.; Quantity range: 6-6; Source: https://buddy.farm/i/fruit-punch/; Page data: https://buddy.farm/page-data/i/fruit-punch/page-data.json; Cache: fruit-punch__fruit-punch.json; Parser: buddy-item-multi-source-v1
Fuzzy Chick 01,fuzzy chick 01,Fuzzy Egg,fuzzy egg,openable,openable,https://buddy.farm/i/fuzzy-chick-01/,Promoted as advisory source hint from complete cached Buddy page-data fan-out for BL-263.; Not counted as exact supply by this table.; Quantity range: 1-3; Source: https://buddy.farm/i/fuzzy-chick-01/; Page data: https://buddy.farm/page-data/i/fuzzy-chick-01/page-data.json; Cache: fuzzy-chick-01__fuzzy-chick-01.json; Parser: buddy-item-multi-source-v1
Fuzzy Chick 02,fuzzy chick 02,Fuzzy Egg,fuzzy egg,openable,openable,https://buddy.farm/i/fuzzy-chick-02/,Promoted as advisory source hint from complete cached Buddy page-data fan-out for BL-263.; Not counted as exact supply by this table.; Quantity range: 1-3; Source: https://buddy.farm/i/fuzzy-chick-02/; Page data: https://buddy.farm/page-data/i/fuzzy-chick-02/page-data.json; Cache: fuzzy-chick-02__fuzzy-chick-02.json; Parser: buddy-item-multi-source-v1
Fuzzy Chick 03,fuzzy chick 03,Fuzzy Egg,fuzzy egg,openable,openable,https://buddy.farm/i/fuzzy-chick-03/,Promoted as advisory source hint from complete cached Buddy page-data fan-out for BL-263.; Not counted as exact supply by this table.; Quantity range: 1-3; Source: https://buddy.farm/i/fuzzy-chick-03/; Page data: https://buddy.farm/page-data/i/fuzzy-chick-03/page-data.json; Cache: fuzzy-chick-03__fuzzy-chick-03.json; Parser: buddy-item-multi-source-v1
Fuzzy Chick 04,fuzzy chick 04,Fuzzy Egg,fuzzy egg,openable,openable,https://buddy.farm/i/fuzzy-chick-04/,Promoted as advisory source hint from complete cached Buddy page-data fan-out for BL-263.; Not counted as exact supply by this table.; Quantity range: 1-3; Source: https://buddy.farm/i/fuzzy-chick-04/; Page data: https://buddy.farm/page-data/i/fuzzy-chick-04/page-data.json; Cache: fuzzy-chick-04__fuzzy-chick-04.json; Parser: buddy-item-multi-source-v1
Fuzzy Chick 05,fuzzy chick 05,Fuzzy Egg,fuzzy egg,openable,openable,https://buddy.farm/i/fuzzy-chick-05/,Promoted as advisory source hint from complete cached Buddy page-data fan-out for BL-263.; Not counted as exact supply by this table.; Quantity range: 1-3; Source: https://buddy.farm/i/fuzzy-chick-05/; Page data: https://buddy.farm/page-data/i/fuzzy-chick-05/page-data.json; Cache: fuzzy-chick-05__fuzzy-chick-05.json; Parser: buddy-item-multi-source-v1
Fuzzy Chick 06,fuzzy chick 06,Fuzzy Egg,fuzzy egg,openable,openable,https://buddy.farm/i/fuzzy-chick-06/,Promoted as advisory source hint from complete cached Buddy page-data fan-out for BL-263.; Not counted as exact supply by this table.; Quantity range: 1-3; Source: https://buddy.farm/i/fuzzy-chick-06/; Page data: https://buddy.farm/page-data/i/fuzzy-chick-06/page-data.json; Cache: fuzzy-chick-06__fuzzy-chick-06.json; Parser: buddy-item-multi-source-v1
Fuzzy Chick 07,fuzzy chick 07,Fuzzy Egg,fuzzy egg,openable,openable,https://buddy.farm/i/fuzzy-chick-07/,Promoted as advisory source hint from complete cached Buddy page-data fan-out for BL-263.; Not counted as exact supply by this table.; Quantity range: 1-3; Source: https://buddy.farm/i/fuzzy-chick-07/; Page data: https://buddy.farm/page-data/i/fuzzy-chick-07/page-data.json; Cache: fuzzy-chick-07__fuzzy-chick-07.json; Parser: buddy-item-multi-source-v1
Fuzzy Chick 08,fuzzy chick 08,Fuzzy Egg,fuzzy egg,openable,openable,https://buddy.farm/i/fuzzy-chick-08/,Promoted as advisory source hint from complete cached Buddy page-data fan-out for BL-263.; Not counted as exact supply by this table.; Quantity range: 1-3; Source: https://buddy.farm/i/fuzzy-chick-08/; Page data: https://buddy.farm/page-data/i/fuzzy-chick-08/page-data.json; Cache: fuzzy-chick-08__fuzzy-chick-08.json; Parser: buddy-item-multi-source-v1
Fuzzy Chick 09,fuzzy chick 09,Fuzzy Egg,fuzzy egg,openable,openable,https://buddy.farm/i/fuzzy-chick-09/,Promoted as advisory source hint from complete cached Buddy page-data fan-out for BL-263.; Not counted as exact supply by this table.; Quantity range: 1-3; Source: https://buddy.farm/i/fuzzy-chick-09/; Page data: https://buddy.farm/page-data/i/fuzzy-chick-09/page-data.json; Cache: fuzzy-chick-09__fuzzy-chick-09.json; Parser: buddy-item-multi-source-v1
Fuzzy Chick 10,fuzzy chick 10,Fuzzy Egg,fuzzy egg,openable,openable,https://buddy.farm/i/fuzzy-chick-10/,Promoted as advisory source hint from complete cached Buddy page-data fan-out for BL-263.; Not counted as exact supply by this table.; Quantity range: 1-3; Source: https://buddy.farm/i/fuzzy-chick-10/; Page data: https://buddy.farm/page-data/i/fuzzy-chick-10/page-data.json; Cache: fuzzy-chick-10__fuzzy-chick-10.json; Parser: buddy-item-multi-source-v1
Fuzzy Chick 11,fuzzy chick 11,Fuzzy Egg,fuzzy egg,openable,openable,https://buddy.farm/i/fuzzy-chick-11/,Promoted as advisory source hint from complete cached Buddy page-data fan-out for BL-263.; Not counted as exact supply by this table.; Quantity range: 1-3; Source: https://buddy.farm/i/fuzzy-chick-11/; Page data: https://buddy.farm/page-data/i/fuzzy-chick-11/page-data.json; Cache: fuzzy-chick-11__fuzzy-chick-11.json; Parser: buddy-item-multi-source-v1
Fuzzy Chick 12,fuzzy chick 12,Fuzzy Egg,fuzzy egg,openable,openable,https://buddy.farm/i/fuzzy-chick-12/,Promoted as advisory source hint from complete cached Buddy page-data fan-out for BL-263.; Not counted as exact supply by this table.; Quantity range: 1-3; Source: https://buddy.farm/i/fuzzy-chick-12/; Page data: https://buddy.farm/page-data/i/fuzzy-chick-12/page-data.json; Cache: fuzzy-chick-12__fuzzy-chick-12.json; Parser: buddy-item-multi-source-v1
Fuzzy Chick 12,fuzzy chick 12,Magical Chest 02,magical chest 02,openable,openable,https://buddy.farm/i/fuzzy-chick-12/,Promoted as advisory source hint from complete cached Buddy page-data fan-out for BL-263.; Not counted as exact supply by this table.; Quantity range: 3-3; Source: https://buddy.farm/i/fuzzy-chick-12/; Page data: https://buddy.farm/page-data/i/fuzzy-chick-12/page-data.json; Cache: fuzzy-chick-12__fuzzy-chick-12.json; Parser: buddy-item-multi-source-v1
Fuzzy Egg,fuzzy egg,Garden Crate 01,garden crate 01,openable,openable,https://buddy.farm/i/fuzzy-egg/,Promoted as advisory source hint from complete cached Buddy page-data fan-out for BL-263.; Not counted as exact supply by this table.; Quantity range: 10-10; Source: https://buddy.farm/i/fuzzy-egg/; Page data: https://buddy.farm/page-data/i/fuzzy-egg/page-data.json; Cache: fuzzy-egg__fuzzy-egg.json; Parser: buddy-item-multi-source-v1
Garden Claw,garden claw,Garden Crate 01,garden crate 01,openable,openable,https://buddy.farm/i/garden-claw/,Promoted as advisory source hint from complete cached Buddy page-data fan-out for BL-263.; Not counted as exact supply by this table.; Quantity range: 1-1; Source: https://buddy.farm/i/garden-claw/; Page data: https://buddy.farm/page-data/i/garden-claw/page-data.json; Cache: garden-claw__garden-claw.json; Parser: buddy-item-multi-source-v1
Garden Crate 01,garden crate 01,Birthday Surprise Box 05,birthday surprise box 05,openable,openable,https://buddy.farm/i/garden-crate-01/,Promoted as advisory source hint from complete cached Buddy page-data fan-out for BL-263.; Not counted as exact supply by this table.; Quantity range: 1-2; Source: https://buddy.farm/i/garden-crate-01/; Page data: https://buddy.farm/page-data/i/garden-crate-01/page-data.json; Cache: garden-crate-01__garden-crate-01.json; Parser: buddy-item-multi-source-v1
Garden Trowel,garden trowel,Garden Crate 01,garden crate 01,openable,openable,https://buddy.farm/i/garden-trowel/,Promoted as advisory source hint from complete cached Buddy page-data fan-out for BL-263.; Not counted as exact supply by this table.; Quantity range: 1-1; Source: https://buddy.farm/i/garden-trowel/; Page data: https://buddy.farm/page-data/i/garden-trowel/page-data.json; Cache: garden-trowel__garden-trowel.json; Parser: buddy-item-multi-source-v1
Gare Bear,gare bear,Heart-shaped Box 02,heart-shaped box 02,openable,openable,https://buddy.farm/i/gare-bear/,Promoted as advisory source hint from complete cached Buddy page-data fan-out for BL-263.; Not counted as exact supply by this table.; Quantity range: 1-1; Source: https://buddy.farm/i/gare-bear/; Page data: https://buddy.farm/page-data/i/gare-bear/page-data.json; Cache: gare-bear__gare-bear.json; Parser: buddy-item-multi-source-v1
Gare Bear,gare bear,Heart-shaped Box 03,heart-shaped box 03,openable,openable,https://buddy.farm/i/gare-bear/,Promoted as advisory source hint from complete cached Buddy page-data fan-out for BL-263.; Not counted as exact supply by this table.; Quantity range: 1-1; Source: https://buddy.farm/i/gare-bear/; Page data: https://buddy.farm/page-data/i/gare-bear/page-data.json; Cache: gare-bear__gare-bear.json; Parser: buddy-item-multi-source-v1
Garnet Ring,garnet ring,Box of Chocolate 01,box of chocolate 01,openable,openable,https://buddy.farm/i/garnet-ring/,Promoted as advisory source hint from complete cached Buddy page-data fan-out for BL-263.; Not counted as exact supply by this table.; Quantity range: 1-1; Source: https://buddy.farm/i/garnet-ring/; Page data: https://buddy.farm/page-data/i/garnet-ring/page-data.json; Cache: garnet-ring__garnet-ring.json; Parser: buddy-item-multi-source-v1
Ghost Buddy Doll,ghost buddy doll,Buddy Doll Bag 01,buddy doll bag 01,openable,openable,https://buddy.farm/i/ghost-buddy-doll/,Promoted as advisory source hint from complete cached Buddy page-data fan-out for BL-263.; Not counted as exact supply by this table.; Quantity range: 1-1; Source: https://buddy.farm/i/ghost-buddy-doll/; Page data: https://buddy.farm/page-data/i/ghost-buddy-doll/page-data.json; Cache: ghost-buddy-doll__ghost-buddy-doll.json; Parser: buddy-item-multi-source-v1
Ghost Candy,ghost candy,Bag of Ghost Candy,bag of ghost candy,openable,openable,https://buddy.farm/i/ghost-candy/,Promoted as advisory source hint from complete cached Buddy page-data fan-out for BL-263.; Not counted as exact supply by this table.; Quantity range: 100-100; Source: https://buddy.farm/i/ghost-candy/; Page data: https://buddy.farm/page-data/i/ghost-candy/page-data.json; Cache: ghost-candy__ghost-candy.json; Parser: buddy-item-multi-source-v1
Ghost Candy,ghost candy,Pillow Case 01,pillow case 01,openable,openable,https://buddy.farm/i/ghost-candy/,Promoted as advisory source hint from complete cached Buddy page-data fan-out for BL-263.; Not counted as exact supply by this table.; Quantity range: 250-250; Source: https://buddy.farm/i/ghost-candy/; Page data: https://buddy.farm/page-data/i/ghost-candy/page-data.json; Cache: ghost-candy__ghost-candy.json; Parser: buddy-item-multi-source-v1
Giant Centipede,giant centipede,Bug Bag 01,bug bag 01,openable,openable,https://buddy.farm/i/giant-centipede/,Promoted as advisory source hint from complete cached Buddy page-data fan-out for BL-263.; Not counted as exact supply by this table.; Quantity range: 1-10; Source: https://buddy.farm/i/giant-centipede/; Page data: https://buddy.farm/page-data/i/giant-centipede/page-data.json; Cache: giant-centipede__giant-centipede.json; Parser: buddy-item-multi-source-v1
Giant Centipede,giant centipede,Grab Bag 02,grab bag 02,openable,openable,https://buddy.farm/i/giant-centipede/,Promoted as advisory source hint from complete cached Buddy page-data fan-out for BL-263.; Not counted as exact supply by this table.; Quantity range: 10-25; Source: https://buddy.farm/i/giant-centipede/; Page data: https://buddy.farm/page-data/i/giant-centipede/page-data.json; Cache: giant-centipede__giant-centipede.json; Parser: buddy-item-multi-source-v1
Giant Centipede,giant centipede,Ancient Coin,ancient coin,wishing_well,Wishing Well throw,https://buddy.farm/i/giant-centipede/,Promoted as advisory source hint from complete cached Buddy page-data fan-out for BL-263.; Not counted as exact supply by this table.; Reward chance: 0.08333333333333333; Candidate flags: reverse_relation; reward_quantity_defaulted; Reverse Wishing Well relation from reward page; candidate export defaults quantity to 1 for review.; Source: https://buddy.farm/i/giant-centipede/; Page data: https://buddy.farm/page-data/i/giant-centipede/page-data.json; Cache: giant-centipede__giant-centipede.json; Parser: buddy-item-multi-source-v1
Giant Centipede,giant centipede,Caterpillar,caterpillar,wishing_well,Wishing Well throw,https://buddy.farm/i/giant-centipede/,Promoted as advisory source hint from complete cached Buddy page-data fan-out for BL-263.; Not counted as exact supply by this table.; Reward chance: 0.25; Candidate flags: reverse_relation; reward_quantity_defaulted; Reverse Wishing Well relation from reward page; candidate export defaults quantity to 1 for review.; Source: https://buddy.farm/i/giant-centipede/; Page data: https://buddy.farm/page-data/i/giant-centipede/page-data.json; Cache: giant-centipede__giant-centipede.json; Parser: buddy-item-multi-source-v1
Giant Centipede,giant centipede,Fire Ant,fire ant,wishing_well,Wishing Well throw,https://buddy.farm/i/giant-centipede/,Promoted as advisory source hint from complete cached Buddy page-data fan-out for BL-263.; Not counted as exact supply by this table.; Reward chance: 0.25; Candidate flags: reverse_relation; reward_quantity_defaulted; Reverse Wishing Well relation from reward page; candidate export defaults quantity to 1 for review.; Source: https://buddy.farm/i/giant-centipede/; Page data: https://buddy.farm/page-data/i/giant-centipede/page-data.json; Cache: giant-centipede__giant-centipede.json; Parser: buddy-item-multi-source-v1
Giant Centipede,giant centipede,Horned Beetle,horned beetle,wishing_well,Wishing Well throw,https://buddy.farm/i/giant-centipede/,Promoted as advisory source hint from complete cached Buddy page-data fan-out for BL-263.; Not counted as exact supply by this table.; Reward chance: 0.25; Candidate flags: reverse_relation; reward_quantity_defaulted; Reverse Wishing Well relation from reward page; candidate export defaults quantity to 1 for review.; Source: https://buddy.farm/i/giant-centipede/; Page data: https://buddy.farm/page-data/i/giant-centipede/page-data.json; Cache: giant-centipede__giant-centipede.json; Parser: buddy-item-multi-source-v1
Glass Bottle,glass bottle,Backpack,backpack,openable,openable,https://buddy.farm/i/glass-bottle/,Promoted as advisory source hint from complete cached Buddy page-data fan-out for BL-263.; Not counted as exact supply by this table.; Quantity range: 50-50; Source: https://buddy.farm/i/glass-bottle/; Page data: https://buddy.farm/page-data/i/glass-bottle/page-data.json; Cache: glass-bottle__glass-bottle.json; Parser: buddy-item-multi-source-v1
Glass Bottle,glass bottle,Birthday Present,birthday present,openable,openable,https://buddy.farm/i/glass-bottle/,Promoted as advisory source hint from complete cached Buddy page-data fan-out for BL-263.; Not counted as exact supply by this table.; Quantity range: 200-200; Source: https://buddy.farm/i/glass-bottle/; Page data: https://buddy.farm/page-data/i/glass-bottle/page-data.json; Cache: glass-bottle__glass-bottle.json; Parser: buddy-item-multi-source-v1
Glass Bottle,glass bottle,Large Chest 03,large chest 03,openable,openable,https://buddy.farm/i/glass-bottle/,Promoted as advisory source hint from complete cached Buddy page-data fan-out for BL-263.; Not counted as exact supply by this table.; Quantity range: 5-5; Source: https://buddy.farm/i/glass-bottle/; Page data: https://buddy.farm/page-data/i/glass-bottle/page-data.json; Cache: glass-bottle__glass-bottle.json; Parser: buddy-item-multi-source-v1
Glass Bottle,glass bottle,Old Boot,old boot,wishing_well,Wishing Well throw,https://buddy.farm/i/glass-bottle/,Promoted as advisory source hint from complete cached Buddy page-data fan-out for BL-263.; Not counted as exact supply by this table.; Reward chance: 0.3333333333333333; Candidate flags: reverse_relation; reward_quantity_defaulted; Reverse Wishing Well relation from reward page; candidate export defaults quantity to 1 for review.; Source: https://buddy.farm/i/glass-bottle/; Page data: https://buddy.farm/page-data/i/glass-bottle/page-data.json; Cache: glass-bottle__glass-bottle.json; Parser: buddy-item-multi-source-v1
Glass Orb,glass orb,Small Chest 02,small chest 02,openable,openable,https://buddy.farm/i/glass-orb/,Promoted as advisory source hint from complete cached Buddy page-data fan-out for BL-263.; Not counted as exact supply by this table.; Quantity range: 10-10; Source: https://buddy.farm/i/glass-orb/; Page data: https://buddy.farm/page-data/i/glass-orb/page-data.json; Cache: glass-orb__glass-orb.json; Parser: buddy-item-multi-source-v1
Globber,globber,Grab Bag 02,grab bag 02,openable,openable,https://buddy.farm/i/globber/,Promoted as advisory source hint from complete cached Buddy page-data fan-out for BL-263.; Not counted as exact supply by this table.; Quantity range: 1-10; Source: https://buddy.farm/i/globber/; Page data: https://buddy.farm/page-data/i/globber/page-data.json; Cache: globber__globber.json; Parser: buddy-item-multi-source-v1
Gold Carrot,gold carrot,Grab Bag 03,grab bag 03,openable,openable,https://buddy.farm/i/gold-carrot/,Promoted as advisory source hint from complete cached Buddy page-data fan-out for BL-263.; Not counted as exact supply by this table.; Quantity range: 10-25; Source: https://buddy.farm/i/gold-carrot/; Page data: https://buddy.farm/page-data/i/gold-carrot/page-data.json; Cache: gold-carrot__gold-carrot.json; Parser: buddy-item-multi-source-v1
Gold Carrot,gold carrot,Gold Cucumber,gold cucumber,wishing_well,Wishing Well throw,https://buddy.farm/i/gold-carrot/,Promoted as advisory source hint from complete cached Buddy page-data fan-out for BL-263.; Not counted as exact supply by this table.; Reward chance: 0.3333333333333333; Candidate flags: reverse_relation; reward_quantity_defaulted; Reverse Wishing Well relation from reward page; candidate export defaults quantity to 1 for review.; Source: https://buddy.farm/i/gold-carrot/; Page data: https://buddy.farm/page-data/i/gold-carrot/page-data.json; Cache: gold-carrot__gold-carrot.json; Parser: buddy-item-multi-source-v1
Gold Carrot,gold carrot,Gold Eggplant,gold eggplant,wishing_well,Wishing Well throw,https://buddy.farm/i/gold-carrot/,Promoted as advisory source hint from complete cached Buddy page-data fan-out for BL-263.; Not counted as exact supply by this table.; Reward chance: 0.25; Candidate flags: reverse_relation; reward_quantity_defaulted; Reverse Wishing Well relation from reward page; candidate export defaults quantity to 1 for review.; Source: https://buddy.farm/i/gold-carrot/; Page data: https://buddy.farm/page-data/i/gold-carrot/page-data.json; Cache: gold-carrot__gold-carrot.json; Parser: buddy-item-multi-source-v1
Gold Carrot,gold carrot,Gold Peppers,gold peppers,wishing_well,Wishing Well throw,https://buddy.farm/i/gold-carrot/,Promoted as advisory source hint from complete cached Buddy page-data fan-out for BL-263.; Not counted as exact supply by this table.; Reward chance: 0.2; Candidate flags: reverse_relation; reward_quantity_defaulted; Reverse Wishing Well relation from reward page; candidate export defaults quantity to 1 for review.; Source: https://buddy.farm/i/gold-carrot/; Page data: https://buddy.farm/page-data/i/gold-carrot/page-data.json; Cache: gold-carrot__gold-carrot.json; Parser: buddy-item-multi-source-v1
Gold Carrot Seeds,gold carrot seeds,Gold Seed Bag 01,gold seed bag 01,openable,openable,https://buddy.farm/i/gold-carrot-seeds/,Promoted as advisory source hint from complete cached Buddy page-data fan-out for BL-263.; Not counted as exact supply by this table.; Quantity range: 100-100; Source: https://buddy.farm/i/gold-carrot-seeds/; Page data: https://buddy.farm/page-data/i/gold-carrot-seeds/page-data.json; Cache: gold-carrot-seeds__gold-carrot-seeds.json; Parser: buddy-item-multi-source-v1
Gold Catfish,gold catfish,Grab Bag 07,grab bag 07,openable,openable,https://buddy.farm/i/gold-catfish/,Promoted as advisory source hint from complete cached Buddy page-data fan-out for BL-263.; Not counted as exact supply by this table.; Quantity range: 1-5; Source: https://buddy.farm/i/gold-catfish/; Page data: https://buddy.farm/page-data/i/gold-catfish/page-data.json; Cache: gold-catfish__gold-catfish.json; Parser: buddy-item-multi-source-v1
Gold Catfish,gold catfish,Gold Drum,gold drum,wishing_well,Wishing Well throw,https://buddy.farm/i/gold-catfish/,Promoted as advisory source hint from complete cached Buddy page-data fan-out for BL-263.; Not counted as exact supply by this table.; Reward chance: 0.3333333333333333; Candidate flags: reverse_relation; reward_quantity_defaulted; Reverse Wishing Well relation from reward page; candidate export defaults quantity to 1 for review.; Source: https://buddy.farm/i/gold-catfish/; Page data: https://buddy.farm/page-data/i/gold-catfish/page-data.json; Cache: gold-catfish__gold-catfish.json; Parser: buddy-item-multi-source-v1
Gold Catfish,gold catfish,Gold Flier,gold flier,wishing_well,Wishing Well throw,https://buddy.farm/i/gold-catfish/,Promoted as advisory source hint from complete cached Buddy page-data fan-out for BL-263.; Not counted as exact supply by this table.; Reward chance: 0.3333333333333333; Candidate flags: reverse_relation; reward_quantity_defaulted; Reverse Wishing Well relation from reward page; candidate export defaults quantity to 1 for review.; Source: https://buddy.farm/i/gold-catfish/; Page data: https://buddy.farm/page-data/i/gold-catfish/page-data.json; Cache: gold-catfish__gold-catfish.json; Parser: buddy-item-multi-source-v1
Gold Catfish,gold catfish,Goldfin,goldfin,wishing_well,Wishing Well throw,https://buddy.farm/i/gold-catfish/,Promoted as advisory source hint from complete cached Buddy page-data fan-out for BL-263.; Not counted as exact supply by this table.; Reward chance: 0.3333333333333333; Candidate flags: reverse_relation; reward_quantity_defaulted; Reverse Wishing Well relation from reward page; candidate export defaults quantity to 1 for review.; Source: https://buddy.farm/i/gold-catfish/; Page data: https://buddy.farm/page-data/i/gold-catfish/page-data.json; Cache: gold-catfish__gold-catfish.json; Parser: buddy-item-multi-source-v1
Gold Catfish,gold catfish,Goldgill,goldgill,wishing_well,Wishing Well throw,https://buddy.farm/i/gold-catfish/,Promoted as advisory source hint from complete cached Buddy page-data fan-out for BL-263.; Not counted as exact supply by this table.; Reward chance: 0.3333333333333333; Candidate flags: reverse_relation; reward_quantity_defaulted; Reverse Wishing Well relation from reward page; candidate export defaults quantity to 1 for review.; Source: https://buddy.farm/i/gold-catfish/; Page data: https://buddy.farm/page-data/i/gold-catfish/page-data.json; Cache: gold-catfish__gold-catfish.json; Parser: buddy-item-multi-source-v1
Gold Coral,gold coral,Grab Bag 07,grab bag 07,openable,openable,https://buddy.farm/i/gold-coral/,Promoted as advisory source hint from complete cached Buddy page-data fan-out for BL-263.; Not counted as exact supply by this table.; Quantity range: 1-5; Source: https://buddy.farm/i/gold-coral/; Page data: https://buddy.farm/page-data/i/gold-coral/page-data.json; Cache: gold-coral__gold-coral.json; Parser: buddy-item-multi-source-v1
Gold Coral,gold coral,Mystical Chest 01,mystical chest 01,openable,openable,https://buddy.farm/i/gold-coral/,Promoted as advisory source hint from complete cached Buddy page-data fan-out for BL-263.; Not counted as exact supply by this table.; Quantity range: 3-3; Source: https://buddy.farm/i/gold-coral/; Page data: https://buddy.farm/page-data/i/gold-coral/page-data.json; Cache: gold-coral__gold-coral.json; Parser: buddy-item-multi-source-v1
Gold Coral,gold coral,Gold Sea Bass,gold sea bass,wishing_well,Wishing Well throw,https://buddy.farm/i/gold-coral/,Promoted as advisory source hint from complete cached Buddy page-data fan-out for BL-263.; Not counted as exact supply by this table.; Reward chance: 0.3333333333333333; Candidate flags: reverse_relation; reward_quantity_defaulted; Reverse Wishing Well relation from reward page; candidate export defaults quantity to 1 for review.; Source: https://buddy.farm/i/gold-coral/; Page data: https://buddy.farm/page-data/i/gold-coral/page-data.json; Cache: gold-coral__gold-coral.json; Parser: buddy-item-multi-source-v1
Gold Crab,gold crab,Bag of Presents 01,bag of presents 01,openable,openable,https://buddy.farm/i/gold-crab/,Promoted as advisory source hint from complete cached Buddy page-data fan-out for BL-263.; Not counted as exact supply by this table.; Quantity range: 1-1; Source: https://buddy.farm/i/gold-crab/; Page data: https://buddy.farm/page-data/i/gold-crab/page-data.json; Cache: gold-crab__gold-crab.json; Parser: buddy-item-multi-source-v1
Gold Cucumber,gold cucumber,Grab Bag 01,grab bag 01,openable,openable,https://buddy.farm/i/gold-cucumber/,Promoted as advisory source hint from complete cached Buddy page-data fan-out for BL-263.; Not counted as exact supply by this table.; Quantity range: 10-50; Source: https://buddy.farm/i/gold-cucumber/; Page data: https://buddy.farm/page-data/i/gold-cucumber/page-data.json; Cache: gold-cucumber__gold-cucumber.json; Parser: buddy-item-multi-source-v1
Gold Cucumber,gold cucumber,Grab Bag 03,grab bag 03,openable,openable,https://buddy.farm/i/gold-cucumber/,Promoted as advisory source hint from complete cached Buddy page-data fan-out for BL-263.; Not counted as exact supply by this table.; Quantity range: 10-25; Source: https://buddy.farm/i/gold-cucumber/; Page data: https://buddy.farm/page-data/i/gold-cucumber/page-data.json; Cache: gold-cucumber__gold-cucumber.json; Parser: buddy-item-multi-source-v1
Gold Cucumber,gold cucumber,Gold Carrot,gold carrot,wishing_well,Wishing Well throw,https://buddy.farm/i/gold-cucumber/,Promoted as advisory source hint from complete cached Buddy page-data fan-out for BL-263.; Not counted as exact supply by this table.; Reward chance: 0.25; Candidate flags: reverse_relation; reward_quantity_defaulted; Reverse Wishing Well relation from reward page; candidate export defaults quantity to 1 for review.; Source: https://buddy.farm/i/gold-cucumber/; Page data: https://buddy.farm/page-data/i/gold-cucumber/page-data.json; Cache: gold-cucumber__gold-cucumber.json; Parser: buddy-item-multi-source-v1
Gold Cucumber,gold cucumber,Gold Peas,gold peas,wishing_well,Wishing Well throw,https://buddy.farm/i/gold-cucumber/,Promoted as advisory source hint from complete cached Buddy page-data fan-out for BL-263.; Not counted as exact supply by this table.; Reward chance: 0.25; Candidate flags: reverse_relation; reward_quantity_defaulted; Reverse Wishing Well relation from reward page; candidate export defaults quantity to 1 for review.; Source: https://buddy.farm/i/gold-cucumber/; Page data: https://buddy.farm/page-data/i/gold-cucumber/page-data.json; Cache: gold-cucumber__gold-cucumber.json; Parser: buddy-item-multi-source-v1
Gold Cucumber,gold cucumber,Gold Peppers,gold peppers,wishing_well,Wishing Well throw,https://buddy.farm/i/gold-cucumber/,Promoted as advisory source hint from complete cached Buddy page-data fan-out for BL-263.; Not counted as exact supply by this table.; Reward chance: 0.2; Candidate flags: reverse_relation; reward_quantity_defaulted; Reverse Wishing Well relation from reward page; candidate export defaults quantity to 1 for review.; Source: https://buddy.farm/i/gold-cucumber/; Page data: https://buddy.farm/page-data/i/gold-cucumber/page-data.json; Cache: gold-cucumber__gold-cucumber.json; Parser: buddy-item-multi-source-v1
Gold Cucumber Seeds,gold cucumber seeds,Gold Seed Bag 01,gold seed bag 01,openable,openable,https://buddy.farm/i/gold-cucumber-seeds/,Promoted as advisory source hint from complete cached Buddy page-data fan-out for BL-263.; Not counted as exact supply by this table.; Quantity range: 50-50; Source: https://buddy.farm/i/gold-cucumber-seeds/; Page data: https://buddy.farm/page-data/i/gold-cucumber-seeds/page-data.json; Cache: gold-cucumber-seeds__gold-cucumber-seeds.json; Parser: buddy-item-multi-source-v1
Gold Drum,gold drum,Grab Bag 07,grab bag 07,openable,openable,https://buddy.farm/i/gold-drum/,Promoted as advisory source hint from complete cached Buddy page-data fan-out for BL-263.; Not counted as exact supply by this table.; Quantity range: 1-5; Source: https://buddy.farm/i/gold-drum/; Page data: https://buddy.farm/page-data/i/gold-drum/page-data.json; Cache: gold-drum__gold-drum.json; Parser: buddy-item-multi-source-v1
Gold Drum,gold drum,Goldray,goldray,wishing_well,Wishing Well throw,https://buddy.farm/i/gold-drum/,Promoted as advisory source hint from complete cached Buddy page-data fan-out for BL-263.; Not counted as exact supply by this table.; Reward chance: 0.3333333333333333; Candidate flags: reverse_relation; reward_quantity_defaulted; Reverse Wishing Well relation from reward page; candidate export defaults quantity to 1 for review.; Source: https://buddy.farm/i/gold-drum/; Page data: https://buddy.farm/page-data/i/gold-drum/page-data.json; Cache: gold-drum__gold-drum.json; Parser: buddy-item-multi-source-v1
Gold Eggplant,gold eggplant,Grab Bag 03,grab bag 03,openable,openable,https://buddy.farm/i/gold-eggplant/,Promoted as advisory source hint from complete cached Buddy page-data fan-out for BL-263.; Not counted as exact supply by this table.; Quantity range: 10-25; Source: https://buddy.farm/i/gold-eggplant/; Page data: https://buddy.farm/page-data/i/gold-eggplant/page-data.json; Cache: gold-eggplant__gold-eggplant.json; Parser: buddy-item-multi-source-v1
Gold Eggplant,gold eggplant,Gold Carrot,gold carrot,wishing_well,Wishing Well throw,https://buddy.farm/i/gold-eggplant/,Promoted as advisory source hint from complete cached Buddy page-data fan-out for BL-263.; Not counted as exact supply by this table.; Reward chance: 0.25; Candidate flags: reverse_relation; reward_quantity_defaulted; Reverse Wishing Well relation from reward page; candidate export defaults quantity to 1 for review.; Source: https://buddy.farm/i/gold-eggplant/; Page data: https://buddy.farm/page-data/i/gold-eggplant/page-data.json; Cache: gold-eggplant__gold-eggplant.json; Parser: buddy-item-multi-source-v1
Gold Eggplant,gold eggplant,Gold Cucumber,gold cucumber,wishing_well,Wishing Well throw,https://buddy.farm/i/gold-eggplant/,Promoted as advisory source hint from complete cached Buddy page-data fan-out for BL-263.; Not counted as exact supply by this table.; Reward chance: 0.3333333333333333; Candidate flags: reverse_relation; reward_quantity_defaulted; Reverse Wishing Well relation from reward page; candidate export defaults quantity to 1 for review.; Source: https://buddy.farm/i/gold-eggplant/; Page data: https://buddy.farm/page-data/i/gold-eggplant/page-data.json; Cache: gold-eggplant__gold-eggplant.json; Parser: buddy-item-multi-source-v1
Gold Eggplant,gold eggplant,Gold Peas,gold peas,wishing_well,Wishing Well throw,https://buddy.farm/i/gold-eggplant/,Promoted as advisory source hint from complete cached Buddy page-data fan-out for BL-263.; Not counted as exact supply by this table.; Reward chance: 0.25; Candidate flags: reverse_relation; reward_quantity_defaulted; Reverse Wishing Well relation from reward page; candidate export defaults quantity to 1 for review.; Source: https://buddy.farm/i/gold-eggplant/; Page data: https://buddy.farm/page-data/i/gold-eggplant/page-data.json; Cache: gold-eggplant__gold-eggplant.json; Parser: buddy-item-multi-source-v1
Gold Eggplant,gold eggplant,Gold Peppers,gold peppers,wishing_well,Wishing Well throw,https://buddy.farm/i/gold-eggplant/,Promoted as advisory source hint from complete cached Buddy page-data fan-out for BL-263.; Not counted as exact supply by this table.; Reward chance: 0.2; Candidate flags: reverse_relation; reward_quantity_defaulted; Reverse Wishing Well relation from reward page; candidate export defaults quantity to 1 for review.; Source: https://buddy.farm/i/gold-eggplant/; Page data: https://buddy.farm/page-data/i/gold-eggplant/page-data.json; Cache: gold-eggplant__gold-eggplant.json; Parser: buddy-item-multi-source-v1
Gold Eggplant Seeds,gold eggplant seeds,Gold Seed Bag 01,gold seed bag 01,openable,openable,https://buddy.farm/i/gold-eggplant-seeds/,Promoted as advisory source hint from complete cached Buddy page-data fan-out for BL-263.; Not counted as exact supply by this table.; Quantity range: 40-40; Source: https://buddy.farm/i/gold-eggplant-seeds/; Page data: https://buddy.farm/page-data/i/gold-eggplant-seeds/page-data.json; Cache: gold-eggplant-seeds__gold-eggplant-seeds.json; Parser: buddy-item-multi-source-v1
Gold Feather,gold feather,Bag of Presents 01,bag of presents 01,openable,openable,https://buddy.farm/i/gold-feather/,Promoted as advisory source hint from complete cached Buddy page-data fan-out for BL-263.; Not counted as exact supply by this table.; Quantity range: 5-5; Source: https://buddy.farm/i/gold-feather/; Page data: https://buddy.farm/page-data/i/gold-feather/page-data.json; Cache: gold-feather__gold-feather.json; Parser: buddy-item-multi-source-v1
Gold Feather,gold feather,Grab Bag 03,grab bag 03,openable,openable,https://buddy.farm/i/gold-feather/,Promoted as advisory source hint from complete cached Buddy page-data fan-out for BL-263.; Not counted as exact supply by this table.; Quantity range: 10-25; Source: https://buddy.farm/i/gold-feather/; Page data: https://buddy.farm/page-data/i/gold-feather/page-data.json; Cache: gold-feather__gold-feather.json; Parser: buddy-item-multi-source-v1
Gold Feather,gold feather,Bacon,bacon,wishing_well,Wishing Well throw,https://buddy.farm/i/gold-feather/,Promoted as advisory source hint from complete cached Buddy page-data fan-out for BL-263.; Not counted as exact supply by this table.; Reward chance: 0.3333333333333333; Candidate flags: reverse_relation; reward_quantity_defaulted; Reverse Wishing Well relation from reward page; candidate export defaults quantity to 1 for review.; Source: https://buddy.farm/i/gold-feather/; Page data: https://buddy.farm/page-data/i/gold-feather/page-data.json; Cache: gold-feather__gold-feather.json; Parser: buddy-item-multi-source-v1
Gold Feather,gold feather,Gold Leaf,gold leaf,wishing_well,Wishing Well throw,https://buddy.farm/i/gold-feather/,Promoted as advisory source hint from complete cached Buddy page-data fan-out for BL-263.; Not counted as exact supply by this table.; Reward chance: 0.3333333333333333; Candidate flags: reverse_relation; reward_quantity_defaulted; Reverse Wishing Well relation from reward page; candidate export defaults quantity to 1 for review.; Source: https://buddy.farm/i/gold-feather/; Page data: https://buddy.farm/page-data/i/gold-feather/page-data.json; Cache: gold-feather__gold-feather.json; Parser: buddy-item-multi-source-v1
Gold Feather,gold feather,Gold Peas,gold peas,wishing_well,Wishing Well throw,https://buddy.farm/i/gold-feather/,Promoted as advisory source hint from complete cached Buddy page-data fan-out for BL-263.; Not counted as exact supply by this table.; Reward chance: 0.25; Candidate flags: reverse_relation; reward_quantity_defaulted; Reverse Wishing Well relation from reward page; candidate export defaults quantity to 1 for review.; Source: https://buddy.farm/i/gold-feather/; Page data: https://buddy.farm/page-data/i/gold-feather/page-data.json; Cache: gold-feather__gold-feather.json; Parser: buddy-item-multi-source-v1
Gold Feather,gold feather,Runestone 04,runestone 04,wishing_well,Wishing Well throw,https://buddy.farm/i/gold-feather/,Promoted as advisory source hint from complete cached Buddy page-data fan-out for BL-263.; Not counted as exact supply by this table.; Reward chance: 0.3333333333333333; Candidate flags: reverse_relation; reward_quantity_defaulted; Reverse Wishing Well relation from reward page; candidate export defaults quantity to 1 for review.; Source: https://buddy.farm/i/gold-feather/; Page data: https://buddy.farm/page-data/i/gold-feather/page-data.json; Cache: gold-feather__gold-feather.json; Parser: buddy-item-multi-source-v1
Gold Feather,gold feather,Runestone 06,runestone 06,wishing_well,Wishing Well throw,https://buddy.farm/i/gold-feather/,Promoted as advisory source hint from complete cached Buddy page-data fan-out for BL-263.; Not counted as exact supply by this table.; Reward chance: 0.25; Candidate flags: reverse_relation; reward_quantity_defaulted; Reverse Wishing Well relation from reward page; candidate export defaults quantity to 1 for review.; Source: https://buddy.farm/i/gold-feather/; Page data: https://buddy.farm/page-data/i/gold-feather/page-data.json; Cache: gold-feather__gold-feather.json; Parser: buddy-item-multi-source-v1
Gold Feather,gold feather,Runestone 08,runestone 08,wishing_well,Wishing Well throw,https://buddy.farm/i/gold-feather/,Promoted as advisory source hint from complete cached Buddy page-data fan-out for BL-263.; Not counted as exact supply by this table.; Reward chance: 0.3333333333333333; Candidate flags: reverse_relation; reward_quantity_defaulted; Reverse Wishing Well relation from reward page; candidate export defaults quantity to 1 for review.; Source: https://buddy.farm/i/gold-feather/; Page data: https://buddy.farm/page-data/i/gold-feather/page-data.json; Cache: gold-feather__gold-feather.json; Parser: buddy-item-multi-source-v1
Gold Feather,gold feather,Runestone 09,runestone 09,wishing_well,Wishing Well throw,https://buddy.farm/i/gold-feather/,Promoted as advisory source hint from complete cached Buddy page-data fan-out for BL-263.; Not counted as exact supply by this table.; Reward chance: 0.3333333333333333; Candidate flags: reverse_relation; reward_quantity_defaulted; Reverse Wishing Well relation from reward page; candidate export defaults quantity to 1 for review.; Source: https://buddy.farm/i/gold-feather/; Page data: https://buddy.farm/page-data/i/gold-feather/page-data.json; Cache: gold-feather__gold-feather.json; Parser: buddy-item-multi-source-v1
Gold Flier,gold flier,Grab Bag 07,grab bag 07,openable,openable,https://buddy.farm/i/gold-flier/,Promoted as advisory source hint from complete cached Buddy page-data fan-out for BL-263.; Not counted as exact supply by this table.; Quantity range: 1-5; Source: https://buddy.farm/i/gold-flier/; Page data: https://buddy.farm/page-data/i/gold-flier/page-data.json; Cache: gold-flier__gold-flier.json; Parser: buddy-item-multi-source-v1
Gold Flier,gold flier,Gold Sea Bass,gold sea bass,wishing_well,Wishing Well throw,https://buddy.farm/i/gold-flier/,Promoted as advisory source hint from complete cached Buddy page-data fan-out for BL-263.; Not counted as exact supply by this table.; Reward chance: 0.3333333333333333; Candidate flags: reverse_relation; reward_quantity_defaulted; Reverse Wishing Well relation from reward page; candidate export defaults quantity to 1 for review.; Source: https://buddy.farm/i/gold-flier/; Page data: https://buddy.farm/page-data/i/gold-flier/page-data.json; Cache: gold-flier__gold-flier.json; Parser: buddy-item-multi-source-v1
Gold Flier,gold flier,Gold Trout,gold trout,wishing_well,Wishing Well throw,https://buddy.farm/i/gold-flier/,Promoted as advisory source hint from complete cached Buddy page-data fan-out for BL-263.; Not counted as exact supply by this table.; Reward chance: 0.3333333333333333; Candidate flags: reverse_relation; reward_quantity_defaulted; Reverse Wishing Well relation from reward page; candidate export defaults quantity to 1 for review.; Source: https://buddy.farm/i/gold-flier/; Page data: https://buddy.farm/page-data/i/gold-flier/page-data.json; Cache: gold-flier__gold-flier.json; Parser: buddy-item-multi-source-v1
Gold Flier,gold flier,Goldray,goldray,wishing_well,Wishing Well throw,https://buddy.farm/i/gold-flier/,Promoted as advisory source hint from complete cached Buddy page-data fan-out for BL-263.; Not counted as exact supply by this table.; Reward chance: 0.3333333333333333; Candidate flags: reverse_relation; reward_quantity_defaulted; Reverse Wishing Well relation from reward page; candidate export defaults quantity to 1 for review.; Source: https://buddy.farm/i/gold-flier/; Page data: https://buddy.farm/page-data/i/gold-flier/page-data.json; Cache: gold-flier__gold-flier.json; Parser: buddy-item-multi-source-v1
Gold Jelly,gold jelly,Grab Bag 07,grab bag 07,openable,openable,https://buddy.farm/i/gold-jelly/,Promoted as advisory source hint from complete cached Buddy page-data fan-out for BL-263.; Not counted as exact supply by this table.; Quantity range: 1-5; Source: https://buddy.farm/i/gold-jelly/; Page data: https://buddy.farm/page-data/i/gold-jelly/page-data.json; Cache: gold-jelly__gold-jelly.json; Parser: buddy-item-multi-source-v1
Gold Leaf,gold leaf,Cornucopia 01,cornucopia 01,openable,openable,https://buddy.farm/i/gold-leaf/,Promoted as advisory source hint from complete cached Buddy page-data fan-out for BL-263.; Not counted as exact supply by this table.; Quantity range: 3-3; Source: https://buddy.farm/i/gold-leaf/; Page data: https://buddy.farm/page-data/i/gold-leaf/page-data.json; Cache: gold-leaf__gold-leaf.json; Parser: buddy-item-multi-source-v1
Gold Leaf,gold leaf,Cornucopia 02,cornucopia 02,openable,openable,https://buddy.farm/i/gold-leaf/,Promoted as advisory source hint from complete cached Buddy page-data fan-out for BL-263.; Not counted as exact supply by this table.; Quantity range: 25-25; Source: https://buddy.farm/i/gold-leaf/; Page data: https://buddy.farm/page-data/i/gold-leaf/page-data.json; Cache: gold-leaf__gold-leaf.json; Parser: buddy-item-multi-source-v1
Gold Leaf,gold leaf,Fall Basket,fall basket,openable,openable,https://buddy.farm/i/gold-leaf/,Promoted as advisory source hint from complete cached Buddy page-data fan-out for BL-263.; Not counted as exact supply by this table.; Quantity range: 5-5; Source: https://buddy.farm/i/gold-leaf/; Page data: https://buddy.farm/page-data/i/gold-leaf/page-data.json; Cache: gold-leaf__gold-leaf.json; Parser: buddy-item-multi-source-v1
Gold Leaf,gold leaf,Grab Bag 03,grab bag 03,openable,openable,https://buddy.farm/i/gold-leaf/,Promoted as advisory source hint from complete cached Buddy page-data fan-out for BL-263.; Not counted as exact supply by this table.; Quantity range: 10-25; Source: https://buddy.farm/i/gold-leaf/; Page data: https://buddy.farm/page-data/i/gold-leaf/page-data.json; Cache: gold-leaf__gold-leaf.json; Parser: buddy-item-multi-source-v1
Gold Leaf,gold leaf,Bacon,bacon,wishing_well,Wishing Well throw,https://buddy.farm/i/gold-leaf/,Promoted as advisory source hint from complete cached Buddy page-data fan-out for BL-263.; Not counted as exact supply by this table.; Reward chance: 0.3333333333333333; Candidate flags: reverse_relation; reward_quantity_defaulted; Reverse Wishing Well relation from reward page; candidate export defaults quantity to 1 for review.; Source: https://buddy.farm/i/gold-leaf/; Page data: https://buddy.farm/page-data/i/gold-leaf/page-data.json; Cache: gold-leaf__gold-leaf.json; Parser: buddy-item-multi-source-v1
Gold Leaf,gold leaf,Gold Eggplant,gold eggplant,wishing_well,Wishing Well throw,https://buddy.farm/i/gold-leaf/,Promoted as advisory source hint from complete cached Buddy page-data fan-out for BL-263.; Not counted as exact supply by this table.; Reward chance: 0.25; Candidate flags: reverse_relation; reward_quantity_defaulted; Reverse Wishing Well relation from reward page; candidate export defaults quantity to 1 for review.; Source: https://buddy.farm/i/gold-leaf/; Page data: https://buddy.farm/page-data/i/gold-leaf/page-data.json; Cache: gold-leaf__gold-leaf.json; Parser: buddy-item-multi-source-v1
Gold Leaf,gold leaf,Gold Feather,gold feather,wishing_well,Wishing Well throw,https://buddy.farm/i/gold-leaf/,Promoted as advisory source hint from complete cached Buddy page-data fan-out for BL-263.; Not counted as exact supply by this table.; Reward chance: 0.3333333333333333; Candidate flags: reverse_relation; reward_quantity_defaulted; Reverse Wishing Well relation from reward page; candidate export defaults quantity to 1 for review.; Source: https://buddy.farm/i/gold-leaf/; Page data: https://buddy.farm/page-data/i/gold-leaf/page-data.json; Cache: gold-leaf__gold-leaf.json; Parser: buddy-item-multi-source-v1
Gold Leaf,gold leaf,Magicite,magicite,wishing_well,Wishing Well throw,https://buddy.farm/i/gold-leaf/,Promoted as advisory source hint from complete cached Buddy page-data fan-out for BL-263.; Not counted as exact supply by this table.; Reward chance: 0.25; Candidate flags: reverse_relation; reward_quantity_defaulted; Reverse Wishing Well relation from reward page; candidate export defaults quantity to 1 for review.; Source: https://buddy.farm/i/gold-leaf/; Page data: https://buddy.farm/page-data/i/gold-leaf/page-data.json; Cache: gold-leaf__gold-leaf.json; Parser: buddy-item-multi-source-v1
Gold Leaf,gold leaf,Runestone 04,runestone 04,wishing_well,Wishing Well throw,https://buddy.farm/i/gold-leaf/,Promoted as advisory source hint from complete cached Buddy page-data fan-out for BL-263.; Not counted as exact supply by this table.; Reward chance: 0.3333333333333333; Candidate flags: reverse_relation; reward_quantity_defaulted; Reverse Wishing Well relation from reward page; candidate export defaults quantity to 1 for review.; Source: https://buddy.farm/i/gold-leaf/; Page data: https://buddy.farm/page-data/i/gold-leaf/page-data.json; Cache: gold-leaf__gold-leaf.json; Parser: buddy-item-multi-source-v1
Gold Leaf,gold leaf,Runestone 06,runestone 06,wishing_well,Wishing Well throw,https://buddy.farm/i/gold-leaf/,Promoted as advisory source hint from complete cached Buddy page-data fan-out for BL-263.; Not counted as exact supply by this table.; Reward chance: 0.25; Candidate flags: reverse_relation; reward_quantity_defaulted; Reverse Wishing Well relation from reward page; candidate export defaults quantity to 1 for review.; Source: https://buddy.farm/i/gold-leaf/; Page data: https://buddy.farm/page-data/i/gold-leaf/page-data.json; Cache: gold-leaf__gold-leaf.json; Parser: buddy-item-multi-source-v1
Gold Leaf,gold leaf,Runestone 07,runestone 07,wishing_well,Wishing Well throw,https://buddy.farm/i/gold-leaf/,Promoted as advisory source hint from complete cached Buddy page-data fan-out for BL-263.; Not counted as exact supply by this table.; Reward chance: 0.3333333333333333; Candidate flags: reverse_relation; reward_quantity_defaulted; Reverse Wishing Well relation from reward page; candidate export defaults quantity to 1 for review.; Source: https://buddy.farm/i/gold-leaf/; Page data: https://buddy.farm/page-data/i/gold-leaf/page-data.json; Cache: gold-leaf__gold-leaf.json; Parser: buddy-item-multi-source-v1
Gold Pea Seeds,gold pea seeds,Gold Seed Bag 01,gold seed bag 01,openable,openable,https://buddy.farm/i/gold-pea-seeds/,Promoted as advisory source hint from complete cached Buddy page-data fan-out for BL-263.; Not counted as exact supply by this table.; Quantity range: 80-80; Source: https://buddy.farm/i/gold-pea-seeds/; Page data: https://buddy.farm/page-data/i/gold-pea-seeds/page-data.json; Cache: gold-pea-seeds__gold-pea-seeds.json; Parser: buddy-item-multi-source-v1
Gold Peas,gold peas,Grab Bag 03,grab bag 03,openable,openable,https://buddy.farm/i/gold-peas/,Promoted as advisory source hint from complete cached Buddy page-data fan-out for BL-263.; Not counted as exact supply by this table.; Quantity range: 10-25; Source: https://buddy.farm/i/gold-peas/; Page data: https://buddy.farm/page-data/i/gold-peas/page-data.json; Cache: gold-peas__gold-peas.json; Parser: buddy-item-multi-source-v1
Gold Peas,gold peas,Gold Carrot,gold carrot,wishing_well,Wishing Well throw,https://buddy.farm/i/gold-peas/,Promoted as advisory source hint from complete cached Buddy page-data fan-out for BL-263.; Not counted as exact supply by this table.; Reward chance: 0.25; Candidate flags: reverse_relation; reward_quantity_defaulted; Reverse Wishing Well relation from reward page; candidate export defaults quantity to 1 for review.; Source: https://buddy.farm/i/gold-peas/; Page data: https://buddy.farm/page-data/i/gold-peas/page-data.json; Cache: gold-peas__gold-peas.json; Parser: buddy-item-multi-source-v1
Gold Peas,gold peas,Gold Eggplant,gold eggplant,wishing_well,Wishing Well throw,https://buddy.farm/i/gold-peas/,Promoted as advisory source hint from complete cached Buddy page-data fan-out for BL-263.; Not counted as exact supply by this table.; Reward chance: 0.25; Candidate flags: reverse_relation; reward_quantity_defaulted; Reverse Wishing Well relation from reward page; candidate export defaults quantity to 1 for review.; Source: https://buddy.farm/i/gold-peas/; Page data: https://buddy.farm/page-data/i/gold-peas/page-data.json; Cache: gold-peas__gold-peas.json; Parser: buddy-item-multi-source-v1
Gold Peas,gold peas,Gold Peppers,gold peppers,wishing_well,Wishing Well throw,https://buddy.farm/i/gold-peas/,Promoted as advisory source hint from complete cached Buddy page-data fan-out for BL-263.; Not counted as exact supply by this table.; Reward chance: 0.2; Candidate flags: reverse_relation; reward_quantity_defaulted; Reverse Wishing Well relation from reward page; candidate export defaults quantity to 1 for review.; Source: https://buddy.farm/i/gold-peas/; Page data: https://buddy.farm/page-data/i/gold-peas/page-data.json; Cache: gold-peas__gold-peas.json; Parser: buddy-item-multi-source-v1
Gold Pepper Seeds,gold pepper seeds,Gold Seed Bag 01,gold seed bag 01,openable,openable,https://buddy.farm/i/gold-pepper-seeds/,Promoted as advisory source hint from complete cached Buddy page-data fan-out for BL-263.; Not counted as exact supply by this table.; Quantity range: 200-200; Source: https://buddy.farm/i/gold-pepper-seeds/; Page data: https://buddy.farm/page-data/i/gold-pepper-seeds/page-data.json; Cache: gold-pepper-seeds__gold-pepper-seeds.json; Parser: buddy-item-multi-source-v1
Gold Peppers,gold peppers,Grab Bag 03,grab bag 03,openable,openable,https://buddy.farm/i/gold-peppers/,Promoted as advisory source hint from complete cached Buddy page-data fan-out for BL-263.; Not counted as exact supply by this table.; Quantity range: 10-50; Source: https://buddy.farm/i/gold-peppers/; Page data: https://buddy.farm/page-data/i/gold-peppers/page-data.json; Cache: gold-peppers__gold-peppers.json; Parser: buddy-item-multi-source-v1
Gold Peppers,gold peppers,Gold Peas,gold peas,wishing_well,Wishing Well throw,https://buddy.farm/i/gold-peppers/,Promoted as advisory source hint from complete cached Buddy page-data fan-out for BL-263.; Not counted as exact supply by this table.; Reward chance: 0.25; Candidate flags: reverse_relation; reward_quantity_defaulted; Reverse Wishing Well relation from reward page; candidate export defaults quantity to 1 for review.; Source: https://buddy.farm/i/gold-peppers/; Page data: https://buddy.farm/page-data/i/gold-peppers/page-data.json; Cache: gold-peppers__gold-peppers.json; Parser: buddy-item-multi-source-v1
Gold Sea Bass,gold sea bass,Grab Bag 07,grab bag 07,openable,openable,https://buddy.farm/i/gold-sea-bass/,Promoted as advisory source hint from complete cached Buddy page-data fan-out for BL-263.; Not counted as exact supply by this table.; Quantity range: 1-5; Source: https://buddy.farm/i/gold-sea-bass/; Page data: https://buddy.farm/page-data/i/gold-sea-bass/page-data.json; Cache: gold-sea-bass__gold-sea-bass.json; Parser: buddy-item-multi-source-v1
Gold Sea Bass,gold sea bass,Gold Flier,gold flier,wishing_well,Wishing Well throw,https://buddy.farm/i/gold-sea-bass/,Promoted as advisory source hint from complete cached Buddy page-data fan-out for BL-263.; Not counted as exact supply by this table.; Reward chance: 0.3333333333333333; Candidate flags: reverse_relation; reward_quantity_defaulted; Reverse Wishing Well relation from reward page; candidate export defaults quantity to 1 for review.; Source: https://buddy.farm/i/gold-sea-bass/; Page data: https://buddy.farm/page-data/i/gold-sea-bass/page-data.json; Cache: gold-sea-bass__gold-sea-bass.json; Parser: buddy-item-multi-source-v1
Gold Sea Bass,gold sea bass,Goldjack,goldjack,wishing_well,Wishing Well throw,https://buddy.farm/i/gold-sea-bass/,Promoted as advisory source hint from complete cached Buddy page-data fan-out for BL-263.; Not counted as exact supply by this table.; Reward chance: 0.3333333333333333; Candidate flags: reverse_relation; reward_quantity_defaulted; Reverse Wishing Well relation from reward page; candidate export defaults quantity to 1 for review.; Source: https://buddy.farm/i/gold-sea-bass/; Page data: https://buddy.farm/page-data/i/gold-sea-bass/page-data.json; Cache: gold-sea-bass__gold-sea-bass.json; Parser: buddy-item-multi-source-v1
Gold Sea Bass,gold sea bass,Herbs,herbs,wishing_well,Wishing Well throw,https://buddy.farm/i/gold-sea-bass/,Promoted as advisory source hint from complete cached Buddy page-data fan-out for BL-263.; Not counted as exact supply by this table.; Reward chance: 0.16666666666666666; Candidate flags: reverse_relation; reward_quantity_defaulted; Reverse Wishing Well relation from reward page; candidate export defaults quantity to 1 for review.; Source: https://buddy.farm/i/gold-sea-bass/; Page data: https://buddy.farm/page-data/i/gold-sea-bass/page-data.json; Cache: gold-sea-bass__gold-sea-bass.json; Parser: buddy-item-multi-source-v1
Gold Sea Crest,gold sea crest,Grab Bag 07,grab bag 07,openable,openable,https://buddy.farm/i/gold-sea-crest/,Promoted as advisory source hint from complete cached Buddy page-data fan-out for BL-263.; Not counted as exact supply by this table.; Quantity range: 1-5; Source: https://buddy.farm/i/gold-sea-crest/; Page data: https://buddy.farm/page-data/i/gold-sea-crest/page-data.json; Cache: gold-sea-crest__gold-sea-crest.json; Parser: buddy-item-multi-source-v1
Gold Shamrock,gold shamrock,Green Backpack,green backpack,openable,openable,https://buddy.farm/i/gold-shamrock/,Promoted as advisory source hint from complete cached Buddy page-data fan-out for BL-263.; Not counted as exact supply by this table.; Quantity range: 1-1; Source: https://buddy.farm/i/gold-shamrock/; Page data: https://buddy.farm/page-data/i/gold-shamrock/page-data.json; Cache: gold-shamrock__gold-shamrock.json; Parser: buddy-item-multi-source-v1
Gold Shamrock,gold shamrock,Spring Basket 02,spring basket 02,openable,openable,https://buddy.farm/i/gold-shamrock/,Promoted as advisory source hint from complete cached Buddy page-data fan-out for BL-263.; Not counted as exact supply by this table.; Quantity range: 1-1; Source: https://buddy.farm/i/gold-shamrock/; Page data: https://buddy.farm/page-data/i/gold-shamrock/page-data.json; Cache: gold-shamrock__gold-shamrock.json; Parser: buddy-item-multi-source-v1
Gold Shamrock,gold shamrock,Spring Basket 03,spring basket 03,openable,openable,https://buddy.farm/i/gold-shamrock/,Promoted as advisory source hint from complete cached Buddy page-data fan-out for BL-263.; Not counted as exact supply by this table.; Quantity range: 1-1; Source: https://buddy.farm/i/gold-shamrock/; Page data: https://buddy.farm/page-data/i/gold-shamrock/page-data.json; Cache: gold-shamrock__gold-shamrock.json; Parser: buddy-item-multi-source-v1
Gold Trout,gold trout,Grab Bag 07,grab bag 07,openable,openable,https://buddy.farm/i/gold-trout/,Promoted as advisory source hint from complete cached Buddy page-data fan-out for BL-263.; Not counted as exact supply by this table.; Quantity range: 1-5; Source: https://buddy.farm/i/gold-trout/; Page data: https://buddy.farm/page-data/i/gold-trout/page-data.json; Cache: gold-trout__gold-trout.json; Parser: buddy-item-multi-source-v1
Gold Trout,gold trout,Gold Drum,gold drum,wishing_well,Wishing Well throw,https://buddy.farm/i/gold-trout/,Promoted as advisory source hint from complete cached Buddy page-data fan-out for BL-263.; Not counted as exact supply by this table.; Reward chance: 0.3333333333333333; Candidate flags: reverse_relation; reward_quantity_defaulted; Reverse Wishing Well relation from reward page; candidate export defaults quantity to 1 for review.; Source: https://buddy.farm/i/gold-trout/; Page data: https://buddy.farm/page-data/i/gold-trout/page-data.json; Cache: gold-trout__gold-trout.json; Parser: buddy-item-multi-source-v1
Gold Trout,gold trout,Goldfin,goldfin,wishing_well,Wishing Well throw,https://buddy.farm/i/gold-trout/,Promoted as advisory source hint from complete cached Buddy page-data fan-out for BL-263.; Not counted as exact supply by this table.; Reward chance: 0.3333333333333333; Candidate flags: reverse_relation; reward_quantity_defaulted; Reverse Wishing Well relation from reward page; candidate export defaults quantity to 1 for review.; Source: https://buddy.farm/i/gold-trout/; Page data: https://buddy.farm/page-data/i/gold-trout/page-data.json; Cache: gold-trout__gold-trout.json; Parser: buddy-item-multi-source-v1
Gold Trout,gold trout,Goldray,goldray,wishing_well,Wishing Well throw,https://buddy.farm/i/gold-trout/,Promoted as advisory source hint from complete cached Buddy page-data fan-out for BL-263.; Not counted as exact supply by this table.; Reward chance: 0.3333333333333333; Candidate flags: reverse_relation; reward_quantity_defaulted; Reverse Wishing Well relation from reward page; candidate export defaults quantity to 1 for review.; Source: https://buddy.farm/i/gold-trout/; Page data: https://buddy.farm/page-data/i/gold-trout/page-data.json; Cache: gold-trout__gold-trout.json; Parser: buddy-item-multi-source-v1
Goldfin,goldfin,Grab Bag 07,grab bag 07,openable,openable,https://buddy.farm/i/goldfin/,Promoted as advisory source hint from complete cached Buddy page-data fan-out for BL-263.; Not counted as exact supply by this table.; Quantity range: 1-5; Source: https://buddy.farm/i/goldfin/; Page data: https://buddy.farm/page-data/i/goldfin/page-data.json; Cache: goldfin__goldfin.json; Parser: buddy-item-multi-source-v1
Goldfin,goldfin,Gold Coral,gold coral,wishing_well,Wishing Well throw,https://buddy.farm/i/goldfin/,Promoted as advisory source hint from complete cached Buddy page-data fan-out for BL-263.; Not counted as exact supply by this table.; Reward chance: 0.5; Candidate flags: reverse_relation; reward_quantity_defaulted; Reverse Wishing Well relation from reward page; candidate export defaults quantity to 1 for review.; Source: https://buddy.farm/i/goldfin/; Page data: https://buddy.farm/page-data/i/goldfin/page-data.json; Cache: goldfin__goldfin.json; Parser: buddy-item-multi-source-v1
Goldfin,goldfin,Gold Sea Bass,gold sea bass,wishing_well,Wishing Well throw,https://buddy.farm/i/goldfin/,Promoted as advisory source hint from complete cached Buddy page-data fan-out for BL-263.; Not counted as exact supply by this table.; Reward chance: 0.3333333333333333; Candidate flags: reverse_relation; reward_quantity_defaulted; Reverse Wishing Well relation from reward page; candidate export defaults quantity to 1 for review.; Source: https://buddy.farm/i/goldfin/; Page data: https://buddy.farm/page-data/i/goldfin/page-data.json; Cache: goldfin__goldfin.json; Parser: buddy-item-multi-source-v1
Goldfin,goldfin,Goldgill,goldgill,wishing_well,Wishing Well throw,https://buddy.farm/i/goldfin/,Promoted as advisory source hint from complete cached Buddy page-data fan-out for BL-263.; Not counted as exact supply by this table.; Reward chance: 0.3333333333333333; Candidate flags: reverse_relation; reward_quantity_defaulted; Reverse Wishing Well relation from reward page; candidate export defaults quantity to 1 for review.; Source: https://buddy.farm/i/goldfin/; Page data: https://buddy.farm/page-data/i/goldfin/page-data.json; Cache: goldfin__goldfin.json; Parser: buddy-item-multi-source-v1
Goldfish,goldfish,Jack-o-lantern,jack-o-lantern,wishing_well,Wishing Well throw,https://buddy.farm/i/goldfish/,Promoted as advisory source hint from complete cached Buddy page-data fan-out for BL-263.; Not counted as exact supply by this table.; Reward chance: 0.3333333333333333; Candidate flags: reverse_relation; reward_quantity_defaulted; Reverse Wishing Well relation from reward page; candidate export defaults quantity to 1 for review.; Source: https://buddy.farm/i/goldfish/; Page data: https://buddy.farm/page-data/i/goldfish/page-data.json; Cache: goldfish__goldfish.json; Parser: buddy-item-multi-source-v1
Goldgill,goldgill,Grab Bag 07,grab bag 07,openable,openable,https://buddy.farm/i/goldgill/,Promoted as advisory source hint from complete cached Buddy page-data fan-out for BL-263.; Not counted as exact supply by this table.; Quantity range: 1-5; Source: https://buddy.farm/i/goldgill/; Page data: https://buddy.farm/page-data/i/goldgill/page-data.json; Cache: goldgill__goldgill.json; Parser: buddy-item-multi-source-v1
Goldgill,goldgill,Mystical Chest 01,mystical chest 01,openable,openable,https://buddy.farm/i/goldgill/,Promoted as advisory source hint from complete cached Buddy page-data fan-out for BL-263.; Not counted as exact supply by this table.; Quantity range: 5-5; Source: https://buddy.farm/i/goldgill/; Page data: https://buddy.farm/page-data/i/goldgill/page-data.json; Cache: goldgill__goldgill.json; Parser: buddy-item-multi-source-v1
Goldgill,goldgill,Gold Catfish,gold catfish,wishing_well,Wishing Well throw,https://buddy.farm/i/goldgill/,Promoted as advisory source hint from complete cached Buddy page-data fan-out for BL-263.; Not counted as exact supply by this table.; Reward chance: 0.3333333333333333; Candidate flags: reverse_relation; reward_quantity_defaulted; Reverse Wishing Well relation from reward page; candidate export defaults quantity to 1 for review.; Source: https://buddy.farm/i/goldgill/; Page data: https://buddy.farm/page-data/i/goldgill/page-data.json; Cache: goldgill__goldgill.json; Parser: buddy-item-multi-source-v1
Goldgill,goldgill,Gold Flier,gold flier,wishing_well,Wishing Well throw,https://buddy.farm/i/goldgill/,Promoted as advisory source hint from complete cached Buddy page-data fan-out for BL-263.; Not counted as exact supply by this table.; Reward chance: 0.3333333333333333; Candidate flags: reverse_relation; reward_quantity_defaulted; Reverse Wishing Well relation from reward page; candidate export defaults quantity to 1 for review.; Source: https://buddy.farm/i/goldgill/; Page data: https://buddy.farm/page-data/i/goldgill/page-data.json; Cache: goldgill__goldgill.json; Parser: buddy-item-multi-source-v1
Goldgill,goldgill,Gold Trout,gold trout,wishing_well,Wishing Well throw,https://buddy.farm/i/goldgill/,Promoted as advisory source hint from complete cached Buddy page-data fan-out for BL-263.; Not counted as exact supply by this table.; Reward chance: 0.3333333333333333; Candidate flags: reverse_relation; reward_quantity_defaulted; Reverse Wishing Well relation from reward page; candidate export defaults quantity to 1 for review.; Source: https://buddy.farm/i/goldgill/; Page data: https://buddy.farm/page-data/i/goldgill/page-data.json; Cache: goldgill__goldgill.json; Parser: buddy-item-multi-source-v1
Goldgill,goldgill,Goldjack,goldjack,wishing_well,Wishing Well throw,https://buddy.farm/i/goldgill/,Promoted as advisory source hint from complete cached Buddy page-data fan-out for BL-263.; Not counted as exact supply by this table.; Reward chance: 0.3333333333333333; Candidate flags: reverse_relation; reward_quantity_defaulted; Reverse Wishing Well relation from reward page; candidate export defaults quantity to 1 for review.; Source: https://buddy.farm/i/goldgill/; Page data: https://buddy.farm/page-data/i/goldgill/page-data.json; Cache: goldgill__goldgill.json; Parser: buddy-item-multi-source-v1
Goldjack,goldjack,Grab Bag 07,grab bag 07,openable,openable,https://buddy.farm/i/goldjack/,Promoted as advisory source hint from complete cached Buddy page-data fan-out for BL-263.; Not counted as exact supply by this table.; Quantity range: 1-5; Source: https://buddy.farm/i/goldjack/; Page data: https://buddy.farm/page-data/i/goldjack/page-data.json; Cache: goldjack__goldjack.json; Parser: buddy-item-multi-source-v1
Goldjack,goldjack,Gold Catfish,gold catfish,wishing_well,Wishing Well throw,https://buddy.farm/i/goldjack/,Promoted as advisory source hint from complete cached Buddy page-data fan-out for BL-263.; Not counted as exact supply by this table.; Reward chance: 0.3333333333333333; Candidate flags: reverse_relation; reward_quantity_defaulted; Reverse Wishing Well relation from reward page; candidate export defaults quantity to 1 for review.; Source: https://buddy.farm/i/goldjack/; Page data: https://buddy.farm/page-data/i/goldjack/page-data.json; Cache: goldjack__goldjack.json; Parser: buddy-item-multi-source-v1
Goldjack,goldjack,Goldfin,goldfin,wishing_well,Wishing Well throw,https://buddy.farm/i/goldjack/,Promoted as advisory source hint from complete cached Buddy page-data fan-out for BL-263.; Not counted as exact supply by this table.; Reward chance: 0.3333333333333333; Candidate flags: reverse_relation; reward_quantity_defaulted; Reverse Wishing Well relation from reward page; candidate export defaults quantity to 1 for review.; Source: https://buddy.farm/i/goldjack/; Page data: https://buddy.farm/page-data/i/goldjack/page-data.json; Cache: goldjack__goldjack.json; Parser: buddy-item-multi-source-v1
Goldjack,goldjack,Goldgill,goldgill,wishing_well,Wishing Well throw,https://buddy.farm/i/goldjack/,Promoted as advisory source hint from complete cached Buddy page-data fan-out for BL-263.; Not counted as exact supply by this table.; Reward chance: 0.3333333333333333; Candidate flags: reverse_relation; reward_quantity_defaulted; Reverse Wishing Well relation from reward page; candidate export defaults quantity to 1 for review.; Source: https://buddy.farm/i/goldjack/; Page data: https://buddy.farm/page-data/i/goldjack/page-data.json; Cache: goldjack__goldjack.json; Parser: buddy-item-multi-source-v1
Goldray,goldray,Grab Bag 07,grab bag 07,openable,openable,https://buddy.farm/i/goldray/,Promoted as advisory source hint from complete cached Buddy page-data fan-out for BL-263.; Not counted as exact supply by this table.; Quantity range: 1-5; Source: https://buddy.farm/i/goldray/; Page data: https://buddy.farm/page-data/i/goldray/page-data.json; Cache: goldray__goldray.json; Parser: buddy-item-multi-source-v1
Goldray,goldray,Gold Trout,gold trout,wishing_well,Wishing Well throw,https://buddy.farm/i/goldray/,Promoted as advisory source hint from complete cached Buddy page-data fan-out for BL-263.; Not counted as exact supply by this table.; Reward chance: 0.3333333333333333; Candidate flags: reverse_relation; reward_quantity_defaulted; Reverse Wishing Well relation from reward page; candidate export defaults quantity to 1 for review.; Source: https://buddy.farm/i/goldray/; Page data: https://buddy.farm/page-data/i/goldray/page-data.json; Cache: goldray__goldray.json; Parser: buddy-item-multi-source-v1
Goldray,goldray,Goldjack,goldjack,wishing_well,Wishing Well throw,https://buddy.farm/i/goldray/,Promoted as advisory source hint from complete cached Buddy page-data fan-out for BL-263.; Not counted as exact supply by this table.; Reward chance: 0.3333333333333333; Candidate flags: reverse_relation; reward_quantity_defaulted; Reverse Wishing Well relation from reward page; candidate export defaults quantity to 1 for review.; Source: https://buddy.farm/i/goldray/; Page data: https://buddy.farm/page-data/i/goldray/page-data.json; Cache: goldray__goldray.json; Parser: buddy-item-multi-source-v1
Gouda,gouda,Small Gear,small gear,wishing_well,Wishing Well throw,https://buddy.farm/i/gouda/,Promoted as advisory source hint from complete cached Buddy page-data fan-out for BL-263.; Not counted as exact supply by this table.; Reward chance: 0.3333333333333333; Candidate flags: reverse_relation; reward_quantity_defaulted; Reverse Wishing Well relation from reward page; candidate export defaults quantity to 1 for review.; Source: https://buddy.farm/i/gouda/; Page data: https://buddy.farm/page-data/i/gouda/page-data.json; Cache: gouda__gouda.json; Parser: buddy-item-multi-source-v1
Gouda,gouda,Wax Candle,wax candle,wishing_well,Wishing Well throw,https://buddy.farm/i/gouda/,Promoted as advisory source hint from complete cached Buddy page-data fan-out for BL-263.; Not counted as exact supply by this table.; Reward chance: 0.3333333333333333; Candidate flags: reverse_relation; reward_quantity_defaulted; Reverse Wishing Well relation from reward page; candidate export defaults quantity to 1 for review.; Source: https://buddy.farm/i/gouda/; Page data: https://buddy.farm/page-data/i/gouda/page-data.json; Cache: gouda__gouda.json; Parser: buddy-item-multi-source-v1
Grab Bag 02,grab bag 02,Water Lily,water lily,wishing_well,Wishing Well throw,https://buddy.farm/i/grab-bag-02/,Promoted as advisory source hint from complete cached Buddy page-data fan-out for BL-263.; Not counted as exact supply by this table.; Reward chance: 0.3333333333333333; Candidate flags: reverse_relation; reward_quantity_defaulted; Reverse Wishing Well relation from reward page; candidate export defaults quantity to 1 for review.; Source: https://buddy.farm/i/grab-bag-02/; Page data: https://buddy.farm/page-data/i/grab-bag-02/page-data.json; Cache: grab-bag-02__grab-bag-02.json; Parser: buddy-item-multi-source-v1
Grab Bag 04,grab bag 04,Bag of Presents 02,bag of presents 02,openable,openable,https://buddy.farm/i/grab-bag-04/,Promoted as advisory source hint from complete cached Buddy page-data fan-out for BL-263.; Not counted as exact supply by this table.; Quantity range: 3-3; Source: https://buddy.farm/i/grab-bag-04/; Page data: https://buddy.farm/page-data/i/grab-bag-04/page-data.json; Cache: grab-bag-04__grab-bag-04.json; Parser: buddy-item-multi-source-v1
Grab Bag 05,grab bag 05,Bag of Presents 02,bag of presents 02,openable,openable,https://buddy.farm/i/grab-bag-05/,Promoted as advisory source hint from complete cached Buddy page-data fan-out for BL-263.; Not counted as exact supply by this table.; Quantity range: 3-3; Source: https://buddy.farm/i/grab-bag-05/; Page data: https://buddy.farm/page-data/i/grab-bag-05/page-data.json; Cache: grab-bag-05__grab-bag-05.json; Parser: buddy-item-multi-source-v1
Grab Bag 07,grab bag 07,Milk and Cookies,milk and cookies,wishing_well,Wishing Well throw,https://buddy.farm/i/grab-bag-07/,Promoted as advisory source hint from complete cached Buddy page-data fan-out for BL-263.; Not counted as exact supply by this table.; Reward chance: 0.25; Candidate flags: reverse_relation; reward_quantity_defaulted; Reverse Wishing Well relation from reward page; candidate export defaults quantity to 1 for review.; Source: https://buddy.farm/i/grab-bag-07/; Page data: https://buddy.farm/page-data/i/grab-bag-07/page-data.json; Cache: grab-bag-07__grab-bag-07.json; Parser: buddy-item-multi-source-v1
Grab Bag 08,grab bag 08,Medium Chest 03,medium chest 03,openable,openable,https://buddy.farm/i/grab-bag-08/,Promoted as advisory source hint from complete cached Buddy page-data fan-out for BL-263.; Not counted as exact supply by this table.; Quantity range: 1-1; Source: https://buddy.farm/i/grab-bag-08/; Page data: https://buddy.farm/page-data/i/grab-bag-08/page-data.json; Cache: grab-bag-08__grab-bag-08.json; Parser: buddy-item-multi-source-v1
Grape Juice,grape juice,Beatrix's Booming Brawl Box 01,beatrix's booming brawl box 01,openable,openable,https://buddy.farm/i/grape-juice/,Promoted as advisory source hint from complete cached Buddy page-data fan-out for BL-263.; Not counted as exact supply by this table.; Quantity range: 10-10; Source: https://buddy.farm/i/grape-juice/; Page data: https://buddy.farm/page-data/i/grape-juice/page-data.json; Cache: grape-juice__grape-juice.json; Parser: buddy-item-multi-source-v1
Grape Juice,grape juice,Box of Chocolate 01,box of chocolate 01,openable,openable,https://buddy.farm/i/grape-juice/,Promoted as advisory source hint from complete cached Buddy page-data fan-out for BL-263.; Not counted as exact supply by this table.; Quantity range: 1-1; Source: https://buddy.farm/i/grape-juice/; Page data: https://buddy.farm/page-data/i/grape-juice/page-data.json; Cache: grape-juice__grape-juice.json; Parser: buddy-item-multi-source-v1
Grape Juice,grape juice,Christmas Present 11,christmas present 11,openable,openable,https://buddy.farm/i/grape-juice/,Promoted as advisory source hint from complete cached Buddy page-data fan-out for BL-263.; Not counted as exact supply by this table.; Quantity range: 11-11; Source: https://buddy.farm/i/grape-juice/; Page data: https://buddy.farm/page-data/i/grape-juice/page-data.json; Cache: grape-juice__grape-juice.json; Parser: buddy-item-multi-source-v1
Grape Juice,grape juice,Corn Prize Bag,corn prize bag,openable,openable,https://buddy.farm/i/grape-juice/,Promoted as advisory source hint from complete cached Buddy page-data fan-out for BL-263.; Not counted as exact supply by this table.; Quantity range: 2-2; Source: https://buddy.farm/i/grape-juice/; Page data: https://buddy.farm/page-data/i/grape-juice/page-data.json; Cache: grape-juice__grape-juice.json; Parser: buddy-item-multi-source-v1
Grape Juice,grape juice,Drink Bundle,drink bundle,openable,openable,https://buddy.farm/i/grape-juice/,Promoted as advisory source hint from complete cached Buddy page-data fan-out for BL-263.; Not counted as exact supply by this table.; Quantity range: 5-5; Source: https://buddy.farm/i/grape-juice/; Page data: https://buddy.farm/page-data/i/grape-juice/page-data.json; Cache: grape-juice__grape-juice.json; Parser: buddy-item-multi-source-v1
Grape Juice,grape juice,Giving Box 01,giving box 01,openable,openable,https://buddy.farm/i/grape-juice/,Promoted as advisory source hint from complete cached Buddy page-data fan-out for BL-263.; Not counted as exact supply by this table.; Quantity range: 25-25; Source: https://buddy.farm/i/grape-juice/; Page data: https://buddy.farm/page-data/i/grape-juice/page-data.json; Cache: grape-juice__grape-juice.json; Parser: buddy-item-multi-source-v1
Grape Juice,grape juice,Grab Bag 06,grab bag 06,openable,openable,https://buddy.farm/i/grape-juice/,Promoted as advisory source hint from complete cached Buddy page-data fan-out for BL-263.; Not counted as exact supply by this table.; Quantity range: 1-10; Source: https://buddy.farm/i/grape-juice/; Page data: https://buddy.farm/page-data/i/grape-juice/page-data.json; Cache: grape-juice__grape-juice.json; Parser: buddy-item-multi-source-v1
Grape Juice,grape juice,Harvest Bundle 01,harvest bundle 01,openable,openable,https://buddy.farm/i/grape-juice/,Promoted as advisory source hint from complete cached Buddy page-data fan-out for BL-263.; Not counted as exact supply by this table.; Quantity range: 100-100; Source: https://buddy.farm/i/grape-juice/; Page data: https://buddy.farm/page-data/i/grape-juice/page-data.json; Cache: grape-juice__grape-juice.json; Parser: buddy-item-multi-source-v1
Grape Juice,grape juice,Medium Chest 01,medium chest 01,openable,openable,https://buddy.farm/i/grape-juice/,Promoted as advisory source hint from complete cached Buddy page-data fan-out for BL-263.; Not counted as exact supply by this table.; Quantity range: 1-1; Source: https://buddy.farm/i/grape-juice/; Page data: https://buddy.farm/page-data/i/grape-juice/page-data.json; Cache: grape-juice__grape-juice.json; Parser: buddy-item-multi-source-v1
Grape Juice,grape juice,Picnic Basket 01,picnic basket 01,openable,openable,https://buddy.farm/i/grape-juice/,Promoted as advisory source hint from complete cached Buddy page-data fan-out for BL-263.; Not counted as exact supply by this table.; Quantity range: 15-15; Source: https://buddy.farm/i/grape-juice/; Page data: https://buddy.farm/page-data/i/grape-juice/page-data.json; Cache: grape-juice__grape-juice.json; Parser: buddy-item-multi-source-v1
Grape Juice,grape juice,Rosalie's Beach Tote,rosalie's beach tote,openable,openable,https://buddy.farm/i/grape-juice/,Promoted as advisory source hint from complete cached Buddy page-data fan-out for BL-263.; Not counted as exact supply by this table.; Quantity range: 3-3; Source: https://buddy.farm/i/grape-juice/; Page data: https://buddy.farm/page-data/i/grape-juice/page-data.json; Cache: grape-juice__grape-juice.json; Parser: buddy-item-multi-source-v1
Grape Juice,grape juice,Summer Basket,summer basket,openable,openable,https://buddy.farm/i/grape-juice/,Promoted as advisory source hint from complete cached Buddy page-data fan-out for BL-263.; Not counted as exact supply by this table.; Quantity range: 2-2; Source: https://buddy.farm/i/grape-juice/; Page data: https://buddy.farm/page-data/i/grape-juice/page-data.json; Cache: grape-juice__grape-juice.json; Parser: buddy-item-multi-source-v1
Grapes,grapes,Birthday Present,birthday present,openable,openable,https://buddy.farm/i/grapes/,Promoted as advisory source hint from complete cached Buddy page-data fan-out for BL-263.; Not counted as exact supply by this table.; Quantity range: 200-200; Source: https://buddy.farm/i/grapes/; Page data: https://buddy.farm/page-data/i/grapes/page-data.json; Cache: grapes__grapes.json; Parser: buddy-item-multi-source-v1
Grapes,grapes,Christmas Present 10,christmas present 10,openable,openable,https://buddy.farm/i/grapes/,Promoted as advisory source hint from complete cached Buddy page-data fan-out for BL-263.; Not counted as exact supply by this table.; Quantity range: 100-100; Source: https://buddy.farm/i/grapes/; Page data: https://buddy.farm/page-data/i/grapes/page-data.json; Cache: grapes__grapes.json; Parser: buddy-item-multi-source-v1
Grapes,grapes,Cornucopia 01,cornucopia 01,openable,openable,https://buddy.farm/i/grapes/,Promoted as advisory source hint from complete cached Buddy page-data fan-out for BL-263.; Not counted as exact supply by this table.; Quantity range: 10-10; Source: https://buddy.farm/i/grapes/; Page data: https://buddy.farm/page-data/i/grapes/page-data.json; Cache: grapes__grapes.json; Parser: buddy-item-multi-source-v1
Grapes,grapes,Gift Basket 01,gift basket 01,openable,openable,https://buddy.farm/i/grapes/,Promoted as advisory source hint from complete cached Buddy page-data fan-out for BL-263.; Not counted as exact supply by this table.; Quantity range: 25-25; Source: https://buddy.farm/i/grapes/; Page data: https://buddy.farm/page-data/i/grapes/page-data.json; Cache: grapes__grapes.json; Parser: buddy-item-multi-source-v1
Grapes,grapes,Gift Basket 02,gift basket 02,openable,openable,https://buddy.farm/i/grapes/,Promoted as advisory source hint from complete cached Buddy page-data fan-out for BL-263.; Not counted as exact supply by this table.; Quantity range: 100-100; Source: https://buddy.farm/i/grapes/; Page data: https://buddy.farm/page-data/i/grapes/page-data.json; Cache: grapes__grapes.json; Parser: buddy-item-multi-source-v1
Grasshopper,grasshopper,Bug Bag 01,bug bag 01,openable,openable,https://buddy.farm/i/grasshopper/,Promoted as advisory source hint from complete cached Buddy page-data fan-out for BL-263.; Not counted as exact supply by this table.; Quantity range: 1-10; Source: https://buddy.farm/i/grasshopper/; Page data: https://buddy.farm/page-data/i/grasshopper/page-data.json; Cache: grasshopper__grasshopper.json; Parser: buddy-item-multi-source-v1
Gravy Boat,gravy boat,Cornucopia 03,cornucopia 03,openable,openable,https://buddy.farm/i/gravy-boat/,Promoted as advisory source hint from complete cached Buddy page-data fan-out for BL-263.; Not counted as exact supply by this table.; Quantity range: 2-2; Source: https://buddy.farm/i/gravy-boat/; Page data: https://buddy.farm/page-data/i/gravy-boat/page-data.json; Cache: gravy-boat__gravy-boat.json; Parser: buddy-item-multi-source-v1
Green Cloak,green cloak,Mystical Chest 02,mystical chest 02,openable,openable,https://buddy.farm/i/green-cloak/,Promoted as advisory source hint from complete cached Buddy page-data fan-out for BL-263.; Not counted as exact supply by this table.; Quantity range: 3-3; Source: https://buddy.farm/i/green-cloak/; Page data: https://buddy.farm/page-data/i/green-cloak/page-data.json; Cache: green-cloak__green-cloak.json; Parser: buddy-item-multi-source-v1
Green Jellyfish,green jellyfish,Herbs,herbs,wishing_well,Wishing Well throw,https://buddy.farm/i/green-jellyfish/,Promoted as advisory source hint from complete cached Buddy page-data fan-out for BL-263.; Not counted as exact supply by this table.; Reward chance: 0.16666666666666666; Candidate flags: reverse_relation; reward_quantity_defaulted; Reverse Wishing Well relation from reward page; candidate export defaults quantity to 1 for review.; Source: https://buddy.farm/i/green-jellyfish/; Page data: https://buddy.farm/page-data/i/green-jellyfish/page-data.json; Cache: green-jellyfish__green-jellyfish.json; Parser: buddy-item-multi-source-v1
Green Torpedo,green torpedo,Beatrix's Booming Brawl Box 01,beatrix's booming brawl box 01,openable,openable,https://buddy.farm/i/green-torpedo/,Promoted as advisory source hint from complete cached Buddy page-data fan-out for BL-263.; Not counted as exact supply by this table.; Quantity range: 5-5; Source: https://buddy.farm/i/green-torpedo/; Page data: https://buddy.farm/page-data/i/green-torpedo/page-data.json; Cache: green-torpedo__green-torpedo.json; Parser: buddy-item-multi-source-v1
Green Torpedo,green torpedo,Beatrix's Booming Brawl Box 02,beatrix's booming brawl box 02,openable,openable,https://buddy.farm/i/green-torpedo/,Promoted as advisory source hint from complete cached Buddy page-data fan-out for BL-263.; Not counted as exact supply by this table.; Quantity range: 10-10; Source: https://buddy.farm/i/green-torpedo/; Page data: https://buddy.farm/page-data/i/green-torpedo/page-data.json; Cache: green-torpedo__green-torpedo.json; Parser: buddy-item-multi-source-v1
Groundhog Buddy Doll,groundhog buddy doll,Buddy Doll Bag 02,buddy doll bag 02,openable,openable,https://buddy.farm/i/groundhog-buddy-doll/,Promoted as advisory source hint from complete cached Buddy page-data fan-out for BL-263.; Not counted as exact supply by this table.; Quantity range: 1-1; Source: https://buddy.farm/i/groundhog-buddy-doll/; Page data: https://buddy.farm/page-data/i/groundhog-buddy-doll/page-data.json; Cache: groundhog-buddy-doll__groundhog-buddy-doll.json; Parser: buddy-item-multi-source-v1
Grubs,grubs,Bait Bag 01,bait bag 01,openable,openable,https://buddy.farm/i/grubs/,Promoted as advisory source hint from complete cached Buddy page-data fan-out for BL-263.; Not counted as exact supply by this table.; Quantity range: 10-250; Source: https://buddy.farm/i/grubs/; Page data: https://buddy.farm/page-data/i/grubs/page-data.json; Cache: grubs__grubs.json; Parser: buddy-item-multi-source-v1
Grubs,grubs,Tackle Box,tackle box,openable,openable,https://buddy.farm/i/grubs/,Promoted as advisory source hint from complete cached Buddy page-data fan-out for BL-263.; Not counted as exact supply by this table.; Quantity range: 100-100; Source: https://buddy.farm/i/grubs/; Page data: https://buddy.farm/page-data/i/grubs/page-data.json; Cache: grubs__grubs.json; Parser: buddy-item-multi-source-v1
Gummy Globber,gummy globber,Treat Bag 06,treat bag 06,openable,openable,https://buddy.farm/i/gummy-globber/,Promoted as advisory source hint from complete cached Buddy page-data fan-out for BL-263.; Not counted as exact supply by this table.; Quantity range: 10-10; Source: https://buddy.farm/i/gummy-globber/; Page data: https://buddy.farm/page-data/i/gummy-globber/page-data.json; Cache: gummy-globber__gummy-globber.json; Parser: buddy-item-multi-source-v1
Gummy Worms,gummy worms,Bait Bag 01,bait bag 01,openable,openable,https://buddy.farm/i/gummy-worms/,Promoted as advisory source hint from complete cached Buddy page-data fan-out for BL-263.; Not counted as exact supply by this table.; Quantity range: 10-250; Source: https://buddy.farm/i/gummy-worms/; Page data: https://buddy.farm/page-data/i/gummy-worms/page-data.json; Cache: gummy-worms__gummy-worms.json; Parser: buddy-item-multi-source-v1
Gummy Worms,gummy worms,Bug Bag 01,bug bag 01,openable,openable,https://buddy.farm/i/gummy-worms/,Promoted as advisory source hint from complete cached Buddy page-data fan-out for BL-263.; Not counted as exact supply by this table.; Quantity range: 1-10; Source: https://buddy.farm/i/gummy-worms/; Page data: https://buddy.farm/page-data/i/gummy-worms/page-data.json; Cache: gummy-worms__gummy-worms.json; Parser: buddy-item-multi-source-v1
Gummy Worms,gummy worms,Grab Bag 02,grab bag 02,openable,openable,https://buddy.farm/i/gummy-worms/,Promoted as advisory source hint from complete cached Buddy page-data fan-out for BL-263.; Not counted as exact supply by this table.; Quantity range: 10-25; Source: https://buddy.farm/i/gummy-worms/; Page data: https://buddy.farm/page-data/i/gummy-worms/page-data.json; Cache: gummy-worms__gummy-worms.json; Parser: buddy-item-multi-source-v1
Gummy Worms,gummy worms,Tackle Box,tackle box,openable,openable,https://buddy.farm/i/gummy-worms/,Promoted as advisory source hint from complete cached Buddy page-data fan-out for BL-263.; Not counted as exact supply by this table.; Quantity range: 100-100; Source: https://buddy.farm/i/gummy-worms/; Page data: https://buddy.farm/page-data/i/gummy-worms/page-data.json; Cache: gummy-worms__gummy-worms.json; Parser: buddy-item-multi-source-v1
Gummy Worms,gummy worms,Treat Bag 02,treat bag 02,openable,openable,https://buddy.farm/i/gummy-worms/,Promoted as advisory source hint from complete cached Buddy page-data fan-out for BL-263.; Not counted as exact supply by this table.; Quantity range: 24-24; Source: https://buddy.farm/i/gummy-worms/; Page data: https://buddy.farm/page-data/i/gummy-worms/page-data.json; Cache: gummy-worms__gummy-worms.json; Parser: buddy-item-multi-source-v1
Gummy Worms,gummy worms,Welcome Card,welcome card,openable,openable,https://buddy.farm/i/gummy-worms/,Promoted as advisory source hint from complete cached Buddy page-data fan-out for BL-263.; Not counted as exact supply by this table.; Quantity range: 8-8; Source: https://buddy.farm/i/gummy-worms/; Page data: https://buddy.farm/page-data/i/gummy-worms/page-data.json; Cache: gummy-worms__gummy-worms.json; Parser: buddy-item-multi-source-v1
Hammer,hammer,Large Chest 02,large chest 02,openable,openable,https://buddy.farm/i/hammer/,Promoted as advisory source hint from complete cached Buddy page-data fan-out for BL-263.; Not counted as exact supply by this table.; Quantity range: 1-1; Source: https://buddy.farm/i/hammer/; Page data: https://buddy.farm/page-data/i/hammer/page-data.json; Cache: hammer__hammer.json; Parser: buddy-item-multi-source-v1
Happy Cookies,happy cookies,Bag of Presents 02,bag of presents 02,openable,openable,https://buddy.farm/i/happy-cookies/,Promoted as advisory source hint from complete cached Buddy page-data fan-out for BL-263.; Not counted as exact supply by this table.; Quantity range: 2-2; Source: https://buddy.farm/i/happy-cookies/; Page data: https://buddy.farm/page-data/i/happy-cookies/page-data.json; Cache: happy-cookies__happy-cookies.json; Parser: buddy-item-multi-source-v1
Happy Cookies,happy cookies,Borgen Bag 01,borgen bag 01,openable,openable,https://buddy.farm/i/happy-cookies/,Promoted as advisory source hint from complete cached Buddy page-data fan-out for BL-263.; Not counted as exact supply by this table.; Quantity range: 1-1; Source: https://buddy.farm/i/happy-cookies/; Page data: https://buddy.farm/page-data/i/happy-cookies/page-data.json; Cache: happy-cookies__happy-cookies.json; Parser: buddy-item-multi-source-v1
Happy Cookies,happy cookies,Harvest Bundle 01,harvest bundle 01,openable,openable,https://buddy.farm/i/happy-cookies/,Promoted as advisory source hint from complete cached Buddy page-data fan-out for BL-263.; Not counted as exact supply by this table.; Quantity range: 3-3; Source: https://buddy.farm/i/happy-cookies/; Page data: https://buddy.farm/page-data/i/happy-cookies/page-data.json; Cache: happy-cookies__happy-cookies.json; Parser: buddy-item-multi-source-v1
Happy Cookies,happy cookies,Holiday Cheer Bundle 01,holiday cheer bundle 01,openable,openable,https://buddy.farm/i/happy-cookies/,Promoted as advisory source hint from complete cached Buddy page-data fan-out for BL-263.; Not counted as exact supply by this table.; Quantity range: 5-5; Source: https://buddy.farm/i/happy-cookies/; Page data: https://buddy.farm/page-data/i/happy-cookies/page-data.json; Cache: happy-cookies__happy-cookies.json; Parser: buddy-item-multi-source-v1
Happy Cookies,happy cookies,Tower Prep Pack 01,tower prep pack 01,openable,openable,https://buddy.farm/i/happy-cookies/,Promoted as advisory source hint from complete cached Buddy page-data fan-out for BL-263.; Not counted as exact supply by this table.; Quantity range: 3-3; Source: https://buddy.farm/i/happy-cookies/; Page data: https://buddy.farm/page-data/i/happy-cookies/page-data.json; Cache: happy-cookies__happy-cookies.json; Parser: buddy-item-multi-source-v1
Harvest Bundle 01,harvest bundle 01,Garden Crate 01,garden crate 01,openable,openable,https://buddy.farm/i/harvest-bundle-01/,Promoted as advisory source hint from complete cached Buddy page-data fan-out for BL-263.; Not counted as exact supply by this table.; Quantity range: 1-1; Source: https://buddy.farm/i/harvest-bundle-01/; Page data: https://buddy.farm/page-data/i/harvest-bundle-01/page-data.json; Cache: harvest-bundle-01__harvest-bundle-01.json; Parser: buddy-item-multi-source-v1
Heart Candies,heart candies,Heart-shaped Box 02,heart-shaped box 02,openable,openable,https://buddy.farm/i/heart-candies/,Promoted as advisory source hint from complete cached Buddy page-data fan-out for BL-263.; Not counted as exact supply by this table.; Quantity range: 3-3; Source: https://buddy.farm/i/heart-candies/; Page data: https://buddy.farm/page-data/i/heart-candies/page-data.json; Cache: heart-candies__heart-candies.json; Parser: buddy-item-multi-source-v1
Heart Candies,heart candies,Heart-shaped Box 03,heart-shaped box 03,openable,openable,https://buddy.farm/i/heart-candies/,Promoted as advisory source hint from complete cached Buddy page-data fan-out for BL-263.; Not counted as exact supply by this table.; Quantity range: 3-3; Source: https://buddy.farm/i/heart-candies/; Page data: https://buddy.farm/page-data/i/heart-candies/page-data.json; Cache: heart-candies__heart-candies.json; Parser: buddy-item-multi-source-v1
Heart Container,heart container,Friendship Bag 01,friendship bag 01,openable,openable,https://buddy.farm/i/heart-container/,Promoted as advisory source hint from complete cached Buddy page-data fan-out for BL-263.; Not counted as exact supply by this table.; Quantity range: 1-3; Source: https://buddy.farm/i/heart-container/; Page data: https://buddy.farm/page-data/i/heart-container/page-data.json; Cache: heart-container__heart-container.json; Parser: buddy-item-multi-source-v1
Heart-shaped Box 01,heart-shaped box 01,Birthday Surprise Box 03,birthday surprise box 03,openable,openable,https://buddy.farm/i/heart-shaped-box-01/,Promoted as advisory source hint from complete cached Buddy page-data fan-out for BL-263.; Not counted as exact supply by this table.; Quantity range: 1-2; Source: https://buddy.farm/i/heart-shaped-box-01/; Page data: https://buddy.farm/page-data/i/heart-shaped-box-01/page-data.json; Cache: heart-shaped-box-01__heart-shaped-box-01.json; Parser: buddy-item-multi-source-v1
Heart-shaped Box 01,heart-shaped box 01,Birthday Surprise Box 04,birthday surprise box 04,openable,openable,https://buddy.farm/i/heart-shaped-box-01/,Promoted as advisory source hint from complete cached Buddy page-data fan-out for BL-263.; Not counted as exact supply by this table.; Quantity range: 1-2; Source: https://buddy.farm/i/heart-shaped-box-01/; Page data: https://buddy.farm/page-data/i/heart-shaped-box-01/page-data.json; Cache: heart-shaped-box-01__heart-shaped-box-01.json; Parser: buddy-item-multi-source-v1
Heart-shaped Box 01,heart-shaped box 01,Birthday Surprise Box 05,birthday surprise box 05,openable,openable,https://buddy.farm/i/heart-shaped-box-01/,Promoted as advisory source hint from complete cached Buddy page-data fan-out for BL-263.; Not counted as exact supply by this table.; Quantity range: 1-2; Source: https://buddy.farm/i/heart-shaped-box-01/; Page data: https://buddy.farm/page-data/i/heart-shaped-box-01/page-data.json; Cache: heart-shaped-box-01__heart-shaped-box-01.json; Parser: buddy-item-multi-source-v1
Heart-shaped Box 02,heart-shaped box 02,Birthday Surprise Box 04,birthday surprise box 04,openable,openable,https://buddy.farm/i/heart-shaped-box-02/,Promoted as advisory source hint from complete cached Buddy page-data fan-out for BL-263.; Not counted as exact supply by this table.; Quantity range: 1-2; Source: https://buddy.farm/i/heart-shaped-box-02/; Page data: https://buddy.farm/page-data/i/heart-shaped-box-02/page-data.json; Cache: heart-shaped-box-02__heart-shaped-box-02.json; Parser: buddy-item-multi-source-v1
Heart-shaped Box 02,heart-shaped box 02,Birthday Surprise Box 05,birthday surprise box 05,openable,openable,https://buddy.farm/i/heart-shaped-box-02/,Promoted as advisory source hint from complete cached Buddy page-data fan-out for BL-263.; Not counted as exact supply by this table.; Quantity range: 1-2; Source: https://buddy.farm/i/heart-shaped-box-02/; Page data: https://buddy.farm/page-data/i/heart-shaped-box-02/page-data.json; Cache: heart-shaped-box-02__heart-shaped-box-02.json; Parser: buddy-item-multi-source-v1
Heart-shaped Box 03,heart-shaped box 03,Birthday Surprise Box 05,birthday surprise box 05,openable,openable,https://buddy.farm/i/heart-shaped-box-03/,Promoted as advisory source hint from complete cached Buddy page-data fan-out for BL-263.; Not counted as exact supply by this table.; Quantity range: 1-2; Source: https://buddy.farm/i/heart-shaped-box-03/; Page data: https://buddy.farm/page-data/i/heart-shaped-box-03/page-data.json; Cache: heart-shaped-box-03__heart-shaped-box-03.json; Parser: buddy-item-multi-source-v1
Heart-shaped Gem,heart-shaped gem,Heart-shaped Box 01,heart-shaped box 01,openable,openable,https://buddy.farm/i/heart-shaped-gem/,Promoted as advisory source hint from complete cached Buddy page-data fan-out for BL-263.; Not counted as exact supply by this table.; Quantity range: 1-1; Source: https://buddy.farm/i/heart-shaped-gem/; Page data: https://buddy.farm/page-data/i/heart-shaped-gem/page-data.json; Cache: heart-shaped-gem__heart-shaped-gem.json; Parser: buddy-item-multi-source-v1
Heart-shaped Gem,heart-shaped gem,Heart-shaped Box 02,heart-shaped box 02,openable,openable,https://buddy.farm/i/heart-shaped-gem/,Promoted as advisory source hint from complete cached Buddy page-data fan-out for BL-263.; Not counted as exact supply by this table.; Quantity range: 1-1; Source: https://buddy.farm/i/heart-shaped-gem/; Page data: https://buddy.farm/page-data/i/heart-shaped-gem/page-data.json; Cache: heart-shaped-gem__heart-shaped-gem.json; Parser: buddy-item-multi-source-v1
Heart-shaped Gem,heart-shaped gem,Heart-shaped Box 03,heart-shaped box 03,openable,openable,https://buddy.farm/i/heart-shaped-gem/,Promoted as advisory source hint from complete cached Buddy page-data fan-out for BL-263.; Not counted as exact supply by this table.; Quantity range: 1-1; Source: https://buddy.farm/i/heart-shaped-gem/; Page data: https://buddy.farm/page-data/i/heart-shaped-gem/page-data.json; Cache: heart-shaped-gem__heart-shaped-gem.json; Parser: buddy-item-multi-source-v1
Hearts,hearts,Backpack,backpack,openable,openable,https://buddy.farm/i/hearts/,Promoted as advisory source hint from complete cached Buddy page-data fan-out for BL-263.; Not counted as exact supply by this table.; Quantity range: 1-1; Source: https://buddy.farm/i/hearts/; Page data: https://buddy.farm/page-data/i/hearts/page-data.json; Cache: hearts__hearts.json; Parser: buddy-item-multi-source-v1
Hearts,hearts,Heart-shaped Box 01,heart-shaped box 01,openable,openable,https://buddy.farm/i/hearts/,Promoted as advisory source hint from complete cached Buddy page-data fan-out for BL-263.; Not counted as exact supply by this table.; Quantity range: 1-1; Source: https://buddy.farm/i/hearts/; Page data: https://buddy.farm/page-data/i/hearts/page-data.json; Cache: hearts__hearts.json; Parser: buddy-item-multi-source-v1
Hearts,hearts,Stack of Cards,stack of cards,openable,openable,https://buddy.farm/i/hearts/,Promoted as advisory source hint from complete cached Buddy page-data fan-out for BL-263.; Not counted as exact supply by this table.; Quantity range: 1-1; Source: https://buddy.farm/i/hearts/; Page data: https://buddy.farm/page-data/i/hearts/page-data.json; Cache: hearts__hearts.json; Parser: buddy-item-multi-source-v1
Herbs,herbs,Spring Basket 01,spring basket 01,openable,openable,https://buddy.farm/i/herbs/,Promoted as advisory source hint from complete cached Buddy page-data fan-out for BL-263.; Not counted as exact supply by this table.; Quantity range: 2-2; Source: https://buddy.farm/i/herbs/; Page data: https://buddy.farm/page-data/i/herbs/page-data.json; Cache: herbs__herbs.json; Parser: buddy-item-multi-source-v1
Hickory Omelette,hickory omelette,Thomas's Tavern Tote,thomas's tavern tote,openable,openable,https://buddy.farm/i/hickory-omelette/,Promoted as advisory source hint from complete cached Buddy page-data fan-out for BL-263.; Not counted as exact supply by this table.; Quantity range: 5-5; Source: https://buddy.farm/i/hickory-omelette/; Page data: https://buddy.farm/page-data/i/hickory-omelette/page-data.json; Cache: hickory-omelette__hickory-omelette.json; Parser: buddy-item-multi-source-v1
Holger's Lunch Box,holger's lunch box,Birthday Surprise Box 03,birthday surprise box 03,openable,openable,https://buddy.farm/i/holger-s-lunch-box/,Promoted as advisory source hint from complete cached Buddy page-data fan-out for BL-263.; Not counted as exact supply by this table.; Quantity range: 1-2; Source: https://buddy.farm/i/holger-s-lunch-box/; Page data: https://buddy.farm/page-data/i/holger-s-lunch-box/page-data.json; Cache: holger-s-lunch-box__holger-s-lunch-box.json; Parser: buddy-item-multi-source-v1
Holger's Lunch Box,holger's lunch box,Birthday Surprise Box 04,birthday surprise box 04,openable,openable,https://buddy.farm/i/holger-s-lunch-box/,Promoted as advisory source hint from complete cached Buddy page-data fan-out for BL-263.; Not counted as exact supply by this table.; Quantity range: 1-2; Source: https://buddy.farm/i/holger-s-lunch-box/; Page data: https://buddy.farm/page-data/i/holger-s-lunch-box/page-data.json; Cache: holger-s-lunch-box__holger-s-lunch-box.json; Parser: buddy-item-multi-source-v1
Holger's Lunch Box,holger's lunch box,Birthday Surprise Box 05,birthday surprise box 05,openable,openable,https://buddy.farm/i/holger-s-lunch-box/,Promoted as advisory source hint from complete cached Buddy page-data fan-out for BL-263.; Not counted as exact supply by this table.; Quantity range: 1-2; Source: https://buddy.farm/i/holger-s-lunch-box/; Page data: https://buddy.farm/page-data/i/holger-s-lunch-box/page-data.json; Cache: holger-s-lunch-box__holger-s-lunch-box.json; Parser: buddy-item-multi-source-v1
Holiday Cake,holiday cake,Box of Holiday Cakes,box of holiday cakes,openable,openable,https://buddy.farm/i/holiday-cake/,Promoted as advisory source hint from complete cached Buddy page-data fan-out for BL-263.; Not counted as exact supply by this table.; Quantity range: 10-10; Source: https://buddy.farm/i/holiday-cake/; Page data: https://buddy.farm/page-data/i/holiday-cake/page-data.json; Cache: holiday-cake__holiday-cake.json; Parser: buddy-item-multi-source-v1
Holiday Cake,holiday cake,Holiday Cheer Bundle 01,holiday cheer bundle 01,openable,openable,https://buddy.farm/i/holiday-cake/,Promoted as advisory source hint from complete cached Buddy page-data fan-out for BL-263.; Not counted as exact supply by this table.; Quantity range: 3-3; Source: https://buddy.farm/i/holiday-cake/; Page data: https://buddy.farm/page-data/i/holiday-cake/page-data.json; Cache: holiday-cake__holiday-cake.json; Parser: buddy-item-multi-source-v1
Holiday Candles,holiday candles,Holiday Cheer Bundle 01,holiday cheer bundle 01,openable,openable,https://buddy.farm/i/holiday-candles/,Promoted as advisory source hint from complete cached Buddy page-data fan-out for BL-263.; Not counted as exact supply by this table.; Quantity range: 2-2; Source: https://buddy.farm/i/holiday-candles/; Page data: https://buddy.farm/page-data/i/holiday-candles/page-data.json; Cache: holiday-candles__holiday-candles.json; Parser: buddy-item-multi-source-v1
Holiday Cheer Bundle 01,holiday cheer bundle 01,Birthday Surprise Box 05,birthday surprise box 05,openable,openable,https://buddy.farm/i/holiday-cheer-bundle-01/,Promoted as advisory source hint from complete cached Buddy page-data fan-out for BL-263.; Not counted as exact supply by this table.; Quantity range: 1-2; Source: https://buddy.farm/i/holiday-cheer-bundle-01/; Page data: https://buddy.farm/page-data/i/holiday-cheer-bundle-01/page-data.json; Cache: holiday-cheer-bundle-01__holiday-cheer-bundle-01.json; Parser: buddy-item-multi-source-v1
Holiday Garland,holiday garland,Holiday Cheer Bundle 01,holiday cheer bundle 01,openable,openable,https://buddy.farm/i/holiday-garland/,Promoted as advisory source hint from complete cached Buddy page-data fan-out for BL-263.; Not counted as exact supply by this table.; Quantity range: 2-2; Source: https://buddy.farm/i/holiday-garland/; Page data: https://buddy.farm/page-data/i/holiday-garland/page-data.json; Cache: holiday-garland__holiday-garland.json; Parser: buddy-item-multi-source-v1
Holiday Garland,holiday garland,Shiny Present,shiny present,openable,openable,https://buddy.farm/i/holiday-garland/,Promoted as advisory source hint from complete cached Buddy page-data fan-out for BL-263.; Not counted as exact supply by this table.; Quantity range: 2-2; Source: https://buddy.farm/i/holiday-garland/; Page data: https://buddy.farm/page-data/i/holiday-garland/page-data.json; Cache: holiday-garland__holiday-garland.json; Parser: buddy-item-multi-source-v1
Holiday Wreath,holiday wreath,Milk and Cookies,milk and cookies,wishing_well,Wishing Well throw,https://buddy.farm/i/holiday-wreath/,Promoted as advisory source hint from complete cached Buddy page-data fan-out for BL-263.; Not counted as exact supply by this table.; Reward chance: 0.25; Candidate flags: reverse_relation; reward_quantity_defaulted; Reverse Wishing Well relation from reward page; candidate export defaults quantity to 1 for review.; Source: https://buddy.farm/i/holiday-wreath/; Page data: https://buddy.farm/page-data/i/holiday-wreath/page-data.json; Cache: holiday-wreath__holiday-wreath.json; Parser: buddy-item-multi-source-v1
Honey,honey,Large Chest 03,large chest 03,openable,openable,https://buddy.farm/i/honey/,Promoted as advisory source hint from complete cached Buddy page-data fan-out for BL-263.; Not counted as exact supply by this table.; Quantity range: 1-1; Source: https://buddy.farm/i/honey/; Page data: https://buddy.farm/page-data/i/honey/page-data.json; Cache: honey__honey.json; Parser: buddy-item-multi-source-v1
Honey,honey,Herbs,herbs,wishing_well,Wishing Well throw,https://buddy.farm/i/honey/,Promoted as advisory source hint from complete cached Buddy page-data fan-out for BL-263.; Not counted as exact supply by this table.; Reward chance: 0.16666666666666666; Candidate flags: reverse_relation; reward_quantity_defaulted; Reverse Wishing Well relation from reward page; candidate export defaults quantity to 1 for review.; Source: https://buddy.farm/i/honey/; Page data: https://buddy.farm/page-data/i/honey/page-data.json; Cache: honey__honey.json; Parser: buddy-item-multi-source-v1
Hops,hops,Christmas Present 04,christmas present 04,openable,openable,https://buddy.farm/i/hops/,Promoted as advisory source hint from complete cached Buddy page-data fan-out for BL-263.; Not counted as exact supply by this table.; Quantity range: 40-40; Source: https://buddy.farm/i/hops/; Page data: https://buddy.farm/page-data/i/hops/page-data.json; Cache: hops__hops.json; Parser: buddy-item-multi-source-v1
Hops,hops,Spring Basket 01,spring basket 01,openable,openable,https://buddy.farm/i/hops/,Promoted as advisory source hint from complete cached Buddy page-data fan-out for BL-263.; Not counted as exact supply by this table.; Quantity range: 15-15; Source: https://buddy.farm/i/hops/; Page data: https://buddy.farm/page-data/i/hops/page-data.json; Cache: hops__hops.json; Parser: buddy-item-multi-source-v1
Horn,horn,Grab Bag 02,grab bag 02,openable,openable,https://buddy.farm/i/horn/,Promoted as advisory source hint from complete cached Buddy page-data fan-out for BL-263.; Not counted as exact supply by this table.; Quantity range: 10-25; Source: https://buddy.farm/i/horn/; Page data: https://buddy.farm/page-data/i/horn/page-data.json; Cache: horn__horn.json; Parser: buddy-item-multi-source-v1
Horn,horn,Pine Cone,pine cone,wishing_well,Wishing Well throw,https://buddy.farm/i/horn/,Promoted as advisory source hint from complete cached Buddy page-data fan-out for BL-263.; Not counted as exact supply by this table.; Reward chance: 0.3333333333333333; Candidate flags: reverse_relation; reward_quantity_defaulted; Reverse Wishing Well relation from reward page; candidate export defaults quantity to 1 for review.; Source: https://buddy.farm/i/horn/; Page data: https://buddy.farm/page-data/i/horn/page-data.json; Cache: horn__horn.json; Parser: buddy-item-multi-source-v1
Horned Beetle,horned beetle,Bug Bag 01,bug bag 01,openable,openable,https://buddy.farm/i/horned-beetle/,Promoted as advisory source hint from complete cached Buddy page-data fan-out for BL-263.; Not counted as exact supply by this table.; Quantity range: 1-10; Source: https://buddy.farm/i/horned-beetle/; Page data: https://buddy.farm/page-data/i/horned-beetle/page-data.json; Cache: horned-beetle__horned-beetle.json; Parser: buddy-item-multi-source-v1
Horned Beetle,horned beetle,Fire Ant,fire ant,wishing_well,Wishing Well throw,https://buddy.farm/i/horned-beetle/,Promoted as advisory source hint from complete cached Buddy page-data fan-out for BL-263.; Not counted as exact supply by this table.; Reward chance: 0.25; Candidate flags: reverse_relation; reward_quantity_defaulted; Reverse Wishing Well relation from reward page; candidate export defaults quantity to 1 for review.; Source: https://buddy.farm/i/horned-beetle/; Page data: https://buddy.farm/page-data/i/horned-beetle/page-data.json; Cache: horned-beetle__horned-beetle.json; Parser: buddy-item-multi-source-v1
Horned Beetle,horned beetle,Giant Centipede,giant centipede,wishing_well,Wishing Well throw,https://buddy.farm/i/horned-beetle/,Promoted as advisory source hint from complete cached Buddy page-data fan-out for BL-263.; Not counted as exact supply by this table.; Reward chance: 0.25; Candidate flags: reverse_relation; reward_quantity_defaulted; Reverse Wishing Well relation from reward page; candidate export defaults quantity to 1 for review.; Source: https://buddy.farm/i/horned-beetle/; Page data: https://buddy.farm/page-data/i/horned-beetle/page-data.json; Cache: horned-beetle__horned-beetle.json; Parser: buddy-item-multi-source-v1
Horned Beetle,horned beetle,Shiny Beetle,shiny beetle,wishing_well,Wishing Well throw,https://buddy.farm/i/horned-beetle/,Promoted as advisory source hint from complete cached Buddy page-data fan-out for BL-263.; Not counted as exact supply by this table.; Reward chance: 0.25; Candidate flags: reverse_relation; reward_quantity_defaulted; Reverse Wishing Well relation from reward page; candidate export defaults quantity to 1 for review.; Source: https://buddy.farm/i/horned-beetle/; Page data: https://buddy.farm/page-data/i/horned-beetle/page-data.json; Cache: horned-beetle__horned-beetle.json; Parser: buddy-item-multi-source-v1
Horned Beetle,horned beetle,Snail,snail,wishing_well,Wishing Well throw,https://buddy.farm/i/horned-beetle/,Promoted as advisory source hint from complete cached Buddy page-data fan-out for BL-263.; Not counted as exact supply by this table.; Reward chance: 0.25; Candidate flags: reverse_relation; reward_quantity_defaulted; Reverse Wishing Well relation from reward page; candidate export defaults quantity to 1 for review.; Source: https://buddy.farm/i/horned-beetle/; Page data: https://buddy.farm/page-data/i/horned-beetle/page-data.json; Cache: horned-beetle__horned-beetle.json; Parser: buddy-item-multi-source-v1
Hot Cocoa,hot cocoa,Holiday Cheer Bundle 01,holiday cheer bundle 01,openable,openable,https://buddy.farm/i/hot-cocoa/,Promoted as advisory source hint from complete cached Buddy page-data fan-out for BL-263.; Not counted as exact supply by this table.; Quantity range: 1-1; Source: https://buddy.farm/i/hot-cocoa/; Page data: https://buddy.farm/page-data/i/hot-cocoa/page-data.json; Cache: hot-cocoa__hot-cocoa.json; Parser: buddy-item-multi-source-v1
Hummingbird Feeder,hummingbird feeder,Spring Basket 02,spring basket 02,openable,openable,https://buddy.farm/i/hummingbird-feeder/,Promoted as advisory source hint from complete cached Buddy page-data fan-out for BL-263.; Not counted as exact supply by this table.; Quantity range: 2-2; Source: https://buddy.farm/i/hummingbird-feeder/; Page data: https://buddy.farm/page-data/i/hummingbird-feeder/page-data.json; Cache: hummingbird-feeder__hummingbird-feeder.json; Parser: buddy-item-multi-source-v1
Hummingbird Feeder,hummingbird feeder,Spring Basket 03,spring basket 03,openable,openable,https://buddy.farm/i/hummingbird-feeder/,Promoted as advisory source hint from complete cached Buddy page-data fan-out for BL-263.; Not counted as exact supply by this table.; Quantity range: 1-1; Source: https://buddy.farm/i/hummingbird-feeder/; Page data: https://buddy.farm/page-data/i/hummingbird-feeder/page-data.json; Cache: hummingbird-feeder__hummingbird-feeder.json; Parser: buddy-item-multi-source-v1
Ice Scraper,ice scraper,Frozen Chest 03,frozen chest 03,openable,openable,https://buddy.farm/i/ice-scraper/,Promoted as advisory source hint from complete cached Buddy page-data fan-out for BL-263.; Not counted as exact supply by this table.; Quantity range: 2-2; Source: https://buddy.farm/i/ice-scraper/; Page data: https://buddy.farm/page-data/i/ice-scraper/page-data.json; Cache: ice-scraper__ice-scraper.json; Parser: buddy-item-multi-source-v1
Iced Tea,iced tea,Drink Bundle,drink bundle,openable,openable,https://buddy.farm/i/iced-tea/,Promoted as advisory source hint from complete cached Buddy page-data fan-out for BL-263.; Not counted as exact supply by this table.; Quantity range: 10-10; Source: https://buddy.farm/i/iced-tea/; Page data: https://buddy.farm/page-data/i/iced-tea/page-data.json; Cache: iced-tea__iced-tea.json; Parser: buddy-item-multi-source-v1
Iced Tea,iced tea,Tackle Box,tackle box,openable,openable,https://buddy.farm/i/iced-tea/,Promoted as advisory source hint from complete cached Buddy page-data fan-out for BL-263.; Not counted as exact supply by this table.; Quantity range: 3-3; Source: https://buddy.farm/i/iced-tea/; Page data: https://buddy.farm/page-data/i/iced-tea/page-data.json; Cache: iced-tea__iced-tea.json; Parser: buddy-item-multi-source-v1
Iced Tea,iced tea,Apple Cider,apple cider,wishing_well,Wishing Well throw,https://buddy.farm/i/iced-tea/,Promoted as advisory source hint from complete cached Buddy page-data fan-out for BL-263.; Not counted as exact supply by this table.; Reward chance: 0.3333333333333333; Candidate flags: reverse_relation; reward_quantity_defaulted; Reverse Wishing Well relation from reward page; candidate export defaults quantity to 1 for review.; Source: https://buddy.farm/i/iced-tea/; Page data: https://buddy.farm/page-data/i/iced-tea/page-data.json; Cache: iced-tea__iced-tea.json; Parser: buddy-item-multi-source-v1
Iron,iron,Welcome Card,welcome card,openable,openable,https://buddy.farm/i/iron/,Promoted as advisory source hint from complete cached Buddy page-data fan-out for BL-263.; Not counted as exact supply by this table.; Quantity range: 8-8; Source: https://buddy.farm/i/iron/; Page data: https://buddy.farm/page-data/i/iron/page-data.json; Cache: iron__iron.json; Parser: buddy-item-multi-source-v1
Iron Ring,iron ring,Backpack,backpack,openable,openable,https://buddy.farm/i/iron-ring/,Promoted as advisory source hint from complete cached Buddy page-data fan-out for BL-263.; Not counted as exact supply by this table.; Quantity range: 50-50; Source: https://buddy.farm/i/iron-ring/; Page data: https://buddy.farm/page-data/i/iron-ring/page-data.json; Cache: iron-ring__iron-ring.json; Parser: buddy-item-multi-source-v1
Jack-o-lantern,jack-o-lantern,Treat Bag 04,treat bag 04,openable,openable,https://buddy.farm/i/jack-o-lantern/,Promoted as advisory source hint from complete cached Buddy page-data fan-out for BL-263.; Not counted as exact supply by this table.; Quantity range: 1-1; Source: https://buddy.farm/i/jack-o-lantern/; Page data: https://buddy.farm/page-data/i/jack-o-lantern/page-data.json; Cache: jack-o-lantern__jack-o-lantern.json; Parser: buddy-item-multi-source-v1
Jack-o-lantern,jack-o-lantern,Treat Bag 05,treat bag 05,openable,openable,https://buddy.farm/i/jack-o-lantern/,Promoted as advisory source hint from complete cached Buddy page-data fan-out for BL-263.; Not counted as exact supply by this table.; Quantity range: 3-3; Source: https://buddy.farm/i/jack-o-lantern/; Page data: https://buddy.farm/page-data/i/jack-o-lantern/page-data.json; Cache: jack-o-lantern__jack-o-lantern.json; Parser: buddy-item-multi-source-v1
Jack-o-lantern,jack-o-lantern,Treat Bag 06,treat bag 06,openable,openable,https://buddy.farm/i/jack-o-lantern/,Promoted as advisory source hint from complete cached Buddy page-data fan-out for BL-263.; Not counted as exact supply by this table.; Quantity range: 3-3; Source: https://buddy.farm/i/jack-o-lantern/; Page data: https://buddy.farm/page-data/i/jack-o-lantern/page-data.json; Cache: jack-o-lantern__jack-o-lantern.json; Parser: buddy-item-multi-source-v1
Jack-o-lantern,jack-o-lantern,Treat Bag 03,treat bag 03,wishing_well,Wishing Well throw,https://buddy.farm/i/jack-o-lantern/,Promoted as advisory source hint from complete cached Buddy page-data fan-out for BL-263.; Not counted as exact supply by this table.; Reward chance: 0.3333333333333333; Candidate flags: reverse_relation; reward_quantity_defaulted; Reverse Wishing Well relation from reward page; candidate export defaults quantity to 1 for review.; Source: https://buddy.farm/i/jack-o-lantern/; Page data: https://buddy.farm/page-data/i/jack-o-lantern/page-data.json; Cache: jack-o-lantern__jack-o-lantern.json; Parser: buddy-item-multi-source-v1
Jade,jade,Large Chest 01,large chest 01,openable,openable,https://buddy.farm/i/jade/,Promoted as advisory source hint from complete cached Buddy page-data fan-out for BL-263.; Not counted as exact supply by this table.; Quantity range: 50-50; Source: https://buddy.farm/i/jade/; Page data: https://buddy.farm/page-data/i/jade/page-data.json; Cache: jade__jade.json; Parser: buddy-item-multi-source-v1
Jade,jade,Small Chest 01,small chest 01,openable,openable,https://buddy.farm/i/jade/,Promoted as advisory source hint from complete cached Buddy page-data fan-out for BL-263.; Not counted as exact supply by this table.; Quantity range: 10-10; Source: https://buddy.farm/i/jade/; Page data: https://buddy.farm/page-data/i/jade/page-data.json; Cache: jade__jade.json; Parser: buddy-item-multi-source-v1
Jellyfish,jellyfish,Christmas Present 08,christmas present 08,openable,openable,https://buddy.farm/i/jellyfish/,Promoted as advisory source hint from complete cached Buddy page-data fan-out for BL-263.; Not counted as exact supply by this table.; Quantity range: 80-80; Source: https://buddy.farm/i/jellyfish/; Page data: https://buddy.farm/page-data/i/jellyfish/page-data.json; Cache: jellyfish__jellyfish.json; Parser: buddy-item-multi-source-v1
Joker,joker,Borgen Bag 01,borgen bag 01,openable,openable,https://buddy.farm/i/joker/,Promoted as advisory source hint from complete cached Buddy page-data fan-out for BL-263.; Not counted as exact supply by this table.; Quantity range: 1-1; Source: https://buddy.farm/i/joker/; Page data: https://buddy.farm/page-data/i/joker/page-data.json; Cache: joker__joker.json; Parser: buddy-item-multi-source-v1
Joker,joker,Stack of Cards,stack of cards,openable,openable,https://buddy.farm/i/joker/,Promoted as advisory source hint from complete cached Buddy page-data fan-out for BL-263.; Not counted as exact supply by this table.; Quantity range: 1-1; Source: https://buddy.farm/i/joker/; Page data: https://buddy.farm/page-data/i/joker/page-data.json; Cache: joker__joker.json; Parser: buddy-item-multi-source-v1
Kite Kite,kite kite,Magical Chest 01,magical chest 01,openable,openable,https://buddy.farm/i/kite-kite/,Promoted as advisory source hint from complete cached Buddy page-data fan-out for BL-263.; Not counted as exact supply by this table.; Quantity range: 2-2; Source: https://buddy.farm/i/kite-kite/; Page data: https://buddy.farm/page-data/i/kite-kite/page-data.json; Cache: kite-kite__kite-kite.json; Parser: buddy-item-multi-source-v1
Krampus Buddy Doll,krampus buddy doll,Buddy Doll Bag 01,buddy doll bag 01,openable,openable,https://buddy.farm/i/krampus-buddy-doll/,Promoted as advisory source hint from complete cached Buddy page-data fan-out for BL-263.; Not counted as exact supply by this table.; Quantity range: 1-1; Source: https://buddy.farm/i/krampus-buddy-doll/; Page data: https://buddy.farm/page-data/i/krampus-buddy-doll/page-data.json; Cache: krampus-buddy-doll__krampus-buddy-doll.json; Parser: buddy-item-multi-source-v1
Large Chest 01,large chest 01,Borgen Bag 01,borgen bag 01,openable,openable,https://buddy.farm/i/large-chest-01/,Promoted as advisory source hint from complete cached Buddy page-data fan-out for BL-263.; Not counted as exact supply by this table.; Quantity range: 10-100; Source: https://buddy.farm/i/large-chest-01/; Page data: https://buddy.farm/page-data/i/large-chest-01/page-data.json; Cache: large-chest-01__large-chest-01.json; Parser: buddy-item-multi-source-v1
Large Chest 02,large chest 02,Borgen Bag 01,borgen bag 01,openable,openable,https://buddy.farm/i/large-chest-02/,Promoted as advisory source hint from complete cached Buddy page-data fan-out for BL-263.; Not counted as exact supply by this table.; Quantity range: 10-100; Source: https://buddy.farm/i/large-chest-02/; Page data: https://buddy.farm/page-data/i/large-chest-02/page-data.json; Cache: large-chest-02__large-chest-02.json; Parser: buddy-item-multi-source-v1
Large Chest 03,large chest 03,Borgen Bag 01,borgen bag 01,openable,openable,https://buddy.farm/i/large-chest-03/,Promoted as advisory source hint from complete cached Buddy page-data fan-out for BL-263.; Not counted as exact supply by this table.; Quantity range: 10-100; Source: https://buddy.farm/i/large-chest-03/; Page data: https://buddy.farm/page-data/i/large-chest-03/page-data.json; Cache: large-chest-03__large-chest-03.json; Parser: buddy-item-multi-source-v1
Large Net,large net,Bag of Presents 02,bag of presents 02,openable,openable,https://buddy.farm/i/large-net/,Promoted as advisory source hint from complete cached Buddy page-data fan-out for BL-263.; Not counted as exact supply by this table.; Quantity range: 10-10; Source: https://buddy.farm/i/large-net/; Page data: https://buddy.farm/page-data/i/large-net/page-data.json; Cache: large-net__large-net.json; Parser: buddy-item-multi-source-v1
Large Net,large net,Box of Chocolate 02,box of chocolate 02,openable,openable,https://buddy.farm/i/large-net/,Promoted as advisory source hint from complete cached Buddy page-data fan-out for BL-263.; Not counted as exact supply by this table.; Quantity range: 5-5; Source: https://buddy.farm/i/large-net/; Page data: https://buddy.farm/page-data/i/large-net/page-data.json; Cache: large-net__large-net.json; Parser: buddy-item-multi-source-v1
Large Net,large net,Buddy's Beach Bag,buddy's beach bag,openable,openable,https://buddy.farm/i/large-net/,Promoted as advisory source hint from complete cached Buddy page-data fan-out for BL-263.; Not counted as exact supply by this table.; Quantity range: 25-25; Source: https://buddy.farm/i/large-net/; Page data: https://buddy.farm/page-data/i/large-net/page-data.json; Cache: large-net__large-net.json; Parser: buddy-item-multi-source-v1
Large Net,large net,Cornucopia 03,cornucopia 03,openable,openable,https://buddy.farm/i/large-net/,Promoted as advisory source hint from complete cached Buddy page-data fan-out for BL-263.; Not counted as exact supply by this table.; Quantity range: 50-50; Source: https://buddy.farm/i/large-net/; Page data: https://buddy.farm/page-data/i/large-net/page-data.json; Cache: large-net__large-net.json; Parser: buddy-item-multi-source-v1
Large Net,large net,Fancy Present,fancy present,openable,openable,https://buddy.farm/i/large-net/,Promoted as advisory source hint from complete cached Buddy page-data fan-out for BL-263.; Not counted as exact supply by this table.; Quantity range: 10-10; Source: https://buddy.farm/i/large-net/; Page data: https://buddy.farm/page-data/i/large-net/page-data.json; Cache: large-net__large-net.json; Parser: buddy-item-multi-source-v1
Large Net,large net,Frozen Chest 01,frozen chest 01,openable,openable,https://buddy.farm/i/large-net/,Promoted as advisory source hint from complete cached Buddy page-data fan-out for BL-263.; Not counted as exact supply by this table.; Quantity range: 5-5; Source: https://buddy.farm/i/large-net/; Page data: https://buddy.farm/page-data/i/large-net/page-data.json; Cache: large-net__large-net.json; Parser: buddy-item-multi-source-v1
Large Net,large net,Frozen Chest 03,frozen chest 03,openable,openable,https://buddy.farm/i/large-net/,Promoted as advisory source hint from complete cached Buddy page-data fan-out for BL-263.; Not counted as exact supply by this table.; Quantity range: 125-125; Source: https://buddy.farm/i/large-net/; Page data: https://buddy.farm/page-data/i/large-net/page-data.json; Cache: large-net__large-net.json; Parser: buddy-item-multi-source-v1
Large Net,large net,Giving Box 01,giving box 01,openable,openable,https://buddy.farm/i/large-net/,Promoted as advisory source hint from complete cached Buddy page-data fan-out for BL-263.; Not counted as exact supply by this table.; Quantity range: 250-250; Source: https://buddy.farm/i/large-net/; Page data: https://buddy.farm/page-data/i/large-net/page-data.json; Cache: large-net__large-net.json; Parser: buddy-item-multi-source-v1
Large Net,large net,Heart-shaped Box 03,heart-shaped box 03,openable,openable,https://buddy.farm/i/large-net/,Promoted as advisory source hint from complete cached Buddy page-data fan-out for BL-263.; Not counted as exact supply by this table.; Quantity range: 125-125; Source: https://buddy.farm/i/large-net/; Page data: https://buddy.farm/page-data/i/large-net/page-data.json; Cache: large-net__large-net.json; Parser: buddy-item-multi-source-v1
Large Net,large net,Lovely Present,lovely present,openable,openable,https://buddy.farm/i/large-net/,Promoted as advisory source hint from complete cached Buddy page-data fan-out for BL-263.; Not counted as exact supply by this table.; Quantity range: 10-10; Source: https://buddy.farm/i/large-net/; Page data: https://buddy.farm/page-data/i/large-net/page-data.json; Cache: large-net__large-net.json; Parser: buddy-item-multi-source-v1
Large Net,large net,Mystical Chest 02,mystical chest 02,openable,openable,https://buddy.farm/i/large-net/,Promoted as advisory source hint from complete cached Buddy page-data fan-out for BL-263.; Not counted as exact supply by this table.; Quantity range: 3-3; Source: https://buddy.farm/i/large-net/; Page data: https://buddy.farm/page-data/i/large-net/page-data.json; Cache: large-net__large-net.json; Parser: buddy-item-multi-source-v1
Large Net,large net,Picnic Basket 01,picnic basket 01,openable,openable,https://buddy.farm/i/large-net/,Promoted as advisory source hint from complete cached Buddy page-data fan-out for BL-263.; Not counted as exact supply by this table.; Quantity range: 100-100; Source: https://buddy.farm/i/large-net/; Page data: https://buddy.farm/page-data/i/large-net/page-data.json; Cache: large-net__large-net.json; Parser: buddy-item-multi-source-v1
Large Net,large net,Present 02,present 02,openable,openable,https://buddy.farm/i/large-net/,Promoted as advisory source hint from complete cached Buddy page-data fan-out for BL-263.; Not counted as exact supply by this table.; Quantity range: 50-50; Source: https://buddy.farm/i/large-net/; Page data: https://buddy.farm/page-data/i/large-net/page-data.json; Cache: large-net__large-net.json; Parser: buddy-item-multi-source-v1
Large Net,large net,Shiny Present,shiny present,openable,openable,https://buddy.farm/i/large-net/,Promoted as advisory source hint from complete cached Buddy page-data fan-out for BL-263.; Not counted as exact supply by this table.; Quantity range: 10-10; Source: https://buddy.farm/i/large-net/; Page data: https://buddy.farm/page-data/i/large-net/page-data.json; Cache: large-net__large-net.json; Parser: buddy-item-multi-source-v1
Large Net,large net,Summer Basket,summer basket,openable,openable,https://buddy.farm/i/large-net/,Promoted as advisory source hint from complete cached Buddy page-data fan-out for BL-263.; Not counted as exact supply by this table.; Quantity range: 5-5; Source: https://buddy.farm/i/large-net/; Page data: https://buddy.farm/page-data/i/large-net/page-data.json; Cache: large-net__large-net.json; Parser: buddy-item-multi-source-v1
Large Net,large net,Supply Bag 02,supply bag 02,openable,openable,https://buddy.farm/i/large-net/,Promoted as advisory source hint from complete cached Buddy page-data fan-out for BL-263.; Not counted as exact supply by this table.; Quantity range: 30-30; Source: https://buddy.farm/i/large-net/; Page data: https://buddy.farm/page-data/i/large-net/page-data.json; Cache: large-net__large-net.json; Parser: buddy-item-multi-source-v1
Large Net,large net,Supply Crate 02,supply crate 02,openable,openable,https://buddy.farm/i/large-net/,Promoted as advisory source hint from complete cached Buddy page-data fan-out for BL-263.; Not counted as exact supply by this table.; Quantity range: 100-100; Source: https://buddy.farm/i/large-net/; Page data: https://buddy.farm/page-data/i/large-net/page-data.json; Cache: large-net__large-net.json; Parser: buddy-item-multi-source-v1
Large Net,large net,Tackle Box,tackle box,openable,openable,https://buddy.farm/i/large-net/,Promoted as advisory source hint from complete cached Buddy page-data fan-out for BL-263.; Not counted as exact supply by this table.; Quantity range: 5-5; Source: https://buddy.farm/i/large-net/; Page data: https://buddy.farm/page-data/i/large-net/page-data.json; Cache: large-net__large-net.json; Parser: buddy-item-multi-source-v1
Large Net,large net,Tower Prep Pack 01,tower prep pack 01,openable,openable,https://buddy.farm/i/large-net/,Promoted as advisory source hint from complete cached Buddy page-data fan-out for BL-263.; Not counted as exact supply by this table.; Quantity range: 250-250; Source: https://buddy.farm/i/large-net/; Page data: https://buddy.farm/page-data/i/large-net/page-data.json; Cache: large-net__large-net.json; Parser: buddy-item-multi-source-v1
Large Net,large net,Traveler's Bag 01,traveler's bag 01,openable,openable,https://buddy.farm/i/large-net/,Promoted as advisory source hint from complete cached Buddy page-data fan-out for BL-263.; Not counted as exact supply by this table.; Quantity range: 100-100; Source: https://buddy.farm/i/large-net/; Page data: https://buddy.farm/page-data/i/large-net/page-data.json; Cache: large-net__large-net.json; Parser: buddy-item-multi-source-v1
Large Net,large net,Winter Basket,winter basket,openable,openable,https://buddy.farm/i/large-net/,Promoted as advisory source hint from complete cached Buddy page-data fan-out for BL-263.; Not counted as exact supply by this table.; Quantity range: 5-5; Source: https://buddy.farm/i/large-net/; Page data: https://buddy.farm/page-data/i/large-net/page-data.json; Cache: large-net__large-net.json; Parser: buddy-item-multi-source-v1
Leather,leather,Christmas Present 10,christmas present 10,openable,openable,https://buddy.farm/i/leather/,Promoted as advisory source hint from complete cached Buddy page-data fan-out for BL-263.; Not counted as exact supply by this table.; Quantity range: 100-100; Source: https://buddy.farm/i/leather/; Page data: https://buddy.farm/page-data/i/leather/page-data.json; Cache: leather__leather.json; Parser: buddy-item-multi-source-v1
Leather,leather,Small Chest 02,small chest 02,openable,openable,https://buddy.farm/i/leather/,Promoted as advisory source hint from complete cached Buddy page-data fan-out for BL-263.; Not counted as exact supply by this table.; Quantity range: 10-10; Source: https://buddy.farm/i/leather/; Page data: https://buddy.farm/page-data/i/leather/page-data.json; Cache: leather__leather.json; Parser: buddy-item-multi-source-v1
Lemon,lemon,Birthday Present,birthday present,openable,openable,https://buddy.farm/i/lemon/,Promoted as advisory source hint from complete cached Buddy page-data fan-out for BL-263.; Not counted as exact supply by this table.; Quantity range: 200-200; Source: https://buddy.farm/i/lemon/; Page data: https://buddy.farm/page-data/i/lemon/page-data.json; Cache: lemon__lemon.json; Parser: buddy-item-multi-source-v1
Lemon,lemon,Christmas Present 10,christmas present 10,openable,openable,https://buddy.farm/i/lemon/,Promoted as advisory source hint from complete cached Buddy page-data fan-out for BL-263.; Not counted as exact supply by this table.; Quantity range: 100-100; Source: https://buddy.farm/i/lemon/; Page data: https://buddy.farm/page-data/i/lemon/page-data.json; Cache: lemon__lemon.json; Parser: buddy-item-multi-source-v1
Lemon,lemon,Gift Basket 01,gift basket 01,openable,openable,https://buddy.farm/i/lemon/,Promoted as advisory source hint from complete cached Buddy page-data fan-out for BL-263.; Not counted as exact supply by this table.; Quantity range: 25-25; Source: https://buddy.farm/i/lemon/; Page data: https://buddy.farm/page-data/i/lemon/page-data.json; Cache: lemon__lemon.json; Parser: buddy-item-multi-source-v1
Lemon,lemon,Gift Basket 02,gift basket 02,openable,openable,https://buddy.farm/i/lemon/,Promoted as advisory source hint from complete cached Buddy page-data fan-out for BL-263.; Not counted as exact supply by this table.; Quantity range: 100-100; Source: https://buddy.farm/i/lemon/; Page data: https://buddy.farm/page-data/i/lemon/page-data.json; Cache: lemon__lemon.json; Parser: buddy-item-multi-source-v1
Lemon Cream Pie,lemon cream pie,Holger's Lunch Box,holger's lunch box,openable,openable,https://buddy.farm/i/lemon-cream-pie/,Promoted as advisory source hint from complete cached Buddy page-data fan-out for BL-263.; Not counted as exact supply by this table.; Quantity range: 5-5; Source: https://buddy.farm/i/lemon-cream-pie/; Page data: https://buddy.farm/page-data/i/lemon-cream-pie/page-data.json; Cache: lemon-cream-pie__lemon-cream-pie.json; Parser: buddy-item-multi-source-v1
Lemon Quartz,lemon quartz,Small Chest 01,small chest 01,openable,openable,https://buddy.farm/i/lemon-quartz/,Promoted as advisory source hint from complete cached Buddy page-data fan-out for BL-263.; Not counted as exact supply by this table.; Quantity range: 10-10; Source: https://buddy.farm/i/lemon-quartz/; Page data: https://buddy.farm/page-data/i/lemon-quartz/page-data.json; Cache: lemon-quartz__lemon-quartz.json; Parser: buddy-item-multi-source-v1
Lemon Quartz,lemon quartz,Aquamarine,aquamarine,wishing_well,Wishing Well throw,https://buddy.farm/i/lemon-quartz/,Promoted as advisory source hint from complete cached Buddy page-data fan-out for BL-263.; Not counted as exact supply by this table.; Reward chance: 0.25; Candidate flags: reverse_relation; reward_quantity_defaulted; Reverse Wishing Well relation from reward page; candidate export defaults quantity to 1 for review.; Source: https://buddy.farm/i/lemon-quartz/; Page data: https://buddy.farm/page-data/i/lemon-quartz/page-data.json; Cache: lemon-quartz__lemon-quartz.json; Parser: buddy-item-multi-source-v1
Lemon Seltzer,lemon seltzer,Garden Crate 01,garden crate 01,openable,openable,https://buddy.farm/i/lemon-seltzer/,Promoted as advisory source hint from complete cached Buddy page-data fan-out for BL-263.; Not counted as exact supply by this table.; Quantity range: 10-10; Source: https://buddy.farm/i/lemon-seltzer/; Page data: https://buddy.farm/page-data/i/lemon-seltzer/page-data.json; Cache: lemon-seltzer__lemon-seltzer.json; Parser: buddy-item-multi-source-v1
Lemon Seltzer,lemon seltzer,Magical Chest 02,magical chest 02,openable,openable,https://buddy.farm/i/lemon-seltzer/,Promoted as advisory source hint from complete cached Buddy page-data fan-out for BL-263.; Not counted as exact supply by this table.; Quantity range: 2-2; Source: https://buddy.farm/i/lemon-seltzer/; Page data: https://buddy.farm/page-data/i/lemon-seltzer/page-data.json; Cache: lemon-seltzer__lemon-seltzer.json; Parser: buddy-item-multi-source-v1
Lemon Seltzer,lemon seltzer,Tower Prep Pack 01,tower prep pack 01,openable,openable,https://buddy.farm/i/lemon-seltzer/,Promoted as advisory source hint from complete cached Buddy page-data fan-out for BL-263.; Not counted as exact supply by this table.; Quantity range: 5-5; Source: https://buddy.farm/i/lemon-seltzer/; Page data: https://buddy.farm/page-data/i/lemon-seltzer/page-data.json; Cache: lemon-seltzer__lemon-seltzer.json; Parser: buddy-item-multi-source-v1
Lemonade,lemonade,Christmas Present 02,christmas present 02,openable,openable,https://buddy.farm/i/lemonade/,Promoted as advisory source hint from complete cached Buddy page-data fan-out for BL-263.; Not counted as exact supply by this table.; Quantity range: 20-20; Source: https://buddy.farm/i/lemonade/; Page data: https://buddy.farm/page-data/i/lemonade/page-data.json; Cache: lemonade__lemonade.json; Parser: buddy-item-multi-source-v1
Lemonade,lemonade,Christmas Present 05,christmas present 05,openable,openable,https://buddy.farm/i/lemonade/,Promoted as advisory source hint from complete cached Buddy page-data fan-out for BL-263.; Not counted as exact supply by this table.; Quantity range: 50-50; Source: https://buddy.farm/i/lemonade/; Page data: https://buddy.farm/page-data/i/lemonade/page-data.json; Cache: lemonade__lemonade.json; Parser: buddy-item-multi-source-v1
Lemonade,lemonade,Drink Bundle,drink bundle,openable,openable,https://buddy.farm/i/lemonade/,Promoted as advisory source hint from complete cached Buddy page-data fan-out for BL-263.; Not counted as exact supply by this table.; Quantity range: 50-50; Source: https://buddy.farm/i/lemonade/; Page data: https://buddy.farm/page-data/i/lemonade/page-data.json; Cache: lemonade__lemonade.json; Parser: buddy-item-multi-source-v1
Lemonade,lemonade,Grab Bag 06,grab bag 06,openable,openable,https://buddy.farm/i/lemonade/,Promoted as advisory source hint from complete cached Buddy page-data fan-out for BL-263.; Not counted as exact supply by this table.; Quantity range: 10-20; Source: https://buddy.farm/i/lemonade/; Page data: https://buddy.farm/page-data/i/lemonade/page-data.json; Cache: lemonade__lemonade.json; Parser: buddy-item-multi-source-v1
Lemonade,lemonade,Summer Basket,summer basket,openable,openable,https://buddy.farm/i/lemonade/,Promoted as advisory source hint from complete cached Buddy page-data fan-out for BL-263.; Not counted as exact supply by this table.; Quantity range: 10-10; Source: https://buddy.farm/i/lemonade/; Page data: https://buddy.farm/page-data/i/lemonade/page-data.json; Cache: lemonade__lemonade.json; Parser: buddy-item-multi-source-v1
Lemonade,lemonade,Winter Basket,winter basket,openable,openable,https://buddy.farm/i/lemonade/,Promoted as advisory source hint from complete cached Buddy page-data fan-out for BL-263.; Not counted as exact supply by this table.; Quantity range: 25-25; Source: https://buddy.farm/i/lemonade/; Page data: https://buddy.farm/page-data/i/lemonade/page-data.json; Cache: lemonade__lemonade.json; Parser: buddy-item-multi-source-v1
Lemonade,lemonade,Apple Cider,apple cider,wishing_well,Wishing Well throw,https://buddy.farm/i/lemonade/,Promoted as advisory source hint from complete cached Buddy page-data fan-out for BL-263.; Not counted as exact supply by this table.; Reward chance: 0.3333333333333333; Candidate flags: reverse_relation; reward_quantity_defaulted; Reverse Wishing Well relation from reward page; candidate export defaults quantity to 1 for review.; Source: https://buddy.farm/i/lemonade/; Page data: https://buddy.farm/page-data/i/lemonade/page-data.json; Cache: lemonade__lemonade.json; Parser: buddy-item-multi-source-v1
Leprechaun Buddy Doll,leprechaun buddy doll,Buddy Doll Bag 02,buddy doll bag 02,openable,openable,https://buddy.farm/i/leprechaun-buddy-doll/,Promoted as advisory source hint from complete cached Buddy page-data fan-out for BL-263.; Not counted as exact supply by this table.; Quantity range: 1-1; Source: https://buddy.farm/i/leprechaun-buddy-doll/; Page data: https://buddy.farm/page-data/i/leprechaun-buddy-doll/page-data.json; Cache: leprechaun-buddy-doll__leprechaun-buddy-doll.json; Parser: buddy-item-multi-source-v1
Leprechaun Hat,leprechaun hat,Spring Basket 03,spring basket 03,openable,openable,https://buddy.farm/i/leprechaun-hat/,Promoted as advisory source hint from complete cached Buddy page-data fan-out for BL-263.; Not counted as exact supply by this table.; Quantity range: 1-1; Source: https://buddy.farm/i/leprechaun-hat/; Page data: https://buddy.farm/page-data/i/leprechaun-hat/page-data.json; Cache: leprechaun-hat__leprechaun-hat.json; Parser: buddy-item-multi-source-v1
Lollipop,lollipop,Treat Bag 01,treat bag 01,openable,openable,https://buddy.farm/i/lollipop/,Promoted as advisory source hint from complete cached Buddy page-data fan-out for BL-263.; Not counted as exact supply by this table.; Quantity range: 5-5; Source: https://buddy.farm/i/lollipop/; Page data: https://buddy.farm/page-data/i/lollipop/page-data.json; Cache: lollipop__lollipop.json; Parser: buddy-item-multi-source-v1
Lollipop,lollipop,Treat Bag 02,treat bag 02,openable,openable,https://buddy.farm/i/lollipop/,Promoted as advisory source hint from complete cached Buddy page-data fan-out for BL-263.; Not counted as exact supply by this table.; Quantity range: 5-5; Source: https://buddy.farm/i/lollipop/; Page data: https://buddy.farm/page-data/i/lollipop/page-data.json; Cache: lollipop__lollipop.json; Parser: buddy-item-multi-source-v1
Lollipop,lollipop,Treat Bag 04,treat bag 04,openable,openable,https://buddy.farm/i/lollipop/,Promoted as advisory source hint from complete cached Buddy page-data fan-out for BL-263.; Not counted as exact supply by this table.; Quantity range: 5-5; Source: https://buddy.farm/i/lollipop/; Page data: https://buddy.farm/page-data/i/lollipop/page-data.json; Cache: lollipop__lollipop.json; Parser: buddy-item-multi-source-v1
Lollipop,lollipop,Treat Bag 05,treat bag 05,openable,openable,https://buddy.farm/i/lollipop/,Promoted as advisory source hint from complete cached Buddy page-data fan-out for BL-263.; Not counted as exact supply by this table.; Quantity range: 25-25; Source: https://buddy.farm/i/lollipop/; Page data: https://buddy.farm/page-data/i/lollipop/page-data.json; Cache: lollipop__lollipop.json; Parser: buddy-item-multi-source-v1
Lollipop,lollipop,Candy,candy,wishing_well,Wishing Well throw,https://buddy.farm/i/lollipop/,Promoted as advisory source hint from complete cached Buddy page-data fan-out for BL-263.; Not counted as exact supply by this table.; Reward chance: 0.25; Candidate flags: reverse_relation; reward_quantity_defaulted; Reverse Wishing Well relation from reward page; candidate export defaults quantity to 1 for review.; Source: https://buddy.farm/i/lollipop/; Page data: https://buddy.farm/page-data/i/lollipop/page-data.json; Cache: lollipop__lollipop.json; Parser: buddy-item-multi-source-v1
Lollipop,lollipop,Chattering Teeth,chattering teeth,wishing_well,Wishing Well throw,https://buddy.farm/i/lollipop/,Promoted as advisory source hint from complete cached Buddy page-data fan-out for BL-263.; Not counted as exact supply by this table.; Reward chance: 0.25; Candidate flags: reverse_relation; reward_quantity_defaulted; Reverse Wishing Well relation from reward page; candidate export defaults quantity to 1 for review.; Source: https://buddy.farm/i/lollipop/; Page data: https://buddy.farm/page-data/i/lollipop/page-data.json; Cache: lollipop__lollipop.json; Parser: buddy-item-multi-source-v1
Lollipop,lollipop,Taffy,taffy,wishing_well,Wishing Well throw,https://buddy.farm/i/lollipop/,Promoted as advisory source hint from complete cached Buddy page-data fan-out for BL-263.; Not counted as exact supply by this table.; Reward chance: 0.3333333333333333; Candidate flags: reverse_relation; reward_quantity_defaulted; Reverse Wishing Well relation from reward page; candidate export defaults quantity to 1 for review.; Source: https://buddy.farm/i/lollipop/; Page data: https://buddy.farm/page-data/i/lollipop/page-data.json; Cache: lollipop__lollipop.json; Parser: buddy-item-multi-source-v1
Lovely Cookies,lovely cookies,Baba's Snack Pack,baba's snack pack,openable,openable,https://buddy.farm/i/lovely-cookies/,Promoted as advisory source hint from complete cached Buddy page-data fan-out for BL-263.; Not counted as exact supply by this table.; Quantity range: 1-1; Source: https://buddy.farm/i/lovely-cookies/; Page data: https://buddy.farm/page-data/i/lovely-cookies/page-data.json; Cache: lovely-cookies__lovely-cookies.json; Parser: buddy-item-multi-source-v1
Lovely Cookies,lovely cookies,Borgen Bag 01,borgen bag 01,openable,openable,https://buddy.farm/i/lovely-cookies/,Promoted as advisory source hint from complete cached Buddy page-data fan-out for BL-263.; Not counted as exact supply by this table.; Quantity range: 1-1; Source: https://buddy.farm/i/lovely-cookies/; Page data: https://buddy.farm/page-data/i/lovely-cookies/page-data.json; Cache: lovely-cookies__lovely-cookies.json; Parser: buddy-item-multi-source-v1
Lovely Cookies,lovely cookies,Box of Chocolate 02,box of chocolate 02,openable,openable,https://buddy.farm/i/lovely-cookies/,Promoted as advisory source hint from complete cached Buddy page-data fan-out for BL-263.; Not counted as exact supply by this table.; Quantity range: 1-1; Source: https://buddy.farm/i/lovely-cookies/; Page data: https://buddy.farm/page-data/i/lovely-cookies/page-data.json; Cache: lovely-cookies__lovely-cookies.json; Parser: buddy-item-multi-source-v1
Lovely Cookies,lovely cookies,Harvest Bundle 01,harvest bundle 01,openable,openable,https://buddy.farm/i/lovely-cookies/,Promoted as advisory source hint from complete cached Buddy page-data fan-out for BL-263.; Not counted as exact supply by this table.; Quantity range: 3-3; Source: https://buddy.farm/i/lovely-cookies/; Page data: https://buddy.farm/page-data/i/lovely-cookies/page-data.json; Cache: lovely-cookies__lovely-cookies.json; Parser: buddy-item-multi-source-v1
Lovely Cookies,lovely cookies,Heart-shaped Box 01,heart-shaped box 01,openable,openable,https://buddy.farm/i/lovely-cookies/,Promoted as advisory source hint from complete cached Buddy page-data fan-out for BL-263.; Not counted as exact supply by this table.; Quantity range: 1-1; Source: https://buddy.farm/i/lovely-cookies/; Page data: https://buddy.farm/page-data/i/lovely-cookies/page-data.json; Cache: lovely-cookies__lovely-cookies.json; Parser: buddy-item-multi-source-v1
Lovely Cookies,lovely cookies,Heart-shaped Box 02,heart-shaped box 02,openable,openable,https://buddy.farm/i/lovely-cookies/,Promoted as advisory source hint from complete cached Buddy page-data fan-out for BL-263.; Not counted as exact supply by this table.; Quantity range: 1-1; Source: https://buddy.farm/i/lovely-cookies/; Page data: https://buddy.farm/page-data/i/lovely-cookies/page-data.json; Cache: lovely-cookies__lovely-cookies.json; Parser: buddy-item-multi-source-v1
Lovely Cookies,lovely cookies,Heart-shaped Box 03,heart-shaped box 03,openable,openable,https://buddy.farm/i/lovely-cookies/,Promoted as advisory source hint from complete cached Buddy page-data fan-out for BL-263.; Not counted as exact supply by this table.; Quantity range: 3-3; Source: https://buddy.farm/i/lovely-cookies/; Page data: https://buddy.farm/page-data/i/lovely-cookies/page-data.json; Cache: lovely-cookies__lovely-cookies.json; Parser: buddy-item-multi-source-v1
Lovely Present,lovely present,Birthday Surprise Box 03,birthday surprise box 03,openable,openable,https://buddy.farm/i/lovely-present/,Promoted as advisory source hint from complete cached Buddy page-data fan-out for BL-263.; Not counted as exact supply by this table.; Quantity range: 1-2; Source: https://buddy.farm/i/lovely-present/; Page data: https://buddy.farm/page-data/i/lovely-present/page-data.json; Cache: lovely-present__lovely-present.json; Parser: buddy-item-multi-source-v1
Lovely Present,lovely present,Birthday Surprise Box 04,birthday surprise box 04,openable,openable,https://buddy.farm/i/lovely-present/,Promoted as advisory source hint from complete cached Buddy page-data fan-out for BL-263.; Not counted as exact supply by this table.; Quantity range: 1-2; Source: https://buddy.farm/i/lovely-present/; Page data: https://buddy.farm/page-data/i/lovely-present/page-data.json; Cache: lovely-present__lovely-present.json; Parser: buddy-item-multi-source-v1
Lovely Present,lovely present,Birthday Surprise Box 05,birthday surprise box 05,openable,openable,https://buddy.farm/i/lovely-present/,Promoted as advisory source hint from complete cached Buddy page-data fan-out for BL-263.; Not counted as exact supply by this table.; Quantity range: 1-2; Source: https://buddy.farm/i/lovely-present/; Page data: https://buddy.farm/page-data/i/lovely-present/page-data.json; Cache: lovely-present__lovely-present.json; Parser: buddy-item-multi-source-v1
Lovely Rose,lovely rose,Heart-shaped Box 03,heart-shaped box 03,openable,openable,https://buddy.farm/i/lovely-rose/,Promoted as advisory source hint from complete cached Buddy page-data fan-out for BL-263.; Not counted as exact supply by this table.; Quantity range: 1-1; Source: https://buddy.farm/i/lovely-rose/; Page data: https://buddy.farm/page-data/i/lovely-rose/page-data.json; Cache: lovely-rose__lovely-rose.json; Parser: buddy-item-multi-source-v1
Lucky Cat Buddy Doll,lucky cat buddy doll,Buddy Doll Bag 02,buddy doll bag 02,openable,openable,https://buddy.farm/i/lucky-cat-buddy-doll/,Promoted as advisory source hint from complete cached Buddy page-data fan-out for BL-263.; Not counted as exact supply by this table.; Quantity range: 1-1; Source: https://buddy.farm/i/lucky-cat-buddy-doll/; Page data: https://buddy.farm/page-data/i/lucky-cat-buddy-doll/page-data.json; Cache: lucky-cat-buddy-doll__lucky-cat-buddy-doll.json; Parser: buddy-item-multi-source-v1
Machine Press,machine press,Sturdy Bow,sturdy bow,wishing_well,Wishing Well throw,https://buddy.farm/i/machine-press/,Promoted as advisory source hint from complete cached Buddy page-data fan-out for BL-263.; Not counted as exact supply by this table.; Reward chance: 0.3333333333333333; Candidate flags: reverse_relation; reward_quantity_defaulted; Reverse Wishing Well relation from reward page; candidate export defaults quantity to 1 for review.; Source: https://buddy.farm/i/machine-press/; Page data: https://buddy.farm/page-data/i/machine-press/page-data.json; Cache: machine-press__machine-press.json; Parser: buddy-item-multi-source-v1
Magical Chest 01,magical chest 01,Birthday Surprise Box 03,birthday surprise box 03,openable,openable,https://buddy.farm/i/magical-chest-01/,Promoted as advisory source hint from complete cached Buddy page-data fan-out for BL-263.; Not counted as exact supply by this table.; Quantity range: 1-2; Source: https://buddy.farm/i/magical-chest-01/; Page data: https://buddy.farm/page-data/i/magical-chest-01/page-data.json; Cache: magical-chest-01__magical-chest-01.json; Parser: buddy-item-multi-source-v1
Magical Chest 01,magical chest 01,Birthday Surprise Box 04,birthday surprise box 04,openable,openable,https://buddy.farm/i/magical-chest-01/,Promoted as advisory source hint from complete cached Buddy page-data fan-out for BL-263.; Not counted as exact supply by this table.; Quantity range: 1-2; Source: https://buddy.farm/i/magical-chest-01/; Page data: https://buddy.farm/page-data/i/magical-chest-01/page-data.json; Cache: magical-chest-01__magical-chest-01.json; Parser: buddy-item-multi-source-v1
Magical Chest 01,magical chest 01,Birthday Surprise Box 05,birthday surprise box 05,openable,openable,https://buddy.farm/i/magical-chest-01/,Promoted as advisory source hint from complete cached Buddy page-data fan-out for BL-263.; Not counted as exact supply by this table.; Quantity range: 1-2; Source: https://buddy.farm/i/magical-chest-01/; Page data: https://buddy.farm/page-data/i/magical-chest-01/page-data.json; Cache: magical-chest-01__magical-chest-01.json; Parser: buddy-item-multi-source-v1
Magical Chest 02,magical chest 02,Birthday Surprise Box 04,birthday surprise box 04,openable,openable,https://buddy.farm/i/magical-chest-02/,Promoted as advisory source hint from complete cached Buddy page-data fan-out for BL-263.; Not counted as exact supply by this table.; Quantity range: 1-2; Source: https://buddy.farm/i/magical-chest-02/; Page data: https://buddy.farm/page-data/i/magical-chest-02/page-data.json; Cache: magical-chest-02__magical-chest-02.json; Parser: buddy-item-multi-source-v1
Magical Chest 02,magical chest 02,Birthday Surprise Box 05,birthday surprise box 05,openable,openable,https://buddy.farm/i/magical-chest-02/,Promoted as advisory source hint from complete cached Buddy page-data fan-out for BL-263.; Not counted as exact supply by this table.; Quantity range: 1-2; Source: https://buddy.farm/i/magical-chest-02/; Page data: https://buddy.farm/page-data/i/magical-chest-02/page-data.json; Cache: magical-chest-02__magical-chest-02.json; Parser: buddy-item-multi-source-v1
Magical Egg Basket,magical egg basket,Garden Crate 01,garden crate 01,openable,openable,https://buddy.farm/i/magical-egg-basket/,Promoted as advisory source hint from complete cached Buddy page-data fan-out for BL-263.; Not counted as exact supply by this table.; Quantity range: 10-10; Source: https://buddy.farm/i/magical-egg-basket/; Page data: https://buddy.farm/page-data/i/magical-egg-basket/page-data.json; Cache: magical-egg-basket__magical-egg-basket.json; Parser: buddy-item-multi-source-v1
Magical Egg Basket,magical egg basket,Magical Chest 01,magical chest 01,openable,openable,https://buddy.farm/i/magical-egg-basket/,Promoted as advisory source hint from complete cached Buddy page-data fan-out for BL-263.; Not counted as exact supply by this table.; Quantity range: 1-1; Source: https://buddy.farm/i/magical-egg-basket/; Page data: https://buddy.farm/page-data/i/magical-egg-basket/page-data.json; Cache: magical-egg-basket__magical-egg-basket.json; Parser: buddy-item-multi-source-v1
Magical Egg Basket,magical egg basket,Magical Chest 02,magical chest 02,openable,openable,https://buddy.farm/i/magical-egg-basket/,Promoted as advisory source hint from complete cached Buddy page-data fan-out for BL-263.; Not counted as exact supply by this table.; Quantity range: 3-3; Source: https://buddy.farm/i/magical-egg-basket/; Page data: https://buddy.farm/page-data/i/magical-egg-basket/page-data.json; Cache: magical-egg-basket__magical-egg-basket.json; Parser: buddy-item-multi-source-v1
Magicite,magicite,Magical Chest 01,magical chest 01,openable,openable,https://buddy.farm/i/magicite/,Promoted as advisory source hint from complete cached Buddy page-data fan-out for BL-263.; Not counted as exact supply by this table.; Quantity range: 10-10; Source: https://buddy.farm/i/magicite/; Page data: https://buddy.farm/page-data/i/magicite/page-data.json; Cache: magicite__magicite.json; Parser: buddy-item-multi-source-v1
Magicite,magicite,Magical Chest 02,magical chest 02,openable,openable,https://buddy.farm/i/magicite/,Promoted as advisory source hint from complete cached Buddy page-data fan-out for BL-263.; Not counted as exact supply by this table.; Quantity range: 10-10; Source: https://buddy.farm/i/magicite/; Page data: https://buddy.farm/page-data/i/magicite/page-data.json; Cache: magicite__magicite.json; Parser: buddy-item-multi-source-v1
Magicite,magicite,Mystical Chest 01,mystical chest 01,openable,openable,https://buddy.farm/i/magicite/,Promoted as advisory source hint from complete cached Buddy page-data fan-out for BL-263.; Not counted as exact supply by this table.; Quantity range: 4-4; Source: https://buddy.farm/i/magicite/; Page data: https://buddy.farm/page-data/i/magicite/page-data.json; Cache: magicite__magicite.json; Parser: buddy-item-multi-source-v1
Magicite,magicite,Bacon,bacon,wishing_well,Wishing Well throw,https://buddy.farm/i/magicite/,Promoted as advisory source hint from complete cached Buddy page-data fan-out for BL-263.; Not counted as exact supply by this table.; Reward chance: 0.3333333333333333; Candidate flags: reverse_relation; reward_quantity_defaulted; Reverse Wishing Well relation from reward page; candidate export defaults quantity to 1 for review.; Source: https://buddy.farm/i/magicite/; Page data: https://buddy.farm/page-data/i/magicite/page-data.json; Cache: magicite__magicite.json; Parser: buddy-item-multi-source-v1
Magicite,magicite,Gold Leaf,gold leaf,wishing_well,Wishing Well throw,https://buddy.farm/i/magicite/,Promoted as advisory source hint from complete cached Buddy page-data fan-out for BL-263.; Not counted as exact supply by this table.; Reward chance: 0.3333333333333333; Candidate flags: reverse_relation; reward_quantity_defaulted; Reverse Wishing Well relation from reward page; candidate export defaults quantity to 1 for review.; Source: https://buddy.farm/i/magicite/; Page data: https://buddy.farm/page-data/i/magicite/page-data.json; Cache: magicite__magicite.json; Parser: buddy-item-multi-source-v1
Magicite,magicite,Runestone 02,runestone 02,wishing_well,Wishing Well throw,https://buddy.farm/i/magicite/,Promoted as advisory source hint from complete cached Buddy page-data fan-out for BL-263.; Not counted as exact supply by this table.; Reward chance: 0.25; Candidate flags: reverse_relation; reward_quantity_defaulted; Reverse Wishing Well relation from reward page; candidate export defaults quantity to 1 for review.; Source: https://buddy.farm/i/magicite/; Page data: https://buddy.farm/page-data/i/magicite/page-data.json; Cache: magicite__magicite.json; Parser: buddy-item-multi-source-v1
Magicite,magicite,Runestone 05,runestone 05,wishing_well,Wishing Well throw,https://buddy.farm/i/magicite/,Promoted as advisory source hint from complete cached Buddy page-data fan-out for BL-263.; Not counted as exact supply by this table.; Reward chance: 0.25; Candidate flags: reverse_relation; reward_quantity_defaulted; Reverse Wishing Well relation from reward page; candidate export defaults quantity to 1 for review.; Source: https://buddy.farm/i/magicite/; Page data: https://buddy.farm/page-data/i/magicite/page-data.json; Cache: magicite__magicite.json; Parser: buddy-item-multi-source-v1
Magna Core,magna core,Compass,compass,wishing_well,Wishing Well throw,https://buddy.farm/i/magna-core/,Promoted as advisory source hint from complete cached Buddy page-data fan-out for BL-263.; Not counted as exact supply by this table.; Reward chance: 1; Candidate flags: reverse_relation; reward_quantity_defaulted; Reverse Wishing Well relation from reward page; candidate export defaults quantity to 1 for review.; Source: https://buddy.farm/i/magna-core/; Page data: https://buddy.farm/page-data/i/magna-core/page-data.json; Cache: magna-core__magna-core.json; Parser: buddy-item-multi-source-v1
Magna Quartz,magna quartz,Bag of Presents 01,bag of presents 01,openable,openable,https://buddy.farm/i/magna-quartz/,Promoted as advisory source hint from complete cached Buddy page-data fan-out for BL-263.; Not counted as exact supply by this table.; Quantity range: 5-5; Source: https://buddy.farm/i/magna-quartz/; Page data: https://buddy.farm/page-data/i/magna-quartz/page-data.json; Cache: magna-quartz__magna-quartz.json; Parser: buddy-item-multi-source-v1
Magna Quartz,magna quartz,Runestone 02,runestone 02,wishing_well,Wishing Well throw,https://buddy.farm/i/magna-quartz/,Promoted as advisory source hint from complete cached Buddy page-data fan-out for BL-263.; Not counted as exact supply by this table.; Reward chance: 0.25; Candidate flags: reverse_relation; reward_quantity_defaulted; Reverse Wishing Well relation from reward page; candidate export defaults quantity to 1 for review.; Source: https://buddy.farm/i/magna-quartz/; Page data: https://buddy.farm/page-data/i/magna-quartz/page-data.json; Cache: magna-quartz__magna-quartz.json; Parser: buddy-item-multi-source-v1
Magna Quartz,magna quartz,Runestone 05,runestone 05,wishing_well,Wishing Well throw,https://buddy.farm/i/magna-quartz/,Promoted as advisory source hint from complete cached Buddy page-data fan-out for BL-263.; Not counted as exact supply by this table.; Reward chance: 0.25; Candidate flags: reverse_relation; reward_quantity_defaulted; Reverse Wishing Well relation from reward page; candidate export defaults quantity to 1 for review.; Source: https://buddy.farm/i/magna-quartz/; Page data: https://buddy.farm/page-data/i/magna-quartz/page-data.json; Cache: magna-quartz__magna-quartz.json; Parser: buddy-item-multi-source-v1
Maverick Chip,maverick chip,Frozen Chest 02,frozen chest 02,openable,openable,https://buddy.farm/i/maverick-chip/,Promoted as advisory source hint from complete cached Buddy page-data fan-out for BL-263.; Not counted as exact supply by this table.; Quantity range: 5-5; Source: https://buddy.farm/i/maverick-chip/; Page data: https://buddy.farm/page-data/i/maverick-chip/page-data.json; Cache: maverick-chip__maverick-chip.json; Parser: buddy-item-multi-source-v1
Mealworms,mealworms,Bait Bag 01,bait bag 01,openable,openable,https://buddy.farm/i/mealworms/,Promoted as advisory source hint from complete cached Buddy page-data fan-out for BL-263.; Not counted as exact supply by this table.; Quantity range: 10-250; Source: https://buddy.farm/i/mealworms/; Page data: https://buddy.farm/page-data/i/mealworms/page-data.json; Cache: mealworms__mealworms.json; Parser: buddy-item-multi-source-v1
Mealworms,mealworms,Bug Bag 01,bug bag 01,openable,openable,https://buddy.farm/i/mealworms/,Promoted as advisory source hint from complete cached Buddy page-data fan-out for BL-263.; Not counted as exact supply by this table.; Quantity range: 1-10; Source: https://buddy.farm/i/mealworms/; Page data: https://buddy.farm/page-data/i/mealworms/page-data.json; Cache: mealworms__mealworms.json; Parser: buddy-item-multi-source-v1
Mealworms,mealworms,Tackle Box,tackle box,openable,openable,https://buddy.farm/i/mealworms/,Promoted as advisory source hint from complete cached Buddy page-data fan-out for BL-263.; Not counted as exact supply by this table.; Quantity range: 100-100; Source: https://buddy.farm/i/mealworms/; Page data: https://buddy.farm/page-data/i/mealworms/page-data.json; Cache: mealworms__mealworms.json; Parser: buddy-item-multi-source-v1
Metal Spool,metal spool,Belt Drive,belt drive,wishing_well,Wishing Well throw,https://buddy.farm/i/metal-spool/,Promoted as advisory source hint from complete cached Buddy page-data fan-out for BL-263.; Not counted as exact supply by this table.; Reward chance: 0.3333333333333333; Candidate flags: reverse_relation; reward_quantity_defaulted; Reverse Wishing Well relation from reward page; candidate export defaults quantity to 1 for review.; Source: https://buddy.farm/i/metal-spool/; Page data: https://buddy.farm/page-data/i/metal-spool/page-data.json; Cache: metal-spool__metal-spool.json; Parser: buddy-item-multi-source-v1
MIAB,miab,4-leaf Clover,4-leaf clover,wishing_well,Wishing Well throw,https://buddy.farm/i/miab/,Promoted as advisory source hint from complete cached Buddy page-data fan-out for BL-263.; Not counted as exact supply by this table.; Reward chance: 0.3333333333333333; Candidate flags: reverse_relation; reward_quantity_defaulted; Reverse Wishing Well relation from reward page; candidate export defaults quantity to 1 for review.; Source: https://buddy.farm/i/miab/; Page data: https://buddy.farm/page-data/i/miab/page-data.json; Cache: miab__miab.json; Parser: buddy-item-multi-source-v1
Milk,milk,Christmas Present 09,christmas present 09,openable,openable,https://buddy.farm/i/milk/,Promoted as advisory source hint from complete cached Buddy page-data fan-out for BL-263.; Not counted as exact supply by this table.; Quantity range: 90-90; Source: https://buddy.farm/i/milk/; Page data: https://buddy.farm/page-data/i/milk/page-data.json; Cache: milk__milk.json; Parser: buddy-item-multi-source-v1
Mini Time Egg,mini time egg,Frozen Chest 03,frozen chest 03,openable,openable,https://buddy.farm/i/mini-time-egg/,Promoted as advisory source hint from complete cached Buddy page-data fan-out for BL-263.; Not counted as exact supply by this table.; Quantity range: 1-1; Source: https://buddy.farm/i/mini-time-egg/; Page data: https://buddy.farm/page-data/i/mini-time-egg/page-data.json; Cache: mini-time-egg__mini-time-egg.json; Parser: buddy-item-multi-source-v1
Mini Time Egg,mini time egg,Picnic Basket 01,picnic basket 01,openable,openable,https://buddy.farm/i/mini-time-egg/,Promoted as advisory source hint from complete cached Buddy page-data fan-out for BL-263.; Not counted as exact supply by this table.; Quantity range: 1-1; Source: https://buddy.farm/i/mini-time-egg/; Page data: https://buddy.farm/page-data/i/mini-time-egg/page-data.json; Cache: mini-time-egg__mini-time-egg.json; Parser: buddy-item-multi-source-v1
Minnows,minnows,Bait Bag 01,bait bag 01,openable,openable,https://buddy.farm/i/minnows/,Promoted as advisory source hint from complete cached Buddy page-data fan-out for BL-263.; Not counted as exact supply by this table.; Quantity range: 10-250; Source: https://buddy.farm/i/minnows/; Page data: https://buddy.farm/page-data/i/minnows/page-data.json; Cache: minnows__minnows.json; Parser: buddy-item-multi-source-v1
Minnows,minnows,Tackle Box,tackle box,openable,openable,https://buddy.farm/i/minnows/,Promoted as advisory source hint from complete cached Buddy page-data fan-out for BL-263.; Not counted as exact supply by this table.; Quantity range: 100-100; Source: https://buddy.farm/i/minnows/; Page data: https://buddy.farm/page-data/i/minnows/page-data.json; Cache: minnows__minnows.json; Parser: buddy-item-multi-source-v1
Mixed Nuts,mixed nuts,Baba's Snack Pack,baba's snack pack,openable,openable,https://buddy.farm/i/mixed-nuts/,Promoted as advisory source hint from complete cached Buddy page-data fan-out for BL-263.; Not counted as exact supply by this table.; Quantity range: 1-1; Source: https://buddy.farm/i/mixed-nuts/; Page data: https://buddy.farm/page-data/i/mixed-nuts/page-data.json; Cache: mixed-nuts__mixed-nuts.json; Parser: buddy-item-multi-source-v1
Mixed Nuts,mixed nuts,Thomas's Tavern Tote,thomas's tavern tote,openable,openable,https://buddy.farm/i/mixed-nuts/,Promoted as advisory source hint from complete cached Buddy page-data fan-out for BL-263.; Not counted as exact supply by this table.; Quantity range: 1-1; Source: https://buddy.farm/i/mixed-nuts/; Page data: https://buddy.farm/page-data/i/mixed-nuts/page-data.json; Cache: mixed-nuts__mixed-nuts.json; Parser: buddy-item-multi-source-v1
Monster Skull,monster skull,Steel Plate,steel plate,wishing_well,Wishing Well throw,https://buddy.farm/i/monster-skull/,Promoted as advisory source hint from complete cached Buddy page-data fan-out for BL-263.; Not counted as exact supply by this table.; Reward chance: 0.3333333333333333; Candidate flags: reverse_relation; reward_quantity_defaulted; Reverse Wishing Well relation from reward page; candidate export defaults quantity to 1 for review.; Source: https://buddy.farm/i/monster-skull/; Page data: https://buddy.farm/page-data/i/monster-skull/page-data.json; Cache: monster-skull__monster-skull.json; Parser: buddy-item-multi-source-v1
Moon Egg,moon egg,Galactic Egg Basket,galactic egg basket,openable,openable,https://buddy.farm/i/moon-egg/,Promoted as advisory source hint from complete cached Buddy page-data fan-out for BL-263.; Not counted as exact supply by this table.; Quantity range: 1-3; Source: https://buddy.farm/i/moon-egg/; Page data: https://buddy.farm/page-data/i/moon-egg/page-data.json; Cache: moon-egg__moon-egg.json; Parser: buddy-item-multi-source-v1
Moonbreaker,moonbreaker,Beatrix's Big Box of Boom,beatrix's big box of boom,openable,openable,https://buddy.farm/i/moonbreaker/,Promoted as advisory source hint from complete cached Buddy page-data fan-out for BL-263.; Not counted as exact supply by this table.; Quantity range: 10-10; Source: https://buddy.farm/i/moonbreaker/; Page data: https://buddy.farm/page-data/i/moonbreaker/page-data.json; Cache: moonbreaker__moonbreaker.json; Parser: buddy-item-multi-source-v1
Moonbreaker,moonbreaker,Beatrix's Booming Brawl Box 01,beatrix's booming brawl box 01,openable,openable,https://buddy.farm/i/moonbreaker/,Promoted as advisory source hint from complete cached Buddy page-data fan-out for BL-263.; Not counted as exact supply by this table.; Quantity range: 15-15; Source: https://buddy.farm/i/moonbreaker/; Page data: https://buddy.farm/page-data/i/moonbreaker/page-data.json; Cache: moonbreaker__moonbreaker.json; Parser: buddy-item-multi-source-v1
Moonbreaker,moonbreaker,Beatrix's Booming Brawl Box 02,beatrix's booming brawl box 02,openable,openable,https://buddy.farm/i/moonbreaker/,Promoted as advisory source hint from complete cached Buddy page-data fan-out for BL-263.; Not counted as exact supply by this table.; Quantity range: 20-20; Source: https://buddy.farm/i/moonbreaker/; Page data: https://buddy.farm/page-data/i/moonbreaker/page-data.json; Cache: moonbreaker__moonbreaker.json; Parser: buddy-item-multi-source-v1
Moonstone,moonstone,Corn Prize Bag,corn prize bag,openable,openable,https://buddy.farm/i/moonstone/,Promoted as advisory source hint from complete cached Buddy page-data fan-out for BL-263.; Not counted as exact supply by this table.; Quantity range: 25-25; Source: https://buddy.farm/i/moonstone/; Page data: https://buddy.farm/page-data/i/moonstone/page-data.json; Cache: moonstone__moonstone.json; Parser: buddy-item-multi-source-v1
Moonstone,moonstone,Captains Log,captains log,wishing_well,Wishing Well throw,https://buddy.farm/i/moonstone/,Promoted as advisory source hint from complete cached Buddy page-data fan-out for BL-263.; Not counted as exact supply by this table.; Reward chance: 0.25; Candidate flags: reverse_relation; reward_quantity_defaulted; Reverse Wishing Well relation from reward page; candidate export defaults quantity to 1 for review.; Source: https://buddy.farm/i/moonstone/; Page data: https://buddy.farm/page-data/i/moonstone/page-data.json; Cache: moonstone__moonstone.json; Parser: buddy-item-multi-source-v1
Moonstone,moonstone,Eye Patch,eye patch,wishing_well,Wishing Well throw,https://buddy.farm/i/moonstone/,Promoted as advisory source hint from complete cached Buddy page-data fan-out for BL-263.; Not counted as exact supply by this table.; Reward chance: 0.25; Candidate flags: reverse_relation; reward_quantity_defaulted; Reverse Wishing Well relation from reward page; candidate export defaults quantity to 1 for review.; Source: https://buddy.farm/i/moonstone/; Page data: https://buddy.farm/page-data/i/moonstone/page-data.json; Cache: moonstone__moonstone.json; Parser: buddy-item-multi-source-v1
Moonstone,moonstone,Runestone 01,runestone 01,wishing_well,Wishing Well throw,https://buddy.farm/i/moonstone/,Promoted as advisory source hint from complete cached Buddy page-data fan-out for BL-263.; Not counted as exact supply by this table.; Reward chance: 0.3333333333333333; Candidate flags: reverse_relation; reward_quantity_defaulted; Reverse Wishing Well relation from reward page; candidate export defaults quantity to 1 for review.; Source: https://buddy.farm/i/moonstone/; Page data: https://buddy.farm/page-data/i/moonstone/page-data.json; Cache: moonstone__moonstone.json; Parser: buddy-item-multi-source-v1
Moonstone,moonstone,Runestone 03,runestone 03,wishing_well,Wishing Well throw,https://buddy.farm/i/moonstone/,Promoted as advisory source hint from complete cached Buddy page-data fan-out for BL-263.; Not counted as exact supply by this table.; Reward chance: 0.3333333333333333; Candidate flags: reverse_relation; reward_quantity_defaulted; Reverse Wishing Well relation from reward page; candidate export defaults quantity to 1 for review.; Source: https://buddy.farm/i/moonstone/; Page data: https://buddy.farm/page-data/i/moonstone/page-data.json; Cache: moonstone__moonstone.json; Parser: buddy-item-multi-source-v1
Moonstone,moonstone,Shark Tooth,shark tooth,wishing_well,Wishing Well throw,https://buddy.farm/i/moonstone/,Promoted as advisory source hint from complete cached Buddy page-data fan-out for BL-263.; Not counted as exact supply by this table.; Reward chance: 0.3333333333333333; Candidate flags: reverse_relation; reward_quantity_defaulted; Reverse Wishing Well relation from reward page; candidate export defaults quantity to 1 for review.; Source: https://buddy.farm/i/moonstone/; Page data: https://buddy.farm/page-data/i/moonstone/page-data.json; Cache: moonstone__moonstone.json; Parser: buddy-item-multi-source-v1
Moonstone,moonstone,Treat Bag 03,treat bag 03,wishing_well,Wishing Well throw,https://buddy.farm/i/moonstone/,Promoted as advisory source hint from complete cached Buddy page-data fan-out for BL-263.; Not counted as exact supply by this table.; Reward chance: 0.3333333333333333; Candidate flags: reverse_relation; reward_quantity_defaulted; Reverse Wishing Well relation from reward page; candidate export defaults quantity to 1 for review.; Source: https://buddy.farm/i/moonstone/; Page data: https://buddy.farm/page-data/i/moonstone/page-data.json; Cache: moonstone__moonstone.json; Parser: buddy-item-multi-source-v1
Movember Buddy Doll,movember buddy doll,Buddy Doll Bag 01,buddy doll bag 01,openable,openable,https://buddy.farm/i/movember-buddy-doll/,Promoted as advisory source hint from complete cached Buddy page-data fan-out for BL-263.; Not counted as exact supply by this table.; Quantity range: 1-1; Source: https://buddy.farm/i/movember-buddy-doll/; Page data: https://buddy.farm/page-data/i/movember-buddy-doll/page-data.json; Cache: movember-buddy-doll__movember-buddy-doll.json; Parser: buddy-item-multi-source-v1
Mug of Beer,mug of beer,Thomas's Tavern Tote,thomas's tavern tote,openable,openable,https://buddy.farm/i/mug-of-beer/,Promoted as advisory source hint from complete cached Buddy page-data fan-out for BL-263.; Not counted as exact supply by this table.; Quantity range: 5-5; Source: https://buddy.farm/i/mug-of-beer/; Page data: https://buddy.farm/page-data/i/mug-of-beer/page-data.json; Cache: mug-of-beer__mug-of-beer.json; Parser: buddy-item-multi-source-v1
Mug of Beer,mug of beer,Cutlass,cutlass,wishing_well,Wishing Well throw,https://buddy.farm/i/mug-of-beer/,Promoted as advisory source hint from complete cached Buddy page-data fan-out for BL-263.; Not counted as exact supply by this table.; Reward chance: 0.3333333333333333; Candidate flags: reverse_relation; reward_quantity_defaulted; Reverse Wishing Well relation from reward page; candidate export defaults quantity to 1 for review.; Source: https://buddy.farm/i/mug-of-beer/; Page data: https://buddy.farm/page-data/i/mug-of-beer/page-data.json; Cache: mug-of-beer__mug-of-beer.json; Parser: buddy-item-multi-source-v1
Mushroom,mushroom,Christmas Present 10,christmas present 10,openable,openable,https://buddy.farm/i/mushroom/,Promoted as advisory source hint from complete cached Buddy page-data fan-out for BL-263.; Not counted as exact supply by this table.; Quantity range: 100-100; Source: https://buddy.farm/i/mushroom/; Page data: https://buddy.farm/page-data/i/mushroom/page-data.json; Cache: mushroom__mushroom.json; Parser: buddy-item-multi-source-v1
Mushroom,mushroom,Grab Bag 01,grab bag 01,openable,openable,https://buddy.farm/i/mushroom/,Promoted as advisory source hint from complete cached Buddy page-data fan-out for BL-263.; Not counted as exact supply by this table.; Quantity range: 10-50; Source: https://buddy.farm/i/mushroom/; Page data: https://buddy.farm/page-data/i/mushroom/page-data.json; Cache: mushroom__mushroom.json; Parser: buddy-item-multi-source-v1
Mushroom Paste,mushroom paste,Backpack,backpack,openable,openable,https://buddy.farm/i/mushroom-paste/,Promoted as advisory source hint from complete cached Buddy page-data fan-out for BL-263.; Not counted as exact supply by this table.; Quantity range: 100-100; Source: https://buddy.farm/i/mushroom-paste/; Page data: https://buddy.farm/page-data/i/mushroom-paste/page-data.json; Cache: mushroom-paste__mushroom-paste.json; Parser: buddy-item-multi-source-v1
Mushroom Paste,mushroom paste,Christmas Present 09,christmas present 09,openable,openable,https://buddy.farm/i/mushroom-paste/,Promoted as advisory source hint from complete cached Buddy page-data fan-out for BL-263.; Not counted as exact supply by this table.; Quantity range: 90-90; Source: https://buddy.farm/i/mushroom-paste/; Page data: https://buddy.farm/page-data/i/mushroom-paste/page-data.json; Cache: mushroom-paste__mushroom-paste.json; Parser: buddy-item-multi-source-v1
Mushroom Paste,mushroom paste,Water Lily,water lily,wishing_well,Wishing Well throw,https://buddy.farm/i/mushroom-paste/,Promoted as advisory source hint from complete cached Buddy page-data fan-out for BL-263.; Not counted as exact supply by this table.; Reward chance: 0.3333333333333333; Candidate flags: reverse_relation; reward_quantity_defaulted; Reverse Wishing Well relation from reward page; candidate export defaults quantity to 1 for review.; Source: https://buddy.farm/i/mushroom-paste/; Page data: https://buddy.farm/page-data/i/mushroom-paste/page-data.json; Cache: mushroom-paste__mushroom-paste.json; Parser: buddy-item-multi-source-v1
Mushroom Stew,mushroom stew,Fall Basket,fall basket,openable,openable,https://buddy.farm/i/mushroom-stew/,Promoted as advisory source hint from complete cached Buddy page-data fan-out for BL-263.; Not counted as exact supply by this table.; Quantity range: 2-2; Source: https://buddy.farm/i/mushroom-stew/; Page data: https://buddy.farm/page-data/i/mushroom-stew/page-data.json; Cache: mushroom-stew__mushroom-stew.json; Parser: buddy-item-multi-source-v1
Mushroom Stew,mushroom stew,Supply Bag 01,supply bag 01,openable,openable,https://buddy.farm/i/mushroom-stew/,Promoted as advisory source hint from complete cached Buddy page-data fan-out for BL-263.; Not counted as exact supply by this table.; Quantity range: 1-1; Source: https://buddy.farm/i/mushroom-stew/; Page data: https://buddy.farm/page-data/i/mushroom-stew/page-data.json; Cache: mushroom-stew__mushroom-stew.json; Parser: buddy-item-multi-source-v1
Mushroom Stew,mushroom stew,Supply Bag 02,supply bag 02,openable,openable,https://buddy.farm/i/mushroom-stew/,Promoted as advisory source hint from complete cached Buddy page-data fan-out for BL-263.; Not counted as exact supply by this table.; Quantity range: 1-1; Source: https://buddy.farm/i/mushroom-stew/; Page data: https://buddy.farm/page-data/i/mushroom-stew/page-data.json; Cache: mushroom-stew__mushroom-stew.json; Parser: buddy-item-multi-source-v1
Mushroom Stew,mushroom stew,Supply Crate 01,supply crate 01,openable,openable,https://buddy.farm/i/mushroom-stew/,Promoted as advisory source hint from complete cached Buddy page-data fan-out for BL-263.; Not counted as exact supply by this table.; Quantity range: 2-2; Source: https://buddy.farm/i/mushroom-stew/; Page data: https://buddy.farm/page-data/i/mushroom-stew/page-data.json; Cache: mushroom-stew__mushroom-stew.json; Parser: buddy-item-multi-source-v1
Mushroom Stew,mushroom stew,Supply Crate 02,supply crate 02,openable,openable,https://buddy.farm/i/mushroom-stew/,Promoted as advisory source hint from complete cached Buddy page-data fan-out for BL-263.; Not counted as exact supply by this table.; Quantity range: 2-2; Source: https://buddy.farm/i/mushroom-stew/; Page data: https://buddy.farm/page-data/i/mushroom-stew/page-data.json; Cache: mushroom-stew__mushroom-stew.json; Parser: buddy-item-multi-source-v1
Mystic Ring,mystic ring,Mystical Chest 01,mystical chest 01,openable,openable,https://buddy.farm/i/mystic-ring/,Promoted as advisory source hint from complete cached Buddy page-data fan-out for BL-263.; Not counted as exact supply by this table.; Quantity range: 10-10; Source: https://buddy.farm/i/mystic-ring/; Page data: https://buddy.farm/page-data/i/mystic-ring/page-data.json; Cache: mystic-ring__mystic-ring.json; Parser: buddy-item-multi-source-v1
Nails,nails,Welcome Card,welcome card,openable,openable,https://buddy.farm/i/nails/,Promoted as advisory source hint from complete cached Buddy page-data fan-out for BL-263.; Not counted as exact supply by this table.; Quantity range: 8-8; Source: https://buddy.farm/i/nails/; Page data: https://buddy.farm/page-data/i/nails/page-data.json; Cache: nails__nails.json; Parser: buddy-item-multi-source-v1
Nebula Egg,nebula egg,Galactic Egg Basket,galactic egg basket,openable,openable,https://buddy.farm/i/nebula-egg/,Promoted as advisory source hint from complete cached Buddy page-data fan-out for BL-263.; Not counted as exact supply by this table.; Quantity range: 1-3; Source: https://buddy.farm/i/nebula-egg/; Page data: https://buddy.farm/page-data/i/nebula-egg/page-data.json; Cache: nebula-egg__nebula-egg.json; Parser: buddy-item-multi-source-v1
Nirumdivar,nirumdivar,Magical Chest 02,magical chest 02,openable,openable,https://buddy.farm/i/nirumdivar/,Promoted as advisory source hint from complete cached Buddy page-data fan-out for BL-263.; Not counted as exact supply by this table.; Quantity range: 1-1; Source: https://buddy.farm/i/nirumdivar/; Page data: https://buddy.farm/page-data/i/nirumdivar/page-data.json; Cache: nirumdivar__nirumdivar.json; Parser: buddy-item-multi-source-v1
Notebook,notebook,Buddy's School Bag,buddy's school bag,openable,openable,https://buddy.farm/i/notebook/,Promoted as advisory source hint from complete cached Buddy page-data fan-out for BL-263.; Not counted as exact supply by this table.; Quantity range: 1-1; Source: https://buddy.farm/i/notebook/; Page data: https://buddy.farm/page-data/i/notebook/page-data.json; Cache: notebook__notebook.json; Parser: buddy-item-multi-source-v1
Nut Cracker Buddy,nut cracker buddy,Shiny Present,shiny present,openable,openable,https://buddy.farm/i/nut-cracker-buddy/,Promoted as advisory source hint from complete cached Buddy page-data fan-out for BL-263.; Not counted as exact supply by this table.; Quantity range: 2-2; Source: https://buddy.farm/i/nut-cracker-buddy/; Page data: https://buddy.farm/page-data/i/nut-cracker-buddy/page-data.json; Cache: nut-cracker-buddy__nut-cracker-buddy.json; Parser: buddy-item-multi-source-v1
Nut Cracker Buddy Doll,nut cracker buddy doll,Buddy Doll Bag 01,buddy doll bag 01,openable,openable,https://buddy.farm/i/nut-cracker-buddy-doll/,Promoted as advisory source hint from complete cached Buddy page-data fan-out for BL-263.; Not counted as exact supply by this table.; Quantity range: 1-1; Source: https://buddy.farm/i/nut-cracker-buddy-doll/; Page data: https://buddy.farm/page-data/i/nut-cracker-buddy-doll/page-data.json; Cache: nut-cracker-buddy-doll__nut-cracker-buddy-doll.json; Parser: buddy-item-multi-source-v1
Octopus,octopus,Ancient Coin,ancient coin,wishing_well,Wishing Well throw,https://buddy.farm/i/octopus/,Promoted as advisory source hint from complete cached Buddy page-data fan-out for BL-263.; Not counted as exact supply by this table.; Reward chance: 0.08333333333333333; Candidate flags: reverse_relation; reward_quantity_defaulted; Reverse Wishing Well relation from reward page; candidate export defaults quantity to 1 for review.; Source: https://buddy.farm/i/octopus/; Page data: https://buddy.farm/page-data/i/octopus/page-data.json; Cache: octopus__octopus.json; Parser: buddy-item-multi-source-v1
Octopus,octopus,Herbs,herbs,wishing_well,Wishing Well throw,https://buddy.farm/i/octopus/,Promoted as advisory source hint from complete cached Buddy page-data fan-out for BL-263.; Not counted as exact supply by this table.; Reward chance: 0.16666666666666666; Candidate flags: reverse_relation; reward_quantity_defaulted; Reverse Wishing Well relation from reward page; candidate export defaults quantity to 1 for review.; Source: https://buddy.farm/i/octopus/; Page data: https://buddy.farm/page-data/i/octopus/page-data.json; Cache: octopus__octopus.json; Parser: buddy-item-multi-source-v1
Onion Soup,onion soup,Fall Basket,fall basket,openable,openable,https://buddy.farm/i/onion-soup/,Promoted as advisory source hint from complete cached Buddy page-data fan-out for BL-263.; Not counted as exact supply by this table.; Quantity range: 3-3; Source: https://buddy.farm/i/onion-soup/; Page data: https://buddy.farm/page-data/i/onion-soup/page-data.json; Cache: onion-soup__onion-soup.json; Parser: buddy-item-multi-source-v1
Onion Soup,onion soup,Picnic Basket 01,picnic basket 01,openable,openable,https://buddy.farm/i/onion-soup/,Promoted as advisory source hint from complete cached Buddy page-data fan-out for BL-263.; Not counted as exact supply by this table.; Quantity range: 7-7; Source: https://buddy.farm/i/onion-soup/; Page data: https://buddy.farm/page-data/i/onion-soup/page-data.json; Cache: onion-soup__onion-soup.json; Parser: buddy-item-multi-source-v1
Onyx Scorpion,onyx scorpion,Bug Bag 01,bug bag 01,openable,openable,https://buddy.farm/i/onyx-scorpion/,Promoted as advisory source hint from complete cached Buddy page-data fan-out for BL-263.; Not counted as exact supply by this table.; Quantity range: 1-10; Source: https://buddy.farm/i/onyx-scorpion/; Page data: https://buddy.farm/page-data/i/onyx-scorpion/page-data.json; Cache: onyx-scorpion__onyx-scorpion.json; Parser: buddy-item-multi-source-v1
Onyx Scorpion,onyx scorpion,Spoon,spoon,wishing_well,Wishing Well throw,https://buddy.farm/i/onyx-scorpion/,Promoted as advisory source hint from complete cached Buddy page-data fan-out for BL-263.; Not counted as exact supply by this table.; Reward chance: 0.3333333333333333; Candidate flags: reverse_relation; reward_quantity_defaulted; Reverse Wishing Well relation from reward page; candidate export defaults quantity to 1 for review.; Source: https://buddy.farm/i/onyx-scorpion/; Page data: https://buddy.farm/page-data/i/onyx-scorpion/page-data.json; Cache: onyx-scorpion__onyx-scorpion.json; Parser: buddy-item-multi-source-v1
Orange,orange,Birthday Present,birthday present,openable,openable,https://buddy.farm/i/orange/,Promoted as advisory source hint from complete cached Buddy page-data fan-out for BL-263.; Not counted as exact supply by this table.; Quantity range: 200-200; Source: https://buddy.farm/i/orange/; Page data: https://buddy.farm/page-data/i/orange/page-data.json; Cache: orange__orange.json; Parser: buddy-item-multi-source-v1
Orange,orange,Christmas Present 10,christmas present 10,openable,openable,https://buddy.farm/i/orange/,Promoted as advisory source hint from complete cached Buddy page-data fan-out for BL-263.; Not counted as exact supply by this table.; Quantity range: 100-100; Source: https://buddy.farm/i/orange/; Page data: https://buddy.farm/page-data/i/orange/page-data.json; Cache: orange__orange.json; Parser: buddy-item-multi-source-v1
Orange,orange,Cornucopia 01,cornucopia 01,openable,openable,https://buddy.farm/i/orange/,Promoted as advisory source hint from complete cached Buddy page-data fan-out for BL-263.; Not counted as exact supply by this table.; Quantity range: 10-10; Source: https://buddy.farm/i/orange/; Page data: https://buddy.farm/page-data/i/orange/page-data.json; Cache: orange__orange.json; Parser: buddy-item-multi-source-v1
Orange,orange,Gift Basket 01,gift basket 01,openable,openable,https://buddy.farm/i/orange/,Promoted as advisory source hint from complete cached Buddy page-data fan-out for BL-263.; Not counted as exact supply by this table.; Quantity range: 25-25; Source: https://buddy.farm/i/orange/; Page data: https://buddy.farm/page-data/i/orange/page-data.json; Cache: orange__orange.json; Parser: buddy-item-multi-source-v1
Orange,orange,Gift Basket 02,gift basket 02,openable,openable,https://buddy.farm/i/orange/,Promoted as advisory source hint from complete cached Buddy page-data fan-out for BL-263.; Not counted as exact supply by this table.; Quantity range: 100-100; Source: https://buddy.farm/i/orange/; Page data: https://buddy.farm/page-data/i/orange/page-data.json; Cache: orange__orange.json; Parser: buddy-item-multi-source-v1
Orange Gecko,orange gecko,Black Rock Canyon,black rock canyon,exploring,explores,https://buddy.farm/i/orange-gecko/,Buddy lists Orange Gecko from Black Rock Canyon explores per drop.
Orange Gecko,orange gecko,Ancient Coin,ancient coin,wishing_well,Wishing Well throw,https://buddy.farm/i/orange-gecko/,Promoted as advisory source hint from complete cached Buddy page-data fan-out for BL-263.; Not counted as exact supply by this table.; Reward chance: 0.08333333333333333; Candidate flags: reverse_relation; reward_quantity_defaulted; Reverse Wishing Well relation from reward page; candidate export defaults quantity to 1 for review.; Source: https://buddy.farm/i/orange-gecko/; Page data: https://buddy.farm/page-data/i/orange-gecko/page-data.json; Cache: orange-gecko__orange-gecko.json; Parser: buddy-item-multi-source-v1
Orange Gecko,orange gecko,Crab Claw,crab claw,wishing_well,Wishing Well throw,https://buddy.farm/i/orange-gecko/,Promoted as advisory source hint from complete cached Buddy page-data fan-out for BL-263.; Not counted as exact supply by this table.; Reward chance: 0.3333333333333333; Candidate flags: reverse_relation; reward_quantity_defaulted; Reverse Wishing Well relation from reward page; candidate export defaults quantity to 1 for review.; Source: https://buddy.farm/i/orange-gecko/; Page data: https://buddy.farm/page-data/i/orange-gecko/page-data.json; Cache: orange-gecko__orange-gecko.json; Parser: buddy-item-multi-source-v1
Orange Gecko,orange gecko,Frog,frog,wishing_well,Wishing Well throw,https://buddy.farm/i/orange-gecko/,Promoted as advisory source hint from complete cached Buddy page-data fan-out for BL-263.; Not counted as exact supply by this table.; Reward chance: 0.3333333333333333; Candidate flags: reverse_relation; reward_quantity_defaulted; Reverse Wishing Well relation from reward page; candidate export defaults quantity to 1 for review.; Source: https://buddy.farm/i/orange-gecko/; Page data: https://buddy.farm/page-data/i/orange-gecko/page-data.json; Cache: orange-gecko__orange-gecko.json; Parser: buddy-item-multi-source-v1
Orange Gecko,orange gecko,Sea Dragon,sea dragon,wishing_well,Wishing Well throw,https://buddy.farm/i/orange-gecko/,Promoted as advisory source hint from complete cached Buddy page-data fan-out for BL-263.; Not counted as exact supply by this table.; Reward chance: 0.3333333333333333; Candidate flags: reverse_relation; reward_quantity_defaulted; Reverse Wishing Well relation from reward page; candidate export defaults quantity to 1 for review.; Source: https://buddy.farm/i/orange-gecko/; Page data: https://buddy.farm/page-data/i/orange-gecko/page-data.json; Cache: orange-gecko__orange-gecko.json; Parser: buddy-item-multi-source-v1
Orange Juice,orange juice,Buddy's Beach Bag,buddy's beach bag,openable,openable,https://buddy.farm/i/orange-juice/,Promoted as advisory source hint from complete cached Buddy page-data fan-out for BL-263.; Not counted as exact supply by this table.; Quantity range: 100-100; Source: https://buddy.farm/i/orange-juice/; Page data: https://buddy.farm/page-data/i/orange-juice/page-data.json; Cache: orange-juice__orange-juice.json; Parser: buddy-item-multi-source-v1
Orange Juice,orange juice,Christmas Present 02,christmas present 02,openable,openable,https://buddy.farm/i/orange-juice/,Promoted as advisory source hint from complete cached Buddy page-data fan-out for BL-263.; Not counted as exact supply by this table.; Quantity range: 20-20; Source: https://buddy.farm/i/orange-juice/; Page data: https://buddy.farm/page-data/i/orange-juice/page-data.json; Cache: orange-juice__orange-juice.json; Parser: buddy-item-multi-source-v1
Orange Juice,orange juice,Christmas Present 05,christmas present 05,openable,openable,https://buddy.farm/i/orange-juice/,Promoted as advisory source hint from complete cached Buddy page-data fan-out for BL-263.; Not counted as exact supply by this table.; Quantity range: 50-50; Source: https://buddy.farm/i/orange-juice/; Page data: https://buddy.farm/page-data/i/orange-juice/page-data.json; Cache: orange-juice__orange-juice.json; Parser: buddy-item-multi-source-v1
Orange Juice,orange juice,Drink Bundle,drink bundle,openable,openable,https://buddy.farm/i/orange-juice/,Promoted as advisory source hint from complete cached Buddy page-data fan-out for BL-263.; Not counted as exact supply by this table.; Quantity range: 100-100; Source: https://buddy.farm/i/orange-juice/; Page data: https://buddy.farm/page-data/i/orange-juice/page-data.json; Cache: orange-juice__orange-juice.json; Parser: buddy-item-multi-source-v1
Orange Juice,orange juice,Fancy Present,fancy present,openable,openable,https://buddy.farm/i/orange-juice/,Promoted as advisory source hint from complete cached Buddy page-data fan-out for BL-263.; Not counted as exact supply by this table.; Quantity range: 100-100; Source: https://buddy.farm/i/orange-juice/; Page data: https://buddy.farm/page-data/i/orange-juice/page-data.json; Cache: orange-juice__orange-juice.json; Parser: buddy-item-multi-source-v1
Orange Juice,orange juice,Frozen Chest 02,frozen chest 02,openable,openable,https://buddy.farm/i/orange-juice/,Promoted as advisory source hint from complete cached Buddy page-data fan-out for BL-263.; Not counted as exact supply by this table.; Quantity range: 25-25; Source: https://buddy.farm/i/orange-juice/; Page data: https://buddy.farm/page-data/i/orange-juice/page-data.json; Cache: orange-juice__orange-juice.json; Parser: buddy-item-multi-source-v1
Orange Juice,orange juice,Frozen Chest 03,frozen chest 03,openable,openable,https://buddy.farm/i/orange-juice/,Promoted as advisory source hint from complete cached Buddy page-data fan-out for BL-263.; Not counted as exact supply by this table.; Quantity range: 125-125; Source: https://buddy.farm/i/orange-juice/; Page data: https://buddy.farm/page-data/i/orange-juice/page-data.json; Cache: orange-juice__orange-juice.json; Parser: buddy-item-multi-source-v1
Orange Juice,orange juice,Giving Box 01,giving box 01,openable,openable,https://buddy.farm/i/orange-juice/,Promoted as advisory source hint from complete cached Buddy page-data fan-out for BL-263.; Not counted as exact supply by this table.; Quantity range: 250-250; Source: https://buddy.farm/i/orange-juice/; Page data: https://buddy.farm/page-data/i/orange-juice/page-data.json; Cache: orange-juice__orange-juice.json; Parser: buddy-item-multi-source-v1
Orange Juice,orange juice,Grab Bag 06,grab bag 06,openable,openable,https://buddy.farm/i/orange-juice/,Promoted as advisory source hint from complete cached Buddy page-data fan-out for BL-263.; Not counted as exact supply by this table.; Quantity range: 10-20; Source: https://buddy.farm/i/orange-juice/; Page data: https://buddy.farm/page-data/i/orange-juice/page-data.json; Cache: orange-juice__orange-juice.json; Parser: buddy-item-multi-source-v1
Orange Juice,orange juice,Lovely Present,lovely present,openable,openable,https://buddy.farm/i/orange-juice/,Promoted as advisory source hint from complete cached Buddy page-data fan-out for BL-263.; Not counted as exact supply by this table.; Quantity range: 100-100; Source: https://buddy.farm/i/orange-juice/; Page data: https://buddy.farm/page-data/i/orange-juice/page-data.json; Cache: orange-juice__orange-juice.json; Parser: buddy-item-multi-source-v1
Orange Juice,orange juice,Picnic Basket 01,picnic basket 01,openable,openable,https://buddy.farm/i/orange-juice/,Promoted as advisory source hint from complete cached Buddy page-data fan-out for BL-263.; Not counted as exact supply by this table.; Quantity range: 250-250; Source: https://buddy.farm/i/orange-juice/; Page data: https://buddy.farm/page-data/i/orange-juice/page-data.json; Cache: orange-juice__orange-juice.json; Parser: buddy-item-multi-source-v1
Orange Juice,orange juice,Rosalie's Beach Tote,rosalie's beach tote,openable,openable,https://buddy.farm/i/orange-juice/,Promoted as advisory source hint from complete cached Buddy page-data fan-out for BL-263.; Not counted as exact supply by this table.; Quantity range: 30-30; Source: https://buddy.farm/i/orange-juice/; Page data: https://buddy.farm/page-data/i/orange-juice/page-data.json; Cache: orange-juice__orange-juice.json; Parser: buddy-item-multi-source-v1
Orange Juice,orange juice,Shiny Present,shiny present,openable,openable,https://buddy.farm/i/orange-juice/,Promoted as advisory source hint from complete cached Buddy page-data fan-out for BL-263.; Not counted as exact supply by this table.; Quantity range: 100-100; Source: https://buddy.farm/i/orange-juice/; Page data: https://buddy.farm/page-data/i/orange-juice/page-data.json; Cache: orange-juice__orange-juice.json; Parser: buddy-item-multi-source-v1
Orange Juice,orange juice,Spring Basket 01,spring basket 01,openable,openable,https://buddy.farm/i/orange-juice/,Promoted as advisory source hint from complete cached Buddy page-data fan-out for BL-263.; Not counted as exact supply by this table.; Quantity range: 10-10; Source: https://buddy.farm/i/orange-juice/; Page data: https://buddy.farm/page-data/i/orange-juice/page-data.json; Cache: orange-juice__orange-juice.json; Parser: buddy-item-multi-source-v1
Orange Juice,orange juice,Spring Basket 02,spring basket 02,openable,openable,https://buddy.farm/i/orange-juice/,Promoted as advisory source hint from complete cached Buddy page-data fan-out for BL-263.; Not counted as exact supply by this table.; Quantity range: 150-150; Source: https://buddy.farm/i/orange-juice/; Page data: https://buddy.farm/page-data/i/orange-juice/page-data.json; Cache: orange-juice__orange-juice.json; Parser: buddy-item-multi-source-v1
Orange Juice,orange juice,Spring Basket 03,spring basket 03,openable,openable,https://buddy.farm/i/orange-juice/,Promoted as advisory source hint from complete cached Buddy page-data fan-out for BL-263.; Not counted as exact supply by this table.; Quantity range: 200-200; Source: https://buddy.farm/i/orange-juice/; Page data: https://buddy.farm/page-data/i/orange-juice/page-data.json; Cache: orange-juice__orange-juice.json; Parser: buddy-item-multi-source-v1
Orange Juice,orange juice,Summer Basket,summer basket,openable,openable,https://buddy.farm/i/orange-juice/,Promoted as advisory source hint from complete cached Buddy page-data fan-out for BL-263.; Not counted as exact supply by this table.; Quantity range: 25-25; Source: https://buddy.farm/i/orange-juice/; Page data: https://buddy.farm/page-data/i/orange-juice/page-data.json; Cache: orange-juice__orange-juice.json; Parser: buddy-item-multi-source-v1
Orange Juice,orange juice,Winter Basket,winter basket,openable,openable,https://buddy.farm/i/orange-juice/,Promoted as advisory source hint from complete cached Buddy page-data fan-out for BL-263.; Not counted as exact supply by this table.; Quantity range: 25-25; Source: https://buddy.farm/i/orange-juice/; Page data: https://buddy.farm/page-data/i/orange-juice/page-data.json; Cache: orange-juice__orange-juice.json; Parser: buddy-item-multi-source-v1
Orange Juice,orange juice,Apple Cider,apple cider,wishing_well,Wishing Well throw,https://buddy.farm/i/orange-juice/,Promoted as advisory source hint from complete cached Buddy page-data fan-out for BL-263.; Not counted as exact supply by this table.; Reward chance: 0.3333333333333333; Candidate flags: reverse_relation; reward_quantity_defaulted; Reverse Wishing Well relation from reward page; candidate export defaults quantity to 1 for review.; Source: https://buddy.farm/i/orange-juice/; Page data: https://buddy.farm/page-data/i/orange-juice/page-data.json; Cache: orange-juice__orange-juice.json; Parser: buddy-item-multi-source-v1
Over The Moon,over the moon,Holger's Lunch Box,holger's lunch box,openable,openable,https://buddy.farm/i/over-the-moon/,Promoted as advisory source hint from complete cached Buddy page-data fan-out for BL-263.; Not counted as exact supply by this table.; Quantity range: 5-5; Source: https://buddy.farm/i/over-the-moon/; Page data: https://buddy.farm/page-data/i/over-the-moon/page-data.json; Cache: over-the-moon__over-the-moon.json; Parser: buddy-item-multi-source-v1
Peach Juice,peach juice,Holger's Lunch Box,holger's lunch box,openable,openable,https://buddy.farm/i/peach-juice/,Promoted as advisory source hint from complete cached Buddy page-data fan-out for BL-263.; Not counted as exact supply by this table.; Quantity range: 3-3; Source: https://buddy.farm/i/peach-juice/; Page data: https://buddy.farm/page-data/i/peach-juice/page-data.json; Cache: peach-juice__peach-juice.json; Parser: buddy-item-multi-source-v1
Peach Juice,peach juice,Summer Basket,summer basket,openable,openable,https://buddy.farm/i/peach-juice/,Promoted as advisory source hint from complete cached Buddy page-data fan-out for BL-263.; Not counted as exact supply by this table.; Quantity range: 2-2; Source: https://buddy.farm/i/peach-juice/; Page data: https://buddy.farm/page-data/i/peach-juice/page-data.json; Cache: peach-juice__peach-juice.json; Parser: buddy-item-multi-source-v1
Pearl,pearl,Christmas Present 08,christmas present 08,openable,openable,https://buddy.farm/i/pearl/,Promoted as advisory source hint from complete cached Buddy page-data fan-out for BL-263.; Not counted as exact supply by this table.; Quantity range: 80-80; Source: https://buddy.farm/i/pearl/; Page data: https://buddy.farm/page-data/i/pearl/page-data.json; Cache: pearl__pearl.json; Parser: buddy-item-multi-source-v1
Pearl,pearl,Large Chest 01,large chest 01,openable,openable,https://buddy.farm/i/pearl/,Promoted as advisory source hint from complete cached Buddy page-data fan-out for BL-263.; Not counted as exact supply by this table.; Quantity range: 50-50; Source: https://buddy.farm/i/pearl/; Page data: https://buddy.farm/page-data/i/pearl/page-data.json; Cache: pearl__pearl.json; Parser: buddy-item-multi-source-v1
Peas,peas,Christmas Present 06,christmas present 06,openable,openable,https://buddy.farm/i/peas/,Promoted as advisory source hint from complete cached Buddy page-data fan-out for BL-263.; Not counted as exact supply by this table.; Quantity range: 60-60; Source: https://buddy.farm/i/peas/; Page data: https://buddy.farm/page-data/i/peas/page-data.json; Cache: peas__peas.json; Parser: buddy-item-multi-source-v1
Pencil,pencil,Buddy's School Bag,buddy's school bag,openable,openable,https://buddy.farm/i/pencil/,Promoted as advisory source hint from complete cached Buddy page-data fan-out for BL-263.; Not counted as exact supply by this table.; Quantity range: 1-1; Source: https://buddy.farm/i/pencil/; Page data: https://buddy.farm/page-data/i/pencil/page-data.json; Cache: pencil__pencil.json; Parser: buddy-item-multi-source-v1
Pepper Seeds,pepper seeds,Welcome Card,welcome card,openable,openable,https://buddy.farm/i/pepper-seeds/,Promoted as advisory source hint from complete cached Buddy page-data fan-out for BL-263.; Not counted as exact supply by this table.; Quantity range: 8-8; Source: https://buddy.farm/i/pepper-seeds/; Page data: https://buddy.farm/page-data/i/pepper-seeds/page-data.json; Cache: pepper-seeds__pepper-seeds.json; Parser: buddy-item-multi-source-v1
Peppers,peppers,Christmas Present 06,christmas present 06,openable,openable,https://buddy.farm/i/peppers/,Promoted as advisory source hint from complete cached Buddy page-data fan-out for BL-263.; Not counted as exact supply by this table.; Quantity range: 60-60; Source: https://buddy.farm/i/peppers/; Page data: https://buddy.farm/page-data/i/peppers/page-data.json; Cache: peppers__peppers.json; Parser: buddy-item-multi-source-v1
Perfect Paint Palette,perfect paint palette,Friendship Bag 01,friendship bag 01,openable,openable,https://buddy.farm/i/perfect-paint-palette/,Promoted as advisory source hint from complete cached Buddy page-data fan-out for BL-263.; Not counted as exact supply by this table.; Quantity range: 1-3; Source: https://buddy.farm/i/perfect-paint-palette/; Page data: https://buddy.farm/page-data/i/perfect-paint-palette/page-data.json; Cache: perfect-paint-palette__perfect-paint-palette.json; Parser: buddy-item-multi-source-v1
Pet Treat,pet treat,Buddy's Beach Bag,buddy's beach bag,openable,openable,https://buddy.farm/i/pet-treat/,Promoted as advisory source hint from complete cached Buddy page-data fan-out for BL-263.; Not counted as exact supply by this table.; Quantity range: 12-12; Source: https://buddy.farm/i/pet-treat/; Page data: https://buddy.farm/page-data/i/pet-treat/page-data.json; Cache: pet-treat__pet-treat.json; Parser: buddy-item-multi-source-v1
Pet Treat,pet treat,Frozen Chest 03,frozen chest 03,openable,openable,https://buddy.farm/i/pet-treat/,Promoted as advisory source hint from complete cached Buddy page-data fan-out for BL-263.; Not counted as exact supply by this table.; Quantity range: 12-12; Source: https://buddy.farm/i/pet-treat/; Page data: https://buddy.farm/page-data/i/pet-treat/page-data.json; Cache: pet-treat__pet-treat.json; Parser: buddy-item-multi-source-v1
Pet Treat,pet treat,Traveler's Bag 01,traveler's bag 01,openable,openable,https://buddy.farm/i/pet-treat/,Promoted as advisory source hint from complete cached Buddy page-data fan-out for BL-263.; Not counted as exact supply by this table.; Quantity range: 12-12; Source: https://buddy.farm/i/pet-treat/; Page data: https://buddy.farm/page-data/i/pet-treat/page-data.json; Cache: pet-treat__pet-treat.json; Parser: buddy-item-multi-source-v1
PHR Voucher,phr voucher,Heart-shaped Box 03,heart-shaped box 03,openable,openable,https://buddy.farm/i/phr-voucher/,Promoted as advisory source hint from complete cached Buddy page-data fan-out for BL-263.; Not counted as exact supply by this table.; Quantity range: 3-3; Source: https://buddy.farm/i/phr-voucher/; Page data: https://buddy.farm/page-data/i/phr-voucher/page-data.json; Cache: phr-voucher__phr-voucher.json; Parser: buddy-item-multi-source-v1
PHR Voucher,phr voucher,Traveler's Bag 01,traveler's bag 01,openable,openable,https://buddy.farm/i/phr-voucher/,Promoted as advisory source hint from complete cached Buddy page-data fan-out for BL-263.; Not counted as exact supply by this table.; Quantity range: 3-3; Source: https://buddy.farm/i/phr-voucher/; Page data: https://buddy.farm/page-data/i/phr-voucher/page-data.json; Cache: phr-voucher__phr-voucher.json; Parser: buddy-item-multi-source-v1
Picnic Basket 01,picnic basket 01,Garden Crate 01,garden crate 01,openable,openable,https://buddy.farm/i/picnic-basket-01/,Promoted as advisory source hint from complete cached Buddy page-data fan-out for BL-263.; Not counted as exact supply by this table.; Quantity range: 1-1; Source: https://buddy.farm/i/picnic-basket-01/; Page data: https://buddy.farm/page-data/i/picnic-basket-01/page-data.json; Cache: picnic-basket-01__picnic-basket-01.json; Parser: buddy-item-multi-source-v1
Piece of Heart,piece of heart,Borgen Bag 01,borgen bag 01,openable,openable,https://buddy.farm/i/piece-of-heart/,Promoted as advisory source hint from complete cached Buddy page-data fan-out for BL-263.; Not counted as exact supply by this table.; Quantity range: 1-3; Source: https://buddy.farm/i/piece-of-heart/; Page data: https://buddy.farm/page-data/i/piece-of-heart/page-data.json; Cache: piece-of-heart__piece-of-heart.json; Parser: buddy-item-multi-source-v1
Piece of Heart,piece of heart,Heart-shaped Box 02,heart-shaped box 02,openable,openable,https://buddy.farm/i/piece-of-heart/,Promoted as advisory source hint from complete cached Buddy page-data fan-out for BL-263.; Not counted as exact supply by this table.; Quantity range: 1-1; Source: https://buddy.farm/i/piece-of-heart/; Page data: https://buddy.farm/page-data/i/piece-of-heart/page-data.json; Cache: piece-of-heart__piece-of-heart.json; Parser: buddy-item-multi-source-v1
Piece of Heart,piece of heart,Heart-shaped Box 03,heart-shaped box 03,openable,openable,https://buddy.farm/i/piece-of-heart/,Promoted as advisory source hint from complete cached Buddy page-data fan-out for BL-263.; Not counted as exact supply by this table.; Quantity range: 1-1; Source: https://buddy.farm/i/piece-of-heart/; Page data: https://buddy.farm/page-data/i/piece-of-heart/page-data.json; Cache: piece-of-heart__piece-of-heart.json; Parser: buddy-item-multi-source-v1
Pine Cone,pine cone,Antler,antler,wishing_well,Wishing Well throw,https://buddy.farm/i/pine-cone/,Promoted as advisory source hint from complete cached Buddy page-data fan-out for BL-263.; Not counted as exact supply by this table.; Reward chance: 0.3333333333333333; Candidate flags: reverse_relation; reward_quantity_defaulted; Reverse Wishing Well relation from reward page; candidate export defaults quantity to 1 for review.; Source: https://buddy.farm/i/pine-cone/; Page data: https://buddy.farm/page-data/i/pine-cone/page-data.json; Cache: pine-cone__pine-cone.json; Parser: buddy-item-multi-source-v1
Pirate Bandana,pirate bandana,Pocket Watch,pocket watch,wishing_well,Wishing Well throw,https://buddy.farm/i/pirate-bandana/,Promoted as advisory source hint from complete cached Buddy page-data fan-out for BL-263.; Not counted as exact supply by this table.; Reward chance: 0.3333333333333333; Candidate flags: reverse_relation; reward_quantity_defaulted; Reverse Wishing Well relation from reward page; candidate export defaults quantity to 1 for review.; Source: https://buddy.farm/i/pirate-bandana/; Page data: https://buddy.farm/page-data/i/pirate-bandana/page-data.json; Cache: pirate-bandana__pirate-bandana.json; Parser: buddy-item-multi-source-v1
Pirate Bandana,pirate bandana,Spectacles,spectacles,wishing_well,Wishing Well throw,https://buddy.farm/i/pirate-bandana/,Promoted as advisory source hint from complete cached Buddy page-data fan-out for BL-263.; Not counted as exact supply by this table.; Reward chance: 0.2; Candidate flags: reverse_relation; reward_quantity_defaulted; Reverse Wishing Well relation from reward page; candidate export defaults quantity to 1 for review.; Source: https://buddy.farm/i/pirate-bandana/; Page data: https://buddy.farm/page-data/i/pirate-bandana/page-data.json; Cache: pirate-bandana__pirate-bandana.json; Parser: buddy-item-multi-source-v1
Pirate Flag,pirate flag,Captains Log,captains log,wishing_well,Wishing Well throw,https://buddy.farm/i/pirate-flag/,Promoted as advisory source hint from complete cached Buddy page-data fan-out for BL-263.; Not counted as exact supply by this table.; Reward chance: 0.25; Candidate flags: reverse_relation; reward_quantity_defaulted; Reverse Wishing Well relation from reward page; candidate export defaults quantity to 1 for review.; Source: https://buddy.farm/i/pirate-flag/; Page data: https://buddy.farm/page-data/i/pirate-flag/page-data.json; Cache: pirate-flag__pirate-flag.json; Parser: buddy-item-multi-source-v1
Pirate Flag,pirate flag,Freaky Picture,freaky picture,wishing_well,Wishing Well throw,https://buddy.farm/i/pirate-flag/,Promoted as advisory source hint from complete cached Buddy page-data fan-out for BL-263.; Not counted as exact supply by this table.; Reward chance: 0.25; Candidate flags: reverse_relation; reward_quantity_defaulted; Reverse Wishing Well relation from reward page; candidate export defaults quantity to 1 for review.; Source: https://buddy.farm/i/pirate-flag/; Page data: https://buddy.farm/page-data/i/pirate-flag/page-data.json; Cache: pirate-flag__pirate-flag.json; Parser: buddy-item-multi-source-v1
Pirate Flag,pirate flag,Pirate Bandana,pirate bandana,wishing_well,Wishing Well throw,https://buddy.farm/i/pirate-flag/,Promoted as advisory source hint from complete cached Buddy page-data fan-out for BL-263.; Not counted as exact supply by this table.; Reward chance: 0.25; Candidate flags: reverse_relation; reward_quantity_defaulted; Reverse Wishing Well relation from reward page; candidate export defaults quantity to 1 for review.; Source: https://buddy.farm/i/pirate-flag/; Page data: https://buddy.farm/page-data/i/pirate-flag/page-data.json; Cache: pirate-flag__pirate-flag.json; Parser: buddy-item-multi-source-v1
Pirate Flag,pirate flag,Teapot,teapot,wishing_well,Wishing Well throw,https://buddy.farm/i/pirate-flag/,Promoted as advisory source hint from complete cached Buddy page-data fan-out for BL-263.; Not counted as exact supply by this table.; Reward chance: 0.14285714285714285; Candidate flags: reverse_relation; reward_quantity_defaulted; Reverse Wishing Well relation from reward page; candidate export defaults quantity to 1 for review.; Source: https://buddy.farm/i/pirate-flag/; Page data: https://buddy.farm/page-data/i/pirate-flag/page-data.json; Cache: pirate-flag__pirate-flag.json; Parser: buddy-item-multi-source-v1
Planet Egg,planet egg,Galactic Egg Basket,galactic egg basket,openable,openable,https://buddy.farm/i/planet-egg/,Promoted as advisory source hint from complete cached Buddy page-data fan-out for BL-263.; Not counted as exact supply by this table.; Quantity range: 1-3; Source: https://buddy.farm/i/planet-egg/; Page data: https://buddy.farm/page-data/i/planet-egg/page-data.json; Cache: planet-egg__planet-egg.json; Parser: buddy-item-multi-source-v1
Pocket Watch,pocket watch,Cogwheel,cogwheel,wishing_well,Wishing Well throw,https://buddy.farm/i/pocket-watch/,Promoted as advisory source hint from complete cached Buddy page-data fan-out for BL-263.; Not counted as exact supply by this table.; Reward chance: 0.25; Candidate flags: reverse_relation; reward_quantity_defaulted; Reverse Wishing Well relation from reward page; candidate export defaults quantity to 1 for review.; Source: https://buddy.farm/i/pocket-watch/; Page data: https://buddy.farm/page-data/i/pocket-watch/page-data.json; Cache: pocket-watch__pocket-watch.json; Parser: buddy-item-multi-source-v1
Popcorn,popcorn,Corn Prize Bag,corn prize bag,openable,openable,https://buddy.farm/i/popcorn/,Promoted as advisory source hint from complete cached Buddy page-data fan-out for BL-263.; Not counted as exact supply by this table.; Quantity range: 1-1; Source: https://buddy.farm/i/popcorn/; Page data: https://buddy.farm/page-data/i/popcorn/page-data.json; Cache: popcorn__popcorn.json; Parser: buddy-item-multi-source-v1
Popcorn,popcorn,Water Lily,water lily,wishing_well,Wishing Well throw,https://buddy.farm/i/popcorn/,Promoted as advisory source hint from complete cached Buddy page-data fan-out for BL-263.; Not counted as exact supply by this table.; Reward chance: 0.3333333333333333; Candidate flags: reverse_relation; reward_quantity_defaulted; Reverse Wishing Well relation from reward page; candidate export defaults quantity to 1 for review.; Source: https://buddy.farm/i/popcorn/; Page data: https://buddy.farm/page-data/i/popcorn/page-data.json; Cache: popcorn__popcorn.json; Parser: buddy-item-multi-source-v1
Pot of Gold (Large),pot of gold (large),Green Backpack,green backpack,openable,openable,https://buddy.farm/i/pot-of-gold-large-/,Promoted as advisory source hint from complete cached Buddy page-data fan-out for BL-263.; Not counted as exact supply by this table.; Quantity range: 1-1; Source: https://buddy.farm/i/pot-of-gold-large-/; Page data: https://buddy.farm/page-data/i/pot-of-gold-large-/page-data.json; Cache: pot-of-gold-large__pot-of-gold-large.json; Parser: buddy-item-multi-source-v1
Pot of Gold (Medium),pot of gold (medium),Green Backpack,green backpack,openable,openable,https://buddy.farm/i/pot-of-gold-medium-/,Promoted as advisory source hint from complete cached Buddy page-data fan-out for BL-263.; Not counted as exact supply by this table.; Quantity range: 1-1; Source: https://buddy.farm/i/pot-of-gold-medium-/; Page data: https://buddy.farm/page-data/i/pot-of-gold-medium-/page-data.json; Cache: pot-of-gold-medium__pot-of-gold-medium.json; Parser: buddy-item-multi-source-v1
Pot of Gold (Small),pot of gold (small),Green Backpack,green backpack,openable,openable,https://buddy.farm/i/pot-of-gold-small-/,Promoted as advisory source hint from complete cached Buddy page-data fan-out for BL-263.; Not counted as exact supply by this table.; Quantity range: 1-1; Source: https://buddy.farm/i/pot-of-gold-small-/; Page data: https://buddy.farm/page-data/i/pot-of-gold-small-/page-data.json; Cache: pot-of-gold-small__pot-of-gold-small.json; Parser: buddy-item-multi-source-v1
Potato,potato,Grab Bag 01,grab bag 01,openable,openable,https://buddy.farm/i/potato/,Promoted as advisory source hint from complete cached Buddy page-data fan-out for BL-263.; Not counted as exact supply by this table.; Quantity range: 10-50; Source: https://buddy.farm/i/potato/; Page data: https://buddy.farm/page-data/i/potato/page-data.json; Cache: potato__potato.json; Parser: buddy-item-multi-source-v1
Prism Shard,prism shard,Pine Cone,pine cone,wishing_well,Wishing Well throw,https://buddy.farm/i/prism-shard/,Promoted as advisory source hint from complete cached Buddy page-data fan-out for BL-263.; Not counted as exact supply by this table.; Reward chance: 0.3333333333333333; Candidate flags: reverse_relation; reward_quantity_defaulted; Reverse Wishing Well relation from reward page; candidate export defaults quantity to 1 for review.; Source: https://buddy.farm/i/prism-shard/; Page data: https://buddy.farm/page-data/i/prism-shard/page-data.json; Cache: prism-shard__prism-shard.json; Parser: buddy-item-multi-source-v1
Prism Shell,prism shell,Friendship Bag 01,friendship bag 01,openable,openable,https://buddy.farm/i/prism-shell/,Promoted as advisory source hint from complete cached Buddy page-data fan-out for BL-263.; Not counted as exact supply by this table.; Quantity range: 1-3; Source: https://buddy.farm/i/prism-shell/; Page data: https://buddy.farm/page-data/i/prism-shell/page-data.json; Cache: prism-shell__prism-shell.json; Parser: buddy-item-multi-source-v1
Protein Bar,protein bar,Baba's Snack Pack,baba's snack pack,openable,openable,https://buddy.farm/i/protein-bar/,Promoted as advisory source hint from complete cached Buddy page-data fan-out for BL-263.; Not counted as exact supply by this table.; Quantity range: 2-2; Source: https://buddy.farm/i/protein-bar/; Page data: https://buddy.farm/page-data/i/protein-bar/page-data.json; Cache: protein-bar__protein-bar.json; Parser: buddy-item-multi-source-v1
Protein Bar,protein bar,Buddy's School Bag,buddy's school bag,openable,openable,https://buddy.farm/i/protein-bar/,Promoted as advisory source hint from complete cached Buddy page-data fan-out for BL-263.; Not counted as exact supply by this table.; Quantity range: 3-3; Source: https://buddy.farm/i/protein-bar/; Page data: https://buddy.farm/page-data/i/protein-bar/page-data.json; Cache: protein-bar__protein-bar.json; Parser: buddy-item-multi-source-v1
Protein Bar,protein bar,Frozen Chest 02,frozen chest 02,openable,openable,https://buddy.farm/i/protein-bar/,Promoted as advisory source hint from complete cached Buddy page-data fan-out for BL-263.; Not counted as exact supply by this table.; Quantity range: 1-1; Source: https://buddy.farm/i/protein-bar/; Page data: https://buddy.farm/page-data/i/protein-bar/page-data.json; Cache: protein-bar__protein-bar.json; Parser: buddy-item-multi-source-v1
Protein Bar,protein bar,Thomas's Tavern Tote,thomas's tavern tote,openable,openable,https://buddy.farm/i/protein-bar/,Promoted as advisory source hint from complete cached Buddy page-data fan-out for BL-263.; Not counted as exact supply by this table.; Quantity range: 1-1; Source: https://buddy.farm/i/protein-bar/; Page data: https://buddy.farm/page-data/i/protein-bar/page-data.json; Cache: protein-bar__protein-bar.json; Parser: buddy-item-multi-source-v1
Protein Bar,protein bar,Tower Prep Pack 01,tower prep pack 01,openable,openable,https://buddy.farm/i/protein-bar/,Promoted as advisory source hint from complete cached Buddy page-data fan-out for BL-263.; Not counted as exact supply by this table.; Quantity range: 2-2; Source: https://buddy.farm/i/protein-bar/; Page data: https://buddy.farm/page-data/i/protein-bar/page-data.json; Cache: protein-bar__protein-bar.json; Parser: buddy-item-multi-source-v1
Protein Bar,protein bar,Traveler's Bag 01,traveler's bag 01,openable,openable,https://buddy.farm/i/protein-bar/,Promoted as advisory source hint from complete cached Buddy page-data fan-out for BL-263.; Not counted as exact supply by this table.; Quantity range: 2-2; Source: https://buddy.farm/i/protein-bar/; Page data: https://buddy.farm/page-data/i/protein-bar/page-data.json; Cache: protein-bar__protein-bar.json; Parser: buddy-item-multi-source-v1
Prune Juice,prune juice,Beatrix's Booming Brawl Box 01,beatrix's booming brawl box 01,openable,openable,https://buddy.farm/i/prune-juice/,Promoted as advisory source hint from complete cached Buddy page-data fan-out for BL-263.; Not counted as exact supply by this table.; Quantity range: 4-4; Source: https://buddy.farm/i/prune-juice/; Page data: https://buddy.farm/page-data/i/prune-juice/page-data.json; Cache: prune-juice__prune-juice.json; Parser: buddy-item-multi-source-v1
Prune Juice,prune juice,Beatrix's Booming Brawl Box 02,beatrix's booming brawl box 02,openable,openable,https://buddy.farm/i/prune-juice/,Promoted as advisory source hint from complete cached Buddy page-data fan-out for BL-263.; Not counted as exact supply by this table.; Quantity range: 5-5; Source: https://buddy.farm/i/prune-juice/; Page data: https://buddy.farm/page-data/i/prune-juice/page-data.json; Cache: prune-juice__prune-juice.json; Parser: buddy-item-multi-source-v1
Prune Juice,prune juice,Giving Box 01,giving box 01,openable,openable,https://buddy.farm/i/prune-juice/,Promoted as advisory source hint from complete cached Buddy page-data fan-out for BL-263.; Not counted as exact supply by this table.; Quantity range: 2-2; Source: https://buddy.farm/i/prune-juice/; Page data: https://buddy.farm/page-data/i/prune-juice/page-data.json; Cache: prune-juice__prune-juice.json; Parser: buddy-item-multi-source-v1
Prune Juice,prune juice,Harvest Bundle 01,harvest bundle 01,openable,openable,https://buddy.farm/i/prune-juice/,Promoted as advisory source hint from complete cached Buddy page-data fan-out for BL-263.; Not counted as exact supply by this table.; Quantity range: 3-3; Source: https://buddy.farm/i/prune-juice/; Page data: https://buddy.farm/page-data/i/prune-juice/page-data.json; Cache: prune-juice__prune-juice.json; Parser: buddy-item-multi-source-v1
Prune Juice,prune juice,Tower Prep Pack 01,tower prep pack 01,openable,openable,https://buddy.farm/i/prune-juice/,Promoted as advisory source hint from complete cached Buddy page-data fan-out for BL-263.; Not counted as exact supply by this table.; Quantity range: 1-1; Source: https://buddy.farm/i/prune-juice/; Page data: https://buddy.farm/page-data/i/prune-juice/page-data.json; Cache: prune-juice__prune-juice.json; Parser: buddy-item-multi-source-v1
Prune Juice,prune juice,Traveler's Bag 01,traveler's bag 01,openable,openable,https://buddy.farm/i/prune-juice/,Promoted as advisory source hint from complete cached Buddy page-data fan-out for BL-263.; Not counted as exact supply by this table.; Quantity range: 3-3; Source: https://buddy.farm/i/prune-juice/; Page data: https://buddy.farm/page-data/i/prune-juice/page-data.json; Cache: prune-juice__prune-juice.json; Parser: buddy-item-multi-source-v1
Pumpkin,pumpkin,Cornucopia 01,cornucopia 01,openable,openable,https://buddy.farm/i/pumpkin/,Promoted as advisory source hint from complete cached Buddy page-data fan-out for BL-263.; Not counted as exact supply by this table.; Quantity range: 1-1; Source: https://buddy.farm/i/pumpkin/; Page data: https://buddy.farm/page-data/i/pumpkin/page-data.json; Cache: pumpkin__pumpkin.json; Parser: buddy-item-multi-source-v1
Pumpkin,pumpkin,Cornucopia 02,cornucopia 02,openable,openable,https://buddy.farm/i/pumpkin/,Promoted as advisory source hint from complete cached Buddy page-data fan-out for BL-263.; Not counted as exact supply by this table.; Quantity range: 75-75; Source: https://buddy.farm/i/pumpkin/; Page data: https://buddy.farm/page-data/i/pumpkin/page-data.json; Cache: pumpkin__pumpkin.json; Parser: buddy-item-multi-source-v1
Pumpkin,pumpkin,Fall Basket,fall basket,openable,openable,https://buddy.farm/i/pumpkin/,Promoted as advisory source hint from complete cached Buddy page-data fan-out for BL-263.; Not counted as exact supply by this table.; Quantity range: 2-2; Source: https://buddy.farm/i/pumpkin/; Page data: https://buddy.farm/page-data/i/pumpkin/page-data.json; Cache: pumpkin__pumpkin.json; Parser: buddy-item-multi-source-v1
Pumpkin Juice,pumpkin juice,Tower Prep Pack 01,tower prep pack 01,openable,openable,https://buddy.farm/i/pumpkin-juice/,Promoted as advisory source hint from complete cached Buddy page-data fan-out for BL-263.; Not counted as exact supply by this table.; Quantity range: 1-1; Source: https://buddy.farm/i/pumpkin-juice/; Page data: https://buddy.farm/page-data/i/pumpkin-juice/page-data.json; Cache: pumpkin-juice__pumpkin-juice.json; Parser: buddy-item-multi-source-v1
Pumpkin Juice,pumpkin juice,Traveler's Bag 01,traveler's bag 01,openable,openable,https://buddy.farm/i/pumpkin-juice/,Promoted as advisory source hint from complete cached Buddy page-data fan-out for BL-263.; Not counted as exact supply by this table.; Quantity range: 2-2; Source: https://buddy.farm/i/pumpkin-juice/; Page data: https://buddy.farm/page-data/i/pumpkin-juice/page-data.json; Cache: pumpkin-juice__pumpkin-juice.json; Parser: buddy-item-multi-source-v1
Pumpkin Juice,pumpkin juice,Treat Bag 06,treat bag 06,openable,openable,https://buddy.farm/i/pumpkin-juice/,Promoted as advisory source hint from complete cached Buddy page-data fan-out for BL-263.; Not counted as exact supply by this table.; Quantity range: 2-2; Source: https://buddy.farm/i/pumpkin-juice/; Page data: https://buddy.farm/page-data/i/pumpkin-juice/page-data.json; Cache: pumpkin-juice__pumpkin-juice.json; Parser: buddy-item-multi-source-v1
Purple Bag,purple bag,Red Dye,red dye,wishing_well,Wishing Well throw,https://buddy.farm/i/purple-bag/,Promoted as advisory source hint from complete cached Buddy page-data fan-out for BL-263.; Not counted as exact supply by this table.; Reward chance: 0.3333333333333333; Candidate flags: reverse_relation; reward_quantity_defaulted; Reverse Wishing Well relation from reward page; candidate export defaults quantity to 1 for review.; Source: https://buddy.farm/i/purple-bag/; Page data: https://buddy.farm/page-data/i/purple-bag/page-data.json; Cache: purple-bag__purple-bag.json; Parser: buddy-item-multi-source-v1
Purple Flower,purple flower,Christmas Present 09,christmas present 09,openable,openable,https://buddy.farm/i/purple-flower/,Promoted as advisory source hint from complete cached Buddy page-data fan-out for BL-263.; Not counted as exact supply by this table.; Quantity range: 90-90; Source: https://buddy.farm/i/purple-flower/; Page data: https://buddy.farm/page-data/i/purple-flower/page-data.json; Cache: purple-flower__purple-flower.json; Parser: buddy-item-multi-source-v1
Purple Flower,purple flower,frank's Basket,frank's basket,openable,openable,https://buddy.farm/i/purple-flower/,Promoted as advisory source hint from complete cached Buddy page-data fan-out for BL-263.; Not counted as exact supply by this table.; Quantity range: 3-3; Source: https://buddy.farm/i/purple-flower/; Page data: https://buddy.farm/page-data/i/purple-flower/page-data.json; Cache: purple-flower__purple-flower.json; Parser: buddy-item-multi-source-v1
Quandary Chowder,quandary chowder,Holger's Lunch Box,holger's lunch box,openable,openable,https://buddy.farm/i/quandary-chowder/,Promoted as advisory source hint from complete cached Buddy page-data fan-out for BL-263.; Not counted as exact supply by this table.; Quantity range: 5-5; Source: https://buddy.farm/i/quandary-chowder/; Page data: https://buddy.farm/page-data/i/quandary-chowder/page-data.json; Cache: quandary-chowder__quandary-chowder.json; Parser: buddy-item-multi-source-v1
Quandary Chowder,quandary chowder,Picnic Basket 01,picnic basket 01,openable,openable,https://buddy.farm/i/quandary-chowder/,Promoted as advisory source hint from complete cached Buddy page-data fan-out for BL-263.; Not counted as exact supply by this table.; Quantity range: 3-3; Source: https://buddy.farm/i/quandary-chowder/; Page data: https://buddy.farm/page-data/i/quandary-chowder/page-data.json; Cache: quandary-chowder__quandary-chowder.json; Parser: buddy-item-multi-source-v1
Quandary Chowder,quandary chowder,Supply Bag 01,supply bag 01,openable,openable,https://buddy.farm/i/quandary-chowder/,Promoted as advisory source hint from complete cached Buddy page-data fan-out for BL-263.; Not counted as exact supply by this table.; Quantity range: 1-1; Source: https://buddy.farm/i/quandary-chowder/; Page data: https://buddy.farm/page-data/i/quandary-chowder/page-data.json; Cache: quandary-chowder__quandary-chowder.json; Parser: buddy-item-multi-source-v1
Quandary Chowder,quandary chowder,Supply Crate 01,supply crate 01,openable,openable,https://buddy.farm/i/quandary-chowder/,Promoted as advisory source hint from complete cached Buddy page-data fan-out for BL-263.; Not counted as exact supply by this table.; Quantity range: 2-2; Source: https://buddy.farm/i/quandary-chowder/; Page data: https://buddy.farm/page-data/i/quandary-chowder/page-data.json; Cache: quandary-chowder__quandary-chowder.json; Parser: buddy-item-multi-source-v1
R.O.A.S.,r.o.a.s.,Candy Corn,candy corn,wishing_well,Wishing Well throw,https://buddy.farm/i/r-o-a-s-/,Promoted as advisory source hint from complete cached Buddy page-data fan-out for BL-263.; Not counted as exact supply by this table.; Reward chance: 0.3333333333333333; Candidate flags: reverse_relation; reward_quantity_defaulted; Reverse Wishing Well relation from reward page; candidate export defaults quantity to 1 for review.; Source: https://buddy.farm/i/r-o-a-s-/; Page data: https://buddy.farm/page-data/i/r-o-a-s-/page-data.json; Cache: r-o-a-s__r-o-a-s.json; Parser: buddy-item-multi-source-v1
R.O.A.S.,r.o.a.s.,Wax Candle,wax candle,wishing_well,Wishing Well throw,https://buddy.farm/i/r-o-a-s-/,Promoted as advisory source hint from complete cached Buddy page-data fan-out for BL-263.; Not counted as exact supply by this table.; Reward chance: 0.3333333333333333; Candidate flags: reverse_relation; reward_quantity_defaulted; Reverse Wishing Well relation from reward page; candidate export defaults quantity to 1 for review.; Source: https://buddy.farm/i/r-o-a-s-/; Page data: https://buddy.farm/page-data/i/r-o-a-s-/page-data.json; Cache: r-o-a-s__r-o-a-s.json; Parser: buddy-item-multi-source-v1
Radish,radish,Christmas Present 06,christmas present 06,openable,openable,https://buddy.farm/i/radish/,Promoted as advisory source hint from complete cached Buddy page-data fan-out for BL-263.; Not counted as exact supply by this table.; Quantity range: 60-60; Source: https://buddy.farm/i/radish/; Page data: https://buddy.farm/page-data/i/radish/page-data.json; Cache: radish__radish.json; Parser: buddy-item-multi-source-v1
Raffle Ticket,raffle ticket,Apple Basket,apple basket,openable,openable,https://buddy.farm/i/raffle-ticket/,Promoted as advisory source hint from complete cached Buddy page-data fan-out for BL-263.; Not counted as exact supply by this table.; Quantity range: 10-10; Source: https://buddy.farm/i/raffle-ticket/; Page data: https://buddy.farm/page-data/i/raffle-ticket/page-data.json; Cache: raffle-ticket__raffle-ticket.json; Parser: buddy-item-multi-source-v1
Raffle Ticket,raffle ticket,Apple Crate 01,apple crate 01,openable,openable,https://buddy.farm/i/raffle-ticket/,Promoted as advisory source hint from complete cached Buddy page-data fan-out for BL-263.; Not counted as exact supply by this table.; Quantity range: 10-10; Source: https://buddy.farm/i/raffle-ticket/; Page data: https://buddy.farm/page-data/i/raffle-ticket/page-data.json; Cache: raffle-ticket__raffle-ticket.json; Parser: buddy-item-multi-source-v1
Raffle Ticket,raffle ticket,Apple Crate 02,apple crate 02,openable,openable,https://buddy.farm/i/raffle-ticket/,Promoted as advisory source hint from complete cached Buddy page-data fan-out for BL-263.; Not counted as exact supply by this table.; Quantity range: 10-10; Source: https://buddy.farm/i/raffle-ticket/; Page data: https://buddy.farm/page-data/i/raffle-ticket/page-data.json; Cache: raffle-ticket__raffle-ticket.json; Parser: buddy-item-multi-source-v1
Ramjoram's Mask,ramjoram's mask,Friendship Bag 01,friendship bag 01,openable,openable,https://buddy.farm/i/ramjoram-s-mask/,Promoted as advisory source hint from complete cached Buddy page-data fan-out for BL-263.; Not counted as exact supply by this table.; Quantity range: 1-3; Source: https://buddy.farm/i/ramjoram-s-mask/; Page data: https://buddy.farm/page-data/i/ramjoram-s-mask/page-data.json; Cache: ramjoram-s-mask__ramjoram-s-mask.json; Parser: buddy-item-multi-source-v1
Raptor Claw,raptor claw,Borgen Bag 01,borgen bag 01,openable,openable,https://buddy.farm/i/raptor-claw/,Promoted as advisory source hint from complete cached Buddy page-data fan-out for BL-263.; Not counted as exact supply by this table.; Quantity range: 10-100; Source: https://buddy.farm/i/raptor-claw/; Page data: https://buddy.farm/page-data/i/raptor-claw/page-data.json; Cache: raptor-claw__raptor-claw.json; Parser: buddy-item-multi-source-v1
Re'taw,re'taw,Frozen Chest 01,frozen chest 01,openable,openable,https://buddy.farm/i/re-taw/,Promoted as advisory source hint from complete cached Buddy page-data fan-out for BL-263.; Not counted as exact supply by this table.; Quantity range: 10-10; Source: https://buddy.farm/i/re-taw/; Page data: https://buddy.farm/page-data/i/re-taw/page-data.json; Cache: re-taw__re-taw.json; Parser: buddy-item-multi-source-v1
Red Dye,red dye,Box of Chocolate 02,box of chocolate 02,openable,openable,https://buddy.farm/i/red-dye/,Promoted as advisory source hint from complete cached Buddy page-data fan-out for BL-263.; Not counted as exact supply by this table.; Quantity range: 5-5; Source: https://buddy.farm/i/red-dye/; Page data: https://buddy.farm/page-data/i/red-dye/page-data.json; Cache: red-dye__red-dye.json; Parser: buddy-item-multi-source-v1
Red Dye,red dye,Summer Basket,summer basket,openable,openable,https://buddy.farm/i/red-dye/,Promoted as advisory source hint from complete cached Buddy page-data fan-out for BL-263.; Not counted as exact supply by this table.; Quantity range: 5-5; Source: https://buddy.farm/i/red-dye/; Page data: https://buddy.farm/page-data/i/red-dye/page-data.json; Cache: red-dye__red-dye.json; Parser: buddy-item-multi-source-v1
Red Rocket,red rocket,Beatrix's Booming Brawl Box 02,beatrix's booming brawl box 02,openable,openable,https://buddy.farm/i/red-rocket/,Promoted as advisory source hint from complete cached Buddy page-data fan-out for BL-263.; Not counted as exact supply by this table.; Quantity range: 2-2; Source: https://buddy.farm/i/red-rocket/; Page data: https://buddy.farm/page-data/i/red-rocket/page-data.json; Cache: red-rocket__red-rocket.json; Parser: buddy-item-multi-source-v1
Red Shield,red shield,Box of Chocolate 02,box of chocolate 02,openable,openable,https://buddy.farm/i/red-shield/,Promoted as advisory source hint from complete cached Buddy page-data fan-out for BL-263.; Not counted as exact supply by this table.; Quantity range: 3-3; Source: https://buddy.farm/i/red-shield/; Page data: https://buddy.farm/page-data/i/red-shield/page-data.json; Cache: red-shield__red-shield.json; Parser: buddy-item-multi-source-v1
Red Shield,red shield,Mystical Chest 02,mystical chest 02,openable,openable,https://buddy.farm/i/red-shield/,Promoted as advisory source hint from complete cached Buddy page-data fan-out for BL-263.; Not counted as exact supply by this table.; Quantity range: 3-3; Source: https://buddy.farm/i/red-shield/; Page data: https://buddy.farm/page-data/i/red-shield/page-data.json; Cache: red-shield__red-shield.json; Parser: buddy-item-multi-source-v1
Red Shield,red shield,Red Dye,red dye,wishing_well,Wishing Well throw,https://buddy.farm/i/red-shield/,Promoted as advisory source hint from complete cached Buddy page-data fan-out for BL-263.; Not counted as exact supply by this table.; Reward chance: 0.3333333333333333; Candidate flags: reverse_relation; reward_quantity_defaulted; Reverse Wishing Well relation from reward page; candidate export defaults quantity to 1 for review.; Source: https://buddy.farm/i/red-shield/; Page data: https://buddy.farm/page-data/i/red-shield/page-data.json; Cache: red-shield__red-shield.json; Parser: buddy-item-multi-source-v1
Refined Corn Quartz,refined corn quartz,Friendship Bag 01,friendship bag 01,openable,openable,https://buddy.farm/i/refined-corn-quartz/,Promoted as advisory source hint from complete cached Buddy page-data fan-out for BL-263.; Not counted as exact supply by this table.; Quantity range: 1-3; Source: https://buddy.farm/i/refined-corn-quartz/; Page data: https://buddy.farm/page-data/i/refined-corn-quartz/page-data.json; Cache: refined-corn-quartz__refined-corn-quartz.json; Parser: buddy-item-multi-source-v1
Reindeer Headband,reindeer headband,Fancy Present,fancy present,openable,openable,https://buddy.farm/i/reindeer-headband/,Promoted as advisory source hint from complete cached Buddy page-data fan-out for BL-263.; Not counted as exact supply by this table.; Quantity range: 2-2; Source: https://buddy.farm/i/reindeer-headband/; Page data: https://buddy.farm/page-data/i/reindeer-headband/page-data.json; Cache: reindeer-headband__reindeer-headband.json; Parser: buddy-item-multi-source-v1
Rope,rope,Small Chest 02,small chest 02,openable,openable,https://buddy.farm/i/rope/,Promoted as advisory source hint from complete cached Buddy page-data fan-out for BL-263.; Not counted as exact supply by this table.; Quantity range: 10-10; Source: https://buddy.farm/i/rope/; Page data: https://buddy.farm/page-data/i/rope/page-data.json; Cache: rope__rope.json; Parser: buddy-item-multi-source-v1
Rosalie's Beach Tote,rosalie's beach tote,Birthday Surprise Box 04,birthday surprise box 04,openable,openable,https://buddy.farm/i/rosalie-s-beach-tote/,Promoted as advisory source hint from complete cached Buddy page-data fan-out for BL-263.; Not counted as exact supply by this table.; Quantity range: 1-2; Source: https://buddy.farm/i/rosalie-s-beach-tote/; Page data: https://buddy.farm/page-data/i/rosalie-s-beach-tote/page-data.json; Cache: rosalie-s-beach-tote__rosalie-s-beach-tote.json; Parser: buddy-item-multi-source-v1
Rosalie's Beach Tote,rosalie's beach tote,Birthday Surprise Box 05,birthday surprise box 05,openable,openable,https://buddy.farm/i/rosalie-s-beach-tote/,Promoted as advisory source hint from complete cached Buddy page-data fan-out for BL-263.; Not counted as exact supply by this table.; Quantity range: 1-2; Source: https://buddy.farm/i/rosalie-s-beach-tote/; Page data: https://buddy.farm/page-data/i/rosalie-s-beach-tote/page-data.json; Cache: rosalie-s-beach-tote__rosalie-s-beach-tote.json; Parser: buddy-item-multi-source-v1
Rubber Duckie,rubber duckie,Cutlass,cutlass,wishing_well,Wishing Well throw,https://buddy.farm/i/rubber-duckie/,Promoted as advisory source hint from complete cached Buddy page-data fan-out for BL-263.; Not counted as exact supply by this table.; Reward chance: 0.3333333333333333; Candidate flags: reverse_relation; reward_quantity_defaulted; Reverse Wishing Well relation from reward page; candidate export defaults quantity to 1 for review.; Source: https://buddy.farm/i/rubber-duckie/; Page data: https://buddy.farm/page-data/i/rubber-duckie/page-data.json; Cache: rubber-duckie__rubber-duckie.json; Parser: buddy-item-multi-source-v1
Ruby,ruby,Christmas Present 10,christmas present 10,openable,openable,https://buddy.farm/i/ruby/,Promoted as advisory source hint from complete cached Buddy page-data fan-out for BL-263.; Not counted as exact supply by this table.; Quantity range: 100-100; Source: https://buddy.farm/i/ruby/; Page data: https://buddy.farm/page-data/i/ruby/page-data.json; Cache: ruby__ruby.json; Parser: buddy-item-multi-source-v1
Ruby,ruby,Large Chest 01,large chest 01,openable,openable,https://buddy.farm/i/ruby/,Promoted as advisory source hint from complete cached Buddy page-data fan-out for BL-263.; Not counted as exact supply by this table.; Quantity range: 50-50; Source: https://buddy.farm/i/ruby/; Page data: https://buddy.farm/page-data/i/ruby/page-data.json; Cache: ruby__ruby.json; Parser: buddy-item-multi-source-v1
Ruby,ruby,Small Chest 01,small chest 01,openable,openable,https://buddy.farm/i/ruby/,Promoted as advisory source hint from complete cached Buddy page-data fan-out for BL-263.; Not counted as exact supply by this table.; Quantity range: 10-10; Source: https://buddy.farm/i/ruby/; Page data: https://buddy.farm/page-data/i/ruby/page-data.json; Cache: ruby__ruby.json; Parser: buddy-item-multi-source-v1
Ruby,ruby,Aquamarine,aquamarine,wishing_well,Wishing Well throw,https://buddy.farm/i/ruby/,Promoted as advisory source hint from complete cached Buddy page-data fan-out for BL-263.; Not counted as exact supply by this table.; Reward chance: 0.25; Candidate flags: reverse_relation; reward_quantity_defaulted; Reverse Wishing Well relation from reward page; candidate export defaults quantity to 1 for review.; Source: https://buddy.farm/i/ruby/; Page data: https://buddy.farm/page-data/i/ruby/page-data.json; Cache: ruby__ruby.json; Parser: buddy-item-multi-source-v1
Ruby,ruby,Jade,jade,wishing_well,Wishing Well throw,https://buddy.farm/i/ruby/,Promoted as advisory source hint from complete cached Buddy page-data fan-out for BL-263.; Not counted as exact supply by this table.; Reward chance: 0.25; Candidate flags: reverse_relation; reward_quantity_defaulted; Reverse Wishing Well relation from reward page; candidate export defaults quantity to 1 for review.; Source: https://buddy.farm/i/ruby/; Page data: https://buddy.farm/page-data/i/ruby/page-data.json; Cache: ruby__ruby.json; Parser: buddy-item-multi-source-v1
Ruby Ring,ruby ring,Medium Chest 02,medium chest 02,openable,openable,https://buddy.farm/i/ruby-ring/,Promoted as advisory source hint from complete cached Buddy page-data fan-out for BL-263.; Not counted as exact supply by this table.; Quantity range: 5-5; Source: https://buddy.farm/i/ruby-ring/; Page data: https://buddy.farm/page-data/i/ruby-ring/page-data.json; Cache: ruby-ring__ruby-ring.json; Parser: buddy-item-multi-source-v1
Ruby Scorpion,ruby scorpion,Bug Bag 01,bug bag 01,openable,openable,https://buddy.farm/i/ruby-scorpion/,Promoted as advisory source hint from complete cached Buddy page-data fan-out for BL-263.; Not counted as exact supply by this table.; Quantity range: 1-10; Source: https://buddy.farm/i/ruby-scorpion/; Page data: https://buddy.farm/page-data/i/ruby-scorpion/page-data.json; Cache: ruby-scorpion__ruby-scorpion.json; Parser: buddy-item-multi-source-v1
Rudolph Buddy Doll,rudolph buddy doll,Buddy Doll Bag 01,buddy doll bag 01,openable,openable,https://buddy.farm/i/rudolph-buddy-doll/,Promoted as advisory source hint from complete cached Buddy page-data fan-out for BL-263.; Not counted as exact supply by this table.; Quantity range: 1-1; Source: https://buddy.farm/i/rudolph-buddy-doll/; Page data: https://buddy.farm/page-data/i/rudolph-buddy-doll/page-data.json; Cache: rudolph-buddy-doll__rudolph-buddy-doll.json; Parser: buddy-item-multi-source-v1
Runestone 01,runestone 01,Grab Bag 04,grab bag 04,openable,openable,https://buddy.farm/i/runestone-01/,Promoted as advisory source hint from complete cached Buddy page-data fan-out for BL-263.; Not counted as exact supply by this table.; Quantity range: 1-2; Source: https://buddy.farm/i/runestone-01/; Page data: https://buddy.farm/page-data/i/runestone-01/page-data.json; Cache: runestone-01__runestone-01.json; Parser: buddy-item-multi-source-v1
Runestone 01,runestone 01,Eye Patch,eye patch,wishing_well,Wishing Well throw,https://buddy.farm/i/runestone-01/,Promoted as advisory source hint from complete cached Buddy page-data fan-out for BL-263.; Not counted as exact supply by this table.; Reward chance: 0.25; Candidate flags: reverse_relation; reward_quantity_defaulted; Reverse Wishing Well relation from reward page; candidate export defaults quantity to 1 for review.; Source: https://buddy.farm/i/runestone-01/; Page data: https://buddy.farm/page-data/i/runestone-01/page-data.json; Cache: runestone-01__runestone-01.json; Parser: buddy-item-multi-source-v1
Runestone 01,runestone 01,Gold Peppers,gold peppers,wishing_well,Wishing Well throw,https://buddy.farm/i/runestone-01/,Promoted as advisory source hint from complete cached Buddy page-data fan-out for BL-263.; Not counted as exact supply by this table.; Reward chance: 0.2; Candidate flags: reverse_relation; reward_quantity_defaulted; Reverse Wishing Well relation from reward page; candidate export defaults quantity to 1 for review.; Source: https://buddy.farm/i/runestone-01/; Page data: https://buddy.farm/page-data/i/runestone-01/page-data.json; Cache: runestone-01__runestone-01.json; Parser: buddy-item-multi-source-v1
Runestone 01,runestone 01,Magicite,magicite,wishing_well,Wishing Well throw,https://buddy.farm/i/runestone-01/,Promoted as advisory source hint from complete cached Buddy page-data fan-out for BL-263.; Not counted as exact supply by this table.; Reward chance: 0.25; Candidate flags: reverse_relation; reward_quantity_defaulted; Reverse Wishing Well relation from reward page; candidate export defaults quantity to 1 for review.; Source: https://buddy.farm/i/runestone-01/; Page data: https://buddy.farm/page-data/i/runestone-01/page-data.json; Cache: runestone-01__runestone-01.json; Parser: buddy-item-multi-source-v1
Runestone 01,runestone 01,Moonstone,moonstone,wishing_well,Wishing Well throw,https://buddy.farm/i/runestone-01/,Promoted as advisory source hint from complete cached Buddy page-data fan-out for BL-263.; Not counted as exact supply by this table.; Reward chance: 0.25; Candidate flags: reverse_relation; reward_quantity_defaulted; Reverse Wishing Well relation from reward page; candidate export defaults quantity to 1 for review.; Source: https://buddy.farm/i/runestone-01/; Page data: https://buddy.farm/page-data/i/runestone-01/page-data.json; Cache: runestone-01__runestone-01.json; Parser: buddy-item-multi-source-v1
Runestone 01,runestone 01,Runestone 02,runestone 02,wishing_well,Wishing Well throw,https://buddy.farm/i/runestone-01/,Promoted as advisory source hint from complete cached Buddy page-data fan-out for BL-263.; Not counted as exact supply by this table.; Reward chance: 0.25; Candidate flags: reverse_relation; reward_quantity_defaulted; Reverse Wishing Well relation from reward page; candidate export defaults quantity to 1 for review.; Source: https://buddy.farm/i/runestone-01/; Page data: https://buddy.farm/page-data/i/runestone-01/page-data.json; Cache: runestone-01__runestone-01.json; Parser: buddy-item-multi-source-v1
Runestone 02,runestone 02,Grab Bag 04,grab bag 04,openable,openable,https://buddy.farm/i/runestone-02/,Promoted as advisory source hint from complete cached Buddy page-data fan-out for BL-263.; Not counted as exact supply by this table.; Quantity range: 1-2; Source: https://buddy.farm/i/runestone-02/; Page data: https://buddy.farm/page-data/i/runestone-02/page-data.json; Cache: runestone-02__runestone-02.json; Parser: buddy-item-multi-source-v1
Runestone 02,runestone 02,Eye Patch,eye patch,wishing_well,Wishing Well throw,https://buddy.farm/i/runestone-02/,Promoted as advisory source hint from complete cached Buddy page-data fan-out for BL-263.; Not counted as exact supply by this table.; Reward chance: 0.25; Candidate flags: reverse_relation; reward_quantity_defaulted; Reverse Wishing Well relation from reward page; candidate export defaults quantity to 1 for review.; Source: https://buddy.farm/i/runestone-02/; Page data: https://buddy.farm/page-data/i/runestone-02/page-data.json; Cache: runestone-02__runestone-02.json; Parser: buddy-item-multi-source-v1
Runestone 02,runestone 02,Magicite,magicite,wishing_well,Wishing Well throw,https://buddy.farm/i/runestone-02/,Promoted as advisory source hint from complete cached Buddy page-data fan-out for BL-263.; Not counted as exact supply by this table.; Reward chance: 0.25; Candidate flags: reverse_relation; reward_quantity_defaulted; Reverse Wishing Well relation from reward page; candidate export defaults quantity to 1 for review.; Source: https://buddy.farm/i/runestone-02/; Page data: https://buddy.farm/page-data/i/runestone-02/page-data.json; Cache: runestone-02__runestone-02.json; Parser: buddy-item-multi-source-v1
Runestone 02,runestone 02,Moonstone,moonstone,wishing_well,Wishing Well throw,https://buddy.farm/i/runestone-02/,Promoted as advisory source hint from complete cached Buddy page-data fan-out for BL-263.; Not counted as exact supply by this table.; Reward chance: 0.25; Candidate flags: reverse_relation; reward_quantity_defaulted; Reverse Wishing Well relation from reward page; candidate export defaults quantity to 1 for review.; Source: https://buddy.farm/i/runestone-02/; Page data: https://buddy.farm/page-data/i/runestone-02/page-data.json; Cache: runestone-02__runestone-02.json; Parser: buddy-item-multi-source-v1
Runestone 02,runestone 02,Runestone 01,runestone 01,wishing_well,Wishing Well throw,https://buddy.farm/i/runestone-02/,Promoted as advisory source hint from complete cached Buddy page-data fan-out for BL-263.; Not counted as exact supply by this table.; Reward chance: 0.3333333333333333; Candidate flags: reverse_relation; reward_quantity_defaulted; Reverse Wishing Well relation from reward page; candidate export defaults quantity to 1 for review.; Source: https://buddy.farm/i/runestone-02/; Page data: https://buddy.farm/page-data/i/runestone-02/page-data.json; Cache: runestone-02__runestone-02.json; Parser: buddy-item-multi-source-v1
Runestone 02,runestone 02,Teapot,teapot,wishing_well,Wishing Well throw,https://buddy.farm/i/runestone-02/,Promoted as advisory source hint from complete cached Buddy page-data fan-out for BL-263.; Not counted as exact supply by this table.; Reward chance: 0.14285714285714285; Candidate flags: reverse_relation; reward_quantity_defaulted; Reverse Wishing Well relation from reward page; candidate export defaults quantity to 1 for review.; Source: https://buddy.farm/i/runestone-02/; Page data: https://buddy.farm/page-data/i/runestone-02/page-data.json; Cache: runestone-02__runestone-02.json; Parser: buddy-item-multi-source-v1
Runestone 03,runestone 03,Grab Bag 04,grab bag 04,openable,openable,https://buddy.farm/i/runestone-03/,Promoted as advisory source hint from complete cached Buddy page-data fan-out for BL-263.; Not counted as exact supply by this table.; Quantity range: 1-2; Source: https://buddy.farm/i/runestone-03/; Page data: https://buddy.farm/page-data/i/runestone-03/page-data.json; Cache: runestone-03__runestone-03.json; Parser: buddy-item-multi-source-v1
Runestone 03,runestone 03,Runestone 02,runestone 02,wishing_well,Wishing Well throw,https://buddy.farm/i/runestone-03/,Promoted as advisory source hint from complete cached Buddy page-data fan-out for BL-263.; Not counted as exact supply by this table.; Reward chance: 0.25; Candidate flags: reverse_relation; reward_quantity_defaulted; Reverse Wishing Well relation from reward page; candidate export defaults quantity to 1 for review.; Source: https://buddy.farm/i/runestone-03/; Page data: https://buddy.farm/page-data/i/runestone-03/page-data.json; Cache: runestone-03__runestone-03.json; Parser: buddy-item-multi-source-v1
Runestone 03,runestone 03,Runestone 04,runestone 04,wishing_well,Wishing Well throw,https://buddy.farm/i/runestone-03/,Promoted as advisory source hint from complete cached Buddy page-data fan-out for BL-263.; Not counted as exact supply by this table.; Reward chance: 0.3333333333333333; Candidate flags: reverse_relation; reward_quantity_defaulted; Reverse Wishing Well relation from reward page; candidate export defaults quantity to 1 for review.; Source: https://buddy.farm/i/runestone-03/; Page data: https://buddy.farm/page-data/i/runestone-03/page-data.json; Cache: runestone-03__runestone-03.json; Parser: buddy-item-multi-source-v1
Runestone 04,runestone 04,Bag of Presents 01,bag of presents 01,openable,openable,https://buddy.farm/i/runestone-04/,Promoted as advisory source hint from complete cached Buddy page-data fan-out for BL-263.; Not counted as exact supply by this table.; Quantity range: 1-1; Source: https://buddy.farm/i/runestone-04/; Page data: https://buddy.farm/page-data/i/runestone-04/page-data.json; Cache: runestone-04__runestone-04.json; Parser: buddy-item-multi-source-v1
Runestone 04,runestone 04,Grab Bag 04,grab bag 04,openable,openable,https://buddy.farm/i/runestone-04/,Promoted as advisory source hint from complete cached Buddy page-data fan-out for BL-263.; Not counted as exact supply by this table.; Quantity range: 1-2; Source: https://buddy.farm/i/runestone-04/; Page data: https://buddy.farm/page-data/i/runestone-04/page-data.json; Cache: runestone-04__runestone-04.json; Parser: buddy-item-multi-source-v1
Runestone 04,runestone 04,Runestone 03,runestone 03,wishing_well,Wishing Well throw,https://buddy.farm/i/runestone-04/,Promoted as advisory source hint from complete cached Buddy page-data fan-out for BL-263.; Not counted as exact supply by this table.; Reward chance: 0.3333333333333333; Candidate flags: reverse_relation; reward_quantity_defaulted; Reverse Wishing Well relation from reward page; candidate export defaults quantity to 1 for review.; Source: https://buddy.farm/i/runestone-04/; Page data: https://buddy.farm/page-data/i/runestone-04/page-data.json; Cache: runestone-04__runestone-04.json; Parser: buddy-item-multi-source-v1
Runestone 04,runestone 04,Runestone 05,runestone 05,wishing_well,Wishing Well throw,https://buddy.farm/i/runestone-04/,Promoted as advisory source hint from complete cached Buddy page-data fan-out for BL-263.; Not counted as exact supply by this table.; Reward chance: 0.25; Candidate flags: reverse_relation; reward_quantity_defaulted; Reverse Wishing Well relation from reward page; candidate export defaults quantity to 1 for review.; Source: https://buddy.farm/i/runestone-04/; Page data: https://buddy.farm/page-data/i/runestone-04/page-data.json; Cache: runestone-04__runestone-04.json; Parser: buddy-item-multi-source-v1
Runestone 05,runestone 05,Grab Bag 04,grab bag 04,openable,openable,https://buddy.farm/i/runestone-05/,Promoted as advisory source hint from complete cached Buddy page-data fan-out for BL-263.; Not counted as exact supply by this table.; Quantity range: 1-2; Source: https://buddy.farm/i/runestone-05/; Page data: https://buddy.farm/page-data/i/runestone-05/page-data.json; Cache: runestone-05__runestone-05.json; Parser: buddy-item-multi-source-v1
Runestone 05,runestone 05,Gold Feather,gold feather,wishing_well,Wishing Well throw,https://buddy.farm/i/runestone-05/,Promoted as advisory source hint from complete cached Buddy page-data fan-out for BL-263.; Not counted as exact supply by this table.; Reward chance: 0.3333333333333333; Candidate flags: reverse_relation; reward_quantity_defaulted; Reverse Wishing Well relation from reward page; candidate export defaults quantity to 1 for review.; Source: https://buddy.farm/i/runestone-05/; Page data: https://buddy.farm/page-data/i/runestone-05/page-data.json; Cache: runestone-05__runestone-05.json; Parser: buddy-item-multi-source-v1
Runestone 05,runestone 05,Runestone 03,runestone 03,wishing_well,Wishing Well throw,https://buddy.farm/i/runestone-05/,Promoted as advisory source hint from complete cached Buddy page-data fan-out for BL-263.; Not counted as exact supply by this table.; Reward chance: 0.3333333333333333; Candidate flags: reverse_relation; reward_quantity_defaulted; Reverse Wishing Well relation from reward page; candidate export defaults quantity to 1 for review.; Source: https://buddy.farm/i/runestone-05/; Page data: https://buddy.farm/page-data/i/runestone-05/page-data.json; Cache: runestone-05__runestone-05.json; Parser: buddy-item-multi-source-v1
Runestone 05,runestone 05,Shiny Beetle,shiny beetle,wishing_well,Wishing Well throw,https://buddy.farm/i/runestone-05/,Promoted as advisory source hint from complete cached Buddy page-data fan-out for BL-263.; Not counted as exact supply by this table.; Reward chance: 0.25; Candidate flags: reverse_relation; reward_quantity_defaulted; Reverse Wishing Well relation from reward page; candidate export defaults quantity to 1 for review.; Source: https://buddy.farm/i/runestone-05/; Page data: https://buddy.farm/page-data/i/runestone-05/page-data.json; Cache: runestone-05__runestone-05.json; Parser: buddy-item-multi-source-v1
Runestone 06,runestone 06,Grab Bag 04,grab bag 04,openable,openable,https://buddy.farm/i/runestone-06/,Promoted as advisory source hint from complete cached Buddy page-data fan-out for BL-263.; Not counted as exact supply by this table.; Quantity range: 1-2; Source: https://buddy.farm/i/runestone-06/; Page data: https://buddy.farm/page-data/i/runestone-06/page-data.json; Cache: runestone-06__runestone-06.json; Parser: buddy-item-multi-source-v1
Runestone 06,runestone 06,Horned Beetle,horned beetle,wishing_well,Wishing Well throw,https://buddy.farm/i/runestone-06/,Promoted as advisory source hint from complete cached Buddy page-data fan-out for BL-263.; Not counted as exact supply by this table.; Reward chance: 0.25; Candidate flags: reverse_relation; reward_quantity_defaulted; Reverse Wishing Well relation from reward page; candidate export defaults quantity to 1 for review.; Source: https://buddy.farm/i/runestone-06/; Page data: https://buddy.farm/page-data/i/runestone-06/page-data.json; Cache: runestone-06__runestone-06.json; Parser: buddy-item-multi-source-v1
Runestone 06,runestone 06,Runestone 05,runestone 05,wishing_well,Wishing Well throw,https://buddy.farm/i/runestone-06/,Promoted as advisory source hint from complete cached Buddy page-data fan-out for BL-263.; Not counted as exact supply by this table.; Reward chance: 0.25; Candidate flags: reverse_relation; reward_quantity_defaulted; Reverse Wishing Well relation from reward page; candidate export defaults quantity to 1 for review.; Source: https://buddy.farm/i/runestone-06/; Page data: https://buddy.farm/page-data/i/runestone-06/page-data.json; Cache: runestone-06__runestone-06.json; Parser: buddy-item-multi-source-v1
Runestone 06,runestone 06,Runestone 10,runestone 10,wishing_well,Wishing Well throw,https://buddy.farm/i/runestone-06/,Promoted as advisory source hint from complete cached Buddy page-data fan-out for BL-263.; Not counted as exact supply by this table.; Reward chance: 0.3333333333333333; Candidate flags: reverse_relation; reward_quantity_defaulted; Reverse Wishing Well relation from reward page; candidate export defaults quantity to 1 for review.; Source: https://buddy.farm/i/runestone-06/; Page data: https://buddy.farm/page-data/i/runestone-06/page-data.json; Cache: runestone-06__runestone-06.json; Parser: buddy-item-multi-source-v1
Runestone 07,runestone 07,Grab Bag 04,grab bag 04,openable,openable,https://buddy.farm/i/runestone-07/,Promoted as advisory source hint from complete cached Buddy page-data fan-out for BL-263.; Not counted as exact supply by this table.; Quantity range: 1-2; Source: https://buddy.farm/i/runestone-07/; Page data: https://buddy.farm/page-data/i/runestone-07/page-data.json; Cache: runestone-07__runestone-07.json; Parser: buddy-item-multi-source-v1
Runestone 07,runestone 07,Giant Centipede,giant centipede,wishing_well,Wishing Well throw,https://buddy.farm/i/runestone-07/,Promoted as advisory source hint from complete cached Buddy page-data fan-out for BL-263.; Not counted as exact supply by this table.; Reward chance: 0.25; Candidate flags: reverse_relation; reward_quantity_defaulted; Reverse Wishing Well relation from reward page; candidate export defaults quantity to 1 for review.; Source: https://buddy.farm/i/runestone-07/; Page data: https://buddy.farm/page-data/i/runestone-07/page-data.json; Cache: runestone-07__runestone-07.json; Parser: buddy-item-multi-source-v1
Runestone 07,runestone 07,Gold Leaf,gold leaf,wishing_well,Wishing Well throw,https://buddy.farm/i/runestone-07/,Promoted as advisory source hint from complete cached Buddy page-data fan-out for BL-263.; Not counted as exact supply by this table.; Reward chance: 0.3333333333333333; Candidate flags: reverse_relation; reward_quantity_defaulted; Reverse Wishing Well relation from reward page; candidate export defaults quantity to 1 for review.; Source: https://buddy.farm/i/runestone-07/; Page data: https://buddy.farm/page-data/i/runestone-07/page-data.json; Cache: runestone-07__runestone-07.json; Parser: buddy-item-multi-source-v1
Runestone 07,runestone 07,Moonstone,moonstone,wishing_well,Wishing Well throw,https://buddy.farm/i/runestone-07/,Promoted as advisory source hint from complete cached Buddy page-data fan-out for BL-263.; Not counted as exact supply by this table.; Reward chance: 0.25; Candidate flags: reverse_relation; reward_quantity_defaulted; Reverse Wishing Well relation from reward page; candidate export defaults quantity to 1 for review.; Source: https://buddy.farm/i/runestone-07/; Page data: https://buddy.farm/page-data/i/runestone-07/page-data.json; Cache: runestone-07__runestone-07.json; Parser: buddy-item-multi-source-v1
Runestone 07,runestone 07,Runestone 06,runestone 06,wishing_well,Wishing Well throw,https://buddy.farm/i/runestone-07/,Promoted as advisory source hint from complete cached Buddy page-data fan-out for BL-263.; Not counted as exact supply by this table.; Reward chance: 0.25; Candidate flags: reverse_relation; reward_quantity_defaulted; Reverse Wishing Well relation from reward page; candidate export defaults quantity to 1 for review.; Source: https://buddy.farm/i/runestone-07/; Page data: https://buddy.farm/page-data/i/runestone-07/page-data.json; Cache: runestone-07__runestone-07.json; Parser: buddy-item-multi-source-v1
Runestone 08,runestone 08,Grab Bag 04,grab bag 04,openable,openable,https://buddy.farm/i/runestone-08/,Promoted as advisory source hint from complete cached Buddy page-data fan-out for BL-263.; Not counted as exact supply by this table.; Quantity range: 1-2; Source: https://buddy.farm/i/runestone-08/; Page data: https://buddy.farm/page-data/i/runestone-08/page-data.json; Cache: runestone-08__runestone-08.json; Parser: buddy-item-multi-source-v1
Runestone 08,runestone 08,Fire Ant,fire ant,wishing_well,Wishing Well throw,https://buddy.farm/i/runestone-08/,Promoted as advisory source hint from complete cached Buddy page-data fan-out for BL-263.; Not counted as exact supply by this table.; Reward chance: 0.25; Candidate flags: reverse_relation; reward_quantity_defaulted; Reverse Wishing Well relation from reward page; candidate export defaults quantity to 1 for review.; Source: https://buddy.farm/i/runestone-08/; Page data: https://buddy.farm/page-data/i/runestone-08/page-data.json; Cache: runestone-08__runestone-08.json; Parser: buddy-item-multi-source-v1
Runestone 08,runestone 08,Runestone 07,runestone 07,wishing_well,Wishing Well throw,https://buddy.farm/i/runestone-08/,Promoted as advisory source hint from complete cached Buddy page-data fan-out for BL-263.; Not counted as exact supply by this table.; Reward chance: 0.3333333333333333; Candidate flags: reverse_relation; reward_quantity_defaulted; Reverse Wishing Well relation from reward page; candidate export defaults quantity to 1 for review.; Source: https://buddy.farm/i/runestone-08/; Page data: https://buddy.farm/page-data/i/runestone-08/page-data.json; Cache: runestone-08__runestone-08.json; Parser: buddy-item-multi-source-v1
Runestone 08,runestone 08,Runestone 09,runestone 09,wishing_well,Wishing Well throw,https://buddy.farm/i/runestone-08/,Promoted as advisory source hint from complete cached Buddy page-data fan-out for BL-263.; Not counted as exact supply by this table.; Reward chance: 0.3333333333333333; Candidate flags: reverse_relation; reward_quantity_defaulted; Reverse Wishing Well relation from reward page; candidate export defaults quantity to 1 for review.; Source: https://buddy.farm/i/runestone-08/; Page data: https://buddy.farm/page-data/i/runestone-08/page-data.json; Cache: runestone-08__runestone-08.json; Parser: buddy-item-multi-source-v1
Runestone 08,runestone 08,Runestone 10,runestone 10,wishing_well,Wishing Well throw,https://buddy.farm/i/runestone-08/,Promoted as advisory source hint from complete cached Buddy page-data fan-out for BL-263.; Not counted as exact supply by this table.; Reward chance: 0.3333333333333333; Candidate flags: reverse_relation; reward_quantity_defaulted; Reverse Wishing Well relation from reward page; candidate export defaults quantity to 1 for review.; Source: https://buddy.farm/i/runestone-08/; Page data: https://buddy.farm/page-data/i/runestone-08/page-data.json; Cache: runestone-08__runestone-08.json; Parser: buddy-item-multi-source-v1
Runestone 09,runestone 09,Grab Bag 04,grab bag 04,openable,openable,https://buddy.farm/i/runestone-09/,Promoted as advisory source hint from complete cached Buddy page-data fan-out for BL-263.; Not counted as exact supply by this table.; Quantity range: 1-2; Source: https://buddy.farm/i/runestone-09/; Page data: https://buddy.farm/page-data/i/runestone-09/page-data.json; Cache: runestone-09__runestone-09.json; Parser: buddy-item-multi-source-v1
Runestone 09,runestone 09,Caterpillar,caterpillar,wishing_well,Wishing Well throw,https://buddy.farm/i/runestone-09/,Promoted as advisory source hint from complete cached Buddy page-data fan-out for BL-263.; Not counted as exact supply by this table.; Reward chance: 0.25; Candidate flags: reverse_relation; reward_quantity_defaulted; Reverse Wishing Well relation from reward page; candidate export defaults quantity to 1 for review.; Source: https://buddy.farm/i/runestone-09/; Page data: https://buddy.farm/page-data/i/runestone-09/page-data.json; Cache: runestone-09__runestone-09.json; Parser: buddy-item-multi-source-v1
Runestone 09,runestone 09,Runestone 08,runestone 08,wishing_well,Wishing Well throw,https://buddy.farm/i/runestone-09/,Promoted as advisory source hint from complete cached Buddy page-data fan-out for BL-263.; Not counted as exact supply by this table.; Reward chance: 0.3333333333333333; Candidate flags: reverse_relation; reward_quantity_defaulted; Reverse Wishing Well relation from reward page; candidate export defaults quantity to 1 for review.; Source: https://buddy.farm/i/runestone-09/; Page data: https://buddy.farm/page-data/i/runestone-09/page-data.json; Cache: runestone-09__runestone-09.json; Parser: buddy-item-multi-source-v1
Runestone 09,runestone 09,Runestone 10,runestone 10,wishing_well,Wishing Well throw,https://buddy.farm/i/runestone-09/,Promoted as advisory source hint from complete cached Buddy page-data fan-out for BL-263.; Not counted as exact supply by this table.; Reward chance: 0.3333333333333333; Candidate flags: reverse_relation; reward_quantity_defaulted; Reverse Wishing Well relation from reward page; candidate export defaults quantity to 1 for review.; Source: https://buddy.farm/i/runestone-09/; Page data: https://buddy.farm/page-data/i/runestone-09/page-data.json; Cache: runestone-09__runestone-09.json; Parser: buddy-item-multi-source-v1
Runestone 10,runestone 10,Grab Bag 04,grab bag 04,openable,openable,https://buddy.farm/i/runestone-10/,Promoted as advisory source hint from complete cached Buddy page-data fan-out for BL-263.; Not counted as exact supply by this table.; Quantity range: 1-2; Source: https://buddy.farm/i/runestone-10/; Page data: https://buddy.farm/page-data/i/runestone-10/page-data.json; Cache: runestone-10__runestone-10.json; Parser: buddy-item-multi-source-v1
Runestone 10,runestone 10,Runestone 06,runestone 06,wishing_well,Wishing Well throw,https://buddy.farm/i/runestone-10/,Promoted as advisory source hint from complete cached Buddy page-data fan-out for BL-263.; Not counted as exact supply by this table.; Reward chance: 0.25; Candidate flags: reverse_relation; reward_quantity_defaulted; Reverse Wishing Well relation from reward page; candidate export defaults quantity to 1 for review.; Source: https://buddy.farm/i/runestone-10/; Page data: https://buddy.farm/page-data/i/runestone-10/page-data.json; Cache: runestone-10__runestone-10.json; Parser: buddy-item-multi-source-v1
Runestone 10,runestone 10,Runestone 07,runestone 07,wishing_well,Wishing Well throw,https://buddy.farm/i/runestone-10/,Promoted as advisory source hint from complete cached Buddy page-data fan-out for BL-263.; Not counted as exact supply by this table.; Reward chance: 0.3333333333333333; Candidate flags: reverse_relation; reward_quantity_defaulted; Reverse Wishing Well relation from reward page; candidate export defaults quantity to 1 for review.; Source: https://buddy.farm/i/runestone-10/; Page data: https://buddy.farm/page-data/i/runestone-10/page-data.json; Cache: runestone-10__runestone-10.json; Parser: buddy-item-multi-source-v1
Runestone 10,runestone 10,Runestone 08,runestone 08,wishing_well,Wishing Well throw,https://buddy.farm/i/runestone-10/,Promoted as advisory source hint from complete cached Buddy page-data fan-out for BL-263.; Not counted as exact supply by this table.; Reward chance: 0.3333333333333333; Candidate flags: reverse_relation; reward_quantity_defaulted; Reverse Wishing Well relation from reward page; candidate export defaults quantity to 1 for review.; Source: https://buddy.farm/i/runestone-10/; Page data: https://buddy.farm/page-data/i/runestone-10/page-data.json; Cache: runestone-10__runestone-10.json; Parser: buddy-item-multi-source-v1
Runestone 10,runestone 10,Runestone 09,runestone 09,wishing_well,Wishing Well throw,https://buddy.farm/i/runestone-10/,Promoted as advisory source hint from complete cached Buddy page-data fan-out for BL-263.; Not counted as exact supply by this table.; Reward chance: 0.3333333333333333; Candidate flags: reverse_relation; reward_quantity_defaulted; Reverse Wishing Well relation from reward page; candidate export defaults quantity to 1 for review.; Source: https://buddy.farm/i/runestone-10/; Page data: https://buddy.farm/page-data/i/runestone-10/page-data.json; Cache: runestone-10__runestone-10.json; Parser: buddy-item-multi-source-v1
Runestone 10,runestone 10,Snail,snail,wishing_well,Wishing Well throw,https://buddy.farm/i/runestone-10/,Promoted as advisory source hint from complete cached Buddy page-data fan-out for BL-263.; Not counted as exact supply by this table.; Reward chance: 0.25; Candidate flags: reverse_relation; reward_quantity_defaulted; Reverse Wishing Well relation from reward page; candidate export defaults quantity to 1 for review.; Source: https://buddy.farm/i/runestone-10/; Page data: https://buddy.farm/page-data/i/runestone-10/page-data.json; Cache: runestone-10__runestone-10.json; Parser: buddy-item-multi-source-v1
Runestone 11,runestone 11,Corn Prize Bag,corn prize bag,openable,openable,https://buddy.farm/i/runestone-11/,Promoted as advisory source hint from complete cached Buddy page-data fan-out for BL-263.; Not counted as exact supply by this table.; Quantity range: 1-1; Source: https://buddy.farm/i/runestone-11/; Page data: https://buddy.farm/page-data/i/runestone-11/page-data.json; Cache: runestone-11__runestone-11.json; Parser: buddy-item-multi-source-v1
Runestone 11,runestone 11,Grab Bag 05,grab bag 05,openable,openable,https://buddy.farm/i/runestone-11/,Promoted as advisory source hint from complete cached Buddy page-data fan-out for BL-263.; Not counted as exact supply by this table.; Quantity range: 1-2; Source: https://buddy.farm/i/runestone-11/; Page data: https://buddy.farm/page-data/i/runestone-11/page-data.json; Cache: runestone-11__runestone-11.json; Parser: buddy-item-multi-source-v1
Runestone 12,runestone 12,Grab Bag 05,grab bag 05,openable,openable,https://buddy.farm/i/runestone-12/,Promoted as advisory source hint from complete cached Buddy page-data fan-out for BL-263.; Not counted as exact supply by this table.; Quantity range: 1-2; Source: https://buddy.farm/i/runestone-12/; Page data: https://buddy.farm/page-data/i/runestone-12/page-data.json; Cache: runestone-12__runestone-12.json; Parser: buddy-item-multi-source-v1
Runestone 13,runestone 13,Grab Bag 05,grab bag 05,openable,openable,https://buddy.farm/i/runestone-13/,Promoted as advisory source hint from complete cached Buddy page-data fan-out for BL-263.; Not counted as exact supply by this table.; Quantity range: 1-2; Source: https://buddy.farm/i/runestone-13/; Page data: https://buddy.farm/page-data/i/runestone-13/page-data.json; Cache: runestone-13__runestone-13.json; Parser: buddy-item-multi-source-v1
Runestone 14,runestone 14,Grab Bag 05,grab bag 05,openable,openable,https://buddy.farm/i/runestone-14/,Promoted as advisory source hint from complete cached Buddy page-data fan-out for BL-263.; Not counted as exact supply by this table.; Quantity range: 1-2; Source: https://buddy.farm/i/runestone-14/; Page data: https://buddy.farm/page-data/i/runestone-14/page-data.json; Cache: runestone-14__runestone-14.json; Parser: buddy-item-multi-source-v1
Runestone 15,runestone 15,Grab Bag 05,grab bag 05,openable,openable,https://buddy.farm/i/runestone-15/,Promoted as advisory source hint from complete cached Buddy page-data fan-out for BL-263.; Not counted as exact supply by this table.; Quantity range: 1-2; Source: https://buddy.farm/i/runestone-15/; Page data: https://buddy.farm/page-data/i/runestone-15/page-data.json; Cache: runestone-15__runestone-15.json; Parser: buddy-item-multi-source-v1
Runestone 16,runestone 16,Grab Bag 05,grab bag 05,openable,openable,https://buddy.farm/i/runestone-16/,Promoted as advisory source hint from complete cached Buddy page-data fan-out for BL-263.; Not counted as exact supply by this table.; Quantity range: 1-2; Source: https://buddy.farm/i/runestone-16/; Page data: https://buddy.farm/page-data/i/runestone-16/page-data.json; Cache: runestone-16__runestone-16.json; Parser: buddy-item-multi-source-v1
Runestone 17,runestone 17,Grab Bag 05,grab bag 05,openable,openable,https://buddy.farm/i/runestone-17/,Promoted as advisory source hint from complete cached Buddy page-data fan-out for BL-263.; Not counted as exact supply by this table.; Quantity range: 1-2; Source: https://buddy.farm/i/runestone-17/; Page data: https://buddy.farm/page-data/i/runestone-17/page-data.json; Cache: runestone-17__runestone-17.json; Parser: buddy-item-multi-source-v1
Runestone 18,runestone 18,Bag of Presents 01,bag of presents 01,openable,openable,https://buddy.farm/i/runestone-18/,Promoted as advisory source hint from complete cached Buddy page-data fan-out for BL-263.; Not counted as exact supply by this table.; Quantity range: 1-1; Source: https://buddy.farm/i/runestone-18/; Page data: https://buddy.farm/page-data/i/runestone-18/page-data.json; Cache: runestone-18__runestone-18.json; Parser: buddy-item-multi-source-v1
Runestone 18,runestone 18,Grab Bag 05,grab bag 05,openable,openable,https://buddy.farm/i/runestone-18/,Promoted as advisory source hint from complete cached Buddy page-data fan-out for BL-263.; Not counted as exact supply by this table.; Quantity range: 1-2; Source: https://buddy.farm/i/runestone-18/; Page data: https://buddy.farm/page-data/i/runestone-18/page-data.json; Cache: runestone-18__runestone-18.json; Parser: buddy-item-multi-source-v1
Runestone 19,runestone 19,Grab Bag 05,grab bag 05,openable,openable,https://buddy.farm/i/runestone-19/,Promoted as advisory source hint from complete cached Buddy page-data fan-out for BL-263.; Not counted as exact supply by this table.; Quantity range: 1-2; Source: https://buddy.farm/i/runestone-19/; Page data: https://buddy.farm/page-data/i/runestone-19/page-data.json; Cache: runestone-19__runestone-19.json; Parser: buddy-item-multi-source-v1
Runestone 20,runestone 20,Grab Bag 05,grab bag 05,openable,openable,https://buddy.farm/i/runestone-20/,Promoted as advisory source hint from complete cached Buddy page-data fan-out for BL-263.; Not counted as exact supply by this table.; Quantity range: 1-2; Source: https://buddy.farm/i/runestone-20/; Page data: https://buddy.farm/page-data/i/runestone-20/page-data.json; Cache: runestone-20__runestone-20.json; Parser: buddy-item-multi-source-v1
Safety Goggles,safety goggles,Beatrix's Booming Brawl Box 01,beatrix's booming brawl box 01,openable,openable,https://buddy.farm/i/safety-goggles/,Promoted as advisory source hint from complete cached Buddy page-data fan-out for BL-263.; Not counted as exact supply by this table.; Quantity range: 2-2; Source: https://buddy.farm/i/safety-goggles/; Page data: https://buddy.farm/page-data/i/safety-goggles/page-data.json; Cache: safety-goggles__safety-goggles.json; Parser: buddy-item-multi-source-v1
Safety Mask,safety mask,Beatrix's Booming Brawl Box 02,beatrix's booming brawl box 02,openable,openable,https://buddy.farm/i/safety-mask/,Promoted as advisory source hint from complete cached Buddy page-data fan-out for BL-263.; Not counted as exact supply by this table.; Quantity range: 1-1; Source: https://buddy.farm/i/safety-mask/; Page data: https://buddy.farm/page-data/i/safety-mask/page-data.json; Cache: safety-mask__safety-mask.json; Parser: buddy-item-multi-source-v1
Salt,salt,Corn Prize Bag,corn prize bag,openable,openable,https://buddy.farm/i/salt/,Promoted as advisory source hint from complete cached Buddy page-data fan-out for BL-263.; Not counted as exact supply by this table.; Quantity range: 25-25; Source: https://buddy.farm/i/salt/; Page data: https://buddy.farm/page-data/i/salt/page-data.json; Cache: salt__salt.json; Parser: buddy-item-multi-source-v1
Salt,salt,Large Chest 03,large chest 03,openable,openable,https://buddy.farm/i/salt/,Promoted as advisory source hint from complete cached Buddy page-data fan-out for BL-263.; Not counted as exact supply by this table.; Quantity range: 10-10; Source: https://buddy.farm/i/salt/; Page data: https://buddy.farm/page-data/i/salt/page-data.json; Cache: salt__salt.json; Parser: buddy-item-multi-source-v1
Salt Rock,salt rock,Black Rock Canyon,black rock canyon,exploring,explores,https://buddy.farm/l/black-rock-canyon/,Source co-occurrence seed for Black Rock Canyon synergy with Salt.
Sand,sand,Rosalie's Beach Tote,rosalie's beach tote,openable,openable,https://buddy.farm/i/sand/,Promoted as advisory source hint from complete cached Buddy page-data fan-out for BL-263.; Not counted as exact supply by this table.; Quantity range: 1-1; Source: https://buddy.farm/i/sand/; Page data: https://buddy.farm/page-data/i/sand/page-data.json; Cache: sand__sand.json; Parser: buddy-item-multi-source-v1
Sand Castle Bucket,sand castle bucket,Buddy's Beach Bag,buddy's beach bag,openable,openable,https://buddy.farm/i/sand-castle-bucket/,Promoted as advisory source hint from complete cached Buddy page-data fan-out for BL-263.; Not counted as exact supply by this table.; Quantity range: 1-1; Source: https://buddy.farm/i/sand-castle-bucket/; Page data: https://buddy.farm/page-data/i/sand-castle-bucket/page-data.json; Cache: sand-castle-bucket__sand-castle-bucket.json; Parser: buddy-item-multi-source-v1
Sand Castle Bucket,sand castle bucket,Rosalie's Beach Tote,rosalie's beach tote,openable,openable,https://buddy.farm/i/sand-castle-bucket/,Promoted as advisory source hint from complete cached Buddy page-data fan-out for BL-263.; Not counted as exact supply by this table.; Quantity range: 2-2; Source: https://buddy.farm/i/sand-castle-bucket/; Page data: https://buddy.farm/page-data/i/sand-castle-bucket/page-data.json; Cache: sand-castle-bucket__sand-castle-bucket.json; Parser: buddy-item-multi-source-v1
Sand Dollar,sand dollar,Rosalie's Beach Tote,rosalie's beach tote,openable,openable,https://buddy.farm/i/sand-dollar/,Promoted as advisory source hint from complete cached Buddy page-data fan-out for BL-263.; Not counted as exact supply by this table.; Quantity range: 1-1; Source: https://buddy.farm/i/sand-dollar/; Page data: https://buddy.farm/page-data/i/sand-dollar/page-data.json; Cache: sand-dollar__sand-dollar.json; Parser: buddy-item-multi-source-v1
Sand Dollar,sand dollar,Summer Basket,summer basket,openable,openable,https://buddy.farm/i/sand-dollar/,Promoted as advisory source hint from complete cached Buddy page-data fan-out for BL-263.; Not counted as exact supply by this table.; Quantity range: 3-3; Source: https://buddy.farm/i/sand-dollar/; Page data: https://buddy.farm/page-data/i/sand-dollar/page-data.json; Cache: sand-dollar__sand-dollar.json; Parser: buddy-item-multi-source-v1
Sand Shovel,sand shovel,Buddy's Beach Bag,buddy's beach bag,openable,openable,https://buddy.farm/i/sand-shovel/,Promoted as advisory source hint from complete cached Buddy page-data fan-out for BL-263.; Not counted as exact supply by this table.; Quantity range: 1-1; Source: https://buddy.farm/i/sand-shovel/; Page data: https://buddy.farm/page-data/i/sand-shovel/page-data.json; Cache: sand-shovel__sand-shovel.json; Parser: buddy-item-multi-source-v1
Sand Shovel,sand shovel,Rosalie's Beach Tote,rosalie's beach tote,openable,openable,https://buddy.farm/i/sand-shovel/,Promoted as advisory source hint from complete cached Buddy page-data fan-out for BL-263.; Not counted as exact supply by this table.; Quantity range: 2-2; Source: https://buddy.farm/i/sand-shovel/; Page data: https://buddy.farm/page-data/i/sand-shovel/page-data.json; Cache: sand-shovel__sand-shovel.json; Parser: buddy-item-multi-source-v1
Santa Buddy Doll,santa buddy doll,Buddy Doll Bag 01,buddy doll bag 01,openable,openable,https://buddy.farm/i/santa-buddy-doll/,Promoted as advisory source hint from complete cached Buddy page-data fan-out for BL-263.; Not counted as exact supply by this table.; Quantity range: 1-1; Source: https://buddy.farm/i/santa-buddy-doll/; Page data: https://buddy.farm/page-data/i/santa-buddy-doll/page-data.json; Cache: santa-buddy-doll__santa-buddy-doll.json; Parser: buddy-item-multi-source-v1
Scissors,scissors,Christmas Present 09,christmas present 09,openable,openable,https://buddy.farm/i/scissors/,Promoted as advisory source hint from complete cached Buddy page-data fan-out for BL-263.; Not counted as exact supply by this table.; Quantity range: 90-90; Source: https://buddy.farm/i/scissors/; Page data: https://buddy.farm/page-data/i/scissors/page-data.json; Cache: scissors__scissors.json; Parser: buddy-item-multi-source-v1
Sea Dragon,sea dragon,Crab Claw,crab claw,wishing_well,Wishing Well throw,https://buddy.farm/i/sea-dragon/,Promoted as advisory source hint from complete cached Buddy page-data fan-out for BL-263.; Not counted as exact supply by this table.; Reward chance: 0.3333333333333333; Candidate flags: reverse_relation; reward_quantity_defaulted; Reverse Wishing Well relation from reward page; candidate export defaults quantity to 1 for review.; Source: https://buddy.farm/i/sea-dragon/; Page data: https://buddy.farm/page-data/i/sea-dragon/page-data.json; Cache: sea-dragon__sea-dragon.json; Parser: buddy-item-multi-source-v1
Sea Dragon,sea dragon,Frog,frog,wishing_well,Wishing Well throw,https://buddy.farm/i/sea-dragon/,Promoted as advisory source hint from complete cached Buddy page-data fan-out for BL-263.; Not counted as exact supply by this table.; Reward chance: 0.3333333333333333; Candidate flags: reverse_relation; reward_quantity_defaulted; Reverse Wishing Well relation from reward page; candidate export defaults quantity to 1 for review.; Source: https://buddy.farm/i/sea-dragon/; Page data: https://buddy.farm/page-data/i/sea-dragon/page-data.json; Cache: sea-dragon__sea-dragon.json; Parser: buddy-item-multi-source-v1
Sea Dragon,sea dragon,Orange Gecko,orange gecko,wishing_well,Wishing Well throw,https://buddy.farm/i/sea-dragon/,Promoted as advisory source hint from complete cached Buddy page-data fan-out for BL-263.; Not counted as exact supply by this table.; Reward chance: 0.3333333333333333; Candidate flags: reverse_relation; reward_quantity_defaulted; Reverse Wishing Well relation from reward page; candidate export defaults quantity to 1 for review.; Source: https://buddy.farm/i/sea-dragon/; Page data: https://buddy.farm/page-data/i/sea-dragon/page-data.json; Cache: sea-dragon__sea-dragon.json; Parser: buddy-item-multi-source-v1
Sea Pincher Special,sea pincher special,Picnic Basket 01,picnic basket 01,openable,openable,https://buddy.farm/i/sea-pincher-special/,Promoted as advisory source hint from complete cached Buddy page-data fan-out for BL-263.; Not counted as exact supply by this table.; Quantity range: 3-3; Source: https://buddy.farm/i/sea-pincher-special/; Page data: https://buddy.farm/page-data/i/sea-pincher-special/page-data.json; Cache: sea-pincher-special__sea-pincher-special.json; Parser: buddy-item-multi-source-v1
Sea Pincher Special,sea pincher special,Supply Bag 02,supply bag 02,openable,openable,https://buddy.farm/i/sea-pincher-special/,Promoted as advisory source hint from complete cached Buddy page-data fan-out for BL-263.; Not counted as exact supply by this table.; Quantity range: 1-1; Source: https://buddy.farm/i/sea-pincher-special/; Page data: https://buddy.farm/page-data/i/sea-pincher-special/page-data.json; Cache: sea-pincher-special__sea-pincher-special.json; Parser: buddy-item-multi-source-v1
Sea Pincher Special,sea pincher special,Supply Crate 02,supply crate 02,openable,openable,https://buddy.farm/i/sea-pincher-special/,Promoted as advisory source hint from complete cached Buddy page-data fan-out for BL-263.; Not counted as exact supply by this table.; Quantity range: 2-2; Source: https://buddy.farm/i/sea-pincher-special/; Page data: https://buddy.farm/page-data/i/sea-pincher-special/page-data.json; Cache: sea-pincher-special__sea-pincher-special.json; Parser: buddy-item-multi-source-v1
Sealed Letter,sealed letter,Pirate Flag,pirate flag,wishing_well,Wishing Well throw,https://buddy.farm/i/sealed-letter/,Promoted as advisory source hint from complete cached Buddy page-data fan-out for BL-263.; Not counted as exact supply by this table.; Reward chance: 0.25; Candidate flags: reverse_relation; reward_quantity_defaulted; Reverse Wishing Well relation from reward page; candidate export defaults quantity to 1 for review.; Source: https://buddy.farm/i/sealed-letter/; Page data: https://buddy.farm/page-data/i/sealed-letter/page-data.json; Cache: sealed-letter__sealed-letter.json; Parser: buddy-item-multi-source-v1
Shamrock Milk,shamrock milk,Spring Basket 03,spring basket 03,openable,openable,https://buddy.farm/i/shamrock-milk/,Promoted as advisory source hint from complete cached Buddy page-data fan-out for BL-263.; Not counted as exact supply by this table.; Quantity range: 4-4; Source: https://buddy.farm/i/shamrock-milk/; Page data: https://buddy.farm/page-data/i/shamrock-milk/page-data.json; Cache: shamrock-milk__shamrock-milk.json; Parser: buddy-item-multi-source-v1
Shark Jaws,shark jaws,Buddy's Beach Bag,buddy's beach bag,openable,openable,https://buddy.farm/i/shark-jaws/,Promoted as advisory source hint from complete cached Buddy page-data fan-out for BL-263.; Not counted as exact supply by this table.; Quantity range: 1-1; Source: https://buddy.farm/i/shark-jaws/; Page data: https://buddy.farm/page-data/i/shark-jaws/page-data.json; Cache: shark-jaws__shark-jaws.json; Parser: buddy-item-multi-source-v1
Shark Jaws,shark jaws,Traveler's Bag 01,traveler's bag 01,openable,openable,https://buddy.farm/i/shark-jaws/,Promoted as advisory source hint from complete cached Buddy page-data fan-out for BL-263.; Not counted as exact supply by this table.; Quantity range: 1-1; Source: https://buddy.farm/i/shark-jaws/; Page data: https://buddy.farm/page-data/i/shark-jaws/page-data.json; Cache: shark-jaws__shark-jaws.json; Parser: buddy-item-multi-source-v1
Shark Tooth,shark tooth,Rosalie's Beach Tote,rosalie's beach tote,openable,openable,https://buddy.farm/i/shark-tooth/,Promoted as advisory source hint from complete cached Buddy page-data fan-out for BL-263.; Not counted as exact supply by this table.; Quantity range: 2-2; Source: https://buddy.farm/i/shark-tooth/; Page data: https://buddy.farm/page-data/i/shark-tooth/page-data.json; Cache: shark-tooth__shark-tooth.json; Parser: buddy-item-multi-source-v1
Shark Tooth,shark tooth,Cutlass,cutlass,wishing_well,Wishing Well throw,https://buddy.farm/i/shark-tooth/,Promoted as advisory source hint from complete cached Buddy page-data fan-out for BL-263.; Not counted as exact supply by this table.; Reward chance: 0.3333333333333333; Candidate flags: reverse_relation; reward_quantity_defaulted; Reverse Wishing Well relation from reward page; candidate export defaults quantity to 1 for review.; Source: https://buddy.farm/i/shark-tooth/; Page data: https://buddy.farm/page-data/i/shark-tooth/page-data.json; Cache: shark-tooth__shark-tooth.json; Parser: buddy-item-multi-source-v1
Shillelagh,shillelagh,Green Backpack,green backpack,openable,openable,https://buddy.farm/i/shillelagh/,Promoted as advisory source hint from complete cached Buddy page-data fan-out for BL-263.; Not counted as exact supply by this table.; Quantity range: 2-2; Source: https://buddy.farm/i/shillelagh/; Page data: https://buddy.farm/page-data/i/shillelagh/page-data.json; Cache: shillelagh__shillelagh.json; Parser: buddy-item-multi-source-v1
Shimmer Ring,shimmer ring,Medium Chest 02,medium chest 02,openable,openable,https://buddy.farm/i/shimmer-ring/,Promoted as advisory source hint from complete cached Buddy page-data fan-out for BL-263.; Not counted as exact supply by this table.; Quantity range: 5-5; Source: https://buddy.farm/i/shimmer-ring/; Page data: https://buddy.farm/page-data/i/shimmer-ring/page-data.json; Cache: shimmer-ring__shimmer-ring.json; Parser: buddy-item-multi-source-v1
Shimmer Ring,shimmer ring,Mystical Chest 01,mystical chest 01,openable,openable,https://buddy.farm/i/shimmer-ring/,Promoted as advisory source hint from complete cached Buddy page-data fan-out for BL-263.; Not counted as exact supply by this table.; Quantity range: 10-10; Source: https://buddy.farm/i/shimmer-ring/; Page data: https://buddy.farm/page-data/i/shimmer-ring/page-data.json; Cache: shimmer-ring__shimmer-ring.json; Parser: buddy-item-multi-source-v1
Shimmer Topaz,shimmer topaz,Large Chest 01,large chest 01,openable,openable,https://buddy.farm/i/shimmer-topaz/,Promoted as advisory source hint from complete cached Buddy page-data fan-out for BL-263.; Not counted as exact supply by this table.; Quantity range: 50-50; Source: https://buddy.farm/i/shimmer-topaz/; Page data: https://buddy.farm/page-data/i/shimmer-topaz/page-data.json; Cache: shimmer-topaz__shimmer-topaz.json; Parser: buddy-item-multi-source-v1
Shinefish,shinefish,Large Chest 03,large chest 03,openable,openable,https://buddy.farm/i/shinefish/,Promoted as advisory source hint from complete cached Buddy page-data fan-out for BL-263.; Not counted as exact supply by this table.; Quantity range: 1-1; Source: https://buddy.farm/i/shinefish/; Page data: https://buddy.farm/page-data/i/shinefish/page-data.json; Cache: shinefish__shinefish.json; Parser: buddy-item-multi-source-v1
Shiny Beetle,shiny beetle,Bug Bag 01,bug bag 01,openable,openable,https://buddy.farm/i/shiny-beetle/,Promoted as advisory source hint from complete cached Buddy page-data fan-out for BL-263.; Not counted as exact supply by this table.; Quantity range: 1-10; Source: https://buddy.farm/i/shiny-beetle/; Page data: https://buddy.farm/page-data/i/shiny-beetle/page-data.json; Cache: shiny-beetle__shiny-beetle.json; Parser: buddy-item-multi-source-v1
Shiny Beetle,shiny beetle,Christmas Present 10,christmas present 10,openable,openable,https://buddy.farm/i/shiny-beetle/,Promoted as advisory source hint from complete cached Buddy page-data fan-out for BL-263.; Not counted as exact supply by this table.; Quantity range: 100-100; Source: https://buddy.farm/i/shiny-beetle/; Page data: https://buddy.farm/page-data/i/shiny-beetle/page-data.json; Cache: shiny-beetle__shiny-beetle.json; Parser: buddy-item-multi-source-v1
Shiny Beetle,shiny beetle,Grab Bag 02,grab bag 02,openable,openable,https://buddy.farm/i/shiny-beetle/,Promoted as advisory source hint from complete cached Buddy page-data fan-out for BL-263.; Not counted as exact supply by this table.; Quantity range: 10-25; Source: https://buddy.farm/i/shiny-beetle/; Page data: https://buddy.farm/page-data/i/shiny-beetle/page-data.json; Cache: shiny-beetle__shiny-beetle.json; Parser: buddy-item-multi-source-v1
Shiny Beetle,shiny beetle,Ancient Coin,ancient coin,wishing_well,Wishing Well throw,https://buddy.farm/i/shiny-beetle/,Promoted as advisory source hint from complete cached Buddy page-data fan-out for BL-263.; Not counted as exact supply by this table.; Reward chance: 0.08333333333333333; Candidate flags: reverse_relation; reward_quantity_defaulted; Reverse Wishing Well relation from reward page; candidate export defaults quantity to 1 for review.; Source: https://buddy.farm/i/shiny-beetle/; Page data: https://buddy.farm/page-data/i/shiny-beetle/page-data.json; Cache: shiny-beetle__shiny-beetle.json; Parser: buddy-item-multi-source-v1
Shiny Beetle,shiny beetle,Caterpillar,caterpillar,wishing_well,Wishing Well throw,https://buddy.farm/i/shiny-beetle/,Promoted as advisory source hint from complete cached Buddy page-data fan-out for BL-263.; Not counted as exact supply by this table.; Reward chance: 0.25; Candidate flags: reverse_relation; reward_quantity_defaulted; Reverse Wishing Well relation from reward page; candidate export defaults quantity to 1 for review.; Source: https://buddy.farm/i/shiny-beetle/; Page data: https://buddy.farm/page-data/i/shiny-beetle/page-data.json; Cache: shiny-beetle__shiny-beetle.json; Parser: buddy-item-multi-source-v1
Shiny Beetle,shiny beetle,Giant Centipede,giant centipede,wishing_well,Wishing Well throw,https://buddy.farm/i/shiny-beetle/,Promoted as advisory source hint from complete cached Buddy page-data fan-out for BL-263.; Not counted as exact supply by this table.; Reward chance: 0.25; Candidate flags: reverse_relation; reward_quantity_defaulted; Reverse Wishing Well relation from reward page; candidate export defaults quantity to 1 for review.; Source: https://buddy.farm/i/shiny-beetle/; Page data: https://buddy.farm/page-data/i/shiny-beetle/page-data.json; Cache: shiny-beetle__shiny-beetle.json; Parser: buddy-item-multi-source-v1
Shiny Beetle,shiny beetle,Horned Beetle,horned beetle,wishing_well,Wishing Well throw,https://buddy.farm/i/shiny-beetle/,Promoted as advisory source hint from complete cached Buddy page-data fan-out for BL-263.; Not counted as exact supply by this table.; Reward chance: 0.25; Candidate flags: reverse_relation; reward_quantity_defaulted; Reverse Wishing Well relation from reward page; candidate export defaults quantity to 1 for review.; Source: https://buddy.farm/i/shiny-beetle/; Page data: https://buddy.farm/page-data/i/shiny-beetle/page-data.json; Cache: shiny-beetle__shiny-beetle.json; Parser: buddy-item-multi-source-v1
Shiny Beetle,shiny beetle,Snail,snail,wishing_well,Wishing Well throw,https://buddy.farm/i/shiny-beetle/,Promoted as advisory source hint from complete cached Buddy page-data fan-out for BL-263.; Not counted as exact supply by this table.; Reward chance: 0.25; Candidate flags: reverse_relation; reward_quantity_defaulted; Reverse Wishing Well relation from reward page; candidate export defaults quantity to 1 for review.; Source: https://buddy.farm/i/shiny-beetle/; Page data: https://buddy.farm/page-data/i/shiny-beetle/page-data.json; Cache: shiny-beetle__shiny-beetle.json; Parser: buddy-item-multi-source-v1
Shiny Present,shiny present,Birthday Surprise Box 04,birthday surprise box 04,openable,openable,https://buddy.farm/i/shiny-present/,Promoted as advisory source hint from complete cached Buddy page-data fan-out for BL-263.; Not counted as exact supply by this table.; Quantity range: 1-2; Source: https://buddy.farm/i/shiny-present/; Page data: https://buddy.farm/page-data/i/shiny-present/page-data.json; Cache: shiny-present__shiny-present.json; Parser: buddy-item-multi-source-v1
Shiny Present,shiny present,Birthday Surprise Box 05,birthday surprise box 05,openable,openable,https://buddy.farm/i/shiny-present/,Promoted as advisory source hint from complete cached Buddy page-data fan-out for BL-263.; Not counted as exact supply by this table.; Quantity range: 1-2; Source: https://buddy.farm/i/shiny-present/; Page data: https://buddy.farm/page-data/i/shiny-present/page-data.json; Cache: shiny-present__shiny-present.json; Parser: buddy-item-multi-source-v1
Shrimp,shrimp,Christmas Present 08,christmas present 08,openable,openable,https://buddy.farm/i/shrimp/,Promoted as advisory source hint from complete cached Buddy page-data fan-out for BL-263.; Not counted as exact supply by this table.; Quantity range: 80-80; Source: https://buddy.farm/i/shrimp/; Page data: https://buddy.farm/page-data/i/shrimp/page-data.json; Cache: shrimp__shrimp.json; Parser: buddy-item-multi-source-v1
Shrimp-a-Plenty,shrimp-a-plenty,Holger's Lunch Box,holger's lunch box,openable,openable,https://buddy.farm/i/shrimp-a-plenty/,Promoted as advisory source hint from complete cached Buddy page-data fan-out for BL-263.; Not counted as exact supply by this table.; Quantity range: 5-5; Source: https://buddy.farm/i/shrimp-a-plenty/; Page data: https://buddy.farm/page-data/i/shrimp-a-plenty/page-data.json; Cache: shrimp-a-plenty__shrimp-a-plenty.json; Parser: buddy-item-multi-source-v1
Shrimp-a-Plenty,shrimp-a-plenty,Supply Crate 01,supply crate 01,openable,openable,https://buddy.farm/i/shrimp-a-plenty/,Promoted as advisory source hint from complete cached Buddy page-data fan-out for BL-263.; Not counted as exact supply by this table.; Quantity range: 1-1; Source: https://buddy.farm/i/shrimp-a-plenty/; Page data: https://buddy.farm/page-data/i/shrimp-a-plenty/page-data.json; Cache: shrimp-a-plenty__shrimp-a-plenty.json; Parser: buddy-item-multi-source-v1
Shrimp-a-Plenty,shrimp-a-plenty,Supply Crate 02,supply crate 02,openable,openable,https://buddy.farm/i/shrimp-a-plenty/,Promoted as advisory source hint from complete cached Buddy page-data fan-out for BL-263.; Not counted as exact supply by this table.; Quantity range: 1-1; Source: https://buddy.farm/i/shrimp-a-plenty/; Page data: https://buddy.farm/page-data/i/shrimp-a-plenty/page-data.json; Cache: shrimp-a-plenty__shrimp-a-plenty.json; Parser: buddy-item-multi-source-v1
Skeleton Key,skeleton key,Grab Bag 08,grab bag 08,openable,openable,https://buddy.farm/i/skeleton-key/,Promoted as advisory source hint from complete cached Buddy page-data fan-out for BL-263.; Not counted as exact supply by this table.; Quantity range: 1-1; Source: https://buddy.farm/i/skeleton-key/; Page data: https://buddy.farm/page-data/i/skeleton-key/page-data.json; Cache: skeleton-key__skeleton-key.json; Parser: buddy-item-multi-source-v1
Skull Coin,skull coin,Grab Bag 06,grab bag 06,openable,openable,https://buddy.farm/i/skull-coin/,Promoted as advisory source hint from complete cached Buddy page-data fan-out for BL-263.; Not counted as exact supply by this table.; Quantity range: 1-1; Source: https://buddy.farm/i/skull-coin/; Page data: https://buddy.farm/page-data/i/skull-coin/page-data.json; Cache: skull-coin__skull-coin.json; Parser: buddy-item-multi-source-v1
Skull Coin,skull coin,Mystical Chest 02,mystical chest 02,openable,openable,https://buddy.farm/i/skull-coin/,Promoted as advisory source hint from complete cached Buddy page-data fan-out for BL-263.; Not counted as exact supply by this table.; Quantity range: 1-1; Source: https://buddy.farm/i/skull-coin/; Page data: https://buddy.farm/page-data/i/skull-coin/page-data.json; Cache: skull-coin__skull-coin.json; Parser: buddy-item-multi-source-v1
Small Flute,small flute,4-leaf Clover,4-leaf clover,wishing_well,Wishing Well throw,https://buddy.farm/i/small-flute/,Promoted as advisory source hint from complete cached Buddy page-data fan-out for BL-263.; Not counted as exact supply by this table.; Reward chance: 0.3333333333333333; Candidate flags: reverse_relation; reward_quantity_defaulted; Reverse Wishing Well relation from reward page; candidate export defaults quantity to 1 for review.; Source: https://buddy.farm/i/small-flute/; Page data: https://buddy.farm/page-data/i/small-flute/page-data.json; Cache: small-flute__small-flute.json; Parser: buddy-item-multi-source-v1
Small Flute,small flute,Cogwheel,cogwheel,wishing_well,Wishing Well throw,https://buddy.farm/i/small-flute/,Promoted as advisory source hint from complete cached Buddy page-data fan-out for BL-263.; Not counted as exact supply by this table.; Reward chance: 0.25; Candidate flags: reverse_relation; reward_quantity_defaulted; Reverse Wishing Well relation from reward page; candidate export defaults quantity to 1 for review.; Source: https://buddy.farm/i/small-flute/; Page data: https://buddy.farm/page-data/i/small-flute/page-data.json; Cache: small-flute__small-flute.json; Parser: buddy-item-multi-source-v1
Small Flute,small flute,Dice,dice,wishing_well,Wishing Well throw,https://buddy.farm/i/small-flute/,Promoted as advisory source hint from complete cached Buddy page-data fan-out for BL-263.; Not counted as exact supply by this table.; Reward chance: 0.25; Candidate flags: reverse_relation; reward_quantity_defaulted; Reverse Wishing Well relation from reward page; candidate export defaults quantity to 1 for review.; Source: https://buddy.farm/i/small-flute/; Page data: https://buddy.farm/page-data/i/small-flute/page-data.json; Cache: small-flute__small-flute.json; Parser: buddy-item-multi-source-v1
Small Flute,small flute,Pirate Flag,pirate flag,wishing_well,Wishing Well throw,https://buddy.farm/i/small-flute/,Promoted as advisory source hint from complete cached Buddy page-data fan-out for BL-263.; Not counted as exact supply by this table.; Reward chance: 0.25; Candidate flags: reverse_relation; reward_quantity_defaulted; Reverse Wishing Well relation from reward page; candidate export defaults quantity to 1 for review.; Source: https://buddy.farm/i/small-flute/; Page data: https://buddy.farm/page-data/i/small-flute/page-data.json; Cache: small-flute__small-flute.json; Parser: buddy-item-multi-source-v1
Small Flute,small flute,Wooden Mask,wooden mask,wishing_well,Wishing Well throw,https://buddy.farm/i/small-flute/,Promoted as advisory source hint from complete cached Buddy page-data fan-out for BL-263.; Not counted as exact supply by this table.; Reward chance: 0.3333333333333333; Candidate flags: reverse_relation; reward_quantity_defaulted; Reverse Wishing Well relation from reward page; candidate export defaults quantity to 1 for review.; Source: https://buddy.farm/i/small-flute/; Page data: https://buddy.farm/page-data/i/small-flute/page-data.json; Cache: small-flute__small-flute.json; Parser: buddy-item-multi-source-v1
Small Flute,small flute,Wooden Pipe,wooden pipe,wishing_well,Wishing Well throw,https://buddy.farm/i/small-flute/,Promoted as advisory source hint from complete cached Buddy page-data fan-out for BL-263.; Not counted as exact supply by this table.; Reward chance: 0.25; Candidate flags: reverse_relation; reward_quantity_defaulted; Reverse Wishing Well relation from reward page; candidate export defaults quantity to 1 for review.; Source: https://buddy.farm/i/small-flute/; Page data: https://buddy.farm/page-data/i/small-flute/page-data.json; Cache: small-flute__small-flute.json; Parser: buddy-item-multi-source-v1
Small Gear,small gear,Large Chest 02,large chest 02,openable,openable,https://buddy.farm/i/small-gear/,Promoted as advisory source hint from complete cached Buddy page-data fan-out for BL-263.; Not counted as exact supply by this table.; Quantity range: 3-3; Source: https://buddy.farm/i/small-gear/; Page data: https://buddy.farm/page-data/i/small-gear/page-data.json; Cache: small-gear__small-gear.json; Parser: buddy-item-multi-source-v1
Small Gear,small gear,Ancient Coin,ancient coin,wishing_well,Wishing Well throw,https://buddy.farm/i/small-gear/,Promoted as advisory source hint from complete cached Buddy page-data fan-out for BL-263.; Not counted as exact supply by this table.; Reward chance: 0.08333333333333333; Candidate flags: reverse_relation; reward_quantity_defaulted; Reverse Wishing Well relation from reward page; candidate export defaults quantity to 1 for review.; Source: https://buddy.farm/i/small-gear/; Page data: https://buddy.farm/page-data/i/small-gear/page-data.json; Cache: small-gear__small-gear.json; Parser: buddy-item-multi-source-v1
Small Gear,small gear,Freaky Picture,freaky picture,wishing_well,Wishing Well throw,https://buddy.farm/i/small-gear/,Promoted as advisory source hint from complete cached Buddy page-data fan-out for BL-263.; Not counted as exact supply by this table.; Reward chance: 0.25; Candidate flags: reverse_relation; reward_quantity_defaulted; Reverse Wishing Well relation from reward page; candidate export defaults quantity to 1 for review.; Source: https://buddy.farm/i/small-gear/; Page data: https://buddy.farm/page-data/i/small-gear/page-data.json; Cache: small-gear__small-gear.json; Parser: buddy-item-multi-source-v1
Small Gear,small gear,Pirate Flag,pirate flag,wishing_well,Wishing Well throw,https://buddy.farm/i/small-gear/,Promoted as advisory source hint from complete cached Buddy page-data fan-out for BL-263.; Not counted as exact supply by this table.; Reward chance: 0.25; Candidate flags: reverse_relation; reward_quantity_defaulted; Reverse Wishing Well relation from reward page; candidate export defaults quantity to 1 for review.; Source: https://buddy.farm/i/small-gear/; Page data: https://buddy.farm/page-data/i/small-gear/page-data.json; Cache: small-gear__small-gear.json; Parser: buddy-item-multi-source-v1
Small Gear,small gear,Wooden Pipe,wooden pipe,wishing_well,Wishing Well throw,https://buddy.farm/i/small-gear/,Promoted as advisory source hint from complete cached Buddy page-data fan-out for BL-263.; Not counted as exact supply by this table.; Reward chance: 0.25; Candidate flags: reverse_relation; reward_quantity_defaulted; Reverse Wishing Well relation from reward page; candidate export defaults quantity to 1 for review.; Source: https://buddy.farm/i/small-gear/; Page data: https://buddy.farm/page-data/i/small-gear/page-data.json; Cache: small-gear__small-gear.json; Parser: buddy-item-multi-source-v1
Small Key,small key,Grab Bag 08,grab bag 08,openable,openable,https://buddy.farm/i/small-key/,Promoted as advisory source hint from complete cached Buddy page-data fan-out for BL-263.; Not counted as exact supply by this table.; Quantity range: 1-5; Source: https://buddy.farm/i/small-key/; Page data: https://buddy.farm/page-data/i/small-key/page-data.json; Cache: small-key__small-key.json; Parser: buddy-item-multi-source-v1
Small Key,small key,Large Chest 01,large chest 01,wishing_well,Wishing Well throw,https://buddy.farm/i/small-key/,Promoted as advisory source hint from complete cached Buddy page-data fan-out for BL-263.; Not counted as exact supply by this table.; Reward chance: 0.3333333333333333; Candidate flags: reverse_relation; reward_quantity_defaulted; Reverse Wishing Well relation from reward page; candidate export defaults quantity to 1 for review.; Source: https://buddy.farm/i/small-key/; Page data: https://buddy.farm/page-data/i/small-key/page-data.json; Cache: small-key__small-key.json; Parser: buddy-item-multi-source-v1
Small Key,small key,Large Chest 02,large chest 02,wishing_well,Wishing Well throw,https://buddy.farm/i/small-key/,Promoted as advisory source hint from complete cached Buddy page-data fan-out for BL-263.; Not counted as exact supply by this table.; Reward chance: 0.3333333333333333; Candidate flags: reverse_relation; reward_quantity_defaulted; Reverse Wishing Well relation from reward page; candidate export defaults quantity to 1 for review.; Source: https://buddy.farm/i/small-key/; Page data: https://buddy.farm/page-data/i/small-key/page-data.json; Cache: small-key__small-key.json; Parser: buddy-item-multi-source-v1
Small Screw,small screw,Large Chest 02,large chest 02,openable,openable,https://buddy.farm/i/small-screw/,Promoted as advisory source hint from complete cached Buddy page-data fan-out for BL-263.; Not counted as exact supply by this table.; Quantity range: 8-8; Source: https://buddy.farm/i/small-screw/; Page data: https://buddy.farm/page-data/i/small-screw/page-data.json; Cache: small-screw__small-screw.json; Parser: buddy-item-multi-source-v1
Small Screw,small screw,Ancient Coin,ancient coin,wishing_well,Wishing Well throw,https://buddy.farm/i/small-screw/,Promoted as advisory source hint from complete cached Buddy page-data fan-out for BL-263.; Not counted as exact supply by this table.; Reward chance: 0.08333333333333333; Candidate flags: reverse_relation; reward_quantity_defaulted; Reverse Wishing Well relation from reward page; candidate export defaults quantity to 1 for review.; Source: https://buddy.farm/i/small-screw/; Page data: https://buddy.farm/page-data/i/small-screw/page-data.json; Cache: small-screw__small-screw.json; Parser: buddy-item-multi-source-v1
Small Screw,small screw,Cogwheel,cogwheel,wishing_well,Wishing Well throw,https://buddy.farm/i/small-screw/,Promoted as advisory source hint from complete cached Buddy page-data fan-out for BL-263.; Not counted as exact supply by this table.; Reward chance: 0.25; Candidate flags: reverse_relation; reward_quantity_defaulted; Reverse Wishing Well relation from reward page; candidate export defaults quantity to 1 for review.; Source: https://buddy.farm/i/small-screw/; Page data: https://buddy.farm/page-data/i/small-screw/page-data.json; Cache: small-screw__small-screw.json; Parser: buddy-item-multi-source-v1
Small Screw,small screw,Small Flute,small flute,wishing_well,Wishing Well throw,https://buddy.farm/i/small-screw/,Promoted as advisory source hint from complete cached Buddy page-data fan-out for BL-263.; Not counted as exact supply by this table.; Reward chance: 0.2; Candidate flags: reverse_relation; reward_quantity_defaulted; Reverse Wishing Well relation from reward page; candidate export defaults quantity to 1 for review.; Source: https://buddy.farm/i/small-screw/; Page data: https://buddy.farm/page-data/i/small-screw/page-data.json; Cache: small-screw__small-screw.json; Parser: buddy-item-multi-source-v1
Small Screw,small screw,Small Spring,small spring,wishing_well,Wishing Well throw,https://buddy.farm/i/small-screw/,Promoted as advisory source hint from complete cached Buddy page-data fan-out for BL-263.; Not counted as exact supply by this table.; Reward chance: 0.25; Candidate flags: reverse_relation; reward_quantity_defaulted; Reverse Wishing Well relation from reward page; candidate export defaults quantity to 1 for review.; Source: https://buddy.farm/i/small-screw/; Page data: https://buddy.farm/page-data/i/small-screw/page-data.json; Cache: small-screw__small-screw.json; Parser: buddy-item-multi-source-v1
Small Screw,small screw,Spectacles,spectacles,wishing_well,Wishing Well throw,https://buddy.farm/i/small-screw/,Promoted as advisory source hint from complete cached Buddy page-data fan-out for BL-263.; Not counted as exact supply by this table.; Reward chance: 0.2; Candidate flags: reverse_relation; reward_quantity_defaulted; Reverse Wishing Well relation from reward page; candidate export defaults quantity to 1 for review.; Source: https://buddy.farm/i/small-screw/; Page data: https://buddy.farm/page-data/i/small-screw/page-data.json; Cache: small-screw__small-screw.json; Parser: buddy-item-multi-source-v1
Small Screw,small screw,Strange Letter,strange letter,wishing_well,Wishing Well throw,https://buddy.farm/i/small-screw/,Promoted as advisory source hint from complete cached Buddy page-data fan-out for BL-263.; Not counted as exact supply by this table.; Reward chance: 0.25; Candidate flags: reverse_relation; reward_quantity_defaulted; Reverse Wishing Well relation from reward page; candidate export defaults quantity to 1 for review.; Source: https://buddy.farm/i/small-screw/; Page data: https://buddy.farm/page-data/i/small-screw/page-data.json; Cache: small-screw__small-screw.json; Parser: buddy-item-multi-source-v1
Small Spring,small spring,Large Chest 02,large chest 02,openable,openable,https://buddy.farm/i/small-spring/,Promoted as advisory source hint from complete cached Buddy page-data fan-out for BL-263.; Not counted as exact supply by this table.; Quantity range: 2-2; Source: https://buddy.farm/i/small-spring/; Page data: https://buddy.farm/page-data/i/small-spring/page-data.json; Cache: small-spring__small-spring.json; Parser: buddy-item-multi-source-v1
Small Spring,small spring,Freaky Picture,freaky picture,wishing_well,Wishing Well throw,https://buddy.farm/i/small-spring/,Promoted as advisory source hint from complete cached Buddy page-data fan-out for BL-263.; Not counted as exact supply by this table.; Reward chance: 0.25; Candidate flags: reverse_relation; reward_quantity_defaulted; Reverse Wishing Well relation from reward page; candidate export defaults quantity to 1 for review.; Source: https://buddy.farm/i/small-spring/; Page data: https://buddy.farm/page-data/i/small-spring/page-data.json; Cache: small-spring__small-spring.json; Parser: buddy-item-multi-source-v1
Snail,snail,Bug Bag 01,bug bag 01,openable,openable,https://buddy.farm/i/snail/,Promoted as advisory source hint from complete cached Buddy page-data fan-out for BL-263.; Not counted as exact supply by this table.; Quantity range: 1-10; Source: https://buddy.farm/i/snail/; Page data: https://buddy.farm/page-data/i/snail/page-data.json; Cache: snail__snail.json; Parser: buddy-item-multi-source-v1
Snail,snail,Grab Bag 02,grab bag 02,openable,openable,https://buddy.farm/i/snail/,Promoted as advisory source hint from complete cached Buddy page-data fan-out for BL-263.; Not counted as exact supply by this table.; Quantity range: 10-25; Source: https://buddy.farm/i/snail/; Page data: https://buddy.farm/page-data/i/snail/page-data.json; Cache: snail__snail.json; Parser: buddy-item-multi-source-v1
Snail,snail,Ancient Coin,ancient coin,wishing_well,Wishing Well throw,https://buddy.farm/i/snail/,Promoted as advisory source hint from complete cached Buddy page-data fan-out for BL-263.; Not counted as exact supply by this table.; Reward chance: 0.08333333333333333; Candidate flags: reverse_relation; reward_quantity_defaulted; Reverse Wishing Well relation from reward page; candidate export defaults quantity to 1 for review.; Source: https://buddy.farm/i/snail/; Page data: https://buddy.farm/page-data/i/snail/page-data.json; Cache: snail__snail.json; Parser: buddy-item-multi-source-v1
Snail,snail,Giant Centipede,giant centipede,wishing_well,Wishing Well throw,https://buddy.farm/i/snail/,Promoted as advisory source hint from complete cached Buddy page-data fan-out for BL-263.; Not counted as exact supply by this table.; Reward chance: 0.25; Candidate flags: reverse_relation; reward_quantity_defaulted; Reverse Wishing Well relation from reward page; candidate export defaults quantity to 1 for review.; Source: https://buddy.farm/i/snail/; Page data: https://buddy.farm/page-data/i/snail/page-data.json; Cache: snail__snail.json; Parser: buddy-item-multi-source-v1
Snail,snail,Shiny Beetle,shiny beetle,wishing_well,Wishing Well throw,https://buddy.farm/i/snail/,Promoted as advisory source hint from complete cached Buddy page-data fan-out for BL-263.; Not counted as exact supply by this table.; Reward chance: 0.25; Candidate flags: reverse_relation; reward_quantity_defaulted; Reverse Wishing Well relation from reward page; candidate export defaults quantity to 1 for review.; Source: https://buddy.farm/i/snail/; Page data: https://buddy.farm/page-data/i/snail/page-data.json; Cache: snail__snail.json; Parser: buddy-item-multi-source-v1
Snow Globe,snow globe,Lovely Present,lovely present,openable,openable,https://buddy.farm/i/snow-globe/,Promoted as advisory source hint from complete cached Buddy page-data fan-out for BL-263.; Not counted as exact supply by this table.; Quantity range: 1-1; Source: https://buddy.farm/i/snow-globe/; Page data: https://buddy.farm/page-data/i/snow-globe/page-data.json; Cache: snow-globe__snow-globe.json; Parser: buddy-item-multi-source-v1
Snowball,snowball,Bag of Snowballs,bag of snowballs,openable,openable,https://buddy.farm/i/snowball/,Promoted as advisory source hint from complete cached Buddy page-data fan-out for BL-263.; Not counted as exact supply by this table.; Quantity range: 400-400; Source: https://buddy.farm/i/snowball/; Page data: https://buddy.farm/page-data/i/snowball/page-data.json; Cache: snowball__snowball.json; Parser: buddy-item-multi-source-v1
Snowball,snowball,Christmas Present 09,christmas present 09,openable,openable,https://buddy.farm/i/snowball/,Promoted as advisory source hint from complete cached Buddy page-data fan-out for BL-263.; Not counted as exact supply by this table.; Quantity range: 90-90; Source: https://buddy.farm/i/snowball/; Page data: https://buddy.farm/page-data/i/snowball/page-data.json; Cache: snowball__snowball.json; Parser: buddy-item-multi-source-v1
Snowball,snowball,Frozen Chest 01,frozen chest 01,openable,openable,https://buddy.farm/i/snowball/,Promoted as advisory source hint from complete cached Buddy page-data fan-out for BL-263.; Not counted as exact supply by this table.; Quantity range: 100-100; Source: https://buddy.farm/i/snowball/; Page data: https://buddy.farm/page-data/i/snowball/page-data.json; Cache: snowball__snowball.json; Parser: buddy-item-multi-source-v1
Snowball,snowball,Frozen Chest 02,frozen chest 02,openable,openable,https://buddy.farm/i/snowball/,Promoted as advisory source hint from complete cached Buddy page-data fan-out for BL-263.; Not counted as exact supply by this table.; Quantity range: 100-100; Source: https://buddy.farm/i/snowball/; Page data: https://buddy.farm/page-data/i/snowball/page-data.json; Cache: snowball__snowball.json; Parser: buddy-item-multi-source-v1
Snowball,snowball,Frozen Chest 03,frozen chest 03,openable,openable,https://buddy.farm/i/snowball/,Promoted as advisory source hint from complete cached Buddy page-data fan-out for BL-263.; Not counted as exact supply by this table.; Quantity range: 100-100; Source: https://buddy.farm/i/snowball/; Page data: https://buddy.farm/page-data/i/snowball/page-data.json; Cache: snowball__snowball.json; Parser: buddy-item-multi-source-v1
Snowflakes,snowflakes,Fancy Present,fancy present,openable,openable,https://buddy.farm/i/snowflakes/,Promoted as advisory source hint from complete cached Buddy page-data fan-out for BL-263.; Not counted as exact supply by this table.; Quantity range: 100-100; Source: https://buddy.farm/i/snowflakes/; Page data: https://buddy.farm/page-data/i/snowflakes/page-data.json; Cache: snowflakes__snowflakes.json; Parser: buddy-item-multi-source-v1
Snowflakes,snowflakes,Holiday Cheer Bundle 01,holiday cheer bundle 01,openable,openable,https://buddy.farm/i/snowflakes/,Promoted as advisory source hint from complete cached Buddy page-data fan-out for BL-263.; Not counted as exact supply by this table.; Quantity range: 100-100; Source: https://buddy.farm/i/snowflakes/; Page data: https://buddy.farm/page-data/i/snowflakes/page-data.json; Cache: snowflakes__snowflakes.json; Parser: buddy-item-multi-source-v1
Snowflakes,snowflakes,Shiny Present,shiny present,openable,openable,https://buddy.farm/i/snowflakes/,Promoted as advisory source hint from complete cached Buddy page-data fan-out for BL-263.; Not counted as exact supply by this table.; Quantity range: 100-100; Source: https://buddy.farm/i/snowflakes/; Page data: https://buddy.farm/page-data/i/snowflakes/page-data.json; Cache: snowflakes__snowflakes.json; Parser: buddy-item-multi-source-v1
Snowman Buddy Doll,snowman buddy doll,Buddy Doll Bag 02,buddy doll bag 02,openable,openable,https://buddy.farm/i/snowman-buddy-doll/,Promoted as advisory source hint from complete cached Buddy page-data fan-out for BL-263.; Not counted as exact supply by this table.; Quantity range: 1-1; Source: https://buddy.farm/i/snowman-buddy-doll/; Page data: https://buddy.farm/page-data/i/snowman-buddy-doll/page-data.json; Cache: snowman-buddy-doll__snowman-buddy-doll.json; Parser: buddy-item-multi-source-v1
Spades,spades,Backpack,backpack,openable,openable,https://buddy.farm/i/spades/,Promoted as advisory source hint from complete cached Buddy page-data fan-out for BL-263.; Not counted as exact supply by this table.; Quantity range: 1-1; Source: https://buddy.farm/i/spades/; Page data: https://buddy.farm/page-data/i/spades/page-data.json; Cache: spades__spades.json; Parser: buddy-item-multi-source-v1
Spades,spades,Stack of Cards,stack of cards,openable,openable,https://buddy.farm/i/spades/,Promoted as advisory source hint from complete cached Buddy page-data fan-out for BL-263.; Not counted as exact supply by this table.; Quantity range: 1-1; Source: https://buddy.farm/i/spades/; Page data: https://buddy.farm/page-data/i/spades/page-data.json; Cache: spades__spades.json; Parser: buddy-item-multi-source-v1
Spectacles,spectacles,Dice,dice,wishing_well,Wishing Well throw,https://buddy.farm/i/spectacles/,Promoted as advisory source hint from complete cached Buddy page-data fan-out for BL-263.; Not counted as exact supply by this table.; Reward chance: 0.25; Candidate flags: reverse_relation; reward_quantity_defaulted; Reverse Wishing Well relation from reward page; candidate export defaults quantity to 1 for review.; Source: https://buddy.farm/i/spectacles/; Page data: https://buddy.farm/page-data/i/spectacles/page-data.json; Cache: spectacles__spectacles.json; Parser: buddy-item-multi-source-v1
Spectacles,spectacles,Eye Patch,eye patch,wishing_well,Wishing Well throw,https://buddy.farm/i/spectacles/,Promoted as advisory source hint from complete cached Buddy page-data fan-out for BL-263.; Not counted as exact supply by this table.; Reward chance: 0.25; Candidate flags: reverse_relation; reward_quantity_defaulted; Reverse Wishing Well relation from reward page; candidate export defaults quantity to 1 for review.; Source: https://buddy.farm/i/spectacles/; Page data: https://buddy.farm/page-data/i/spectacles/page-data.json; Cache: spectacles__spectacles.json; Parser: buddy-item-multi-source-v1
Spectacles,spectacles,Pirate Flag,pirate flag,wishing_well,Wishing Well throw,https://buddy.farm/i/spectacles/,Promoted as advisory source hint from complete cached Buddy page-data fan-out for BL-263.; Not counted as exact supply by this table.; Reward chance: 0.25; Candidate flags: reverse_relation; reward_quantity_defaulted; Reverse Wishing Well relation from reward page; candidate export defaults quantity to 1 for review.; Source: https://buddy.farm/i/spectacles/; Page data: https://buddy.farm/page-data/i/spectacles/page-data.json; Cache: spectacles__spectacles.json; Parser: buddy-item-multi-source-v1
Spectacles,spectacles,Small Spring,small spring,wishing_well,Wishing Well throw,https://buddy.farm/i/spectacles/,Promoted as advisory source hint from complete cached Buddy page-data fan-out for BL-263.; Not counted as exact supply by this table.; Reward chance: 0.25; Candidate flags: reverse_relation; reward_quantity_defaulted; Reverse Wishing Well relation from reward page; candidate export defaults quantity to 1 for review.; Source: https://buddy.farm/i/spectacles/; Page data: https://buddy.farm/page-data/i/spectacles/page-data.json; Cache: spectacles__spectacles.json; Parser: buddy-item-multi-source-v1
Spectacles,spectacles,Strange Letter,strange letter,wishing_well,Wishing Well throw,https://buddy.farm/i/spectacles/,Promoted as advisory source hint from complete cached Buddy page-data fan-out for BL-263.; Not counted as exact supply by this table.; Reward chance: 0.25; Candidate flags: reverse_relation; reward_quantity_defaulted; Reverse Wishing Well relation from reward page; candidate export defaults quantity to 1 for review.; Source: https://buddy.farm/i/spectacles/; Page data: https://buddy.farm/page-data/i/spectacles/page-data.json; Cache: spectacles__spectacles.json; Parser: buddy-item-multi-source-v1
Spectacles,spectacles,Wooden Mask,wooden mask,wishing_well,Wishing Well throw,https://buddy.farm/i/spectacles/,Promoted as advisory source hint from complete cached Buddy page-data fan-out for BL-263.; Not counted as exact supply by this table.; Reward chance: 0.3333333333333333; Candidate flags: reverse_relation; reward_quantity_defaulted; Reverse Wishing Well relation from reward page; candidate export defaults quantity to 1 for review.; Source: https://buddy.farm/i/spectacles/; Page data: https://buddy.farm/page-data/i/spectacles/page-data.json; Cache: spectacles__spectacles.json; Parser: buddy-item-multi-source-v1
Spider,spider,Bug Bag 01,bug bag 01,openable,openable,https://buddy.farm/i/spider/,Promoted as advisory source hint from complete cached Buddy page-data fan-out for BL-263.; Not counted as exact supply by this table.; Quantity range: 1-10; Source: https://buddy.farm/i/spider/; Page data: https://buddy.farm/page-data/i/spider/page-data.json; Cache: spider__spider.json; Parser: buddy-item-multi-source-v1
Spider,spider,Treat Bag 02,treat bag 02,openable,openable,https://buddy.farm/i/spider/,Promoted as advisory source hint from complete cached Buddy page-data fan-out for BL-263.; Not counted as exact supply by this table.; Quantity range: 1-1; Source: https://buddy.farm/i/spider/; Page data: https://buddy.farm/page-data/i/spider/page-data.json; Cache: spider__spider.json; Parser: buddy-item-multi-source-v1
Spider,spider,Treat Bag 05,treat bag 05,openable,openable,https://buddy.farm/i/spider/,Promoted as advisory source hint from complete cached Buddy page-data fan-out for BL-263.; Not counted as exact supply by this table.; Quantity range: 1-1; Source: https://buddy.farm/i/spider/; Page data: https://buddy.farm/page-data/i/spider/page-data.json; Cache: spider__spider.json; Parser: buddy-item-multi-source-v1
Spider,spider,Candy,candy,wishing_well,Wishing Well throw,https://buddy.farm/i/spider/,Promoted as advisory source hint from complete cached Buddy page-data fan-out for BL-263.; Not counted as exact supply by this table.; Reward chance: 0.25; Candidate flags: reverse_relation; reward_quantity_defaulted; Reverse Wishing Well relation from reward page; candidate export defaults quantity to 1 for review.; Source: https://buddy.farm/i/spider/; Page data: https://buddy.farm/page-data/i/spider/page-data.json; Cache: spider__spider.json; Parser: buddy-item-multi-source-v1
Spider,spider,Grasshopper,grasshopper,wishing_well,Wishing Well throw,https://buddy.farm/i/spider/,Promoted as advisory source hint from complete cached Buddy page-data fan-out for BL-263.; Not counted as exact supply by this table.; Reward chance: 0.5; Candidate flags: reverse_relation; reward_quantity_defaulted; Reverse Wishing Well relation from reward page; candidate export defaults quantity to 1 for review.; Source: https://buddy.farm/i/spider/; Page data: https://buddy.farm/page-data/i/spider/page-data.json; Cache: spider__spider.json; Parser: buddy-item-multi-source-v1
Spider,spider,Jack-o-lantern,jack-o-lantern,wishing_well,Wishing Well throw,https://buddy.farm/i/spider/,Promoted as advisory source hint from complete cached Buddy page-data fan-out for BL-263.; Not counted as exact supply by this table.; Reward chance: 0.3333333333333333; Candidate flags: reverse_relation; reward_quantity_defaulted; Reverse Wishing Well relation from reward page; candidate export defaults quantity to 1 for review.; Source: https://buddy.farm/i/spider/; Page data: https://buddy.farm/page-data/i/spider/page-data.json; Cache: spider__spider.json; Parser: buddy-item-multi-source-v1
Spider,spider,Lollipop,lollipop,wishing_well,Wishing Well throw,https://buddy.farm/i/spider/,Promoted as advisory source hint from complete cached Buddy page-data fan-out for BL-263.; Not counted as exact supply by this table.; Reward chance: 0.3333333333333333; Candidate flags: reverse_relation; reward_quantity_defaulted; Reverse Wishing Well relation from reward page; candidate export defaults quantity to 1 for review.; Source: https://buddy.farm/i/spider/; Page data: https://buddy.farm/page-data/i/spider/page-data.json; Cache: spider__spider.json; Parser: buddy-item-multi-source-v1
Spiked Shell,spiked shell,Salt,salt,wishing_well,Wishing Well throw,https://buddy.farm/i/spiked-shell/,Promoted as advisory source hint from complete cached Buddy page-data fan-out for BL-263.; Not counted as exact supply by this table.; Reward chance: 0.5; Candidate flags: reverse_relation; reward_quantity_defaulted; Reverse Wishing Well relation from reward page; candidate export defaults quantity to 1 for review.; Source: https://buddy.farm/i/spiked-shell/; Page data: https://buddy.farm/page-data/i/spiked-shell/page-data.json; Cache: spiked-shell__spiked-shell.json; Parser: buddy-item-multi-source-v1
Spooky Cookies,spooky cookies,Borgen Bag 01,borgen bag 01,openable,openable,https://buddy.farm/i/spooky-cookies/,Promoted as advisory source hint from complete cached Buddy page-data fan-out for BL-263.; Not counted as exact supply by this table.; Quantity range: 1-1; Source: https://buddy.farm/i/spooky-cookies/; Page data: https://buddy.farm/page-data/i/spooky-cookies/page-data.json; Cache: spooky-cookies__spooky-cookies.json; Parser: buddy-item-multi-source-v1
Spooky Cookies,spooky cookies,Harvest Bundle 01,harvest bundle 01,openable,openable,https://buddy.farm/i/spooky-cookies/,Promoted as advisory source hint from complete cached Buddy page-data fan-out for BL-263.; Not counted as exact supply by this table.; Quantity range: 3-3; Source: https://buddy.farm/i/spooky-cookies/; Page data: https://buddy.farm/page-data/i/spooky-cookies/page-data.json; Cache: spooky-cookies__spooky-cookies.json; Parser: buddy-item-multi-source-v1
Spooky Cookies,spooky cookies,Treat Bag 04,treat bag 04,openable,openable,https://buddy.farm/i/spooky-cookies/,Promoted as advisory source hint from complete cached Buddy page-data fan-out for BL-263.; Not counted as exact supply by this table.; Quantity range: 2-2; Source: https://buddy.farm/i/spooky-cookies/; Page data: https://buddy.farm/page-data/i/spooky-cookies/page-data.json; Cache: spooky-cookies__spooky-cookies.json; Parser: buddy-item-multi-source-v1
Spooky Cookies,spooky cookies,Treat Bag 05,treat bag 05,openable,openable,https://buddy.farm/i/spooky-cookies/,Promoted as advisory source hint from complete cached Buddy page-data fan-out for BL-263.; Not counted as exact supply by this table.; Quantity range: 1-1; Source: https://buddy.farm/i/spooky-cookies/; Page data: https://buddy.farm/page-data/i/spooky-cookies/page-data.json; Cache: spooky-cookies__spooky-cookies.json; Parser: buddy-item-multi-source-v1
Spooky Cookies,spooky cookies,Treat Bag 06,treat bag 06,openable,openable,https://buddy.farm/i/spooky-cookies/,Promoted as advisory source hint from complete cached Buddy page-data fan-out for BL-263.; Not counted as exact supply by this table.; Quantity range: 1-1; Source: https://buddy.farm/i/spooky-cookies/; Page data: https://buddy.farm/page-data/i/spooky-cookies/page-data.json; Cache: spooky-cookies__spooky-cookies.json; Parser: buddy-item-multi-source-v1
Spooky Doll,spooky doll,Treat Bag 05,treat bag 05,openable,openable,https://buddy.farm/i/spooky-doll/,Promoted as advisory source hint from complete cached Buddy page-data fan-out for BL-263.; Not counted as exact supply by this table.; Quantity range: 2-2; Source: https://buddy.farm/i/spooky-doll/; Page data: https://buddy.farm/page-data/i/spooky-doll/page-data.json; Cache: spooky-doll__spooky-doll.json; Parser: buddy-item-multi-source-v1
Spooky Pie,spooky pie,Harvest Bundle 01,harvest bundle 01,openable,openable,https://buddy.farm/i/spooky-pie/,Promoted as advisory source hint from complete cached Buddy page-data fan-out for BL-263.; Not counted as exact supply by this table.; Quantity range: 3-3; Source: https://buddy.farm/i/spooky-pie/; Page data: https://buddy.farm/page-data/i/spooky-pie/page-data.json; Cache: spooky-pie__spooky-pie.json; Parser: buddy-item-multi-source-v1
Spooky Pie,spooky pie,Treat Bag 05,treat bag 05,openable,openable,https://buddy.farm/i/spooky-pie/,Promoted as advisory source hint from complete cached Buddy page-data fan-out for BL-263.; Not counted as exact supply by this table.; Quantity range: 1-1; Source: https://buddy.farm/i/spooky-pie/; Page data: https://buddy.farm/page-data/i/spooky-pie/page-data.json; Cache: spooky-pie__spooky-pie.json; Parser: buddy-item-multi-source-v1
Spooky Pie,spooky pie,Treat Bag 06,treat bag 06,openable,openable,https://buddy.farm/i/spooky-pie/,Promoted as advisory source hint from complete cached Buddy page-data fan-out for BL-263.; Not counted as exact supply by this table.; Quantity range: 1-1; Source: https://buddy.farm/i/spooky-pie/; Page data: https://buddy.farm/page-data/i/spooky-pie/page-data.json; Cache: spooky-pie__spooky-pie.json; Parser: buddy-item-multi-source-v1
Spool of Copper,spool of copper,Belt Drive,belt drive,wishing_well,Wishing Well throw,https://buddy.farm/i/spool-of-copper/,Promoted as advisory source hint from complete cached Buddy page-data fan-out for BL-263.; Not counted as exact supply by this table.; Reward chance: 0.3333333333333333; Candidate flags: reverse_relation; reward_quantity_defaulted; Reverse Wishing Well relation from reward page; candidate export defaults quantity to 1 for review.; Source: https://buddy.farm/i/spool-of-copper/; Page data: https://buddy.farm/page-data/i/spool-of-copper/page-data.json; Cache: spool-of-copper__spool-of-copper.json; Parser: buddy-item-multi-source-v1
Spring Basket 01,spring basket 01,Birthday Surprise Box 03,birthday surprise box 03,openable,openable,https://buddy.farm/i/spring-basket-01/,Promoted as advisory source hint from complete cached Buddy page-data fan-out for BL-263.; Not counted as exact supply by this table.; Quantity range: 1-2; Source: https://buddy.farm/i/spring-basket-01/; Page data: https://buddy.farm/page-data/i/spring-basket-01/page-data.json; Cache: spring-basket-01__spring-basket-01.json; Parser: buddy-item-multi-source-v1
Spring Basket 01,spring basket 01,Birthday Surprise Box 04,birthday surprise box 04,openable,openable,https://buddy.farm/i/spring-basket-01/,Promoted as advisory source hint from complete cached Buddy page-data fan-out for BL-263.; Not counted as exact supply by this table.; Quantity range: 1-2; Source: https://buddy.farm/i/spring-basket-01/; Page data: https://buddy.farm/page-data/i/spring-basket-01/page-data.json; Cache: spring-basket-01__spring-basket-01.json; Parser: buddy-item-multi-source-v1
Spring Basket 01,spring basket 01,Birthday Surprise Box 05,birthday surprise box 05,openable,openable,https://buddy.farm/i/spring-basket-01/,Promoted as advisory source hint from complete cached Buddy page-data fan-out for BL-263.; Not counted as exact supply by this table.; Quantity range: 1-2; Source: https://buddy.farm/i/spring-basket-01/; Page data: https://buddy.farm/page-data/i/spring-basket-01/page-data.json; Cache: spring-basket-01__spring-basket-01.json; Parser: buddy-item-multi-source-v1
Spring Basket 02,spring basket 02,Birthday Surprise Box 04,birthday surprise box 04,openable,openable,https://buddy.farm/i/spring-basket-02/,Promoted as advisory source hint from complete cached Buddy page-data fan-out for BL-263.; Not counted as exact supply by this table.; Quantity range: 1-2; Source: https://buddy.farm/i/spring-basket-02/; Page data: https://buddy.farm/page-data/i/spring-basket-02/page-data.json; Cache: spring-basket-02__spring-basket-02.json; Parser: buddy-item-multi-source-v1
Spring Basket 02,spring basket 02,Birthday Surprise Box 05,birthday surprise box 05,openable,openable,https://buddy.farm/i/spring-basket-02/,Promoted as advisory source hint from complete cached Buddy page-data fan-out for BL-263.; Not counted as exact supply by this table.; Quantity range: 1-2; Source: https://buddy.farm/i/spring-basket-02/; Page data: https://buddy.farm/page-data/i/spring-basket-02/page-data.json; Cache: spring-basket-02__spring-basket-02.json; Parser: buddy-item-multi-source-v1
Spring Basket 03,spring basket 03,Birthday Surprise Box 05,birthday surprise box 05,openable,openable,https://buddy.farm/i/spring-basket-03/,Promoted as advisory source hint from complete cached Buddy page-data fan-out for BL-263.; Not counted as exact supply by this table.; Quantity range: 1-2; Source: https://buddy.farm/i/spring-basket-03/; Page data: https://buddy.farm/page-data/i/spring-basket-03/page-data.json; Cache: spring-basket-03__spring-basket-03.json; Parser: buddy-item-multi-source-v1
Spring Seeds,spring seeds,Bag of Spring Seeds,bag of spring seeds,openable,openable,https://buddy.farm/i/spring-seeds/,Promoted as advisory source hint from complete cached Buddy page-data fan-out for BL-263.; Not counted as exact supply by this table.; Quantity range: 25-25; Source: https://buddy.farm/i/spring-seeds/; Page data: https://buddy.farm/page-data/i/spring-seeds/page-data.json; Cache: spring-seeds__spring-seeds.json; Parser: buddy-item-multi-source-v1
Spring Seeds,spring seeds,Spring Basket 02,spring basket 02,openable,openable,https://buddy.farm/i/spring-seeds/,Promoted as advisory source hint from complete cached Buddy page-data fan-out for BL-263.; Not counted as exact supply by this table.; Quantity range: 200-200; Source: https://buddy.farm/i/spring-seeds/; Page data: https://buddy.farm/page-data/i/spring-seeds/page-data.json; Cache: spring-seeds__spring-seeds.json; Parser: buddy-item-multi-source-v1
Square Key,square key,Grab Bag 08,grab bag 08,openable,openable,https://buddy.farm/i/square-key/,Promoted as advisory source hint from complete cached Buddy page-data fan-out for BL-263.; Not counted as exact supply by this table.; Quantity range: 1-5; Source: https://buddy.farm/i/square-key/; Page data: https://buddy.farm/page-data/i/square-key/page-data.json; Cache: square-key__square-key.json; Parser: buddy-item-multi-source-v1
Square Key,square key,Mystical Chest 01,mystical chest 01,openable,openable,https://buddy.farm/i/square-key/,Promoted as advisory source hint from complete cached Buddy page-data fan-out for BL-263.; Not counted as exact supply by this table.; Quantity range: 3-3; Source: https://buddy.farm/i/square-key/; Page data: https://buddy.farm/page-data/i/square-key/page-data.json; Cache: square-key__square-key.json; Parser: buddy-item-multi-source-v1
Square Key,square key,Treat Bag 03,treat bag 03,openable,openable,https://buddy.farm/i/square-key/,Promoted as advisory source hint from complete cached Buddy page-data fan-out for BL-263.; Not counted as exact supply by this table.; Quantity range: 1-1; Source: https://buddy.farm/i/square-key/; Page data: https://buddy.farm/page-data/i/square-key/page-data.json; Cache: square-key__square-key.json; Parser: buddy-item-multi-source-v1
Square Key,square key,Large Chest 01,large chest 01,wishing_well,Wishing Well throw,https://buddy.farm/i/square-key/,Promoted as advisory source hint from complete cached Buddy page-data fan-out for BL-263.; Not counted as exact supply by this table.; Reward chance: 0.3333333333333333; Candidate flags: reverse_relation; reward_quantity_defaulted; Reverse Wishing Well relation from reward page; candidate export defaults quantity to 1 for review.; Source: https://buddy.farm/i/square-key/; Page data: https://buddy.farm/page-data/i/square-key/page-data.json; Cache: square-key__square-key.json; Parser: buddy-item-multi-source-v1
Square Key,square key,Large Chest 02,large chest 02,wishing_well,Wishing Well throw,https://buddy.farm/i/square-key/,Promoted as advisory source hint from complete cached Buddy page-data fan-out for BL-263.; Not counted as exact supply by this table.; Reward chance: 0.3333333333333333; Candidate flags: reverse_relation; reward_quantity_defaulted; Reverse Wishing Well relation from reward page; candidate export defaults quantity to 1 for review.; Source: https://buddy.farm/i/square-key/; Page data: https://buddy.farm/page-data/i/square-key/page-data.json; Cache: square-key__square-key.json; Parser: buddy-item-multi-source-v1
Square Key,square key,R.O.A.S.,r.o.a.s.,wishing_well,Wishing Well throw,https://buddy.farm/i/square-key/,Promoted as advisory source hint from complete cached Buddy page-data fan-out for BL-263.; Not counted as exact supply by this table.; Reward chance: 0.3333333333333333; Candidate flags: reverse_relation; reward_quantity_defaulted; Reverse Wishing Well relation from reward page; candidate export defaults quantity to 1 for review.; Source: https://buddy.farm/i/square-key/; Page data: https://buddy.farm/page-data/i/square-key/page-data.json; Cache: square-key__square-key.json; Parser: buddy-item-multi-source-v1
Square Key,square key,Treat Bag 02,treat bag 02,wishing_well,Wishing Well throw,https://buddy.farm/i/square-key/,Promoted as advisory source hint from complete cached Buddy page-data fan-out for BL-263.; Not counted as exact supply by this table.; Reward chance: 0.3333333333333333; Candidate flags: reverse_relation; reward_quantity_defaulted; Reverse Wishing Well relation from reward page; candidate export defaults quantity to 1 for review.; Source: https://buddy.farm/i/square-key/; Page data: https://buddy.farm/page-data/i/square-key/page-data.json; Cache: square-key__square-key.json; Parser: buddy-item-multi-source-v1
Stack of Cards,stack of cards,Birthday Surprise Box 03,birthday surprise box 03,openable,openable,https://buddy.farm/i/stack-of-cards/,Promoted as advisory source hint from complete cached Buddy page-data fan-out for BL-263.; Not counted as exact supply by this table.; Quantity range: 1-2; Source: https://buddy.farm/i/stack-of-cards/; Page data: https://buddy.farm/page-data/i/stack-of-cards/page-data.json; Cache: stack-of-cards__stack-of-cards.json; Parser: buddy-item-multi-source-v1
Stack of Cards,stack of cards,Birthday Surprise Box 04,birthday surprise box 04,openable,openable,https://buddy.farm/i/stack-of-cards/,Promoted as advisory source hint from complete cached Buddy page-data fan-out for BL-263.; Not counted as exact supply by this table.; Quantity range: 1-2; Source: https://buddy.farm/i/stack-of-cards/; Page data: https://buddy.farm/page-data/i/stack-of-cards/page-data.json; Cache: stack-of-cards__stack-of-cards.json; Parser: buddy-item-multi-source-v1
Stack of Cards,stack of cards,Birthday Surprise Box 05,birthday surprise box 05,openable,openable,https://buddy.farm/i/stack-of-cards/,Promoted as advisory source hint from complete cached Buddy page-data fan-out for BL-263.; Not counted as exact supply by this table.; Quantity range: 1-2; Source: https://buddy.farm/i/stack-of-cards/; Page data: https://buddy.farm/page-data/i/stack-of-cards/page-data.json; Cache: stack-of-cards__stack-of-cards.json; Parser: buddy-item-multi-source-v1
Starfish,starfish,Christmas Present 08,christmas present 08,openable,openable,https://buddy.farm/i/starfish/,Promoted as advisory source hint from complete cached Buddy page-data fan-out for BL-263.; Not counted as exact supply by this table.; Quantity range: 80-80; Source: https://buddy.farm/i/starfish/; Page data: https://buddy.farm/page-data/i/starfish/page-data.json; Cache: starfish__starfish.json; Parser: buddy-item-multi-source-v1
Steak,steak,Christmas Present 11,christmas present 11,openable,openable,https://buddy.farm/i/steak/,Promoted as advisory source hint from complete cached Buddy page-data fan-out for BL-263.; Not counted as exact supply by this table.; Quantity range: 11-11; Source: https://buddy.farm/i/steak/; Page data: https://buddy.farm/page-data/i/steak/page-data.json; Cache: steak__steak.json; Parser: buddy-item-multi-source-v1
Steak,steak,Grab Bag 06,grab bag 06,openable,openable,https://buddy.farm/i/steak/,Promoted as advisory source hint from complete cached Buddy page-data fan-out for BL-263.; Not counted as exact supply by this table.; Quantity range: 1-3; Source: https://buddy.farm/i/steak/; Page data: https://buddy.farm/page-data/i/steak/page-data.json; Cache: steak__steak.json; Parser: buddy-item-multi-source-v1
Steak Kabob,steak kabob,Christmas Present 11,christmas present 11,openable,openable,https://buddy.farm/i/steak-kabob/,Promoted as advisory source hint from complete cached Buddy page-data fan-out for BL-263.; Not counted as exact supply by this table.; Quantity range: 11-11; Source: https://buddy.farm/i/steak-kabob/; Page data: https://buddy.farm/page-data/i/steak-kabob/page-data.json; Cache: steak-kabob__steak-kabob.json; Parser: buddy-item-multi-source-v1
Steak Kabob,steak kabob,Present 01,present 01,openable,openable,https://buddy.farm/i/steak-kabob/,Promoted as advisory source hint from complete cached Buddy page-data fan-out for BL-263.; Not counted as exact supply by this table.; Quantity range: 3-3; Source: https://buddy.farm/i/steak-kabob/; Page data: https://buddy.farm/page-data/i/steak-kabob/page-data.json; Cache: steak-kabob__steak-kabob.json; Parser: buddy-item-multi-source-v1
Steel,steel,Backpack,backpack,openable,openable,https://buddy.farm/i/steel/,Promoted as advisory source hint from complete cached Buddy page-data fan-out for BL-263.; Not counted as exact supply by this table.; Quantity range: 10-10; Source: https://buddy.farm/i/steel/; Page data: https://buddy.farm/page-data/i/steel/page-data.json; Cache: steel__steel.json; Parser: buddy-item-multi-source-v1
Steel,steel,Large Chest 02,large chest 02,openable,openable,https://buddy.farm/i/steel/,Promoted as advisory source hint from complete cached Buddy page-data fan-out for BL-263.; Not counted as exact supply by this table.; Quantity range: 5-5; Source: https://buddy.farm/i/steel/; Page data: https://buddy.farm/page-data/i/steel/page-data.json; Cache: steel__steel.json; Parser: buddy-item-multi-source-v1
Steel Wire,steel wire,Backpack,backpack,openable,openable,https://buddy.farm/i/steel-wire/,Promoted as advisory source hint from complete cached Buddy page-data fan-out for BL-263.; Not counted as exact supply by this table.; Quantity range: 10-10; Source: https://buddy.farm/i/steel-wire/; Page data: https://buddy.farm/page-data/i/steel-wire/page-data.json; Cache: steel-wire__steel-wire.json; Parser: buddy-item-multi-source-v1
Stone,stone,Welcome Card,welcome card,openable,openable,https://buddy.farm/i/stone/,Promoted as advisory source hint from complete cached Buddy page-data fan-out for BL-263.; Not counted as exact supply by this table.; Quantity range: 8-8; Source: https://buddy.farm/i/stone/; Page data: https://buddy.farm/page-data/i/stone/page-data.json; Cache: stone__stone.json; Parser: buddy-item-multi-source-v1
Stone,stone,Dragonfly,dragonfly,wishing_well,Wishing Well throw,https://buddy.farm/i/stone/,Promoted as advisory source hint from complete cached Buddy page-data fan-out for BL-263.; Not counted as exact supply by this table.; Reward chance: 0.3333333333333333; Candidate flags: reverse_relation; reward_quantity_defaulted; Reverse Wishing Well relation from reward page; candidate export defaults quantity to 1 for review.; Source: https://buddy.farm/i/stone/; Page data: https://buddy.farm/page-data/i/stone/page-data.json; Cache: stone__stone.json; Parser: buddy-item-multi-source-v1
Strange Letter,strange letter,Captains Log,captains log,wishing_well,Wishing Well throw,https://buddy.farm/i/strange-letter/,Promoted as advisory source hint from complete cached Buddy page-data fan-out for BL-263.; Not counted as exact supply by this table.; Reward chance: 0.25; Candidate flags: reverse_relation; reward_quantity_defaulted; Reverse Wishing Well relation from reward page; candidate export defaults quantity to 1 for review.; Source: https://buddy.farm/i/strange-letter/; Page data: https://buddy.farm/page-data/i/strange-letter/page-data.json; Cache: strange-letter__strange-letter.json; Parser: buddy-item-multi-source-v1
Strange Letter,strange letter,Gold Carrot,gold carrot,wishing_well,Wishing Well throw,https://buddy.farm/i/strange-letter/,Promoted as advisory source hint from complete cached Buddy page-data fan-out for BL-263.; Not counted as exact supply by this table.; Reward chance: 0.25; Candidate flags: reverse_relation; reward_quantity_defaulted; Reverse Wishing Well relation from reward page; candidate export defaults quantity to 1 for review.; Source: https://buddy.farm/i/strange-letter/; Page data: https://buddy.farm/page-data/i/strange-letter/page-data.json; Cache: strange-letter__strange-letter.json; Parser: buddy-item-multi-source-v1
Strange Letter,strange letter,Magicite,magicite,wishing_well,Wishing Well throw,https://buddy.farm/i/strange-letter/,Promoted as advisory source hint from complete cached Buddy page-data fan-out for BL-263.; Not counted as exact supply by this table.; Reward chance: 0.25; Candidate flags: reverse_relation; reward_quantity_defaulted; Reverse Wishing Well relation from reward page; candidate export defaults quantity to 1 for review.; Source: https://buddy.farm/i/strange-letter/; Page data: https://buddy.farm/page-data/i/strange-letter/page-data.json; Cache: strange-letter__strange-letter.json; Parser: buddy-item-multi-source-v1
Strange Letter,strange letter,Moonstone,moonstone,wishing_well,Wishing Well throw,https://buddy.farm/i/strange-letter/,Promoted as advisory source hint from complete cached Buddy page-data fan-out for BL-263.; Not counted as exact supply by this table.; Reward chance: 0.25; Candidate flags: reverse_relation; reward_quantity_defaulted; Reverse Wishing Well relation from reward page; candidate export defaults quantity to 1 for review.; Source: https://buddy.farm/i/strange-letter/; Page data: https://buddy.farm/page-data/i/strange-letter/page-data.json; Cache: strange-letter__strange-letter.json; Parser: buddy-item-multi-source-v1
Strange Letter,strange letter,Runestone 01,runestone 01,wishing_well,Wishing Well throw,https://buddy.farm/i/strange-letter/,Promoted as advisory source hint from complete cached Buddy page-data fan-out for BL-263.; Not counted as exact supply by this table.; Reward chance: 0.3333333333333333; Candidate flags: reverse_relation; reward_quantity_defaulted; Reverse Wishing Well relation from reward page; candidate export defaults quantity to 1 for review.; Source: https://buddy.farm/i/strange-letter/; Page data: https://buddy.farm/page-data/i/strange-letter/page-data.json; Cache: strange-letter__strange-letter.json; Parser: buddy-item-multi-source-v1
Strange Letter,strange letter,Small Flute,small flute,wishing_well,Wishing Well throw,https://buddy.farm/i/strange-letter/,Promoted as advisory source hint from complete cached Buddy page-data fan-out for BL-263.; Not counted as exact supply by this table.; Reward chance: 0.2; Candidate flags: reverse_relation; reward_quantity_defaulted; Reverse Wishing Well relation from reward page; candidate export defaults quantity to 1 for review.; Source: https://buddy.farm/i/strange-letter/; Page data: https://buddy.farm/page-data/i/strange-letter/page-data.json; Cache: strange-letter__strange-letter.json; Parser: buddy-item-multi-source-v1
Strange Letter,strange letter,Small Spring,small spring,wishing_well,Wishing Well throw,https://buddy.farm/i/strange-letter/,Promoted as advisory source hint from complete cached Buddy page-data fan-out for BL-263.; Not counted as exact supply by this table.; Reward chance: 0.25; Candidate flags: reverse_relation; reward_quantity_defaulted; Reverse Wishing Well relation from reward page; candidate export defaults quantity to 1 for review.; Source: https://buddy.farm/i/strange-letter/; Page data: https://buddy.farm/page-data/i/strange-letter/page-data.json; Cache: strange-letter__strange-letter.json; Parser: buddy-item-multi-source-v1
Strange Ring,strange ring,Lake Minerva,lake minerva,fishing,Large Net,https://buddy.farm/i/strange-ring/,Buddy lists Strange Ring from Lake Minerva fishes per drop.
Sturdy Bow,sturdy bow,Gold Coral,gold coral,wishing_well,Wishing Well throw,https://buddy.farm/i/sturdy-bow/,Promoted as advisory source hint from complete cached Buddy page-data fan-out for BL-263.; Not counted as exact supply by this table.; Reward chance: 0.5; Candidate flags: reverse_relation; reward_quantity_defaulted; Reverse Wishing Well relation from reward page; candidate export defaults quantity to 1 for review.; Source: https://buddy.farm/i/sturdy-bow/; Page data: https://buddy.farm/page-data/i/sturdy-bow/page-data.json; Cache: sturdy-bow__sturdy-bow.json; Parser: buddy-item-multi-source-v1
Sturdy Bow,sturdy bow,Gold Drum,gold drum,wishing_well,Wishing Well throw,https://buddy.farm/i/sturdy-bow/,Promoted as advisory source hint from complete cached Buddy page-data fan-out for BL-263.; Not counted as exact supply by this table.; Reward chance: 0.3333333333333333; Candidate flags: reverse_relation; reward_quantity_defaulted; Reverse Wishing Well relation from reward page; candidate export defaults quantity to 1 for review.; Source: https://buddy.farm/i/sturdy-bow/; Page data: https://buddy.farm/page-data/i/sturdy-bow/page-data.json; Cache: sturdy-bow__sturdy-bow.json; Parser: buddy-item-multi-source-v1
Summer Basket,summer basket,Birthday Surprise Box 03,birthday surprise box 03,openable,openable,https://buddy.farm/i/summer-basket/,Promoted as advisory source hint from complete cached Buddy page-data fan-out for BL-263.; Not counted as exact supply by this table.; Quantity range: 1-2; Source: https://buddy.farm/i/summer-basket/; Page data: https://buddy.farm/page-data/i/summer-basket/page-data.json; Cache: summer-basket__summer-basket.json; Parser: buddy-item-multi-source-v1
Summer Basket,summer basket,Birthday Surprise Box 04,birthday surprise box 04,openable,openable,https://buddy.farm/i/summer-basket/,Promoted as advisory source hint from complete cached Buddy page-data fan-out for BL-263.; Not counted as exact supply by this table.; Quantity range: 1-2; Source: https://buddy.farm/i/summer-basket/; Page data: https://buddy.farm/page-data/i/summer-basket/page-data.json; Cache: summer-basket__summer-basket.json; Parser: buddy-item-multi-source-v1
Summer Basket,summer basket,Birthday Surprise Box 05,birthday surprise box 05,openable,openable,https://buddy.farm/i/summer-basket/,Promoted as advisory source hint from complete cached Buddy page-data fan-out for BL-263.; Not counted as exact supply by this table.; Quantity range: 1-2; Source: https://buddy.farm/i/summer-basket/; Page data: https://buddy.farm/page-data/i/summer-basket/page-data.json; Cache: summer-basket__summer-basket.json; Parser: buddy-item-multi-source-v1
Sun Egg,sun egg,Galactic Egg Basket,galactic egg basket,openable,openable,https://buddy.farm/i/sun-egg/,Promoted as advisory source hint from complete cached Buddy page-data fan-out for BL-263.; Not counted as exact supply by this table.; Quantity range: 1-3; Source: https://buddy.farm/i/sun-egg/; Page data: https://buddy.farm/page-data/i/sun-egg/page-data.json; Cache: sun-egg__sun-egg.json; Parser: buddy-item-multi-source-v1
Sun Shades,sun shades,Buddy's Beach Bag,buddy's beach bag,openable,openable,https://buddy.farm/i/sun-shades/,Promoted as advisory source hint from complete cached Buddy page-data fan-out for BL-263.; Not counted as exact supply by this table.; Quantity range: 1-1; Source: https://buddy.farm/i/sun-shades/; Page data: https://buddy.farm/page-data/i/sun-shades/page-data.json; Cache: sun-shades__sun-shades.json; Parser: buddy-item-multi-source-v1
Sunflower,sunflower,Cornucopia 01,cornucopia 01,openable,openable,https://buddy.farm/i/sunflower/,Promoted as advisory source hint from complete cached Buddy page-data fan-out for BL-263.; Not counted as exact supply by this table.; Quantity range: 1-1; Source: https://buddy.farm/i/sunflower/; Page data: https://buddy.farm/page-data/i/sunflower/page-data.json; Cache: sunflower__sunflower.json; Parser: buddy-item-multi-source-v1
Sunflower,sunflower,Cornucopia 02,cornucopia 02,openable,openable,https://buddy.farm/i/sunflower/,Promoted as advisory source hint from complete cached Buddy page-data fan-out for BL-263.; Not counted as exact supply by this table.; Quantity range: 3-3; Source: https://buddy.farm/i/sunflower/; Page data: https://buddy.farm/page-data/i/sunflower/page-data.json; Cache: sunflower__sunflower.json; Parser: buddy-item-multi-source-v1
Sunflower,sunflower,Cornucopia 03,cornucopia 03,openable,openable,https://buddy.farm/i/sunflower/,Promoted as advisory source hint from complete cached Buddy page-data fan-out for BL-263.; Not counted as exact supply by this table.; Quantity range: 10-10; Source: https://buddy.farm/i/sunflower/; Page data: https://buddy.farm/page-data/i/sunflower/page-data.json; Cache: sunflower__sunflower.json; Parser: buddy-item-multi-source-v1
Sunflower,sunflower,Fall Basket,fall basket,openable,openable,https://buddy.farm/i/sunflower/,Promoted as advisory source hint from complete cached Buddy page-data fan-out for BL-263.; Not counted as exact supply by this table.; Quantity range: 2-2; Source: https://buddy.farm/i/sunflower/; Page data: https://buddy.farm/page-data/i/sunflower/page-data.json; Cache: sunflower__sunflower.json; Parser: buddy-item-multi-source-v1
Sunflower,sunflower,Mystical Chest 02,mystical chest 02,openable,openable,https://buddy.farm/i/sunflower/,Promoted as advisory source hint from complete cached Buddy page-data fan-out for BL-263.; Not counted as exact supply by this table.; Quantity range: 2-2; Source: https://buddy.farm/i/sunflower/; Page data: https://buddy.farm/page-data/i/sunflower/page-data.json; Cache: sunflower__sunflower.json; Parser: buddy-item-multi-source-v1
Sunscreen,sunscreen,Buddy's Beach Bag,buddy's beach bag,openable,openable,https://buddy.farm/i/sunscreen/,Promoted as advisory source hint from complete cached Buddy page-data fan-out for BL-263.; Not counted as exact supply by this table.; Quantity range: 1-1; Source: https://buddy.farm/i/sunscreen/; Page data: https://buddy.farm/page-data/i/sunscreen/page-data.json; Cache: sunscreen__sunscreen.json; Parser: buddy-item-multi-source-v1
Supply Crate 01,supply crate 01,Holiday Cheer Bundle 01,holiday cheer bundle 01,openable,openable,https://buddy.farm/i/supply-crate-01/,Promoted as advisory source hint from complete cached Buddy page-data fan-out for BL-263.; Not counted as exact supply by this table.; Quantity range: 1-1; Source: https://buddy.farm/i/supply-crate-01/; Page data: https://buddy.farm/page-data/i/supply-crate-01/page-data.json; Cache: supply-crate-01__supply-crate-01.json; Parser: buddy-item-multi-source-v1
Supply Crate 02,supply crate 02,Holiday Cheer Bundle 01,holiday cheer bundle 01,openable,openable,https://buddy.farm/i/supply-crate-02/,Promoted as advisory source hint from complete cached Buddy page-data fan-out for BL-263.; Not counted as exact supply by this table.; Quantity range: 1-1; Source: https://buddy.farm/i/supply-crate-02/; Page data: https://buddy.farm/page-data/i/supply-crate-02/page-data.json; Cache: supply-crate-02__supply-crate-02.json; Parser: buddy-item-multi-source-v1
Supply Voucher,supply voucher,Buddy's Beach Bag,buddy's beach bag,openable,openable,https://buddy.farm/i/supply-voucher/,Promoted as advisory source hint from complete cached Buddy page-data fan-out for BL-263.; Not counted as exact supply by this table.; Quantity range: 1-1; Source: https://buddy.farm/i/supply-voucher/; Page data: https://buddy.farm/page-data/i/supply-voucher/page-data.json; Cache: supply-voucher__supply-voucher.json; Parser: buddy-item-multi-source-v1
Supply Voucher,supply voucher,Cornucopia 03,cornucopia 03,openable,openable,https://buddy.farm/i/supply-voucher/,Promoted as advisory source hint from complete cached Buddy page-data fan-out for BL-263.; Not counted as exact supply by this table.; Quantity range: 1-1; Source: https://buddy.farm/i/supply-voucher/; Page data: https://buddy.farm/page-data/i/supply-voucher/page-data.json; Cache: supply-voucher__supply-voucher.json; Parser: buddy-item-multi-source-v1
Supply Voucher,supply voucher,Rosalie's Beach Tote,rosalie's beach tote,openable,openable,https://buddy.farm/i/supply-voucher/,Promoted as advisory source hint from complete cached Buddy page-data fan-out for BL-263.; Not counted as exact supply by this table.; Quantity range: 1-1; Source: https://buddy.farm/i/supply-voucher/; Page data: https://buddy.farm/page-data/i/supply-voucher/page-data.json; Cache: supply-voucher__supply-voucher.json; Parser: buddy-item-multi-source-v1
Tackle Box,tackle box,Beatrix's Booming Brawl Box 02,beatrix's booming brawl box 02,openable,openable,https://buddy.farm/i/tackle-box/,Promoted as advisory source hint from complete cached Buddy page-data fan-out for BL-263.; Not counted as exact supply by this table.; Quantity range: 5-5; Source: https://buddy.farm/i/tackle-box/; Page data: https://buddy.farm/page-data/i/tackle-box/page-data.json; Cache: tackle-box__tackle-box.json; Parser: buddy-item-multi-source-v1
Taffy,taffy,Bag of Ghost Candy,bag of ghost candy,openable,openable,https://buddy.farm/i/taffy/,Promoted as advisory source hint from complete cached Buddy page-data fan-out for BL-263.; Not counted as exact supply by this table.; Quantity range: 1-1; Source: https://buddy.farm/i/taffy/; Page data: https://buddy.farm/page-data/i/taffy/page-data.json; Cache: taffy__taffy.json; Parser: buddy-item-multi-source-v1
Taffy,taffy,Treat Bag 03,treat bag 03,openable,openable,https://buddy.farm/i/taffy/,Promoted as advisory source hint from complete cached Buddy page-data fan-out for BL-263.; Not counted as exact supply by this table.; Quantity range: 3-3; Source: https://buddy.farm/i/taffy/; Page data: https://buddy.farm/page-data/i/taffy/page-data.json; Cache: taffy__taffy.json; Parser: buddy-item-multi-source-v1
Taffy,taffy,Treat Bag 05,treat bag 05,openable,openable,https://buddy.farm/i/taffy/,Promoted as advisory source hint from complete cached Buddy page-data fan-out for BL-263.; Not counted as exact supply by this table.; Quantity range: 25-25; Source: https://buddy.farm/i/taffy/; Page data: https://buddy.farm/page-data/i/taffy/page-data.json; Cache: taffy__taffy.json; Parser: buddy-item-multi-source-v1
Taffy,taffy,Candy,candy,wishing_well,Wishing Well throw,https://buddy.farm/i/taffy/,Promoted as advisory source hint from complete cached Buddy page-data fan-out for BL-263.; Not counted as exact supply by this table.; Reward chance: 0.25; Candidate flags: reverse_relation; reward_quantity_defaulted; Reverse Wishing Well relation from reward page; candidate export defaults quantity to 1 for review.; Source: https://buddy.farm/i/taffy/; Page data: https://buddy.farm/page-data/i/taffy/page-data.json; Cache: taffy__taffy.json; Parser: buddy-item-multi-source-v1
Taffy,taffy,Candy Corn,candy corn,wishing_well,Wishing Well throw,https://buddy.farm/i/taffy/,Promoted as advisory source hint from complete cached Buddy page-data fan-out for BL-263.; Not counted as exact supply by this table.; Reward chance: 0.3333333333333333; Candidate flags: reverse_relation; reward_quantity_defaulted; Reverse Wishing Well relation from reward page; candidate export defaults quantity to 1 for review.; Source: https://buddy.farm/i/taffy/; Page data: https://buddy.farm/page-data/i/taffy/page-data.json; Cache: taffy__taffy.json; Parser: buddy-item-multi-source-v1
Taffy,taffy,Lollipop,lollipop,wishing_well,Wishing Well throw,https://buddy.farm/i/taffy/,Promoted as advisory source hint from complete cached Buddy page-data fan-out for BL-263.; Not counted as exact supply by this table.; Reward chance: 0.3333333333333333; Candidate flags: reverse_relation; reward_quantity_defaulted; Reverse Wishing Well relation from reward page; candidate export defaults quantity to 1 for review.; Source: https://buddy.farm/i/taffy/; Page data: https://buddy.farm/page-data/i/taffy/page-data.json; Cache: taffy__taffy.json; Parser: buddy-item-multi-source-v1
Taffy,taffy,R.O.A.S.,r.o.a.s.,wishing_well,Wishing Well throw,https://buddy.farm/i/taffy/,Promoted as advisory source hint from complete cached Buddy page-data fan-out for BL-263.; Not counted as exact supply by this table.; Reward chance: 0.3333333333333333; Candidate flags: reverse_relation; reward_quantity_defaulted; Reverse Wishing Well relation from reward page; candidate export defaults quantity to 1 for review.; Source: https://buddy.farm/i/taffy/; Page data: https://buddy.farm/page-data/i/taffy/page-data.json; Cache: taffy__taffy.json; Parser: buddy-item-multi-source-v1
Taffy,taffy,Treat Bag 02,treat bag 02,wishing_well,Wishing Well throw,https://buddy.farm/i/taffy/,Promoted as advisory source hint from complete cached Buddy page-data fan-out for BL-263.; Not counted as exact supply by this table.; Reward chance: 0.3333333333333333; Candidate flags: reverse_relation; reward_quantity_defaulted; Reverse Wishing Well relation from reward page; candidate export defaults quantity to 1 for review.; Source: https://buddy.farm/i/taffy/; Page data: https://buddy.farm/page-data/i/taffy/page-data.json; Cache: taffy__taffy.json; Parser: buddy-item-multi-source-v1
Tanooki Buddy Doll,tanooki buddy doll,Buddy Doll Bag 02,buddy doll bag 02,openable,openable,https://buddy.farm/i/tanooki-buddy-doll/,Promoted as advisory source hint from complete cached Buddy page-data fan-out for BL-263.; Not counted as exact supply by this table.; Quantity range: 1-1; Source: https://buddy.farm/i/tanooki-buddy-doll/; Page data: https://buddy.farm/page-data/i/tanooki-buddy-doll/page-data.json; Cache: tanooki-buddy-doll__tanooki-buddy-doll.json; Parser: buddy-item-multi-source-v1
Teapot,teapot,Dice,dice,wishing_well,Wishing Well throw,https://buddy.farm/i/teapot/,Promoted as advisory source hint from complete cached Buddy page-data fan-out for BL-263.; Not counted as exact supply by this table.; Reward chance: 0.25; Candidate flags: reverse_relation; reward_quantity_defaulted; Reverse Wishing Well relation from reward page; candidate export defaults quantity to 1 for review.; Source: https://buddy.farm/i/teapot/; Page data: https://buddy.farm/page-data/i/teapot/page-data.json; Cache: teapot__teapot.json; Parser: buddy-item-multi-source-v1
Teapot,teapot,Freaky Picture,freaky picture,wishing_well,Wishing Well throw,https://buddy.farm/i/teapot/,Promoted as advisory source hint from complete cached Buddy page-data fan-out for BL-263.; Not counted as exact supply by this table.; Reward chance: 0.25; Candidate flags: reverse_relation; reward_quantity_defaulted; Reverse Wishing Well relation from reward page; candidate export defaults quantity to 1 for review.; Source: https://buddy.farm/i/teapot/; Page data: https://buddy.farm/page-data/i/teapot/page-data.json; Cache: teapot__teapot.json; Parser: buddy-item-multi-source-v1
Thank You Card,thank you card,Cornucopia 02,cornucopia 02,openable,openable,https://buddy.farm/i/thank-you-card/,Promoted as advisory source hint from complete cached Buddy page-data fan-out for BL-263.; Not counted as exact supply by this table.; Quantity range: 5-5; Source: https://buddy.farm/i/thank-you-card/; Page data: https://buddy.farm/page-data/i/thank-you-card/page-data.json; Cache: thank-you-card__thank-you-card.json; Parser: buddy-item-multi-source-v1
Thankful Notes,thankful notes,Cornucopia 02,cornucopia 02,openable,openable,https://buddy.farm/i/thankful-notes/,Promoted as advisory source hint from complete cached Buddy page-data fan-out for BL-263.; Not counted as exact supply by this table.; Quantity range: 2-2; Source: https://buddy.farm/i/thankful-notes/; Page data: https://buddy.farm/page-data/i/thankful-notes/page-data.json; Cache: thankful-notes__thankful-notes.json; Parser: buddy-item-multi-source-v1
Thankful Notes,thankful notes,Cornucopia 03,cornucopia 03,openable,openable,https://buddy.farm/i/thankful-notes/,Promoted as advisory source hint from complete cached Buddy page-data fan-out for BL-263.; Not counted as exact supply by this table.; Quantity range: 2-2; Source: https://buddy.farm/i/thankful-notes/; Page data: https://buddy.farm/page-data/i/thankful-notes/page-data.json; Cache: thankful-notes__thankful-notes.json; Parser: buddy-item-multi-source-v1
Thomas's Cup of PB,thomas's cup of pb,Treat Bag 06,treat bag 06,openable,openable,https://buddy.farm/i/thomas-s-cup-of-pb/,Promoted as advisory source hint from complete cached Buddy page-data fan-out for BL-263.; Not counted as exact supply by this table.; Quantity range: 10-10; Source: https://buddy.farm/i/thomas-s-cup-of-pb/; Page data: https://buddy.farm/page-data/i/thomas-s-cup-of-pb/page-data.json; Cache: thomas-s-cup-of-pb__thomas-s-cup-of-pb.json; Parser: buddy-item-multi-source-v1
Thomas's Tavern Tote,thomas's tavern tote,Birthday Surprise Box 05,birthday surprise box 05,openable,openable,https://buddy.farm/i/thomas-s-tavern-tote/,Promoted as advisory source hint from complete cached Buddy page-data fan-out for BL-263.; Not counted as exact supply by this table.; Quantity range: 1-2; Source: https://buddy.farm/i/thomas-s-tavern-tote/; Page data: https://buddy.farm/page-data/i/thomas-s-tavern-tote/page-data.json; Cache: thomas-s-tavern-tote__thomas-s-tavern-tote.json; Parser: buddy-item-multi-source-v1
Time Egg,time egg,Tower Prep Pack 01,tower prep pack 01,openable,openable,https://buddy.farm/i/time-egg/,Promoted as advisory source hint from complete cached Buddy page-data fan-out for BL-263.; Not counted as exact supply by this table.; Quantity range: 1-1; Source: https://buddy.farm/i/time-egg/; Page data: https://buddy.farm/page-data/i/time-egg/page-data.json; Cache: time-egg__time-egg.json; Parser: buddy-item-multi-source-v1
Tomato,tomato,Christmas Present 09,christmas present 09,openable,openable,https://buddy.farm/i/tomato/,Promoted as advisory source hint from complete cached Buddy page-data fan-out for BL-263.; Not counted as exact supply by this table.; Quantity range: 90-90; Source: https://buddy.farm/i/tomato/; Page data: https://buddy.farm/page-data/i/tomato/page-data.json; Cache: tomato__tomato.json; Parser: buddy-item-multi-source-v1
Toothbrush,toothbrush,Buddy's School Bag,buddy's school bag,openable,openable,https://buddy.farm/i/toothbrush/,Promoted as advisory source hint from complete cached Buddy page-data fan-out for BL-263.; Not counted as exact supply by this table.; Quantity range: 2-2; Source: https://buddy.farm/i/toothbrush/; Page data: https://buddy.farm/page-data/i/toothbrush/page-data.json; Cache: toothbrush__toothbrush.json; Parser: buddy-item-multi-source-v1
Travel Voucher,travel voucher,Cornucopia 03,cornucopia 03,openable,openable,https://buddy.farm/i/travel-voucher/,Promoted as advisory source hint from complete cached Buddy page-data fan-out for BL-263.; Not counted as exact supply by this table.; Quantity range: 3-3; Source: https://buddy.farm/i/travel-voucher/; Page data: https://buddy.farm/page-data/i/travel-voucher/page-data.json; Cache: travel-voucher__travel-voucher.json; Parser: buddy-item-multi-source-v1
Travel Voucher,travel voucher,Heart-shaped Box 03,heart-shaped box 03,openable,openable,https://buddy.farm/i/travel-voucher/,Promoted as advisory source hint from complete cached Buddy page-data fan-out for BL-263.; Not counted as exact supply by this table.; Quantity range: 2-2; Source: https://buddy.farm/i/travel-voucher/; Page data: https://buddy.farm/page-data/i/travel-voucher/page-data.json; Cache: travel-voucher__travel-voucher.json; Parser: buddy-item-multi-source-v1
Travel Voucher,travel voucher,Traveler's Bag 01,traveler's bag 01,openable,openable,https://buddy.farm/i/travel-voucher/,Promoted as advisory source hint from complete cached Buddy page-data fan-out for BL-263.; Not counted as exact supply by this table.; Quantity range: 2-2; Source: https://buddy.farm/i/travel-voucher/; Page data: https://buddy.farm/page-data/i/travel-voucher/page-data.json; Cache: travel-voucher__travel-voucher.json; Parser: buddy-item-multi-source-v1
Treasure Chest,treasure chest,Wooden Box,wooden box,wishing_well,Wishing Well throw,https://buddy.farm/i/treasure-chest/,Promoted as advisory source hint from complete cached Buddy page-data fan-out for BL-263.; Not counted as exact supply by this table.; Reward chance: 0.25; Candidate flags: reverse_relation; reward_quantity_defaulted; Reverse Wishing Well relation from reward page; candidate export defaults quantity to 1 for review.; Source: https://buddy.farm/i/treasure-chest/; Page data: https://buddy.farm/page-data/i/treasure-chest/page-data.json; Cache: treasure-chest__treasure-chest.json; Parser: buddy-item-multi-source-v1
Treasure Key,treasure key,Borgen Bag 01,borgen bag 01,openable,openable,https://buddy.farm/i/treasure-key/,Promoted as advisory source hint from complete cached Buddy page-data fan-out for BL-263.; Not counted as exact supply by this table.; Quantity range: 10-400; Source: https://buddy.farm/i/treasure-key/; Page data: https://buddy.farm/page-data/i/treasure-key/page-data.json; Cache: treasure-key__treasure-key.json; Parser: buddy-item-multi-source-v1
Treasure Key,treasure key,Grab Bag 03,grab bag 03,openable,openable,https://buddy.farm/i/treasure-key/,Promoted as advisory source hint from complete cached Buddy page-data fan-out for BL-263.; Not counted as exact supply by this table.; Quantity range: 1-7; Source: https://buddy.farm/i/treasure-key/; Page data: https://buddy.farm/page-data/i/treasure-key/page-data.json; Cache: treasure-key__treasure-key.json; Parser: buddy-item-multi-source-v1
Treasure Key,treasure key,Grab Bag 08,grab bag 08,openable,openable,https://buddy.farm/i/treasure-key/,Promoted as advisory source hint from complete cached Buddy page-data fan-out for BL-263.; Not counted as exact supply by this table.; Quantity range: 1-3; Source: https://buddy.farm/i/treasure-key/; Page data: https://buddy.farm/page-data/i/treasure-key/page-data.json; Cache: treasure-key__treasure-key.json; Parser: buddy-item-multi-source-v1
Treasure Key,treasure key,Large Chest 01,large chest 01,wishing_well,Wishing Well throw,https://buddy.farm/i/treasure-key/,Promoted as advisory source hint from complete cached Buddy page-data fan-out for BL-263.; Not counted as exact supply by this table.; Reward chance: 0.3333333333333333; Candidate flags: reverse_relation; reward_quantity_defaulted; Reverse Wishing Well relation from reward page; candidate export defaults quantity to 1 for review.; Source: https://buddy.farm/i/treasure-key/; Page data: https://buddy.farm/page-data/i/treasure-key/page-data.json; Cache: treasure-key__treasure-key.json; Parser: buddy-item-multi-source-v1
Treasure Key,treasure key,Large Chest 02,large chest 02,wishing_well,Wishing Well throw,https://buddy.farm/i/treasure-key/,Promoted as advisory source hint from complete cached Buddy page-data fan-out for BL-263.; Not counted as exact supply by this table.; Reward chance: 0.3333333333333333; Candidate flags: reverse_relation; reward_quantity_defaulted; Reverse Wishing Well relation from reward page; candidate export defaults quantity to 1 for review.; Source: https://buddy.farm/i/treasure-key/; Page data: https://buddy.farm/page-data/i/treasure-key/page-data.json; Cache: treasure-key__treasure-key.json; Parser: buddy-item-multi-source-v1
Treat Bag 01,treat bag 01,Pillow Case 01,pillow case 01,openable,openable,https://buddy.farm/i/treat-bag-01/,Promoted as advisory source hint from complete cached Buddy page-data fan-out for BL-263.; Not counted as exact supply by this table.; Quantity range: 1-1; Source: https://buddy.farm/i/treat-bag-01/; Page data: https://buddy.farm/page-data/i/treat-bag-01/page-data.json; Cache: treat-bag-01__treat-bag-01.json; Parser: buddy-item-multi-source-v1
Treat Bag 01,treat bag 01,Chattering Teeth,chattering teeth,wishing_well,Wishing Well throw,https://buddy.farm/i/treat-bag-01/,Promoted as advisory source hint from complete cached Buddy page-data fan-out for BL-263.; Not counted as exact supply by this table.; Reward chance: 0.25; Candidate flags: reverse_relation; reward_quantity_defaulted; Reverse Wishing Well relation from reward page; candidate export defaults quantity to 1 for review.; Source: https://buddy.farm/i/treat-bag-01/; Page data: https://buddy.farm/page-data/i/treat-bag-01/page-data.json; Cache: treat-bag-01__treat-bag-01.json; Parser: buddy-item-multi-source-v1
Treat Bag 02,treat bag 02,Pillow Case 01,pillow case 01,openable,openable,https://buddy.farm/i/treat-bag-02/,Promoted as advisory source hint from complete cached Buddy page-data fan-out for BL-263.; Not counted as exact supply by this table.; Quantity range: 1-1; Source: https://buddy.farm/i/treat-bag-02/; Page data: https://buddy.farm/page-data/i/treat-bag-02/page-data.json; Cache: treat-bag-02__treat-bag-02.json; Parser: buddy-item-multi-source-v1
Treat Bag 03,treat bag 03,Pillow Case 01,pillow case 01,openable,openable,https://buddy.farm/i/treat-bag-03/,Promoted as advisory source hint from complete cached Buddy page-data fan-out for BL-263.; Not counted as exact supply by this table.; Quantity range: 1-1; Source: https://buddy.farm/i/treat-bag-03/; Page data: https://buddy.farm/page-data/i/treat-bag-03/page-data.json; Cache: treat-bag-03__treat-bag-03.json; Parser: buddy-item-multi-source-v1
Treat Bag 04,treat bag 04,Birthday Surprise Box 03,birthday surprise box 03,openable,openable,https://buddy.farm/i/treat-bag-04/,Promoted as advisory source hint from complete cached Buddy page-data fan-out for BL-263.; Not counted as exact supply by this table.; Quantity range: 1-2; Source: https://buddy.farm/i/treat-bag-04/; Page data: https://buddy.farm/page-data/i/treat-bag-04/page-data.json; Cache: treat-bag-04__treat-bag-04.json; Parser: buddy-item-multi-source-v1
Treat Bag 04,treat bag 04,Birthday Surprise Box 04,birthday surprise box 04,openable,openable,https://buddy.farm/i/treat-bag-04/,Promoted as advisory source hint from complete cached Buddy page-data fan-out for BL-263.; Not counted as exact supply by this table.; Quantity range: 1-2; Source: https://buddy.farm/i/treat-bag-04/; Page data: https://buddy.farm/page-data/i/treat-bag-04/page-data.json; Cache: treat-bag-04__treat-bag-04.json; Parser: buddy-item-multi-source-v1
Treat Bag 04,treat bag 04,Birthday Surprise Box 05,birthday surprise box 05,openable,openable,https://buddy.farm/i/treat-bag-04/,Promoted as advisory source hint from complete cached Buddy page-data fan-out for BL-263.; Not counted as exact supply by this table.; Quantity range: 1-2; Source: https://buddy.farm/i/treat-bag-04/; Page data: https://buddy.farm/page-data/i/treat-bag-04/page-data.json; Cache: treat-bag-04__treat-bag-04.json; Parser: buddy-item-multi-source-v1
Treat Bag 04,treat bag 04,Pillow Case 01,pillow case 01,openable,openable,https://buddy.farm/i/treat-bag-04/,Promoted as advisory source hint from complete cached Buddy page-data fan-out for BL-263.; Not counted as exact supply by this table.; Quantity range: 1-1; Source: https://buddy.farm/i/treat-bag-04/; Page data: https://buddy.farm/page-data/i/treat-bag-04/page-data.json; Cache: treat-bag-04__treat-bag-04.json; Parser: buddy-item-multi-source-v1
Treat Bag 05,treat bag 05,Birthday Surprise Box 03,birthday surprise box 03,openable,openable,https://buddy.farm/i/treat-bag-05/,Promoted as advisory source hint from complete cached Buddy page-data fan-out for BL-263.; Not counted as exact supply by this table.; Quantity range: 1-2; Source: https://buddy.farm/i/treat-bag-05/; Page data: https://buddy.farm/page-data/i/treat-bag-05/page-data.json; Cache: treat-bag-05__treat-bag-05.json; Parser: buddy-item-multi-source-v1
Treat Bag 05,treat bag 05,Birthday Surprise Box 04,birthday surprise box 04,openable,openable,https://buddy.farm/i/treat-bag-05/,Promoted as advisory source hint from complete cached Buddy page-data fan-out for BL-263.; Not counted as exact supply by this table.; Quantity range: 1-2; Source: https://buddy.farm/i/treat-bag-05/; Page data: https://buddy.farm/page-data/i/treat-bag-05/page-data.json; Cache: treat-bag-05__treat-bag-05.json; Parser: buddy-item-multi-source-v1
Treat Bag 05,treat bag 05,Birthday Surprise Box 05,birthday surprise box 05,openable,openable,https://buddy.farm/i/treat-bag-05/,Promoted as advisory source hint from complete cached Buddy page-data fan-out for BL-263.; Not counted as exact supply by this table.; Quantity range: 1-2; Source: https://buddy.farm/i/treat-bag-05/; Page data: https://buddy.farm/page-data/i/treat-bag-05/page-data.json; Cache: treat-bag-05__treat-bag-05.json; Parser: buddy-item-multi-source-v1
Treat Bag 05,treat bag 05,Pillow Case 01,pillow case 01,openable,openable,https://buddy.farm/i/treat-bag-05/,Promoted as advisory source hint from complete cached Buddy page-data fan-out for BL-263.; Not counted as exact supply by this table.; Quantity range: 1-1; Source: https://buddy.farm/i/treat-bag-05/; Page data: https://buddy.farm/page-data/i/treat-bag-05/page-data.json; Cache: treat-bag-05__treat-bag-05.json; Parser: buddy-item-multi-source-v1
Treat Bag 06,treat bag 06,Birthday Surprise Box 04,birthday surprise box 04,openable,openable,https://buddy.farm/i/treat-bag-06/,Promoted as advisory source hint from complete cached Buddy page-data fan-out for BL-263.; Not counted as exact supply by this table.; Quantity range: 1-2; Source: https://buddy.farm/i/treat-bag-06/; Page data: https://buddy.farm/page-data/i/treat-bag-06/page-data.json; Cache: treat-bag-06__treat-bag-06.json; Parser: buddy-item-multi-source-v1
Treat Bag 06,treat bag 06,Birthday Surprise Box 05,birthday surprise box 05,openable,openable,https://buddy.farm/i/treat-bag-06/,Promoted as advisory source hint from complete cached Buddy page-data fan-out for BL-263.; Not counted as exact supply by this table.; Quantity range: 1-2; Source: https://buddy.farm/i/treat-bag-06/; Page data: https://buddy.farm/page-data/i/treat-bag-06/page-data.json; Cache: treat-bag-06__treat-bag-06.json; Parser: buddy-item-multi-source-v1
Treat Bag 06,treat bag 06,Pillow Case 01,pillow case 01,openable,openable,https://buddy.farm/i/treat-bag-06/,Promoted as advisory source hint from complete cached Buddy page-data fan-out for BL-263.; Not counted as exact supply by this table.; Quantity range: 1-1; Source: https://buddy.farm/i/treat-bag-06/; Page data: https://buddy.farm/page-data/i/treat-bag-06/page-data.json; Cache: treat-bag-06__treat-bag-06.json; Parser: buddy-item-multi-source-v1
Trout,trout,Christmas Present 09,christmas present 09,openable,openable,https://buddy.farm/i/trout/,Promoted as advisory source hint from complete cached Buddy page-data fan-out for BL-263.; Not counted as exact supply by this table.; Quantity range: 90-90; Source: https://buddy.farm/i/trout/; Page data: https://buddy.farm/page-data/i/trout/page-data.json; Cache: trout__trout.json; Parser: buddy-item-multi-source-v1
Turkey Buddy Doll,turkey buddy doll,Buddy Doll Bag 01,buddy doll bag 01,openable,openable,https://buddy.farm/i/turkey-buddy-doll/,Promoted as advisory source hint from complete cached Buddy page-data fan-out for BL-263.; Not counted as exact supply by this table.; Quantity range: 1-1; Source: https://buddy.farm/i/turkey-buddy-doll/; Page data: https://buddy.farm/page-data/i/turkey-buddy-doll/page-data.json; Cache: turkey-buddy-doll__turkey-buddy-doll.json; Parser: buddy-item-multi-source-v1
Twine,twine,Medium Chest 03,medium chest 03,openable,openable,https://buddy.farm/i/twine/,Promoted as advisory source hint from complete cached Buddy page-data fan-out for BL-263.; Not counted as exact supply by this table.; Quantity range: 25-25; Source: https://buddy.farm/i/twine/; Page data: https://buddy.farm/page-data/i/twine/page-data.json; Cache: twine__twine.json; Parser: buddy-item-multi-source-v1
Valentines Card,valentines card,Box of Chocolate 02,box of chocolate 02,openable,openable,https://buddy.farm/i/valentines-card/,Promoted as advisory source hint from complete cached Buddy page-data fan-out for BL-263.; Not counted as exact supply by this table.; Quantity range: 5-5; Source: https://buddy.farm/i/valentines-card/; Page data: https://buddy.farm/page-data/i/valentines-card/page-data.json; Cache: valentines-card__valentines-card.json; Parser: buddy-item-multi-source-v1
Valentines Card,valentines card,Heart-shaped Box 01,heart-shaped box 01,openable,openable,https://buddy.farm/i/valentines-card/,Promoted as advisory source hint from complete cached Buddy page-data fan-out for BL-263.; Not counted as exact supply by this table.; Quantity range: 5-5; Source: https://buddy.farm/i/valentines-card/; Page data: https://buddy.farm/page-data/i/valentines-card/page-data.json; Cache: valentines-card__valentines-card.json; Parser: buddy-item-multi-source-v1
Valentines Card,valentines card,Heart-shaped Box 02,heart-shaped box 02,openable,openable,https://buddy.farm/i/valentines-card/,Promoted as advisory source hint from complete cached Buddy page-data fan-out for BL-263.; Not counted as exact supply by this table.; Quantity range: 5-5; Source: https://buddy.farm/i/valentines-card/; Page data: https://buddy.farm/page-data/i/valentines-card/page-data.json; Cache: valentines-card__valentines-card.json; Parser: buddy-item-multi-source-v1
Valentines Card,valentines card,Heart-shaped Box 03,heart-shaped box 03,openable,openable,https://buddy.farm/i/valentines-card/,Promoted as advisory source hint from complete cached Buddy page-data fan-out for BL-263.; Not counted as exact supply by this table.; Quantity range: 5-5; Source: https://buddy.farm/i/valentines-card/; Page data: https://buddy.farm/page-data/i/valentines-card/page-data.json; Cache: valentines-card__valentines-card.json; Parser: buddy-item-multi-source-v1
Vampire Buddy Doll,vampire buddy doll,Buddy Doll Bag 01,buddy doll bag 01,openable,openable,https://buddy.farm/i/vampire-buddy-doll/,Promoted as advisory source hint from complete cached Buddy page-data fan-out for BL-263.; Not counted as exact supply by this table.; Quantity range: 1-1; Source: https://buddy.farm/i/vampire-buddy-doll/; Page data: https://buddy.farm/page-data/i/vampire-buddy-doll/page-data.json; Cache: vampire-buddy-doll__vampire-buddy-doll.json; Parser: buddy-item-multi-source-v1
Veggie Juice,veggie juice,Harvest Bundle 01,harvest bundle 01,openable,openable,https://buddy.farm/i/veggie-juice/,Promoted as advisory source hint from complete cached Buddy page-data fan-out for BL-263.; Not counted as exact supply by this table.; Quantity range: 100-100; Source: https://buddy.farm/i/veggie-juice/; Page data: https://buddy.farm/page-data/i/veggie-juice/page-data.json; Cache: veggie-juice__veggie-juice.json; Parser: buddy-item-multi-source-v1
Vixen,vixen,Milk and Cookies,milk and cookies,wishing_well,Wishing Well throw,https://buddy.farm/i/vixen/,Promoted as advisory source hint from complete cached Buddy page-data fan-out for BL-263.; Not counted as exact supply by this table.; Reward chance: 0.25; Candidate flags: reverse_relation; reward_quantity_defaulted; Reverse Wishing Well relation from reward page; candidate export defaults quantity to 1 for review.; Source: https://buddy.farm/i/vixen/; Page data: https://buddy.farm/page-data/i/vixen/page-data.json; Cache: vixen__vixen.json; Parser: buddy-item-multi-source-v1
Void Bag 01,void bag 01,Baba's Snack Pack,baba's snack pack,openable,openable,https://buddy.farm/i/void-bag-01/,Promoted as advisory source hint from complete cached Buddy page-data fan-out for BL-263.; Not counted as exact supply by this table.; Quantity range: 3-3; Source: https://buddy.farm/i/void-bag-01/; Page data: https://buddy.farm/page-data/i/void-bag-01/page-data.json; Cache: void-bag-01__void-bag-01.json; Parser: buddy-item-multi-source-v1
Void Bag 01,void bag 01,Garden Crate 01,garden crate 01,openable,openable,https://buddy.farm/i/void-bag-01/,Promoted as advisory source hint from complete cached Buddy page-data fan-out for BL-263.; Not counted as exact supply by this table.; Quantity range: 25-25; Source: https://buddy.farm/i/void-bag-01/; Page data: https://buddy.farm/page-data/i/void-bag-01/page-data.json; Cache: void-bag-01__void-bag-01.json; Parser: buddy-item-multi-source-v1
Void Bag 01,void bag 01,Heart-shaped Box 01,heart-shaped box 01,openable,openable,https://buddy.farm/i/void-bag-01/,Promoted as advisory source hint from complete cached Buddy page-data fan-out for BL-263.; Not counted as exact supply by this table.; Quantity range: 10-10; Source: https://buddy.farm/i/void-bag-01/; Page data: https://buddy.farm/page-data/i/void-bag-01/page-data.json; Cache: void-bag-01__void-bag-01.json; Parser: buddy-item-multi-source-v1
Void Bag 01,void bag 01,Holiday Cheer Bundle 01,holiday cheer bundle 01,openable,openable,https://buddy.farm/i/void-bag-01/,Promoted as advisory source hint from complete cached Buddy page-data fan-out for BL-263.; Not counted as exact supply by this table.; Quantity range: 10-10; Source: https://buddy.farm/i/void-bag-01/; Page data: https://buddy.farm/page-data/i/void-bag-01/page-data.json; Cache: void-bag-01__void-bag-01.json; Parser: buddy-item-multi-source-v1
Void Bag 01,void bag 01,Magical Chest 01,magical chest 01,openable,openable,https://buddy.farm/i/void-bag-01/,Promoted as advisory source hint from complete cached Buddy page-data fan-out for BL-263.; Not counted as exact supply by this table.; Quantity range: 5-5; Source: https://buddy.farm/i/void-bag-01/; Page data: https://buddy.farm/page-data/i/void-bag-01/page-data.json; Cache: void-bag-01__void-bag-01.json; Parser: buddy-item-multi-source-v1
Void Bag 01,void bag 01,Magical Chest 02,magical chest 02,openable,openable,https://buddy.farm/i/void-bag-01/,Promoted as advisory source hint from complete cached Buddy page-data fan-out for BL-263.; Not counted as exact supply by this table.; Quantity range: 5-5; Source: https://buddy.farm/i/void-bag-01/; Page data: https://buddy.farm/page-data/i/void-bag-01/page-data.json; Cache: void-bag-01__void-bag-01.json; Parser: buddy-item-multi-source-v1
Void Bag 01,void bag 01,Spring Basket 03,spring basket 03,openable,openable,https://buddy.farm/i/void-bag-01/,Promoted as advisory source hint from complete cached Buddy page-data fan-out for BL-263.; Not counted as exact supply by this table.; Quantity range: 25-25; Source: https://buddy.farm/i/void-bag-01/; Page data: https://buddy.farm/page-data/i/void-bag-01/page-data.json; Cache: void-bag-01__void-bag-01.json; Parser: buddy-item-multi-source-v1
Water Bottle,water bottle,Buddy's School Bag,buddy's school bag,openable,openable,https://buddy.farm/i/water-bottle/,Promoted as advisory source hint from complete cached Buddy page-data fan-out for BL-263.; Not counted as exact supply by this table.; Quantity range: 1-1; Source: https://buddy.farm/i/water-bottle/; Page data: https://buddy.farm/page-data/i/water-bottle/page-data.json; Cache: water-bottle__water-bottle.json; Parser: buddy-item-multi-source-v1
Wax Candle,wax candle,Box of Chocolate 01,box of chocolate 01,openable,openable,https://buddy.farm/i/wax-candle/,Promoted as advisory source hint from complete cached Buddy page-data fan-out for BL-263.; Not counted as exact supply by this table.; Quantity range: 1-1; Source: https://buddy.farm/i/wax-candle/; Page data: https://buddy.farm/page-data/i/wax-candle/page-data.json; Cache: wax-candle__wax-candle.json; Parser: buddy-item-multi-source-v1
Wax Candle,wax candle,Ancient Coin,ancient coin,wishing_well,Wishing Well throw,https://buddy.farm/i/wax-candle/,Promoted as advisory source hint from complete cached Buddy page-data fan-out for BL-263.; Not counted as exact supply by this table.; Reward chance: 0.08333333333333333; Candidate flags: reverse_relation; reward_quantity_defaulted; Reverse Wishing Well relation from reward page; candidate export defaults quantity to 1 for review.; Source: https://buddy.farm/i/wax-candle/; Page data: https://buddy.farm/page-data/i/wax-candle/page-data.json; Cache: wax-candle__wax-candle.json; Parser: buddy-item-multi-source-v1
Wax Candle,wax candle,Gouda,gouda,wishing_well,Wishing Well throw,https://buddy.farm/i/wax-candle/,Promoted as advisory source hint from complete cached Buddy page-data fan-out for BL-263.; Not counted as exact supply by this table.; Reward chance: 0.3333333333333333; Candidate flags: reverse_relation; reward_quantity_defaulted; Reverse Wishing Well relation from reward page; candidate export defaults quantity to 1 for review.; Source: https://buddy.farm/i/wax-candle/; Page data: https://buddy.farm/page-data/i/wax-candle/page-data.json; Cache: wax-candle__wax-candle.json; Parser: buddy-item-multi-source-v1
Wax Candle,wax candle,Small Gear,small gear,wishing_well,Wishing Well throw,https://buddy.farm/i/wax-candle/,Promoted as advisory source hint from complete cached Buddy page-data fan-out for BL-263.; Not counted as exact supply by this table.; Reward chance: 0.3333333333333333; Candidate flags: reverse_relation; reward_quantity_defaulted; Reverse Wishing Well relation from reward page; candidate export defaults quantity to 1 for review.; Source: https://buddy.farm/i/wax-candle/; Page data: https://buddy.farm/page-data/i/wax-candle/page-data.json; Cache: wax-candle__wax-candle.json; Parser: buddy-item-multi-source-v1
Wax Candle,wax candle,Witch Hat,witch hat,wishing_well,Wishing Well throw,https://buddy.farm/i/wax-candle/,Promoted as advisory source hint from complete cached Buddy page-data fan-out for BL-263.; Not counted as exact supply by this table.; Reward chance: 0.3333333333333333; Candidate flags: reverse_relation; reward_quantity_defaulted; Reverse Wishing Well relation from reward page; candidate export defaults quantity to 1 for review.; Source: https://buddy.farm/i/wax-candle/; Page data: https://buddy.farm/page-data/i/wax-candle/page-data.json; Cache: wax-candle__wax-candle.json; Parser: buddy-item-multi-source-v1
Werewolf Buddy Doll,werewolf buddy doll,Buddy Doll Bag 01,buddy doll bag 01,openable,openable,https://buddy.farm/i/werewolf-buddy-doll/,Promoted as advisory source hint from complete cached Buddy page-data fan-out for BL-263.; Not counted as exact supply by this table.; Quantity range: 1-1; Source: https://buddy.farm/i/werewolf-buddy-doll/; Page data: https://buddy.farm/page-data/i/werewolf-buddy-doll/page-data.json; Cache: werewolf-buddy-doll__werewolf-buddy-doll.json; Parser: buddy-item-multi-source-v1
Wheat,wheat,Cornucopia 01,cornucopia 01,openable,openable,https://buddy.farm/i/wheat/,Promoted as advisory source hint from complete cached Buddy page-data fan-out for BL-263.; Not counted as exact supply by this table.; Quantity range: 3-3; Source: https://buddy.farm/i/wheat/; Page data: https://buddy.farm/page-data/i/wheat/page-data.json; Cache: wheat__wheat.json; Parser: buddy-item-multi-source-v1
Wheat,wheat,Cornucopia 02,cornucopia 02,openable,openable,https://buddy.farm/i/wheat/,Promoted as advisory source hint from complete cached Buddy page-data fan-out for BL-263.; Not counted as exact supply by this table.; Quantity range: 50-50; Source: https://buddy.farm/i/wheat/; Page data: https://buddy.farm/page-data/i/wheat/page-data.json; Cache: wheat__wheat.json; Parser: buddy-item-multi-source-v1
Wheat,wheat,Fall Basket,fall basket,openable,openable,https://buddy.farm/i/wheat/,Promoted as advisory source hint from complete cached Buddy page-data fan-out for BL-263.; Not counted as exact supply by this table.; Quantity range: 5-5; Source: https://buddy.farm/i/wheat/; Page data: https://buddy.farm/page-data/i/wheat/page-data.json; Cache: wheat__wheat.json; Parser: buddy-item-multi-source-v1
Wine,wine,Box of Chocolate 01,box of chocolate 01,openable,openable,https://buddy.farm/i/wine/,Promoted as advisory source hint from complete cached Buddy page-data fan-out for BL-263.; Not counted as exact supply by this table.; Quantity range: 1-1; Source: https://buddy.farm/i/wine/; Page data: https://buddy.farm/page-data/i/wine/page-data.json; Cache: wine__wine.json; Parser: buddy-item-multi-source-v1
Wine,wine,Christmas Present 11,christmas present 11,openable,openable,https://buddy.farm/i/wine/,Promoted as advisory source hint from complete cached Buddy page-data fan-out for BL-263.; Not counted as exact supply by this table.; Quantity range: 11-11; Source: https://buddy.farm/i/wine/; Page data: https://buddy.farm/page-data/i/wine/page-data.json; Cache: wine__wine.json; Parser: buddy-item-multi-source-v1
Wine,wine,Grab Bag 06,grab bag 06,openable,openable,https://buddy.farm/i/wine/,Promoted as advisory source hint from complete cached Buddy page-data fan-out for BL-263.; Not counted as exact supply by this table.; Quantity range: 1-4; Source: https://buddy.farm/i/wine/; Page data: https://buddy.farm/page-data/i/wine/page-data.json; Cache: wine__wine.json; Parser: buddy-item-multi-source-v1
Wine,wine,Medium Chest 03,medium chest 03,openable,openable,https://buddy.farm/i/wine/,Promoted as advisory source hint from complete cached Buddy page-data fan-out for BL-263.; Not counted as exact supply by this table.; Quantity range: 1-1; Source: https://buddy.farm/i/wine/; Page data: https://buddy.farm/page-data/i/wine/page-data.json; Cache: wine__wine.json; Parser: buddy-item-multi-source-v1
Winged Amulet,winged amulet,Mystical Chest 01,mystical chest 01,openable,openable,https://buddy.farm/i/winged-amulet/,Promoted as advisory source hint from complete cached Buddy page-data fan-out for BL-263.; Not counted as exact supply by this table.; Quantity range: 1-1; Source: https://buddy.farm/i/winged-amulet/; Page data: https://buddy.farm/page-data/i/winged-amulet/page-data.json; Cache: winged-amulet__winged-amulet.json; Parser: buddy-item-multi-source-v1
Winter Basket,winter basket,Birthday Surprise Box 03,birthday surprise box 03,openable,openable,https://buddy.farm/i/winter-basket/,Promoted as advisory source hint from complete cached Buddy page-data fan-out for BL-263.; Not counted as exact supply by this table.; Quantity range: 1-2; Source: https://buddy.farm/i/winter-basket/; Page data: https://buddy.farm/page-data/i/winter-basket/page-data.json; Cache: winter-basket__winter-basket.json; Parser: buddy-item-multi-source-v1
Winter Basket,winter basket,Birthday Surprise Box 04,birthday surprise box 04,openable,openable,https://buddy.farm/i/winter-basket/,Promoted as advisory source hint from complete cached Buddy page-data fan-out for BL-263.; Not counted as exact supply by this table.; Quantity range: 1-2; Source: https://buddy.farm/i/winter-basket/; Page data: https://buddy.farm/page-data/i/winter-basket/page-data.json; Cache: winter-basket__winter-basket.json; Parser: buddy-item-multi-source-v1
Winter Basket,winter basket,Birthday Surprise Box 05,birthday surprise box 05,openable,openable,https://buddy.farm/i/winter-basket/,Promoted as advisory source hint from complete cached Buddy page-data fan-out for BL-263.; Not counted as exact supply by this table.; Quantity range: 1-2; Source: https://buddy.farm/i/winter-basket/; Page data: https://buddy.farm/page-data/i/winter-basket/page-data.json; Cache: winter-basket__winter-basket.json; Parser: buddy-item-multi-source-v1
Witch Hat,witch hat,Chattering Teeth,chattering teeth,wishing_well,Wishing Well throw,https://buddy.farm/i/witch-hat/,Promoted as advisory source hint from complete cached Buddy page-data fan-out for BL-263.; Not counted as exact supply by this table.; Reward chance: 0.25; Candidate flags: reverse_relation; reward_quantity_defaulted; Reverse Wishing Well relation from reward page; candidate export defaults quantity to 1 for review.; Source: https://buddy.farm/i/witch-hat/; Page data: https://buddy.farm/page-data/i/witch-hat/page-data.json; Cache: witch-hat__witch-hat.json; Parser: buddy-item-multi-source-v1
Witch Hat,witch hat,Wax Candle,wax candle,wishing_well,Wishing Well throw,https://buddy.farm/i/witch-hat/,Promoted as advisory source hint from complete cached Buddy page-data fan-out for BL-263.; Not counted as exact supply by this table.; Reward chance: 0.3333333333333333; Candidate flags: reverse_relation; reward_quantity_defaulted; Reverse Wishing Well relation from reward page; candidate export defaults quantity to 1 for review.; Source: https://buddy.farm/i/witch-hat/; Page data: https://buddy.farm/page-data/i/witch-hat/page-data.json; Cache: witch-hat__witch-hat.json; Parser: buddy-item-multi-source-v1
Witch's Broom,witch's broom,Treat Bag 06,treat bag 06,openable,openable,https://buddy.farm/i/witch-s-broom/,Promoted as advisory source hint from complete cached Buddy page-data fan-out for BL-263.; Not counted as exact supply by this table.; Quantity range: 1-1; Source: https://buddy.farm/i/witch-s-broom/; Page data: https://buddy.farm/page-data/i/witch-s-broom/page-data.json; Cache: witch-s-broom__witch-s-broom.json; Parser: buddy-item-multi-source-v1
Wizard Hat,wizard hat,Mystical Chest 01,mystical chest 01,openable,openable,https://buddy.farm/i/wizard-hat/,Promoted as advisory source hint from complete cached Buddy page-data fan-out for BL-263.; Not counted as exact supply by this table.; Quantity range: 1-1; Source: https://buddy.farm/i/wizard-hat/; Page data: https://buddy.farm/page-data/i/wizard-hat/page-data.json; Cache: wizard-hat__wizard-hat.json; Parser: buddy-item-multi-source-v1
Wizard Hat,wizard hat,Witch Hat,witch hat,wishing_well,Wishing Well throw,https://buddy.farm/i/wizard-hat/,Promoted as advisory source hint from complete cached Buddy page-data fan-out for BL-263.; Not counted as exact supply by this table.; Reward chance: 0.3333333333333333; Candidate flags: reverse_relation; reward_quantity_defaulted; Reverse Wishing Well relation from reward page; candidate export defaults quantity to 1 for review.; Source: https://buddy.farm/i/wizard-hat/; Page data: https://buddy.farm/page-data/i/wizard-hat/page-data.json; Cache: wizard-hat__wizard-hat.json; Parser: buddy-item-multi-source-v1
Wood,wood,Welcome Card,welcome card,openable,openable,https://buddy.farm/i/wood/,Promoted as advisory source hint from complete cached Buddy page-data fan-out for BL-263.; Not counted as exact supply by this table.; Quantity range: 8-8; Source: https://buddy.farm/i/wood/; Page data: https://buddy.farm/page-data/i/wood/page-data.json; Cache: wood__wood.json; Parser: buddy-item-multi-source-v1
Wooden Bow,wooden bow,Essence of Slime,essence of slime,wishing_well,Wishing Well throw,https://buddy.farm/i/wooden-bow/,Promoted as advisory source hint from complete cached Buddy page-data fan-out for BL-263.; Not counted as exact supply by this table.; Reward chance: 0.5; Candidate flags: reverse_relation; reward_quantity_defaulted; Reverse Wishing Well relation from reward page; candidate export defaults quantity to 1 for review.; Source: https://buddy.farm/i/wooden-bow/; Page data: https://buddy.farm/page-data/i/wooden-bow/page-data.json; Cache: wooden-bow__wooden-bow.json; Parser: buddy-item-multi-source-v1
Wooden Bow,wooden bow,Gold Catfish,gold catfish,wishing_well,Wishing Well throw,https://buddy.farm/i/wooden-bow/,Promoted as advisory source hint from complete cached Buddy page-data fan-out for BL-263.; Not counted as exact supply by this table.; Reward chance: 0.3333333333333333; Candidate flags: reverse_relation; reward_quantity_defaulted; Reverse Wishing Well relation from reward page; candidate export defaults quantity to 1 for review.; Source: https://buddy.farm/i/wooden-bow/; Page data: https://buddy.farm/page-data/i/wooden-bow/page-data.json; Cache: wooden-bow__wooden-bow.json; Parser: buddy-item-multi-source-v1
Wooden Mask,wooden mask,4-leaf Clover,4-leaf clover,wishing_well,Wishing Well throw,https://buddy.farm/i/wooden-mask/,Promoted as advisory source hint from complete cached Buddy page-data fan-out for BL-263.; Not counted as exact supply by this table.; Reward chance: 0.3333333333333333; Candidate flags: reverse_relation; reward_quantity_defaulted; Reverse Wishing Well relation from reward page; candidate export defaults quantity to 1 for review.; Source: https://buddy.farm/i/wooden-mask/; Page data: https://buddy.farm/page-data/i/wooden-mask/page-data.json; Cache: wooden-mask__wooden-mask.json; Parser: buddy-item-multi-source-v1
Wooden Mask,wooden mask,Cogwheel,cogwheel,wishing_well,Wishing Well throw,https://buddy.farm/i/wooden-mask/,Promoted as advisory source hint from complete cached Buddy page-data fan-out for BL-263.; Not counted as exact supply by this table.; Reward chance: 0.25; Candidate flags: reverse_relation; reward_quantity_defaulted; Reverse Wishing Well relation from reward page; candidate export defaults quantity to 1 for review.; Source: https://buddy.farm/i/wooden-mask/; Page data: https://buddy.farm/page-data/i/wooden-mask/page-data.json; Cache: wooden-mask__wooden-mask.json; Parser: buddy-item-multi-source-v1
Wooden Mask,wooden mask,Pocket Watch,pocket watch,wishing_well,Wishing Well throw,https://buddy.farm/i/wooden-mask/,Promoted as advisory source hint from complete cached Buddy page-data fan-out for BL-263.; Not counted as exact supply by this table.; Reward chance: 0.3333333333333333; Candidate flags: reverse_relation; reward_quantity_defaulted; Reverse Wishing Well relation from reward page; candidate export defaults quantity to 1 for review.; Source: https://buddy.farm/i/wooden-mask/; Page data: https://buddy.farm/page-data/i/wooden-mask/page-data.json; Cache: wooden-mask__wooden-mask.json; Parser: buddy-item-multi-source-v1
Wooden Mask,wooden mask,Wooden Box,wooden box,wishing_well,Wishing Well throw,https://buddy.farm/i/wooden-mask/,Promoted as advisory source hint from complete cached Buddy page-data fan-out for BL-263.; Not counted as exact supply by this table.; Reward chance: 0.25; Candidate flags: reverse_relation; reward_quantity_defaulted; Reverse Wishing Well relation from reward page; candidate export defaults quantity to 1 for review.; Source: https://buddy.farm/i/wooden-mask/; Page data: https://buddy.farm/page-data/i/wooden-mask/page-data.json; Cache: wooden-mask__wooden-mask.json; Parser: buddy-item-multi-source-v1
Wooden Pipe,wooden pipe,Small Spring,small spring,wishing_well,Wishing Well throw,https://buddy.farm/i/wooden-pipe/,Promoted as advisory source hint from complete cached Buddy page-data fan-out for BL-263.; Not counted as exact supply by this table.; Reward chance: 0.25; Candidate flags: reverse_relation; reward_quantity_defaulted; Reverse Wishing Well relation from reward page; candidate export defaults quantity to 1 for review.; Source: https://buddy.farm/i/wooden-pipe/; Page data: https://buddy.farm/page-data/i/wooden-pipe/page-data.json; Cache: wooden-pipe__wooden-pipe.json; Parser: buddy-item-multi-source-v1
Wooden Pipe,wooden pipe,Spectacles,spectacles,wishing_well,Wishing Well throw,https://buddy.farm/i/wooden-pipe/,Promoted as advisory source hint from complete cached Buddy page-data fan-out for BL-263.; Not counted as exact supply by this table.; Reward chance: 0.2; Candidate flags: reverse_relation; reward_quantity_defaulted; Reverse Wishing Well relation from reward page; candidate export defaults quantity to 1 for review.; Source: https://buddy.farm/i/wooden-pipe/; Page data: https://buddy.farm/page-data/i/wooden-pipe/page-data.json; Cache: wooden-pipe__wooden-pipe.json; Parser: buddy-item-multi-source-v1
Wooden Plank,wooden plank,Small Chest 02,small chest 02,openable,openable,https://buddy.farm/i/wooden-plank/,Promoted as advisory source hint from complete cached Buddy page-data fan-out for BL-263.; Not counted as exact supply by this table.; Quantity range: 10-10; Source: https://buddy.farm/i/wooden-plank/; Page data: https://buddy.farm/page-data/i/wooden-plank/page-data.json; Cache: wooden-plank__wooden-plank.json; Parser: buddy-item-multi-source-v1
Worms,worms,Bait Bag 01,bait bag 01,openable,openable,https://buddy.farm/i/worms/,Promoted as advisory source hint from complete cached Buddy page-data fan-out for BL-263.; Not counted as exact supply by this table.; Quantity range: 10-250; Source: https://buddy.farm/i/worms/; Page data: https://buddy.farm/page-data/i/worms/page-data.json; Cache: worms__worms.json; Parser: buddy-item-multi-source-v1
Worms,worms,Tackle Box,tackle box,openable,openable,https://buddy.farm/i/worms/,Promoted as advisory source hint from complete cached Buddy page-data fan-out for BL-263.; Not counted as exact supply by this table.; Quantity range: 100-100; Source: https://buddy.farm/i/worms/; Page data: https://buddy.farm/page-data/i/worms/page-data.json; Cache: worms__worms.json; Parser: buddy-item-multi-source-v1
Worms,worms,Welcome Card,welcome card,openable,openable,https://buddy.farm/i/worms/,Promoted as advisory source hint from complete cached Buddy page-data fan-out for BL-263.; Not counted as exact supply by this table.; Quantity range: 8-8; Source: https://buddy.farm/i/worms/; Page data: https://buddy.farm/page-data/i/worms/page-data.json; Cache: worms__worms.json; Parser: buddy-item-multi-source-v1
Wrench,wrench,Spoon,spoon,wishing_well,Wishing Well throw,https://buddy.farm/i/wrench/,Promoted as advisory source hint from complete cached Buddy page-data fan-out for BL-263.; Not counted as exact supply by this table.; Reward chance: 0.3333333333333333; Candidate flags: reverse_relation; reward_quantity_defaulted; Reverse Wishing Well relation from reward page; candidate export defaults quantity to 1 for review.; Source: https://buddy.farm/i/wrench/; Page data: https://buddy.farm/page-data/i/wrench/page-data.json; Cache: wrench__wrench.json; Parser: buddy-item-multi-source-v1
Wrench,wrench,Steel Plate,steel plate,wishing_well,Wishing Well throw,https://buddy.farm/i/wrench/,Promoted as advisory source hint from complete cached Buddy page-data fan-out for BL-263.; Not counted as exact supply by this table.; Reward chance: 0.3333333333333333; Candidate flags: reverse_relation; reward_quantity_defaulted; Reverse Wishing Well relation from reward page; candidate export defaults quantity to 1 for review.; Source: https://buddy.farm/i/wrench/; Page data: https://buddy.farm/page-data/i/wrench/page-data.json; Cache: wrench__wrench.json; Parser: buddy-item-multi-source-v1
Yarn,yarn,Backpack,backpack,openable,openable,https://buddy.farm/i/yarn/,Promoted as advisory source hint from complete cached Buddy page-data fan-out for BL-263.; Not counted as exact supply by this table.; Quantity range: 10-10; Source: https://buddy.farm/i/yarn/; Page data: https://buddy.farm/page-data/i/yarn/page-data.json; Cache: yarn__yarn.json; Parser: buddy-item-multi-source-v1
YoYo,yoyo,Baba's Snack Pack,baba's snack pack,openable,openable,https://buddy.farm/i/yoyo/,Promoted as advisory source hint from complete cached Buddy page-data fan-out for BL-263.; Not counted as exact supply by this table.; Quantity range: 1-1; Source: https://buddy.farm/i/yoyo/; Page data: https://buddy.farm/page-data/i/yoyo/page-data.json; Cache: yoyo__yoyo.json; Parser: buddy-item-multi-source-v1
Zombie Buddy Doll,zombie buddy doll,Buddy Doll Bag 01,buddy doll bag 01,openable,openable,https://buddy.farm/i/zombie-buddy-doll/,Promoted as advisory source hint from complete cached Buddy page-data fan-out for BL-263.; Not counted as exact supply by this table.; Quantity range: 1-1; Source: https://buddy.farm/i/zombie-buddy-doll/; Page data: https://buddy.farm/page-data/i/zombie-buddy-doll/page-data.json; Cache: zombie-buddy-doll__zombie-buddy-doll.json; Parser: buddy-item-multi-source-v1
