thrown_item_name,thrown_canonical_key,reward_item_name,reward_canonical_key,reward_chance,reward_quantity,evidence,notes
4-leaf Clover,4-leaf clover,MIAB,miab,0.3333333333333333,1,cached_buddy_page_data,Promoted from complete cached Buddy page-data fan-out for BL-251.; Reward quantity defaults to 1 because Buddy page-data exposes chance but not quantity.; Source: https://buddy.farm/i/4-leaf-clover/; Page data: https://buddy.farm/page-data/i/4-leaf-clover/page-data.json; Cache: 4-leaf-clover__4-leaf-clover.json
4-leaf Clover,4-leaf clover,Small Flute,small flute,0.3333333333333333,1,cached_buddy_page_data,Promoted from complete cached Buddy page-data fan-out for BL-251.; Reward quantity defaults to 1 because Buddy page-data exposes chance but not quantity.; Source: https://buddy.farm/i/4-leaf-clover/; Page data: https://buddy.farm/page-data/i/4-leaf-clover/page-data.json; Cache: 4-leaf-clover__4-leaf-clover.json
4-leaf Clover,4-leaf clover,Wooden Mask,wooden mask,0.3333333333333333,1,cached_buddy_page_data,Promoted from complete cached Buddy page-data fan-out for BL-251.; Reward quantity defaults to 1 because Buddy page-data exposes chance but not quantity.; Source: https://buddy.farm/i/4-leaf-clover/; Page data: https://buddy.farm/page-data/i/4-leaf-clover/page-data.json; Cache: 4-leaf-clover__4-leaf-clover.json
Ancient Coin,ancient coin,Captains Log,captains log,0.08333333333333333,1,cached_buddy_page_data,Promoted from complete cached Buddy page-data fan-out for BL-251.; Reward quantity defaults to 1 because Buddy page-data exposes chance but not quantity.; Source: https://buddy.farm/i/ancient-coin/; Page data: https://buddy.farm/page-data/i/ancient-coin/page-data.json; Cache: ancient-coin__ancient-coin.json
Ancient Coin,ancient coin,Cogwheel,cogwheel,0.08333333333333333,1,cached_buddy_page_data,Promoted from complete cached Buddy page-data fan-out for BL-251.; Reward quantity defaults to 1 because Buddy page-data exposes chance but not quantity.; Source: https://buddy.farm/i/ancient-coin/; Page data: https://buddy.farm/page-data/i/ancient-coin/page-data.json; Cache: ancient-coin__ancient-coin.json
Ancient Coin,ancient coin,Eye Patch,eye patch,0.08333333333333333,1,cached_buddy_page_data,Promoted from complete cached Buddy page-data fan-out for BL-251.; Reward quantity defaults to 1 because Buddy page-data exposes chance but not quantity.; Source: https://buddy.farm/i/ancient-coin/; Page data: https://buddy.farm/page-data/i/ancient-coin/page-data.json; Cache: ancient-coin__ancient-coin.json
Ancient Coin,ancient coin,Freaky Picture,freaky picture,0.08333333333333333,1,cached_buddy_page_data,Promoted from complete cached Buddy page-data fan-out for BL-251.; Reward quantity defaults to 1 because Buddy page-data exposes chance but not quantity.; Source: https://buddy.farm/i/ancient-coin/; Page data: https://buddy.farm/page-data/i/ancient-coin/page-data.json; Cache: ancient-coin__ancient-coin.json
Ancient Coin,ancient coin,Giant Centipede,giant centipede,0.08333333333333333,1,cached_buddy_page_data,Promoted from complete cached Buddy page-data fan-out for BL-251.; Reward quantity defaults to 1 because Buddy page-data exposes chance but not quantity.; Source: https://buddy.farm/i/ancient-coin/; Page data: https://buddy.farm/page-data/i/ancient-coin/page-data.json; Cache: ancient-coin__ancient-coin.json
Ancient Coin,ancient coin,Octopus,octopus,0.08333333333333333,1,cached_buddy_page_data,Promoted from complete cached Buddy page-data fan-out for BL-251.; Reward quantity defaults to 1 because Buddy page-data exposes chance but not quantity.; Source: https://buddy.farm/i/ancient-coin/; Page data: https://buddy.farm/page-data/i/ancient-coin/page-data.json; Cache: ancient-coin__ancient-coin.json
Ancient Coin,ancient coin,Orange Gecko,orange gecko,0.08333333333333333,1,cached_buddy_page_data,Promoted from complete cached Buddy page-data fan-out for BL-251.; Reward quantity defaults to 1 because Buddy page-data exposes chance but not quantity.; Source: https://buddy.farm/i/ancient-coin/; Page data: https://buddy.farm/page-data/i/ancient-coin/page-data.json; Cache: ancient-coin__ancient-coin.json
Ancient Coin,ancient coin,Shiny Beetle,shiny beetle,0.08333333333333333,1,cached_buddy_page_data,Promoted from complete cached Buddy page-data fan-out for BL-251.; Reward quantity defaults to 1 because Buddy page-data exposes chance but not quantity.; Source: https://buddy.farm/i/ancient-coin/; Page data: https://buddy.farm/page-data/i/ancient-coin/page-data.json; Cache: ancient-coin__ancient-coin.json
Ancient Coin,ancient coin,Small Gear,small gear,0.08333333333333333,1,cached_buddy_page_data,Promoted from complete cached Buddy page-data fan-out for BL-251.; Reward quantity defaults to 1 because Buddy page-data exposes chance but not quantity.; Source: https://buddy.farm/i/ancient-coin/; Page data: https://buddy.farm/page-data/i/ancient-coin/page-data.json; Cache: ancient-coin__ancient-coin.json
Ancient Coin,ancient coin,Small Screw,small screw,0.08333333333333333,1,cached_buddy_page_data,Promoted from complete cached Buddy page-data fan-out for BL-251.; Reward quantity defaults to 1 because Buddy page-data exposes chance but not quantity.; Source: https://buddy.farm/i/ancient-coin/; Page data: https://buddy.farm/page-data/i/ancient-coin/page-data.json; Cache: ancient-coin__ancient-coin.json
Ancient Coin,ancient coin,Snail,snail,0.08333333333333333,1,cached_buddy_page_data,Promoted from complete cached Buddy page-data fan-out for BL-251.; Reward quantity defaults to 1 because Buddy page-data exposes chance but not quantity.; Source: https://buddy.farm/i/ancient-coin/; Page data: https://buddy.farm/page-data/i/ancient-coin/page-data.json; Cache: ancient-coin__ancient-coin.json
Ancient Coin,ancient coin,Wax Candle,wax candle,0.08333333333333333,1,cached_buddy_page_data,Promoted from complete cached Buddy page-data fan-out for BL-251.; Reward quantity defaults to 1 because Buddy page-data exposes chance but not quantity.; Source: https://buddy.farm/i/ancient-coin/; Page data: https://buddy.farm/page-data/i/ancient-coin/page-data.json; Cache: ancient-coin__ancient-coin.json
Antler,antler,Arrowhead,arrowhead,0.3333333333333333,1,cached_buddy_page_data,Promoted from complete cached Buddy page-data fan-out for BL-251.; Reward quantity defaults to 1 because Buddy page-data exposes chance but not quantity.; Source: https://buddy.farm/i/antler/; Page data: https://buddy.farm/page-data/i/antler/page-data.json; Cache: antler__antler.json
Antler,antler,Bird Egg,bird egg,0.3333333333333333,1,cached_buddy_page_data,Promoted from complete cached Buddy page-data fan-out for BL-251.; Reward quantity defaults to 1 because Buddy page-data exposes chance but not quantity.; Source: https://buddy.farm/i/antler/; Page data: https://buddy.farm/page-data/i/antler/page-data.json; Cache: antler__antler.json
Antler,antler,Pine Cone,pine cone,0.3333333333333333,1,cached_buddy_page_data,Promoted from complete cached Buddy page-data fan-out for BL-251.; Reward quantity defaults to 1 because Buddy page-data exposes chance but not quantity.; Source: https://buddy.farm/i/antler/; Page data: https://buddy.farm/page-data/i/antler/page-data.json; Cache: antler__antler.json
Apple Cider,apple cider,Iced Tea,iced tea,0.3333333333333333,1,cached_buddy_page_data,Promoted from complete cached Buddy page-data fan-out for BL-251.; Reward quantity defaults to 1 because Buddy page-data exposes chance but not quantity.; Source: https://buddy.farm/i/apple-cider/; Page data: https://buddy.farm/page-data/i/apple-cider/page-data.json; Cache: apple-cider__apple-cider.json
Apple Cider,apple cider,Lemonade,lemonade,0.3333333333333333,1,cached_buddy_page_data,Promoted from complete cached Buddy page-data fan-out for BL-251.; Reward quantity defaults to 1 because Buddy page-data exposes chance but not quantity.; Source: https://buddy.farm/i/apple-cider/; Page data: https://buddy.farm/page-data/i/apple-cider/page-data.json; Cache: apple-cider__apple-cider.json
Apple Cider,apple cider,Orange Juice,orange juice,0.3333333333333333,1,cached_buddy_page_data,Promoted from complete cached Buddy page-data fan-out for BL-251.; Reward quantity defaults to 1 because Buddy page-data exposes chance but not quantity.; Source: https://buddy.farm/i/apple-cider/; Page data: https://buddy.farm/page-data/i/apple-cider/page-data.json; Cache: apple-cider__apple-cider.json
Aquamarine,aquamarine,Amethyst,amethyst,0.25,1,cached_buddy_page_data,Promoted from complete cached Buddy page-data fan-out for BL-251.; Reward quantity defaults to 1 because Buddy page-data exposes chance but not quantity.; Source: https://buddy.farm/i/aquamarine/; Page data: https://buddy.farm/page-data/i/aquamarine/page-data.json; Cache: aquamarine__aquamarine.json
Aquamarine,aquamarine,Emerald,emerald,0.25,1,cached_buddy_page_data,Promoted from complete cached Buddy page-data fan-out for BL-251.; Reward quantity defaults to 1 because Buddy page-data exposes chance but not quantity.; Source: https://buddy.farm/i/aquamarine/; Page data: https://buddy.farm/page-data/i/aquamarine/page-data.json; Cache: aquamarine__aquamarine.json
Aquamarine,aquamarine,Lemon Quartz,lemon quartz,0.25,1,cached_buddy_page_data,Promoted from complete cached Buddy page-data fan-out for BL-251.; Reward quantity defaults to 1 because Buddy page-data exposes chance but not quantity.; Source: https://buddy.farm/i/aquamarine/; Page data: https://buddy.farm/page-data/i/aquamarine/page-data.json; Cache: aquamarine__aquamarine.json
Aquamarine,aquamarine,Ruby,ruby,0.25,1,cached_buddy_page_data,Promoted from complete cached Buddy page-data fan-out for BL-251.; Reward quantity defaults to 1 because Buddy page-data exposes chance but not quantity.; Source: https://buddy.farm/i/aquamarine/; Page data: https://buddy.farm/page-data/i/aquamarine/page-data.json; Cache: aquamarine__aquamarine.json
Bacon,bacon,Gold Feather,gold feather,0.3333333333333333,1,cached_buddy_page_data,Promoted from complete cached Buddy page-data fan-out for BL-251.; Reward quantity defaults to 1 because Buddy page-data exposes chance but not quantity.; Source: https://buddy.farm/i/bacon/; Page data: https://buddy.farm/page-data/i/bacon/page-data.json; Cache: bacon__bacon.json
Bacon,bacon,Gold Leaf,gold leaf,0.3333333333333333,1,cached_buddy_page_data,Promoted from complete cached Buddy page-data fan-out for BL-251.; Reward quantity defaults to 1 because Buddy page-data exposes chance but not quantity.; Source: https://buddy.farm/i/bacon/; Page data: https://buddy.farm/page-data/i/bacon/page-data.json; Cache: bacon__bacon.json
Bacon,bacon,Magicite,magicite,0.3333333333333333,1,cached_buddy_page_data,Promoted from complete cached Buddy page-data fan-out for BL-251.; Reward quantity defaults to 1 because Buddy page-data exposes chance but not quantity.; Source: https://buddy.farm/i/bacon/; Page data: https://buddy.farm/page-data/i/bacon/page-data.json; Cache: bacon__bacon.json
Belt Drive,belt drive,Energy Coil,energy coil,0.3333333333333333,1,cached_buddy_page_data,Promoted from complete cached Buddy page-data fan-out for BL-251.; Reward quantity defaults to 1 because Buddy page-data exposes chance but not quantity.; Source: https://buddy.farm/i/belt-drive/; Page data: https://buddy.farm/page-data/i/belt-drive/page-data.json; Cache: belt-drive__belt-drive.json
Belt Drive,belt drive,Metal Spool,metal spool,0.3333333333333333,1,cached_buddy_page_data,Promoted from complete cached Buddy page-data fan-out for BL-251.; Reward quantity defaults to 1 because Buddy page-data exposes chance but not quantity.; Source: https://buddy.farm/i/belt-drive/; Page data: https://buddy.farm/page-data/i/belt-drive/page-data.json; Cache: belt-drive__belt-drive.json
Belt Drive,belt drive,Spool of Copper,spool of copper,0.3333333333333333,1,cached_buddy_page_data,Promoted from complete cached Buddy page-data fan-out for BL-251.; Reward quantity defaults to 1 because Buddy page-data exposes chance but not quantity.; Source: https://buddy.farm/i/belt-drive/; Page data: https://buddy.farm/page-data/i/belt-drive/page-data.json; Cache: belt-drive__belt-drive.json
Block of Wood,block of wood,Carved Bear,carved bear,0.0625,1,cached_buddy_page_data,Promoted from complete cached Buddy page-data fan-out for BL-251.; Reward quantity defaults to 1 because Buddy page-data exposes chance but not quantity.; Source: https://buddy.farm/i/block-of-wood/; Page data: https://buddy.farm/page-data/i/block-of-wood/page-data.json; Cache: block-of-wood__block-of-wood.json
Block of Wood,block of wood,Carved Camel,carved camel,0.0625,1,cached_buddy_page_data,Promoted from complete cached Buddy page-data fan-out for BL-251.; Reward quantity defaults to 1 because Buddy page-data exposes chance but not quantity.; Source: https://buddy.farm/i/block-of-wood/; Page data: https://buddy.farm/page-data/i/block-of-wood/page-data.json; Cache: block-of-wood__block-of-wood.json
Block of Wood,block of wood,Carved Chicken,carved chicken,0.0625,1,cached_buddy_page_data,Promoted from complete cached Buddy page-data fan-out for BL-251.; Reward quantity defaults to 1 because Buddy page-data exposes chance but not quantity.; Source: https://buddy.farm/i/block-of-wood/; Page data: https://buddy.farm/page-data/i/block-of-wood/page-data.json; Cache: block-of-wood__block-of-wood.json
Block of Wood,block of wood,Carved Cow,carved cow,0.0625,1,cached_buddy_page_data,Promoted from complete cached Buddy page-data fan-out for BL-251.; Reward quantity defaults to 1 because Buddy page-data exposes chance but not quantity.; Source: https://buddy.farm/i/block-of-wood/; Page data: https://buddy.farm/page-data/i/block-of-wood/page-data.json; Cache: block-of-wood__block-of-wood.json
Block of Wood,block of wood,Carved Dragon,carved dragon,0.0625,1,cached_buddy_page_data,Promoted from complete cached Buddy page-data fan-out for BL-251.; Reward quantity defaults to 1 because Buddy page-data exposes chance but not quantity.; Source: https://buddy.farm/i/block-of-wood/; Page data: https://buddy.farm/page-data/i/block-of-wood/page-data.json; Cache: block-of-wood__block-of-wood.json
Block of Wood,block of wood,Carved Fox,carved fox,0.0625,1,cached_buddy_page_data,Promoted from complete cached Buddy page-data fan-out for BL-251.; Reward quantity defaults to 1 because Buddy page-data exposes chance but not quantity.; Source: https://buddy.farm/i/block-of-wood/; Page data: https://buddy.farm/page-data/i/block-of-wood/page-data.json; Cache: block-of-wood__block-of-wood.json
Block of Wood,block of wood,Carved Kitty,carved kitty,0.0625,1,cached_buddy_page_data,Promoted from complete cached Buddy page-data fan-out for BL-251.; Reward quantity defaults to 1 because Buddy page-data exposes chance but not quantity.; Source: https://buddy.farm/i/block-of-wood/; Page data: https://buddy.farm/page-data/i/block-of-wood/page-data.json; Cache: block-of-wood__block-of-wood.json
Block of Wood,block of wood,Carved Moose,carved moose,0.0625,1,cached_buddy_page_data,Promoted from complete cached Buddy page-data fan-out for BL-251.; Reward quantity defaults to 1 because Buddy page-data exposes chance but not quantity.; Source: https://buddy.farm/i/block-of-wood/; Page data: https://buddy.farm/page-data/i/block-of-wood/page-data.json; Cache: block-of-wood__block-of-wood.json
Block of Wood,block of wood,Carved Mouse,carved mouse,0.0625,1,cached_buddy_page_data,Promoted from complete cached Buddy page-data fan-out for BL-251.; Reward quantity defaults to 1 because Buddy page-data exposes chance but not quantity.; Source: https://buddy.farm/i/block-of-wood/; Page data: https://buddy.farm/page-data/i/block-of-wood/page-data.json; Cache: block-of-wood__block-of-wood.json
Block of Wood,block of wood,Carved Owl,carved owl,0.0625,1,cached_buddy_page_data,Promoted from complete cached Buddy page-data fan-out for BL-251.; Reward quantity defaults to 1 because Buddy page-data exposes chance but not quantity.; Source: https://buddy.farm/i/block-of-wood/; Page data: https://buddy.farm/page-data/i/block-of-wood/page-data.json; Cache: block-of-wood__block-of-wood.json
Block of Wood,block of wood,Carved Pig,carved pig,0.0625,1,cached_buddy_page_data,Promoted from complete cached Buddy page-data fan-out for BL-251.; Reward quantity defaults to 1 because Buddy page-data exposes chance but not quantity.; Source: https://buddy.farm/i/block-of-wood/; Page data: https://buddy.farm/page-data/i/block-of-wood/page-data.json; Cache: block-of-wood__block-of-wood.json
Block of Wood,block of wood,Carved Rabbit,carved rabbit,0.0625,1,cached_buddy_page_data,Promoted from complete cached Buddy page-data fan-out for BL-251.; Reward quantity defaults to 1 because Buddy page-data exposes chance but not quantity.; Source: https://buddy.farm/i/block-of-wood/; Page data: https://buddy.farm/page-data/i/block-of-wood/page-data.json; Cache: block-of-wood__block-of-wood.json
Block of Wood,block of wood,Carved Rhino,carved rhino,0.0625,1,cached_buddy_page_data,Promoted from complete cached Buddy page-data fan-out for BL-251.; Reward quantity defaults to 1 because Buddy page-data exposes chance but not quantity.; Source: https://buddy.farm/i/block-of-wood/; Page data: https://buddy.farm/page-data/i/block-of-wood/page-data.json; Cache: block-of-wood__block-of-wood.json
Block of Wood,block of wood,Carved Squirrel,carved squirrel,0.0625,1,cached_buddy_page_data,Promoted from complete cached Buddy page-data fan-out for BL-251.; Reward quantity defaults to 1 because Buddy page-data exposes chance but not quantity.; Source: https://buddy.farm/i/block-of-wood/; Page data: https://buddy.farm/page-data/i/block-of-wood/page-data.json; Cache: block-of-wood__block-of-wood.json
Block of Wood,block of wood,Carved Squisquatch,carved squisquatch,0.0625,1,cached_buddy_page_data,Promoted from complete cached Buddy page-data fan-out for BL-251.; Reward quantity defaults to 1 because Buddy page-data exposes chance but not quantity.; Source: https://buddy.farm/i/block-of-wood/; Page data: https://buddy.farm/page-data/i/block-of-wood/page-data.json; Cache: block-of-wood__block-of-wood.json
Block of Wood,block of wood,Carved Warthog,carved warthog,0.0625,1,cached_buddy_page_data,Promoted from complete cached Buddy page-data fan-out for BL-251.; Reward quantity defaults to 1 because Buddy page-data exposes chance but not quantity.; Source: https://buddy.farm/i/block-of-wood/; Page data: https://buddy.farm/page-data/i/block-of-wood/page-data.json; Cache: block-of-wood__block-of-wood.json
Candy,candy,Apple,apple,0.25,1,cached_buddy_page_data,Promoted from complete cached Buddy page-data fan-out for BL-251.; Reward quantity defaults to 1 because Buddy page-data exposes chance but not quantity.; Source: https://buddy.farm/i/candy/; Page data: https://buddy.farm/page-data/i/candy/page-data.json; Cache: candy__candy.json
Candy,candy,Lollipop,lollipop,0.25,1,cached_buddy_page_data,Promoted from complete cached Buddy page-data fan-out for BL-251.; Reward quantity defaults to 1 because Buddy page-data exposes chance but not quantity.; Source: https://buddy.farm/i/candy/; Page data: https://buddy.farm/page-data/i/candy/page-data.json; Cache: candy__candy.json
Candy,candy,Spider,spider,0.25,1,cached_buddy_page_data,Promoted from complete cached Buddy page-data fan-out for BL-251.; Reward quantity defaults to 1 because Buddy page-data exposes chance but not quantity.; Source: https://buddy.farm/i/candy/; Page data: https://buddy.farm/page-data/i/candy/page-data.json; Cache: candy__candy.json
Candy,candy,Taffy,taffy,0.25,1,cached_buddy_page_data,Promoted from complete cached Buddy page-data fan-out for BL-251.; Reward quantity defaults to 1 because Buddy page-data exposes chance but not quantity.; Source: https://buddy.farm/i/candy/; Page data: https://buddy.farm/page-data/i/candy/page-data.json; Cache: candy__candy.json
Candy Corn,candy corn,Egyptian Necklace,egyptian necklace,0.3333333333333333,1,cached_buddy_page_data,Promoted from complete cached Buddy page-data fan-out for BL-251.; Reward quantity defaults to 1 because Buddy page-data exposes chance but not quantity.; Source: https://buddy.farm/i/candy-corn/; Page data: https://buddy.farm/page-data/i/candy-corn/page-data.json; Cache: candy-corn__candy-corn.json
Candy Corn,candy corn,R.O.A.S.,r.o.a.s.,0.3333333333333333,1,cached_buddy_page_data,Promoted from complete cached Buddy page-data fan-out for BL-251.; Reward quantity defaults to 1 because Buddy page-data exposes chance but not quantity.; Source: https://buddy.farm/i/candy-corn/; Page data: https://buddy.farm/page-data/i/candy-corn/page-data.json; Cache: candy-corn__candy-corn.json
Candy Corn,candy corn,Taffy,taffy,0.3333333333333333,1,cached_buddy_page_data,Promoted from complete cached Buddy page-data fan-out for BL-251.; Reward quantity defaults to 1 because Buddy page-data exposes chance but not quantity.; Source: https://buddy.farm/i/candy-corn/; Page data: https://buddy.farm/page-data/i/candy-corn/page-data.json; Cache: candy-corn__candy-corn.json
Captains Log,captains log,Eye Patch,eye patch,0.25,1,cached_buddy_page_data,Promoted from complete cached Buddy page-data fan-out for BL-251.; Reward quantity defaults to 1 because Buddy page-data exposes chance but not quantity.; Source: https://buddy.farm/i/captains-log/; Page data: https://buddy.farm/page-data/i/captains-log/page-data.json; Cache: captains-log__captains-log.json
Captains Log,captains log,Moonstone,moonstone,0.25,1,cached_buddy_page_data,Promoted from complete cached Buddy page-data fan-out for BL-251.; Reward quantity defaults to 1 because Buddy page-data exposes chance but not quantity.; Source: https://buddy.farm/i/captains-log/; Page data: https://buddy.farm/page-data/i/captains-log/page-data.json; Cache: captains-log__captains-log.json
Captains Log,captains log,Pirate Flag,pirate flag,0.25,1,cached_buddy_page_data,Promoted from complete cached Buddy page-data fan-out for BL-251.; Reward quantity defaults to 1 because Buddy page-data exposes chance but not quantity.; Source: https://buddy.farm/i/captains-log/; Page data: https://buddy.farm/page-data/i/captains-log/page-data.json; Cache: captains-log__captains-log.json
Captains Log,captains log,Strange Letter,strange letter,0.25,1,cached_buddy_page_data,Promoted from complete cached Buddy page-data fan-out for BL-251.; Reward quantity defaults to 1 because Buddy page-data exposes chance but not quantity.; Source: https://buddy.farm/i/captains-log/; Page data: https://buddy.farm/page-data/i/captains-log/page-data.json; Cache: captains-log__captains-log.json
Carved Bear,carved bear,Carved Cow,carved cow,0.25,1,cached_buddy_page_data,Promoted from complete cached Buddy page-data fan-out for BL-251.; Reward quantity defaults to 1 because Buddy page-data exposes chance but not quantity.; Source: https://buddy.farm/i/carved-bear/; Page data: https://buddy.farm/page-data/i/carved-bear/page-data.json; Cache: carved-bear__carved-bear.json
Carved Bear,carved bear,Carved Fox,carved fox,0.25,1,cached_buddy_page_data,Promoted from complete cached Buddy page-data fan-out for BL-251.; Reward quantity defaults to 1 because Buddy page-data exposes chance but not quantity.; Source: https://buddy.farm/i/carved-bear/; Page data: https://buddy.farm/page-data/i/carved-bear/page-data.json; Cache: carved-bear__carved-bear.json
Carved Bear,carved bear,Carved Moose,carved moose,0.25,1,cached_buddy_page_data,Promoted from complete cached Buddy page-data fan-out for BL-251.; Reward quantity defaults to 1 because Buddy page-data exposes chance but not quantity.; Source: https://buddy.farm/i/carved-bear/; Page data: https://buddy.farm/page-data/i/carved-bear/page-data.json; Cache: carved-bear__carved-bear.json
Carved Bear,carved bear,Carved Rhino,carved rhino,0.25,1,cached_buddy_page_data,Promoted from complete cached Buddy page-data fan-out for BL-251.; Reward quantity defaults to 1 because Buddy page-data exposes chance but not quantity.; Source: https://buddy.farm/i/carved-bear/; Page data: https://buddy.farm/page-data/i/carved-bear/page-data.json; Cache: carved-bear__carved-bear.json
Carved Owl,carved owl,Carved Camel,carved camel,0.3333333333333333,1,cached_buddy_page_data,Promoted from complete cached Buddy page-data fan-out for BL-251.; Reward quantity defaults to 1 because Buddy page-data exposes chance but not quantity.; Source: https://buddy.farm/i/carved-owl/; Page data: https://buddy.farm/page-data/i/carved-owl/page-data.json; Cache: carved-owl__carved-owl.json
Carved Owl,carved owl,Carved Rhino,carved rhino,0.3333333333333333,1,cached_buddy_page_data,Promoted from complete cached Buddy page-data fan-out for BL-251.; Reward quantity defaults to 1 because Buddy page-data exposes chance but not quantity.; Source: https://buddy.farm/i/carved-owl/; Page data: https://buddy.farm/page-data/i/carved-owl/page-data.json; Cache: carved-owl__carved-owl.json
Carved Owl,carved owl,Carved Warthog,carved warthog,0.3333333333333333,1,cached_buddy_page_data,Promoted from complete cached Buddy page-data fan-out for BL-251.; Reward quantity defaults to 1 because Buddy page-data exposes chance but not quantity.; Source: https://buddy.farm/i/carved-owl/; Page data: https://buddy.farm/page-data/i/carved-owl/page-data.json; Cache: carved-owl__carved-owl.json
Carved Rabbit,carved rabbit,Carved Kitty,carved kitty,0.25,1,cached_buddy_page_data,Promoted from complete cached Buddy page-data fan-out for BL-251.; Reward quantity defaults to 1 because Buddy page-data exposes chance but not quantity.; Source: https://buddy.farm/i/carved-rabbit/; Page data: https://buddy.farm/page-data/i/carved-rabbit/page-data.json; Cache: carved-rabbit__carved-rabbit.json
Carved Rabbit,carved rabbit,Carved Mouse,carved mouse,0.25,1,cached_buddy_page_data,Promoted from complete cached Buddy page-data fan-out for BL-251.; Reward quantity defaults to 1 because Buddy page-data exposes chance but not quantity.; Source: https://buddy.farm/i/carved-rabbit/; Page data: https://buddy.farm/page-data/i/carved-rabbit/page-data.json; Cache: carved-rabbit__carved-rabbit.json
Carved Rabbit,carved rabbit,Carved Owl,carved owl,0.25,1,cached_buddy_page_data,Promoted from complete cached Buddy page-data fan-out for BL-251.; Reward quantity defaults to 1 because Buddy page-data exposes chance but not quantity.; Source: https://buddy.farm/i/carved-rabbit/; Page data: https://buddy.farm/page-data/i/carved-rabbit/page-data.json; Cache: carved-rabbit__carved-rabbit.json
Carved Rabbit,carved rabbit,Carved Warthog,carved warthog,0.25,1,cached_buddy_page_data,Promoted from complete cached Buddy page-data fan-out for BL-251.; Reward quantity defaults to 1 because Buddy page-data exposes chance but not quantity.; Source: https://buddy.farm/i/carved-rabbit/; Page data: https://buddy.farm/page-data/i/carved-rabbit/page-data.json; Cache: carved-rabbit__carved-rabbit.json
Carved Warthog,carved warthog,Carved Moose,carved moose,0.25,1,cached_buddy_page_data,Promoted from complete cached Buddy page-data fan-out for BL-251.; Reward quantity defaults to 1 because Buddy page-data exposes chance but not quantity.; Source: https://buddy.farm/i/carved-warthog/; Page data: https://buddy.farm/page-data/i/carved-warthog/page-data.json; Cache: carved-warthog__carved-warthog.json
Carved Warthog,carved warthog,Carved Rabbit,carved rabbit,0.25,1,cached_buddy_page_data,Promoted from complete cached Buddy page-data fan-out for BL-251.; Reward quantity defaults to 1 because Buddy page-data exposes chance but not quantity.; Source: https://buddy.farm/i/carved-warthog/; Page data: https://buddy.farm/page-data/i/carved-warthog/page-data.json; Cache: carved-warthog__carved-warthog.json
Carved Warthog,carved warthog,Carved Squirrel,carved squirrel,0.25,1,cached_buddy_page_data,Promoted from complete cached Buddy page-data fan-out for BL-251.; Reward quantity defaults to 1 because Buddy page-data exposes chance but not quantity.; Source: https://buddy.farm/i/carved-warthog/; Page data: https://buddy.farm/page-data/i/carved-warthog/page-data.json; Cache: carved-warthog__carved-warthog.json
Carved Warthog,carved warthog,Carved Squisquatch,carved squisquatch,0.25,1,cached_buddy_page_data,Promoted from complete cached Buddy page-data fan-out for BL-251.; Reward quantity defaults to 1 because Buddy page-data exposes chance but not quantity.; Source: https://buddy.farm/i/carved-warthog/; Page data: https://buddy.farm/page-data/i/carved-warthog/page-data.json; Cache: carved-warthog__carved-warthog.json
Caterpillar,caterpillar,Fire Ant,fire ant,0.25,1,cached_buddy_page_data,Promoted from complete cached Buddy page-data fan-out for BL-251.; Reward quantity defaults to 1 because Buddy page-data exposes chance but not quantity.; Source: https://buddy.farm/i/caterpillar/; Page data: https://buddy.farm/page-data/i/caterpillar/page-data.json; Cache: caterpillar__caterpillar.json
Caterpillar,caterpillar,Giant Centipede,giant centipede,0.25,1,cached_buddy_page_data,Promoted from complete cached Buddy page-data fan-out for BL-251.; Reward quantity defaults to 1 because Buddy page-data exposes chance but not quantity.; Source: https://buddy.farm/i/caterpillar/; Page data: https://buddy.farm/page-data/i/caterpillar/page-data.json; Cache: caterpillar__caterpillar.json
Caterpillar,caterpillar,Runestone 09,runestone 09,0.25,1,cached_buddy_page_data,Promoted from complete cached Buddy page-data fan-out for BL-251.; Reward quantity defaults to 1 because Buddy page-data exposes chance but not quantity.; Source: https://buddy.farm/i/caterpillar/; Page data: https://buddy.farm/page-data/i/caterpillar/page-data.json; Cache: caterpillar__caterpillar.json
Caterpillar,caterpillar,Shiny Beetle,shiny beetle,0.25,1,cached_buddy_page_data,Promoted from complete cached Buddy page-data fan-out for BL-251.; Reward quantity defaults to 1 because Buddy page-data exposes chance but not quantity.; Source: https://buddy.farm/i/caterpillar/; Page data: https://buddy.farm/page-data/i/caterpillar/page-data.json; Cache: caterpillar__caterpillar.json
Chattering Teeth,chattering teeth,Candy,candy,0.25,1,cached_buddy_page_data,Promoted from complete cached Buddy page-data fan-out for BL-251.; Reward quantity defaults to 1 because Buddy page-data exposes chance but not quantity.; Source: https://buddy.farm/i/chattering-teeth/; Page data: https://buddy.farm/page-data/i/chattering-teeth/page-data.json; Cache: chattering-teeth__chattering-teeth.json
Chattering Teeth,chattering teeth,Lollipop,lollipop,0.25,1,cached_buddy_page_data,Promoted from complete cached Buddy page-data fan-out for BL-251.; Reward quantity defaults to 1 because Buddy page-data exposes chance but not quantity.; Source: https://buddy.farm/i/chattering-teeth/; Page data: https://buddy.farm/page-data/i/chattering-teeth/page-data.json; Cache: chattering-teeth__chattering-teeth.json
Chattering Teeth,chattering teeth,Treat Bag 01,treat bag 01,0.25,1,cached_buddy_page_data,Promoted from complete cached Buddy page-data fan-out for BL-251.; Reward quantity defaults to 1 because Buddy page-data exposes chance but not quantity.; Source: https://buddy.farm/i/chattering-teeth/; Page data: https://buddy.farm/page-data/i/chattering-teeth/page-data.json; Cache: chattering-teeth__chattering-teeth.json
Chattering Teeth,chattering teeth,Witch Hat,witch hat,0.25,1,cached_buddy_page_data,Promoted from complete cached Buddy page-data fan-out for BL-251.; Reward quantity defaults to 1 because Buddy page-data exposes chance but not quantity.; Source: https://buddy.farm/i/chattering-teeth/; Page data: https://buddy.farm/page-data/i/chattering-teeth/page-data.json; Cache: chattering-teeth__chattering-teeth.json
Cogwheel,cogwheel,Pocket Watch,pocket watch,0.25,1,cached_buddy_page_data,Promoted from complete cached Buddy page-data fan-out for BL-251.; Reward quantity defaults to 1 because Buddy page-data exposes chance but not quantity.; Source: https://buddy.farm/i/cogwheel/; Page data: https://buddy.farm/page-data/i/cogwheel/page-data.json; Cache: cogwheel__cogwheel.json
Cogwheel,cogwheel,Small Flute,small flute,0.25,1,cached_buddy_page_data,Promoted from complete cached Buddy page-data fan-out for BL-251.; Reward quantity defaults to 1 because Buddy page-data exposes chance but not quantity.; Source: https://buddy.farm/i/cogwheel/; Page data: https://buddy.farm/page-data/i/cogwheel/page-data.json; Cache: cogwheel__cogwheel.json
Cogwheel,cogwheel,Small Screw,small screw,0.25,1,cached_buddy_page_data,Promoted from complete cached Buddy page-data fan-out for BL-251.; Reward quantity defaults to 1 because Buddy page-data exposes chance but not quantity.; Source: https://buddy.farm/i/cogwheel/; Page data: https://buddy.farm/page-data/i/cogwheel/page-data.json; Cache: cogwheel__cogwheel.json
Cogwheel,cogwheel,Wooden Mask,wooden mask,0.25,1,cached_buddy_page_data,Promoted from complete cached Buddy page-data fan-out for BL-251.; Reward quantity defaults to 1 because Buddy page-data exposes chance but not quantity.; Source: https://buddy.farm/i/cogwheel/; Page data: https://buddy.farm/page-data/i/cogwheel/page-data.json; Cache: cogwheel__cogwheel.json
Compass,compass,Magna Core,magna core,1,1,cached_buddy_page_data,Promoted from complete cached Buddy page-data fan-out for BL-251.; Reward quantity defaults to 1 because Buddy page-data exposes chance but not quantity.; Source: https://buddy.farm/i/compass/; Page data: https://buddy.farm/page-data/i/compass/page-data.json; Cache: compass__compass.json
Crab Claw,crab claw,Frog,frog,0.3333333333333333,1,cached_buddy_page_data,Promoted from complete cached Buddy page-data fan-out for BL-251.; Reward quantity defaults to 1 because Buddy page-data exposes chance but not quantity.; Source: https://buddy.farm/i/crab-claw/; Page data: https://buddy.farm/page-data/i/crab-claw/page-data.json; Cache: crab-claw__crab-claw.json
Crab Claw,crab claw,Orange Gecko,orange gecko,0.3333333333333333,1,cached_buddy_page_data,Promoted from complete cached Buddy page-data fan-out for BL-251.; Reward quantity defaults to 1 because Buddy page-data exposes chance but not quantity.; Source: https://buddy.farm/i/crab-claw/; Page data: https://buddy.farm/page-data/i/crab-claw/page-data.json; Cache: crab-claw__crab-claw.json
Crab Claw,crab claw,Sea Dragon,sea dragon,0.3333333333333333,1,cached_buddy_page_data,Promoted from complete cached Buddy page-data fan-out for BL-251.; Reward quantity defaults to 1 because Buddy page-data exposes chance but not quantity.; Source: https://buddy.farm/i/crab-claw/; Page data: https://buddy.farm/page-data/i/crab-claw/page-data.json; Cache: crab-claw__crab-claw.json
Cutlass,cutlass,Mug of Beer,mug of beer,0.3333333333333333,1,cached_buddy_page_data,Promoted from complete cached Buddy page-data fan-out for BL-251.; Reward quantity defaults to 1 because Buddy page-data exposes chance but not quantity.; Source: https://buddy.farm/i/cutlass/; Page data: https://buddy.farm/page-data/i/cutlass/page-data.json; Cache: cutlass__cutlass.json
Cutlass,cutlass,Rubber Duckie,rubber duckie,0.3333333333333333,1,cached_buddy_page_data,Promoted from complete cached Buddy page-data fan-out for BL-251.; Reward quantity defaults to 1 because Buddy page-data exposes chance but not quantity.; Source: https://buddy.farm/i/cutlass/; Page data: https://buddy.farm/page-data/i/cutlass/page-data.json; Cache: cutlass__cutlass.json
Cutlass,cutlass,Shark Tooth,shark tooth,0.3333333333333333,1,cached_buddy_page_data,Promoted from complete cached Buddy page-data fan-out for BL-251.; Reward quantity defaults to 1 because Buddy page-data exposes chance but not quantity.; Source: https://buddy.farm/i/cutlass/; Page data: https://buddy.farm/page-data/i/cutlass/page-data.json; Cache: cutlass__cutlass.json
Dice,dice,Bacon,bacon,0.25,1,cached_buddy_page_data,Promoted from complete cached Buddy page-data fan-out for BL-251.; Reward quantity defaults to 1 because Buddy page-data exposes chance but not quantity.; Source: https://buddy.farm/i/dice/; Page data: https://buddy.farm/page-data/i/dice/page-data.json; Cache: dice__dice.json
Dice,dice,Small Flute,small flute,0.25,1,cached_buddy_page_data,Promoted from complete cached Buddy page-data fan-out for BL-251.; Reward quantity defaults to 1 because Buddy page-data exposes chance but not quantity.; Source: https://buddy.farm/i/dice/; Page data: https://buddy.farm/page-data/i/dice/page-data.json; Cache: dice__dice.json
Dice,dice,Spectacles,spectacles,0.25,1,cached_buddy_page_data,Promoted from complete cached Buddy page-data fan-out for BL-251.; Reward quantity defaults to 1 because Buddy page-data exposes chance but not quantity.; Source: https://buddy.farm/i/dice/; Page data: https://buddy.farm/page-data/i/dice/page-data.json; Cache: dice__dice.json
Dice,dice,Teapot,teapot,0.25,1,cached_buddy_page_data,Promoted from complete cached Buddy page-data fan-out for BL-251.; Reward quantity defaults to 1 because Buddy page-data exposes chance but not quantity.; Source: https://buddy.farm/i/dice/; Page data: https://buddy.farm/page-data/i/dice/page-data.json; Cache: dice__dice.json
Dragonfly,dragonfly,Coal,coal,0.3333333333333333,1,cached_buddy_page_data,Promoted from complete cached Buddy page-data fan-out for BL-251.; Reward quantity defaults to 1 because Buddy page-data exposes chance but not quantity.; Source: https://buddy.farm/i/dragonfly/; Page data: https://buddy.farm/page-data/i/dragonfly/page-data.json; Cache: dragonfly__dragonfly.json
Dragonfly,dragonfly,Egg 02,egg 02,0.3333333333333333,1,cached_buddy_page_data,Promoted from complete cached Buddy page-data fan-out for BL-251.; Reward quantity defaults to 1 because Buddy page-data exposes chance but not quantity.; Source: https://buddy.farm/i/dragonfly/; Page data: https://buddy.farm/page-data/i/dragonfly/page-data.json; Cache: dragonfly__dragonfly.json
Dragonfly,dragonfly,Stone,stone,0.3333333333333333,1,cached_buddy_page_data,Promoted from complete cached Buddy page-data fan-out for BL-251.; Reward quantity defaults to 1 because Buddy page-data exposes chance but not quantity.; Source: https://buddy.farm/i/dragonfly/; Page data: https://buddy.farm/page-data/i/dragonfly/page-data.json; Cache: dragonfly__dragonfly.json
Essence of Slime,essence of slime,Chum,chum,0.5,1,cached_buddy_page_data,Promoted from complete cached Buddy page-data fan-out for BL-251.; Reward quantity defaults to 1 because Buddy page-data exposes chance but not quantity.; Source: https://buddy.farm/i/essence-of-slime/; Page data: https://buddy.farm/page-data/i/essence-of-slime/page-data.json; Cache: essence-of-slime__essence-of-slime.json
Essence of Slime,essence of slime,Wooden Bow,wooden bow,0.5,1,cached_buddy_page_data,Promoted from complete cached Buddy page-data fan-out for BL-251.; Reward quantity defaults to 1 because Buddy page-data exposes chance but not quantity.; Source: https://buddy.farm/i/essence-of-slime/; Page data: https://buddy.farm/page-data/i/essence-of-slime/page-data.json; Cache: essence-of-slime__essence-of-slime.json
Eye Patch,eye patch,Moonstone,moonstone,0.25,1,cached_buddy_page_data,Promoted from complete cached Buddy page-data fan-out for BL-251.; Reward quantity defaults to 1 because Buddy page-data exposes chance but not quantity.; Source: https://buddy.farm/i/eye-patch/; Page data: https://buddy.farm/page-data/i/eye-patch/page-data.json; Cache: eye-patch__eye-patch.json
Eye Patch,eye patch,Runestone 01,runestone 01,0.25,1,cached_buddy_page_data,Promoted from complete cached Buddy page-data fan-out for BL-251.; Reward quantity defaults to 1 because Buddy page-data exposes chance but not quantity.; Source: https://buddy.farm/i/eye-patch/; Page data: https://buddy.farm/page-data/i/eye-patch/page-data.json; Cache: eye-patch__eye-patch.json
Eye Patch,eye patch,Runestone 02,runestone 02,0.25,1,cached_buddy_page_data,Promoted from complete cached Buddy page-data fan-out for BL-251.; Reward quantity defaults to 1 because Buddy page-data exposes chance but not quantity.; Source: https://buddy.farm/i/eye-patch/; Page data: https://buddy.farm/page-data/i/eye-patch/page-data.json; Cache: eye-patch__eye-patch.json
Eye Patch,eye patch,Spectacles,spectacles,0.25,1,cached_buddy_page_data,Promoted from complete cached Buddy page-data fan-out for BL-251.; Reward quantity defaults to 1 because Buddy page-data exposes chance but not quantity.; Source: https://buddy.farm/i/eye-patch/; Page data: https://buddy.farm/page-data/i/eye-patch/page-data.json; Cache: eye-patch__eye-patch.json
Fire Ant,fire ant,Caterpillar,caterpillar,0.25,1,cached_buddy_page_data,Promoted from complete cached Buddy page-data fan-out for BL-251.; Reward quantity defaults to 1 because Buddy page-data exposes chance but not quantity.; Source: https://buddy.farm/i/fire-ant/; Page data: https://buddy.farm/page-data/i/fire-ant/page-data.json; Cache: fire-ant__fire-ant.json
Fire Ant,fire ant,Giant Centipede,giant centipede,0.25,1,cached_buddy_page_data,Promoted from complete cached Buddy page-data fan-out for BL-251.; Reward quantity defaults to 1 because Buddy page-data exposes chance but not quantity.; Source: https://buddy.farm/i/fire-ant/; Page data: https://buddy.farm/page-data/i/fire-ant/page-data.json; Cache: fire-ant__fire-ant.json
Fire Ant,fire ant,Horned Beetle,horned beetle,0.25,1,cached_buddy_page_data,Promoted from complete cached Buddy page-data fan-out for BL-251.; Reward quantity defaults to 1 because Buddy page-data exposes chance but not quantity.; Source: https://buddy.farm/i/fire-ant/; Page data: https://buddy.farm/page-data/i/fire-ant/page-data.json; Cache: fire-ant__fire-ant.json
Fire Ant,fire ant,Runestone 08,runestone 08,0.25,1,cached_buddy_page_data,Promoted from complete cached Buddy page-data fan-out for BL-251.; Reward quantity defaults to 1 because Buddy page-data exposes chance but not quantity.; Source: https://buddy.farm/i/fire-ant/; Page data: https://buddy.farm/page-data/i/fire-ant/page-data.json; Cache: fire-ant__fire-ant.json
Fish Biscuit,fish biscuit,Borgen Bag 01,borgen bag 01,1,1,cached_buddy_page_data,Promoted from complete cached Buddy page-data fan-out for BL-251.; Reward quantity defaults to 1 because Buddy page-data exposes chance but not quantity.; Source: https://buddy.farm/i/fish-biscuit/; Page data: https://buddy.farm/page-data/i/fish-biscuit/page-data.json; Cache: fish-biscuit__fish-biscuit.json
Freaky Picture,freaky picture,Pirate Flag,pirate flag,0.25,1,cached_buddy_page_data,Promoted from complete cached Buddy page-data fan-out for BL-251.; Reward quantity defaults to 1 because Buddy page-data exposes chance but not quantity.; Source: https://buddy.farm/i/freaky-picture/; Page data: https://buddy.farm/page-data/i/freaky-picture/page-data.json; Cache: freaky-picture__freaky-picture.json
Freaky Picture,freaky picture,Small Gear,small gear,0.25,1,cached_buddy_page_data,Promoted from complete cached Buddy page-data fan-out for BL-251.; Reward quantity defaults to 1 because Buddy page-data exposes chance but not quantity.; Source: https://buddy.farm/i/freaky-picture/; Page data: https://buddy.farm/page-data/i/freaky-picture/page-data.json; Cache: freaky-picture__freaky-picture.json
Freaky Picture,freaky picture,Small Spring,small spring,0.25,1,cached_buddy_page_data,Promoted from complete cached Buddy page-data fan-out for BL-251.; Reward quantity defaults to 1 because Buddy page-data exposes chance but not quantity.; Source: https://buddy.farm/i/freaky-picture/; Page data: https://buddy.farm/page-data/i/freaky-picture/page-data.json; Cache: freaky-picture__freaky-picture.json
Freaky Picture,freaky picture,Teapot,teapot,0.25,1,cached_buddy_page_data,Promoted from complete cached Buddy page-data fan-out for BL-251.; Reward quantity defaults to 1 because Buddy page-data exposes chance but not quantity.; Source: https://buddy.farm/i/freaky-picture/; Page data: https://buddy.farm/page-data/i/freaky-picture/page-data.json; Cache: freaky-picture__freaky-picture.json
Frog,frog,Crab Claw,crab claw,0.3333333333333333,1,cached_buddy_page_data,Promoted from complete cached Buddy page-data fan-out for BL-251.; Reward quantity defaults to 1 because Buddy page-data exposes chance but not quantity.; Source: https://buddy.farm/i/frog/; Page data: https://buddy.farm/page-data/i/frog/page-data.json; Cache: frog__frog.json
Frog,frog,Orange Gecko,orange gecko,0.3333333333333333,1,cached_buddy_page_data,Promoted from complete cached Buddy page-data fan-out for BL-251.; Reward quantity defaults to 1 because Buddy page-data exposes chance but not quantity.; Source: https://buddy.farm/i/frog/; Page data: https://buddy.farm/page-data/i/frog/page-data.json; Cache: frog__frog.json
Frog,frog,Sea Dragon,sea dragon,0.3333333333333333,1,cached_buddy_page_data,Promoted from complete cached Buddy page-data fan-out for BL-251.; Reward quantity defaults to 1 because Buddy page-data exposes chance but not quantity.; Source: https://buddy.farm/i/frog/; Page data: https://buddy.farm/page-data/i/frog/page-data.json; Cache: frog__frog.json
Giant Centipede,giant centipede,Horned Beetle,horned beetle,0.25,1,cached_buddy_page_data,Promoted from complete cached Buddy page-data fan-out for BL-251.; Reward quantity defaults to 1 because Buddy page-data exposes chance but not quantity.; Source: https://buddy.farm/i/giant-centipede/; Page data: https://buddy.farm/page-data/i/giant-centipede/page-data.json; Cache: giant-centipede__giant-centipede.json
Giant Centipede,giant centipede,Runestone 07,runestone 07,0.25,1,cached_buddy_page_data,Promoted from complete cached Buddy page-data fan-out for BL-251.; Reward quantity defaults to 1 because Buddy page-data exposes chance but not quantity.; Source: https://buddy.farm/i/giant-centipede/; Page data: https://buddy.farm/page-data/i/giant-centipede/page-data.json; Cache: giant-centipede__giant-centipede.json
Giant Centipede,giant centipede,Shiny Beetle,shiny beetle,0.25,1,cached_buddy_page_data,Promoted from complete cached Buddy page-data fan-out for BL-251.; Reward quantity defaults to 1 because Buddy page-data exposes chance but not quantity.; Source: https://buddy.farm/i/giant-centipede/; Page data: https://buddy.farm/page-data/i/giant-centipede/page-data.json; Cache: giant-centipede__giant-centipede.json
Giant Centipede,giant centipede,Snail,snail,0.25,1,cached_buddy_page_data,Promoted from complete cached Buddy page-data fan-out for BL-251.; Reward quantity defaults to 1 because Buddy page-data exposes chance but not quantity.; Source: https://buddy.farm/i/giant-centipede/; Page data: https://buddy.farm/page-data/i/giant-centipede/page-data.json; Cache: giant-centipede__giant-centipede.json
Gold Carrot,gold carrot,Gold Cucumber,gold cucumber,0.25,1,cached_buddy_page_data,Promoted from complete cached Buddy page-data fan-out for BL-251.; Reward quantity defaults to 1 because Buddy page-data exposes chance but not quantity.; Source: https://buddy.farm/i/gold-carrot/; Page data: https://buddy.farm/page-data/i/gold-carrot/page-data.json; Cache: gold-carrot__gold-carrot.json
Gold Carrot,gold carrot,Gold Eggplant,gold eggplant,0.25,1,cached_buddy_page_data,Promoted from complete cached Buddy page-data fan-out for BL-251.; Reward quantity defaults to 1 because Buddy page-data exposes chance but not quantity.; Source: https://buddy.farm/i/gold-carrot/; Page data: https://buddy.farm/page-data/i/gold-carrot/page-data.json; Cache: gold-carrot__gold-carrot.json
Gold Carrot,gold carrot,Gold Peas,gold peas,0.25,1,cached_buddy_page_data,Promoted from complete cached Buddy page-data fan-out for BL-251.; Reward quantity defaults to 1 because Buddy page-data exposes chance but not quantity.; Source: https://buddy.farm/i/gold-carrot/; Page data: https://buddy.farm/page-data/i/gold-carrot/page-data.json; Cache: gold-carrot__gold-carrot.json
Gold Carrot,gold carrot,Strange Letter,strange letter,0.25,1,cached_buddy_page_data,Promoted from complete cached Buddy page-data fan-out for BL-251.; Reward quantity defaults to 1 because Buddy page-data exposes chance but not quantity.; Source: https://buddy.farm/i/gold-carrot/; Page data: https://buddy.farm/page-data/i/gold-carrot/page-data.json; Cache: gold-carrot__gold-carrot.json
Gold Catfish,gold catfish,Goldgill,goldgill,0.3333333333333333,1,cached_buddy_page_data,Promoted from complete cached Buddy page-data fan-out for BL-251.; Reward quantity defaults to 1 because Buddy page-data exposes chance but not quantity.; Source: https://buddy.farm/i/gold-catfish/; Page data: https://buddy.farm/page-data/i/gold-catfish/page-data.json; Cache: gold-catfish__gold-catfish.json
Gold Catfish,gold catfish,Goldjack,goldjack,0.3333333333333333,1,cached_buddy_page_data,Promoted from complete cached Buddy page-data fan-out for BL-251.; Reward quantity defaults to 1 because Buddy page-data exposes chance but not quantity.; Source: https://buddy.farm/i/gold-catfish/; Page data: https://buddy.farm/page-data/i/gold-catfish/page-data.json; Cache: gold-catfish__gold-catfish.json
Gold Catfish,gold catfish,Wooden Bow,wooden bow,0.3333333333333333,1,cached_buddy_page_data,Promoted from complete cached Buddy page-data fan-out for BL-251.; Reward quantity defaults to 1 because Buddy page-data exposes chance but not quantity.; Source: https://buddy.farm/i/gold-catfish/; Page data: https://buddy.farm/page-data/i/gold-catfish/page-data.json; Cache: gold-catfish__gold-catfish.json
Gold Coral,gold coral,Goldfin,goldfin,0.5,1,cached_buddy_page_data,Promoted from complete cached Buddy page-data fan-out for BL-251.; Reward quantity defaults to 1 because Buddy page-data exposes chance but not quantity.; Source: https://buddy.farm/i/gold-coral/; Page data: https://buddy.farm/page-data/i/gold-coral/page-data.json; Cache: gold-coral__gold-coral.json
Gold Coral,gold coral,Sturdy Bow,sturdy bow,0.5,1,cached_buddy_page_data,Promoted from complete cached Buddy page-data fan-out for BL-251.; Reward quantity defaults to 1 because Buddy page-data exposes chance but not quantity.; Source: https://buddy.farm/i/gold-coral/; Page data: https://buddy.farm/page-data/i/gold-coral/page-data.json; Cache: gold-coral__gold-coral.json
Gold Cucumber,gold cucumber,Bacon,bacon,0.3333333333333333,1,cached_buddy_page_data,Promoted from complete cached Buddy page-data fan-out for BL-251.; Reward quantity defaults to 1 because Buddy page-data exposes chance but not quantity.; Source: https://buddy.farm/i/gold-cucumber/; Page data: https://buddy.farm/page-data/i/gold-cucumber/page-data.json; Cache: gold-cucumber__gold-cucumber.json
Gold Cucumber,gold cucumber,Gold Carrot,gold carrot,0.3333333333333333,1,cached_buddy_page_data,Promoted from complete cached Buddy page-data fan-out for BL-251.; Reward quantity defaults to 1 because Buddy page-data exposes chance but not quantity.; Source: https://buddy.farm/i/gold-cucumber/; Page data: https://buddy.farm/page-data/i/gold-cucumber/page-data.json; Cache: gold-cucumber__gold-cucumber.json
Gold Cucumber,gold cucumber,Gold Eggplant,gold eggplant,0.3333333333333333,1,cached_buddy_page_data,Promoted from complete cached Buddy page-data fan-out for BL-251.; Reward quantity defaults to 1 because Buddy page-data exposes chance but not quantity.; Source: https://buddy.farm/i/gold-cucumber/; Page data: https://buddy.farm/page-data/i/gold-cucumber/page-data.json; Cache: gold-cucumber__gold-cucumber.json
Gold Drum,gold drum,Gold Catfish,gold catfish,0.3333333333333333,1,cached_buddy_page_data,Promoted from complete cached Buddy page-data fan-out for BL-251.; Reward quantity defaults to 1 because Buddy page-data exposes chance but not quantity.; Source: https://buddy.farm/i/gold-drum/; Page data: https://buddy.farm/page-data/i/gold-drum/page-data.json; Cache: gold-drum__gold-drum.json
Gold Drum,gold drum,Gold Trout,gold trout,0.3333333333333333,1,cached_buddy_page_data,Promoted from complete cached Buddy page-data fan-out for BL-251.; Reward quantity defaults to 1 because Buddy page-data exposes chance but not quantity.; Source: https://buddy.farm/i/gold-drum/; Page data: https://buddy.farm/page-data/i/gold-drum/page-data.json; Cache: gold-drum__gold-drum.json
Gold Drum,gold drum,Sturdy Bow,sturdy bow,0.3333333333333333,1,cached_buddy_page_data,Promoted from complete cached Buddy page-data fan-out for BL-251.; Reward quantity defaults to 1 because Buddy page-data exposes chance but not quantity.; Source: https://buddy.farm/i/gold-drum/; Page data: https://buddy.farm/page-data/i/gold-drum/page-data.json; Cache: gold-drum__gold-drum.json
Gold Eggplant,gold eggplant,Bacon,bacon,0.25,1,cached_buddy_page_data,Promoted from complete cached Buddy page-data fan-out for BL-251.; Reward quantity defaults to 1 because Buddy page-data exposes chance but not quantity.; Source: https://buddy.farm/i/gold-eggplant/; Page data: https://buddy.farm/page-data/i/gold-eggplant/page-data.json; Cache: gold-eggplant__gold-eggplant.json
Gold Eggplant,gold eggplant,Gold Carrot,gold carrot,0.25,1,cached_buddy_page_data,Promoted from complete cached Buddy page-data fan-out for BL-251.; Reward quantity defaults to 1 because Buddy page-data exposes chance but not quantity.; Source: https://buddy.farm/i/gold-eggplant/; Page data: https://buddy.farm/page-data/i/gold-eggplant/page-data.json; Cache: gold-eggplant__gold-eggplant.json
Gold Eggplant,gold eggplant,Gold Leaf,gold leaf,0.25,1,cached_buddy_page_data,Promoted from complete cached Buddy page-data fan-out for BL-251.; Reward quantity defaults to 1 because Buddy page-data exposes chance but not quantity.; Source: https://buddy.farm/i/gold-eggplant/; Page data: https://buddy.farm/page-data/i/gold-eggplant/page-data.json; Cache: gold-eggplant__gold-eggplant.json
Gold Eggplant,gold eggplant,Gold Peas,gold peas,0.25,1,cached_buddy_page_data,Promoted from complete cached Buddy page-data fan-out for BL-251.; Reward quantity defaults to 1 because Buddy page-data exposes chance but not quantity.; Source: https://buddy.farm/i/gold-eggplant/; Page data: https://buddy.farm/page-data/i/gold-eggplant/page-data.json; Cache: gold-eggplant__gold-eggplant.json
Gold Feather,gold feather,Bacon,bacon,0.3333333333333333,1,cached_buddy_page_data,Promoted from complete cached Buddy page-data fan-out for BL-251.; Reward quantity defaults to 1 because Buddy page-data exposes chance but not quantity.; Source: https://buddy.farm/i/gold-feather/; Page data: https://buddy.farm/page-data/i/gold-feather/page-data.json; Cache: gold-feather__gold-feather.json
Gold Feather,gold feather,Gold Leaf,gold leaf,0.3333333333333333,1,cached_buddy_page_data,Promoted from complete cached Buddy page-data fan-out for BL-251.; Reward quantity defaults to 1 because Buddy page-data exposes chance but not quantity.; Source: https://buddy.farm/i/gold-feather/; Page data: https://buddy.farm/page-data/i/gold-feather/page-data.json; Cache: gold-feather__gold-feather.json
Gold Feather,gold feather,Runestone 05,runestone 05,0.3333333333333333,1,cached_buddy_page_data,Promoted from complete cached Buddy page-data fan-out for BL-251.; Reward quantity defaults to 1 because Buddy page-data exposes chance but not quantity.; Source: https://buddy.farm/i/gold-feather/; Page data: https://buddy.farm/page-data/i/gold-feather/page-data.json; Cache: gold-feather__gold-feather.json
Gold Flier,gold flier,Gold Catfish,gold catfish,0.3333333333333333,1,cached_buddy_page_data,Promoted from complete cached Buddy page-data fan-out for BL-251.; Reward quantity defaults to 1 because Buddy page-data exposes chance but not quantity.; Source: https://buddy.farm/i/gold-flier/; Page data: https://buddy.farm/page-data/i/gold-flier/page-data.json; Cache: gold-flier__gold-flier.json
Gold Flier,gold flier,Gold Sea Bass,gold sea bass,0.3333333333333333,1,cached_buddy_page_data,Promoted from complete cached Buddy page-data fan-out for BL-251.; Reward quantity defaults to 1 because Buddy page-data exposes chance but not quantity.; Source: https://buddy.farm/i/gold-flier/; Page data: https://buddy.farm/page-data/i/gold-flier/page-data.json; Cache: gold-flier__gold-flier.json
Gold Flier,gold flier,Goldgill,goldgill,0.3333333333333333,1,cached_buddy_page_data,Promoted from complete cached Buddy page-data fan-out for BL-251.; Reward quantity defaults to 1 because Buddy page-data exposes chance but not quantity.; Source: https://buddy.farm/i/gold-flier/; Page data: https://buddy.farm/page-data/i/gold-flier/page-data.json; Cache: gold-flier__gold-flier.json
Gold Leaf,gold leaf,Gold Feather,gold feather,0.3333333333333333,1,cached_buddy_page_data,Promoted from complete cached Buddy page-data fan-out for BL-251.; Reward quantity defaults to 1 because Buddy page-data exposes chance but not quantity.; Source: https://buddy.farm/i/gold-leaf/; Page data: https://buddy.farm/page-data/i/gold-leaf/page-data.json; Cache: gold-leaf__gold-leaf.json
Gold Leaf,gold leaf,Magicite,magicite,0.3333333333333333,1,cached_buddy_page_data,Promoted from complete cached Buddy page-data fan-out for BL-251.; Reward quantity defaults to 1 because Buddy page-data exposes chance but not quantity.; Source: https://buddy.farm/i/gold-leaf/; Page data: https://buddy.farm/page-data/i/gold-leaf/page-data.json; Cache: gold-leaf__gold-leaf.json
Gold Leaf,gold leaf,Runestone 07,runestone 07,0.3333333333333333,1,cached_buddy_page_data,Promoted from complete cached Buddy page-data fan-out for BL-251.; Reward quantity defaults to 1 because Buddy page-data exposes chance but not quantity.; Source: https://buddy.farm/i/gold-leaf/; Page data: https://buddy.farm/page-data/i/gold-leaf/page-data.json; Cache: gold-leaf__gold-leaf.json
Gold Peas,gold peas,Gold Cucumber,gold cucumber,0.25,1,cached_buddy_page_data,Promoted from complete cached Buddy page-data fan-out for BL-251.; Reward quantity defaults to 1 because Buddy page-data exposes chance but not quantity.; Source: https://buddy.farm/i/gold-peas/; Page data: https://buddy.farm/page-data/i/gold-peas/page-data.json; Cache: gold-peas__gold-peas.json
Gold Peas,gold peas,Gold Eggplant,gold eggplant,0.25,1,cached_buddy_page_data,Promoted from complete cached Buddy page-data fan-out for BL-251.; Reward quantity defaults to 1 because Buddy page-data exposes chance but not quantity.; Source: https://buddy.farm/i/gold-peas/; Page data: https://buddy.farm/page-data/i/gold-peas/page-data.json; Cache: gold-peas__gold-peas.json
Gold Peas,gold peas,Gold Feather,gold feather,0.25,1,cached_buddy_page_data,Promoted from complete cached Buddy page-data fan-out for BL-251.; Reward quantity defaults to 1 because Buddy page-data exposes chance but not quantity.; Source: https://buddy.farm/i/gold-peas/; Page data: https://buddy.farm/page-data/i/gold-peas/page-data.json; Cache: gold-peas__gold-peas.json
Gold Peas,gold peas,Gold Peppers,gold peppers,0.25,1,cached_buddy_page_data,Promoted from complete cached Buddy page-data fan-out for BL-251.; Reward quantity defaults to 1 because Buddy page-data exposes chance but not quantity.; Source: https://buddy.farm/i/gold-peas/; Page data: https://buddy.farm/page-data/i/gold-peas/page-data.json; Cache: gold-peas__gold-peas.json
Gold Peppers,gold peppers,Gold Carrot,gold carrot,0.2,1,cached_buddy_page_data,Promoted from complete cached Buddy page-data fan-out for BL-251.; Reward quantity defaults to 1 because Buddy page-data exposes chance but not quantity.; Source: https://buddy.farm/i/gold-peppers/; Page data: https://buddy.farm/page-data/i/gold-peppers/page-data.json; Cache: gold-peppers__gold-peppers.json
Gold Peppers,gold peppers,Gold Cucumber,gold cucumber,0.2,1,cached_buddy_page_data,Promoted from complete cached Buddy page-data fan-out for BL-251.; Reward quantity defaults to 1 because Buddy page-data exposes chance but not quantity.; Source: https://buddy.farm/i/gold-peppers/; Page data: https://buddy.farm/page-data/i/gold-peppers/page-data.json; Cache: gold-peppers__gold-peppers.json
Gold Peppers,gold peppers,Gold Eggplant,gold eggplant,0.2,1,cached_buddy_page_data,Promoted from complete cached Buddy page-data fan-out for BL-251.; Reward quantity defaults to 1 because Buddy page-data exposes chance but not quantity.; Source: https://buddy.farm/i/gold-peppers/; Page data: https://buddy.farm/page-data/i/gold-peppers/page-data.json; Cache: gold-peppers__gold-peppers.json
Gold Peppers,gold peppers,Gold Peas,gold peas,0.2,1,cached_buddy_page_data,Promoted from complete cached Buddy page-data fan-out for BL-251.; Reward quantity defaults to 1 because Buddy page-data exposes chance but not quantity.; Source: https://buddy.farm/i/gold-peppers/; Page data: https://buddy.farm/page-data/i/gold-peppers/page-data.json; Cache: gold-peppers__gold-peppers.json
Gold Peppers,gold peppers,Runestone 01,runestone 01,0.2,1,cached_buddy_page_data,Promoted from complete cached Buddy page-data fan-out for BL-251.; Reward quantity defaults to 1 because Buddy page-data exposes chance but not quantity.; Source: https://buddy.farm/i/gold-peppers/; Page data: https://buddy.farm/page-data/i/gold-peppers/page-data.json; Cache: gold-peppers__gold-peppers.json
Gold Sea Bass,gold sea bass,Gold Coral,gold coral,0.3333333333333333,1,cached_buddy_page_data,Promoted from complete cached Buddy page-data fan-out for BL-251.; Reward quantity defaults to 1 because Buddy page-data exposes chance but not quantity.; Source: https://buddy.farm/i/gold-sea-bass/; Page data: https://buddy.farm/page-data/i/gold-sea-bass/page-data.json; Cache: gold-sea-bass__gold-sea-bass.json
Gold Sea Bass,gold sea bass,Gold Flier,gold flier,0.3333333333333333,1,cached_buddy_page_data,Promoted from complete cached Buddy page-data fan-out for BL-251.; Reward quantity defaults to 1 because Buddy page-data exposes chance but not quantity.; Source: https://buddy.farm/i/gold-sea-bass/; Page data: https://buddy.farm/page-data/i/gold-sea-bass/page-data.json; Cache: gold-sea-bass__gold-sea-bass.json
Gold Sea Bass,gold sea bass,Goldfin,goldfin,0.3333333333333333,1,cached_buddy_page_data,Promoted from complete cached Buddy page-data fan-out for BL-251.; Reward quantity defaults to 1 because Buddy page-data exposes chance but not quantity.; Source: https://buddy.farm/i/gold-sea-bass/; Page data: https://buddy.farm/page-data/i/gold-sea-bass/page-data.json; Cache: gold-sea-bass__gold-sea-bass.json
Gold Trout,gold trout,Gold Flier,gold flier,0.3333333333333333,1,cached_buddy_page_data,Promoted from complete cached Buddy page-data fan-out for BL-251.; Reward quantity defaults to 1 because Buddy page-data exposes chance but not quantity.; Source: https://buddy.farm/i/gold-trout/; Page data: https://buddy.farm/page-data/i/gold-trout/page-data.json; Cache: gold-trout__gold-trout.json
Gold Trout,gold trout,Goldgill,goldgill,0.3333333333333333,1,cached_buddy_page_data,Promoted from complete cached Buddy page-data fan-out for BL-251.; Reward quantity defaults to 1 because Buddy page-data exposes chance but not quantity.; Source: https://buddy.farm/i/gold-trout/; Page data: https://buddy.farm/page-data/i/gold-trout/page-data.json; Cache: gold-trout__gold-trout.json
Gold Trout,gold trout,Goldray,goldray,0.3333333333333333,1,cached_buddy_page_data,Promoted from complete cached Buddy page-data fan-out for BL-251.; Reward quantity defaults to 1 because Buddy page-data exposes chance but not quantity.; Source: https://buddy.farm/i/gold-trout/; Page data: https://buddy.farm/page-data/i/gold-trout/page-data.json; Cache: gold-trout__gold-trout.json
Goldfin,goldfin,Gold Catfish,gold catfish,0.3333333333333333,1,cached_buddy_page_data,Promoted from complete cached Buddy page-data fan-out for BL-251.; Reward quantity defaults to 1 because Buddy page-data exposes chance but not quantity.; Source: https://buddy.farm/i/goldfin/; Page data: https://buddy.farm/page-data/i/goldfin/page-data.json; Cache: goldfin__goldfin.json
Goldfin,goldfin,Gold Trout,gold trout,0.3333333333333333,1,cached_buddy_page_data,Promoted from complete cached Buddy page-data fan-out for BL-251.; Reward quantity defaults to 1 because Buddy page-data exposes chance but not quantity.; Source: https://buddy.farm/i/goldfin/; Page data: https://buddy.farm/page-data/i/goldfin/page-data.json; Cache: goldfin__goldfin.json
Goldfin,goldfin,Goldjack,goldjack,0.3333333333333333,1,cached_buddy_page_data,Promoted from complete cached Buddy page-data fan-out for BL-251.; Reward quantity defaults to 1 because Buddy page-data exposes chance but not quantity.; Source: https://buddy.farm/i/goldfin/; Page data: https://buddy.farm/page-data/i/goldfin/page-data.json; Cache: goldfin__goldfin.json
Goldgill,goldgill,Gold Catfish,gold catfish,0.3333333333333333,1,cached_buddy_page_data,Promoted from complete cached Buddy page-data fan-out for BL-251.; Reward quantity defaults to 1 because Buddy page-data exposes chance but not quantity.; Source: https://buddy.farm/i/goldgill/; Page data: https://buddy.farm/page-data/i/goldgill/page-data.json; Cache: goldgill__goldgill.json
Goldgill,goldgill,Goldfin,goldfin,0.3333333333333333,1,cached_buddy_page_data,Promoted from complete cached Buddy page-data fan-out for BL-251.; Reward quantity defaults to 1 because Buddy page-data exposes chance but not quantity.; Source: https://buddy.farm/i/goldgill/; Page data: https://buddy.farm/page-data/i/goldgill/page-data.json; Cache: goldgill__goldgill.json
Goldgill,goldgill,Goldjack,goldjack,0.3333333333333333,1,cached_buddy_page_data,Promoted from complete cached Buddy page-data fan-out for BL-251.; Reward quantity defaults to 1 because Buddy page-data exposes chance but not quantity.; Source: https://buddy.farm/i/goldgill/; Page data: https://buddy.farm/page-data/i/goldgill/page-data.json; Cache: goldgill__goldgill.json
Goldjack,goldjack,Gold Sea Bass,gold sea bass,0.3333333333333333,1,cached_buddy_page_data,Promoted from complete cached Buddy page-data fan-out for BL-251.; Reward quantity defaults to 1 because Buddy page-data exposes chance but not quantity.; Source: https://buddy.farm/i/goldjack/; Page data: https://buddy.farm/page-data/i/goldjack/page-data.json; Cache: goldjack__goldjack.json
Goldjack,goldjack,Goldgill,goldgill,0.3333333333333333,1,cached_buddy_page_data,Promoted from complete cached Buddy page-data fan-out for BL-251.; Reward quantity defaults to 1 because Buddy page-data exposes chance but not quantity.; Source: https://buddy.farm/i/goldjack/; Page data: https://buddy.farm/page-data/i/goldjack/page-data.json; Cache: goldjack__goldjack.json
Goldjack,goldjack,Goldray,goldray,0.3333333333333333,1,cached_buddy_page_data,Promoted from complete cached Buddy page-data fan-out for BL-251.; Reward quantity defaults to 1 because Buddy page-data exposes chance but not quantity.; Source: https://buddy.farm/i/goldjack/; Page data: https://buddy.farm/page-data/i/goldjack/page-data.json; Cache: goldjack__goldjack.json
Goldray,goldray,Gold Drum,gold drum,0.3333333333333333,1,cached_buddy_page_data,Promoted from complete cached Buddy page-data fan-out for BL-251.; Reward quantity defaults to 1 because Buddy page-data exposes chance but not quantity.; Source: https://buddy.farm/i/goldray/; Page data: https://buddy.farm/page-data/i/goldray/page-data.json; Cache: goldray__goldray.json
Goldray,goldray,Gold Flier,gold flier,0.3333333333333333,1,cached_buddy_page_data,Promoted from complete cached Buddy page-data fan-out for BL-251.; Reward quantity defaults to 1 because Buddy page-data exposes chance but not quantity.; Source: https://buddy.farm/i/goldray/; Page data: https://buddy.farm/page-data/i/goldray/page-data.json; Cache: goldray__goldray.json
Goldray,goldray,Gold Trout,gold trout,0.3333333333333333,1,cached_buddy_page_data,Promoted from complete cached Buddy page-data fan-out for BL-251.; Reward quantity defaults to 1 because Buddy page-data exposes chance but not quantity.; Source: https://buddy.farm/i/goldray/; Page data: https://buddy.farm/page-data/i/goldray/page-data.json; Cache: goldray__goldray.json
Gouda,gouda,Candy Corn,candy corn,0.3333333333333333,1,cached_buddy_page_data,Promoted from complete cached Buddy page-data fan-out for BL-251.; Reward quantity defaults to 1 because Buddy page-data exposes chance but not quantity.; Source: https://buddy.farm/i/gouda/; Page data: https://buddy.farm/page-data/i/gouda/page-data.json; Cache: gouda__gouda.json
Gouda,gouda,Chattering Teeth,chattering teeth,0.3333333333333333,1,cached_buddy_page_data,Promoted from complete cached Buddy page-data fan-out for BL-251.; Reward quantity defaults to 1 because Buddy page-data exposes chance but not quantity.; Source: https://buddy.farm/i/gouda/; Page data: https://buddy.farm/page-data/i/gouda/page-data.json; Cache: gouda__gouda.json
Gouda,gouda,Wax Candle,wax candle,0.3333333333333333,1,cached_buddy_page_data,Promoted from complete cached Buddy page-data fan-out for BL-251.; Reward quantity defaults to 1 because Buddy page-data exposes chance but not quantity.; Source: https://buddy.farm/i/gouda/; Page data: https://buddy.farm/page-data/i/gouda/page-data.json; Cache: gouda__gouda.json
Grasshopper,grasshopper,Bell,bell,0.5,1,cached_buddy_page_data,Promoted from complete cached Buddy page-data fan-out for BL-251.; Reward quantity defaults to 1 because Buddy page-data exposes chance but not quantity.; Source: https://buddy.farm/i/grasshopper/; Page data: https://buddy.farm/page-data/i/grasshopper/page-data.json; Cache: grasshopper__grasshopper.json
Grasshopper,grasshopper,Spider,spider,0.5,1,cached_buddy_page_data,Promoted from complete cached Buddy page-data fan-out for BL-251.; Reward quantity defaults to 1 because Buddy page-data exposes chance but not quantity.; Source: https://buddy.farm/i/grasshopper/; Page data: https://buddy.farm/page-data/i/grasshopper/page-data.json; Cache: grasshopper__grasshopper.json
Herbs,herbs,Corn,corn,0.16666666666666666,1,cached_buddy_page_data,Promoted from complete cached Buddy page-data fan-out for BL-251.; Reward quantity defaults to 1 because Buddy page-data exposes chance but not quantity.; Source: https://buddy.farm/i/herbs/; Page data: https://buddy.farm/page-data/i/herbs/page-data.json; Cache: herbs__herbs.json
Herbs,herbs,Flamejack,flamejack,0.16666666666666666,1,cached_buddy_page_data,Promoted from complete cached Buddy page-data fan-out for BL-251.; Reward quantity defaults to 1 because Buddy page-data exposes chance but not quantity.; Source: https://buddy.farm/i/herbs/; Page data: https://buddy.farm/page-data/i/herbs/page-data.json; Cache: herbs__herbs.json
Herbs,herbs,Gold Sea Bass,gold sea bass,0.16666666666666666,1,cached_buddy_page_data,Promoted from complete cached Buddy page-data fan-out for BL-251.; Reward quantity defaults to 1 because Buddy page-data exposes chance but not quantity.; Source: https://buddy.farm/i/herbs/; Page data: https://buddy.farm/page-data/i/herbs/page-data.json; Cache: herbs__herbs.json
Herbs,herbs,Green Jellyfish,green jellyfish,0.16666666666666666,1,cached_buddy_page_data,Promoted from complete cached Buddy page-data fan-out for BL-251.; Reward quantity defaults to 1 because Buddy page-data exposes chance but not quantity.; Source: https://buddy.farm/i/herbs/; Page data: https://buddy.farm/page-data/i/herbs/page-data.json; Cache: herbs__herbs.json
Herbs,herbs,Honey,honey,0.16666666666666666,1,cached_buddy_page_data,Promoted from complete cached Buddy page-data fan-out for BL-251.; Reward quantity defaults to 1 because Buddy page-data exposes chance but not quantity.; Source: https://buddy.farm/i/herbs/; Page data: https://buddy.farm/page-data/i/herbs/page-data.json; Cache: herbs__herbs.json
Herbs,herbs,Octopus,octopus,0.16666666666666666,1,cached_buddy_page_data,Promoted from complete cached Buddy page-data fan-out for BL-251.; Reward quantity defaults to 1 because Buddy page-data exposes chance but not quantity.; Source: https://buddy.farm/i/herbs/; Page data: https://buddy.farm/page-data/i/herbs/page-data.json; Cache: herbs__herbs.json
Horned Beetle,horned beetle,Fire Ant,fire ant,0.25,1,cached_buddy_page_data,Promoted from complete cached Buddy page-data fan-out for BL-251.; Reward quantity defaults to 1 because Buddy page-data exposes chance but not quantity.; Source: https://buddy.farm/i/horned-beetle/; Page data: https://buddy.farm/page-data/i/horned-beetle/page-data.json; Cache: horned-beetle__horned-beetle.json
Horned Beetle,horned beetle,Giant Centipede,giant centipede,0.25,1,cached_buddy_page_data,Promoted from complete cached Buddy page-data fan-out for BL-251.; Reward quantity defaults to 1 because Buddy page-data exposes chance but not quantity.; Source: https://buddy.farm/i/horned-beetle/; Page data: https://buddy.farm/page-data/i/horned-beetle/page-data.json; Cache: horned-beetle__horned-beetle.json
Horned Beetle,horned beetle,Runestone 06,runestone 06,0.25,1,cached_buddy_page_data,Promoted from complete cached Buddy page-data fan-out for BL-251.; Reward quantity defaults to 1 because Buddy page-data exposes chance but not quantity.; Source: https://buddy.farm/i/horned-beetle/; Page data: https://buddy.farm/page-data/i/horned-beetle/page-data.json; Cache: horned-beetle__horned-beetle.json
Horned Beetle,horned beetle,Shiny Beetle,shiny beetle,0.25,1,cached_buddy_page_data,Promoted from complete cached Buddy page-data fan-out for BL-251.; Reward quantity defaults to 1 because Buddy page-data exposes chance but not quantity.; Source: https://buddy.farm/i/horned-beetle/; Page data: https://buddy.farm/page-data/i/horned-beetle/page-data.json; Cache: horned-beetle__horned-beetle.json
Hummingbird Feeder,hummingbird feeder,Borgen Bag 01,borgen bag 01,1,1,cached_buddy_page_data,Promoted from complete cached Buddy page-data fan-out for BL-251.; Reward quantity defaults to 1 because Buddy page-data exposes chance but not quantity.; Source: https://buddy.farm/i/hummingbird-feeder/; Page data: https://buddy.farm/page-data/i/hummingbird-feeder/page-data.json; Cache: hummingbird-feeder__hummingbird-feeder.json
Jack-o-lantern,jack-o-lantern,Candy Corn,candy corn,0.3333333333333333,1,cached_buddy_page_data,Promoted from complete cached Buddy page-data fan-out for BL-251.; Reward quantity defaults to 1 because Buddy page-data exposes chance but not quantity.; Source: https://buddy.farm/i/jack-o-lantern/; Page data: https://buddy.farm/page-data/i/jack-o-lantern/page-data.json; Cache: jack-o-lantern__jack-o-lantern.json
Jack-o-lantern,jack-o-lantern,Goldfish,goldfish,0.3333333333333333,1,cached_buddy_page_data,Promoted from complete cached Buddy page-data fan-out for BL-251.; Reward quantity defaults to 1 because Buddy page-data exposes chance but not quantity.; Source: https://buddy.farm/i/jack-o-lantern/; Page data: https://buddy.farm/page-data/i/jack-o-lantern/page-data.json; Cache: jack-o-lantern__jack-o-lantern.json
Jack-o-lantern,jack-o-lantern,Spider,spider,0.3333333333333333,1,cached_buddy_page_data,Promoted from complete cached Buddy page-data fan-out for BL-251.; Reward quantity defaults to 1 because Buddy page-data exposes chance but not quantity.; Source: https://buddy.farm/i/jack-o-lantern/; Page data: https://buddy.farm/page-data/i/jack-o-lantern/page-data.json; Cache: jack-o-lantern__jack-o-lantern.json
Jade,jade,Amethyst,amethyst,0.25,1,cached_buddy_page_data,Promoted from complete cached Buddy page-data fan-out for BL-251.; Reward quantity defaults to 1 because Buddy page-data exposes chance but not quantity.; Source: https://buddy.farm/i/jade/; Page data: https://buddy.farm/page-data/i/jade/page-data.json; Cache: jade__jade.json
Jade,jade,Aquamarine,aquamarine,0.25,1,cached_buddy_page_data,Promoted from complete cached Buddy page-data fan-out for BL-251.; Reward quantity defaults to 1 because Buddy page-data exposes chance but not quantity.; Source: https://buddy.farm/i/jade/; Page data: https://buddy.farm/page-data/i/jade/page-data.json; Cache: jade__jade.json
Jade,jade,Emberstone,emberstone,0.25,1,cached_buddy_page_data,Promoted from complete cached Buddy page-data fan-out for BL-251.; Reward quantity defaults to 1 because Buddy page-data exposes chance but not quantity.; Source: https://buddy.farm/i/jade/; Page data: https://buddy.farm/page-data/i/jade/page-data.json; Cache: jade__jade.json
Jade,jade,Ruby,ruby,0.25,1,cached_buddy_page_data,Promoted from complete cached Buddy page-data fan-out for BL-251.; Reward quantity defaults to 1 because Buddy page-data exposes chance but not quantity.; Source: https://buddy.farm/i/jade/; Page data: https://buddy.farm/page-data/i/jade/page-data.json; Cache: jade__jade.json
Large Chest 01,large chest 01,Small Key,small key,0.3333333333333333,1,cached_buddy_page_data,Promoted from complete cached Buddy page-data fan-out for BL-251.; Reward quantity defaults to 1 because Buddy page-data exposes chance but not quantity.; Source: https://buddy.farm/i/large-chest-01/; Page data: https://buddy.farm/page-data/i/large-chest-01/page-data.json; Cache: large-chest-01__large-chest-01.json
Large Chest 01,large chest 01,Square Key,square key,0.3333333333333333,1,cached_buddy_page_data,Promoted from complete cached Buddy page-data fan-out for BL-251.; Reward quantity defaults to 1 because Buddy page-data exposes chance but not quantity.; Source: https://buddy.farm/i/large-chest-01/; Page data: https://buddy.farm/page-data/i/large-chest-01/page-data.json; Cache: large-chest-01__large-chest-01.json
Large Chest 01,large chest 01,Treasure Key,treasure key,0.3333333333333333,1,cached_buddy_page_data,Promoted from complete cached Buddy page-data fan-out for BL-251.; Reward quantity defaults to 1 because Buddy page-data exposes chance but not quantity.; Source: https://buddy.farm/i/large-chest-01/; Page data: https://buddy.farm/page-data/i/large-chest-01/page-data.json; Cache: large-chest-01__large-chest-01.json
Large Chest 02,large chest 02,Small Key,small key,0.3333333333333333,1,cached_buddy_page_data,Promoted from complete cached Buddy page-data fan-out for BL-251.; Reward quantity defaults to 1 because Buddy page-data exposes chance but not quantity.; Source: https://buddy.farm/i/large-chest-02/; Page data: https://buddy.farm/page-data/i/large-chest-02/page-data.json; Cache: large-chest-02__large-chest-02.json
Large Chest 02,large chest 02,Square Key,square key,0.3333333333333333,1,cached_buddy_page_data,Promoted from complete cached Buddy page-data fan-out for BL-251.; Reward quantity defaults to 1 because Buddy page-data exposes chance but not quantity.; Source: https://buddy.farm/i/large-chest-02/; Page data: https://buddy.farm/page-data/i/large-chest-02/page-data.json; Cache: large-chest-02__large-chest-02.json
Large Chest 02,large chest 02,Treasure Key,treasure key,0.3333333333333333,1,cached_buddy_page_data,Promoted from complete cached Buddy page-data fan-out for BL-251.; Reward quantity defaults to 1 because Buddy page-data exposes chance but not quantity.; Source: https://buddy.farm/i/large-chest-02/; Page data: https://buddy.farm/page-data/i/large-chest-02/page-data.json; Cache: large-chest-02__large-chest-02.json
Lollipop,lollipop,Candy,candy,0.3333333333333333,1,cached_buddy_page_data,Promoted from complete cached Buddy page-data fan-out for BL-251.; Reward quantity defaults to 1 because Buddy page-data exposes chance but not quantity.; Source: https://buddy.farm/i/lollipop/; Page data: https://buddy.farm/page-data/i/lollipop/page-data.json; Cache: lollipop__lollipop.json
Lollipop,lollipop,Spider,spider,0.3333333333333333,1,cached_buddy_page_data,Promoted from complete cached Buddy page-data fan-out for BL-251.; Reward quantity defaults to 1 because Buddy page-data exposes chance but not quantity.; Source: https://buddy.farm/i/lollipop/; Page data: https://buddy.farm/page-data/i/lollipop/page-data.json; Cache: lollipop__lollipop.json
Lollipop,lollipop,Taffy,taffy,0.3333333333333333,1,cached_buddy_page_data,Promoted from complete cached Buddy page-data fan-out for BL-251.; Reward quantity defaults to 1 because Buddy page-data exposes chance but not quantity.; Source: https://buddy.farm/i/lollipop/; Page data: https://buddy.farm/page-data/i/lollipop/page-data.json; Cache: lollipop__lollipop.json
Magicite,magicite,Gold Leaf,gold leaf,0.25,1,cached_buddy_page_data,Promoted from complete cached Buddy page-data fan-out for BL-251.; Reward quantity defaults to 1 because Buddy page-data exposes chance but not quantity.; Source: https://buddy.farm/i/magicite/; Page data: https://buddy.farm/page-data/i/magicite/page-data.json; Cache: magicite__magicite.json
Magicite,magicite,Runestone 01,runestone 01,0.25,1,cached_buddy_page_data,Promoted from complete cached Buddy page-data fan-out for BL-251.; Reward quantity defaults to 1 because Buddy page-data exposes chance but not quantity.; Source: https://buddy.farm/i/magicite/; Page data: https://buddy.farm/page-data/i/magicite/page-data.json; Cache: magicite__magicite.json
Magicite,magicite,Runestone 02,runestone 02,0.25,1,cached_buddy_page_data,Promoted from complete cached Buddy page-data fan-out for BL-251.; Reward quantity defaults to 1 because Buddy page-data exposes chance but not quantity.; Source: https://buddy.farm/i/magicite/; Page data: https://buddy.farm/page-data/i/magicite/page-data.json; Cache: magicite__magicite.json
Magicite,magicite,Strange Letter,strange letter,0.25,1,cached_buddy_page_data,Promoted from complete cached Buddy page-data fan-out for BL-251.; Reward quantity defaults to 1 because Buddy page-data exposes chance but not quantity.; Source: https://buddy.farm/i/magicite/; Page data: https://buddy.farm/page-data/i/magicite/page-data.json; Cache: magicite__magicite.json
Milk and Cookies,milk and cookies,Dancer,dancer,0.25,1,cached_buddy_page_data,Promoted from complete cached Buddy page-data fan-out for BL-251.; Reward quantity defaults to 1 because Buddy page-data exposes chance but not quantity.; Source: https://buddy.farm/i/milk-and-cookies/; Page data: https://buddy.farm/page-data/i/milk-and-cookies/page-data.json; Cache: milk-and-cookies__milk-and-cookies.json
Milk and Cookies,milk and cookies,Grab Bag 07,grab bag 07,0.25,1,cached_buddy_page_data,Promoted from complete cached Buddy page-data fan-out for BL-251.; Reward quantity defaults to 1 because Buddy page-data exposes chance but not quantity.; Source: https://buddy.farm/i/milk-and-cookies/; Page data: https://buddy.farm/page-data/i/milk-and-cookies/page-data.json; Cache: milk-and-cookies__milk-and-cookies.json
Milk and Cookies,milk and cookies,Holiday Wreath,holiday wreath,0.25,1,cached_buddy_page_data,Promoted from complete cached Buddy page-data fan-out for BL-251.; Reward quantity defaults to 1 because Buddy page-data exposes chance but not quantity.; Source: https://buddy.farm/i/milk-and-cookies/; Page data: https://buddy.farm/page-data/i/milk-and-cookies/page-data.json; Cache: milk-and-cookies__milk-and-cookies.json
Milk and Cookies,milk and cookies,Vixen,vixen,0.25,1,cached_buddy_page_data,Promoted from complete cached Buddy page-data fan-out for BL-251.; Reward quantity defaults to 1 because Buddy page-data exposes chance but not quantity.; Source: https://buddy.farm/i/milk-and-cookies/; Page data: https://buddy.farm/page-data/i/milk-and-cookies/page-data.json; Cache: milk-and-cookies__milk-and-cookies.json
Moonstone,moonstone,Runestone 01,runestone 01,0.25,1,cached_buddy_page_data,Promoted from complete cached Buddy page-data fan-out for BL-251.; Reward quantity defaults to 1 because Buddy page-data exposes chance but not quantity.; Source: https://buddy.farm/i/moonstone/; Page data: https://buddy.farm/page-data/i/moonstone/page-data.json; Cache: moonstone__moonstone.json
Moonstone,moonstone,Runestone 02,runestone 02,0.25,1,cached_buddy_page_data,Promoted from complete cached Buddy page-data fan-out for BL-251.; Reward quantity defaults to 1 because Buddy page-data exposes chance but not quantity.; Source: https://buddy.farm/i/moonstone/; Page data: https://buddy.farm/page-data/i/moonstone/page-data.json; Cache: moonstone__moonstone.json
Moonstone,moonstone,Runestone 07,runestone 07,0.25,1,cached_buddy_page_data,Promoted from complete cached Buddy page-data fan-out for BL-251.; Reward quantity defaults to 1 because Buddy page-data exposes chance but not quantity.; Source: https://buddy.farm/i/moonstone/; Page data: https://buddy.farm/page-data/i/moonstone/page-data.json; Cache: moonstone__moonstone.json
Moonstone,moonstone,Strange Letter,strange letter,0.25,1,cached_buddy_page_data,Promoted from complete cached Buddy page-data fan-out for BL-251.; Reward quantity defaults to 1 because Buddy page-data exposes chance but not quantity.; Source: https://buddy.farm/i/moonstone/; Page data: https://buddy.farm/page-data/i/moonstone/page-data.json; Cache: moonstone__moonstone.json
Old Boot,old boot,4-leaf Clover,4-leaf clover,0.3333333333333333,1,cached_buddy_page_data,Promoted from complete cached Buddy page-data fan-out for BL-251.; Reward quantity defaults to 1 because Buddy page-data exposes chance but not quantity.; Source: https://buddy.farm/i/old-boot/; Page data: https://buddy.farm/page-data/i/old-boot/page-data.json; Cache: old-boot__old-boot.json
Old Boot,old boot,Ancient Coin,ancient coin,0.3333333333333333,1,cached_buddy_page_data,Promoted from complete cached Buddy page-data fan-out for BL-251.; Reward quantity defaults to 1 because Buddy page-data exposes chance but not quantity.; Source: https://buddy.farm/i/old-boot/; Page data: https://buddy.farm/page-data/i/old-boot/page-data.json; Cache: old-boot__old-boot.json
Old Boot,old boot,Glass Bottle,glass bottle,0.3333333333333333,1,cached_buddy_page_data,Promoted from complete cached Buddy page-data fan-out for BL-251.; Reward quantity defaults to 1 because Buddy page-data exposes chance but not quantity.; Source: https://buddy.farm/i/old-boot/; Page data: https://buddy.farm/page-data/i/old-boot/page-data.json; Cache: old-boot__old-boot.json
Orange Gecko,orange gecko,Crab Claw,crab claw,0.3333333333333333,1,cached_buddy_page_data,Promoted from complete cached Buddy page-data fan-out for BL-251.; Reward quantity defaults to 1 because Buddy page-data exposes chance but not quantity.; Source: https://buddy.farm/i/orange-gecko/; Page data: https://buddy.farm/page-data/i/orange-gecko/page-data.json; Cache: orange-gecko__orange-gecko.json
Orange Gecko,orange gecko,Frog,frog,0.3333333333333333,1,cached_buddy_page_data,Promoted from complete cached Buddy page-data fan-out for BL-251.; Reward quantity defaults to 1 because Buddy page-data exposes chance but not quantity.; Source: https://buddy.farm/i/orange-gecko/; Page data: https://buddy.farm/page-data/i/orange-gecko/page-data.json; Cache: orange-gecko__orange-gecko.json
Orange Gecko,orange gecko,Sea Dragon,sea dragon,0.3333333333333333,1,cached_buddy_page_data,Promoted from complete cached Buddy page-data fan-out for BL-251.; Reward quantity defaults to 1 because Buddy page-data exposes chance but not quantity.; Source: https://buddy.farm/i/orange-gecko/; Page data: https://buddy.farm/page-data/i/orange-gecko/page-data.json; Cache: orange-gecko__orange-gecko.json
Pine Cone,pine cone,Antler,antler,0.3333333333333333,1,cached_buddy_page_data,Promoted from complete cached Buddy page-data fan-out for BL-251.; Reward quantity defaults to 1 because Buddy page-data exposes chance but not quantity.; Source: https://buddy.farm/i/pine-cone/; Page data: https://buddy.farm/page-data/i/pine-cone/page-data.json; Cache: pine-cone__pine-cone.json
Pine Cone,pine cone,Horn,horn,0.3333333333333333,1,cached_buddy_page_data,Promoted from complete cached Buddy page-data fan-out for BL-251.; Reward quantity defaults to 1 because Buddy page-data exposes chance but not quantity.; Source: https://buddy.farm/i/pine-cone/; Page data: https://buddy.farm/page-data/i/pine-cone/page-data.json; Cache: pine-cone__pine-cone.json
Pine Cone,pine cone,Prism Shard,prism shard,0.3333333333333333,1,cached_buddy_page_data,Promoted from complete cached Buddy page-data fan-out for BL-251.; Reward quantity defaults to 1 because Buddy page-data exposes chance but not quantity.; Source: https://buddy.farm/i/pine-cone/; Page data: https://buddy.farm/page-data/i/pine-cone/page-data.json; Cache: pine-cone__pine-cone.json
Pirate Bandana,pirate bandana,Captains Log,captains log,0.25,1,cached_buddy_page_data,Promoted from complete cached Buddy page-data fan-out for BL-251.; Reward quantity defaults to 1 because Buddy page-data exposes chance but not quantity.; Source: https://buddy.farm/i/pirate-bandana/; Page data: https://buddy.farm/page-data/i/pirate-bandana/page-data.json; Cache: pirate-bandana__pirate-bandana.json
Pirate Bandana,pirate bandana,Carved Bear,carved bear,0.25,1,cached_buddy_page_data,Promoted from complete cached Buddy page-data fan-out for BL-251.; Reward quantity defaults to 1 because Buddy page-data exposes chance but not quantity.; Source: https://buddy.farm/i/pirate-bandana/; Page data: https://buddy.farm/page-data/i/pirate-bandana/page-data.json; Cache: pirate-bandana__pirate-bandana.json
Pirate Bandana,pirate bandana,Eye Patch,eye patch,0.25,1,cached_buddy_page_data,Promoted from complete cached Buddy page-data fan-out for BL-251.; Reward quantity defaults to 1 because Buddy page-data exposes chance but not quantity.; Source: https://buddy.farm/i/pirate-bandana/; Page data: https://buddy.farm/page-data/i/pirate-bandana/page-data.json; Cache: pirate-bandana__pirate-bandana.json
Pirate Bandana,pirate bandana,Pirate Flag,pirate flag,0.25,1,cached_buddy_page_data,Promoted from complete cached Buddy page-data fan-out for BL-251.; Reward quantity defaults to 1 because Buddy page-data exposes chance but not quantity.; Source: https://buddy.farm/i/pirate-bandana/; Page data: https://buddy.farm/page-data/i/pirate-bandana/page-data.json; Cache: pirate-bandana__pirate-bandana.json
Pirate Flag,pirate flag,Sealed Letter,sealed letter,0.25,1,cached_buddy_page_data,Promoted from complete cached Buddy page-data fan-out for BL-251.; Reward quantity defaults to 1 because Buddy page-data exposes chance but not quantity.; Source: https://buddy.farm/i/pirate-flag/; Page data: https://buddy.farm/page-data/i/pirate-flag/page-data.json; Cache: pirate-flag__pirate-flag.json
Pirate Flag,pirate flag,Small Flute,small flute,0.25,1,cached_buddy_page_data,Promoted from complete cached Buddy page-data fan-out for BL-251.; Reward quantity defaults to 1 because Buddy page-data exposes chance but not quantity.; Source: https://buddy.farm/i/pirate-flag/; Page data: https://buddy.farm/page-data/i/pirate-flag/page-data.json; Cache: pirate-flag__pirate-flag.json
Pirate Flag,pirate flag,Small Gear,small gear,0.25,1,cached_buddy_page_data,Promoted from complete cached Buddy page-data fan-out for BL-251.; Reward quantity defaults to 1 because Buddy page-data exposes chance but not quantity.; Source: https://buddy.farm/i/pirate-flag/; Page data: https://buddy.farm/page-data/i/pirate-flag/page-data.json; Cache: pirate-flag__pirate-flag.json
Pirate Flag,pirate flag,Spectacles,spectacles,0.25,1,cached_buddy_page_data,Promoted from complete cached Buddy page-data fan-out for BL-251.; Reward quantity defaults to 1 because Buddy page-data exposes chance but not quantity.; Source: https://buddy.farm/i/pirate-flag/; Page data: https://buddy.farm/page-data/i/pirate-flag/page-data.json; Cache: pirate-flag__pirate-flag.json
Pocket Watch,pocket watch,Cogwheel,cogwheel,0.3333333333333333,1,cached_buddy_page_data,Promoted from complete cached Buddy page-data fan-out for BL-251.; Reward quantity defaults to 1 because Buddy page-data exposes chance but not quantity.; Source: https://buddy.farm/i/pocket-watch/; Page data: https://buddy.farm/page-data/i/pocket-watch/page-data.json; Cache: pocket-watch__pocket-watch.json
Pocket Watch,pocket watch,Pirate Bandana,pirate bandana,0.3333333333333333,1,cached_buddy_page_data,Promoted from complete cached Buddy page-data fan-out for BL-251.; Reward quantity defaults to 1 because Buddy page-data exposes chance but not quantity.; Source: https://buddy.farm/i/pocket-watch/; Page data: https://buddy.farm/page-data/i/pocket-watch/page-data.json; Cache: pocket-watch__pocket-watch.json
Pocket Watch,pocket watch,Wooden Mask,wooden mask,0.3333333333333333,1,cached_buddy_page_data,Promoted from complete cached Buddy page-data fan-out for BL-251.; Reward quantity defaults to 1 because Buddy page-data exposes chance but not quantity.; Source: https://buddy.farm/i/pocket-watch/; Page data: https://buddy.farm/page-data/i/pocket-watch/page-data.json; Cache: pocket-watch__pocket-watch.json
R.O.A.S.,r.o.a.s.,Candy Corn,candy corn,0.3333333333333333,1,cached_buddy_page_data,Promoted from complete cached Buddy page-data fan-out for BL-251.; Reward quantity defaults to 1 because Buddy page-data exposes chance but not quantity.; Source: https://buddy.farm/i/r-o-a-s-/; Page data: https://buddy.farm/page-data/i/r-o-a-s-/page-data.json; Cache: r-o-a-s__r-o-a-s.json
R.O.A.S.,r.o.a.s.,Square Key,square key,0.3333333333333333,1,cached_buddy_page_data,Promoted from complete cached Buddy page-data fan-out for BL-251.; Reward quantity defaults to 1 because Buddy page-data exposes chance but not quantity.; Source: https://buddy.farm/i/r-o-a-s-/; Page data: https://buddy.farm/page-data/i/r-o-a-s-/page-data.json; Cache: r-o-a-s__r-o-a-s.json
R.O.A.S.,r.o.a.s.,Taffy,taffy,0.3333333333333333,1,cached_buddy_page_data,Promoted from complete cached Buddy page-data fan-out for BL-251.; Reward quantity defaults to 1 because Buddy page-data exposes chance but not quantity.; Source: https://buddy.farm/i/r-o-a-s-/; Page data: https://buddy.farm/page-data/i/r-o-a-s-/page-data.json; Cache: r-o-a-s__r-o-a-s.json
Red Dye,red dye,Blue Purse,blue purse,0.3333333333333333,1,cached_buddy_page_data,Promoted from complete cached Buddy page-data fan-out for BL-251.; Reward quantity defaults to 1 because Buddy page-data exposes chance but not quantity.; Source: https://buddy.farm/i/red-dye/; Page data: https://buddy.farm/page-data/i/red-dye/page-data.json; Cache: red-dye__red-dye.json
Red Dye,red dye,Purple Bag,purple bag,0.3333333333333333,1,cached_buddy_page_data,Promoted from complete cached Buddy page-data fan-out for BL-251.; Reward quantity defaults to 1 because Buddy page-data exposes chance but not quantity.; Source: https://buddy.farm/i/red-dye/; Page data: https://buddy.farm/page-data/i/red-dye/page-data.json; Cache: red-dye__red-dye.json
Red Dye,red dye,Red Shield,red shield,0.3333333333333333,1,cached_buddy_page_data,Promoted from complete cached Buddy page-data fan-out for BL-251.; Reward quantity defaults to 1 because Buddy page-data exposes chance but not quantity.; Source: https://buddy.farm/i/red-dye/; Page data: https://buddy.farm/page-data/i/red-dye/page-data.json; Cache: red-dye__red-dye.json
Runestone 01,runestone 01,Moonstone,moonstone,0.3333333333333333,1,cached_buddy_page_data,Promoted from complete cached Buddy page-data fan-out for BL-251.; Reward quantity defaults to 1 because Buddy page-data exposes chance but not quantity.; Source: https://buddy.farm/i/runestone-01/; Page data: https://buddy.farm/page-data/i/runestone-01/page-data.json; Cache: runestone-01__runestone-01.json
Runestone 01,runestone 01,Runestone 02,runestone 02,0.3333333333333333,1,cached_buddy_page_data,Promoted from complete cached Buddy page-data fan-out for BL-251.; Reward quantity defaults to 1 because Buddy page-data exposes chance but not quantity.; Source: https://buddy.farm/i/runestone-01/; Page data: https://buddy.farm/page-data/i/runestone-01/page-data.json; Cache: runestone-01__runestone-01.json
Runestone 01,runestone 01,Strange Letter,strange letter,0.3333333333333333,1,cached_buddy_page_data,Promoted from complete cached Buddy page-data fan-out for BL-251.; Reward quantity defaults to 1 because Buddy page-data exposes chance but not quantity.; Source: https://buddy.farm/i/runestone-01/; Page data: https://buddy.farm/page-data/i/runestone-01/page-data.json; Cache: runestone-01__runestone-01.json
Runestone 02,runestone 02,Magicite,magicite,0.25,1,cached_buddy_page_data,Promoted from complete cached Buddy page-data fan-out for BL-251.; Reward quantity defaults to 1 because Buddy page-data exposes chance but not quantity.; Source: https://buddy.farm/i/runestone-02/; Page data: https://buddy.farm/page-data/i/runestone-02/page-data.json; Cache: runestone-02__runestone-02.json
Runestone 02,runestone 02,Magna Quartz,magna quartz,0.25,1,cached_buddy_page_data,Promoted from complete cached Buddy page-data fan-out for BL-251.; Reward quantity defaults to 1 because Buddy page-data exposes chance but not quantity.; Source: https://buddy.farm/i/runestone-02/; Page data: https://buddy.farm/page-data/i/runestone-02/page-data.json; Cache: runestone-02__runestone-02.json
Runestone 02,runestone 02,Runestone 01,runestone 01,0.25,1,cached_buddy_page_data,Promoted from complete cached Buddy page-data fan-out for BL-251.; Reward quantity defaults to 1 because Buddy page-data exposes chance but not quantity.; Source: https://buddy.farm/i/runestone-02/; Page data: https://buddy.farm/page-data/i/runestone-02/page-data.json; Cache: runestone-02__runestone-02.json
Runestone 02,runestone 02,Runestone 03,runestone 03,0.25,1,cached_buddy_page_data,Promoted from complete cached Buddy page-data fan-out for BL-251.; Reward quantity defaults to 1 because Buddy page-data exposes chance but not quantity.; Source: https://buddy.farm/i/runestone-02/; Page data: https://buddy.farm/page-data/i/runestone-02/page-data.json; Cache: runestone-02__runestone-02.json
Runestone 03,runestone 03,Moonstone,moonstone,0.3333333333333333,1,cached_buddy_page_data,Promoted from complete cached Buddy page-data fan-out for BL-251.; Reward quantity defaults to 1 because Buddy page-data exposes chance but not quantity.; Source: https://buddy.farm/i/runestone-03/; Page data: https://buddy.farm/page-data/i/runestone-03/page-data.json; Cache: runestone-03__runestone-03.json
Runestone 03,runestone 03,Runestone 04,runestone 04,0.3333333333333333,1,cached_buddy_page_data,Promoted from complete cached Buddy page-data fan-out for BL-251.; Reward quantity defaults to 1 because Buddy page-data exposes chance but not quantity.; Source: https://buddy.farm/i/runestone-03/; Page data: https://buddy.farm/page-data/i/runestone-03/page-data.json; Cache: runestone-03__runestone-03.json
Runestone 03,runestone 03,Runestone 05,runestone 05,0.3333333333333333,1,cached_buddy_page_data,Promoted from complete cached Buddy page-data fan-out for BL-251.; Reward quantity defaults to 1 because Buddy page-data exposes chance but not quantity.; Source: https://buddy.farm/i/runestone-03/; Page data: https://buddy.farm/page-data/i/runestone-03/page-data.json; Cache: runestone-03__runestone-03.json
Runestone 04,runestone 04,Gold Feather,gold feather,0.3333333333333333,1,cached_buddy_page_data,Promoted from complete cached Buddy page-data fan-out for BL-251.; Reward quantity defaults to 1 because Buddy page-data exposes chance but not quantity.; Source: https://buddy.farm/i/runestone-04/; Page data: https://buddy.farm/page-data/i/runestone-04/page-data.json; Cache: runestone-04__runestone-04.json
Runestone 04,runestone 04,Gold Leaf,gold leaf,0.3333333333333333,1,cached_buddy_page_data,Promoted from complete cached Buddy page-data fan-out for BL-251.; Reward quantity defaults to 1 because Buddy page-data exposes chance but not quantity.; Source: https://buddy.farm/i/runestone-04/; Page data: https://buddy.farm/page-data/i/runestone-04/page-data.json; Cache: runestone-04__runestone-04.json
Runestone 04,runestone 04,Runestone 03,runestone 03,0.3333333333333333,1,cached_buddy_page_data,Promoted from complete cached Buddy page-data fan-out for BL-251.; Reward quantity defaults to 1 because Buddy page-data exposes chance but not quantity.; Source: https://buddy.farm/i/runestone-04/; Page data: https://buddy.farm/page-data/i/runestone-04/page-data.json; Cache: runestone-04__runestone-04.json
Runestone 05,runestone 05,Magicite,magicite,0.25,1,cached_buddy_page_data,Promoted from complete cached Buddy page-data fan-out for BL-251.; Reward quantity defaults to 1 because Buddy page-data exposes chance but not quantity.; Source: https://buddy.farm/i/runestone-05/; Page data: https://buddy.farm/page-data/i/runestone-05/page-data.json; Cache: runestone-05__runestone-05.json
Runestone 05,runestone 05,Magna Quartz,magna quartz,0.25,1,cached_buddy_page_data,Promoted from complete cached Buddy page-data fan-out for BL-251.; Reward quantity defaults to 1 because Buddy page-data exposes chance but not quantity.; Source: https://buddy.farm/i/runestone-05/; Page data: https://buddy.farm/page-data/i/runestone-05/page-data.json; Cache: runestone-05__runestone-05.json
Runestone 05,runestone 05,Runestone 04,runestone 04,0.25,1,cached_buddy_page_data,Promoted from complete cached Buddy page-data fan-out for BL-251.; Reward quantity defaults to 1 because Buddy page-data exposes chance but not quantity.; Source: https://buddy.farm/i/runestone-05/; Page data: https://buddy.farm/page-data/i/runestone-05/page-data.json; Cache: runestone-05__runestone-05.json
Runestone 05,runestone 05,Runestone 06,runestone 06,0.25,1,cached_buddy_page_data,Promoted from complete cached Buddy page-data fan-out for BL-251.; Reward quantity defaults to 1 because Buddy page-data exposes chance but not quantity.; Source: https://buddy.farm/i/runestone-05/; Page data: https://buddy.farm/page-data/i/runestone-05/page-data.json; Cache: runestone-05__runestone-05.json
Runestone 06,runestone 06,Gold Feather,gold feather,0.25,1,cached_buddy_page_data,Promoted from complete cached Buddy page-data fan-out for BL-251.; Reward quantity defaults to 1 because Buddy page-data exposes chance but not quantity.; Source: https://buddy.farm/i/runestone-06/; Page data: https://buddy.farm/page-data/i/runestone-06/page-data.json; Cache: runestone-06__runestone-06.json
Runestone 06,runestone 06,Gold Leaf,gold leaf,0.25,1,cached_buddy_page_data,Promoted from complete cached Buddy page-data fan-out for BL-251.; Reward quantity defaults to 1 because Buddy page-data exposes chance but not quantity.; Source: https://buddy.farm/i/runestone-06/; Page data: https://buddy.farm/page-data/i/runestone-06/page-data.json; Cache: runestone-06__runestone-06.json
Runestone 06,runestone 06,Runestone 07,runestone 07,0.25,1,cached_buddy_page_data,Promoted from complete cached Buddy page-data fan-out for BL-251.; Reward quantity defaults to 1 because Buddy page-data exposes chance but not quantity.; Source: https://buddy.farm/i/runestone-06/; Page data: https://buddy.farm/page-data/i/runestone-06/page-data.json; Cache: runestone-06__runestone-06.json
Runestone 06,runestone 06,Runestone 10,runestone 10,0.25,1,cached_buddy_page_data,Promoted from complete cached Buddy page-data fan-out for BL-251.; Reward quantity defaults to 1 because Buddy page-data exposes chance but not quantity.; Source: https://buddy.farm/i/runestone-06/; Page data: https://buddy.farm/page-data/i/runestone-06/page-data.json; Cache: runestone-06__runestone-06.json
Runestone 07,runestone 07,Gold Leaf,gold leaf,0.3333333333333333,1,cached_buddy_page_data,Promoted from complete cached Buddy page-data fan-out for BL-251.; Reward quantity defaults to 1 because Buddy page-data exposes chance but not quantity.; Source: https://buddy.farm/i/runestone-07/; Page data: https://buddy.farm/page-data/i/runestone-07/page-data.json; Cache: runestone-07__runestone-07.json
Runestone 07,runestone 07,Runestone 08,runestone 08,0.3333333333333333,1,cached_buddy_page_data,Promoted from complete cached Buddy page-data fan-out for BL-251.; Reward quantity defaults to 1 because Buddy page-data exposes chance but not quantity.; Source: https://buddy.farm/i/runestone-07/; Page data: https://buddy.farm/page-data/i/runestone-07/page-data.json; Cache: runestone-07__runestone-07.json
Runestone 07,runestone 07,Runestone 10,runestone 10,0.3333333333333333,1,cached_buddy_page_data,Promoted from complete cached Buddy page-data fan-out for BL-251.; Reward quantity defaults to 1 because Buddy page-data exposes chance but not quantity.; Source: https://buddy.farm/i/runestone-07/; Page data: https://buddy.farm/page-data/i/runestone-07/page-data.json; Cache: runestone-07__runestone-07.json
Runestone 08,runestone 08,Gold Feather,gold feather,0.3333333333333333,1,cached_buddy_page_data,Promoted from complete cached Buddy page-data fan-out for BL-251.; Reward quantity defaults to 1 because Buddy page-data exposes chance but not quantity.; Source: https://buddy.farm/i/runestone-08/; Page data: https://buddy.farm/page-data/i/runestone-08/page-data.json; Cache: runestone-08__runestone-08.json
Runestone 08,runestone 08,Runestone 09,runestone 09,0.3333333333333333,1,cached_buddy_page_data,Promoted from complete cached Buddy page-data fan-out for BL-251.; Reward quantity defaults to 1 because Buddy page-data exposes chance but not quantity.; Source: https://buddy.farm/i/runestone-08/; Page data: https://buddy.farm/page-data/i/runestone-08/page-data.json; Cache: runestone-08__runestone-08.json
Runestone 08,runestone 08,Runestone 10,runestone 10,0.3333333333333333,1,cached_buddy_page_data,Promoted from complete cached Buddy page-data fan-out for BL-251.; Reward quantity defaults to 1 because Buddy page-data exposes chance but not quantity.; Source: https://buddy.farm/i/runestone-08/; Page data: https://buddy.farm/page-data/i/runestone-08/page-data.json; Cache: runestone-08__runestone-08.json
Runestone 09,runestone 09,Gold Feather,gold feather,0.3333333333333333,1,cached_buddy_page_data,Promoted from complete cached Buddy page-data fan-out for BL-251.; Reward quantity defaults to 1 because Buddy page-data exposes chance but not quantity.; Source: https://buddy.farm/i/runestone-09/; Page data: https://buddy.farm/page-data/i/runestone-09/page-data.json; Cache: runestone-09__runestone-09.json
Runestone 09,runestone 09,Runestone 08,runestone 08,0.3333333333333333,1,cached_buddy_page_data,Promoted from complete cached Buddy page-data fan-out for BL-251.; Reward quantity defaults to 1 because Buddy page-data exposes chance but not quantity.; Source: https://buddy.farm/i/runestone-09/; Page data: https://buddy.farm/page-data/i/runestone-09/page-data.json; Cache: runestone-09__runestone-09.json
Runestone 09,runestone 09,Runestone 10,runestone 10,0.3333333333333333,1,cached_buddy_page_data,Promoted from complete cached Buddy page-data fan-out for BL-251.; Reward quantity defaults to 1 because Buddy page-data exposes chance but not quantity.; Source: https://buddy.farm/i/runestone-09/; Page data: https://buddy.farm/page-data/i/runestone-09/page-data.json; Cache: runestone-09__runestone-09.json
Runestone 10,runestone 10,Runestone 06,runestone 06,0.3333333333333333,1,cached_buddy_page_data,Promoted from complete cached Buddy page-data fan-out for BL-251.; Reward quantity defaults to 1 because Buddy page-data exposes chance but not quantity.; Source: https://buddy.farm/i/runestone-10/; Page data: https://buddy.farm/page-data/i/runestone-10/page-data.json; Cache: runestone-10__runestone-10.json
Runestone 10,runestone 10,Runestone 08,runestone 08,0.3333333333333333,1,cached_buddy_page_data,Promoted from complete cached Buddy page-data fan-out for BL-251.; Reward quantity defaults to 1 because Buddy page-data exposes chance but not quantity.; Source: https://buddy.farm/i/runestone-10/; Page data: https://buddy.farm/page-data/i/runestone-10/page-data.json; Cache: runestone-10__runestone-10.json
Runestone 10,runestone 10,Runestone 09,runestone 09,0.3333333333333333,1,cached_buddy_page_data,Promoted from complete cached Buddy page-data fan-out for BL-251.; Reward quantity defaults to 1 because Buddy page-data exposes chance but not quantity.; Source: https://buddy.farm/i/runestone-10/; Page data: https://buddy.farm/page-data/i/runestone-10/page-data.json; Cache: runestone-10__runestone-10.json
Salt,salt,Broccoli,broccoli,0.5,1,cached_buddy_page_data,Promoted from complete cached Buddy page-data fan-out for BL-251.; Reward quantity defaults to 1 because Buddy page-data exposes chance but not quantity.; Source: https://buddy.farm/i/salt/; Page data: https://buddy.farm/page-data/i/salt/page-data.json; Cache: salt__salt.json
Salt,salt,Spiked Shell,spiked shell,0.5,1,cached_buddy_page_data,Promoted from complete cached Buddy page-data fan-out for BL-251.; Reward quantity defaults to 1 because Buddy page-data exposes chance but not quantity.; Source: https://buddy.farm/i/salt/; Page data: https://buddy.farm/page-data/i/salt/page-data.json; Cache: salt__salt.json
Sea Dragon,sea dragon,Fancy Drum,fancy drum,0.3333333333333333,1,cached_buddy_page_data,Promoted from complete cached Buddy page-data fan-out for BL-251.; Reward quantity defaults to 1 because Buddy page-data exposes chance but not quantity.; Source: https://buddy.farm/i/sea-dragon/; Page data: https://buddy.farm/page-data/i/sea-dragon/page-data.json; Cache: sea-dragon__sea-dragon.json
Sea Dragon,sea dragon,Frog,frog,0.3333333333333333,1,cached_buddy_page_data,Promoted from complete cached Buddy page-data fan-out for BL-251.; Reward quantity defaults to 1 because Buddy page-data exposes chance but not quantity.; Source: https://buddy.farm/i/sea-dragon/; Page data: https://buddy.farm/page-data/i/sea-dragon/page-data.json; Cache: sea-dragon__sea-dragon.json
Sea Dragon,sea dragon,Orange Gecko,orange gecko,0.3333333333333333,1,cached_buddy_page_data,Promoted from complete cached Buddy page-data fan-out for BL-251.; Reward quantity defaults to 1 because Buddy page-data exposes chance but not quantity.; Source: https://buddy.farm/i/sea-dragon/; Page data: https://buddy.farm/page-data/i/sea-dragon/page-data.json; Cache: sea-dragon__sea-dragon.json
Shark Tooth,shark tooth,4-leaf Clover,4-leaf clover,0.3333333333333333,1,cached_buddy_page_data,Promoted from complete cached Buddy page-data fan-out for BL-251.; Reward quantity defaults to 1 because Buddy page-data exposes chance but not quantity.; Source: https://buddy.farm/i/shark-tooth/; Page data: https://buddy.farm/page-data/i/shark-tooth/page-data.json; Cache: shark-tooth__shark-tooth.json
Shark Tooth,shark tooth,Bacon,bacon,0.3333333333333333,1,cached_buddy_page_data,Promoted from complete cached Buddy page-data fan-out for BL-251.; Reward quantity defaults to 1 because Buddy page-data exposes chance but not quantity.; Source: https://buddy.farm/i/shark-tooth/; Page data: https://buddy.farm/page-data/i/shark-tooth/page-data.json; Cache: shark-tooth__shark-tooth.json
Shark Tooth,shark tooth,Moonstone,moonstone,0.3333333333333333,1,cached_buddy_page_data,Promoted from complete cached Buddy page-data fan-out for BL-251.; Reward quantity defaults to 1 because Buddy page-data exposes chance but not quantity.; Source: https://buddy.farm/i/shark-tooth/; Page data: https://buddy.farm/page-data/i/shark-tooth/page-data.json; Cache: shark-tooth__shark-tooth.json
Shiny Beetle,shiny beetle,Caterpillar,caterpillar,0.25,1,cached_buddy_page_data,Promoted from complete cached Buddy page-data fan-out for BL-251.; Reward quantity defaults to 1 because Buddy page-data exposes chance but not quantity.; Source: https://buddy.farm/i/shiny-beetle/; Page data: https://buddy.farm/page-data/i/shiny-beetle/page-data.json; Cache: shiny-beetle__shiny-beetle.json
Shiny Beetle,shiny beetle,Horned Beetle,horned beetle,0.25,1,cached_buddy_page_data,Promoted from complete cached Buddy page-data fan-out for BL-251.; Reward quantity defaults to 1 because Buddy page-data exposes chance but not quantity.; Source: https://buddy.farm/i/shiny-beetle/; Page data: https://buddy.farm/page-data/i/shiny-beetle/page-data.json; Cache: shiny-beetle__shiny-beetle.json
Shiny Beetle,shiny beetle,Runestone 05,runestone 05,0.25,1,cached_buddy_page_data,Promoted from complete cached Buddy page-data fan-out for BL-251.; Reward quantity defaults to 1 because Buddy page-data exposes chance but not quantity.; Source: https://buddy.farm/i/shiny-beetle/; Page data: https://buddy.farm/page-data/i/shiny-beetle/page-data.json; Cache: shiny-beetle__shiny-beetle.json
Shiny Beetle,shiny beetle,Snail,snail,0.25,1,cached_buddy_page_data,Promoted from complete cached Buddy page-data fan-out for BL-251.; Reward quantity defaults to 1 because Buddy page-data exposes chance but not quantity.; Source: https://buddy.farm/i/shiny-beetle/; Page data: https://buddy.farm/page-data/i/shiny-beetle/page-data.json; Cache: shiny-beetle__shiny-beetle.json
Small Flute,small flute,Captains Log,captains log,0.2,1,cached_buddy_page_data,Promoted from complete cached Buddy page-data fan-out for BL-251.; Reward quantity defaults to 1 because Buddy page-data exposes chance but not quantity.; Source: https://buddy.farm/i/small-flute/; Page data: https://buddy.farm/page-data/i/small-flute/page-data.json; Cache: small-flute__small-flute.json
Small Flute,small flute,Carved Warthog,carved warthog,0.2,1,cached_buddy_page_data,Promoted from complete cached Buddy page-data fan-out for BL-251.; Reward quantity defaults to 1 because Buddy page-data exposes chance but not quantity.; Source: https://buddy.farm/i/small-flute/; Page data: https://buddy.farm/page-data/i/small-flute/page-data.json; Cache: small-flute__small-flute.json
Small Flute,small flute,Dice,dice,0.2,1,cached_buddy_page_data,Promoted from complete cached Buddy page-data fan-out for BL-251.; Reward quantity defaults to 1 because Buddy page-data exposes chance but not quantity.; Source: https://buddy.farm/i/small-flute/; Page data: https://buddy.farm/page-data/i/small-flute/page-data.json; Cache: small-flute__small-flute.json
Small Flute,small flute,Small Screw,small screw,0.2,1,cached_buddy_page_data,Promoted from complete cached Buddy page-data fan-out for BL-251.; Reward quantity defaults to 1 because Buddy page-data exposes chance but not quantity.; Source: https://buddy.farm/i/small-flute/; Page data: https://buddy.farm/page-data/i/small-flute/page-data.json; Cache: small-flute__small-flute.json
Small Flute,small flute,Strange Letter,strange letter,0.2,1,cached_buddy_page_data,Promoted from complete cached Buddy page-data fan-out for BL-251.; Reward quantity defaults to 1 because Buddy page-data exposes chance but not quantity.; Source: https://buddy.farm/i/small-flute/; Page data: https://buddy.farm/page-data/i/small-flute/page-data.json; Cache: small-flute__small-flute.json
Small Gear,small gear,Fancy Box,fancy box,0.3333333333333333,1,cached_buddy_page_data,Promoted from complete cached Buddy page-data fan-out for BL-251.; Reward quantity defaults to 1 because Buddy page-data exposes chance but not quantity.; Source: https://buddy.farm/i/small-gear/; Page data: https://buddy.farm/page-data/i/small-gear/page-data.json; Cache: small-gear__small-gear.json
Small Gear,small gear,Gouda,gouda,0.3333333333333333,1,cached_buddy_page_data,Promoted from complete cached Buddy page-data fan-out for BL-251.; Reward quantity defaults to 1 because Buddy page-data exposes chance but not quantity.; Source: https://buddy.farm/i/small-gear/; Page data: https://buddy.farm/page-data/i/small-gear/page-data.json; Cache: small-gear__small-gear.json
Small Gear,small gear,Wax Candle,wax candle,0.3333333333333333,1,cached_buddy_page_data,Promoted from complete cached Buddy page-data fan-out for BL-251.; Reward quantity defaults to 1 because Buddy page-data exposes chance but not quantity.; Source: https://buddy.farm/i/small-gear/; Page data: https://buddy.farm/page-data/i/small-gear/page-data.json; Cache: small-gear__small-gear.json
Small Spring,small spring,Small Screw,small screw,0.25,1,cached_buddy_page_data,Promoted from complete cached Buddy page-data fan-out for BL-251.; Reward quantity defaults to 1 because Buddy page-data exposes chance but not quantity.; Source: https://buddy.farm/i/small-spring/; Page data: https://buddy.farm/page-data/i/small-spring/page-data.json; Cache: small-spring__small-spring.json
Small Spring,small spring,Spectacles,spectacles,0.25,1,cached_buddy_page_data,Promoted from complete cached Buddy page-data fan-out for BL-251.; Reward quantity defaults to 1 because Buddy page-data exposes chance but not quantity.; Source: https://buddy.farm/i/small-spring/; Page data: https://buddy.farm/page-data/i/small-spring/page-data.json; Cache: small-spring__small-spring.json
Small Spring,small spring,Strange Letter,strange letter,0.25,1,cached_buddy_page_data,Promoted from complete cached Buddy page-data fan-out for BL-251.; Reward quantity defaults to 1 because Buddy page-data exposes chance but not quantity.; Source: https://buddy.farm/i/small-spring/; Page data: https://buddy.farm/page-data/i/small-spring/page-data.json; Cache: small-spring__small-spring.json
Small Spring,small spring,Wooden Pipe,wooden pipe,0.25,1,cached_buddy_page_data,Promoted from complete cached Buddy page-data fan-out for BL-251.; Reward quantity defaults to 1 because Buddy page-data exposes chance but not quantity.; Source: https://buddy.farm/i/small-spring/; Page data: https://buddy.farm/page-data/i/small-spring/page-data.json; Cache: small-spring__small-spring.json
Snail,snail,Caterpillar,caterpillar,0.25,1,cached_buddy_page_data,Promoted from complete cached Buddy page-data fan-out for BL-251.; Reward quantity defaults to 1 because Buddy page-data exposes chance but not quantity.; Source: https://buddy.farm/i/snail/; Page data: https://buddy.farm/page-data/i/snail/page-data.json; Cache: snail__snail.json
Snail,snail,Horned Beetle,horned beetle,0.25,1,cached_buddy_page_data,Promoted from complete cached Buddy page-data fan-out for BL-251.; Reward quantity defaults to 1 because Buddy page-data exposes chance but not quantity.; Source: https://buddy.farm/i/snail/; Page data: https://buddy.farm/page-data/i/snail/page-data.json; Cache: snail__snail.json
Snail,snail,Runestone 10,runestone 10,0.25,1,cached_buddy_page_data,Promoted from complete cached Buddy page-data fan-out for BL-251.; Reward quantity defaults to 1 because Buddy page-data exposes chance but not quantity.; Source: https://buddy.farm/i/snail/; Page data: https://buddy.farm/page-data/i/snail/page-data.json; Cache: snail__snail.json
Snail,snail,Shiny Beetle,shiny beetle,0.25,1,cached_buddy_page_data,Promoted from complete cached Buddy page-data fan-out for BL-251.; Reward quantity defaults to 1 because Buddy page-data exposes chance but not quantity.; Source: https://buddy.farm/i/snail/; Page data: https://buddy.farm/page-data/i/snail/page-data.json; Cache: snail__snail.json
Spectacles,spectacles,Carved Squirrel,carved squirrel,0.2,1,cached_buddy_page_data,Promoted from complete cached Buddy page-data fan-out for BL-251.; Reward quantity defaults to 1 because Buddy page-data exposes chance but not quantity.; Source: https://buddy.farm/i/spectacles/; Page data: https://buddy.farm/page-data/i/spectacles/page-data.json; Cache: spectacles__spectacles.json
Spectacles,spectacles,Dice,dice,0.2,1,cached_buddy_page_data,Promoted from complete cached Buddy page-data fan-out for BL-251.; Reward quantity defaults to 1 because Buddy page-data exposes chance but not quantity.; Source: https://buddy.farm/i/spectacles/; Page data: https://buddy.farm/page-data/i/spectacles/page-data.json; Cache: spectacles__spectacles.json
Spectacles,spectacles,Pirate Bandana,pirate bandana,0.2,1,cached_buddy_page_data,Promoted from complete cached Buddy page-data fan-out for BL-251.; Reward quantity defaults to 1 because Buddy page-data exposes chance but not quantity.; Source: https://buddy.farm/i/spectacles/; Page data: https://buddy.farm/page-data/i/spectacles/page-data.json; Cache: spectacles__spectacles.json
Spectacles,spectacles,Small Screw,small screw,0.2,1,cached_buddy_page_data,Promoted from complete cached Buddy page-data fan-out for BL-251.; Reward quantity defaults to 1 because Buddy page-data exposes chance but not quantity.; Source: https://buddy.farm/i/spectacles/; Page data: https://buddy.farm/page-data/i/spectacles/page-data.json; Cache: spectacles__spectacles.json
Spectacles,spectacles,Wooden Pipe,wooden pipe,0.2,1,cached_buddy_page_data,Promoted from complete cached Buddy page-data fan-out for BL-251.; Reward quantity defaults to 1 because Buddy page-data exposes chance but not quantity.; Source: https://buddy.farm/i/spectacles/; Page data: https://buddy.farm/page-data/i/spectacles/page-data.json; Cache: spectacles__spectacles.json
Spoon,spoon,Canoe,canoe,0.3333333333333333,1,cached_buddy_page_data,Promoted from complete cached Buddy page-data fan-out for BL-251.; Reward quantity defaults to 1 because Buddy page-data exposes chance but not quantity.; Source: https://buddy.farm/i/spoon/; Page data: https://buddy.farm/page-data/i/spoon/page-data.json; Cache: spoon__spoon.json
Spoon,spoon,Onyx Scorpion,onyx scorpion,0.3333333333333333,1,cached_buddy_page_data,Promoted from complete cached Buddy page-data fan-out for BL-251.; Reward quantity defaults to 1 because Buddy page-data exposes chance but not quantity.; Source: https://buddy.farm/i/spoon/; Page data: https://buddy.farm/page-data/i/spoon/page-data.json; Cache: spoon__spoon.json
Spoon,spoon,Wrench,wrench,0.3333333333333333,1,cached_buddy_page_data,Promoted from complete cached Buddy page-data fan-out for BL-251.; Reward quantity defaults to 1 because Buddy page-data exposes chance but not quantity.; Source: https://buddy.farm/i/spoon/; Page data: https://buddy.farm/page-data/i/spoon/page-data.json; Cache: spoon__spoon.json
Steel Plate,steel plate,Blue Purse,blue purse,0.3333333333333333,1,cached_buddy_page_data,Promoted from complete cached Buddy page-data fan-out for BL-251.; Reward quantity defaults to 1 because Buddy page-data exposes chance but not quantity.; Source: https://buddy.farm/i/steel-plate/; Page data: https://buddy.farm/page-data/i/steel-plate/page-data.json; Cache: steel-plate__steel-plate.json
Steel Plate,steel plate,Monster Skull,monster skull,0.3333333333333333,1,cached_buddy_page_data,Promoted from complete cached Buddy page-data fan-out for BL-251.; Reward quantity defaults to 1 because Buddy page-data exposes chance but not quantity.; Source: https://buddy.farm/i/steel-plate/; Page data: https://buddy.farm/page-data/i/steel-plate/page-data.json; Cache: steel-plate__steel-plate.json
Steel Plate,steel plate,Wrench,wrench,0.3333333333333333,1,cached_buddy_page_data,Promoted from complete cached Buddy page-data fan-out for BL-251.; Reward quantity defaults to 1 because Buddy page-data exposes chance but not quantity.; Source: https://buddy.farm/i/steel-plate/; Page data: https://buddy.farm/page-data/i/steel-plate/page-data.json; Cache: steel-plate__steel-plate.json
Strange Letter,strange letter,Dice,dice,0.25,1,cached_buddy_page_data,Promoted from complete cached Buddy page-data fan-out for BL-251.; Reward quantity defaults to 1 because Buddy page-data exposes chance but not quantity.; Source: https://buddy.farm/i/strange-letter/; Page data: https://buddy.farm/page-data/i/strange-letter/page-data.json; Cache: strange-letter__strange-letter.json
Strange Letter,strange letter,Freaky Picture,freaky picture,0.25,1,cached_buddy_page_data,Promoted from complete cached Buddy page-data fan-out for BL-251.; Reward quantity defaults to 1 because Buddy page-data exposes chance but not quantity.; Source: https://buddy.farm/i/strange-letter/; Page data: https://buddy.farm/page-data/i/strange-letter/page-data.json; Cache: strange-letter__strange-letter.json
Strange Letter,strange letter,Small Screw,small screw,0.25,1,cached_buddy_page_data,Promoted from complete cached Buddy page-data fan-out for BL-251.; Reward quantity defaults to 1 because Buddy page-data exposes chance but not quantity.; Source: https://buddy.farm/i/strange-letter/; Page data: https://buddy.farm/page-data/i/strange-letter/page-data.json; Cache: strange-letter__strange-letter.json
Strange Letter,strange letter,Spectacles,spectacles,0.25,1,cached_buddy_page_data,Promoted from complete cached Buddy page-data fan-out for BL-251.; Reward quantity defaults to 1 because Buddy page-data exposes chance but not quantity.; Source: https://buddy.farm/i/strange-letter/; Page data: https://buddy.farm/page-data/i/strange-letter/page-data.json; Cache: strange-letter__strange-letter.json
Sturdy Bow,sturdy bow,Fancy Drum,fancy drum,0.3333333333333333,1,cached_buddy_page_data,Promoted from complete cached Buddy page-data fan-out for BL-251.; Reward quantity defaults to 1 because Buddy page-data exposes chance but not quantity.; Source: https://buddy.farm/i/sturdy-bow/; Page data: https://buddy.farm/page-data/i/sturdy-bow/page-data.json; Cache: sturdy-bow__sturdy-bow.json
Sturdy Bow,sturdy bow,Fancy Guitar,fancy guitar,0.3333333333333333,1,cached_buddy_page_data,Promoted from complete cached Buddy page-data fan-out for BL-251.; Reward quantity defaults to 1 because Buddy page-data exposes chance but not quantity.; Source: https://buddy.farm/i/sturdy-bow/; Page data: https://buddy.farm/page-data/i/sturdy-bow/page-data.json; Cache: sturdy-bow__sturdy-bow.json
Sturdy Bow,sturdy bow,Machine Press,machine press,0.3333333333333333,1,cached_buddy_page_data,Promoted from complete cached Buddy page-data fan-out for BL-251.; Reward quantity defaults to 1 because Buddy page-data exposes chance but not quantity.; Source: https://buddy.farm/i/sturdy-bow/; Page data: https://buddy.farm/page-data/i/sturdy-bow/page-data.json; Cache: sturdy-bow__sturdy-bow.json
Taffy,taffy,Ancient Coin,ancient coin,0.3333333333333333,1,cached_buddy_page_data,Promoted from complete cached Buddy page-data fan-out for BL-251.; Reward quantity defaults to 1 because Buddy page-data exposes chance but not quantity.; Source: https://buddy.farm/i/taffy/; Page data: https://buddy.farm/page-data/i/taffy/page-data.json; Cache: taffy__taffy.json
Taffy,taffy,Candy,candy,0.3333333333333333,1,cached_buddy_page_data,Promoted from complete cached Buddy page-data fan-out for BL-251.; Reward quantity defaults to 1 because Buddy page-data exposes chance but not quantity.; Source: https://buddy.farm/i/taffy/; Page data: https://buddy.farm/page-data/i/taffy/page-data.json; Cache: taffy__taffy.json
Taffy,taffy,Lollipop,lollipop,0.3333333333333333,1,cached_buddy_page_data,Promoted from complete cached Buddy page-data fan-out for BL-251.; Reward quantity defaults to 1 because Buddy page-data exposes chance but not quantity.; Source: https://buddy.farm/i/taffy/; Page data: https://buddy.farm/page-data/i/taffy/page-data.json; Cache: taffy__taffy.json
Teapot,teapot,Captains Log,captains log,0.14285714285714285,1,cached_buddy_page_data,Promoted from complete cached Buddy page-data fan-out for BL-251.; Reward quantity defaults to 1 because Buddy page-data exposes chance but not quantity.; Source: https://buddy.farm/i/teapot/; Page data: https://buddy.farm/page-data/i/teapot/page-data.json; Cache: teapot__teapot.json
Teapot,teapot,Carved Owl,carved owl,0.14285714285714285,1,cached_buddy_page_data,Promoted from complete cached Buddy page-data fan-out for BL-251.; Reward quantity defaults to 1 because Buddy page-data exposes chance but not quantity.; Source: https://buddy.farm/i/teapot/; Page data: https://buddy.farm/page-data/i/teapot/page-data.json; Cache: teapot__teapot.json
Teapot,teapot,Carved Rhino,carved rhino,0.14285714285714285,1,cached_buddy_page_data,Promoted from complete cached Buddy page-data fan-out for BL-251.; Reward quantity defaults to 1 because Buddy page-data exposes chance but not quantity.; Source: https://buddy.farm/i/teapot/; Page data: https://buddy.farm/page-data/i/teapot/page-data.json; Cache: teapot__teapot.json
Teapot,teapot,Carved Warthog,carved warthog,0.14285714285714285,1,cached_buddy_page_data,Promoted from complete cached Buddy page-data fan-out for BL-251.; Reward quantity defaults to 1 because Buddy page-data exposes chance but not quantity.; Source: https://buddy.farm/i/teapot/; Page data: https://buddy.farm/page-data/i/teapot/page-data.json; Cache: teapot__teapot.json
Teapot,teapot,Freaky Picture,freaky picture,0.14285714285714285,1,cached_buddy_page_data,Promoted from complete cached Buddy page-data fan-out for BL-251.; Reward quantity defaults to 1 because Buddy page-data exposes chance but not quantity.; Source: https://buddy.farm/i/teapot/; Page data: https://buddy.farm/page-data/i/teapot/page-data.json; Cache: teapot__teapot.json
Teapot,teapot,Pirate Flag,pirate flag,0.14285714285714285,1,cached_buddy_page_data,Promoted from complete cached Buddy page-data fan-out for BL-251.; Reward quantity defaults to 1 because Buddy page-data exposes chance but not quantity.; Source: https://buddy.farm/i/teapot/; Page data: https://buddy.farm/page-data/i/teapot/page-data.json; Cache: teapot__teapot.json
Teapot,teapot,Runestone 02,runestone 02,0.14285714285714285,1,cached_buddy_page_data,Promoted from complete cached Buddy page-data fan-out for BL-251.; Reward quantity defaults to 1 because Buddy page-data exposes chance but not quantity.; Source: https://buddy.farm/i/teapot/; Page data: https://buddy.farm/page-data/i/teapot/page-data.json; Cache: teapot__teapot.json
Treat Bag 02,treat bag 02,Egyptian Necklace,egyptian necklace,0.3333333333333333,1,cached_buddy_page_data,Promoted from complete cached Buddy page-data fan-out for BL-251.; Reward quantity defaults to 1 because Buddy page-data exposes chance but not quantity.; Source: https://buddy.farm/i/treat-bag-02/; Page data: https://buddy.farm/page-data/i/treat-bag-02/page-data.json; Cache: treat-bag-02__treat-bag-02.json
Treat Bag 02,treat bag 02,Square Key,square key,0.3333333333333333,1,cached_buddy_page_data,Promoted from complete cached Buddy page-data fan-out for BL-251.; Reward quantity defaults to 1 because Buddy page-data exposes chance but not quantity.; Source: https://buddy.farm/i/treat-bag-02/; Page data: https://buddy.farm/page-data/i/treat-bag-02/page-data.json; Cache: treat-bag-02__treat-bag-02.json
Treat Bag 02,treat bag 02,Taffy,taffy,0.3333333333333333,1,cached_buddy_page_data,Promoted from complete cached Buddy page-data fan-out for BL-251.; Reward quantity defaults to 1 because Buddy page-data exposes chance but not quantity.; Source: https://buddy.farm/i/treat-bag-02/; Page data: https://buddy.farm/page-data/i/treat-bag-02/page-data.json; Cache: treat-bag-02__treat-bag-02.json
Treat Bag 03,treat bag 03,Candy Corn,candy corn,0.3333333333333333,1,cached_buddy_page_data,Promoted from complete cached Buddy page-data fan-out for BL-251.; Reward quantity defaults to 1 because Buddy page-data exposes chance but not quantity.; Source: https://buddy.farm/i/treat-bag-03/; Page data: https://buddy.farm/page-data/i/treat-bag-03/page-data.json; Cache: treat-bag-03__treat-bag-03.json
Treat Bag 03,treat bag 03,Jack-o-lantern,jack-o-lantern,0.3333333333333333,1,cached_buddy_page_data,Promoted from complete cached Buddy page-data fan-out for BL-251.; Reward quantity defaults to 1 because Buddy page-data exposes chance but not quantity.; Source: https://buddy.farm/i/treat-bag-03/; Page data: https://buddy.farm/page-data/i/treat-bag-03/page-data.json; Cache: treat-bag-03__treat-bag-03.json
Treat Bag 03,treat bag 03,Moonstone,moonstone,0.3333333333333333,1,cached_buddy_page_data,Promoted from complete cached Buddy page-data fan-out for BL-251.; Reward quantity defaults to 1 because Buddy page-data exposes chance but not quantity.; Source: https://buddy.farm/i/treat-bag-03/; Page data: https://buddy.farm/page-data/i/treat-bag-03/page-data.json; Cache: treat-bag-03__treat-bag-03.json
Water Lily,water lily,Grab Bag 02,grab bag 02,0.3333333333333333,1,cached_buddy_page_data,Promoted from complete cached Buddy page-data fan-out for BL-251.; Reward quantity defaults to 1 because Buddy page-data exposes chance but not quantity.; Source: https://buddy.farm/i/water-lily/; Page data: https://buddy.farm/page-data/i/water-lily/page-data.json; Cache: water-lily__water-lily.json
Water Lily,water lily,Mushroom Paste,mushroom paste,0.3333333333333333,1,cached_buddy_page_data,Promoted from complete cached Buddy page-data fan-out for BL-251.; Reward quantity defaults to 1 because Buddy page-data exposes chance but not quantity.; Source: https://buddy.farm/i/water-lily/; Page data: https://buddy.farm/page-data/i/water-lily/page-data.json; Cache: water-lily__water-lily.json
Water Lily,water lily,Popcorn,popcorn,0.3333333333333333,1,cached_buddy_page_data,Promoted from complete cached Buddy page-data fan-out for BL-251.; Reward quantity defaults to 1 because Buddy page-data exposes chance but not quantity.; Source: https://buddy.farm/i/water-lily/; Page data: https://buddy.farm/page-data/i/water-lily/page-data.json; Cache: water-lily__water-lily.json
Wax Candle,wax candle,Gouda,gouda,0.3333333333333333,1,cached_buddy_page_data,Promoted from complete cached Buddy page-data fan-out for BL-251.; Reward quantity defaults to 1 because Buddy page-data exposes chance but not quantity.; Source: https://buddy.farm/i/wax-candle/; Page data: https://buddy.farm/page-data/i/wax-candle/page-data.json; Cache: wax-candle__wax-candle.json
Wax Candle,wax candle,R.O.A.S.,r.o.a.s.,0.3333333333333333,1,cached_buddy_page_data,Promoted from complete cached Buddy page-data fan-out for BL-251.; Reward quantity defaults to 1 because Buddy page-data exposes chance but not quantity.; Source: https://buddy.farm/i/wax-candle/; Page data: https://buddy.farm/page-data/i/wax-candle/page-data.json; Cache: wax-candle__wax-candle.json
Wax Candle,wax candle,Witch Hat,witch hat,0.3333333333333333,1,cached_buddy_page_data,Promoted from complete cached Buddy page-data fan-out for BL-251.; Reward quantity defaults to 1 because Buddy page-data exposes chance but not quantity.; Source: https://buddy.farm/i/wax-candle/; Page data: https://buddy.farm/page-data/i/wax-candle/page-data.json; Cache: wax-candle__wax-candle.json
Witch Hat,witch hat,Chattering Teeth,chattering teeth,0.3333333333333333,1,cached_buddy_page_data,Promoted from complete cached Buddy page-data fan-out for BL-251.; Reward quantity defaults to 1 because Buddy page-data exposes chance but not quantity.; Source: https://buddy.farm/i/witch-hat/; Page data: https://buddy.farm/page-data/i/witch-hat/page-data.json; Cache: witch-hat__witch-hat.json
Witch Hat,witch hat,Wax Candle,wax candle,0.3333333333333333,1,cached_buddy_page_data,Promoted from complete cached Buddy page-data fan-out for BL-251.; Reward quantity defaults to 1 because Buddy page-data exposes chance but not quantity.; Source: https://buddy.farm/i/witch-hat/; Page data: https://buddy.farm/page-data/i/witch-hat/page-data.json; Cache: witch-hat__witch-hat.json
Witch Hat,witch hat,Wizard Hat,wizard hat,0.3333333333333333,1,cached_buddy_page_data,Promoted from complete cached Buddy page-data fan-out for BL-251.; Reward quantity defaults to 1 because Buddy page-data exposes chance but not quantity.; Source: https://buddy.farm/i/witch-hat/; Page data: https://buddy.farm/page-data/i/witch-hat/page-data.json; Cache: witch-hat__witch-hat.json
Wooden Box,wooden box,Carved Chicken,carved chicken,0.25,1,cached_buddy_page_data,Promoted from complete cached Buddy page-data fan-out for BL-251.; Reward quantity defaults to 1 because Buddy page-data exposes chance but not quantity.; Source: https://buddy.farm/i/wooden-box/; Page data: https://buddy.farm/page-data/i/wooden-box/page-data.json; Cache: wooden-box__wooden-box.json
Wooden Box,wooden box,Carved Fox,carved fox,0.25,1,cached_buddy_page_data,Promoted from complete cached Buddy page-data fan-out for BL-251.; Reward quantity defaults to 1 because Buddy page-data exposes chance but not quantity.; Source: https://buddy.farm/i/wooden-box/; Page data: https://buddy.farm/page-data/i/wooden-box/page-data.json; Cache: wooden-box__wooden-box.json
Wooden Box,wooden box,Treasure Chest,treasure chest,0.25,1,cached_buddy_page_data,Promoted from complete cached Buddy page-data fan-out for BL-251.; Reward quantity defaults to 1 because Buddy page-data exposes chance but not quantity.; Source: https://buddy.farm/i/wooden-box/; Page data: https://buddy.farm/page-data/i/wooden-box/page-data.json; Cache: wooden-box__wooden-box.json
Wooden Box,wooden box,Wooden Mask,wooden mask,0.25,1,cached_buddy_page_data,Promoted from complete cached Buddy page-data fan-out for BL-251.; Reward quantity defaults to 1 because Buddy page-data exposes chance but not quantity.; Source: https://buddy.farm/i/wooden-box/; Page data: https://buddy.farm/page-data/i/wooden-box/page-data.json; Cache: wooden-box__wooden-box.json
Wooden Mask,wooden mask,Carved Owl,carved owl,0.3333333333333333,1,cached_buddy_page_data,Promoted from complete cached Buddy page-data fan-out for BL-251.; Reward quantity defaults to 1 because Buddy page-data exposes chance but not quantity.; Source: https://buddy.farm/i/wooden-mask/; Page data: https://buddy.farm/page-data/i/wooden-mask/page-data.json; Cache: wooden-mask__wooden-mask.json
Wooden Mask,wooden mask,Small Flute,small flute,0.3333333333333333,1,cached_buddy_page_data,Promoted from complete cached Buddy page-data fan-out for BL-251.; Reward quantity defaults to 1 because Buddy page-data exposes chance but not quantity.; Source: https://buddy.farm/i/wooden-mask/; Page data: https://buddy.farm/page-data/i/wooden-mask/page-data.json; Cache: wooden-mask__wooden-mask.json
Wooden Mask,wooden mask,Spectacles,spectacles,0.3333333333333333,1,cached_buddy_page_data,Promoted from complete cached Buddy page-data fan-out for BL-251.; Reward quantity defaults to 1 because Buddy page-data exposes chance but not quantity.; Source: https://buddy.farm/i/wooden-mask/; Page data: https://buddy.farm/page-data/i/wooden-mask/page-data.json; Cache: wooden-mask__wooden-mask.json
Wooden Pipe,wooden pipe,Dice,dice,0.25,1,cached_buddy_page_data,Promoted from complete cached Buddy page-data fan-out for BL-251.; Reward quantity defaults to 1 because Buddy page-data exposes chance but not quantity.; Source: https://buddy.farm/i/wooden-pipe/; Page data: https://buddy.farm/page-data/i/wooden-pipe/page-data.json; Cache: wooden-pipe__wooden-pipe.json
Wooden Pipe,wooden pipe,Fancy Pipe,fancy pipe,0.25,1,cached_buddy_page_data,Promoted from complete cached Buddy page-data fan-out for BL-251.; Reward quantity defaults to 1 because Buddy page-data exposes chance but not quantity.; Source: https://buddy.farm/i/wooden-pipe/; Page data: https://buddy.farm/page-data/i/wooden-pipe/page-data.json; Cache: wooden-pipe__wooden-pipe.json
Wooden Pipe,wooden pipe,Small Flute,small flute,0.25,1,cached_buddy_page_data,Promoted from complete cached Buddy page-data fan-out for BL-251.; Reward quantity defaults to 1 because Buddy page-data exposes chance but not quantity.; Source: https://buddy.farm/i/wooden-pipe/; Page data: https://buddy.farm/page-data/i/wooden-pipe/page-data.json; Cache: wooden-pipe__wooden-pipe.json
Wooden Pipe,wooden pipe,Small Gear,small gear,0.25,1,cached_buddy_page_data,Promoted from complete cached Buddy page-data fan-out for BL-251.; Reward quantity defaults to 1 because Buddy page-data exposes chance but not quantity.; Source: https://buddy.farm/i/wooden-pipe/; Page data: https://buddy.farm/page-data/i/wooden-pipe/page-data.json; Cache: wooden-pipe__wooden-pipe.json
