item_name,canonical_key,generated_buddy_slug,candidate_buddy_url,icon_url,icon_pathname,icon_filename,icon_asset_key,farmrpg_item_id_candidate,cache_status,http_status,cache_filename,local_relative_path,flags,notes
10 Gold,10 gold,10-gold,https://buddy.farm/i/10-gold/,https://farmrpg.com/img/items/10gold.png,/img/items/10gold.png,10gold.png,10gold,,existing,,10gold-bd63bf199aa1.png,generated/item-icons/10gold-bd63bf199aa1.png,,Observed from cached Buddy page-data item image; review before asset download or canonical promotion.
100 Gold,100 gold,100-gold,https://buddy.farm/i/100-gold/,https://farmrpg.com/img/items/goldpouch2.png,/img/items/goldpouch2.png,goldpouch2.png,goldpouch2,,existing,,goldpouch2-36d0283617a3.png,generated/item-icons/goldpouch2-36d0283617a3.png,,Observed from cached Buddy page-data item image; review before asset download or canonical promotion.
11th Leaf Centerpiece,11th leaf centerpiece,11th-leaf-centerpiece,https://buddy.farm/i/11th-leaf-centerpiece/,https://farmrpg.com/img/items/centerpiece.png,/img/items/centerpiece.png,centerpiece.png,centerpiece,,existing,,centerpiece-54b122c6b71c.png,generated/item-icons/centerpiece-54b122c6b71c.png,,Observed from cached Buddy page-data item image; review before asset download or canonical promotion.
25 Gold,25 gold,25-gold,https://buddy.farm/i/25-gold/,https://farmrpg.com/img/items/25gold.png,/img/items/25gold.png,25gold.png,25gold,,existing,,25gold-f87eac23dfb8.png,generated/item-icons/25gold-f87eac23dfb8.png,,Observed from cached Buddy page-data item image; review before asset download or canonical promotion.
3-leaf Clover,3 leaf clover,3-leaf-clover,https://buddy.farm/i/3-leaf-clover/,https://farmrpg.com/img/items/8250.PNG,/img/items/8250.PNG,8250.PNG,8250,8250,existing,,8250-244ffecffecc.png,generated/item-icons/8250-244ffecffecc.png,,Observed from cached Buddy page-data item image; review before asset download or canonical promotion.
3rd Birthday Card,3rd birthday card,3rd-birthday-card,https://buddy.farm/i/3rd-birthday-card/,https://farmrpg.com/img/items/card_3ears.png,/img/items/card_3ears.png,card_3ears.png,card_3ears,,existing,,card_3ears-54d7cb907f39.png,generated/item-icons/card_3ears-54d7cb907f39.png,,Observed from cached Buddy page-data item image; review before asset download or canonical promotion.
4-leaf Clover,4 leaf clover,4-leaf-clover,https://buddy.farm/i/4-leaf-clover/,https://farmrpg.com/img/items/fourleaf.png,/img/items/fourleaf.png,fourleaf.png,fourleaf,,existing,,fourleaf-972ed15b53f2.png,generated/item-icons/fourleaf-972ed15b53f2.png,,Observed from cached Buddy page-data item image; review before asset download or canonical promotion.
4th Birthday Card,4th birthday card,4th-birthday-card,https://buddy.farm/i/4th-birthday-card/,https://farmrpg.com/img/items/card_4th.png,/img/items/card_4th.png,card_4th.png,card_4th,,existing,,card_4th-4747df99d24d.png,generated/item-icons/card_4th-4747df99d24d.png,,Observed from cached Buddy page-data item image; review before asset download or canonical promotion.
5 Gold,5 gold,5-gold,https://buddy.farm/i/5-gold/,https://farmrpg.com/img/items/5gold.png,/img/items/5gold.png,5gold.png,5gold,,existing,,5gold-2c5d80bdb3de.png,generated/item-icons/5gold-2c5d80bdb3de.png,,Observed from cached Buddy page-data item image; review before asset download or canonical promotion.
50 Gold,50 gold,50-gold,https://buddy.farm/i/50-gold/,https://farmrpg.com/img/items/goldpouch1.png,/img/items/goldpouch1.png,goldpouch1.png,goldpouch1,,existing,,goldpouch1-867573885e32.png,generated/item-icons/goldpouch1-867573885e32.png,,Observed from cached Buddy page-data item image; review before asset download or canonical promotion.
5th Birthday Card,5th birthday card,5th-birthday-card,https://buddy.farm/i/5th-birthday-card/,https://farmrpg.com/img/items/5th_card.png,/img/items/5th_card.png,5th_card.png,5th_card,,downloaded,200,5th_card-e8e784743975.png,generated/item-icons/5th_card-e8e784743975.png,,Observed from cached Buddy page-data item image; review before asset download or canonical promotion.
Acorn,acorn,acorn,https://buddy.farm/i/acorn/,https://farmrpg.com/img/items/5759.PNG,/img/items/5759.PNG,5759.PNG,5759,5759,existing,,5759-a03bd4cfda76.png,generated/item-icons/5759-a03bd4cfda76.png,,Observed from cached Buddy page-data item image; review before asset download or canonical promotion.
Acorn Butter,acorn butter,acorn-butter,https://buddy.farm/i/acorn-butter/,https://farmrpg.com/img/items/Acorn_butter.png,/img/items/Acorn_butter.png,Acorn_butter.png,Acorn_butter,,downloaded,200,Acorn_butter-c76ea5ef44d0.png,generated/item-icons/Acorn_butter-c76ea5ef44d0.png,,Observed from cached Buddy page-data item image; review before asset download or canonical promotion.
Acorn Pie,acorn pie,acorn-pie,https://buddy.farm/i/acorn-pie/,https://farmrpg.com/img/items/acorn_pie.png,/img/items/acorn_pie.png,acorn_pie.png,acorn_pie,,existing,,acorn_pie-60efc12dc73c.png,generated/item-icons/acorn_pie-60efc12dc73c.png,,Observed from cached Buddy page-data item image; review before asset download or canonical promotion.
Adventure Buddy Doll,adventure buddy doll,adventure-buddy-doll,https://buddy.farm/i/adventure-buddy-doll/,https://farmrpg.com/img/items/ebuddy.png,/img/items/ebuddy.png,ebuddy.png,ebuddy,,existing,,ebuddy-6861e4e5f153.png,generated/item-icons/ebuddy-6861e4e5f153.png,,Observed from cached Buddy page-data item image; review before asset download or canonical promotion.
Alien Fuzzy Chick,alien fuzzy chick,alien-fuzzy-chick,https://buddy.farm/i/alien-fuzzy-chick/,https://farmrpg.com/img/items/alien_fuzzy_chick.png,/img/items/alien_fuzzy_chick.png,alien_fuzzy_chick.png,alien_fuzzy_chick,,downloaded,200,alien_fuzzy_chick-d51711e1711c.png,generated/item-icons/alien_fuzzy_chick-d51711e1711c.png,,Observed from cached Buddy page-data item image; review before asset download or canonical promotion.
Amber,amber,amber,https://buddy.farm/i/amber/,https://farmrpg.com/img/items/6675.png,/img/items/6675.png,6675.png,6675,6675,existing,,6675-1e83ba9079dd.png,generated/item-icons/6675-1e83ba9079dd.png,,Observed from cached Buddy page-data item image; review before asset download or canonical promotion.
Amber Cane,amber cane,amber-cane,https://buddy.farm/i/amber-cane/,https://farmrpg.com/img/items/ambercane.png?2,/img/items/ambercane.png,ambercane.png,ambercane,,existing,,ambercane-330618609187.png,generated/item-icons/ambercane-330618609187.png,,Observed from cached Buddy page-data item image; review before asset download or canonical promotion.
Amber Mire Bloom,amber mire bloom,amber-mire-bloom,https://buddy.farm/i/amber-mire-bloom/,https://farmrpg.com/img/items/amberbloom.png,/img/items/amberbloom.png,amberbloom.png,amberbloom,,existing,,amberbloom-73036a6d0417.png,generated/item-icons/amberbloom-73036a6d0417.png,,Observed from cached Buddy page-data item image; review before asset download or canonical promotion.
Amethyst,amethyst,amethyst,https://buddy.farm/i/amethyst/,https://farmrpg.com/img/items/amethyst.png,/img/items/amethyst.png,amethyst.png,amethyst,,existing,,amethyst-559a69d0a054.png,generated/item-icons/amethyst-559a69d0a054.png,,Observed from cached Buddy page-data item image; review before asset download or canonical promotion.
Amethyst Necklace,amethyst necklace,amethyst-necklace,https://buddy.farm/i/amethyst-necklace/,https://farmrpg.com/img/items/8016.png,/img/items/8016.png,8016.png,8016,8016,existing,,8016-2d8bc32eb0af.png,generated/item-icons/8016-2d8bc32eb0af.png,,Observed from cached Buddy page-data item image; review before asset download or canonical promotion.
Anchor,anchor,anchor,https://buddy.farm/i/anchor/,https://farmrpg.com/img/items/pirates_45_t.png?1,/img/items/pirates_45_t.png,pirates_45_t.png,pirates_45_t,,existing,,pirates_45_t-9bff7886e5d9.png,generated/item-icons/pirates_45_t-9bff7886e5d9.png,,Observed from cached Buddy page-data item image; review before asset download or canonical promotion.
Ancient Coin,ancient coin,ancient-coin,https://buddy.farm/i/ancient-coin/,https://farmrpg.com/img/items/6019.PNG,/img/items/6019.PNG,6019.PNG,6019,6019,existing,,6019-f5fde158f18b.png,generated/item-icons/6019-f5fde158f18b.png,,Observed from cached Buddy page-data item image; review before asset download or canonical promotion.
Ancient Stone Cicada,ancient stone cicada,ancient-stone-cicada,https://buddy.farm/i/ancient-stone-cicada/,https://farmrpg.com/img/items/stonecicada.png?1,/img/items/stonecicada.png,stonecicada.png,stonecicada,,existing,,stonecicada-db50ad2203c1.png,generated/item-icons/stonecicada-db50ad2203c1.png,,Observed from cached Buddy page-data item image; review before asset download or canonical promotion.
Ancient Treasure Belt,ancient treasure belt,ancient-treasure-belt,https://buddy.farm/i/ancient-treasure-belt/,https://farmrpg.com/img/items/ancientbelt.png,/img/items/ancientbelt.png,ancientbelt.png,ancientbelt,,existing,,ancientbelt-dd6ec9783338.png,generated/item-icons/ancientbelt-dd6ec9783338.png,,Observed from cached Buddy page-data item image; review before asset download or canonical promotion.
Anglerfish,anglerfish,anglerfish,https://buddy.farm/i/anglerfish/,https://farmrpg.com/img/items/pirates_76_t.png,/img/items/pirates_76_t.png,pirates_76_t.png,pirates_76_t,,existing,,pirates_76_t-cdcd798daada.png,generated/item-icons/pirates_76_t-cdcd798daada.png,,Observed from cached Buddy page-data item image; review before asset download or canonical promotion.
Ant Apple,ant apple,ant-apple,https://buddy.farm/i/ant-apple/,https://farmrpg.com/img/items/ant_apple.png,/img/items/ant_apple.png,ant_apple.png,ant_apple,,existing,,ant_apple-ff42cc90c15e.png,generated/item-icons/ant_apple-ff42cc90c15e.png,,Observed from cached Buddy page-data item image; review before asset download or canonical promotion.
Antler,antler,antler,https://buddy.farm/i/antler/,https://farmrpg.com/img/items/5922.png,/img/items/5922.png,5922.png,5922,5922,existing,,5922-fd95a8c61648.png,generated/item-icons/5922-fd95a8c61648.png,,Observed from cached Buddy page-data item image; review before asset download or canonical promotion.
Apple,apple,apple,https://buddy.farm/i/apple/,https://farmrpg.com/img/items/8297.png,/img/items/8297.png,8297.png,8297,8297,existing,,8297-5044cb0812ff.png,generated/item-icons/8297-5044cb0812ff.png,,Observed from cached Buddy page-data item image; review before asset download or canonical promotion.
Apple Ant,apple ant,apple-ant,https://buddy.farm/i/apple-ant/,https://farmrpg.com/img/items/apple_ant.png,/img/items/apple_ant.png,apple_ant.png,apple_ant,,existing,,apple_ant-2c5f36eda0e7.png,generated/item-icons/apple_ant-2c5f36eda0e7.png,,Observed from cached Buddy page-data item image; review before asset download or canonical promotion.
Apple Ant Buddy Doll,apple ant buddy doll,apple-ant-buddy-doll,https://buddy.farm/i/apple-ant-buddy-doll/,https://farmrpg.com/img/items/ant_apple_buddy_doll.png,/img/items/ant_apple_buddy_doll.png,ant_apple_buddy_doll.png,ant_apple_buddy_doll,,existing,,ant_apple_buddy_doll-bd8376fcca62.png,generated/item-icons/ant_apple_buddy_doll-bd8376fcca62.png,,Observed from cached Buddy page-data item image; review before asset download or canonical promotion.
Apple Basket,apple basket,apple-basket,https://buddy.farm/i/apple-basket/,https://farmrpg.com/img/items/applebasket.png?2,/img/items/applebasket.png,applebasket.png,applebasket,,existing,,applebasket-d622da271736.png,generated/item-icons/applebasket-d622da271736.png,,Observed from cached Buddy page-data item image; review before asset download or canonical promotion.
Apple Belt,apple belt,apple-belt,https://buddy.farm/i/apple-belt/,https://farmrpg.com/img/items/applebelt.png,/img/items/applebelt.png,applebelt.png,applebelt,,existing,,applebelt-e9f1ef654ca9.png,generated/item-icons/applebelt-e9f1ef654ca9.png,,Observed from cached Buddy page-data item image; review before asset download or canonical promotion.
Apple Buddy Doll,apple buddy doll,apple-buddy-doll,https://buddy.farm/i/apple-buddy-doll/,https://farmrpg.com/img/items/apple_buddy_doll.png,/img/items/apple_buddy_doll.png,apple_buddy_doll.png,apple_buddy_doll,,existing,,apple_buddy_doll-f3165cb13f5a.png,generated/item-icons/apple_buddy_doll-f3165cb13f5a.png,,Observed from cached Buddy page-data item image; review before asset download or canonical promotion.
Apple Cider,apple cider,apple-cider,https://buddy.farm/i/apple-cider/,https://farmrpg.com/img/items/8984.png,/img/items/8984.png,8984.png,8984,8984,existing,,8984-0e4e287e8292.png,generated/item-icons/8984-0e4e287e8292.png,,Observed from cached Buddy page-data item image; review before asset download or canonical promotion.
Apple Core,apple core,apple-core,https://buddy.farm/i/apple-core/,https://farmrpg.com/img/items/8267.PNG,/img/items/8267.PNG,8267.PNG,8267,8267,existing,,8267-a9e50009ab67.png,generated/item-icons/8267-a9e50009ab67.png,,Observed from cached Buddy page-data item image; review before asset download or canonical promotion.
Apple Crate 01,apple crate 01,apple-crate-01,https://buddy.farm/i/apple-crate-01/,https://farmrpg.com/img/items/applecrate.png,/img/items/applecrate.png,applecrate.png,applecrate,,existing,,applecrate-e439ec092252.png,generated/item-icons/applecrate-e439ec092252.png,,Observed from cached Buddy page-data item image; review before asset download or canonical promotion.
Apple Crate 02,apple crate 02,apple-crate-02,https://buddy.farm/i/apple-crate-02/,https://farmrpg.com/img/items/applecrate.png,/img/items/applecrate.png,applecrate.png,applecrate,,reused,,applecrate-e439ec092252.png,generated/item-icons/applecrate-e439ec092252.png,,Observed from cached Buddy page-data item image; review before asset download or canonical promotion.
Apple Picker,apple picker,apple-picker,https://buddy.farm/i/apple-picker/,https://farmrpg.com/img/items/applepicker.png,/img/items/applepicker.png,applepicker.png,applepicker,,existing,,applepicker-04b2df64e644.png,generated/item-icons/applepicker-04b2df64e644.png,,Observed from cached Buddy page-data item image; review before asset download or canonical promotion.
Apple Pie,apple pie,apple-pie,https://buddy.farm/i/apple-pie/,https://farmrpg.com/img/items/applepie2.png,/img/items/applepie2.png,applepie2.png,applepie2,,existing,,applepie2-87380c9b317c.png,generated/item-icons/applepie2-87380c9b317c.png,,Observed from cached Buddy page-data item image; review before asset download or canonical promotion.
Apple Slice,apple slice,apple-slice,https://buddy.farm/i/apple-slice/,https://farmrpg.com/img/items/apple_slice.png,/img/items/apple_slice.png,apple_slice.png,apple_slice,,existing,,apple_slice-2762819103fe.png,generated/item-icons/apple_slice-2762819103fe.png,,Observed from cached Buddy page-data item image; review before asset download or canonical promotion.
Apple Slicer,apple slicer,apple-slicer,https://buddy.farm/i/apple-slicer/,https://farmrpg.com/img/items/applecutter.png,/img/items/applecutter.png,applecutter.png,applecutter,,existing,,applecutter-e2e5f1660842.png,generated/item-icons/applecutter-e2e5f1660842.png,,Observed from cached Buddy page-data item image; review before asset download or canonical promotion.
Apple Turnover,apple turnover,apple-turnover,https://buddy.farm/i/apple-turnover/,https://farmrpg.com/img/items/appleturnover.png,/img/items/appleturnover.png,appleturnover.png,appleturnover,,existing,,appleturnover-995be99d465e.png,generated/item-icons/appleturnover-995be99d465e.png,,Observed from cached Buddy page-data item image; review before asset download or canonical promotion.
Aquacite,aquacite,aquacite,https://buddy.farm/i/aquacite/,https://farmrpg.com/img/items/aquacite.png,/img/items/aquacite.png,aquacite.png,aquacite,,existing,,aquacite-24b21d0c22da.png,generated/item-icons/aquacite-24b21d0c22da.png,,Observed from cached Buddy page-data item image; review before asset download or canonical promotion.
Aquamarine,aquamarine,aquamarine,https://buddy.farm/i/aquamarine/,https://farmrpg.com/img/items/6146.PNG,/img/items/6146.PNG,6146.PNG,6146,6146,existing,,6146-d0feb28c740b.png,generated/item-icons/6146-d0feb28c740b.png,,Observed from cached Buddy page-data item image; review before asset download or canonical promotion.
Aquamarine Ring,aquamarine ring,aquamarine-ring,https://buddy.farm/i/aquamarine-ring/,https://farmrpg.com/img/items/aquaring.png,/img/items/aquaring.png,aquaring.png,aquaring,,existing,,aquaring-f6d64dcc9547.png,generated/item-icons/aquaring-f6d64dcc9547.png,,Observed from cached Buddy page-data item image; review before asset download or canonical promotion.
Arnold Palmer,arnold palmer,arnold-palmer,https://buddy.farm/i/arnold-palmer/,https://farmrpg.com/img/items/ap.png,/img/items/ap.png,ap.png,ap,,existing,,ap-327d8fbdae45.png,generated/item-icons/ap-327d8fbdae45.png,,Observed from cached Buddy page-data item image; review before asset download or canonical promotion.
Arrowhead,arrowhead,arrowhead,https://buddy.farm/i/arrowhead/,https://farmrpg.com/img/items/5910.png,/img/items/5910.png,5910.png,5910,5910,existing,,5910-4a0a3a245709.png,generated/item-icons/5910-4a0a3a245709.png,,Observed from cached Buddy page-data item image; review before asset download or canonical promotion.
Ashes of Pentagorn,ashes of pentagorn,ashes-of-pentagorn,https://buddy.farm/i/ashes-of-pentagorn/,https://farmrpg.com/img/items/5848.png,/img/items/5848.png,5848.png,5848,5848,existing,,5848-087196b4d159.png,generated/item-icons/5848-087196b4d159.png,,Observed from cached Buddy page-data item image; review before asset download or canonical promotion.
Asteroid Egg,asteroid egg,asteroid-egg,https://buddy.farm/i/asteroid-egg/,https://farmrpg.com/img/items/egg_asteroid.png,/img/items/egg_asteroid.png,egg_asteroid.png,egg_asteroid,,downloaded,200,egg_asteroid-67979c0cd437.png,generated/item-icons/egg_asteroid-67979c0cd437.png,,Observed from cached Buddy page-data item image; review before asset download or canonical promotion.
Astro Fuzzy Chick,astro fuzzy chick,astro-fuzzy-chick,https://buddy.farm/i/astro-fuzzy-chick/,https://farmrpg.com/img/items/astro_fuzzy_chick.png,/img/items/astro_fuzzy_chick.png,astro_fuzzy_chick.png,astro_fuzzy_chick,,downloaded,200,astro_fuzzy_chick-62114d529eeb.png,generated/item-icons/astro_fuzzy_chick-62114d529eeb.png,,Observed from cached Buddy page-data item image; review before asset download or canonical promotion.
Awl,awl,awl,https://buddy.farm/i/awl/,https://farmrpg.com/img/items/2451.png,/img/items/2451.png,2451.png,2451,2451,existing,,2451-6cc258720c65.png,generated/item-icons/2451-6cc258720c65.png,,Observed from cached Buddy page-data item image; review before asset download or canonical promotion.
Axe,axe,axe,https://buddy.farm/i/axe/,https://farmrpg.com/img/items/5875.png?1,/img/items/5875.png,5875.png,5875,5875,existing,,5875-1c8cda0ae84d.png,generated/item-icons/5875-1c8cda0ae84d.png,,Observed from cached Buddy page-data item image; review before asset download or canonical promotion.
B for Buddies,b for buddies,b-for-buddies,https://buddy.farm/i/b-for-buddies/,https://farmrpg.com/img/items/Buddiescandy.png,/img/items/Buddiescandy.png,Buddiescandy.png,Buddiescandy,,existing,,Buddiescandy-5d6257c2dd89.png,generated/item-icons/Buddiescandy-5d6257c2dd89.png,,Observed from cached Buddy page-data item image; review before asset download or canonical promotion.
Baba Bobblehead,baba bobblehead,baba-bobblehead,https://buddy.farm/i/baba-bobblehead/,https://farmrpg.com/img/items/bobble_baba.png,/img/items/bobble_baba.png,bobble_baba.png,bobble_baba,,existing,,bobble_baba-bd82d3bde7a1.png,generated/item-icons/bobble_baba-bd82d3bde7a1.png,,Observed from cached Buddy page-data item image; review before asset download or canonical promotion.
Baba Cola,baba cola,baba-cola,https://buddy.farm/i/baba-cola/,https://farmrpg.com/img/items/babacola.png,/img/items/babacola.png,babacola.png,babacola,,existing,,babacola-ae9f65f29d1d.png,generated/item-icons/babacola-ae9f65f29d1d.png,,Observed from cached Buddy page-data item image; review before asset download or canonical promotion.
Baba Gec's Cabbage Stew,baba gec s cabbage stew,baba-gec-s-cabbage-stew,https://buddy.farm/i/baba-gec-s-cabbage-stew/,https://farmrpg.com/img/items/recipe.png,/img/items/recipe.png,recipe.png,recipe,,existing,,recipe-ebec090231f1.png,generated/item-icons/recipe-ebec090231f1.png,,Observed from cached Buddy page-data item image; review before asset download or canonical promotion.
Baba's Snack Pack,baba s snack pack,baba-s-snack-pack,https://buddy.farm/i/baba-s-snack-pack/,https://farmrpg.com/img/items/babasnack.png,/img/items/babasnack.png,babasnack.png,babasnack,,existing,,babasnack-45333a4f3859.png,generated/item-icons/babasnack-45333a4f3859.png,,Observed from cached Buddy page-data item image; review before asset download or canonical promotion.
Backpack,backpack,backpack,https://buddy.farm/i/backpack/,https://farmrpg.com/img/items/BagsAndBoxes_64_t.png,/img/items/BagsAndBoxes_64_t.png,BagsAndBoxes_64_t.png,BagsAndBoxes_64_t,,existing,,BagsAndBoxes_64_t-07d5298d2704.png,generated/item-icons/BagsAndBoxes_64_t-07d5298d2704.png,,Observed from cached Buddy page-data item image; review before asset download or canonical promotion.
Backstabbing Dagger,backstabbing dagger,backstabbing-dagger,https://buddy.farm/i/backstabbing-dagger/,https://farmrpg.com/img/items/9078.png,/img/items/9078.png,9078.png,9078,9078,existing,,9078-052b595858b3.png,generated/item-icons/9078-052b595858b3.png,,Observed from cached Buddy page-data item image; review before asset download or canonical promotion.
Bacon,bacon,bacon,https://buddy.farm/i/bacon/,https://farmrpg.com/img/items/bacon.png,/img/items/bacon.png,bacon.png,bacon,,existing,,bacon-9142397d7759.png,generated/item-icons/bacon-9142397d7759.png,,Observed from cached Buddy page-data item image; review before asset download or canonical promotion.
Bag of Ghost Candy,bag of ghost candy,bag-of-ghost-candy,https://buddy.farm/i/bag-of-ghost-candy/,https://farmrpg.com/img/items/ghost_candy_bag.png,/img/items/ghost_candy_bag.png,ghost_candy_bag.png,ghost_candy_bag,,existing,,ghost_candy_bag-f167faa5cb67.png,generated/item-icons/ghost_candy_bag-f167faa5cb67.png,,Observed from cached Buddy page-data item image; review before asset download or canonical promotion.
Bag of Presents 01,bag of presents 01,bag-of-presents-01,https://buddy.farm/i/bag-of-presents-01/,https://farmrpg.com/img/items/12_sm.png,/img/items/12_sm.png,12_sm.png,12_sm,,existing,,12_sm-d31151542de0.png,generated/item-icons/12_sm-d31151542de0.png,,Observed from cached Buddy page-data item image; review before asset download or canonical promotion.
Bag of Presents 02,bag of presents 02,bag-of-presents-02,https://buddy.farm/i/bag-of-presents-02/,https://farmrpg.com/img/items/12_sm.png,/img/items/12_sm.png,12_sm.png,12_sm,,reused,,12_sm-d31151542de0.png,generated/item-icons/12_sm-d31151542de0.png,,Observed from cached Buddy page-data item image; review before asset download or canonical promotion.
Bag of Snowballs,bag of snowballs,bag-of-snowballs,https://buddy.farm/i/bag-of-snowballs/,https://farmrpg.com/img/items/bagofsnowballs.png,/img/items/bagofsnowballs.png,bagofsnowballs.png,bagofsnowballs,,existing,,bagofsnowballs-58083a42afd4.png,generated/item-icons/bagofsnowballs-58083a42afd4.png,,Observed from cached Buddy page-data item image; review before asset download or canonical promotion.
Bag of Spring Seeds,bag of spring seeds,bag-of-spring-seeds,https://buddy.farm/i/bag-of-spring-seeds/,https://farmrpg.com/img/items/4497.png,/img/items/4497.png,4497.png,4497,4497,existing,,4497-5f6543e5c62b.png,generated/item-icons/4497-5f6543e5c62b.png,,Observed from cached Buddy page-data item image; review before asset download or canonical promotion.
Bahltruvian Scales,bahltruvian scales,bahltruvian-scales,https://buddy.farm/i/bahltruvian-scales/,https://farmrpg.com/img/items/2392.png,/img/items/2392.png,2392.png,2392,2392,existing,,2392-cde8c0e5f37c.png,generated/item-icons/2392-cde8c0e5f37c.png,,Observed from cached Buddy page-data item image; review before asset download or canonical promotion.
Bait Bag 01,bait bag 01,bait-bag-01,https://buddy.farm/i/bait-bag-01/,https://farmrpg.com/img/items/baitbag01.png,/img/items/baitbag01.png,baitbag01.png,baitbag01,,existing,,baitbag01-985a425c568b.png,generated/item-icons/baitbag01-985a425c568b.png,,Observed from cached Buddy page-data item image; review before asset download or canonical promotion.
Bamboo,bamboo,bamboo,https://buddy.farm/i/bamboo/,https://farmrpg.com/img/items/viri_4773.png,/img/items/viri_4773.png,viri_4773.png,viri_4773,,existing,,viri_4773-583f43beca66.png,generated/item-icons/viri_4773-583f43beca66.png,,Observed from cached Buddy page-data item image; review before asset download or canonical promotion.
Bamboo Chair,bamboo chair,bamboo-chair,https://buddy.farm/i/bamboo-chair/,https://farmrpg.com/img/items/bamboochair.png,/img/items/bamboochair.png,bamboochair.png,bamboochair,,existing,,bamboochair-25949bcb2a1a.png,generated/item-icons/bamboochair-25949bcb2a1a.png,,Observed from cached Buddy page-data item image; review before asset download or canonical promotion.
Bamboo Fence,bamboo fence,bamboo-fence,https://buddy.farm/i/bamboo-fence/,https://farmrpg.com/img/items/bamboofence.png,/img/items/bamboofence.png,bamboofence.png,bamboofence,,existing,,bamboofence-53fce60767bb.png,generated/item-icons/bamboofence-53fce60767bb.png,,Observed from cached Buddy page-data item image; review before asset download or canonical promotion.
Bamboo Flute,bamboo flute,bamboo-flute,https://buddy.farm/i/bamboo-flute/,https://farmrpg.com/img/items/bambooflute.png,/img/items/bambooflute.png,bambooflute.png,bambooflute,,existing,,bambooflute-db44e77437f3.png,generated/item-icons/bambooflute-db44e77437f3.png,,Observed from cached Buddy page-data item image; review before asset download or canonical promotion.
Bamboo Rope,bamboo rope,bamboo-rope,https://buddy.farm/i/bamboo-rope/,https://farmrpg.com/img/items/rope_t_01.png,/img/items/rope_t_01.png,rope_t_01.png,rope_t_01,,existing,,rope_t_01-39ff31841d1a.png,generated/item-icons/rope_t_01-39ff31841d1a.png,,Observed from cached Buddy page-data item image; review before asset download or canonical promotion.
Bamboo Trellis,bamboo trellis,bamboo-trellis,https://buddy.farm/i/bamboo-trellis/,https://farmrpg.com/img/items/bambootrellis.png,/img/items/bambootrellis.png,bambootrellis.png,bambootrellis,,existing,,bambootrellis-65e3e2e9da8d.png,generated/item-icons/bambootrellis-65e3e2e9da8d.png,,Observed from cached Buddy page-data item image; review before asset download or canonical promotion.
Banana Peel,banana peel,banana-peel,https://buddy.farm/i/banana-peel/,https://farmrpg.com/img/items/1586.png,/img/items/1586.png,1586.png,1586,1586,existing,,1586-dba297feeb2b.png,generated/item-icons/1586-dba297feeb2b.png,,Observed from cached Buddy page-data item image; review before asset download or canonical promotion.
Bananas,bananas,bananas,https://buddy.farm/i/bananas/,https://farmrpg.com/img/items/8285.png,/img/items/8285.png,8285.png,8285,8285,existing,,8285-f806887a5ac6.png,generated/item-icons/8285-f806887a5ac6.png,,Observed from cached Buddy page-data item image; review before asset download or canonical promotion.
Bar of Silver,bar of silver,bar-of-silver,https://buddy.farm/i/bar-of-silver/,https://farmrpg.com/img/items/silverbar.png,/img/items/silverbar.png,silverbar.png,silverbar,,existing,,silverbar-d9bfff54caf5.png,generated/item-icons/silverbar-d9bfff54caf5.png,,Observed from cached Buddy page-data item image; review before asset download or canonical promotion.
Barbed Wire,barbed wire,barbed-wire,https://buddy.farm/i/barbed-wire/,https://farmrpg.com/img/items/barbedwire.png,/img/items/barbedwire.png,barbedwire.png,barbedwire,,existing,,barbedwire-5fc8e7233280.png,generated/item-icons/barbedwire-5fc8e7233280.png,,Observed from cached Buddy page-data item image; review before asset download or canonical promotion.
Barnacle Shell,barnacle shell,barnacle-shell,https://buddy.farm/i/barnacle-shell/,https://farmrpg.com/img/items/afk_8532.png,/img/items/afk_8532.png,afk_8532.png,afk_8532,,existing,,afk_8532-1237df260fa0.png,generated/item-icons/afk_8532-1237df260fa0.png,,Observed from cached Buddy page-data item image; review before asset download or canonical promotion.
Barracuda,barracuda,barracuda,https://buddy.farm/i/barracuda/,https://farmrpg.com/img/items/7486.png,/img/items/7486.png,7486.png,7486,7486,existing,,7486-6d6a97712d47.png,generated/item-icons/7486-6d6a97712d47.png,,Observed from cached Buddy page-data item image; review before asset download or canonical promotion.
Basic Pillow,basic pillow,basic-pillow,https://buddy.farm/i/basic-pillow/,https://farmrpg.com/img/items/basicpillow.png,/img/items/basicpillow.png,basicpillow.png,basicpillow,,existing,,basicpillow-4d0accb29898.png,generated/item-icons/basicpillow-4d0accb29898.png,,Observed from cached Buddy page-data item image; review before asset download or canonical promotion.
Bat Wing,bat wing,bat-wing,https://buddy.farm/i/bat-wing/,https://farmrpg.com/img/items/5990.png,/img/items/5990.png,5990.png,5990,5990,existing,,5990-03b2c660a901.png,generated/item-icons/5990-03b2c660a901.png,,Observed from cached Buddy page-data item image; review before asset download or canonical promotion.
Beach Ball,beach ball,beach-ball,https://buddy.farm/i/beach-ball/,https://farmrpg.com/img/items/beachball.png?1,/img/items/beachball.png,beachball.png,beachball,,existing,,beachball-d433226921fe.png,generated/item-icons/beachball-d433226921fe.png,,Observed from cached Buddy page-data item image; review before asset download or canonical promotion.
Beach Towel,beach towel,beach-towel,https://buddy.farm/i/beach-towel/,https://farmrpg.com/img/items/beach_towel.png,/img/items/beach_towel.png,beach_towel.png,beach_towel,,existing,,beach_towel-52e9dbf4939b.png,generated/item-icons/beach_towel-52e9dbf4939b.png,,Observed from cached Buddy page-data item image; review before asset download or canonical promotion.
Beach Umbrella,beach umbrella,beach-umbrella,https://buddy.farm/i/beach-umbrella/,https://farmrpg.com/img/items/beach_umbrella.png,/img/items/beach_umbrella.png,beach_umbrella.png,beach_umbrella,,existing,,beach_umbrella-3eecf4cb6839.png,generated/item-icons/beach_umbrella-3eecf4cb6839.png,,Observed from cached Buddy page-data item image; review before asset download or canonical promotion.
Bear Buddy Doll,bear buddy doll,bear-buddy-doll,https://buddy.farm/i/bear-buddy-doll/,https://farmrpg.com/img/items/Bear_buddy.png,/img/items/Bear_buddy.png,Bear_buddy.png,Bear_buddy,,existing,,Bear_buddy-d4d5e87c23d4.png,generated/item-icons/Bear_buddy-d4d5e87c23d4.png,,Observed from cached Buddy page-data item image; review before asset download or canonical promotion.
Beary Squishies,beary squishies,beary-squishies,https://buddy.farm/i/beary-squishies/,https://farmrpg.com/img/items/squishybears.png,/img/items/squishybears.png,squishybears.png,squishybears,,existing,,squishybears-2c22fabb42f3.png,generated/item-icons/squishybears-2c22fabb42f3.png,,Observed from cached Buddy page-data item image; review before asset download or canonical promotion.
Beatrix Bobblehead,beatrix bobblehead,beatrix-bobblehead,https://buddy.farm/i/beatrix-bobblehead/,https://farmrpg.com/img/items/bobble_beatrix.png,/img/items/bobble_beatrix.png,bobble_beatrix.png,bobble_beatrix,,existing,,bobble_beatrix-aef862f1aeed.png,generated/item-icons/bobble_beatrix-aef862f1aeed.png,,Observed from cached Buddy page-data item image; review before asset download or canonical promotion.
Beatrix's Big Box of Boom,beatrix s big box of boom,beatrix-s-big-box-of-boom,https://buddy.farm/i/beatrix-s-big-box-of-boom/,https://farmrpg.com/img/items/beatrixbox.png?1,/img/items/beatrixbox.png,beatrixbox.png,beatrixbox,,existing,,beatrixbox-74a889686b94.png,generated/item-icons/beatrixbox-74a889686b94.png,,Observed from cached Buddy page-data item image; review before asset download or canonical promotion.
Beatrix's Booming Brawl Box 01,beatrix s booming brawl box 01,beatrix-s-booming-brawl-box-01,https://buddy.farm/i/beatrix-s-booming-brawl-box-01/,https://farmrpg.com/img/items/bfw.png,/img/items/bfw.png,bfw.png,bfw,,existing,,bfw-f9546f6596c3.png,generated/item-icons/bfw-f9546f6596c3.png,,Observed from cached Buddy page-data item image; review before asset download or canonical promotion.
Beatrix's Booming Brawl Box 02,beatrix s booming brawl box 02,beatrix-s-booming-brawl-box-02,https://buddy.farm/i/beatrix-s-booming-brawl-box-02/,https://farmrpg.com/img/items/fireworks_box_2.png,/img/items/fireworks_box_2.png,fireworks_box_2.png,fireworks_box_2,,existing,,fireworks_box_2-cf7f27fa33b2.png,generated/item-icons/fireworks_box_2-cf7f27fa33b2.png,,Observed from cached Buddy page-data item image; review before asset download or canonical promotion.
Beet,beet,beet,https://buddy.farm/i/beet/,https://farmrpg.com/img/items/2850.png,/img/items/2850.png,2850.png,2850,2850,existing,,2850-609529106a44.png,generated/item-icons/2850-609529106a44.png,,Observed from cached Buddy page-data item image; review before asset download or canonical promotion.
Beet Seeds,beet seeds,beet-seeds,https://buddy.farm/i/beet-seeds/,https://farmrpg.com/img/items/seeds_beet.png,/img/items/seeds_beet.png,seeds_beet.png,seeds_beet,,existing,,seeds_beet-994e629c99e6.png,generated/item-icons/seeds_beet-994e629c99e6.png,,Observed from cached Buddy page-data item image; review before asset download or canonical promotion.
Bell,bell,bell,https://buddy.farm/i/bell/,https://farmrpg.com/img/items/bell.png,/img/items/bell.png,bell.png,bell,,existing,,bell-0f99289488e8.png,generated/item-icons/bell-0f99289488e8.png,,Observed from cached Buddy page-data item image; review before asset download or canonical promotion.
Belt Drive,belt drive,belt-drive,https://buddy.farm/i/belt-drive/,https://farmrpg.com/img/items/9347.png,/img/items/9347.png,9347.png,9347,9347,existing,,9347-55473ccf2f3b.png,generated/item-icons/9347-55473ccf2f3b.png,,Observed from cached Buddy page-data item image; review before asset download or canonical promotion.
Belt of Commander Uteer,belt of commander uteer,belt-of-commander-uteer,https://buddy.farm/i/belt-of-commander-uteer/,https://farmrpg.com/img/items/1679.png,/img/items/1679.png,1679.png,1679,1679,existing,,1679-bd4351474374.png,generated/item-icons/1679-bd4351474374.png,,Observed from cached Buddy page-data item image; review before asset download or canonical promotion.
Belt of Freedom,belt of freedom,belt-of-freedom,https://buddy.farm/i/belt-of-freedom/,https://farmrpg.com/img/items/freedombelt.png,/img/items/freedombelt.png,freedombelt.png,freedombelt,,existing,,freedombelt-f7daf42e3f3f.png,generated/item-icons/freedombelt-f7daf42e3f3f.png,,Observed from cached Buddy page-data item image; review before asset download or canonical promotion.
Belt of Menace,belt of menace,belt-of-menace,https://buddy.farm/i/belt-of-menace/,https://farmrpg.com/img/items/s_98.png,/img/items/s_98.png,s_98.png,s_98,,existing,,s_98-0b6480aaf305.png,generated/item-icons/s_98-0b6480aaf305.png,,Observed from cached Buddy page-data item image; review before asset download or canonical promotion.
Belt of Truth,belt of truth,belt-of-truth,https://buddy.farm/i/belt-of-truth/,https://farmrpg.com/img/items/5488.png,/img/items/5488.png,5488.png,5488,5488,existing,,5488-4cc6d19af666.png,generated/item-icons/5488-4cc6d19af666.png,,Observed from cached Buddy page-data item image; review before asset download or canonical promotion.
Bessi Gan Belt,bessi gan belt,bessi-gan-belt,https://buddy.farm/i/bessi-gan-belt/,https://farmrpg.com/img/items/5304.png,/img/items/5304.png,5304.png,5304,5304,existing,,5304-028827d25145.png,generated/item-icons/5304-028827d25145.png,,Observed from cached Buddy page-data item image; review before asset download or canonical promotion.
Bird Egg,bird egg,bird-egg,https://buddy.farm/i/bird-egg/,https://farmrpg.com/img/items/6067.PNG,/img/items/6067.PNG,6067.PNG,6067,6067,existing,,6067-143f801b8fe6.png,generated/item-icons/6067-143f801b8fe6.png,,Observed from cached Buddy page-data item image; review before asset download or canonical promotion.
Bird Key,bird key,bird-key,https://buddy.farm/i/bird-key/,https://farmrpg.com/img/items/birdkey.png,/img/items/birdkey.png,birdkey.png,birdkey,,existing,,birdkey-3cec5f658a30.png,generated/item-icons/birdkey-3cec5f658a30.png,,Observed from cached Buddy page-data item image; review before asset download or canonical promotion.
Bird Skull 01,bird skull 01,bird-skull-01,https://buddy.farm/i/bird-skull-01/,https://farmrpg.com/img/items/1138.png,/img/items/1138.png,1138.png,1138,1138,existing,,1138-b005493d820f.png,generated/item-icons/1138-b005493d820f.png,,Observed from cached Buddy page-data item image; review before asset download or canonical promotion.
Birthday Present,birthday present,birthday-present,https://buddy.farm/i/birthday-present/,https://farmrpg.com/img/items/present03.png,/img/items/present03.png,present03.png,present03,,existing,,present03-5a0c53c2ea52.png,generated/item-icons/present03-5a0c53c2ea52.png,,Observed from cached Buddy page-data item image; review before asset download or canonical promotion.
Birthday Suit Buddy Doll,birthday suit buddy doll,birthday-suit-buddy-doll,https://buddy.farm/i/birthday-suit-buddy-doll/,https://farmrpg.com/img/items/birthday_suit_undies_buddy_doll.png,/img/items/birthday_suit_undies_buddy_doll.png,birthday_suit_undies_buddy_doll.png,birthday_suit_undies_buddy_doll,,existing,,birthday_suit_undies_buddy_doll-ba4f53aac139.png,generated/item-icons/birthday_suit_undies_buddy_doll-ba4f53aac139.png,,Observed from cached Buddy page-data item image; review before asset download or canonical promotion.
Birthday Surprise Box 03,birthday surprise box 03,birthday-surprise-box-03,https://buddy.farm/i/birthday-surprise-box-03/,https://farmrpg.com/img/items/bsb01.png,/img/items/bsb01.png,bsb01.png,bsb01,,existing,,bsb01-7bd673487a49.png,generated/item-icons/bsb01-7bd673487a49.png,,Observed from cached Buddy page-data item image; review before asset download or canonical promotion.
Birthday Surprise Box 04,birthday surprise box 04,birthday-surprise-box-04,https://buddy.farm/i/birthday-surprise-box-04/,https://farmrpg.com/img/items/bsb01.png,/img/items/bsb01.png,bsb01.png,bsb01,,reused,,bsb01-7bd673487a49.png,generated/item-icons/bsb01-7bd673487a49.png,,Observed from cached Buddy page-data item image; review before asset download or canonical promotion.
Birthday Surprise Box 05,birthday surprise box 05,birthday-surprise-box-05,https://buddy.farm/i/birthday-surprise-box-05/,https://farmrpg.com/img/items/bsb01.png,/img/items/bsb01.png,bsb01.png,bsb01,,reused,,bsb01-7bd673487a49.png,generated/item-icons/bsb01-7bd673487a49.png,,Observed from cached Buddy page-data item image; review before asset download or canonical promotion.
Bitten Apple,bitten apple,bitten-apple,https://buddy.farm/i/bitten-apple/,https://farmrpg.com/img/items/bittenapple.png,/img/items/bittenapple.png,bittenapple.png,bittenapple,,existing,,bittenapple-f5dd7b8761c2.png,generated/item-icons/bittenapple-f5dd7b8761c2.png,,Observed from cached Buddy page-data item image; review before asset download or canonical promotion.
Black Bag,black bag,black-bag,https://buddy.farm/i/black-bag/,https://farmrpg.com/img/items/blackbag.png,/img/items/blackbag.png,blackbag.png,blackbag,,existing,,blackbag-6891020930d6.png,generated/item-icons/blackbag-6891020930d6.png,,Observed from cached Buddy page-data item image; review before asset download or canonical promotion.
Black Cloak,black cloak,black-cloak,https://buddy.farm/i/black-cloak/,https://farmrpg.com/img/items/blackcloak.png,/img/items/blackcloak.png,blackcloak.png,blackcloak,,existing,,blackcloak-73682b29aec2.png,generated/item-icons/blackcloak-73682b29aec2.png,,Observed from cached Buddy page-data item image; review before asset download or canonical promotion.
Black Dye,black dye,black-dye,https://buddy.farm/i/black-dye/,https://farmrpg.com/img/items/blackdye.png,/img/items/blackdye.png,blackdye.png,blackdye,,existing,,blackdye-57238ec128e0.png,generated/item-icons/blackdye-57238ec128e0.png,,Observed from cached Buddy page-data item image; review before asset download or canonical promotion.
Black Hole Egg,black hole egg,black-hole-egg,https://buddy.farm/i/black-hole-egg/,https://farmrpg.com/img/items/egg_black_hold.png,/img/items/egg_black_hold.png,egg_black_hold.png,egg_black_hold,,downloaded,200,egg_black_hold-9515765f3759.png,generated/item-icons/egg_black_hold-9515765f3759.png,,Observed from cached Buddy page-data item image; review before asset download or canonical promotion.
Black Powder,black powder,black-powder,https://buddy.farm/i/black-powder/,https://farmrpg.com/img/items/powder.png,/img/items/powder.png,powder.png,powder,,existing,,powder-f7565d5fd6e0.png,generated/item-icons/powder-f7565d5fd6e0.png,,Observed from cached Buddy page-data item image; review before asset download or canonical promotion.
Black Purse,black purse,black-purse,https://buddy.farm/i/black-purse/,https://farmrpg.com/img/items/blackpurse.png,/img/items/blackpurse.png,blackpurse.png,blackpurse,,existing,,blackpurse-8257ebc9b468.png,generated/item-icons/blackpurse-8257ebc9b468.png,,Observed from cached Buddy page-data item image; review before asset download or canonical promotion.
Black Scarf,black scarf,black-scarf,https://buddy.farm/i/black-scarf/,https://farmrpg.com/img/items/blackscarf.png,/img/items/blackscarf.png,blackscarf.png,blackscarf,,existing,,blackscarf-1733d667bc57.png,generated/item-icons/blackscarf-1733d667bc57.png,,Observed from cached Buddy page-data item image; review before asset download or canonical promotion.
Black Shield,black shield,black-shield,https://buddy.farm/i/black-shield/,https://farmrpg.com/img/items/blackshield.png,/img/items/blackshield.png,blackshield.png,blackshield,,existing,,blackshield-edbe20efd767.png,generated/item-icons/blackshield-edbe20efd767.png,,Observed from cached Buddy page-data item image; review before asset download or canonical promotion.
Black Shirt,black shirt,black-shirt,https://buddy.farm/i/black-shirt/,https://farmrpg.com/img/items/blackshirt.png,/img/items/blackshirt.png,blackshirt.png,blackshirt,,existing,,blackshirt-6735c4990974.png,generated/item-icons/blackshirt-6735c4990974.png,,Observed from cached Buddy page-data item image; review before asset download or canonical promotion.
Black Truffle,black truffle,black-truffle,https://buddy.farm/i/black-truffle/,https://farmrpg.com/img/items/blacktruffle.png,/img/items/blacktruffle.png,blacktruffle.png,blacktruffle,,existing,,blacktruffle-89402030f52c.png,generated/item-icons/blacktruffle-89402030f52c.png,,Observed from cached Buddy page-data item image; review before asset download or canonical promotion.
Black Twine,black twine,black-twine,https://buddy.farm/i/black-twine/,https://farmrpg.com/img/items/blacktwine.png,/img/items/blacktwine.png,blacktwine.png,blacktwine,,existing,,blacktwine-615e0458f61e.png,generated/item-icons/blacktwine-615e0458f61e.png,,Observed from cached Buddy page-data item image; review before asset download or canonical promotion.
Blitzen,blitzen,blitzen,https://buddy.farm/i/blitzen/,https://farmrpg.com/img/items/blitzen.png,/img/items/blitzen.png,blitzen.png,blitzen,,existing,,blitzen-a7927be0e268.png,generated/item-icons/blitzen-a7927be0e268.png,,Observed from cached Buddy page-data item image; review before asset download or canonical promotion.
Block of Wood,block of wood,block-of-wood,https://buddy.farm/i/block-of-wood/,https://farmrpg.com/img/items/wood_block.png,/img/items/wood_block.png,wood_block.png,wood_block,,existing,,wood_block-3fccf8592816.png,generated/item-icons/wood_block-3fccf8592816.png,,Observed from cached Buddy page-data item image; review before asset download or canonical promotion.
Blood Crystal,blood crystal,blood-crystal,https://buddy.farm/i/blood-crystal/,https://farmrpg.com/img/items/2429.png,/img/items/2429.png,2429.png,2429,2429,existing,,2429-4196625b065a.png,generated/item-icons/2429-4196625b065a.png,,Observed from cached Buddy page-data item image; review before asset download or canonical promotion.
Blubberfish,blubberfish,blubberfish,https://buddy.farm/i/blubberfish/,https://farmrpg.com/img/items/finp_415.png,/img/items/finp_415.png,finp_415.png,finp_415,,existing,,finp_415-51df06ee050c.png,generated/item-icons/finp_415-51df06ee050c.png,,Observed from cached Buddy page-data item image; review before asset download or canonical promotion.
Blue Butterfly,blue butterfly,blue-butterfly,https://buddy.farm/i/blue-butterfly/,https://farmrpg.com/img/items/afk_8578b.png,/img/items/afk_8578b.png,afk_8578b.png,afk_8578b,,existing,,afk_8578b-1925619ac7df.png,generated/item-icons/afk_8578b-1925619ac7df.png,,Observed from cached Buddy page-data item image; review before asset download or canonical promotion.
Blue Catfish,blue catfish,blue-catfish,https://buddy.farm/i/blue-catfish/,https://farmrpg.com/img/items/7842.PNG,/img/items/7842.PNG,7842.PNG,7842,7842,existing,,7842-4120d784b235.png,generated/item-icons/7842-4120d784b235.png,,Observed from cached Buddy page-data item image; review before asset download or canonical promotion.
Blue Crab,blue crab,blue-crab,https://buddy.farm/i/blue-crab/,https://farmrpg.com/img/items/7825.PNG,/img/items/7825.PNG,7825.PNG,7825,7825,existing,,7825-15315992d158.png,generated/item-icons/7825-15315992d158.png,,Observed from cached Buddy page-data item image; review before asset download or canonical promotion.
Blue Diamond Fish,blue diamond fish,blue-diamond-fish,https://buddy.farm/i/blue-diamond-fish/,https://farmrpg.com/img/items/bdfish.png,/img/items/bdfish.png,bdfish.png,bdfish,,downloaded,200,bdfish-7434b255bafa.png,generated/item-icons/bdfish-7434b255bafa.png,,Observed from cached Buddy page-data item image; review before asset download or canonical promotion.
Blue Diary,blue diary,blue-diary,https://buddy.farm/i/blue-diary/,https://farmrpg.com/img/items/bluediary.png,/img/items/bluediary.png,bluediary.png,bluediary,,existing,,bluediary-61fe23995ead.png,generated/item-icons/bluediary-61fe23995ead.png,,Observed from cached Buddy page-data item image; review before asset download or canonical promotion.
Blue Dye,blue dye,blue-dye,https://buddy.farm/i/blue-dye/,https://farmrpg.com/img/items/bluedye.png,/img/items/bluedye.png,bluedye.png,bluedye,,existing,,bluedye-6dac77472009.png,generated/item-icons/bluedye-6dac77472009.png,,Observed from cached Buddy page-data item image; review before asset download or canonical promotion.
Blue Feathers,blue feathers,blue-feathers,https://buddy.farm/i/blue-feathers/,https://farmrpg.com/img/items/5963.png,/img/items/5963.png,5963.png,5963,5963,existing,,5963-d95eb69b1370.png,generated/item-icons/5963-d95eb69b1370.png,,Observed from cached Buddy page-data item image; review before asset download or canonical promotion.
Blue Flowers,blue flowers,blue-flowers,https://buddy.farm/i/blue-flowers/,https://farmrpg.com/img/items/bflowers.png,/img/items/bflowers.png,bflowers.png,bflowers,,existing,,bflowers-00ec42eb39d9.png,generated/item-icons/bflowers-00ec42eb39d9.png,,Observed from cached Buddy page-data item image; review before asset download or canonical promotion.
Blue Gel,blue gel,blue-gel,https://buddy.farm/i/blue-gel/,https://farmrpg.com/img/items/ForestIcons_34_t.png,/img/items/ForestIcons_34_t.png,ForestIcons_34_t.png,ForestIcons_34_t,,existing,,ForestIcons_34_t-764d59f21af7.png,generated/item-icons/ForestIcons_34_t-764d59f21af7.png,,Observed from cached Buddy page-data item image; review before asset download or canonical promotion.
Blue Milk,blue milk,blue-milk,https://buddy.farm/i/blue-milk/,https://farmrpg.com/img/items/bluemilk.png?2,/img/items/bluemilk.png,bluemilk.png,bluemilk,,existing,,bluemilk-f6a38c331816.png,generated/item-icons/bluemilk-f6a38c331816.png,,Observed from cached Buddy page-data item image; review before asset download or canonical promotion.
Blue Ornament,blue ornament,blue-ornament,https://buddy.farm/i/blue-ornament/,https://farmrpg.com/img/items/cr_t_03_f.png,/img/items/cr_t_03_f.png,cr_t_03_f.png,cr_t_03_f,,existing,,cr_t_03_f-e9b0731e559c.png,generated/item-icons/cr_t_03_f-e9b0731e559c.png,,Observed from cached Buddy page-data item image; review before asset download or canonical promotion.
Blue Parchment,blue parchment,blue-parchment,https://buddy.farm/i/blue-parchment/,https://farmrpg.com/img/items/blueparchment.png,/img/items/blueparchment.png,blueparchment.png,blueparchment,,existing,,blueparchment-0c16655d0a35.png,generated/item-icons/blueparchment-0c16655d0a35.png,,Observed from cached Buddy page-data item image; review before asset download or canonical promotion.
Blue Purse,blue purse,blue-purse,https://buddy.farm/i/blue-purse/,https://farmrpg.com/img/items/bluepurse.png,/img/items/bluepurse.png,bluepurse.png,bluepurse,,existing,,bluepurse-7284499e393e.png,generated/item-icons/bluepurse-7284499e393e.png,,Observed from cached Buddy page-data item image; review before asset download or canonical promotion.
Blue Sea Bass,blue sea bass,blue-sea-bass,https://buddy.farm/i/blue-sea-bass/,https://farmrpg.com/img/items/7818.png,/img/items/7818.png,7818.png,7818,7818,existing,,7818-455b14e99f39.png,generated/item-icons/7818-455b14e99f39.png,,Observed from cached Buddy page-data item image; review before asset download or canonical promotion.
Blue Shell,blue shell,blue-shell,https://buddy.farm/i/blue-shell/,https://farmrpg.com/img/items/7875.PNG,/img/items/7875.PNG,7875.PNG,7875,7875,existing,,7875-511b6c356ac1.png,generated/item-icons/7875-511b6c356ac1.png,,Observed from cached Buddy page-data item image; review before asset download or canonical promotion.
Blue Shirt,blue shirt,blue-shirt,https://buddy.farm/i/blue-shirt/,https://farmrpg.com/img/items/blueshirt.png,/img/items/blueshirt.png,blueshirt.png,blueshirt,,existing,,blueshirt-37befb14bd6a.png,generated/item-icons/blueshirt-37befb14bd6a.png,,Observed from cached Buddy page-data item image; review before asset download or canonical promotion.
Blue Spritz,blue spritz,blue-spritz,https://buddy.farm/i/blue-spritz/,https://farmrpg.com/img/items/bluedrink.png,/img/items/bluedrink.png,bluedrink.png,bluedrink,,existing,,bluedrink-6eecab8b054e.png,generated/item-icons/bluedrink-6eecab8b054e.png,,Observed from cached Buddy page-data item image; review before asset download or canonical promotion.
Blue Star Stomper,blue star stomper,blue-star-stomper,https://buddy.farm/i/blue-star-stomper/,https://farmrpg.com/img/items/bluefireworks.png,/img/items/bluefireworks.png,bluefireworks.png,bluefireworks,,existing,,bluefireworks-307cbd922f66.png,generated/item-icons/bluefireworks-307cbd922f66.png,,Observed from cached Buddy page-data item image; review before asset download or canonical promotion.
Blue Tang,blue tang,blue-tang,https://buddy.farm/i/blue-tang/,https://farmrpg.com/img/items/bluetang.png?1,/img/items/bluetang.png,bluetang.png,bluetang,,existing,,bluetang-cb32b554b677.png,generated/item-icons/bluetang-cb32b554b677.png,,Observed from cached Buddy page-data item image; review before asset download or canonical promotion.
Blue Tiger Fish,blue tiger fish,blue-tiger-fish,https://buddy.farm/i/blue-tiger-fish/,https://farmrpg.com/img/items/5772.png,/img/items/5772.png,5772.png,5772,5772,existing,,5772-da1a524c6512.png,generated/item-icons/5772-da1a524c6512.png,,Observed from cached Buddy page-data item image; review before asset download or canonical promotion.
Blue Twine,blue twine,blue-twine,https://buddy.farm/i/blue-twine/,https://farmrpg.com/img/items/bluetwine.png,/img/items/bluetwine.png,bluetwine.png,bluetwine,,existing,,bluetwine-496029e1f9ec.png,generated/item-icons/bluetwine-496029e1f9ec.png,,Observed from cached Buddy page-data item image; review before asset download or canonical promotion.
Bluegill,bluegill,bluegill,https://buddy.farm/i/bluegill/,https://farmrpg.com/img/items/7722.PNG,/img/items/7722.PNG,7722.PNG,7722,7722,existing,,7722-7ffea78a36c3.png,generated/item-icons/7722-7ffea78a36c3.png,,Observed from cached Buddy page-data item image; review before asset download or canonical promotion.
Board,board,board,https://buddy.farm/i/board/,https://farmrpg.com/img/items/5885.png,/img/items/5885.png,5885.png,5885,5885,existing,,5885-b7d4ab025c3d.png,generated/item-icons/5885-b7d4ab025c3d.png,,Observed from cached Buddy page-data item image; review before asset download or canonical promotion.
Bog Barnacle,bog barnacle,bog-barnacle,https://buddy.farm/i/bog-barnacle/,https://farmrpg.com/img/items/382.png,/img/items/382.png,382.png,382,382,existing,,382-164e60017e40.png,generated/item-icons/382-164e60017e40.png,,Observed from cached Buddy page-data item image; review before asset download or canonical promotion.
Boghead Snapper,boghead snapper,boghead-snapper,https://buddy.farm/i/boghead-snapper/,https://farmrpg.com/img/items/afk_8800.png,/img/items/afk_8800.png,afk_8800.png,afk_8800,,existing,,afk_8800-83fcac45704c.png,generated/item-icons/afk_8800-83fcac45704c.png,,Observed from cached Buddy page-data item image; review before asset download or canonical promotion.
Bogslug,bogslug,bogslug,https://buddy.farm/i/bogslug/,https://farmrpg.com/img/items/afk_8381.png,/img/items/afk_8381.png,afk_8381.png,afk_8381,,existing,,afk_8381-ee91f6bb4203.png,generated/item-icons/afk_8381-ee91f6bb4203.png,,Observed from cached Buddy page-data item image; review before asset download or canonical promotion.
Boltonic Love Potion 4,boltonic love potion 4,boltonic-love-potion-4,https://buddy.farm/i/boltonic-love-potion-4/,https://farmrpg.com/img/items/lovepotion.png,/img/items/lovepotion.png,lovepotion.png,lovepotion,,existing,,lovepotion-ff5dd1ad1ce1.png,generated/item-icons/lovepotion-ff5dd1ad1ce1.png,,Observed from cached Buddy page-data item image; review before asset download or canonical promotion.
Bomb,bomb,bomb,https://buddy.farm/i/bomb/,https://farmrpg.com/img/items/bomb.png,/img/items/bomb.png,bomb.png,bomb,,existing,,bomb-7553d371651d.png,generated/item-icons/bomb-7553d371651d.png,,Observed from cached Buddy page-data item image; review before asset download or canonical promotion.
Bone,bone,bone,https://buddy.farm/i/bone/,https://farmrpg.com/img/items/6033.PNG,/img/items/6033.PNG,6033.PNG,6033,6033,existing,,6033-35384a84850a.png,generated/item-icons/6033-35384a84850a.png,,Observed from cached Buddy page-data item image; review before asset download or canonical promotion.
Bone 02,bone 02,bone-02,https://buddy.farm/i/bone-02/,https://farmrpg.com/img/items/bone2.png,/img/items/bone2.png,bone2.png,bone2,,existing,,bone2-32b2c34eee12.png,generated/item-icons/bone2-32b2c34eee12.png,,Observed from cached Buddy page-data item image; review before asset download or canonical promotion.
Bone 03,bone 03,bone-03,https://buddy.farm/i/bone-03/,https://farmrpg.com/img/items/bone3.png,/img/items/bone3.png,bone3.png,bone3,,existing,,bone3-a0013a6e53b8.png,generated/item-icons/bone3-a0013a6e53b8.png,,Observed from cached Buddy page-data item image; review before asset download or canonical promotion.
Bone 04,bone 04,bone-04,https://buddy.farm/i/bone-04/,https://farmrpg.com/img/items/bone4.png,/img/items/bone4.png,bone4.png,bone4,,existing,,bone4-d99b3e09fd86.png,generated/item-icons/bone4-d99b3e09fd86.png,,Observed from cached Buddy page-data item image; review before asset download or canonical promotion.
Bone 05,bone 05,bone-05,https://buddy.farm/i/bone-05/,https://farmrpg.com/img/items/bone5.png,/img/items/bone5.png,bone5.png,bone5,,existing,,bone5-f04d0f489e34.png,generated/item-icons/bone5-f04d0f489e34.png,,Observed from cached Buddy page-data item image; review before asset download or canonical promotion.
Bone 06,bone 06,bone-06,https://buddy.farm/i/bone-06/,https://farmrpg.com/img/items/1276.PNG,/img/items/1276.PNG,1276.PNG,1276,1276,existing,,1276-5ebbc2de8ab6.png,generated/item-icons/1276-5ebbc2de8ab6.png,,Observed from cached Buddy page-data item image; review before asset download or canonical promotion.
Bone Broth,bone broth,bone-broth,https://buddy.farm/i/bone-broth/,https://farmrpg.com/img/items/bonebroth.png,/img/items/bonebroth.png,bonebroth.png,bonebroth,,existing,,bonebroth-770bcf8adff7.png,generated/item-icons/bonebroth-770bcf8adff7.png,,Observed from cached Buddy page-data item image; review before asset download or canonical promotion.
Bone Fish,bone fish,bone-fish,https://buddy.farm/i/bone-fish/,https://farmrpg.com/img/items/7741.PNG,/img/items/7741.PNG,7741.PNG,7741,7741,existing,,7741-20c8ff17f136.png,generated/item-icons/7741-20c8ff17f136.png,,Observed from cached Buddy page-data item image; review before asset download or canonical promotion.
Bone Fragments,bone fragments,bone-fragments,https://buddy.farm/i/bone-fragments/,https://farmrpg.com/img/items/873.PNG,/img/items/873.PNG,873.PNG,873,873,existing,,873-3d6b42ad266e.png,generated/item-icons/873-3d6b42ad266e.png,,Observed from cached Buddy page-data item image; review before asset download or canonical promotion.
Bone Pickaxe,bone pickaxe,bone-pickaxe,https://buddy.farm/i/bone-pickaxe/,https://farmrpg.com/img/items/boneaxe.png?2,/img/items/boneaxe.png,boneaxe.png,boneaxe,,existing,,boneaxe-713df3940267.png,generated/item-icons/boneaxe-713df3940267.png,,Observed from cached Buddy page-data item image; review before asset download or canonical promotion.
Boobun's Spray Bottle,boobun s spray bottle,boobun-s-spray-bottle,https://buddy.farm/i/boobun-s-spray-bottle/,https://farmrpg.com/img/items/spraybottle.png,/img/items/spraybottle.png,spraybottle.png,spraybottle,,existing,,spraybottle-f447145e90e8.png,generated/item-icons/spraybottle-f447145e90e8.png,,Observed from cached Buddy page-data item image; review before asset download or canonical promotion.
Book of Clues,book of clues,book-of-clues,https://buddy.farm/i/book-of-clues/,https://farmrpg.com/img/items/6979.png,/img/items/6979.png,6979.png,6979,6979,existing,,6979-9818b3ae85da.png,generated/item-icons/6979-9818b3ae85da.png,,Observed from cached Buddy page-data item image; review before asset download or canonical promotion.
Book of Fish,book of fish,book-of-fish,https://buddy.farm/i/book-of-fish/,https://farmrpg.com/img/items/bookoffish.png,/img/items/bookoffish.png,bookoffish.png,bookoffish,,existing,,bookoffish-00e1e5c4ecf5.png,generated/item-icons/bookoffish-00e1e5c4ecf5.png,,Observed from cached Buddy page-data item image; review before asset download or canonical promotion.
Book of Flora,book of flora,book-of-flora,https://buddy.farm/i/book-of-flora/,https://farmrpg.com/img/items/7587.png,/img/items/7587.png,7587.png,7587,7587,existing,,7587-b0b8b817cc1b.png,generated/item-icons/7587-b0b8b817cc1b.png,,Observed from cached Buddy page-data item image; review before asset download or canonical promotion.
Book of Insects,book of insects,book-of-insects,https://buddy.farm/i/book-of-insects/,https://farmrpg.com/img/items/7578.png,/img/items/7578.png,7578.png,7578,7578,existing,,7578-d5abd64f7242.png,generated/item-icons/7578-d5abd64f7242.png,,Observed from cached Buddy page-data item image; review before asset download or canonical promotion.
Book of Knots,book of knots,book-of-knots,https://buddy.farm/i/book-of-knots/,https://farmrpg.com/img/items/5835.png,/img/items/5835.png,5835.png,5835,5835,existing,,5835-e2a363dd3fac.png,generated/item-icons/5835-e2a363dd3fac.png,,Observed from cached Buddy page-data item image; review before asset download or canonical promotion.
Book of Maps,book of maps,book-of-maps,https://buddy.farm/i/book-of-maps/,https://farmrpg.com/img/items/7583.png,/img/items/7583.png,7583.png,7583,7583,existing,,7583-308c5e224d3b.png,generated/item-icons/7583-308c5e224d3b.png,,Observed from cached Buddy page-data item image; review before asset download or canonical promotion.
Book of Schemas,book of schemas,book-of-schemas,https://buddy.farm/i/book-of-schemas/,https://farmrpg.com/img/items/7922.png,/img/items/7922.png,7922.png,7922,7922,existing,,7922-cb41e1b2e584.png,generated/item-icons/7922-cb41e1b2e584.png,,Observed from cached Buddy page-data item image; review before asset download or canonical promotion.
Book of Skill,book of skill,book-of-skill,https://buddy.farm/i/book-of-skill/,https://farmrpg.com/img/items/7792.png,/img/items/7792.png,7792.png,7792,7792,existing,,7792-d28d9a58627d.png,generated/item-icons/7792-d28d9a58627d.png,,Observed from cached Buddy page-data item image; review before asset download or canonical promotion.
Book of Spells,book of spells,book-of-spells,https://buddy.farm/i/book-of-spells/,https://farmrpg.com/img/items/afk_9510.png,/img/items/afk_9510.png,afk_9510.png,afk_9510,,existing,,afk_9510-1ffcc7289972.png,generated/item-icons/afk_9510-1ffcc7289972.png,,Observed from cached Buddy page-data item image; review before asset download or canonical promotion.
Book of Time,book of time,book-of-time,https://buddy.farm/i/book-of-time/,https://farmrpg.com/img/items/7574.png,/img/items/7574.png,7574.png,7574,7574,existing,,7574-e96cc460a717.png,generated/item-icons/7574-e96cc460a717.png,,Observed from cached Buddy page-data item image; review before asset download or canonical promotion.
Borgen Bag 01,borgen bag 01,borgen-bag-01,https://buddy.farm/i/borgen-bag-01/,https://farmrpg.com/img/items/BagsAndBoxes_59_t.png,/img/items/BagsAndBoxes_59_t.png,BagsAndBoxes_59_t.png,BagsAndBoxes_59_t,,existing,,BagsAndBoxes_59_t-c718019a554e.png,generated/item-icons/BagsAndBoxes_59_t-c718019a554e.png,,Observed from cached Buddy page-data item image; review before asset download or canonical promotion.
Borgen Bobblehead,borgen bobblehead,borgen-bobblehead,https://buddy.farm/i/borgen-bobblehead/,https://farmrpg.com/img/items/bobble_borgen.png,/img/items/bobble_borgen.png,bobble_borgen.png,bobble_borgen,,existing,,bobble_borgen-8f67ade8f2d8.png,generated/item-icons/bobble_borgen-8f67ade8f2d8.png,,Observed from cached Buddy page-data item image; review before asset download or canonical promotion.
Borgen Buck,borgen buck,borgen-buck,https://buddy.farm/i/borgen-buck/,https://farmrpg.com/img/items/borgenbuck.png,/img/items/borgenbuck.png,borgenbuck.png,borgenbuck,,existing,,borgenbuck-42d64018e06c.png,generated/item-icons/borgenbuck-42d64018e06c.png,,Observed from cached Buddy page-data item image; review before asset download or canonical promotion.
Borgen's Dancing Belt,borgen s dancing belt,borgen-s-dancing-belt,https://buddy.farm/i/borgen-s-dancing-belt/,https://farmrpg.com/img/items/2064.png,/img/items/2064.png,2064.png,2064,2064,existing,,2064-0386c8197c94.png,generated/item-icons/2064-0386c8197c94.png,,Observed from cached Buddy page-data item image; review before asset download or canonical promotion.
Bottle Rocket,bottle rocket,bottle-rocket,https://buddy.farm/i/bottle-rocket/,https://farmrpg.com/img/items/6123.png,/img/items/6123.png,6123.png,6123,6123,existing,,6123-63bc510c2fd0.png,generated/item-icons/6123-63bc510c2fd0.png,,Observed from cached Buddy page-data item image; review before asset download or canonical promotion.
Bouquet of Flowers,bouquet of flowers,bouquet-of-flowers,https://buddy.farm/i/bouquet-of-flowers/,https://farmrpg.com/img/items/bouquet.png?1,/img/items/bouquet.png,bouquet.png,bouquet,,existing,,bouquet-5f7acbdba3c6.png,generated/item-icons/bouquet-5f7acbdba3c6.png,,Observed from cached Buddy page-data item image; review before asset download or canonical promotion.
Bouquet of Roses,bouquet of roses,bouquet-of-roses,https://buddy.farm/i/bouquet-of-roses/,https://farmrpg.com/img/items/l_03_t.PNG,/img/items/l_03_t.PNG,l_03_t.PNG,l_03_t,,existing,,l_03_t-143fa0d59645.png,generated/item-icons/l_03_t-143fa0d59645.png,,Observed from cached Buddy page-data item image; review before asset download or canonical promotion.
Box of Chocolate 01,box of chocolate 01,box-of-chocolate-01,https://buddy.farm/i/box-of-chocolate-01/,https://farmrpg.com/img/items/l_06_t.png?1,/img/items/l_06_t.png,l_06_t.png,l_06_t,,existing,,l_06_t-fe747c6bbcd1.png,generated/item-icons/l_06_t-fe747c6bbcd1.png,,Observed from cached Buddy page-data item image; review before asset download or canonical promotion.
Box of Chocolate 02,box of chocolate 02,box-of-chocolate-02,https://buddy.farm/i/box-of-chocolate-02/,https://farmrpg.com/img/items/l_06_t.png?1,/img/items/l_06_t.png,l_06_t.png,l_06_t,,reused,,l_06_t-fe747c6bbcd1.png,generated/item-icons/l_06_t-fe747c6bbcd1.png,,Observed from cached Buddy page-data item image; review before asset download or canonical promotion.
Box of Holiday Cakes,box of holiday cakes,box-of-holiday-cakes,https://buddy.farm/i/box-of-holiday-cakes/,https://farmrpg.com/img/items/treecakebox.png,/img/items/treecakebox.png,treecakebox.png,treecakebox,,existing,,treecakebox-6c5165cc3596.png,generated/item-icons/treecakebox-6c5165cc3596.png,,Observed from cached Buddy page-data item image; review before asset download or canonical promotion.
Brain Fungus,brain fungus,brain-fungus,https://buddy.farm/i/brain-fungus/,https://farmrpg.com/img/items/brainfungus.png,/img/items/brainfungus.png,brainfungus.png,brainfungus,,existing,,brainfungus-96984de05052.png,generated/item-icons/brainfungus-96984de05052.png,,Observed from cached Buddy page-data item image; review before asset download or canonical promotion.
Bread,bread,bread,https://buddy.farm/i/bread/,https://farmrpg.com/img/items/7200.png,/img/items/7200.png,7200.png,7200,7200,existing,,7200-1fbdb246daf8.png,generated/item-icons/7200-1fbdb246daf8.png,,Observed from cached Buddy page-data item image; review before asset download or canonical promotion.
Breakfast Boost,breakfast boost,breakfast-boost,https://buddy.farm/i/breakfast-boost/,https://farmrpg.com/img/items/eggsandwich.png,/img/items/eggsandwich.png,eggsandwich.png,eggsandwich,,existing,,eggsandwich-86b445591142.png,generated/item-icons/eggsandwich-86b445591142.png,,Observed from cached Buddy page-data item image; review before asset download or canonical promotion.
Briomine,briomine,briomine,https://buddy.farm/i/briomine/,https://farmrpg.com/img/items/9439.png,/img/items/9439.png,9439.png,9439,9439,existing,,9439-597519e4e1d4.png,generated/item-icons/9439-597519e4e1d4.png,,Observed from cached Buddy page-data item image; review before asset download or canonical promotion.
Broccoli,broccoli,broccoli,https://buddy.farm/i/broccoli/,https://farmrpg.com/img/items/8757.png,/img/items/8757.png,8757.png,8757,8757,existing,,8757-166352d60da4.png,generated/item-icons/8757-166352d60da4.png,,Observed from cached Buddy page-data item image; review before asset download or canonical promotion.
Broccoli Seeds,broccoli seeds,broccoli-seeds,https://buddy.farm/i/broccoli-seeds/,https://farmrpg.com/img/items/seeds_broccoli.png,/img/items/seeds_broccoli.png,seeds_broccoli.png,seeds_broccoli,,existing,,seeds_broccoli-94789c12a850.png,generated/item-icons/seeds_broccoli-94789c12a850.png,,Observed from cached Buddy page-data item image; review before asset download or canonical promotion.
Broken Bangle,broken bangle,broken-bangle,https://buddy.farm/i/broken-bangle/,https://farmrpg.com/img/items/9090.png,/img/items/9090.png,9090.png,9090,9090,existing,,9090-4777bb64491a.png,generated/item-icons/9090-4777bb64491a.png,,Observed from cached Buddy page-data item image; review before asset download or canonical promotion.
Broken Memory Belt,broken memory belt,broken-memory-belt,https://buddy.farm/i/broken-memory-belt/,https://farmrpg.com/img/items/5576.png,/img/items/5576.png,5576.png,5576,5576,existing,,5576-067c8bdd9d53.png,generated/item-icons/5576-067c8bdd9d53.png,,Observed from cached Buddy page-data item image; review before asset download or canonical promotion.
Broken Pipe,broken pipe,broken-pipe,https://buddy.farm/i/broken-pipe/,https://farmrpg.com/img/items/9389.PNG,/img/items/9389.PNG,9389.PNG,9389,9389,existing,,9389-428d3a9551aa.png,generated/item-icons/9389-428d3a9551aa.png,,Observed from cached Buddy page-data item image; review before asset download or canonical promotion.
Broken Sword,broken sword,broken-sword,https://buddy.farm/i/broken-sword/,https://farmrpg.com/img/items/9489.png,/img/items/9489.png,9489.png,9489,9489,existing,,9489-9c5765ede287.png,generated/item-icons/9489-9c5765ede287.png,,Observed from cached Buddy page-data item image; review before asset download or canonical promotion.
Brooch of the Bahltruvian Elite,brooch of the bahltruvian elite,brooch-of-the-bahltruvian-elite,https://buddy.farm/i/brooch-of-the-bahltruvian-elite/,https://farmrpg.com/img/items/brooch.png?1,/img/items/brooch.png,brooch.png,brooch,,existing,,brooch-7c274f80ee9d.png,generated/item-icons/brooch-7c274f80ee9d.png,,Observed from cached Buddy page-data item image; review before asset download or canonical promotion.
Broom,broom,broom,https://buddy.farm/i/broom/,https://farmrpg.com/img/items/5717.PNG,/img/items/5717.PNG,5717.PNG,5717,5717,existing,,5717-367567be0e75.png,generated/item-icons/5717-367567be0e75.png,,Observed from cached Buddy page-data item image; review before asset download or canonical promotion.
Brown Bag,brown bag,brown-bag,https://buddy.farm/i/brown-bag/,https://farmrpg.com/img/items/brownbag.png,/img/items/brownbag.png,brownbag.png,brownbag,,existing,,brownbag-17bec9009fce.png,generated/item-icons/brownbag-17bec9009fce.png,,Observed from cached Buddy page-data item image; review before asset download or canonical promotion.
Brown Cloak,brown cloak,brown-cloak,https://buddy.farm/i/brown-cloak/,https://farmrpg.com/img/items/browncloak.png,/img/items/browncloak.png,browncloak.png,browncloak,,existing,,browncloak-429cae5f774d.png,generated/item-icons/browncloak-429cae5f774d.png,,Observed from cached Buddy page-data item image; review before asset download or canonical promotion.
Brown Dye,brown dye,brown-dye,https://buddy.farm/i/brown-dye/,https://farmrpg.com/img/items/browndye.png,/img/items/browndye.png,browndye.png,browndye,,existing,,browndye-14ab362e3209.png,generated/item-icons/browndye-14ab362e3209.png,,Observed from cached Buddy page-data item image; review before asset download or canonical promotion.
Brown Sugar,brown sugar,brown-sugar,https://buddy.farm/i/brown-sugar/,https://farmrpg.com/img/items/sugar-brown.png,/img/items/sugar-brown.png,sugar-brown.png,sugar-brown,,existing,,sugar-brown-51535d70e8ef.png,generated/item-icons/sugar-brown-51535d70e8ef.png,,Observed from cached Buddy page-data item image; review before asset download or canonical promotion.
Brown Twine,brown twine,brown-twine,https://buddy.farm/i/brown-twine/,https://farmrpg.com/img/items/browntwine.png,/img/items/browntwine.png,browntwine.png,browntwine,,existing,,browntwine-871af8222cd2.png,generated/item-icons/browntwine-871af8222cd2.png,,Observed from cached Buddy page-data item image; review before asset download or canonical promotion.
Bucket,bucket,bucket,https://buddy.farm/i/bucket/,https://farmrpg.com/img/items/8263.PNG?1,/img/items/8263.PNG,8263.PNG,8263,8263,existing,,8263-195a07ebb44b.png,generated/item-icons/8263-195a07ebb44b.png,,Observed from cached Buddy page-data item image; review before asset download or canonical promotion.
Buddy Bobblehead,buddy bobblehead,buddy-bobblehead,https://buddy.farm/i/buddy-bobblehead/,https://farmrpg.com/img/items/bobble_buddy.png,/img/items/bobble_buddy.png,bobble_buddy.png,bobble_buddy,,existing,,bobble_buddy-7e2b7cbcc23a.png,generated/item-icons/bobble_buddy-7e2b7cbcc23a.png,,Observed from cached Buddy page-data item image; review before asset download or canonical promotion.
Buddy Box,buddy box,buddy-box,https://buddy.farm/i/buddy-box/,https://farmrpg.com/img/items/Buddycube.png,/img/items/Buddycube.png,Buddycube.png,Buddycube,,existing,,Buddycube-953ebf703e08.png,generated/item-icons/Buddycube-953ebf703e08.png,,Observed from cached Buddy page-data item image; review before asset download or canonical promotion.
Buddy Cushion,buddy cushion,buddy-cushion,https://buddy.farm/i/buddy-cushion/,https://farmrpg.com/img/items/buddycushion.png,/img/items/buddycushion.png,buddycushion.png,buddycushion,,existing,,buddycushion-4e12f981c042.png,generated/item-icons/buddycushion-4e12f981c042.png,,Observed from cached Buddy page-data item image; review before asset download or canonical promotion.
Buddy Doll,buddy doll,buddy-doll,https://buddy.farm/i/buddy-doll/,https://farmrpg.com/img/items/buddydoll2.png,/img/items/buddydoll2.png,buddydoll2.png,buddydoll2,,existing,,buddydoll2-b9d80ff0cdb2.png,generated/item-icons/buddydoll2-b9d80ff0cdb2.png,,Observed from cached Buddy page-data item image; review before asset download or canonical promotion.
Buddy Doll Bag 01,buddy doll bag 01,buddy-doll-bag-01,https://buddy.farm/i/buddy-doll-bag-01/,https://farmrpg.com/img/items/Buddybag3.png,/img/items/Buddybag3.png,Buddybag3.png,Buddybag3,,existing,,Buddybag3-f537917d7fe9.png,generated/item-icons/Buddybag3-f537917d7fe9.png,,Observed from cached Buddy page-data item image; review before asset download or canonical promotion.
Buddy Doll Bag 02,buddy doll bag 02,buddy-doll-bag-02,https://buddy.farm/i/buddy-doll-bag-02/,https://farmrpg.com/img/items/Buddybag4.png,/img/items/Buddybag4.png,Buddybag4.png,Buddybag4,,existing,,Buddybag4-b8301194bbe5.png,generated/item-icons/Buddybag4-b8301194bbe5.png,,Observed from cached Buddy page-data item image; review before asset download or canonical promotion.
Buddy Elf on a Shelf,buddy elf on a shelf,buddy-elf-on-a-shelf,https://buddy.farm/i/buddy-elf-on-a-shelf/,https://farmrpg.com/img/items/belfonashelf.png,/img/items/belfonashelf.png,belfonashelf.png,belfonashelf,,existing,,belfonashelf-3c259b5d5266.png,generated/item-icons/belfonashelf-3c259b5d5266.png,,Observed from cached Buddy page-data item image; review before asset download or canonical promotion.
Buddy Loves You Card,buddy loves you card,buddy-loves-you-card,https://buddy.farm/i/buddy-loves-you-card/,https://farmrpg.com/img/items/card_buddylove.png,/img/items/card_buddylove.png,card_buddylove.png,card_buddylove,,existing,,card_buddylove-880cf6854019.png,generated/item-icons/card_buddylove-880cf6854019.png,,Observed from cached Buddy page-data item image; review before asset download or canonical promotion.
Buddy's Beach Bag,buddy s beach bag,buddy-s-beach-bag,https://buddy.farm/i/buddy-s-beach-bag/,https://farmrpg.com/img/items/buddybag2.png,/img/items/buddybag2.png,buddybag2.png,buddybag2,,existing,,buddybag2-0de37be61274.png,generated/item-icons/buddybag2-0de37be61274.png,,Observed from cached Buddy page-data item image; review before asset download or canonical promotion.
Buddy's Beach Ball,buddy s beach ball,buddy-s-beach-ball,https://buddy.farm/i/buddy-s-beach-ball/,https://farmrpg.com/img/items/beachball2.png,/img/items/beachball2.png,beachball2.png,beachball2,,existing,,beachball2-f71c829b645e.png,generated/item-icons/beachball2-f71c829b645e.png,,Observed from cached Buddy page-data item image; review before asset download or canonical promotion.
Buddy's Old Pirate Belt,buddy s old pirate belt,buddy-s-old-pirate-belt,https://buddy.farm/i/buddy-s-old-pirate-belt/,https://farmrpg.com/img/items/2077.png,/img/items/2077.png,2077.png,2077,2077,existing,,2077-112429fec3c2.png,generated/item-icons/2077-112429fec3c2.png,,Observed from cached Buddy page-data item image; review before asset download or canonical promotion.
Buddy's School Bag,buddy s school bag,buddy-s-school-bag,https://buddy.farm/i/buddy-s-school-bag/,https://farmrpg.com/img/items/buddybag.png?2,/img/items/buddybag.png,buddybag.png,buddybag,,existing,,buddybag-b2e3ee7a085f.png,generated/item-icons/buddybag-b2e3ee7a085f.png,,Observed from cached Buddy page-data item image; review before asset download or canonical promotion.
Buddy's Sleeping Cap,buddy s sleeping cap,buddy-s-sleeping-cap,https://buddy.farm/i/buddy-s-sleeping-cap/,https://farmrpg.com/img/items/buddyssleepingcap.png,/img/items/buddyssleepingcap.png,buddyssleepingcap.png,buddyssleepingcap,,existing,,buddyssleepingcap-23847ae525bc.png,generated/item-icons/buddyssleepingcap-23847ae525bc.png,,Observed from cached Buddy page-data item image; review before asset download or canonical promotion.
Buddystone,buddystone,buddystone,https://buddy.farm/i/buddystone/,https://farmrpg.com/img/items/buddystone.png,/img/items/buddystone.png,buddystone.png,buddystone,,existing,,buddystone-f1c0cad8ed34.png,generated/item-icons/buddystone-f1c0cad8ed34.png,,Observed from cached Buddy page-data item image; review before asset download or canonical promotion.
Bug Bag 01,bug bag 01,bug-bag-01,https://buddy.farm/i/bug-bag-01/,https://farmrpg.com/img/items/bug_bag.png,/img/items/bug_bag.png,bug_bag.png,bug_bag,,existing,,bug_bag-c550f8ba2c19.png,generated/item-icons/bug_bag-c550f8ba2c19.png,,Observed from cached Buddy page-data item image; review before asset download or canonical promotion.
Bullfish,bullfish,bullfish,https://buddy.farm/i/bullfish/,https://farmrpg.com/img/items/bullfish.png,/img/items/bullfish.png,bullfish.png,bullfish,,existing,,bullfish-4ea6b494d17a.png,generated/item-icons/bullfish-4ea6b494d17a.png,,Observed from cached Buddy page-data item image; review before asset download or canonical promotion.
Bunny Buddy Doll,bunny buddy doll,bunny-buddy-doll,https://buddy.farm/i/bunny-buddy-doll/,https://farmrpg.com/img/items/bunnybuddydollx.png,/img/items/bunnybuddydollx.png,bunnybuddydollx.png,bunnybuddydollx,,existing,,bunnybuddydollx-2fca99c1b4bb.png,generated/item-icons/bunnybuddydollx-2fca99c1b4bb.png,,Observed from cached Buddy page-data item image; review before asset download or canonical promotion.
Bunny Ears,bunny ears,bunny-ears,https://buddy.farm/i/bunny-ears/,https://farmrpg.com/img/items/ears.png,/img/items/ears.png,ears.png,ears,,existing,,ears-668d909f015e.png,generated/item-icons/ears-668d909f015e.png,,Observed from cached Buddy page-data item image; review before asset download or canonical promotion.
Butter,butter,butter,https://buddy.farm/i/butter/,https://farmrpg.com/img/items/4431.png,/img/items/4431.png,4431.png,4431,4431,existing,,4431-12e30f24aed6.png,generated/item-icons/4431-12e30f24aed6.png,,Observed from cached Buddy page-data item image; review before asset download or canonical promotion.
Butter Churn,butter churn,butter-churn,https://buddy.farm/i/butter-churn/,https://farmrpg.com/img/items/churn.png,/img/items/churn.png,churn.png,churn,,existing,,churn-2bf5232865bd.png,generated/item-icons/churn-2bf5232865bd.png,,Observed from cached Buddy page-data item image; review before asset download or canonical promotion.
Cabbage,cabbage,cabbage,https://buddy.farm/i/cabbage/,https://farmrpg.com/img/items/8319-3.png?1,/img/items/8319-3.png,8319-3.png,8319-3,,existing,,8319-3-64cce212c68d.png,generated/item-icons/8319-3-64cce212c68d.png,,Observed from cached Buddy page-data item image; review before asset download or canonical promotion.
Cabbage Seeds,cabbage seeds,cabbage-seeds,https://buddy.farm/i/cabbage-seeds/,https://farmrpg.com/img/items/seeds_cabbage.png,/img/items/seeds_cabbage.png,seeds_cabbage.png,seeds_cabbage,,existing,,seeds_cabbage-f0b86b31af54.png,generated/item-icons/seeds_cabbage-f0b86b31af54.png,,Observed from cached Buddy page-data item image; review before asset download or canonical promotion.
Cabbage Stew,cabbage stew,cabbage-stew,https://buddy.farm/i/cabbage-stew/,https://farmrpg.com/img/items/greensoup.png,/img/items/greensoup.png,greensoup.png,greensoup,,existing,,greensoup-63524c710318.png,generated/item-icons/greensoup-63524c710318.png,,Observed from cached Buddy page-data item image; review before asset download or canonical promotion.
Cake,cake,cake,https://buddy.farm/i/cake/,https://farmrpg.com/img/items/the_cake_is_a_lie.png,/img/items/the_cake_is_a_lie.png,the_cake_is_a_lie.png,the_cake_is_a_lie,,existing,,the_cake_is_a_lie-e0585e2943a4.png,generated/item-icons/the_cake_is_a_lie-e0585e2943a4.png,,Observed from cached Buddy page-data item image; review before asset download or canonical promotion.
Calavera 01,calavera 01,calavera-01,https://buddy.farm/i/calavera-01/,https://farmrpg.com/img/items/738.png,/img/items/738.png,738.png,738,738,existing,,738-26b092ae0c82.png,generated/item-icons/738-26b092ae0c82.png,,Observed from cached Buddy page-data item image; review before asset download or canonical promotion.
Calavera 02,calavera 02,calavera-02,https://buddy.farm/i/calavera-02/,https://farmrpg.com/img/items/739.png,/img/items/739.png,739.png,739,739,existing,,739-9f9923579ffb.png,generated/item-icons/739-9f9923579ffb.png,,Observed from cached Buddy page-data item image; review before asset download or canonical promotion.
Calcifite,calcifite,calcifite,https://buddy.farm/i/calcifite/,https://farmrpg.com/img/items/9441.png,/img/items/9441.png,9441.png,9441,9441,existing,,9441-cc5265686179.png,generated/item-icons/9441-cc5265686179.png,,Observed from cached Buddy page-data item image; review before asset download or canonical promotion.
Camping Buddy Doll,camping buddy doll,camping-buddy-doll,https://buddy.farm/i/camping-buddy-doll/,https://farmrpg.com/img/items/Campingbuddydoll.png,/img/items/Campingbuddydoll.png,Campingbuddydoll.png,Campingbuddydoll,,downloaded,200,Campingbuddydoll-cc08e6a73952.png,generated/item-icons/Campingbuddydoll-cc08e6a73952.png,,Observed from cached Buddy page-data item image; review before asset download or canonical promotion.
Candy,candy,candy,https://buddy.farm/i/candy/,https://farmrpg.com/img/items/candy_t_09.png,/img/items/candy_t_09.png,candy_t_09.png,candy_t_09,,existing,,candy_t_09-d3b925e9c0c5.png,generated/item-icons/candy_t_09-d3b925e9c0c5.png,,Observed from cached Buddy page-data item image; review before asset download or canonical promotion.
Candy Cane,candy cane,candy-cane,https://buddy.farm/i/candy-cane/,https://farmrpg.com/img/items/cr_t_05.png,/img/items/cr_t_05.png,cr_t_05.png,cr_t_05,,existing,,cr_t_05-5afc0de27e42.png,generated/item-icons/cr_t_05-5afc0de27e42.png,,Observed from cached Buddy page-data item image; review before asset download or canonical promotion.
Candy Corn,candy corn,candy-corn,https://buddy.farm/i/candy-corn/,https://farmrpg.com/img/items/candycorn.png,/img/items/candycorn.png,candycorn.png,candycorn,,existing,,candycorn-06d44f12e5d6.png,generated/item-icons/candycorn-06d44f12e5d6.png,,Observed from cached Buddy page-data item image; review before asset download or canonical promotion.
Candy Roll,candy roll,candy-roll,https://buddy.farm/i/candy-roll/,https://farmrpg.com/img/items/14_sm.png,/img/items/14_sm.png,14_sm.png,14_sm,,existing,,14_sm-8887f2ad01fc.png,generated/item-icons/14_sm-8887f2ad01fc.png,,Observed from cached Buddy page-data item image; review before asset download or canonical promotion.
Cannon,cannon,cannon,https://buddy.farm/i/cannon/,https://farmrpg.com/img/items/1096.png,/img/items/1096.png,1096.png,1096,1096,existing,,1096-8ae9b2a9cd8b.png,generated/item-icons/1096-8ae9b2a9cd8b.png,,Observed from cached Buddy page-data item image; review before asset download or canonical promotion.
Canoe,canoe,canoe,https://buddy.farm/i/canoe/,https://farmrpg.com/img/items/554.png,/img/items/554.png,554.png,554,554,existing,,554-d57db0308bdd.png,generated/item-icons/554-d57db0308bdd.png,,Observed from cached Buddy page-data item image; review before asset download or canonical promotion.
Captains Log,captains log,captains-log,https://buddy.farm/i/captains-log/,https://farmrpg.com/img/items/4868.png,/img/items/4868.png,4868.png,4868,4868,existing,,4868-08b22e3381ec.png,generated/item-icons/4868-08b22e3381ec.png,,Observed from cached Buddy page-data item image; review before asset download or canonical promotion.
Captured Ghost,captured ghost,captured-ghost,https://buddy.farm/i/captured-ghost/,https://farmrpg.com/img/ghost.png,/img/ghost.png,ghost.png,ghost,,existing,,ghost-f47e668bb71c.png,generated/item-icons/ghost-f47e668bb71c.png,,Observed from cached Buddy page-data item image; review before asset download or canonical promotion.
Capy Birthday Card,capy birthday card,capy-birthday-card,https://buddy.farm/i/capy-birthday-card/,https://farmrpg.com/img/items/card_capybirthday.png,/img/items/card_capybirthday.png,card_capybirthday.png,card_capybirthday,,existing,,card_capybirthday-2e2482609dac.png,generated/item-icons/card_capybirthday-2e2482609dac.png,,Observed from cached Buddy page-data item image; review before asset download or canonical promotion.
Carbon Sphere,carbon sphere,carbon-sphere,https://buddy.farm/i/carbon-sphere/,https://farmrpg.com/img/items/carbonsphere.png,/img/items/carbonsphere.png,carbonsphere.png,carbonsphere,,existing,,carbonsphere-54fa26e53444.png,generated/item-icons/carbonsphere-54fa26e53444.png,,Observed from cached Buddy page-data item image; review before asset download or canonical promotion.
Carnevale,carnevale,carnevale,https://buddy.farm/i/carnevale/,https://farmrpg.com/img/items/2749.png,/img/items/2749.png,2749.png,2749,2749,existing,,2749-55b42a204328.png,generated/item-icons/2749-55b42a204328.png,,Observed from cached Buddy page-data item image; review before asset download or canonical promotion.
Carp,carp,carp,https://buddy.farm/i/carp/,https://farmrpg.com/img/items/7737.PNG,/img/items/7737.PNG,7737.PNG,7737,7737,existing,,7737-4dc460522f1b.png,generated/item-icons/7737-4dc460522f1b.png,,Observed from cached Buddy page-data item image; review before asset download or canonical promotion.
Carrot,carrot,carrot,https://buddy.farm/i/carrot/,https://farmrpg.com/img/items/8391.PNG,/img/items/8391.PNG,8391.PNG,8391,8391,existing,,8391-ad6c16071c8c.png,generated/item-icons/8391-ad6c16071c8c.png,,Observed from cached Buddy page-data item image; review before asset download or canonical promotion.
Carrot Seeds,carrot seeds,carrot-seeds,https://buddy.farm/i/carrot-seeds/,https://farmrpg.com/img/items/seeds_carrots.png,/img/items/seeds_carrots.png,seeds_carrots.png,seeds_carrots,,existing,,seeds_carrots-ffbb40945f57.png,generated/item-icons/seeds_carrots-ffbb40945f57.png,,Observed from cached Buddy page-data item image; review before asset download or canonical promotion.
Carved Bear,carved bear,carved-bear,https://buddy.farm/i/carved-bear/,https://farmrpg.com/img/items/carvedbear.png,/img/items/carvedbear.png,carvedbear.png,carvedbear,,existing,,carvedbear-90fa99c1b487.png,generated/item-icons/carvedbear-90fa99c1b487.png,,Observed from cached Buddy page-data item image; review before asset download or canonical promotion.
Carved Camel,carved camel,carved-camel,https://buddy.farm/i/carved-camel/,https://farmrpg.com/img/items/carvedcamel.png,/img/items/carvedcamel.png,carvedcamel.png,carvedcamel,,existing,,carvedcamel-d189c4fcd78a.png,generated/item-icons/carvedcamel-d189c4fcd78a.png,,Observed from cached Buddy page-data item image; review before asset download or canonical promotion.
Carved Chicken,carved chicken,carved-chicken,https://buddy.farm/i/carved-chicken/,https://farmrpg.com/img/items/carved_chicken.png,/img/items/carved_chicken.png,carved_chicken.png,carved_chicken,,existing,,carved_chicken-d7ce64ba57b1.png,generated/item-icons/carved_chicken-d7ce64ba57b1.png,,Observed from cached Buddy page-data item image; review before asset download or canonical promotion.
Carved Cow,carved cow,carved-cow,https://buddy.farm/i/carved-cow/,https://farmrpg.com/img/items/carved_cow.png,/img/items/carved_cow.png,carved_cow.png,carved_cow,,existing,,carved_cow-a3b9d42d612f.png,generated/item-icons/carved_cow-a3b9d42d612f.png,,Observed from cached Buddy page-data item image; review before asset download or canonical promotion.
Carved Dragon,carved dragon,carved-dragon,https://buddy.farm/i/carved-dragon/,https://farmrpg.com/img/items/carved_dragon.png,/img/items/carved_dragon.png,carved_dragon.png,carved_dragon,,existing,,carved_dragon-5418327cb85e.png,generated/item-icons/carved_dragon-5418327cb85e.png,,Observed from cached Buddy page-data item image; review before asset download or canonical promotion.
Carved Fox,carved fox,carved-fox,https://buddy.farm/i/carved-fox/,https://farmrpg.com/img/items/carved_fox.png,/img/items/carved_fox.png,carved_fox.png,carved_fox,,existing,,carved_fox-4fb60ba2a4f4.png,generated/item-icons/carved_fox-4fb60ba2a4f4.png,,Observed from cached Buddy page-data item image; review before asset download or canonical promotion.
Carved Kitty,carved kitty,carved-kitty,https://buddy.farm/i/carved-kitty/,https://farmrpg.com/img/items/carved_cat.png,/img/items/carved_cat.png,carved_cat.png,carved_cat,,existing,,carved_cat-bc31d270cea4.png,generated/item-icons/carved_cat-bc31d270cea4.png,,Observed from cached Buddy page-data item image; review before asset download or canonical promotion.
Carved Moose,carved moose,carved-moose,https://buddy.farm/i/carved-moose/,https://farmrpg.com/img/items/carvedmoose.png,/img/items/carvedmoose.png,carvedmoose.png,carvedmoose,,existing,,carvedmoose-8c667c8809e2.png,generated/item-icons/carvedmoose-8c667c8809e2.png,,Observed from cached Buddy page-data item image; review before asset download or canonical promotion.
Carved Mouse,carved mouse,carved-mouse,https://buddy.farm/i/carved-mouse/,https://farmrpg.com/img/items/carved_mouse.png,/img/items/carved_mouse.png,carved_mouse.png,carved_mouse,,existing,,carved_mouse-ab1cdc81a91e.png,generated/item-icons/carved_mouse-ab1cdc81a91e.png,,Observed from cached Buddy page-data item image; review before asset download or canonical promotion.
Carved Owl,carved owl,carved-owl,https://buddy.farm/i/carved-owl/,https://farmrpg.com/img/items/carvedowl.png,/img/items/carvedowl.png,carvedowl.png,carvedowl,,existing,,carvedowl-bc2702ed2ae6.png,generated/item-icons/carvedowl-bc2702ed2ae6.png,,Observed from cached Buddy page-data item image; review before asset download or canonical promotion.
Carved Pig,carved pig,carved-pig,https://buddy.farm/i/carved-pig/,https://farmrpg.com/img/items/carved_pig.png,/img/items/carved_pig.png,carved_pig.png,carved_pig,,existing,,carved_pig-489e2c91055f.png,generated/item-icons/carved_pig-489e2c91055f.png,,Observed from cached Buddy page-data item image; review before asset download or canonical promotion.
Carved Rabbit,carved rabbit,carved-rabbit,https://buddy.farm/i/carved-rabbit/,https://farmrpg.com/img/items/carvedrabbit.png,/img/items/carvedrabbit.png,carvedrabbit.png,carvedrabbit,,existing,,carvedrabbit-779c32e3354e.png,generated/item-icons/carvedrabbit-779c32e3354e.png,,Observed from cached Buddy page-data item image; review before asset download or canonical promotion.
Carved Rhino,carved rhino,carved-rhino,https://buddy.farm/i/carved-rhino/,https://farmrpg.com/img/items/carvedrhino.png,/img/items/carvedrhino.png,carvedrhino.png,carvedrhino,,existing,,carvedrhino-dc9272d0d6f3.png,generated/item-icons/carvedrhino-dc9272d0d6f3.png,,Observed from cached Buddy page-data item image; review before asset download or canonical promotion.
Carved Squirrel,carved squirrel,carved-squirrel,https://buddy.farm/i/carved-squirrel/,https://farmrpg.com/img/items/carvedsquirrel.png,/img/items/carvedsquirrel.png,carvedsquirrel.png,carvedsquirrel,,existing,,carvedsquirrel-c96fae190a59.png,generated/item-icons/carvedsquirrel-c96fae190a59.png,,Observed from cached Buddy page-data item image; review before asset download or canonical promotion.
Carved Squisquatch,carved squisquatch,carved-squisquatch,https://buddy.farm/i/carved-squisquatch/,https://farmrpg.com/img/items/carved_squisquatch.png,/img/items/carved_squisquatch.png,carved_squisquatch.png,carved_squisquatch,,existing,,carved_squisquatch-1d9c0b526772.png,generated/item-icons/carved_squisquatch-1d9c0b526772.png,,Observed from cached Buddy page-data item image; review before asset download or canonical promotion.
Carved Warthog,carved warthog,carved-warthog,https://buddy.farm/i/carved-warthog/,https://farmrpg.com/img/items/carvedwh.png,/img/items/carvedwh.png,carvedwh.png,carvedwh,,existing,,carvedwh-cd665313f95a.png,generated/item-icons/carvedwh-cd665313f95a.png,,Observed from cached Buddy page-data item image; review before asset download or canonical promotion.
Cat's Meow,cat s meow,cat-s-meow,https://buddy.farm/i/cat-s-meow/,https://farmrpg.com/img/items/fishessensestew.png,/img/items/fishessensestew.png,fishessensestew.png,fishessensestew,,existing,,fishessensestew-0461b8007a6a.png,generated/item-icons/fishessensestew-0461b8007a6a.png,,Observed from cached Buddy page-data item image; review before asset download or canonical promotion.
Caterpillar,caterpillar,caterpillar,https://buddy.farm/i/caterpillar/,https://farmrpg.com/img/items/caterpillar.png,/img/items/caterpillar.png,caterpillar.png,caterpillar,,existing,,caterpillar-83c15b2bc2b2.png,generated/item-icons/caterpillar-83c15b2bc2b2.png,,Observed from cached Buddy page-data item image; review before asset download or canonical promotion.
Catfish,catfish,catfish,https://buddy.farm/i/catfish/,https://farmrpg.com/img/items/redcatfish.png,/img/items/redcatfish.png,redcatfish.png,redcatfish,,existing,,redcatfish-235d084fb2a7.png,generated/item-icons/redcatfish-235d084fb2a7.png,,Observed from cached Buddy page-data item image; review before asset download or canonical promotion.
Cave Key,cave key,cave-key,https://buddy.farm/i/cave-key/,https://farmrpg.com/img/items/stonekey.png?3,/img/items/stonekey.png,stonekey.png,stonekey,,existing,,stonekey-ec082555e7c1.png,generated/item-icons/stonekey-ec082555e7c1.png,,Observed from cached Buddy page-data item image; review before asset download or canonical promotion.
Cave Mushroom,cave mushroom,cave-mushroom,https://buddy.farm/i/cave-mushroom/,https://farmrpg.com/img/items/6475.png,/img/items/6475.png,6475.png,6475,6475,existing,,6475-61a7e47f8f9a.png,generated/item-icons/6475-61a7e47f8f9a.png,,Observed from cached Buddy page-data item image; review before asset download or canonical promotion.
Cecil Bobblehead,cecil bobblehead,cecil-bobblehead,https://buddy.farm/i/cecil-bobblehead/,https://farmrpg.com/img/items/bobble_cecil.png,/img/items/bobble_cecil.png,bobble_cecil.png,bobble_cecil,,existing,,bobble_cecil-1926194d32da.png,generated/item-icons/bobble_cecil-1926194d32da.png,,Observed from cached Buddy page-data item image; review before asset download or canonical promotion.
Cecil's Shrimp-a-Plenty,cecil s shrimp a plenty,cecil-s-shrimp-a-plenty,https://buddy.farm/i/cecil-s-shrimp-a-plenty/,https://farmrpg.com/img/items/recipe.png,/img/items/recipe.png,recipe.png,recipe,,reused,,recipe-ebec090231f1.png,generated/item-icons/recipe-ebec090231f1.png,,Observed from cached Buddy page-data item image; review before asset download or canonical promotion.
Cepathorf's Case,cepathorf s case,cepathorf-s-case,https://buddy.farm/i/cepathorf-s-case/,https://farmrpg.com/img/items/boxes_012.png,/img/items/boxes_012.png,boxes_012.png,boxes_012,,existing,,boxes_012-181165ba79fa.png,generated/item-icons/boxes_012-181165ba79fa.png,,Observed from cached Buddy page-data item image; review before asset download or canonical promotion.
Certificate of Beet Giving,certificate of beet giving,certificate-of-beet-giving,https://buddy.farm/i/certificate-of-beet-giving/,https://farmrpg.com/img/items/7896-purple.png,/img/items/7896-purple.png,7896-purple.png,7896-purple,,existing,,7896-purple-c0b2ec517d02.png,generated/item-icons/7896-purple-c0b2ec517d02.png,,Observed from cached Buddy page-data item image; review before asset download or canonical promotion.
Certificate of Broccoli Giving,certificate of broccoli giving,certificate-of-broccoli-giving,https://buddy.farm/i/certificate-of-broccoli-giving/,https://farmrpg.com/img/items/7896-green.png,/img/items/7896-green.png,7896-green.png,7896-green,,existing,,7896-green-39c383d9cb0e.png,generated/item-icons/7896-green-39c383d9cb0e.png,,Observed from cached Buddy page-data item image; review before asset download or canonical promotion.
Certificate of Cabbage Giving,certificate of cabbage giving,certificate-of-cabbage-giving,https://buddy.farm/i/certificate-of-cabbage-giving/,https://farmrpg.com/img/items/7896-green.png,/img/items/7896-green.png,7896-green.png,7896-green,,reused,,7896-green-39c383d9cb0e.png,generated/item-icons/7896-green-39c383d9cb0e.png,,Observed from cached Buddy page-data item image; review before asset download or canonical promotion.
Certificate of Carrot Giving,certificate of carrot giving,certificate-of-carrot-giving,https://buddy.farm/i/certificate-of-carrot-giving/,https://farmrpg.com/img/items/7896-orange.png,/img/items/7896-orange.png,7896-orange.png,7896-orange,,existing,,7896-orange-a7ed5e964a99.png,generated/item-icons/7896-orange-a7ed5e964a99.png,,Observed from cached Buddy page-data item image; review before asset download or canonical promotion.
Certificate of Corn Giving,certificate of corn giving,certificate-of-corn-giving,https://buddy.farm/i/certificate-of-corn-giving/,https://farmrpg.com/img/items/7896-yellow.png,/img/items/7896-yellow.png,7896-yellow.png,7896-yellow,,existing,,7896-yellow-ea8809866b98.png,generated/item-icons/7896-yellow-ea8809866b98.png,,Observed from cached Buddy page-data item image; review before asset download or canonical promotion.
Certificate of Cotton Giving,certificate of cotton giving,certificate-of-cotton-giving,https://buddy.farm/i/certificate-of-cotton-giving/,https://farmrpg.com/img/items/7896-gray.png,/img/items/7896-gray.png,7896-gray.png,7896-gray,,existing,,7896-gray-95b6ce3d3577.png,generated/item-icons/7896-gray-95b6ce3d3577.png,,Observed from cached Buddy page-data item image; review before asset download or canonical promotion.
Certificate of Cucumber Giving,certificate of cucumber giving,certificate-of-cucumber-giving,https://buddy.farm/i/certificate-of-cucumber-giving/,https://farmrpg.com/img/items/7896-green.png,/img/items/7896-green.png,7896-green.png,7896-green,,reused,,7896-green-39c383d9cb0e.png,generated/item-icons/7896-green-39c383d9cb0e.png,,Observed from cached Buddy page-data item image; review before asset download or canonical promotion.
Certificate of Eggplant Giving,certificate of eggplant giving,certificate-of-eggplant-giving,https://buddy.farm/i/certificate-of-eggplant-giving/,https://farmrpg.com/img/items/7896-purple.png,/img/items/7896-purple.png,7896-purple.png,7896-purple,,reused,,7896-purple-c0b2ec517d02.png,generated/item-icons/7896-purple-c0b2ec517d02.png,,Observed from cached Buddy page-data item image; review before asset download or canonical promotion.
Certificate of Hops Giving,certificate of hops giving,certificate-of-hops-giving,https://buddy.farm/i/certificate-of-hops-giving/,https://farmrpg.com/img/items/7896-green.png,/img/items/7896-green.png,7896-green.png,7896-green,,reused,,7896-green-39c383d9cb0e.png,generated/item-icons/7896-green-39c383d9cb0e.png,,Observed from cached Buddy page-data item image; review before asset download or canonical promotion.
Certificate of Leek Giving,certificate of leek giving,certificate-of-leek-giving,https://buddy.farm/i/certificate-of-leek-giving/,https://farmrpg.com/img/items/7896-green.png,/img/items/7896-green.png,7896-green.png,7896-green,,reused,,7896-green-39c383d9cb0e.png,generated/item-icons/7896-green-39c383d9cb0e.png,,Observed from cached Buddy page-data item image; review before asset download or canonical promotion.
Certificate of Onion Giving,certificate of onion giving,certificate-of-onion-giving,https://buddy.farm/i/certificate-of-onion-giving/,https://farmrpg.com/img/items/7896-green.png,/img/items/7896-green.png,7896-green.png,7896-green,,reused,,7896-green-39c383d9cb0e.png,generated/item-icons/7896-green-39c383d9cb0e.png,,Observed from cached Buddy page-data item image; review before asset download or canonical promotion.
Certificate of Pea Giving,certificate of pea giving,certificate-of-pea-giving,https://buddy.farm/i/certificate-of-pea-giving/,https://farmrpg.com/img/items/7896-green.png,/img/items/7896-green.png,7896-green.png,7896-green,,reused,,7896-green-39c383d9cb0e.png,generated/item-icons/7896-green-39c383d9cb0e.png,,Observed from cached Buddy page-data item image; review before asset download or canonical promotion.
Certificate of Pepper Giving,certificate of pepper giving,certificate-of-pepper-giving,https://buddy.farm/i/certificate-of-pepper-giving/,https://farmrpg.com/img/items/7896.png,/img/items/7896.png,7896.png,7896,7896,existing,,7896-6756f7ed1efb.png,generated/item-icons/7896-6756f7ed1efb.png,,Observed from cached Buddy page-data item image; review before asset download or canonical promotion.
Certificate of Pine Giving,certificate of pine giving,certificate-of-pine-giving,https://buddy.farm/i/certificate-of-pine-giving/,https://farmrpg.com/img/items/7896-green.png,/img/items/7896-green.png,7896-green.png,7896-green,,reused,,7896-green-39c383d9cb0e.png,generated/item-icons/7896-green-39c383d9cb0e.png,,Observed from cached Buddy page-data item image; review before asset download or canonical promotion.
Certificate of Potato Giving,certificate of potato giving,certificate-of-potato-giving,https://buddy.farm/i/certificate-of-potato-giving/,https://farmrpg.com/img/items/7896-blue.png,/img/items/7896-blue.png,7896-blue.png,7896-blue,,existing,,7896-blue-61feb476d129.png,generated/item-icons/7896-blue-61feb476d129.png,,Observed from cached Buddy page-data item image; review before asset download or canonical promotion.
Certificate of Pumpkin Giving,certificate of pumpkin giving,certificate-of-pumpkin-giving,https://buddy.farm/i/certificate-of-pumpkin-giving/,https://farmrpg.com/img/items/7896-orange.png,/img/items/7896-orange.png,7896-orange.png,7896-orange,,reused,,7896-orange-a7ed5e964a99.png,generated/item-icons/7896-orange-a7ed5e964a99.png,,Observed from cached Buddy page-data item image; review before asset download or canonical promotion.
Certificate of Radish Giving,certificate of radish giving,certificate-of-radish-giving,https://buddy.farm/i/certificate-of-radish-giving/,https://farmrpg.com/img/items/7896.png,/img/items/7896.png,7896.png,7896,7896,reused,,7896-6756f7ed1efb.png,generated/item-icons/7896-6756f7ed1efb.png,,Observed from cached Buddy page-data item image; review before asset download or canonical promotion.
Certificate of Rice Giving,certificate of rice giving,certificate-of-rice-giving,https://buddy.farm/i/certificate-of-rice-giving/,https://farmrpg.com/img/items/7896-yellow.png,/img/items/7896-yellow.png,7896-yellow.png,7896-yellow,,reused,,7896-yellow-ea8809866b98.png,generated/item-icons/7896-yellow-ea8809866b98.png,,Observed from cached Buddy page-data item image; review before asset download or canonical promotion.
Certificate of Sugar Cane Giving,certificate of sugar cane giving,certificate-of-sugar-cane-giving,https://buddy.farm/i/certificate-of-sugar-cane-giving/,https://farmrpg.com/img/items/7896-yellow.png,/img/items/7896-yellow.png,7896-yellow.png,7896-yellow,,reused,,7896-yellow-ea8809866b98.png,generated/item-icons/7896-yellow-ea8809866b98.png,,Observed from cached Buddy page-data item image; review before asset download or canonical promotion.
Certificate of Sunflower Giving,certificate of sunflower giving,certificate-of-sunflower-giving,https://buddy.farm/i/certificate-of-sunflower-giving/,https://farmrpg.com/img/items/7896-yellow.png,/img/items/7896-yellow.png,7896-yellow.png,7896-yellow,,reused,,7896-yellow-ea8809866b98.png,generated/item-icons/7896-yellow-ea8809866b98.png,,Observed from cached Buddy page-data item image; review before asset download or canonical promotion.
Certificate of Tomato Giving,certificate of tomato giving,certificate-of-tomato-giving,https://buddy.farm/i/certificate-of-tomato-giving/,https://farmrpg.com/img/items/7896.png,/img/items/7896.png,7896.png,7896,7896,reused,,7896-6756f7ed1efb.png,generated/item-icons/7896-6756f7ed1efb.png,,Observed from cached Buddy page-data item image; review before asset download or canonical promotion.
Certificate of Watermelon Giving,certificate of watermelon giving,certificate-of-watermelon-giving,https://buddy.farm/i/certificate-of-watermelon-giving/,https://farmrpg.com/img/items/7896-green.png,/img/items/7896-green.png,7896-green.png,7896-green,,reused,,7896-green-39c383d9cb0e.png,generated/item-icons/7896-green-39c383d9cb0e.png,,Observed from cached Buddy page-data item image; review before asset download or canonical promotion.
Certificate of Wheat Giving,certificate of wheat giving,certificate-of-wheat-giving,https://buddy.farm/i/certificate-of-wheat-giving/,https://farmrpg.com/img/items/7896-yellow.png,/img/items/7896-yellow.png,7896-yellow.png,7896-yellow,,reused,,7896-yellow-ea8809866b98.png,generated/item-icons/7896-yellow-ea8809866b98.png,,Observed from cached Buddy page-data item image; review before asset download or canonical promotion.
Chapiku,chapiku,chapiku,https://buddy.farm/i/chapiku/,https://farmrpg.com/img/items/Stripeymouse.png,/img/items/Stripeymouse.png,Stripeymouse.png,Stripeymouse,,existing,,Stripeymouse-da732c78af21.png,generated/item-icons/Stripeymouse-da732c78af21.png,,Observed from cached Buddy page-data item image; review before asset download or canonical promotion.
Charles Bobblehead,charles bobblehead,charles-bobblehead,https://buddy.farm/i/charles-bobblehead/,https://farmrpg.com/img/items/bobble_charles.png,/img/items/bobble_charles.png,bobble_charles.png,bobble_charles,,existing,,bobble_charles-7db4ebe56b39.png,generated/item-icons/bobble_charles-7db4ebe56b39.png,,Observed from cached Buddy page-data item image; review before asset download or canonical promotion.
Charles's Neigh,charles s neigh,charles-s-neigh,https://buddy.farm/i/charles-s-neigh/,https://farmrpg.com/img/items/recipe.png,/img/items/recipe.png,recipe.png,recipe,,reused,,recipe-ebec090231f1.png,generated/item-icons/recipe-ebec090231f1.png,,Observed from cached Buddy page-data item image; review before asset download or canonical promotion.
Chattering Teeth,chattering teeth,chattering-teeth,https://buddy.farm/i/chattering-teeth/,https://farmrpg.com/img/items/jaw_t_01.png?1,/img/items/jaw_t_01.png,jaw_t_01.png,jaw_t_01,,existing,,jaw_t_01-51e786609287.png,generated/item-icons/jaw_t_01-51e786609287.png,,Observed from cached Buddy page-data item image; review before asset download or canonical promotion.
Cheese,cheese,cheese,https://buddy.farm/i/cheese/,https://farmrpg.com/img/items/8279.png,/img/items/8279.png,8279.png,8279,8279,existing,,8279-fc323dc8d939.png,generated/item-icons/8279-fc323dc8d939.png,,Observed from cached Buddy page-data item image; review before asset download or canonical promotion.
Cheese Wheel,cheese wheel,cheese-wheel,https://buddy.farm/i/cheese-wheel/,https://farmrpg.com/img/items/viri_4437.png,/img/items/viri_4437.png,viri_4437.png,viri_4437,,existing,,viri_4437-deac43b6f6f2.png,generated/item-icons/viri_4437-deac43b6f6f2.png,,Observed from cached Buddy page-data item image; review before asset download or canonical promotion.
Chocolate Bunny,chocolate bunny,chocolate-bunny,https://buddy.farm/i/chocolate-bunny/,https://farmrpg.com/img/items/chocobunny.png,/img/items/chocobunny.png,chocobunny.png,chocobunny,,existing,,chocobunny-d99e1c974f1d.png,generated/item-icons/chocobunny-d99e1c974f1d.png,,Observed from cached Buddy page-data item image; review before asset download or canonical promotion.
Christmas Card,christmas card,christmas-card,https://buddy.farm/i/christmas-card/,https://farmrpg.com/img/items/card_christmas.png,/img/items/card_christmas.png,card_christmas.png,card_christmas,,existing,,card_christmas-fd38df8833a5.png,generated/item-icons/card_christmas-fd38df8833a5.png,,Observed from cached Buddy page-data item image; review before asset download or canonical promotion.
Christmas Present 01,christmas present 01,christmas-present-01,https://buddy.farm/i/christmas-present-01/,https://farmrpg.com/img/items/7468.png,/img/items/7468.png,7468.png,7468,7468,existing,,7468-2709a6b43a08.png,generated/item-icons/7468-2709a6b43a08.png,,Observed from cached Buddy page-data item image; review before asset download or canonical promotion.
Christmas Present 02,christmas present 02,christmas-present-02,https://buddy.farm/i/christmas-present-02/,https://farmrpg.com/img/items/7468.png,/img/items/7468.png,7468.png,7468,7468,reused,,7468-2709a6b43a08.png,generated/item-icons/7468-2709a6b43a08.png,,Observed from cached Buddy page-data item image; review before asset download or canonical promotion.
Christmas Present 03,christmas present 03,christmas-present-03,https://buddy.farm/i/christmas-present-03/,https://farmrpg.com/img/items/7468.png,/img/items/7468.png,7468.png,7468,7468,reused,,7468-2709a6b43a08.png,generated/item-icons/7468-2709a6b43a08.png,,Observed from cached Buddy page-data item image; review before asset download or canonical promotion.
Christmas Present 04,christmas present 04,christmas-present-04,https://buddy.farm/i/christmas-present-04/,https://farmrpg.com/img/items/7468.png,/img/items/7468.png,7468.png,7468,7468,reused,,7468-2709a6b43a08.png,generated/item-icons/7468-2709a6b43a08.png,,Observed from cached Buddy page-data item image; review before asset download or canonical promotion.
Christmas Present 05,christmas present 05,christmas-present-05,https://buddy.farm/i/christmas-present-05/,https://farmrpg.com/img/items/7468.png,/img/items/7468.png,7468.png,7468,7468,reused,,7468-2709a6b43a08.png,generated/item-icons/7468-2709a6b43a08.png,,Observed from cached Buddy page-data item image; review before asset download or canonical promotion.
Christmas Present 06,christmas present 06,christmas-present-06,https://buddy.farm/i/christmas-present-06/,https://farmrpg.com/img/items/7468.png,/img/items/7468.png,7468.png,7468,7468,reused,,7468-2709a6b43a08.png,generated/item-icons/7468-2709a6b43a08.png,,Observed from cached Buddy page-data item image; review before asset download or canonical promotion.
Christmas Present 07,christmas present 07,christmas-present-07,https://buddy.farm/i/christmas-present-07/,https://farmrpg.com/img/items/7468.png,/img/items/7468.png,7468.png,7468,7468,reused,,7468-2709a6b43a08.png,generated/item-icons/7468-2709a6b43a08.png,,Observed from cached Buddy page-data item image; review before asset download or canonical promotion.
Christmas Present 08,christmas present 08,christmas-present-08,https://buddy.farm/i/christmas-present-08/,https://farmrpg.com/img/items/7468.png,/img/items/7468.png,7468.png,7468,7468,reused,,7468-2709a6b43a08.png,generated/item-icons/7468-2709a6b43a08.png,,Observed from cached Buddy page-data item image; review before asset download or canonical promotion.
Christmas Present 09,christmas present 09,christmas-present-09,https://buddy.farm/i/christmas-present-09/,https://farmrpg.com/img/items/7468.png,/img/items/7468.png,7468.png,7468,7468,reused,,7468-2709a6b43a08.png,generated/item-icons/7468-2709a6b43a08.png,,Observed from cached Buddy page-data item image; review before asset download or canonical promotion.
Christmas Present 10,christmas present 10,christmas-present-10,https://buddy.farm/i/christmas-present-10/,https://farmrpg.com/img/items/7468.png,/img/items/7468.png,7468.png,7468,7468,reused,,7468-2709a6b43a08.png,generated/item-icons/7468-2709a6b43a08.png,,Observed from cached Buddy page-data item image; review before asset download or canonical promotion.
Christmas Present 11,christmas present 11,christmas-present-11,https://buddy.farm/i/christmas-present-11/,https://farmrpg.com/img/items/7468.png,/img/items/7468.png,7468.png,7468,7468,reused,,7468-2709a6b43a08.png,generated/item-icons/7468-2709a6b43a08.png,,Observed from cached Buddy page-data item image; review before asset download or canonical promotion.
Christmas Present 12,christmas present 12,christmas-present-12,https://buddy.farm/i/christmas-present-12/,https://farmrpg.com/img/items/7468.png,/img/items/7468.png,7468.png,7468,7468,reused,,7468-2709a6b43a08.png,generated/item-icons/7468-2709a6b43a08.png,,Observed from cached Buddy page-data item image; review before asset download or canonical promotion.
Christmas Stocking,christmas stocking,christmas-stocking,https://buddy.farm/i/christmas-stocking/,https://farmrpg.com/img/items/18_sm.png,/img/items/18_sm.png,18_sm.png,18_sm,,existing,,18_sm-39b94bf8dcfc.png,generated/item-icons/18_sm-39b94bf8dcfc.png,,Observed from cached Buddy page-data item image; review before asset download or canonical promotion.
Christmas Sweater,christmas sweater,christmas-sweater,https://buddy.farm/i/christmas-sweater/,https://farmrpg.com/img/items/9_sm.png,/img/items/9_sm.png,9_sm.png,9_sm,,existing,,9_sm-d49a526685df.png,generated/item-icons/9_sm-d49a526685df.png,,Observed from cached Buddy page-data item image; review before asset download or canonical promotion.
Christmas Tree,christmas tree,christmas-tree,https://buddy.farm/i/christmas-tree/,https://farmrpg.com/img/items/cr_t_06_b.png?1,/img/items/cr_t_06_b.png,cr_t_06_b.png,cr_t_06_b,,existing,,cr_t_06_b-576ba6d5235d.png,generated/item-icons/cr_t_06_b-576ba6d5235d.png,,Observed from cached Buddy page-data item image; review before asset download or canonical promotion.
Chum,chum,chum,https://buddy.farm/i/chum/,https://farmrpg.com/img/items/chumbucket.png,/img/items/chumbucket.png,chumbucket.png,chumbucket,,existing,,chumbucket-9284b8ed6318.png,generated/item-icons/chumbucket-9284b8ed6318.png,,Observed from cached Buddy page-data item image; review before asset download or canonical promotion.
Cicada,cicada,cicada,https://buddy.farm/i/cicada/,https://farmrpg.com/img/items/cicada.png?1,/img/items/cicada.png,cicada.png,cicada,,existing,,cicada-e51d4d608d54.png,generated/item-icons/cicada-e51d4d608d54.png,,Observed from cached Buddy page-data item image; review before asset download or canonical promotion.
Cicada Shell,cicada shell,cicada-shell,https://buddy.farm/i/cicada-shell/,https://farmrpg.com/img/items/cicadashell.png,/img/items/cicadashell.png,cicadashell.png,cicadashell,,existing,,cicadashell-bbe6388e8901.png,generated/item-icons/cicadashell-bbe6388e8901.png,,Observed from cached Buddy page-data item image; review before asset download or canonical promotion.
Cid Bobblehead,cid bobblehead,cid-bobblehead,https://buddy.farm/i/cid-bobblehead/,https://farmrpg.com/img/items/bobble_cid.png,/img/items/bobble_cid.png,bobble_cid.png,bobble_cid,,existing,,bobble_cid-d9744bcd7d42.png,generated/item-icons/bobble_cid-d9744bcd7d42.png,,Observed from cached Buddy page-data item image; review before asset download or canonical promotion.
Cid's Stone Ale,cid s stone ale,cid-s-stone-ale,https://buddy.farm/i/cid-s-stone-ale/,https://farmrpg.com/img/items/ale.png,/img/items/ale.png,ale.png,ale,,existing,,ale-bd7b5346e2d4.png,generated/item-icons/ale-bd7b5346e2d4.png,,Observed from cached Buddy page-data item image; review before asset download or canonical promotion.
Circuit Breaker Belt,circuit breaker belt,circuit-breaker-belt,https://buddy.farm/i/circuit-breaker-belt/,https://farmrpg.com/img/items/973.png,/img/items/973.png,973.png,973,973,existing,,973-7d659d2e396b.png,generated/item-icons/973-7d659d2e396b.png,,Observed from cached Buddy page-data item image; review before asset download or canonical promotion.
Clam Shell,clam shell,clam-shell,https://buddy.farm/i/clam-shell/,https://farmrpg.com/img/items/7820.png,/img/items/7820.png,7820.png,7820,7820,existing,,7820-5702c8ff9010.png,generated/item-icons/7820-5702c8ff9010.png,,Observed from cached Buddy page-data item image; review before asset download or canonical promotion.
Clawed Card,clawed card,clawed-card,https://buddy.farm/i/clawed-card/,https://farmrpg.com/img/items/card_clawed.png,/img/items/card_clawed.png,card_clawed.png,card_clawed,,existing,,card_clawed-58f96d6bc1fc.png,generated/item-icons/card_clawed-58f96d6bc1fc.png,,Observed from cached Buddy page-data item image; review before asset download or canonical promotion.
Cleaver,cleaver,cleaver,https://buddy.farm/i/cleaver/,https://farmrpg.com/img/items/876.png,/img/items/876.png,876.png,876,876,existing,,876-238323581683.png,generated/item-icons/876-238323581683.png,,Observed from cached Buddy page-data item image; review before asset download or canonical promotion.
Cloth,cloth,cloth,https://buddy.farm/i/cloth/,https://farmrpg.com/img/items/690.png,/img/items/690.png,690.png,690,690,existing,,690-f04f68b197c1.png,generated/item-icons/690-f04f68b197c1.png,,Observed from cached Buddy page-data item image; review before asset download or canonical promotion.
Clownfish,clownfish,clownfish,https://buddy.farm/i/clownfish/,https://farmrpg.com/img/items/7832.PNG,/img/items/7832.PNG,7832.PNG,7832,7832,existing,,7832-5cc418a20394.png,generated/item-icons/7832-5cc418a20394.png,,Observed from cached Buddy page-data item image; review before asset download or canonical promotion.
Clubs,clubs,clubs,https://buddy.farm/i/clubs/,https://farmrpg.com/img/items/card_clubs.png,/img/items/card_clubs.png,card_clubs.png,card_clubs,,existing,,card_clubs-f08f6bb5cad4.png,generated/item-icons/card_clubs-f08f6bb5cad4.png,,Observed from cached Buddy page-data item image; review before asset download or canonical promotion.
Coal,coal,coal,https://buddy.farm/i/coal/,https://farmrpg.com/img/items/coal.png,/img/items/coal.png,coal.png,coal,,existing,,coal-7457d2597197.png,generated/item-icons/coal-7457d2597197.png,,Observed from cached Buddy page-data item image; review before asset download or canonical promotion.
Cockatrice Egg,cockatrice egg,cockatrice-egg,https://buddy.farm/i/cockatrice-egg/,https://farmrpg.com/img/items/cockatrice_egg.png,/img/items/cockatrice_egg.png,cockatrice_egg.png,cockatrice_egg,,existing,,cockatrice_egg-de13a3e26d8c.png,generated/item-icons/cockatrice_egg-de13a3e26d8c.png,,Observed from cached Buddy page-data item image; review before asset download or canonical promotion.
Cockatrice Ether Source,cockatrice ether source,cockatrice-ether-source,https://buddy.farm/i/cockatrice-ether-source/,https://farmrpg.com/img/items/ethersource.png,/img/items/ethersource.png,ethersource.png,ethersource,,existing,,ethersource-919ef2662e44.png,generated/item-icons/ethersource-919ef2662e44.png,,Observed from cached Buddy page-data item image; review before asset download or canonical promotion.
Coconut,coconut,coconut,https://buddy.farm/i/coconut/,https://farmrpg.com/img/items/coconut.png,/img/items/coconut.png,coconut.png,coconut,,existing,,coconut-ec5ce5451b02.png,generated/item-icons/coconut-ec5ce5451b02.png,,Observed from cached Buddy page-data item image; review before asset download or canonical promotion.
Coconut Water,coconut water,coconut-water,https://buddy.farm/i/coconut-water/,https://farmrpg.com/img/items/1922.png,/img/items/1922.png,1922.png,1922,1922,existing,,1922-76461d42e4f7.png,generated/item-icons/1922-76461d42e4f7.png,,Observed from cached Buddy page-data item image; review before asset download or canonical promotion.
Coderanger's Missing Semicolon,coderanger s missing semicolon,coderanger-s-missing-semicolon,https://buddy.farm/i/coderanger-s-missing-semicolon/,https://farmrpg.com/img/items/semi.png,/img/items/semi.png,semi.png,semi,,existing,,semi-9141bd836b0a.png,generated/item-icons/semi-9141bd836b0a.png,,Observed from cached Buddy page-data item image; review before asset download or canonical promotion.
Cogwheel,cogwheel,cogwheel,https://buddy.farm/i/cogwheel/,https://farmrpg.com/img/items/7211.png,/img/items/7211.png,7211.png,7211,7211,existing,,7211-737a50642047.png,generated/item-icons/7211-737a50642047.png,,Observed from cached Buddy page-data item image; review before asset download or canonical promotion.
Coin Purse,coin purse,coin-purse,https://buddy.farm/i/coin-purse/,https://farmrpg.com/img/items/5945.PNG,/img/items/5945.PNG,5945.PNG,5945,5945,existing,,5945-2b3617022c23.png,generated/item-icons/5945-2b3617022c23.png,,Observed from cached Buddy page-data item image; review before asset download or canonical promotion.
Comet,comet,comet,https://buddy.farm/i/comet/,https://farmrpg.com/img/items/comet.png,/img/items/comet.png,comet.png,comet,,existing,,comet-d472596f2bfb.png,generated/item-icons/comet-d472596f2bfb.png,,Observed from cached Buddy page-data item image; review before asset download or canonical promotion.
Comet Egg,comet egg,comet-egg,https://buddy.farm/i/comet-egg/,https://farmrpg.com/img/items/egg_comet.png,/img/items/egg_comet.png,egg_comet.png,egg_comet,,downloaded,200,egg_comet-68c893b60730.png,generated/item-icons/egg_comet-68c893b60730.png,,Observed from cached Buddy page-data item image; review before asset download or canonical promotion.
Compass,compass,compass,https://buddy.farm/i/compass/,https://farmrpg.com/img/items/4919.png,/img/items/4919.png,4919.png,4919,4919,existing,,4919-f48ac26e347a.png,generated/item-icons/4919-f48ac26e347a.png,,Observed from cached Buddy page-data item image; review before asset download or canonical promotion.
Conch Shell,conch shell,conch-shell,https://buddy.farm/i/conch-shell/,https://farmrpg.com/img/items/7904.png,/img/items/7904.png,7904.png,7904,7904,existing,,7904-773e746c891f.png,generated/item-icons/7904-773e746c891f.png,,Observed from cached Buddy page-data item image; review before asset download or canonical promotion.
Concord Grape Pie,concord grape pie,concord-grape-pie,https://buddy.farm/i/concord-grape-pie/,https://farmrpg.com/img/items/grapepie.png,/img/items/grapepie.png,grapepie.png,grapepie,,existing,,grapepie-71a4341edd7e.png,generated/item-icons/grapepie-71a4341edd7e.png,,Observed from cached Buddy page-data item image; review before asset download or canonical promotion.
Congratulations Card,congratulations card,congratulations-card,https://buddy.farm/i/congratulations-card/,https://farmrpg.com/img/items/card_congrats.png,/img/items/card_congrats.png,card_congrats.png,card_congrats,,existing,,card_congrats-5b301061e4ba.png,generated/item-icons/card_congrats-5b301061e4ba.png,,Observed from cached Buddy page-data item image; review before asset download or canonical promotion.
Consumption Belt,consumption belt,consumption-belt,https://buddy.farm/i/consumption-belt/,https://farmrpg.com/img/items/afk_9592.png,/img/items/afk_9592.png,afk_9592.png,afk_9592,,existing,,afk_9592-b3774f307ed2.png,generated/item-icons/afk_9592-b3774f307ed2.png,,Observed from cached Buddy page-data item image; review before asset download or canonical promotion.
Control Box,control box,control-box,https://buddy.farm/i/control-box/,https://farmrpg.com/img/items/9306b32.png,/img/items/9306b32.png,9306b32.png,9306b32,,existing,,9306b32-fd1fb3cb42c7.png,generated/item-icons/9306b32-fd1fb3cb42c7.png,,Observed from cached Buddy page-data item image; review before asset download or canonical promotion.
Cooked Fish,cooked fish,cooked-fish,https://buddy.farm/i/cooked-fish/,https://farmrpg.com/img/items/6320.png,/img/items/6320.png,6320.png,6320,6320,existing,,6320-5821865cc69b.png,generated/item-icons/6320-5821865cc69b.png,,Observed from cached Buddy page-data item image; review before asset download or canonical promotion.
Cooked Turkey,cooked turkey,cooked-turkey,https://buddy.farm/i/cooked-turkey/,https://farmrpg.com/img/items/5742.png,/img/items/5742.png,5742.png,5742,5742,existing,,5742-618e95eb3b46.png,generated/item-icons/5742-618e95eb3b46.png,,Observed from cached Buddy page-data item image; review before asset download or canonical promotion.
Cooking Pot,cooking pot,cooking-pot,https://buddy.farm/i/cooking-pot/,https://farmrpg.com/img/items/2364.png?1,/img/items/2364.png,2364.png,2364,2364,existing,,2364-a7fb8bff5419.png,generated/item-icons/2364-a7fb8bff5419.png,,Observed from cached Buddy page-data item image; review before asset download or canonical promotion.
Copper Wire,copper wire,copper-wire,https://buddy.farm/i/copper-wire/,https://farmrpg.com/img/items/9327.PNG,/img/items/9327.PNG,9327.PNG,9327,9327,existing,,9327-d4a4bcca8b2d.png,generated/item-icons/9327-d4a4bcca8b2d.png,,Observed from cached Buddy page-data item image; review before asset download or canonical promotion.
Corn,corn,corn,https://buddy.farm/i/corn/,https://farmrpg.com/img/items/8288.png,/img/items/8288.png,8288.png,8288,8288,existing,,8288-56cd5adcfe27.png,generated/item-icons/8288-56cd5adcfe27.png,,Observed from cached Buddy page-data item image; review before asset download or canonical promotion.
Corn Ball,corn ball,corn-ball,https://buddy.farm/i/corn-ball/,https://farmrpg.com/img/items/Cornball.png,/img/items/Cornball.png,Cornball.png,Cornball,,existing,,Cornball-fceeebfc6d37.png,generated/item-icons/Cornball-fceeebfc6d37.png,,Observed from cached Buddy page-data item image; review before asset download or canonical promotion.
Corn Bread,corn bread,corn-bread,https://buddy.farm/i/corn-bread/,https://farmrpg.com/img/items/cornbread.png,/img/items/cornbread.png,cornbread.png,cornbread,,existing,,cornbread-47a709adec3f.png,generated/item-icons/cornbread-47a709adec3f.png,,Observed from cached Buddy page-data item image; review before asset download or canonical promotion.
Corn Buddy Doll,corn buddy doll,corn-buddy-doll,https://buddy.farm/i/corn-buddy-doll/,https://farmrpg.com/img/items/cornbuddydollx.png,/img/items/cornbuddydollx.png,cornbuddydollx.png,cornbuddydollx,,existing,,cornbuddydollx-811323c0261b.png,generated/item-icons/cornbuddydollx-811323c0261b.png,,Observed from cached Buddy page-data item image; review before asset download or canonical promotion.
Corn Husk Doll,corn husk doll,corn-husk-doll,https://buddy.farm/i/corn-husk-doll/,https://farmrpg.com/img/items/856.png,/img/items/856.png,856.png,856,856,existing,,856-137563dd9ab8.png,generated/item-icons/856-137563dd9ab8.png,,Observed from cached Buddy page-data item image; review before asset download or canonical promotion.
Corn Kabob,corn kabob,corn-kabob,https://buddy.farm/i/corn-kabob/,https://farmrpg.com/img/items/cornkabob.png,/img/items/cornkabob.png,cornkabob.png,cornkabob,,existing,,cornkabob-917fa3a6e6fb.png,generated/item-icons/cornkabob-917fa3a6e6fb.png,,Observed from cached Buddy page-data item image; review before asset download or canonical promotion.
Corn Oil,corn oil,corn-oil,https://buddy.farm/i/corn-oil/,https://farmrpg.com/img/items/cornoil.png,/img/items/cornoil.png,cornoil.png,cornoil,,existing,,cornoil-1310fca1ca9e.png,generated/item-icons/cornoil-1310fca1ca9e.png,,Observed from cached Buddy page-data item image; review before asset download or canonical promotion.
Corn Prize Bag,corn prize bag,corn-prize-bag,https://buddy.farm/i/corn-prize-bag/,https://farmrpg.com/img/items/bagofcorn.png,/img/items/bagofcorn.png,bagofcorn.png,bagofcorn,,existing,,bagofcorn-adaa3973d0a4.png,generated/item-icons/bagofcorn-adaa3973d0a4.png,,Observed from cached Buddy page-data item image; review before asset download or canonical promotion.
Corn Seeds,corn seeds,corn-seeds,https://buddy.farm/i/corn-seeds/,https://farmrpg.com/img/items/seeds_corn.png,/img/items/seeds_corn.png,seeds_corn.png,seeds_corn,,existing,,seeds_corn-14480130d836.png,generated/item-icons/seeds_corn-14480130d836.png,,Observed from cached Buddy page-data item image; review before asset download or canonical promotion.
Corn Speedrun Trophy,corn speedrun trophy,corn-speedrun-trophy,https://buddy.farm/i/corn-speedrun-trophy/,https://farmrpg.com/img/items/corntrophy.png,/img/items/corntrophy.png,corntrophy.png,corntrophy,,existing,,corntrophy-14b04886ad54.png,generated/item-icons/corntrophy-14b04886ad54.png,,Observed from cached Buddy page-data item image; review before asset download or canonical promotion.
Cornucopia 01,cornucopia 01,cornucopia-01,https://buddy.farm/i/cornucopia-01/,https://farmrpg.com/img/items/cornucopia.png,/img/items/cornucopia.png,cornucopia.png,cornucopia,,existing,,cornucopia-9a3f8e8db431.png,generated/item-icons/cornucopia-9a3f8e8db431.png,,Observed from cached Buddy page-data item image; review before asset download or canonical promotion.
Cornucopia 02,cornucopia 02,cornucopia-02,https://buddy.farm/i/cornucopia-02/,https://farmrpg.com/img/items/cornucopia.png,/img/items/cornucopia.png,cornucopia.png,cornucopia,,reused,,cornucopia-9a3f8e8db431.png,generated/item-icons/cornucopia-9a3f8e8db431.png,,Observed from cached Buddy page-data item image; review before asset download or canonical promotion.
Cornucopia 03,cornucopia 03,cornucopia-03,https://buddy.farm/i/cornucopia-03/,https://farmrpg.com/img/items/cornucopia.png,/img/items/cornucopia.png,cornucopia.png,cornucopia,,reused,,cornucopia-9a3f8e8db431.png,generated/item-icons/cornucopia-9a3f8e8db431.png,,Observed from cached Buddy page-data item image; review before asset download or canonical promotion.
Cotton,cotton,cotton,https://buddy.farm/i/cotton/,https://farmrpg.com/img/items/8311.png,/img/items/8311.png,8311.png,8311,8311,existing,,8311-ae3ae12ace2a.png,generated/item-icons/8311-ae3ae12ace2a.png,,Observed from cached Buddy page-data item image; review before asset download or canonical promotion.
Cotton Candy,cotton candy,cotton-candy,https://buddy.farm/i/cotton-candy/,https://farmrpg.com/img/items/cottoncandy.png,/img/items/cottoncandy.png,cottoncandy.png,cottoncandy,,existing,,cottoncandy-4ca11123a009.png,generated/item-icons/cottoncandy-4ca11123a009.png,,Observed from cached Buddy page-data item image; review before asset download or canonical promotion.
Cotton Seeds,cotton seeds,cotton-seeds,https://buddy.farm/i/cotton-seeds/,https://farmrpg.com/img/items/seeds_cotton.png,/img/items/seeds_cotton.png,seeds_cotton.png,seeds_cotton,,existing,,seeds_cotton-d56a12199f63.png,generated/item-icons/seeds_cotton-d56a12199f63.png,,Observed from cached Buddy page-data item image; review before asset download or canonical promotion.
CptThomas Bobblehead,cptthomas bobblehead,cptthomas-bobblehead,https://buddy.farm/i/cptthomas-bobblehead/,https://farmrpg.com/img/items/bobble_ct.png,/img/items/bobble_ct.png,bobble_ct.png,bobble_ct,,existing,,bobble_ct-18ef811a8070.png,generated/item-icons/bobble_ct-18ef811a8070.png,,Observed from cached Buddy page-data item image; review before asset download or canonical promotion.
Crab,crab,crab,https://buddy.farm/i/crab/,https://farmrpg.com/img/items/3296.PNG,/img/items/3296.PNG,3296.PNG,3296,3296,existing,,3296-3fe130aa60e0.png,generated/item-icons/3296-3fe130aa60e0.png,,Observed from cached Buddy page-data item image; review before asset download or canonical promotion.
Crab Claw,crab claw,crab-claw,https://buddy.farm/i/crab-claw/,https://farmrpg.com/img/items/crabclaw.png,/img/items/crabclaw.png,crabclaw.png,crabclaw,,existing,,crabclaw-3347e3c1525e.png,generated/item-icons/crabclaw-3347e3c1525e.png,,Observed from cached Buddy page-data item image; review before asset download or canonical promotion.
Cranberry Juice,cranberry juice,cranberry-juice,https://buddy.farm/i/cranberry-juice/,https://farmrpg.com/img/items/cranjuice2.png,/img/items/cranjuice2.png,cranjuice2.png,cranjuice2,,existing,,cranjuice2-26275393eb10.png,generated/item-icons/cranjuice2-26275393eb10.png,,Observed from cached Buddy page-data item image; review before asset download or canonical promotion.
Crappie,crappie,crappie,https://buddy.farm/i/crappie/,https://farmrpg.com/img/items/7735.PNG,/img/items/7735.PNG,7735.PNG,7735,7735,existing,,7735-a0cb930513aa.png,generated/item-icons/7735-a0cb930513aa.png,,Observed from cached Buddy page-data item image; review before asset download or canonical promotion.
Cricket,cricket,cricket,https://buddy.farm/i/cricket/,https://farmrpg.com/img/items/cricket.png,/img/items/cricket.png,cricket.png,cricket,,existing,,cricket-fd8cdadc2a5f.png,generated/item-icons/cricket-fd8cdadc2a5f.png,,Observed from cached Buddy page-data item image; review before asset download or canonical promotion.
Crossbow,crossbow,crossbow,https://buddy.farm/i/crossbow/,https://farmrpg.com/img/items/8976.png,/img/items/8976.png,8976.png,8976,8976,existing,,8976-b0201b5488db.png,generated/item-icons/8976-b0201b5488db.png,,Observed from cached Buddy page-data item image; review before asset download or canonical promotion.
Crowbar,crowbar,crowbar,https://buddy.farm/i/crowbar/,https://farmrpg.com/img/items/crowbar.png,/img/items/crowbar.png,crowbar.png,crowbar,,existing,,crowbar-f3fb753f6e90.png,generated/item-icons/crowbar-f3fb753f6e90.png,,Observed from cached Buddy page-data item image; review before asset download or canonical promotion.
Crowfish,crowfish,crowfish,https://buddy.farm/i/crowfish/,https://farmrpg.com/img/items/crowfish.png,/img/items/crowfish.png,crowfish.png,crowfish,,existing,,crowfish-1e49a6c5db5f.png,generated/item-icons/crowfish-1e49a6c5db5f.png,,Observed from cached Buddy page-data item image; review before asset download or canonical promotion.
Crown of Clover,crown of clover,crown-of-clover,https://buddy.farm/i/crown-of-clover/,https://farmrpg.com/img/items/Crownofclover.png,/img/items/Crownofclover.png,Crownofclover.png,Crownofclover,,existing,,Crownofclover-b383b4a716e6.png,generated/item-icons/Crownofclover-b383b4a716e6.png,,Observed from cached Buddy page-data item image; review before asset download or canonical promotion.
Crunchy Omelette,crunchy omelette,crunchy-omelette,https://buddy.farm/i/crunchy-omelette/,https://farmrpg.com/img/items/omelet2.png,/img/items/omelet2.png,omelet2.png,omelet2,,existing,,omelet2-facc325587d3.png,generated/item-icons/omelet2-facc325587d3.png,,Observed from cached Buddy page-data item image; review before asset download or canonical promotion.
Crystal Pickaxe,crystal pickaxe,crystal-pickaxe,https://buddy.farm/i/crystal-pickaxe/,https://farmrpg.com/img/items/crystalpickaxe.png,/img/items/crystalpickaxe.png,crystalpickaxe.png,crystalpickaxe,,existing,,crystalpickaxe-977321ac739f.png,generated/item-icons/crystalpickaxe-977321ac739f.png,,Observed from cached Buddy page-data item image; review before asset download or canonical promotion.
Cucumber,cucumber,cucumber,https://buddy.farm/i/cucumber/,https://farmrpg.com/img/items/5805.png,/img/items/5805.png,5805.png,5805,5805,existing,,5805-7ef33c339961.png,generated/item-icons/5805-7ef33c339961.png,,Observed from cached Buddy page-data item image; review before asset download or canonical promotion.
Cucumber Seeds,cucumber seeds,cucumber-seeds,https://buddy.farm/i/cucumber-seeds/,https://farmrpg.com/img/items/seeds_cucumber.png,/img/items/seeds_cucumber.png,seeds_cucumber.png,seeds_cucumber,,existing,,seeds_cucumber-24765e05670c.png,generated/item-icons/seeds_cucumber-24765e05670c.png,,Observed from cached Buddy page-data item image; review before asset download or canonical promotion.
Cupid,cupid,cupid,https://buddy.farm/i/cupid/,https://farmrpg.com/img/items/cupid.png,/img/items/cupid.png,cupid.png,cupid,,existing,,cupid-5edf29c6ab0e.png,generated/item-icons/cupid-5edf29c6ab0e.png,,Observed from cached Buddy page-data item image; review before asset download or canonical promotion.
Cupid Buddy Doll,cupid buddy doll,cupid-buddy-doll,https://buddy.farm/i/cupid-buddy-doll/,https://farmrpg.com/img/items/buddydoll_cupid.png,/img/items/buddydoll_cupid.png,buddydoll_cupid.png,buddydoll_cupid,,existing,,buddydoll_cupid-af24f2bcfdfe.png,generated/item-icons/buddydoll_cupid-af24f2bcfdfe.png,,Observed from cached Buddy page-data item image; review before asset download or canonical promotion.
Cursed Effigy,cursed effigy,cursed-effigy,https://buddy.farm/i/cursed-effigy/,https://farmrpg.com/img/items/Buddyidol.png,/img/items/Buddyidol.png,Buddyidol.png,Buddyidol,,existing,,Buddyidol-41b5d2095654.png,generated/item-icons/Buddyidol-41b5d2095654.png,,Observed from cached Buddy page-data item image; review before asset download or canonical promotion.
Cursed Effigy Body,cursed effigy body,cursed-effigy-body,https://buddy.farm/i/cursed-effigy-body/,https://farmrpg.com/img/items/Buddyidolbody.png,/img/items/Buddyidolbody.png,Buddyidolbody.png,Buddyidolbody,,existing,,Buddyidolbody-895b972edd93.png,generated/item-icons/Buddyidolbody-895b972edd93.png,,Observed from cached Buddy page-data item image; review before asset download or canonical promotion.
Cursed Effigy Gem,cursed effigy gem,cursed-effigy-gem,https://buddy.farm/i/cursed-effigy-gem/,https://farmrpg.com/img/items/Buddyidolgem.png,/img/items/Buddyidolgem.png,Buddyidolgem.png,Buddyidolgem,,existing,,Buddyidolgem-ed41e3bac9fe.png,generated/item-icons/Buddyidolgem-ed41e3bac9fe.png,,Observed from cached Buddy page-data item image; review before asset download or canonical promotion.
Cursed Effigy Hair,cursed effigy hair,cursed-effigy-hair,https://buddy.farm/i/cursed-effigy-hair/,https://farmrpg.com/img/items/Buddyidolhair.png,/img/items/Buddyidolhair.png,Buddyidolhair.png,Buddyidolhair,,existing,,Buddyidolhair-5d38202ce6f9.png,generated/item-icons/Buddyidolhair-5d38202ce6f9.png,,Observed from cached Buddy page-data item image; review before asset download or canonical promotion.
Cursed Effigy Head,cursed effigy head,cursed-effigy-head,https://buddy.farm/i/cursed-effigy-head/,https://farmrpg.com/img/items/Buddyidolhead.png,/img/items/Buddyidolhead.png,Buddyidolhead.png,Buddyidolhead,,existing,,Buddyidolhead-43075b71430f.png,generated/item-icons/Buddyidolhead-43075b71430f.png,,Observed from cached Buddy page-data item image; review before asset download or canonical promotion.
Cursed Shield,cursed shield,cursed-shield,https://buddy.farm/i/cursed-shield/,https://farmrpg.com/img/items/9199.png,/img/items/9199.png,9199.png,9199,9199,existing,,9199-ca1fcd7395e0.png,generated/item-icons/9199-ca1fcd7395e0.png,,Observed from cached Buddy page-data item image; review before asset download or canonical promotion.
Cutlass,cutlass,cutlass,https://buddy.farm/i/cutlass/,https://farmrpg.com/img/items/pirates_47_t.png,/img/items/pirates_47_t.png,pirates_47_t.png,pirates_47_t,,existing,,pirates_47_t-9cfbe884ba0b.png,generated/item-icons/pirates_47_t-9cfbe884ba0b.png,,Observed from cached Buddy page-data item image; review before asset download or canonical promotion.
Cyclops Spider,cyclops spider,cyclops-spider,https://buddy.farm/i/cyclops-spider/,https://farmrpg.com/img/items/4080.png,/img/items/4080.png,4080.png,4080,4080,existing,,4080-aeecbf0eab22.png,generated/item-icons/4080-aeecbf0eab22.png,,Observed from cached Buddy page-data item image; review before asset download or canonical promotion.
Dancer,dancer,dancer,https://buddy.farm/i/dancer/,https://farmrpg.com/img/items/dancer.png,/img/items/dancer.png,dancer.png,dancer,,existing,,dancer-85019eb42739.png,generated/item-icons/dancer-85019eb42739.png,,Observed from cached Buddy page-data item image; review before asset download or canonical promotion.
Dasher,dasher,dasher,https://buddy.farm/i/dasher/,https://farmrpg.com/img/items/dasher.png,/img/items/dasher.png,dasher.png,dasher,,existing,,dasher-5c70adaa45ba.png,generated/item-icons/dasher-5c70adaa45ba.png,,Observed from cached Buddy page-data item image; review before asset download or canonical promotion.
Day Off Voucher,day off voucher,day-off-voucher,https://buddy.farm/i/day-off-voucher/,https://farmrpg.com/img/items/chorecoupon.png,/img/items/chorecoupon.png,chorecoupon.png,chorecoupon,,downloaded,200,chorecoupon-cc6d31eba0a4.png,generated/item-icons/chorecoupon-cc6d31eba0a4.png,,Observed from cached Buddy page-data item image; review before asset download or canonical promotion.
Desk Calendar,desk calendar,desk-calendar,https://buddy.farm/i/desk-calendar/,https://farmrpg.com/img/items/calendar_t_01.png,/img/items/calendar_t_01.png,calendar_t_01.png,calendar_t_01,,existing,,calendar_t_01-3390dedfd0bf.png,generated/item-icons/calendar_t_01-3390dedfd0bf.png,,Observed from cached Buddy page-data item image; review before asset download or canonical promotion.
Dewstar's Journal,dewstar s journal,dewstar-s-journal,https://buddy.farm/i/dewstar-s-journal/,https://farmrpg.com/img/items/dewstarbook.png,/img/items/dewstarbook.png,dewstarbook.png,dewstarbook,,existing,,dewstarbook-64346a5857bd.png,generated/item-icons/dewstarbook-64346a5857bd.png,,Observed from cached Buddy page-data item image; review before asset download or canonical promotion.
Diamond,diamond,diamond,https://buddy.farm/i/diamond/,https://farmrpg.com/img/items/7999.png,/img/items/7999.png,7999.png,7999,7999,existing,,7999-2e6785699fa6.png,generated/item-icons/7999-2e6785699fa6.png,,Observed from cached Buddy page-data item image; review before asset download or canonical promotion.
Diamonds,diamonds,diamonds,https://buddy.farm/i/diamonds/,https://farmrpg.com/img/items/card_diamonds.png,/img/items/card_diamonds.png,card_diamonds.png,card_diamonds,,existing,,card_diamonds-08e411df3489.png,generated/item-icons/card_diamonds-08e411df3489.png,,Observed from cached Buddy page-data item image; review before asset download or canonical promotion.
Diary of O'Dynn,diary of o dynn,diary-of-o-dynn,https://buddy.farm/i/diary-of-o-dynn/,https://farmrpg.com/img/items/pt_t_18.png,/img/items/pt_t_18.png,pt_t_18.png,pt_t_18,,existing,,pt_t_18-3845cc26b8ec.png,generated/item-icons/pt_t_18-3845cc26b8ec.png,,Observed from cached Buddy page-data item image; review before asset download or canonical promotion.
Dice,dice,dice,https://buddy.farm/i/dice/,https://farmrpg.com/img/items/4848.png,/img/items/4848.png,4848.png,4848,4848,existing,,4848-1d8182bc498d.png,generated/item-icons/4848-1d8182bc498d.png,,Observed from cached Buddy page-data item image; review before asset download or canonical promotion.
Dino Buddy Doll,dino buddy doll,dino-buddy-doll,https://buddy.farm/i/dino-buddy-doll/,https://farmrpg.com/img/items/yoshi_buddy_doll.png,/img/items/yoshi_buddy_doll.png,yoshi_buddy_doll.png,yoshi_buddy_doll,,existing,,yoshi_buddy_doll-9755070f7399.png,generated/item-icons/yoshi_buddy_doll-9755070f7399.png,,Observed from cached Buddy page-data item image; review before asset download or canonical promotion.
Diving Helmet,diving helmet,diving-helmet,https://buddy.farm/i/diving-helmet/,https://farmrpg.com/img/items/fishing_70_t.png,/img/items/fishing_70_t.png,fishing_70_t.png,fishing_70_t,,existing,,fishing_70_t-9585e80f4625.png,generated/item-icons/fishing_70_t-9585e80f4625.png,,Observed from cached Buddy page-data item image; review before asset download or canonical promotion.
Donner,donner,donner,https://buddy.farm/i/donner/,https://farmrpg.com/img/items/donner.png,/img/items/donner.png,donner.png,donner,,existing,,donner-29cece172a4f.png,generated/item-icons/donner-29cece172a4f.png,,Observed from cached Buddy page-data item image; review before asset download or canonical promotion.
Dragon Heart,dragon heart,dragon-heart,https://buddy.farm/i/dragon-heart/,https://farmrpg.com/img/items/3900.png,/img/items/3900.png,3900.png,3900,3900,existing,,3900-d0d1a95485a9.png,generated/item-icons/3900-d0d1a95485a9.png,,Observed from cached Buddy page-data item image; review before asset download or canonical promotion.
Dragon Skull,dragon skull,dragon-skull,https://buddy.farm/i/dragon-skull/,https://farmrpg.com/img/items/7212.png,/img/items/7212.png,7212.png,7212,7212,existing,,7212-ba6bdd254c9f.png,generated/item-icons/7212-ba6bdd254c9f.png,,Observed from cached Buddy page-data item image; review before asset download or canonical promotion.
Dragonfly,dragonfly,dragonfly,https://buddy.farm/i/dragonfly/,https://farmrpg.com/img/items/fishing_64_t.png,/img/items/fishing_64_t.png,fishing_64_t.png,fishing_64_t,,existing,,fishing_64_t-9eb2e3f9517a.png,generated/item-icons/fishing_64_t-9eb2e3f9517a.png,,Observed from cached Buddy page-data item image; review before asset download or canonical promotion.
Dream Nail,dream nail,dream-nail,https://buddy.farm/i/dream-nail/,https://farmrpg.com/img/items/dream_nail.png?3,/img/items/dream_nail.png,dream_nail.png,dream_nail,,existing,,dream_nail-f21ea1ee8c17.png,generated/item-icons/dream_nail-f21ea1ee8c17.png,,Observed from cached Buddy page-data item image; review before asset download or canonical promotion.
Drink Bundle,drink bundle,drink-bundle,https://buddy.farm/i/drink-bundle/,https://farmrpg.com/img/items/juices.png,/img/items/juices.png,juices.png,juices,,existing,,juices-8b7bd170037b.png,generated/item-icons/juices-8b7bd170037b.png,,Observed from cached Buddy page-data item image; review before asset download or canonical promotion.
Drum,drum,drum,https://buddy.farm/i/drum/,https://farmrpg.com/img/items/7718.PNG,/img/items/7718.PNG,7718.PNG,7718,7718,existing,,7718-f81415690487.png,generated/item-icons/7718-f81415690487.png,,Observed from cached Buddy page-data item image; review before asset download or canonical promotion.
Duck Egg,duck egg,duck-egg,https://buddy.farm/i/duck-egg/,https://farmrpg.com/img/items/duckegg2.png,/img/items/duckegg2.png,duckegg2.png,duckegg2,,existing,,duckegg2-00b817675b8e.png,generated/item-icons/duckegg2-00b817675b8e.png,,Observed from cached Buddy page-data item image; review before asset download or canonical promotion.
Duck Feather,duck feather,duck-feather,https://buddy.farm/i/duck-feather/,https://farmrpg.com/img/items/duckfeather.png,/img/items/duckfeather.png,duckfeather.png,duckfeather,,existing,,duckfeather-1ca13efbe21a.png,generated/item-icons/duckfeather-1ca13efbe21a.png,,Observed from cached Buddy page-data item image; review before asset download or canonical promotion.
Egg 01,egg 01,egg-01,https://buddy.farm/i/egg-01/,https://farmrpg.com/img/items/egg01.png,/img/items/egg01.png,egg01.png,egg01,,existing,,egg01-a982536fabd9.png,generated/item-icons/egg01-a982536fabd9.png,,Observed from cached Buddy page-data item image; review before asset download or canonical promotion.
Egg 02,egg 02,egg-02,https://buddy.farm/i/egg-02/,https://farmrpg.com/img/items/egg02.png,/img/items/egg02.png,egg02.png,egg02,,existing,,egg02-d793a797f008.png,generated/item-icons/egg02-d793a797f008.png,,Observed from cached Buddy page-data item image; review before asset download or canonical promotion.
Egg 03,egg 03,egg-03,https://buddy.farm/i/egg-03/,https://farmrpg.com/img/items/egg03.png,/img/items/egg03.png,egg03.png,egg03,,existing,,egg03-e7b54a126ea5.png,generated/item-icons/egg03-e7b54a126ea5.png,,Observed from cached Buddy page-data item image; review before asset download or canonical promotion.
Egg 04,egg 04,egg-04,https://buddy.farm/i/egg-04/,https://farmrpg.com/img/items/egg04.png,/img/items/egg04.png,egg04.png,egg04,,existing,,egg04-fc6769aab4fa.png,generated/item-icons/egg04-fc6769aab4fa.png,,Observed from cached Buddy page-data item image; review before asset download or canonical promotion.
Egg 05,egg 05,egg-05,https://buddy.farm/i/egg-05/,https://farmrpg.com/img/items/egg05.png,/img/items/egg05.png,egg05.png,egg05,,existing,,egg05-2521872635a0.png,generated/item-icons/egg05-2521872635a0.png,,Observed from cached Buddy page-data item image; review before asset download or canonical promotion.
Egg 06,egg 06,egg-06,https://buddy.farm/i/egg-06/,https://farmrpg.com/img/items/egg06.png,/img/items/egg06.png,egg06.png,egg06,,existing,,egg06-00854205c927.png,generated/item-icons/egg06-00854205c927.png,,Observed from cached Buddy page-data item image; review before asset download or canonical promotion.
Egg 07,egg 07,egg-07,https://buddy.farm/i/egg-07/,https://farmrpg.com/img/items/egg07.png,/img/items/egg07.png,egg07.png,egg07,,existing,,egg07-31c712b8fecb.png,generated/item-icons/egg07-31c712b8fecb.png,,Observed from cached Buddy page-data item image; review before asset download or canonical promotion.
Egg 08,egg 08,egg-08,https://buddy.farm/i/egg-08/,https://farmrpg.com/img/items/egg08.png,/img/items/egg08.png,egg08.png,egg08,,existing,,egg08-a9a0715c70f2.png,generated/item-icons/egg08-a9a0715c70f2.png,,Observed from cached Buddy page-data item image; review before asset download or canonical promotion.
Egg 09,egg 09,egg-09,https://buddy.farm/i/egg-09/,https://farmrpg.com/img/items/egg09.png,/img/items/egg09.png,egg09.png,egg09,,existing,,egg09-5e347cb3d3fa.png,generated/item-icons/egg09-5e347cb3d3fa.png,,Observed from cached Buddy page-data item image; review before asset download or canonical promotion.
Egg 10,egg 10,egg-10,https://buddy.farm/i/egg-10/,https://farmrpg.com/img/items/egg10.png,/img/items/egg10.png,egg10.png,egg10,,existing,,egg10-a227b1e04fb4.png,generated/item-icons/egg10-a227b1e04fb4.png,,Observed from cached Buddy page-data item image; review before asset download or canonical promotion.
Egg 11,egg 11,egg-11,https://buddy.farm/i/egg-11/,https://farmrpg.com/img/items/egg11.png,/img/items/egg11.png,egg11.png,egg11,,existing,,egg11-103ace645d5a.png,generated/item-icons/egg11-103ace645d5a.png,,Observed from cached Buddy page-data item image; review before asset download or canonical promotion.
Egg 12,egg 12,egg-12,https://buddy.farm/i/egg-12/,https://farmrpg.com/img/items/egg12.png,/img/items/egg12.png,egg12.png,egg12,,existing,,egg12-1cb34ac98cbb.png,generated/item-icons/egg12-1cb34ac98cbb.png,,Observed from cached Buddy page-data item image; review before asset download or canonical promotion.
Egg Basket,egg basket,egg-basket,https://buddy.farm/i/egg-basket/,https://farmrpg.com/img/items/eggbasket.png,/img/items/eggbasket.png,eggbasket.png,eggbasket,,existing,,eggbasket-ebe5643231d3.png,generated/item-icons/eggbasket-ebe5643231d3.png,,Observed from cached Buddy page-data item image; review before asset download or canonical promotion.
Egg Buddy Doll,egg buddy doll,egg-buddy-doll,https://buddy.farm/i/egg-buddy-doll/,https://farmrpg.com/img/items/Egg_buddy_doll.png,/img/items/Egg_buddy_doll.png,Egg_buddy_doll.png,Egg_buddy_doll,,downloaded,200,Egg_buddy_doll-9a05ba113140.png,generated/item-icons/Egg_buddy_doll-9a05ba113140.png,,Observed from cached Buddy page-data item image; review before asset download or canonical promotion.
Egg of Ages,egg of ages,egg-of-ages,https://buddy.farm/i/egg-of-ages/,https://farmrpg.com/img/items/timeegg2.png,/img/items/timeegg2.png,timeegg2.png,timeegg2,,existing,,timeegg2-763ed34da59d.png,generated/item-icons/timeegg2-763ed34da59d.png,,Observed from cached Buddy page-data item image; review before asset download or canonical promotion.
Egg of Air,egg of air,egg-of-air,https://buddy.farm/i/egg-of-air/,https://farmrpg.com/img/items/airegg.png,/img/items/airegg.png,airegg.png,airegg,,existing,,airegg-7c1b7bf5bdc2.png,generated/item-icons/airegg-7c1b7bf5bdc2.png,,Observed from cached Buddy page-data item image; review before asset download or canonical promotion.
Egg of Chaos,egg of chaos,egg-of-chaos,https://buddy.farm/i/egg-of-chaos/,https://farmrpg.com/img/items/chaosegg.png,/img/items/chaosegg.png,chaosegg.png,chaosegg,,existing,,chaosegg-b621348a76b1.png,generated/item-icons/chaosegg-b621348a76b1.png,,Observed from cached Buddy page-data item image; review before asset download or canonical promotion.
Egg of Chicken,egg of chicken,egg-of-chicken,https://buddy.farm/i/egg-of-chicken/,https://farmrpg.com/img/items/3270.png,/img/items/3270.png,3270.png,3270,3270,existing,,3270-133620895a68.png,generated/item-icons/3270-133620895a68.png,,Observed from cached Buddy page-data item image; review before asset download or canonical promotion.
Egg of Duck,egg of duck,egg-of-duck,https://buddy.farm/i/egg-of-duck/,https://farmrpg.com/img/items/3270d.png,/img/items/3270d.png,3270d.png,3270d,,existing,,3270d-248881e88193.png,generated/item-icons/3270d-248881e88193.png,,Observed from cached Buddy page-data item image; review before asset download or canonical promotion.
Egg of Earth,egg of earth,egg-of-earth,https://buddy.farm/i/egg-of-earth/,https://farmrpg.com/img/items/earthegg.png,/img/items/earthegg.png,earthegg.png,earthegg,,existing,,earthegg-7ecc0099c8d5.png,generated/item-icons/earthegg-7ecc0099c8d5.png,,Observed from cached Buddy page-data item image; review before asset download or canonical promotion.
Egg of Fire,egg of fire,egg-of-fire,https://buddy.farm/i/egg-of-fire/,https://farmrpg.com/img/items/fireegg.png,/img/items/fireegg.png,fireegg.png,fireegg,,existing,,fireegg-73d0d4580c33.png,generated/item-icons/fireegg-73d0d4580c33.png,,Observed from cached Buddy page-data item image; review before asset download or canonical promotion.
Egg of Life,egg of life,egg-of-life,https://buddy.farm/i/egg-of-life/,https://farmrpg.com/img/items/lifeegg.png,/img/items/lifeegg.png,lifeegg.png,lifeegg,,existing,,lifeegg-841dbf7dd3ca.png,generated/item-icons/lifeegg-841dbf7dd3ca.png,,Observed from cached Buddy page-data item image; review before asset download or canonical promotion.
Egg of Light,egg of light,egg-of-light,https://buddy.farm/i/egg-of-light/,https://farmrpg.com/img/items/lightegg.png,/img/items/lightegg.png,lightegg.png,lightegg,,existing,,lightegg-bf05b6c548e0.png,generated/item-icons/lightegg-bf05b6c548e0.png,,Observed from cached Buddy page-data item image; review before asset download or canonical promotion.
Egg of Shadow,egg of shadow,egg-of-shadow,https://buddy.farm/i/egg-of-shadow/,https://farmrpg.com/img/items/shadowegg.png,/img/items/shadowegg.png,shadowegg.png,shadowegg,,existing,,shadowegg-d7140d528719.png,generated/item-icons/shadowegg-d7140d528719.png,,Observed from cached Buddy page-data item image; review before asset download or canonical promotion.
Egg of Space,egg of space,egg-of-space,https://buddy.farm/i/egg-of-space/,https://farmrpg.com/img/items/spaceegg.png,/img/items/spaceegg.png,spaceegg.png,spaceegg,,existing,,spaceegg-0b80e6175fd5.png,generated/item-icons/spaceegg-0b80e6175fd5.png,,Observed from cached Buddy page-data item image; review before asset download or canonical promotion.
Egg of Tree,egg of tree,egg-of-tree,https://buddy.farm/i/egg-of-tree/,https://farmrpg.com/img/items/egg_of_tree.png,/img/items/egg_of_tree.png,egg_of_tree.png,egg_of_tree,,existing,,egg_of_tree-186ea26b7da4.png,generated/item-icons/egg_of_tree-186ea26b7da4.png,,Observed from cached Buddy page-data item image; review before asset download or canonical promotion.
Egg of Water,egg of water,egg-of-water,https://buddy.farm/i/egg-of-water/,https://farmrpg.com/img/items/wateregg.png,/img/items/wateregg.png,wateregg.png,wateregg,,existing,,wateregg-4c259f9d69d1.png,generated/item-icons/wateregg-4c259f9d69d1.png,,Observed from cached Buddy page-data item image; review before asset download or canonical promotion.
Egg of Zeal,egg of zeal,egg-of-zeal,https://buddy.farm/i/egg-of-zeal/,https://farmrpg.com/img/items/eggofzeal2.gif,/img/items/eggofzeal2.gif,eggofzeal2.gif,eggofzeal2,,existing,,eggofzeal2-a5d9ca0145a6.gif,generated/item-icons/eggofzeal2-a5d9ca0145a6.gif,,Observed from cached Buddy page-data item image; review before asset download or canonical promotion.
Eggplant,eggplant,eggplant,https://buddy.farm/i/eggplant/,https://farmrpg.com/img/items/eggplant.png,/img/items/eggplant.png,eggplant.png,eggplant,,existing,,eggplant-5b2e83907bf0.png,generated/item-icons/eggplant-5b2e83907bf0.png,,Observed from cached Buddy page-data item image; review before asset download or canonical promotion.
Eggplant Seeds,eggplant seeds,eggplant-seeds,https://buddy.farm/i/eggplant-seeds/,https://farmrpg.com/img/items/seeds_eggplants.png,/img/items/seeds_eggplants.png,seeds_eggplants.png,seeds_eggplants,,existing,,seeds_eggplants-f9dd64106c45.png,generated/item-icons/seeds_eggplants-f9dd64106c45.png,,Observed from cached Buddy page-data item image; review before asset download or canonical promotion.
Eggs,eggs,eggs,https://buddy.farm/i/eggs/,https://farmrpg.com/img/items/5720.PNG,/img/items/5720.PNG,5720.PNG,5720,5720,existing,,5720-8088d9caaf9c.png,generated/item-icons/5720-8088d9caaf9c.png,,Observed from cached Buddy page-data item image; review before asset download or canonical promotion.
Eggypalchi,eggypalchi,eggypalchi,https://buddy.farm/i/eggypalchi/,https://farmrpg.com/img/items/Tama.png,/img/items/Tama.png,Tama.png,Tama,,downloaded,200,Tama-1cb7f5ed9da4.png,generated/item-icons/Tama-1cb7f5ed9da4.png,,Observed from cached Buddy page-data item image; review before asset download or canonical promotion.
Egyptian Necklace,egyptian necklace,egyptian-necklace,https://buddy.farm/i/egyptian-necklace/,https://farmrpg.com/img/items/egyptian1.png,/img/items/egyptian1.png,egyptian1.png,egyptian1,,existing,,egyptian1-13f0f2e56992.png,generated/item-icons/egyptian1-13f0f2e56992.png,,Observed from cached Buddy page-data item image; review before asset download or canonical promotion.
Embershard,embershard,embershard,https://buddy.farm/i/embershard/,https://farmrpg.com/img/items/embershard.png,/img/items/embershard.png,embershard.png,embershard,,existing,,embershard-959b31a9669f.png,generated/item-icons/embershard-959b31a9669f.png,,Observed from cached Buddy page-data item image; review before asset download or canonical promotion.
Emberstone,emberstone,emberstone,https://buddy.farm/i/emberstone/,https://farmrpg.com/img/items/8166.png,/img/items/8166.png,8166.png,8166,8166,existing,,8166-8126979059f2.png,generated/item-icons/8166-8126979059f2.png,,Observed from cached Buddy page-data item image; review before asset download or canonical promotion.
Emerald,emerald,emerald,https://buddy.farm/i/emerald/,https://farmrpg.com/img/items/emerald.png,/img/items/emerald.png,emerald.png,emerald,,existing,,emerald-845bea93d098.png,generated/item-icons/emerald-845bea93d098.png,,Observed from cached Buddy page-data item image; review before asset download or canonical promotion.
Emerald Ring,emerald ring,emerald-ring,https://buddy.farm/i/emerald-ring/,https://farmrpg.com/img/items/greenring.png,/img/items/greenring.png,greenring.png,greenring,,existing,,greenring-98b770c19067.png,generated/item-icons/greenring-98b770c19067.png,,Observed from cached Buddy page-data item image; review before asset download or canonical promotion.
Energy Coil,energy coil,energy-coil,https://buddy.farm/i/energy-coil/,https://farmrpg.com/img/items/9379b.png,/img/items/9379b.png,9379b.png,9379b,,existing,,9379b-b253590e261e.png,generated/item-icons/9379b-b253590e261e.png,,Observed from cached Buddy page-data item image; review before asset download or canonical promotion.
Energy Core,energy core,energy-core,https://buddy.farm/i/energy-core/,https://farmrpg.com/img/items/parts_026.png,/img/items/parts_026.png,parts_026.png,parts_026,,existing,,parts_026-21ed5ac481d0.png,generated/item-icons/parts_026-21ed5ac481d0.png,,Observed from cached Buddy page-data item image; review before asset download or canonical promotion.
Engine,engine,engine,https://buddy.farm/i/engine/,https://farmrpg.com/img/items/engine.png?1,/img/items/engine.png,engine.png,engine,,existing,,engine-77b759a3b3fd.png,generated/item-icons/engine-77b759a3b3fd.png,,Observed from cached Buddy page-data item image; review before asset download or canonical promotion.
Esperium,esperium,esperium,https://buddy.farm/i/esperium/,https://farmrpg.com/img/items/9446.png,/img/items/9446.png,9446.png,9446,9446,existing,,9446-28fbc66cfccc.png,generated/item-icons/9446-28fbc66cfccc.png,,Observed from cached Buddy page-data item image; review before asset download or canonical promotion.
Essence of Slime,essence of slime,essence-of-slime,https://buddy.farm/i/essence-of-slime/,https://farmrpg.com/img/items/essense.png,/img/items/essense.png,essense.png,essense,,existing,,essense-29578a5fcffb.png,generated/item-icons/essense-29578a5fcffb.png,,Observed from cached Buddy page-data item image; review before asset download or canonical promotion.
Event Key,event key,event-key,https://buddy.farm/i/event-key/,https://farmrpg.com/img/items/eventkey.png,/img/items/eventkey.png,eventkey.png,eventkey,,existing,,eventkey-159bd8492c58.png,generated/item-icons/eventkey-159bd8492c58.png,,Observed from cached Buddy page-data item image; review before asset download or canonical promotion.
Event Token,event token,event-token,https://buddy.farm/i/event-token/,https://farmrpg.com/img/items/token.png,/img/items/token.png,token.png,token,,existing,,token-20aae9f99ab7.png,generated/item-icons/token-20aae9f99ab7.png,,Observed from cached Buddy page-data item image; review before asset download or canonical promotion.
Event Token Purse,event token purse,event-token-purse,https://buddy.farm/i/event-token-purse/,https://farmrpg.com/img/items/BagsAndBoxes_46_t.png,/img/items/BagsAndBoxes_46_t.png,BagsAndBoxes_46_t.png,BagsAndBoxes_46_t,,existing,,BagsAndBoxes_46_t-1ca8387862ae.png,generated/item-icons/BagsAndBoxes_46_t-1ca8387862ae.png,,Observed from cached Buddy page-data item image; review before asset download or canonical promotion.
Expired Ticket,expired ticket,expired-ticket,https://buddy.farm/i/expired-ticket/,https://farmrpg.com/img/items/expiredticket.png,/img/items/expiredticket.png,expiredticket.png,expiredticket,,existing,,expiredticket-e6eb09c59640.png,generated/item-icons/expiredticket-e6eb09c59640.png,,Observed from cached Buddy page-data item image; review before asset download or canonical promotion.
Explosive,explosive,explosive,https://buddy.farm/i/explosive/,https://farmrpg.com/img/items/6124.png,/img/items/6124.png,6124.png,6124,6124,existing,,6124-b1a997089e11.png,generated/item-icons/6124-b1a997089e11.png,,Observed from cached Buddy page-data item image; review before asset download or canonical promotion.
Eye Patch,eye patch,eye-patch,https://buddy.farm/i/eye-patch/,https://farmrpg.com/img/items/4920.png,/img/items/4920.png,4920.png,4920,4920,existing,,4920-da313e4be9ea.png,generated/item-icons/4920-da313e4be9ea.png,,Observed from cached Buddy page-data item image; review before asset download or canonical promotion.
Fairy Crystal,fairy crystal,fairy-crystal,https://buddy.farm/i/fairy-crystal/,https://farmrpg.com/img/items/fairycrystal.png,/img/items/fairycrystal.png,fairycrystal.png,fairycrystal,,existing,,fairycrystal-19478058adda.png,generated/item-icons/fairycrystal-19478058adda.png,,Observed from cached Buddy page-data item image; review before asset download or canonical promotion.
Fall Basket,fall basket,fall-basket,https://buddy.farm/i/fall-basket/,https://farmrpg.com/img/items/fallbasket.png,/img/items/fallbasket.png,fallbasket.png,fallbasket,,existing,,fallbasket-aa7ec5b7cf46.png,generated/item-icons/fallbasket-aa7ec5b7cf46.png,,Observed from cached Buddy page-data item image; review before asset download or canonical promotion.
Fall Leaves,fall leaves,fall-leaves,https://buddy.farm/i/fall-leaves/,https://farmrpg.com/img/items/fallleaves.png,/img/items/fallleaves.png,fallleaves.png,fallleaves,,existing,,fallleaves-6751c2443a09.png,generated/item-icons/fallleaves-6751c2443a09.png,,Observed from cached Buddy page-data item image; review before asset download or canonical promotion.
Fancy Box,fancy box,fancy-box,https://buddy.farm/i/fancy-box/,https://farmrpg.com/img/items/4238.png,/img/items/4238.png,4238.png,4238,4238,existing,,4238-458c21b1d2c2.png,generated/item-icons/4238-458c21b1d2c2.png,,Observed from cached Buddy page-data item image; review before asset download or canonical promotion.
Fancy Chair,fancy chair,fancy-chair,https://buddy.farm/i/fancy-chair/,https://farmrpg.com/img/items/195.png,/img/items/195.png,195.png,195,195,existing,,195-bf1c9fe0ea49.png,generated/item-icons/195-bf1c9fe0ea49.png,,Observed from cached Buddy page-data item image; review before asset download or canonical promotion.
Fancy Clock,fancy clock,fancy-clock,https://buddy.farm/i/fancy-clock/,https://farmrpg.com/img/items/viri_4696.png,/img/items/viri_4696.png,viri_4696.png,viri_4696,,existing,,viri_4696-55aea1b21e7d.png,generated/item-icons/viri_4696-55aea1b21e7d.png,,Observed from cached Buddy page-data item image; review before asset download or canonical promotion.
Fancy Drum,fancy drum,fancy-drum,https://buddy.farm/i/fancy-drum/,https://farmrpg.com/img/items/drum.png,/img/items/drum.png,drum.png,drum,,existing,,drum-827792e2a1b9.png,generated/item-icons/drum-827792e2a1b9.png,,Observed from cached Buddy page-data item image; review before asset download or canonical promotion.
Fancy Guitar,fancy guitar,fancy-guitar,https://buddy.farm/i/fancy-guitar/,https://farmrpg.com/img/items/3857.png?1,/img/items/3857.png,3857.png,3857,3857,existing,,3857-20a9cbb7b78c.png,generated/item-icons/3857-20a9cbb7b78c.png,,Observed from cached Buddy page-data item image; review before asset download or canonical promotion.
Fancy Pan Flute,fancy pan flute,fancy-pan-flute,https://buddy.farm/i/fancy-pan-flute/,https://farmrpg.com/img/items/1240.png,/img/items/1240.png,1240.png,1240,1240,existing,,1240-8cc8e06a634b.png,generated/item-icons/1240-8cc8e06a634b.png,,Observed from cached Buddy page-data item image; review before asset download or canonical promotion.
Fancy Pillow,fancy pillow,fancy-pillow,https://buddy.farm/i/fancy-pillow/,https://farmrpg.com/img/items/Fancy_pillow.png,/img/items/Fancy_pillow.png,Fancy_pillow.png,Fancy_pillow,,existing,,Fancy_pillow-e95efd80f856.png,generated/item-icons/Fancy_pillow-e95efd80f856.png,,Observed from cached Buddy page-data item image; review before asset download or canonical promotion.
Fancy Pipe,fancy pipe,fancy-pipe,https://buddy.farm/i/fancy-pipe/,https://farmrpg.com/img/items/7275.png?1,/img/items/7275.png,7275.png,7275,7275,existing,,7275-115d2620b888.png,generated/item-icons/7275-115d2620b888.png,,Observed from cached Buddy page-data item image; review before asset download or canonical promotion.
Fancy Present,fancy present,fancy-present,https://buddy.farm/i/fancy-present/,https://farmrpg.com/img/items/gift_2.png,/img/items/gift_2.png,gift_2.png,gift_2,,existing,,gift_2-8512040e5304.png,generated/item-icons/gift_2-8512040e5304.png,,Observed from cached Buddy page-data item image; review before asset download or canonical promotion.
Fancy Shoe,fancy shoe,fancy-shoe,https://buddy.farm/i/fancy-shoe/,https://farmrpg.com/img/items/bshoe2.png,/img/items/bshoe2.png,bshoe2.png,bshoe2,,existing,,bshoe2-e932f6f37460.png,generated/item-icons/bshoe2-e932f6f37460.png,,Observed from cached Buddy page-data item image; review before asset download or canonical promotion.
Fancy Sword,fancy sword,fancy-sword,https://buddy.farm/i/fancy-sword/,https://farmrpg.com/img/items/fancysword.png,/img/items/fancysword.png,fancysword.png,fancysword,,existing,,fancysword-375897dddf2f.png,generated/item-icons/fancysword-375897dddf2f.png,,Observed from cached Buddy page-data item image; review before asset download or canonical promotion.
Fancy Table,fancy table,fancy-table,https://buddy.farm/i/fancy-table/,https://farmrpg.com/img/items/193.png?1,/img/items/193.png,193.png,193,193,existing,,193-43bd1062d652.png,generated/item-icons/193-43bd1062d652.png,,Observed from cached Buddy page-data item image; review before asset download or canonical promotion.
Fancy Violin,fancy violin,fancy-violin,https://buddy.farm/i/fancy-violin/,https://farmrpg.com/img/items/finp_618.png?1,/img/items/finp_618.png,finp_618.png,finp_618,,existing,,finp_618-af543d2d1321.png,generated/item-icons/finp_618-af543d2d1321.png,,Observed from cached Buddy page-data item image; review before asset download or canonical promotion.
Fangs,fangs,fangs,https://buddy.farm/i/fangs/,https://farmrpg.com/img/items/3980.png,/img/items/3980.png,3980.png,3980,3980,existing,,3980-e8299a2a3696.png,generated/item-icons/3980-e8299a2a3696.png,,Observed from cached Buddy page-data item image; review before asset download or canonical promotion.
Fantastic Buddy Doll,fantastic buddy doll,fantastic-buddy-doll,https://buddy.farm/i/fantastic-buddy-doll/,https://farmrpg.com/img/items/four_buddy_doll.png,/img/items/four_buddy_doll.png,four_buddy_doll.png,four_buddy_doll,,existing,,four_buddy_doll-0d068239bc97.png,generated/item-icons/four_buddy_doll-0d068239bc97.png,,Observed from cached Buddy page-data item image; review before asset download or canonical promotion.
Farmiversary Trophy 01,farmiversary trophy 01,farmiversary-trophy-01,https://buddy.farm/i/farmiversary-trophy-01/,https://farmrpg.com/img/items/year1.png,/img/items/year1.png,year1.png,year1,,downloaded,200,year1-63d8c8705fa5.png,generated/item-icons/year1-63d8c8705fa5.png,,Observed from cached Buddy page-data item image; review before asset download or canonical promotion.
Farmiversary Trophy 02,farmiversary trophy 02,farmiversary-trophy-02,https://buddy.farm/i/farmiversary-trophy-02/,https://farmrpg.com/img/items/year2.png,/img/items/year2.png,year2.png,year2,,downloaded,200,year2-e1266bca2e62.png,generated/item-icons/year2-e1266bca2e62.png,,Observed from cached Buddy page-data item image; review before asset download or canonical promotion.
Farmiversary Trophy 03,farmiversary trophy 03,farmiversary-trophy-03,https://buddy.farm/i/farmiversary-trophy-03/,https://farmrpg.com/img/items/year3.png,/img/items/year3.png,year3.png,year3,,downloaded,200,year3-7a38df6ad1b1.png,generated/item-icons/year3-7a38df6ad1b1.png,,Observed from cached Buddy page-data item image; review before asset download or canonical promotion.
Farmiversary Trophy 04,farmiversary trophy 04,farmiversary-trophy-04,https://buddy.farm/i/farmiversary-trophy-04/,https://farmrpg.com/img/items/year4.png,/img/items/year4.png,year4.png,year4,,downloaded,200,year4-7f8263808d34.png,generated/item-icons/year4-7f8263808d34.png,,Observed from cached Buddy page-data item image; review before asset download or canonical promotion.
Farmiversary Trophy 05,farmiversary trophy 05,farmiversary-trophy-05,https://buddy.farm/i/farmiversary-trophy-05/,https://farmrpg.com/img/items/year5.png,/img/items/year5.png,year5.png,year5,,downloaded,200,year5-f57cb0c72b91.png,generated/item-icons/year5-f57cb0c72b91.png,,Observed from cached Buddy page-data item image; review before asset download or canonical promotion.
Farmiversary Trophy 06,farmiversary trophy 06,farmiversary-trophy-06,https://buddy.farm/i/farmiversary-trophy-06/,https://farmrpg.com/img/items/year6.png,/img/items/year6.png,year6.png,year6,,downloaded,200,year6-324ba4b196ea.png,generated/item-icons/year6-324ba4b196ea.png,,Observed from cached Buddy page-data item image; review before asset download or canonical promotion.
Feathers,feathers,feathers,https://buddy.farm/i/feathers/,https://farmrpg.com/img/items/feathers.png,/img/items/feathers.png,feathers.png,feathers,,existing,,feathers-1dfbe06bb187.png,generated/item-icons/feathers-1dfbe06bb187.png,,Observed from cached Buddy page-data item image; review before asset download or canonical promotion.
Feed,feed,feed,https://buddy.farm/i/feed/,https://farmrpg.com/img/items/8299.png,/img/items/8299.png,8299.png,8299,8299,existing,,8299-164f5b5e3ccd.png,generated/item-icons/8299-164f5b5e3ccd.png,,Observed from cached Buddy page-data item image; review before asset download or canonical promotion.
Fenrir's Coin,fenrir s coin,fenrir-s-coin,https://buddy.farm/i/fenrir-s-coin/,https://farmrpg.com/img/items/4173.png,/img/items/4173.png,4173.png,4173,4173,existing,,4173-e507d65ec1fe.png,generated/item-icons/4173-e507d65ec1fe.png,,Observed from cached Buddy page-data item image; review before asset download or canonical promotion.
Fern Leaf,fern leaf,fern-leaf,https://buddy.farm/i/fern-leaf/,https://farmrpg.com/img/items/fern.png,/img/items/fern.png,fern.png,fern,,existing,,fern-0fef4f9644e0.png,generated/item-icons/fern-0fef4f9644e0.png,,Observed from cached Buddy page-data item image; review before asset download or canonical promotion.
Festive Eggnog,festive eggnog,festive-eggnog,https://buddy.farm/i/festive-eggnog/,https://farmrpg.com/img/items/eggnog.png,/img/items/eggnog.png,eggnog.png,eggnog,,existing,,eggnog-29454eba6e7a.png,generated/item-icons/eggnog-29454eba6e7a.png,,Observed from cached Buddy page-data item image; review before asset download or canonical promotion.
Fire Ant,fire ant,fire-ant,https://buddy.farm/i/fire-ant/,https://farmrpg.com/img/items/fireant.png,/img/items/fireant.png,fireant.png,fireant,,existing,,fireant-4ba311f72109.png,generated/item-icons/fireant-4ba311f72109.png,,Observed from cached Buddy page-data item image; review before asset download or canonical promotion.
Fire Ant Farm,fire ant farm,fire-ant-farm,https://buddy.farm/i/fire-ant-farm/,https://farmrpg.com/img/items/antfarm.png?1,/img/items/antfarm.png,antfarm.png,antfarm,,existing,,antfarm-c4e8ebf9e906.png,generated/item-icons/antfarm-c4e8ebf9e906.png,,Observed from cached Buddy page-data item image; review before asset download or canonical promotion.
Fire Crystal,fire crystal,fire-crystal,https://buddy.farm/i/fire-crystal/,https://farmrpg.com/img/items/firecrystal.png,/img/items/firecrystal.png,firecrystal.png,firecrystal,,existing,,firecrystal-f82cf548e8e8.png,generated/item-icons/firecrystal-f82cf548e8e8.png,,Observed from cached Buddy page-data item image; review before asset download or canonical promotion.
Firestream's Magic Wire,firestream s magic wire,firestream-s-magic-wire,https://buddy.farm/i/firestream-s-magic-wire/,https://farmrpg.com/img/items/magicwire.png,/img/items/magicwire.png,magicwire.png,magicwire,,existing,,magicwire-217132d5a287.png,generated/item-icons/magicwire-217132d5a287.png,,Observed from cached Buddy page-data item image; review before asset download or canonical promotion.
Fireworks,fireworks,fireworks,https://buddy.farm/i/fireworks/,https://farmrpg.com/img/items/petard.png,/img/items/petard.png,petard.png,petard,,existing,,petard-47354c990a4b.png,generated/item-icons/petard-47354c990a4b.png,,Observed from cached Buddy page-data item image; review before asset download or canonical promotion.
Fish and Chips,fish and chips,fish-and-chips,https://buddy.farm/i/fish-and-chips/,https://farmrpg.com/img/items/fishnchips.png,/img/items/fishnchips.png,fishnchips.png,fishnchips,,existing,,fishnchips-28cd8956587b.png,generated/item-icons/fishnchips-28cd8956587b.png,,Observed from cached Buddy page-data item image; review before asset download or canonical promotion.
Fish Biscuit,fish biscuit,fish-biscuit,https://buddy.farm/i/fish-biscuit/,https://farmrpg.com/img/items/fish_biscuit.png,/img/items/fish_biscuit.png,fish_biscuit.png,fish_biscuit,,existing,,fish_biscuit-b6b0903a312f.png,generated/item-icons/fish_biscuit-b6b0903a312f.png,,Observed from cached Buddy page-data item image; review before asset download or canonical promotion.
Fish Bones,fish bones,fish-bones,https://buddy.farm/i/fish-bones/,https://farmrpg.com/img/items/7747.PNG,/img/items/7747.PNG,7747.PNG,7747,7747,existing,,7747-9e5431b3a81d.png,generated/item-icons/7747-9e5431b3a81d.png,,Observed from cached Buddy page-data item image; review before asset download or canonical promotion.
Fish Flakes,fish flakes,fish-flakes,https://buddy.farm/i/fish-flakes/,https://farmrpg.com/img/items/fish_flakes.png,/img/items/fish_flakes.png,fish_flakes.png,fish_flakes,,downloaded,200,fish_flakes-0701437def04.png,generated/item-icons/fish_flakes-0701437def04.png,,Observed from cached Buddy page-data item image; review before asset download or canonical promotion.
Fishing Hook,fishing hook,fishing-hook,https://buddy.farm/i/fishing-hook/,https://farmrpg.com/img/items/fishing_48_t.png,/img/items/fishing_48_t.png,fishing_48_t.png,fishing_48_t,,existing,,fishing_48_t-7cf6f6c1aa12.png,generated/item-icons/fishing_48_t-7cf6f6c1aa12.png,,Observed from cached Buddy page-data item image; review before asset download or canonical promotion.
Fishing Net,fishing net,fishing-net,https://buddy.farm/i/fishing-net/,https://farmrpg.com/img/items/7748.png,/img/items/7748.png,7748.png,7748,7748,existing,,7748-3856e928da48.png,generated/item-icons/7748-3856e928da48.png,,Observed from cached Buddy page-data item image; review before asset download or canonical promotion.
Five Point Mace,five point mace,five-point-mace,https://buddy.farm/i/five-point-mace/,https://farmrpg.com/img/items/5046.png,/img/items/5046.png,5046.png,5046,5046,existing,,5046-5268d557fefe.png,generated/item-icons/5046-5268d557fefe.png,,Observed from cached Buddy page-data item image; review before asset download or canonical promotion.
Flame Orb,flame orb,flame-orb,https://buddy.farm/i/flame-orb/,https://farmrpg.com/img/items/7405.png,/img/items/7405.png,7405.png,7405,7405,existing,,7405-b1fd65b6704f.png,generated/item-icons/7405-b1fd65b6704f.png,,Observed from cached Buddy page-data item image; review before asset download or canonical promotion.
Flamejack,flamejack,flamejack,https://buddy.farm/i/flamejack/,https://farmrpg.com/img/items/5162-2.png,/img/items/5162-2.png,5162-2.png,5162-2,,existing,,5162-2-d3560eae2e32.png,generated/item-icons/5162-2-d3560eae2e32.png,,Observed from cached Buddy page-data item image; review before asset download or canonical promotion.
Flarefin,flarefin,flarefin,https://buddy.farm/i/flarefin/,https://farmrpg.com/img/items/5230-2.png,/img/items/5230-2.png,5230-2.png,5230-2,,existing,,5230-2-b4bc5f7b0c98.png,generated/item-icons/5230-2-b4bc5f7b0c98.png,,Observed from cached Buddy page-data item image; review before asset download or canonical promotion.
Flarite,flarite,flarite,https://buddy.farm/i/flarite/,https://farmrpg.com/img/items/flarite.png,/img/items/flarite.png,flarite.png,flarite,,existing,,flarite-5582540036ed.png,generated/item-icons/flarite-5582540036ed.png,,Observed from cached Buddy page-data item image; review before asset download or canonical promotion.
Flier,flier,flier,https://buddy.farm/i/flier/,https://farmrpg.com/img/items/7843.png,/img/items/7843.png,7843.png,7843,7843,existing,,7843-b34ef05c3137.png,generated/item-icons/7843-b34ef05c3137.png,,Observed from cached Buddy page-data item image; review before asset download or canonical promotion.
Flour,flour,flour,https://buddy.farm/i/flour/,https://farmrpg.com/img/items/5763.png,/img/items/5763.png,5763.png,5763,5763,existing,,5763-6de28e37387f.png,generated/item-icons/5763-6de28e37387f.png,,Observed from cached Buddy page-data item image; review before asset download or canonical promotion.
Fluorifish,fluorifish,fluorifish,https://buddy.farm/i/fluorifish/,https://farmrpg.com/img/items/5771.png,/img/items/5771.png,5771.png,5771,5771,existing,,5771-bc5de604a59f.png,generated/item-icons/5771-bc5de604a59f.png,,Observed from cached Buddy page-data item image; review before asset download or canonical promotion.
Flying Machine,flying machine,flying-machine,https://buddy.farm/i/flying-machine/,https://farmrpg.com/img/items/147.png,/img/items/147.png,147.png,147,147,existing,,147-14e1a5d9d7b4.png,generated/item-icons/147-14e1a5d9d7b4.png,,Observed from cached Buddy page-data item image; review before asset download or canonical promotion.
Flywheel,flywheel,flywheel,https://buddy.farm/i/flywheel/,https://farmrpg.com/img/items/9387.png,/img/items/9387.png,9387.png,9387,9387,existing,,9387-94924147025e.png,generated/item-icons/9387-94924147025e.png,,Observed from cached Buddy page-data item image; review before asset download or canonical promotion.
Forcepath's Book of Quest Requirements,forcepath s book of quest requirements,forcepath-s-book-of-quest-requirements,https://buddy.farm/i/forcepath-s-book-of-quest-requirements/,https://farmrpg.com/img/items/7581.png,/img/items/7581.png,7581.png,7581,7581,existing,,7581-e63d885ae0c8.png,generated/item-icons/7581-e63d885ae0c8.png,,Observed from cached Buddy page-data item image; review before asset download or canonical promotion.
Fossilized Frog,fossilized frog,fossilized-frog,https://buddy.farm/i/fossilized-frog/,https://farmrpg.com/img/items/1896.PNG,/img/items/1896.PNG,1896.PNG,1896,1896,existing,,1896-0e487a49b0ce.png,generated/item-icons/1896-0e487a49b0ce.png,,Observed from cached Buddy page-data item image; review before asset download or canonical promotion.
Fossilized Leaf,fossilized leaf,fossilized-leaf,https://buddy.farm/i/fossilized-leaf/,https://farmrpg.com/img/items/2836.png,/img/items/2836.png,2836.png,2836,2836,existing,,2836-faf8f002ecc1.png,generated/item-icons/2836-faf8f002ecc1.png,,Observed from cached Buddy page-data item image; review before asset download or canonical promotion.
Fossilized Print,fossilized print,fossilized-print,https://buddy.farm/i/fossilized-print/,https://farmrpg.com/img/items/2125.PNG,/img/items/2125.PNG,2125.PNG,2125,2125,existing,,2125-55ebf1c6b54f.png,generated/item-icons/2125-55ebf1c6b54f.png,,Observed from cached Buddy page-data item image; review before asset download or canonical promotion.
Fossilized Shell,fossilized shell,fossilized-shell,https://buddy.farm/i/fossilized-shell/,https://farmrpg.com/img/items/1672.png,/img/items/1672.png,1672.png,1672,1672,existing,,1672-3d367adaec1d.png,generated/item-icons/1672-3d367adaec1d.png,,Observed from cached Buddy page-data item image; review before asset download or canonical promotion.
frank Bobblehead,frank bobblehead,frank-bobblehead,https://buddy.farm/i/frank-bobblehead/,https://farmrpg.com/img/items/bobble_frank.png,/img/items/bobble_frank.png,bobble_frank.png,bobble_frank,,existing,,bobble_frank-ca3e1e67113a.png,generated/item-icons/bobble_frank-ca3e1e67113a.png,,Observed from cached Buddy page-data item image; review before asset download or canonical promotion.
frank's Basket,frank s basket,frank-s-basket,https://buddy.farm/i/frank-s-basket/,https://farmrpg.com/img/items/fbasket.png,/img/items/fbasket.png,fbasket.png,fbasket,,existing,,fbasket-1ab0907d68ed.png,generated/item-icons/fbasket-1ab0907d68ed.png,,Observed from cached Buddy page-data item image; review before asset download or canonical promotion.
frank's Bunny Mask,frank s bunny mask,frank-s-bunny-mask,https://buddy.farm/i/frank-s-bunny-mask/,https://farmrpg.com/img/items/afk_8744.png,/img/items/afk_8744.png,afk_8744.png,afk_8744,,existing,,afk_8744-dc6a9a9e7ddf.png,generated/item-icons/afk_8744-dc6a9a9e7ddf.png,,Observed from cached Buddy page-data item image; review before asset download or canonical promotion.
Freaky Picture,freaky picture,freaky-picture,https://buddy.farm/i/freaky-picture/,https://farmrpg.com/img/items/5592.png,/img/items/5592.png,5592.png,5592,5592,existing,,5592-0ca38c6cf685.png,generated/item-icons/5592-0ca38c6cf685.png,,Observed from cached Buddy page-data item image; review before asset download or canonical promotion.
Friendship Bag 01,friendship bag 01,friendship-bag-01,https://buddy.farm/i/friendship-bag-01/,https://farmrpg.com/img/items/friendshipbag.png,/img/items/friendshipbag.png,friendshipbag.png,friendshipbag,,existing,,friendshipbag-43fb293aa133.png,generated/item-icons/friendshipbag-43fb293aa133.png,,Observed from cached Buddy page-data item image; review before asset download or canonical promotion.
Friendship Bracelet,friendship bracelet,friendship-bracelet,https://buddy.farm/i/friendship-bracelet/,https://farmrpg.com/img/items/3788.png,/img/items/3788.png,3788.png,3788,3788,existing,,3788-610891e37d77.png,generated/item-icons/3788-610891e37d77.png,,Observed from cached Buddy page-data item image; review before asset download or canonical promotion.
Frog,frog,frog,https://buddy.farm/i/frog/,https://farmrpg.com/img/items/frog.png,/img/items/frog.png,frog.png,frog,,existing,,frog-a9ddb0b24598.png,generated/item-icons/frog-a9ddb0b24598.png,,Observed from cached Buddy page-data item image; review before asset download or canonical promotion.
Frost Shield,frost shield,frost-shield,https://buddy.farm/i/frost-shield/,https://farmrpg.com/img/items/frostshield.png?1,/img/items/frostshield.png,frostshield.png,frostshield,,existing,,frostshield-a48d2ff9f552.png,generated/item-icons/frostshield-a48d2ff9f552.png,,Observed from cached Buddy page-data item image; review before asset download or canonical promotion.
Frost Snapper Shell,frost snapper shell,frost-snapper-shell,https://buddy.farm/i/frost-snapper-shell/,https://farmrpg.com/img/items/iceshell.png,/img/items/iceshell.png,iceshell.png,iceshell,,existing,,iceshell-b4587575b4bd.png,generated/item-icons/iceshell-b4587575b4bd.png,,Observed from cached Buddy page-data item image; review before asset download or canonical promotion.
Frosteye,frosteye,frosteye,https://buddy.farm/i/frosteye/,https://farmrpg.com/img/items/frosteye.png,/img/items/frosteye.png,frosteye.png,frosteye,,existing,,frosteye-2e631de8ae07.png,generated/item-icons/frosteye-2e631de8ae07.png,,Observed from cached Buddy page-data item image; review before asset download or canonical promotion.
Frozen Angelfish,frozen angelfish,frozen-angelfish,https://buddy.farm/i/frozen-angelfish/,https://farmrpg.com/img/items/frozen_angelfish.png,/img/items/frozen_angelfish.png,frozen_angelfish.png,frozen_angelfish,,existing,,frozen_angelfish-b6e75514a2fa.png,generated/item-icons/frozen_angelfish-b6e75514a2fa.png,,Observed from cached Buddy page-data item image; review before asset download or canonical promotion.
Frozen Biter,frozen biter,frozen-biter,https://buddy.farm/i/frozen-biter/,https://farmrpg.com/img/items/frozen_biter.png,/img/items/frozen_biter.png,frozen_biter.png,frozen_biter,,existing,,frozen_biter-e55ec2e7e65e.png,generated/item-icons/frozen_biter-e55ec2e7e65e.png,,Observed from cached Buddy page-data item image; review before asset download or canonical promotion.
Frozen Bones,frozen bones,frozen-bones,https://buddy.farm/i/frozen-bones/,https://farmrpg.com/img/items/frozen_bones.png,/img/items/frozen_bones.png,frozen_bones.png,frozen_bones,,existing,,frozen_bones-9947b7b4a4a8.png,generated/item-icons/frozen_bones-9947b7b4a4a8.png,,Observed from cached Buddy page-data item image; review before asset download or canonical promotion.
Frozen Book,frozen book,frozen-book,https://buddy.farm/i/frozen-book/,https://farmrpg.com/img/items/frozen_book.png,/img/items/frozen_book.png,frozen_book.png,frozen_book,,existing,,frozen_book-94294f4cff86.png,generated/item-icons/frozen_book-94294f4cff86.png,,Observed from cached Buddy page-data item image; review before asset download or canonical promotion.
Frozen Boot,frozen boot,frozen-boot,https://buddy.farm/i/frozen-boot/,https://farmrpg.com/img/items/frozen_boot.png,/img/items/frozen_boot.png,frozen_boot.png,frozen_boot,,existing,,frozen_boot-3fc9532081e5.png,generated/item-icons/frozen_boot-3fc9532081e5.png,,Observed from cached Buddy page-data item image; review before asset download or canonical promotion.
Frozen Bouquet,frozen bouquet,frozen-bouquet,https://buddy.farm/i/frozen-bouquet/,https://farmrpg.com/img/items/frozen_flowers.png?1,/img/items/frozen_flowers.png,frozen_flowers.png,frozen_flowers,,existing,,frozen_flowers-e6bb017c44e9.png,generated/item-icons/frozen_flowers-e6bb017c44e9.png,,Observed from cached Buddy page-data item image; review before asset download or canonical promotion.
Frozen Buddy Doll,frozen buddy doll,frozen-buddy-doll,https://buddy.farm/i/frozen-buddy-doll/,https://farmrpg.com/img/items/Buddy_doll_frozen.png,/img/items/Buddy_doll_frozen.png,Buddy_doll_frozen.png,Buddy_doll_frozen,,existing,,Buddy_doll_frozen-b6cd88be1037.png,generated/item-icons/Buddy_doll_frozen-b6cd88be1037.png,,Observed from cached Buddy page-data item image; review before asset download or canonical promotion.
Frozen Cabbage,frozen cabbage,frozen-cabbage,https://buddy.farm/i/frozen-cabbage/,https://farmrpg.com/img/items/frozencabbage.png,/img/items/frozencabbage.png,frozencabbage.png,frozencabbage,,existing,,frozencabbage-2b341d4a6f25.png,generated/item-icons/frozencabbage-2b341d4a6f25.png,,Observed from cached Buddy page-data item image; review before asset download or canonical promotion.
Frozen Catfish,frozen catfish,frozen-catfish,https://buddy.farm/i/frozen-catfish/,https://farmrpg.com/img/items/frozen_catfish.png,/img/items/frozen_catfish.png,frozen_catfish.png,frozen_catfish,,existing,,frozen_catfish-14f65df4d036.png,generated/item-icons/frozen_catfish-14f65df4d036.png,,Observed from cached Buddy page-data item image; review before asset download or canonical promotion.
Frozen Chest 01,frozen chest 01,frozen-chest-01,https://buddy.farm/i/frozen-chest-01/,https://farmrpg.com/img/items/frozen_chest.png,/img/items/frozen_chest.png,frozen_chest.png,frozen_chest,,existing,,frozen_chest-c415b325607f.png,generated/item-icons/frozen_chest-c415b325607f.png,,Observed from cached Buddy page-data item image; review before asset download or canonical promotion.
Frozen Chest 02,frozen chest 02,frozen-chest-02,https://buddy.farm/i/frozen-chest-02/,https://farmrpg.com/img/items/frozen_chest.png,/img/items/frozen_chest.png,frozen_chest.png,frozen_chest,,reused,,frozen_chest-c415b325607f.png,generated/item-icons/frozen_chest-c415b325607f.png,,Observed from cached Buddy page-data item image; review before asset download or canonical promotion.
Frozen Chest 03,frozen chest 03,frozen-chest-03,https://buddy.farm/i/frozen-chest-03/,https://farmrpg.com/img/items/frozenchest.png,/img/items/frozenchest.png,frozenchest.png,frozenchest,,existing,,frozenchest-5da44295de9e.png,generated/item-icons/frozenchest-5da44295de9e.png,,Observed from cached Buddy page-data item image; review before asset download or canonical promotion.
Frozen Coin,frozen coin,frozen-coin,https://buddy.farm/i/frozen-coin/,https://farmrpg.com/img/items/frozen_coin.png,/img/items/frozen_coin.png,frozen_coin.png,frozen_coin,,existing,,frozen_coin-230810e2cf7c.png,generated/item-icons/frozen_coin-230810e2cf7c.png,,Observed from cached Buddy page-data item image; review before asset download or canonical promotion.
Frozen Corn,frozen corn,frozen-corn,https://buddy.farm/i/frozen-corn/,https://farmrpg.com/img/items/frozen_corn.png,/img/items/frozen_corn.png,frozen_corn.png,frozen_corn,,existing,,frozen_corn-ae4cf9d6ee3a.png,generated/item-icons/frozen_corn-ae4cf9d6ee3a.png,,Observed from cached Buddy page-data item image; review before asset download or canonical promotion.
Frozen Crab Claw,frozen crab claw,frozen-crab-claw,https://buddy.farm/i/frozen-crab-claw/,https://farmrpg.com/img/items/frozen_claw.png,/img/items/frozen_claw.png,frozen_claw.png,frozen_claw,,existing,,frozen_claw-6bbfc8719285.png,generated/item-icons/frozen_claw-6bbfc8719285.png,,Observed from cached Buddy page-data item image; review before asset download or canonical promotion.
Frozen Dagger,frozen dagger,frozen-dagger,https://buddy.farm/i/frozen-dagger/,https://farmrpg.com/img/items/frozen_dagger.png,/img/items/frozen_dagger.png,frozen_dagger.png,frozen_dagger,,existing,,frozen_dagger-3f45f53320ef.png,generated/item-icons/frozen_dagger-3f45f53320ef.png,,Observed from cached Buddy page-data item image; review before asset download or canonical promotion.
Frozen Feather,frozen feather,frozen-feather,https://buddy.farm/i/frozen-feather/,https://farmrpg.com/img/items/frozen_feather.png,/img/items/frozen_feather.png,frozen_feather.png,frozen_feather,,existing,,frozen_feather-5fcf07617520.png,generated/item-icons/frozen_feather-5fcf07617520.png,,Observed from cached Buddy page-data item image; review before asset download or canonical promotion.
Frozen Fishing Net,frozen fishing net,frozen-fishing-net,https://buddy.farm/i/frozen-fishing-net/,https://farmrpg.com/img/items/frozen_net.png,/img/items/frozen_net.png,frozen_net.png,frozen_net,,existing,,frozen_net-7189053b354d.png,generated/item-icons/frozen_net-7189053b354d.png,,Observed from cached Buddy page-data item image; review before asset download or canonical promotion.
Frozen Hops,frozen hops,frozen-hops,https://buddy.farm/i/frozen-hops/,https://farmrpg.com/img/items/frozen_hops.png,/img/items/frozen_hops.png,frozen_hops.png,frozen_hops,,existing,,frozen_hops-ca4deb3fb1ee.png,generated/item-icons/frozen_hops-ca4deb3fb1ee.png,,Observed from cached Buddy page-data item image; review before asset download or canonical promotion.
Frozen Jelly,frozen jelly,frozen-jelly,https://buddy.farm/i/frozen-jelly/,https://farmrpg.com/img/items/frozen_jelly.png,/img/items/frozen_jelly.png,frozen_jelly.png,frozen_jelly,,existing,,frozen_jelly-40b7ff1cbd1d.png,generated/item-icons/frozen_jelly-40b7ff1cbd1d.png,,Observed from cached Buddy page-data item image; review before asset download or canonical promotion.
Frozen Large Net,frozen large net,frozen-large-net,https://buddy.farm/i/frozen-large-net/,https://farmrpg.com/img/items/frozen_large_net.png,/img/items/frozen_large_net.png,frozen_large_net.png,frozen_large_net,,existing,,frozen_large_net-b53622855dae.png,generated/item-icons/frozen_large_net-b53622855dae.png,,Observed from cached Buddy page-data item image; review before asset download or canonical promotion.
Frozen Lobster,frozen lobster,frozen-lobster,https://buddy.farm/i/frozen-lobster/,https://farmrpg.com/img/items/frozen_lobster.png,/img/items/frozen_lobster.png,frozen_lobster.png,frozen_lobster,,existing,,frozen_lobster-ee4dc11a7036.png,generated/item-icons/frozen_lobster-ee4dc11a7036.png,,Observed from cached Buddy page-data item image; review before asset download or canonical promotion.
Frozen Manta Ray,frozen manta ray,frozen-manta-ray,https://buddy.farm/i/frozen-manta-ray/,https://farmrpg.com/img/items/frozen_ray.png,/img/items/frozen_ray.png,frozen_ray.png,frozen_ray,,existing,,frozen_ray-325cc3a1a6f9.png,generated/item-icons/frozen_ray-325cc3a1a6f9.png,,Observed from cached Buddy page-data item image; review before asset download or canonical promotion.
Frozen Peas,frozen peas,frozen-peas,https://buddy.farm/i/frozen-peas/,https://farmrpg.com/img/items/frozenpeas.png,/img/items/frozenpeas.png,frozenpeas.png,frozenpeas,,existing,,frozenpeas-99de079f2726.png,generated/item-icons/frozenpeas-99de079f2726.png,,Observed from cached Buddy page-data item image; review before asset download or canonical promotion.
Frozen Pine,frozen pine,frozen-pine,https://buddy.farm/i/frozen-pine/,https://farmrpg.com/img/items/frozenpine.png,/img/items/frozenpine.png,frozenpine.png,frozenpine,,existing,,frozenpine-083e218aa343.png,generated/item-icons/frozenpine-083e218aa343.png,,Observed from cached Buddy page-data item image; review before asset download or canonical promotion.
Frozen Playground Key,frozen playground key,frozen-playground-key,https://buddy.farm/i/frozen-playground-key/,https://farmrpg.com/img/items/frozenkey.png,/img/items/frozenkey.png,frozenkey.png,frozenkey,,existing,,frozenkey-3dd1f55b4959.png,generated/item-icons/frozenkey-3dd1f55b4959.png,,Observed from cached Buddy page-data item image; review before asset download or canonical promotion.
Frozen Radish,frozen radish,frozen-radish,https://buddy.farm/i/frozen-radish/,https://farmrpg.com/img/items/frozen_radish.png,/img/items/frozen_radish.png,frozen_radish.png,frozen_radish,,existing,,frozen_radish-f6d1be495127.png,generated/item-icons/frozen_radish-f6d1be495127.png,,Observed from cached Buddy page-data item image; review before asset download or canonical promotion.
Frozen Sheepshead,frozen sheepshead,frozen-sheepshead,https://buddy.farm/i/frozen-sheepshead/,https://farmrpg.com/img/items/frozen_sheepshead.png,/img/items/frozen_sheepshead.png,frozen_sheepshead.png,frozen_sheepshead,,existing,,frozen_sheepshead-41773817d393.png,generated/item-icons/frozen_sheepshead-41773817d393.png,,Observed from cached Buddy page-data item image; review before asset download or canonical promotion.
Frozen Shell,frozen shell,frozen-shell,https://buddy.farm/i/frozen-shell/,https://farmrpg.com/img/items/frozen_shell.png,/img/items/frozen_shell.png,frozen_shell.png,frozen_shell,,existing,,frozen_shell-29b56bf2b233.png,generated/item-icons/frozen_shell-29b56bf2b233.png,,Observed from cached Buddy page-data item image; review before asset download or canonical promotion.
Frozen Skull,frozen skull,frozen-skull,https://buddy.farm/i/frozen-skull/,https://farmrpg.com/img/items/frozen_skull.png,/img/items/frozen_skull.png,frozen_skull.png,frozen_skull,,existing,,frozen_skull-dc56ec29caca.png,generated/item-icons/frozen_skull-dc56ec29caca.png,,Observed from cached Buddy page-data item image; review before asset download or canonical promotion.
Frozen Spyfish,frozen spyfish,frozen-spyfish,https://buddy.farm/i/frozen-spyfish/,https://farmrpg.com/img/items/frozen_spy.png,/img/items/frozen_spy.png,frozen_spy.png,frozen_spy,,existing,,frozen_spy-83b207b09e62.png,generated/item-icons/frozen_spy-83b207b09e62.png,,Observed from cached Buddy page-data item image; review before asset download or canonical promotion.
Frozen Squid,frozen squid,frozen-squid,https://buddy.farm/i/frozen-squid/,https://farmrpg.com/img/items/frozen_squid.png,/img/items/frozen_squid.png,frozen_squid.png,frozen_squid,,existing,,frozen_squid-8c9062cb3006.png,generated/item-icons/frozen_squid-8c9062cb3006.png,,Observed from cached Buddy page-data item image; review before asset download or canonical promotion.
Frozen Starfish,frozen starfish,frozen-starfish,https://buddy.farm/i/frozen-starfish/,https://farmrpg.com/img/items/frozen_starfish.png,/img/items/frozen_starfish.png,frozen_starfish.png,frozen_starfish,,existing,,frozen_starfish-237536744238.png,generated/item-icons/frozen_starfish-237536744238.png,,Observed from cached Buddy page-data item image; review before asset download or canonical promotion.
Frozen Tomato,frozen tomato,frozen-tomato,https://buddy.farm/i/frozen-tomato/,https://farmrpg.com/img/items/frozen_tomato.png,/img/items/frozen_tomato.png,frozen_tomato.png,frozen_tomato,,existing,,frozen_tomato-394b664acc7e.png,generated/item-icons/frozen_tomato-394b664acc7e.png,,Observed from cached Buddy page-data item image; review before asset download or canonical promotion.
Frozen Wheel,frozen wheel,frozen-wheel,https://buddy.farm/i/frozen-wheel/,https://farmrpg.com/img/items/frozen_wheel.png,/img/items/frozen_wheel.png,frozen_wheel.png,frozen_wheel,,existing,,frozen_wheel-3033a75ffaee.png,generated/item-icons/frozen_wheel-3033a75ffaee.png,,Observed from cached Buddy page-data item image; review before asset download or canonical promotion.
Fruit Punch,fruit punch,fruit-punch,https://buddy.farm/i/fruit-punch/,https://farmrpg.com/img/items/fruitpunch.png,/img/items/fruitpunch.png,fruitpunch.png,fruitpunch,,existing,,fruitpunch-374851009f7a.png,generated/item-icons/fruitpunch-374851009f7a.png,,Observed from cached Buddy page-data item image; review before asset download or canonical promotion.
Fuji Apple,fuji apple,fuji-apple,https://buddy.farm/i/fuji-apple/,https://farmrpg.com/img/items/fujiapple.png,/img/items/fujiapple.png,fujiapple.png,fujiapple,,existing,,fujiapple-f56601dc39d3.png,generated/item-icons/fujiapple-f56601dc39d3.png,,Observed from cached Buddy page-data item image; review before asset download or canonical promotion.
Fungus Processing and You,fungus processing and you,fungus-processing-and-you,https://buddy.farm/i/fungus-processing-and-you/,https://farmrpg.com/img/items/mushroombook.png,/img/items/mushroombook.png,mushroombook.png,mushroombook,,existing,,mushroombook-7a9bab84f962.png,generated/item-icons/mushroombook-7a9bab84f962.png,,Observed from cached Buddy page-data item image; review before asset download or canonical promotion.
Fuzzy Bunny,fuzzy bunny,fuzzy-bunny,https://buddy.farm/i/fuzzy-bunny/,https://farmrpg.com/img/items/Fuzzybunny.png,/img/items/Fuzzybunny.png,Fuzzybunny.png,Fuzzybunny,,existing,,Fuzzybunny-3c25a522f7cb.png,generated/item-icons/Fuzzybunny-3c25a522f7cb.png,,Observed from cached Buddy page-data item image; review before asset download or canonical promotion.
Fuzzy Chick 01,fuzzy chick 01,fuzzy-chick-01,https://buddy.farm/i/fuzzy-chick-01/,https://farmrpg.com/img/items/fuzzychick1pink.png,/img/items/fuzzychick1pink.png,fuzzychick1pink.png,fuzzychick1pink,,existing,,fuzzychick1pink-176b4389dd6a.png,generated/item-icons/fuzzychick1pink-176b4389dd6a.png,,Observed from cached Buddy page-data item image; review before asset download or canonical promotion.
Fuzzy Chick 02,fuzzy chick 02,fuzzy-chick-02,https://buddy.farm/i/fuzzy-chick-02/,https://farmrpg.com/img/items/Fuzzychick2.png,/img/items/Fuzzychick2.png,Fuzzychick2.png,Fuzzychick2,,existing,,Fuzzychick2-2464b1554281.png,generated/item-icons/Fuzzychick2-2464b1554281.png,,Observed from cached Buddy page-data item image; review before asset download or canonical promotion.
Fuzzy Chick 03,fuzzy chick 03,fuzzy-chick-03,https://buddy.farm/i/fuzzy-chick-03/,https://farmrpg.com/img/items/Fuzzychick3green.png,/img/items/Fuzzychick3green.png,Fuzzychick3green.png,Fuzzychick3green,,existing,,Fuzzychick3green-dd0fcb3c78dc.png,generated/item-icons/Fuzzychick3green-dd0fcb3c78dc.png,,Observed from cached Buddy page-data item image; review before asset download or canonical promotion.
Fuzzy Chick 04,fuzzy chick 04,fuzzy-chick-04,https://buddy.farm/i/fuzzy-chick-04/,https://farmrpg.com/img/items/Fuzzychick3yellow.png,/img/items/Fuzzychick3yellow.png,Fuzzychick3yellow.png,Fuzzychick3yellow,,existing,,Fuzzychick3yellow-7544624b030f.png,generated/item-icons/Fuzzychick3yellow-7544624b030f.png,,Observed from cached Buddy page-data item image; review before asset download or canonical promotion.
Fuzzy Chick 05,fuzzy chick 05,fuzzy-chick-05,https://buddy.farm/i/fuzzy-chick-05/,https://farmrpg.com/img/items/Fuzzychick1blue.png,/img/items/Fuzzychick1blue.png,Fuzzychick1blue.png,Fuzzychick1blue,,existing,,Fuzzychick1blue-94d2f1f27c5d.png,generated/item-icons/Fuzzychick1blue-94d2f1f27c5d.png,,Observed from cached Buddy page-data item image; review before asset download or canonical promotion.
Fuzzy Chick 06,fuzzy chick 06,fuzzy-chick-06,https://buddy.farm/i/fuzzy-chick-06/,https://farmrpg.com/img/items/Fuzzychick3.png,/img/items/Fuzzychick3.png,Fuzzychick3.png,Fuzzychick3,,existing,,Fuzzychick3-c928209b29d6.png,generated/item-icons/Fuzzychick3-c928209b29d6.png,,Observed from cached Buddy page-data item image; review before asset download or canonical promotion.
Fuzzy Chick 07,fuzzy chick 07,fuzzy-chick-07,https://buddy.farm/i/fuzzy-chick-07/,https://farmrpg.com/img/items/Fuzzychick2green.png,/img/items/Fuzzychick2green.png,Fuzzychick2green.png,Fuzzychick2green,,existing,,Fuzzychick2green-9e3f8473882f.png,generated/item-icons/Fuzzychick2green-9e3f8473882f.png,,Observed from cached Buddy page-data item image; review before asset download or canonical promotion.
Fuzzy Chick 08,fuzzy chick 08,fuzzy-chick-08,https://buddy.farm/i/fuzzy-chick-08/,https://farmrpg.com/img/items/Fuzzychick1.png,/img/items/Fuzzychick1.png,Fuzzychick1.png,Fuzzychick1,,existing,,Fuzzychick1-3fbfbfd633f0.png,generated/item-icons/Fuzzychick1-3fbfbfd633f0.png,,Observed from cached Buddy page-data item image; review before asset download or canonical promotion.
Fuzzy Chick 09,fuzzy chick 09,fuzzy-chick-09,https://buddy.farm/i/fuzzy-chick-09/,https://farmrpg.com/img/items/Fuzzychick2pink.png,/img/items/Fuzzychick2pink.png,Fuzzychick2pink.png,Fuzzychick2pink,,existing,,Fuzzychick2pink-c7c26d3aa4cc.png,generated/item-icons/Fuzzychick2pink-c7c26d3aa4cc.png,,Observed from cached Buddy page-data item image; review before asset download or canonical promotion.
Fuzzy Chick 10,fuzzy chick 10,fuzzy-chick-10,https://buddy.farm/i/fuzzy-chick-10/,https://farmrpg.com/img/items/Fuzzychick1green.png,/img/items/Fuzzychick1green.png,Fuzzychick1green.png,Fuzzychick1green,,existing,,Fuzzychick1green-01294f037002.png,generated/item-icons/Fuzzychick1green-01294f037002.png,,Observed from cached Buddy page-data item image; review before asset download or canonical promotion.
Fuzzy Chick 11,fuzzy chick 11,fuzzy-chick-11,https://buddy.farm/i/fuzzy-chick-11/,https://farmrpg.com/img/items/Fuzzychick2yellow.png,/img/items/Fuzzychick2yellow.png,Fuzzychick2yellow.png,Fuzzychick2yellow,,existing,,Fuzzychick2yellow-36e977eb6d48.png,generated/item-icons/Fuzzychick2yellow-36e977eb6d48.png,,Observed from cached Buddy page-data item image; review before asset download or canonical promotion.
Fuzzy Chick 12,fuzzy chick 12,fuzzy-chick-12,https://buddy.farm/i/fuzzy-chick-12/,https://farmrpg.com/img/items/Fuzzychick3blue.png,/img/items/Fuzzychick3blue.png,Fuzzychick3blue.png,Fuzzychick3blue,,existing,,Fuzzychick3blue-7f88a2034889.png,generated/item-icons/Fuzzychick3blue-7f88a2034889.png,,Observed from cached Buddy page-data item image; review before asset download or canonical promotion.
Fuzzy Egg,fuzzy egg,fuzzy-egg,https://buddy.farm/i/fuzzy-egg/,https://farmrpg.com/img/items/fuzzychickegg.png,/img/items/fuzzychickegg.png,fuzzychickegg.png,fuzzychickegg,,existing,,fuzzychickegg-9a487cec0101.png,generated/item-icons/fuzzychickegg-9a487cec0101.png,,Observed from cached Buddy page-data item image; review before asset download or canonical promotion.
Fuzzy Trophy,fuzzy trophy,fuzzy-trophy,https://buddy.farm/i/fuzzy-trophy/,https://farmrpg.com/img/items/fuzzytrophy.png,/img/items/fuzzytrophy.png,fuzzytrophy.png,fuzzytrophy,,downloaded,200,fuzzytrophy-8b7ae5e2700b.png,generated/item-icons/fuzzytrophy-8b7ae5e2700b.png,,Observed from cached Buddy page-data item image; review before asset download or canonical promotion.
Fuzzy Trout,fuzzy trout,fuzzy-trout,https://buddy.farm/i/fuzzy-trout/,https://farmrpg.com/img/items/fuzzy_trout.png,/img/items/fuzzy_trout.png,fuzzy_trout.png,fuzzy_trout,,downloaded,200,fuzzy_trout-dbf72b754045.png,generated/item-icons/fuzzy_trout-dbf72b754045.png,,Observed from cached Buddy page-data item image; review before asset download or canonical promotion.
Gainite,gainite,gainite,https://buddy.farm/i/gainite/,https://farmrpg.com/img/items/gainite.png,/img/items/gainite.png,gainite.png,gainite,,existing,,gainite-027a971e30f0.png,generated/item-icons/gainite-027a971e30f0.png,,Observed from cached Buddy page-data item image; review before asset download or canonical promotion.
Galactic Egg Basket,galactic egg basket,galactic-egg-basket,https://buddy.farm/i/galactic-egg-basket/,https://farmrpg.com/img/items/space_egg_chest.png,/img/items/space_egg_chest.png,space_egg_chest.png,space_egg_chest,,existing,,space_egg_chest-906e18e2b41b.png,generated/item-icons/space_egg_chest-906e18e2b41b.png,,Observed from cached Buddy page-data item image; review before asset download or canonical promotion.
Garden Claw,garden claw,garden-claw,https://buddy.farm/i/garden-claw/,https://farmrpg.com/img/items/garden_claw.png,/img/items/garden_claw.png,garden_claw.png,garden_claw,,downloaded,200,garden_claw-21ea0e2594d9.png,generated/item-icons/garden_claw-21ea0e2594d9.png,,Observed from cached Buddy page-data item image; review before asset download or canonical promotion.
Garden Crate 01,garden crate 01,garden-crate-01,https://buddy.farm/i/garden-crate-01/,https://farmrpg.com/img/items/garden_crate.png,/img/items/garden_crate.png,garden_crate.png,garden_crate,,existing,,garden_crate-21e11023810a.png,generated/item-icons/garden_crate-21e11023810a.png,,Observed from cached Buddy page-data item image; review before asset download or canonical promotion.
Garden Trowel,garden trowel,garden-trowel,https://buddy.farm/i/garden-trowel/,https://farmrpg.com/img/items/trowel.png,/img/items/trowel.png,trowel.png,trowel,,downloaded,200,trowel-7c15590513a5.png,generated/item-icons/trowel-7c15590513a5.png,,Observed from cached Buddy page-data item image; review before asset download or canonical promotion.
Gare Bear,gare bear,gare-bear,https://buddy.farm/i/gare-bear/,https://farmrpg.com/img/items/buffteddy2.png,/img/items/buffteddy2.png,buffteddy2.png,buffteddy2,,existing,,buffteddy2-a6e4773d5796.png,generated/item-icons/buffteddy2-a6e4773d5796.png,,Observed from cached Buddy page-data item image; review before asset download or canonical promotion.
Garlic,garlic,garlic,https://buddy.farm/i/garlic/,https://farmrpg.com/img/items/garlic_t_02.png,/img/items/garlic_t_02.png,garlic_t_02.png,garlic_t_02,,existing,,garlic_t_02-cb0e0a4edda6.png,generated/item-icons/garlic_t_02-cb0e0a4edda6.png,,Observed from cached Buddy page-data item image; review before asset download or canonical promotion.
Garnet,garnet,garnet,https://buddy.farm/i/garnet/,https://farmrpg.com/img/items/8008.png,/img/items/8008.png,8008.png,8008,8008,existing,,8008-728c344bd16e.png,generated/item-icons/8008-728c344bd16e.png,,Observed from cached Buddy page-data item image; review before asset download or canonical promotion.
Garnet Ring,garnet ring,garnet-ring,https://buddy.farm/i/garnet-ring/,https://farmrpg.com/img/items/garnetring.png,/img/items/garnetring.png,garnetring.png,garnetring,,existing,,garnetring-94dec8091e4a.png,generated/item-icons/garnetring-94dec8091e4a.png,,Observed from cached Buddy page-data item image; review before asset download or canonical promotion.
Gary Bobblehead,gary bobblehead,gary-bobblehead,https://buddy.farm/i/gary-bobblehead/,https://farmrpg.com/img/items/bobble_gary.png,/img/items/bobble_gary.png,bobble_gary.png,bobble_gary,,existing,,bobble_gary-f2d97c30f86a.png,generated/item-icons/bobble_gary-f2d97c30f86a.png,,Observed from cached Buddy page-data item image; review before asset download or canonical promotion.
Gary's Crushroom Key,gary s crushroom key,gary-s-crushroom-key,https://buddy.farm/i/gary-s-crushroom-key/,https://farmrpg.com/img/items/mushroomkey.png,/img/items/mushroomkey.png,mushroomkey.png,mushroomkey,,existing,,mushroomkey-0001494a0c62.png,generated/item-icons/mushroomkey-0001494a0c62.png,,Observed from cached Buddy page-data item image; review before asset download or canonical promotion.
Gary's Diary Page 12,gary s diary page 12,gary-s-diary-page-12,https://buddy.farm/i/gary-s-diary-page-12/,https://farmrpg.com/img/items/d_page12.png,/img/items/d_page12.png,d_page12.png,d_page12,,existing,,d_page12-b15a3c651ea8.png,generated/item-icons/d_page12-b15a3c651ea8.png,,Observed from cached Buddy page-data item image; review before asset download or canonical promotion.
Gary's Diary Page 36,gary s diary page 36,gary-s-diary-page-36,https://buddy.farm/i/gary-s-diary-page-36/,https://farmrpg.com/img/items/d_page36.png,/img/items/d_page36.png,d_page36.png,d_page36,,existing,,d_page36-9a8039cdca7d.png,generated/item-icons/d_page36-9a8039cdca7d.png,,Observed from cached Buddy page-data item image; review before asset download or canonical promotion.
Gary's Diary Page 77,gary s diary page 77,gary-s-diary-page-77,https://buddy.farm/i/gary-s-diary-page-77/,https://farmrpg.com/img/items/d_page77.png,/img/items/d_page77.png,d_page77.png,d_page77,,existing,,d_page77-6eeaf560f691.png,generated/item-icons/d_page77-6eeaf560f691.png,,Observed from cached Buddy page-data item image; review before asset download or canonical promotion.
Gary's Diary Page 86,gary s diary page 86,gary-s-diary-page-86,https://buddy.farm/i/gary-s-diary-page-86/,https://farmrpg.com/img/items/d_page86.png,/img/items/d_page86.png,d_page86.png,d_page86,,existing,,d_page86-6dcf2559038f.png,generated/item-icons/d_page86-6dcf2559038f.png,,Observed from cached Buddy page-data item image; review before asset download or canonical promotion.
Gazebo,gazebo,gazebo,https://buddy.farm/i/gazebo/,https://farmrpg.com/img/items/Gazebo.png,/img/items/Gazebo.png,Gazebo.png,Gazebo,,existing,,Gazebo-af84a0ba8987.png,generated/item-icons/Gazebo-af84a0ba8987.png,,Observed from cached Buddy page-data item image; review before asset download or canonical promotion.
Geist Bobblehead,geist bobblehead,geist-bobblehead,https://buddy.farm/i/geist-bobblehead/,https://farmrpg.com/img/items/bobble_geist.png,/img/items/bobble_geist.png,bobble_geist.png,bobble_geist,,existing,,bobble_geist-b75db7b6ad9c.png,generated/item-icons/bobble_geist-b75db7b6ad9c.png,,Observed from cached Buddy page-data item image; review before asset download or canonical promotion.
George Bobblehead,george bobblehead,george-bobblehead,https://buddy.farm/i/george-bobblehead/,https://farmrpg.com/img/items/bobble_george.png,/img/items/bobble_george.png,bobble_george.png,bobble_george,,existing,,bobble_george-0d4c4e795b02.png,generated/item-icons/bobble_george-0d4c4e795b02.png,,Observed from cached Buddy page-data item image; review before asset download or canonical promotion.
George's Acorn Pie,george s acorn pie,george-s-acorn-pie,https://buddy.farm/i/george-s-acorn-pie/,https://farmrpg.com/img/items/recipe.png,/img/items/recipe.png,recipe.png,recipe,,reused,,recipe-ebec090231f1.png,generated/item-icons/recipe-ebec090231f1.png,,Observed from cached Buddy page-data item image; review before asset download or canonical promotion.
George's Onion Soup,george s onion soup,george-s-onion-soup,https://buddy.farm/i/george-s-onion-soup/,https://farmrpg.com/img/items/recipe.png,/img/items/recipe.png,recipe.png,recipe,,reused,,recipe-ebec090231f1.png,generated/item-icons/recipe-ebec090231f1.png,,Observed from cached Buddy page-data item image; review before asset download or canonical promotion.
Get Well Soon Card,get well soon card,get-well-soon-card,https://buddy.farm/i/get-well-soon-card/,https://farmrpg.com/img/items/card_gws.png,/img/items/card_gws.png,card_gws.png,card_gws,,existing,,card_gws-5f5fccf0e30f.png,generated/item-icons/card_gws-5f5fccf0e30f.png,,Observed from cached Buddy page-data item image; review before asset download or canonical promotion.
Ghost Buddy Doll,ghost buddy doll,ghost-buddy-doll,https://buddy.farm/i/ghost-buddy-doll/,https://farmrpg.com/img/items/gbuddy.png,/img/items/gbuddy.png,gbuddy.png,gbuddy,,existing,,gbuddy-ca6ad2064dec.png,generated/item-icons/gbuddy-ca6ad2064dec.png,,Observed from cached Buddy page-data item image; review before asset download or canonical promotion.
Ghost Candy,ghost candy,ghost-candy,https://buddy.farm/i/ghost-candy/,https://farmrpg.com/img/items/ghost_candy.png,/img/items/ghost_candy.png,ghost_candy.png,ghost_candy,,existing,,ghost_candy-2f191adda84a.png,generated/item-icons/ghost_candy-2f191adda84a.png,,Observed from cached Buddy page-data item image; review before asset download or canonical promotion.
Ghost Jelly,ghost jelly,ghost-jelly,https://buddy.farm/i/ghost-jelly/,https://farmrpg.com/img/items/afk_8592.png,/img/items/afk_8592.png,afk_8592.png,afk_8592,,existing,,afk_8592-3c0d8043bed4.png,generated/item-icons/afk_8592-3c0d8043bed4.png,,Observed from cached Buddy page-data item image; review before asset download or canonical promotion.
Giant Centipede,giant centipede,giant-centipede,https://buddy.farm/i/giant-centipede/,https://farmrpg.com/img/items/giantcent.png,/img/items/giantcent.png,giantcent.png,giantcent,,existing,,giantcent-0bd7e63f0756.png,generated/item-icons/giantcent-0bd7e63f0756.png,,Observed from cached Buddy page-data item image; review before asset download or canonical promotion.
Giant Squid,giant squid,giant-squid,https://buddy.farm/i/giant-squid/,https://farmrpg.com/img/items/7726.PNG,/img/items/7726.PNG,7726.PNG,7726,7726,existing,,7726-7063c23e2339.png,generated/item-icons/7726-7063c23e2339.png,,Observed from cached Buddy page-data item image; review before asset download or canonical promotion.
Gift Basket 01,gift basket 01,gift-basket-01,https://buddy.farm/i/gift-basket-01/,https://farmrpg.com/img/items/giftbasket.png,/img/items/giftbasket.png,giftbasket.png,giftbasket,,existing,,giftbasket-00f09854e41e.png,generated/item-icons/giftbasket-00f09854e41e.png,,Observed from cached Buddy page-data item image; review before asset download or canonical promotion.
Gift Basket 02,gift basket 02,gift-basket-02,https://buddy.farm/i/gift-basket-02/,https://farmrpg.com/img/items/giftbasket.png,/img/items/giftbasket.png,giftbasket.png,giftbasket,,reused,,giftbasket-00f09854e41e.png,generated/item-icons/giftbasket-00f09854e41e.png,,Observed from cached Buddy page-data item image; review before asset download or canonical promotion.
Gingerbread Buddy Doll,gingerbread buddy doll,gingerbread-buddy-doll,https://buddy.farm/i/gingerbread-buddy-doll/,https://farmrpg.com/img/items/gingerbreadbuddydoll.png,/img/items/gingerbreadbuddydoll.png,gingerbreadbuddydoll.png,gingerbreadbuddydoll,,existing,,gingerbreadbuddydoll-49cb1bf20322.png,generated/item-icons/gingerbreadbuddydoll-49cb1bf20322.png,,Observed from cached Buddy page-data item image; review before asset download or canonical promotion.
Gingerbread House,gingerbread house,gingerbread-house,https://buddy.farm/i/gingerbread-house/,https://farmrpg.com/img/items/10_sm.png,/img/items/10_sm.png,10_sm.png,10_sm,,existing,,10_sm-3667ddb341d9.png,generated/item-icons/10_sm-3667ddb341d9.png,,Observed from cached Buddy page-data item image; review before asset download or canonical promotion.
Gingerbread Man,gingerbread man,gingerbread-man,https://buddy.farm/i/gingerbread-man/,https://farmrpg.com/img/items/4_sm.png,/img/items/4_sm.png,4_sm.png,4_sm,,existing,,4_sm-5e8613fdc0cf.png,generated/item-icons/4_sm-5e8613fdc0cf.png,,Observed from cached Buddy page-data item image; review before asset download or canonical promotion.
Giving Box 01,giving box 01,giving-box-01,https://buddy.farm/i/giving-box-01/,https://farmrpg.com/img/items/nicebox1.png,/img/items/nicebox1.png,nicebox1.png,nicebox1,,existing,,nicebox1-cd12c40f15db.png,generated/item-icons/nicebox1-cd12c40f15db.png,,Observed from cached Buddy page-data item image; review before asset download or canonical promotion.
Glacierstone,glacierstone,glacierstone,https://buddy.farm/i/glacierstone/,https://farmrpg.com/img/items/icestone.png,/img/items/icestone.png,icestone.png,icestone,,existing,,icestone-dbb1daf55dca.png,generated/item-icons/icestone-dbb1daf55dca.png,,Observed from cached Buddy page-data item image; review before asset download or canonical promotion.
Glass Bottle,glass bottle,glass-bottle,https://buddy.farm/i/glass-bottle/,https://farmrpg.com/img/items/7727.PNG?1,/img/items/7727.PNG,7727.PNG,7727,7727,existing,,7727-e9d8066d97f0.png,generated/item-icons/7727-e9d8066d97f0.png,,Observed from cached Buddy page-data item image; review before asset download or canonical promotion.
Glass Eye Urchin,glass eye urchin,glass-eye-urchin,https://buddy.farm/i/glass-eye-urchin/,https://farmrpg.com/img/items/afk_8843.png,/img/items/afk_8843.png,afk_8843.png,afk_8843,,existing,,afk_8843-312d4ba20939.png,generated/item-icons/afk_8843-312d4ba20939.png,,Observed from cached Buddy page-data item image; review before asset download or canonical promotion.
Glass Eyes,glass eyes,glass-eyes,https://buddy.farm/i/glass-eyes/,https://farmrpg.com/img/items/eyes_t_01.png,/img/items/eyes_t_01.png,eyes_t_01.png,eyes_t_01,,existing,,eyes_t_01-c808b541a67a.png,generated/item-icons/eyes_t_01-c808b541a67a.png,,Observed from cached Buddy page-data item image; review before asset download or canonical promotion.
Glass Jar,glass jar,glass-jar,https://buddy.farm/i/glass-jar/,https://farmrpg.com/img/items/glassjar.png,/img/items/glassjar.png,glassjar.png,glassjar,,existing,,glassjar-2664b85cf394.png,generated/item-icons/glassjar-2664b85cf394.png,,Observed from cached Buddy page-data item image; review before asset download or canonical promotion.
Glass Orb,glass orb,glass-orb,https://buddy.farm/i/glass-orb/,https://farmrpg.com/img/items/5708.PNG,/img/items/5708.PNG,5708.PNG,5708,5708,existing,,5708-2c04587602de.png,generated/item-icons/5708-2c04587602de.png,,Observed from cached Buddy page-data item image; review before asset download or canonical promotion.
Glassback,glassback,glassback,https://buddy.farm/i/glassback/,https://farmrpg.com/img/items/glassback.png,/img/items/glassback.png,glassback.png,glassback,,existing,,glassback-2fda57e9c3f5.png,generated/item-icons/glassback-2fda57e9c3f5.png,,Observed from cached Buddy page-data item image; review before asset download or canonical promotion.
Globber,globber,globber,https://buddy.farm/i/globber/,https://farmrpg.com/img/items/5766.png,/img/items/5766.png,5766.png,5766,5766,existing,,5766-83550943cd73.png,generated/item-icons/5766-83550943cd73.png,,Observed from cached Buddy page-data item image; review before asset download or canonical promotion.
Gloorp,gloorp,gloorp,https://buddy.farm/i/gloorp/,https://farmrpg.com/img/items/Gloorpp.png,/img/items/Gloorpp.png,Gloorpp.png,Gloorpp,,downloaded,200,Gloorpp-aa4317520e2f.png,generated/item-icons/Gloorpp-aa4317520e2f.png,,Observed from cached Buddy page-data item image; review before asset download or canonical promotion.
Glowing Lantern,glowing lantern,glowing-lantern,https://buddy.farm/i/glowing-lantern/,https://farmrpg.com/img/items/glowinglantern.png,/img/items/glowinglantern.png,glowinglantern.png,glowinglantern,,existing,,glowinglantern-c4ef8ae32e04.png,generated/item-icons/glowinglantern-c4ef8ae32e04.png,,Observed from cached Buddy page-data item image; review before asset download or canonical promotion.
Glowshroom,glowshroom,glowshroom,https://buddy.farm/i/glowshroom/,https://farmrpg.com/img/items/glowshroom.png,/img/items/glowshroom.png,glowshroom.png,glowshroom,,existing,,glowshroom-bcfa749f3d43.png,generated/item-icons/glowshroom-bcfa749f3d43.png,,Observed from cached Buddy page-data item image; review before asset download or canonical promotion.
Gold Apple,gold apple,gold-apple,https://buddy.farm/i/gold-apple/,https://farmrpg.com/img/items/goldapple2.png,/img/items/goldapple2.png,goldapple2.png,goldapple2,,existing,,goldapple2-4ce60ca28c90.png,generated/item-icons/goldapple2-4ce60ca28c90.png,,Observed from cached Buddy page-data item image; review before asset download or canonical promotion.
Gold Aquamarine Ring,gold aquamarine ring,gold-aquamarine-ring,https://buddy.farm/i/gold-aquamarine-ring/,https://farmrpg.com/img/items/goldaqring.png,/img/items/goldaqring.png,goldaqring.png,goldaqring,,existing,,goldaqring-d1f5e935df65.png,generated/item-icons/goldaqring-d1f5e935df65.png,,Observed from cached Buddy page-data item image; review before asset download or canonical promotion.
Gold Boot,gold boot,gold-boot,https://buddy.farm/i/gold-boot/,https://farmrpg.com/img/items/gboot.png?1,/img/items/gboot.png,gboot.png,gboot,,existing,,gboot-b190b04ae3a7.png,generated/item-icons/gboot-b190b04ae3a7.png,,Observed from cached Buddy page-data item image; review before asset download or canonical promotion.
Gold Buddy Sweater,gold buddy sweater,gold-buddy-sweater,https://buddy.farm/i/gold-buddy-sweater/,https://farmrpg.com/img/items/ugly_sweater_gold.png,/img/items/ugly_sweater_gold.png,ugly_sweater_gold.png,ugly_sweater_gold,,existing,,ugly_sweater_gold-569300d93495.png,generated/item-icons/ugly_sweater_gold-569300d93495.png,,Observed from cached Buddy page-data item image; review before asset download or canonical promotion.
Gold Carrot,gold carrot,gold-carrot,https://buddy.farm/i/gold-carrot/,https://farmrpg.com/img/items/8391g.png,/img/items/8391g.png,8391g.png,8391g,,existing,,8391g-b5bad582d2b9.png,generated/item-icons/8391g-b5bad582d2b9.png,,Observed from cached Buddy page-data item image; review before asset download or canonical promotion.
Gold Carrot Seeds,gold carrot seeds,gold-carrot-seeds,https://buddy.farm/i/gold-carrot-seeds/,https://farmrpg.com/img/items/seeds_gcarrots.png,/img/items/seeds_gcarrots.png,seeds_gcarrots.png,seeds_gcarrots,,existing,,seeds_gcarrots-1d784bf99754.png,generated/item-icons/seeds_gcarrots-1d784bf99754.png,,Observed from cached Buddy page-data item image; review before asset download or canonical promotion.
Gold Catfish,gold catfish,gold-catfish,https://buddy.farm/i/gold-catfish/,https://farmrpg.com/img/items/goldcatfish.png,/img/items/goldcatfish.png,goldcatfish.png,goldcatfish,,existing,,goldcatfish-07d6aa3d0e71.png,generated/item-icons/goldcatfish-07d6aa3d0e71.png,,Observed from cached Buddy page-data item image; review before asset download or canonical promotion.
Gold Coral,gold coral,gold-coral,https://buddy.farm/i/gold-coral/,https://farmrpg.com/img/items/goldcoral.png,/img/items/goldcoral.png,goldcoral.png,goldcoral,,existing,,goldcoral-9aceb86ce6d0.png,generated/item-icons/goldcoral-9aceb86ce6d0.png,,Observed from cached Buddy page-data item image; review before asset download or canonical promotion.
Gold Crab,gold crab,gold-crab,https://buddy.farm/i/gold-crab/,https://farmrpg.com/img/items/fishing_102_t.png,/img/items/fishing_102_t.png,fishing_102_t.png,fishing_102_t,,existing,,fishing_102_t-8adac396b2b6.png,generated/item-icons/fishing_102_t-8adac396b2b6.png,,Observed from cached Buddy page-data item image; review before asset download or canonical promotion.
Gold Cucumber,gold cucumber,gold-cucumber,https://buddy.farm/i/gold-cucumber/,https://farmrpg.com/img/items/5805g.png?1,/img/items/5805g.png,5805g.png,5805g,,existing,,5805g-5d1d655b0d52.png,generated/item-icons/5805g-5d1d655b0d52.png,,Observed from cached Buddy page-data item image; review before asset download or canonical promotion.
Gold Cucumber Seeds,gold cucumber seeds,gold-cucumber-seeds,https://buddy.farm/i/gold-cucumber-seeds/,https://farmrpg.com/img/items/seeds_gcucumber.png,/img/items/seeds_gcucumber.png,seeds_gcucumber.png,seeds_gcucumber,,existing,,seeds_gcucumber-e23685e737bb.png,generated/item-icons/seeds_gcucumber-e23685e737bb.png,,Observed from cached Buddy page-data item image; review before asset download or canonical promotion.
Gold Diamond Ring,gold diamond ring,gold-diamond-ring,https://buddy.farm/i/gold-diamond-ring/,https://farmrpg.com/img/items/864.png,/img/items/864.png,864.png,864,864,existing,,864-bb1d0876da55.png,generated/item-icons/864-bb1d0876da55.png,,Observed from cached Buddy page-data item image; review before asset download or canonical promotion.
Gold Drum,gold drum,gold-drum,https://buddy.farm/i/gold-drum/,https://farmrpg.com/img/items/golddrum.png,/img/items/golddrum.png,golddrum.png,golddrum,,existing,,golddrum-493af85cdebe.png,generated/item-icons/golddrum-493af85cdebe.png,,Observed from cached Buddy page-data item image; review before asset download or canonical promotion.
Gold Egg,gold egg,gold-egg,https://buddy.farm/i/gold-egg/,https://farmrpg.com/img/items/egg_gold.png,/img/items/egg_gold.png,egg_gold.png,egg_gold,,existing,,egg_gold-8dc040996cb4.png,generated/item-icons/egg_gold-8dc040996cb4.png,,Observed from cached Buddy page-data item image; review before asset download or canonical promotion.
Gold Eggplant,gold eggplant,gold-eggplant,https://buddy.farm/i/gold-eggplant/,https://farmrpg.com/img/items/geggplant.png?1,/img/items/geggplant.png,geggplant.png,geggplant,,existing,,geggplant-0b217873e4a6.png,generated/item-icons/geggplant-0b217873e4a6.png,,Observed from cached Buddy page-data item image; review before asset download or canonical promotion.
Gold Eggplant Seeds,gold eggplant seeds,gold-eggplant-seeds,https://buddy.farm/i/gold-eggplant-seeds/,https://farmrpg.com/img/items/seeds_geggplants.png,/img/items/seeds_geggplants.png,seeds_geggplants.png,seeds_geggplants,,existing,,seeds_geggplants-e1ba938e7f99.png,generated/item-icons/seeds_geggplants-e1ba938e7f99.png,,Observed from cached Buddy page-data item image; review before asset download or canonical promotion.
Gold Emerald Ring,gold emerald ring,gold-emerald-ring,https://buddy.farm/i/gold-emerald-ring/,https://farmrpg.com/img/items/goldemring.png,/img/items/goldemring.png,goldemring.png,goldemring,,existing,,goldemring-ed434acacdaf.png,generated/item-icons/goldemring-ed434acacdaf.png,,Observed from cached Buddy page-data item image; review before asset download or canonical promotion.
Gold Feather,gold feather,gold-feather,https://buddy.farm/i/gold-feather/,https://farmrpg.com/img/items/5996.png,/img/items/5996.png,5996.png,5996,5996,existing,,5996-4f206de1ce2a.png,generated/item-icons/5996-4f206de1ce2a.png,,Observed from cached Buddy page-data item image; review before asset download or canonical promotion.
Gold Feed,gold feed,gold-feed,https://buddy.farm/i/gold-feed/,https://farmrpg.com/img/items/goldfeed.png,/img/items/goldfeed.png,goldfeed.png,goldfeed,,existing,,goldfeed-02bb833f7593.png,generated/item-icons/goldfeed-02bb833f7593.png,,Observed from cached Buddy page-data item image; review before asset download or canonical promotion.
Gold Flier,gold flier,gold-flier,https://buddy.farm/i/gold-flier/,https://farmrpg.com/img/items/goldflier.png,/img/items/goldflier.png,goldflier.png,goldflier,,existing,,goldflier-4455f87caa82.png,generated/item-icons/goldflier-4455f87caa82.png,,Observed from cached Buddy page-data item image; review before asset download or canonical promotion.
Gold Garnet Ring,gold garnet ring,gold-garnet-ring,https://buddy.farm/i/gold-garnet-ring/,https://farmrpg.com/img/items/goldgarnetring.png,/img/items/goldgarnetring.png,goldgarnetring.png,goldgarnetring,,existing,,goldgarnetring-2712f9b2ce85.png,generated/item-icons/goldgarnetring-2712f9b2ce85.png,,Observed from cached Buddy page-data item image; review before asset download or canonical promotion.
Gold Horseshoe,gold horseshoe,gold-horseshoe,https://buddy.farm/i/gold-horseshoe/,https://farmrpg.com/img/items/goldhs.png,/img/items/goldhs.png,goldhs.png,goldhs,,existing,,goldhs-8c90a0fd49ee.png,generated/item-icons/goldhs-8c90a0fd49ee.png,,Observed from cached Buddy page-data item image; review before asset download or canonical promotion.
Gold Jade Ring,gold jade ring,gold-jade-ring,https://buddy.farm/i/gold-jade-ring/,https://farmrpg.com/img/items/goldjadering2.png,/img/items/goldjadering2.png,goldjadering2.png,goldjadering2,,existing,,goldjadering2-a92a758dfdef.png,generated/item-icons/goldjadering2-a92a758dfdef.png,,Observed from cached Buddy page-data item image; review before asset download or canonical promotion.
Gold Jelly,gold jelly,gold-jelly,https://buddy.farm/i/gold-jelly/,https://farmrpg.com/img/items/goldjelly.png,/img/items/goldjelly.png,goldjelly.png,goldjelly,,existing,,goldjelly-3777d48a2aa5.png,generated/item-icons/goldjelly-3777d48a2aa5.png,,Observed from cached Buddy page-data item image; review before asset download or canonical promotion.
Gold King Apple,gold king apple,gold-king-apple,https://buddy.farm/i/gold-king-apple/,https://farmrpg.com/img/items/king_apple_gold.png?1,/img/items/king_apple_gold.png,king_apple_gold.png,king_apple_gold,,existing,,king_apple_gold-64cc89adf0ff.png,generated/item-icons/king_apple_gold-64cc89adf0ff.png,,Observed from cached Buddy page-data item image; review before asset download or canonical promotion.
Gold Laurel,gold laurel,gold-laurel,https://buddy.farm/i/gold-laurel/,https://farmrpg.com/img/items/goldleaflaurel.png,/img/items/goldleaflaurel.png,goldleaflaurel.png,goldleaflaurel,,existing,,goldleaflaurel-847c9d4f5493.png,generated/item-icons/goldleaflaurel-847c9d4f5493.png,,Observed from cached Buddy page-data item image; review before asset download or canonical promotion.
Gold Leaf,gold leaf,gold-leaf,https://buddy.farm/i/gold-leaf/,https://farmrpg.com/img/items/8774.png,/img/items/8774.png,8774.png,8774,8774,existing,,8774-b7835aca6da2.png,generated/item-icons/8774-b7835aca6da2.png,,Observed from cached Buddy page-data item image; review before asset download or canonical promotion.
Gold Lemon Quartz Ring,gold lemon quartz ring,gold-lemon-quartz-ring,https://buddy.farm/i/gold-lemon-quartz-ring/,https://farmrpg.com/img/items/goldlqring.png,/img/items/goldlqring.png,goldlqring.png,goldlqring,,existing,,goldlqring-d513ec760981.png,generated/item-icons/goldlqring-d513ec760981.png,,Observed from cached Buddy page-data item image; review before asset download or canonical promotion.
Gold Mittens,gold mittens,gold-mittens,https://buddy.farm/i/gold-mittens/,https://farmrpg.com/img/items/goldmittens.png,/img/items/goldmittens.png,goldmittens.png,goldmittens,,existing,,goldmittens-dd67ed391301.png,generated/item-icons/goldmittens-dd67ed391301.png,,Observed from cached Buddy page-data item image; review before asset download or canonical promotion.
Gold Pea Seeds,gold pea seeds,gold-pea-seeds,https://buddy.farm/i/gold-pea-seeds/,https://farmrpg.com/img/items/seeds_gpeas.png,/img/items/seeds_gpeas.png,seeds_gpeas.png,seeds_gpeas,,existing,,seeds_gpeas-8c4f67e7cf37.png,generated/item-icons/seeds_gpeas-8c4f67e7cf37.png,,Observed from cached Buddy page-data item image; review before asset download or canonical promotion.
Gold Peas,gold peas,gold-peas,https://buddy.farm/i/gold-peas/,https://farmrpg.com/img/items/8259g.png,/img/items/8259g.png,8259g.png,8259g,,existing,,8259g-e1fd52e3f162.png,generated/item-icons/8259g-e1fd52e3f162.png,,Observed from cached Buddy page-data item image; review before asset download or canonical promotion.
Gold Pepper Seeds,gold pepper seeds,gold-pepper-seeds,https://buddy.farm/i/gold-pepper-seeds/,https://farmrpg.com/img/items/seeds_gpeppers.png,/img/items/seeds_gpeppers.png,seeds_gpeppers.png,seeds_gpeppers,,existing,,seeds_gpeppers-9def080228a9.png,generated/item-icons/seeds_gpeppers-9def080228a9.png,,Observed from cached Buddy page-data item image; review before asset download or canonical promotion.
Gold Peppers,gold peppers,gold-peppers,https://buddy.farm/i/gold-peppers/,https://farmrpg.com/img/items/8301g.png?1,/img/items/8301g.png,8301g.png,8301g,,existing,,8301g-fa32dc1a936a.png,generated/item-icons/8301g-fa32dc1a936a.png,,Observed from cached Buddy page-data item image; review before asset download or canonical promotion.
Gold Potato,gold potato,gold-potato,https://buddy.farm/i/gold-potato/,https://farmrpg.com/img/items/gp3.png,/img/items/gp3.png,gp3.png,gp3,,existing,,gp3-e10e5be252ce.png,generated/item-icons/gp3-e10e5be252ce.png,,Observed from cached Buddy page-data item image; review before asset download or canonical promotion.
Gold Ring,gold ring,gold-ring,https://buddy.farm/i/gold-ring/,https://farmrpg.com/img/items/goldring.png,/img/items/goldring.png,goldring.png,goldring,,existing,,goldring-68ee9ef73a38.png,generated/item-icons/goldring-68ee9ef73a38.png,,Observed from cached Buddy page-data item image; review before asset download or canonical promotion.
Gold Ruby Ring,gold ruby ring,gold-ruby-ring,https://buddy.farm/i/gold-ruby-ring/,https://farmrpg.com/img/items/goldrubyring.png,/img/items/goldrubyring.png,goldrubyring.png,goldrubyring,,existing,,goldrubyring-dcb74683bf9a.png,generated/item-icons/goldrubyring-dcb74683bf9a.png,,Observed from cached Buddy page-data item image; review before asset download or canonical promotion.
Gold Rudolph,gold rudolph,gold-rudolph,https://buddy.farm/i/gold-rudolph/,https://farmrpg.com/img/items/goldrudolph.png,/img/items/goldrudolph.png,goldrudolph.png,goldrudolph,,existing,,goldrudolph-8a9760f88581.png,generated/item-icons/goldrudolph-8a9760f88581.png,,Observed from cached Buddy page-data item image; review before asset download or canonical promotion.
Gold Sea Bass,gold sea bass,gold-sea-bass,https://buddy.farm/i/gold-sea-bass/,https://farmrpg.com/img/items/goldseabass.png,/img/items/goldseabass.png,goldseabass.png,goldseabass,,existing,,goldseabass-914c6e6056dd.png,generated/item-icons/goldseabass-914c6e6056dd.png,,Observed from cached Buddy page-data item image; review before asset download or canonical promotion.
Gold Sea Crest,gold sea crest,gold-sea-crest,https://buddy.farm/i/gold-sea-crest/,https://farmrpg.com/img/items/goldseacrest.png,/img/items/goldseacrest.png,goldseacrest.png,goldseacrest,,existing,,goldseacrest-010529dd81e2.png,generated/item-icons/goldseacrest-010529dd81e2.png,,Observed from cached Buddy page-data item image; review before asset download or canonical promotion.
Gold Seed Bag 01,gold seed bag 01,gold-seed-bag-01,https://buddy.farm/i/gold-seed-bag-01/,https://farmrpg.com/img/items/gold_bag.png,/img/items/gold_bag.png,gold_bag.png,gold_bag,,existing,,gold_bag-eea487428663.png,generated/item-icons/gold_bag-eea487428663.png,,Observed from cached Buddy page-data item image; review before asset download or canonical promotion.
Gold Shamrock,gold shamrock,gold-shamrock,https://buddy.farm/i/gold-shamrock/,https://farmrpg.com/img/items/goldclover.png,/img/items/goldclover.png,goldclover.png,goldclover,,existing,,goldclover-3d760c5d9eb4.png,generated/item-icons/goldclover-3d760c5d9eb4.png,,Observed from cached Buddy page-data item image; review before asset download or canonical promotion.
Gold Slimeback,gold slimeback,gold-slimeback,https://buddy.farm/i/gold-slimeback/,https://farmrpg.com/img/items/goldslimeback.png,/img/items/goldslimeback.png,goldslimeback.png,goldslimeback,,existing,,goldslimeback-007990c391f1.png,generated/item-icons/goldslimeback-007990c391f1.png,,Observed from cached Buddy page-data item image; review before asset download or canonical promotion.
Gold Trout,gold trout,gold-trout,https://buddy.farm/i/gold-trout/,https://farmrpg.com/img/items/goldtrout.png?1,/img/items/goldtrout.png,goldtrout.png,goldtrout,,existing,,goldtrout-8deeab09a5ac.png,generated/item-icons/goldtrout-8deeab09a5ac.png,,Observed from cached Buddy page-data item image; review before asset download or canonical promotion.
Gold Wreath,gold wreath,gold-wreath,https://buddy.farm/i/gold-wreath/,https://farmrpg.com/img/items/goldwreath.png,/img/items/goldwreath.png,goldwreath.png,goldwreath,,existing,,goldwreath-10b8b48a9b53.png,generated/item-icons/goldwreath-10b8b48a9b53.png,,Observed from cached Buddy page-data item image; review before asset download or canonical promotion.
Goldfin,goldfin,goldfin,https://buddy.farm/i/goldfin/,https://farmrpg.com/img/items/goldfin.png,/img/items/goldfin.png,goldfin.png,goldfin,,existing,,goldfin-0d3a0f8cbfcf.png,generated/item-icons/goldfin-0d3a0f8cbfcf.png,,Observed from cached Buddy page-data item image; review before asset download or canonical promotion.
Goldfish,goldfish,goldfish,https://buddy.farm/i/goldfish/,https://farmrpg.com/img/items/fishing_118_t.png,/img/items/fishing_118_t.png,fishing_118_t.png,fishing_118_t,,existing,,fishing_118_t-8224450d4fa6.png,generated/item-icons/fishing_118_t-8224450d4fa6.png,,Observed from cached Buddy page-data item image; review before asset download or canonical promotion.
Goldgill,goldgill,goldgill,https://buddy.farm/i/goldgill/,https://farmrpg.com/img/items/goldgill.png,/img/items/goldgill.png,goldgill.png,goldgill,,existing,,goldgill-f8d6e728f8e0.png,generated/item-icons/goldgill-f8d6e728f8e0.png,,Observed from cached Buddy page-data item image; review before asset download or canonical promotion.
Goldjack,goldjack,goldjack,https://buddy.farm/i/goldjack/,https://farmrpg.com/img/items/goldjack.png?1,/img/items/goldjack.png,goldjack.png,goldjack,,existing,,goldjack-0b13e968f4ac.png,generated/item-icons/goldjack-0b13e968f4ac.png,,Observed from cached Buddy page-data item image; review before asset download or canonical promotion.
Goldray,goldray,goldray,https://buddy.farm/i/goldray/,https://farmrpg.com/img/items/goldray.png,/img/items/goldray.png,goldray.png,goldray,,existing,,goldray-82c5f171aa5f.png,generated/item-icons/goldray-82c5f171aa5f.png,,Observed from cached Buddy page-data item image; review before asset download or canonical promotion.
Good Luck Card,good luck card,good-luck-card,https://buddy.farm/i/good-luck-card/,https://farmrpg.com/img/items/card_goodluck.png,/img/items/card_goodluck.png,card_goodluck.png,card_goodluck,,existing,,card_goodluck-d83564ed8f5f.png,generated/item-icons/card_goodluck-d83564ed8f5f.png,,Observed from cached Buddy page-data item image; review before asset download or canonical promotion.
Goostav Bobblehead,goostav bobblehead,goostav-bobblehead,https://buddy.farm/i/goostav-bobblehead/,https://farmrpg.com/img/items/bobble_goostav.png,/img/items/bobble_goostav.png,bobble_goostav.png,bobble_goostav,,existing,,bobble_goostav-52a0ba54b08d.png,generated/item-icons/bobble_goostav-52a0ba54b08d.png,,Observed from cached Buddy page-data item image; review before asset download or canonical promotion.
Gouda,gouda,gouda,https://buddy.farm/i/gouda/,https://farmrpg.com/img/items/4601.png,/img/items/4601.png,4601.png,4601,4601,existing,,4601-98484768211e.png,generated/item-icons/4601-98484768211e.png,,Observed from cached Buddy page-data item image; review before asset download or canonical promotion.
Grab Bag 01,grab bag 01,grab-bag-01,https://buddy.farm/i/grab-bag-01/,https://farmrpg.com/img/items/4497.png,/img/items/4497.png,4497.png,4497,4497,reused,,4497-5f6543e5c62b.png,generated/item-icons/4497-5f6543e5c62b.png,,Observed from cached Buddy page-data item image; review before asset download or canonical promotion.
Grab Bag 02,grab bag 02,grab-bag-02,https://buddy.farm/i/grab-bag-02/,https://farmrpg.com/img/items/4497.png,/img/items/4497.png,4497.png,4497,4497,reused,,4497-5f6543e5c62b.png,generated/item-icons/4497-5f6543e5c62b.png,,Observed from cached Buddy page-data item image; review before asset download or canonical promotion.
Grab Bag 03,grab bag 03,grab-bag-03,https://buddy.farm/i/grab-bag-03/,https://farmrpg.com/img/items/4497.png,/img/items/4497.png,4497.png,4497,4497,reused,,4497-5f6543e5c62b.png,generated/item-icons/4497-5f6543e5c62b.png,,Observed from cached Buddy page-data item image; review before asset download or canonical promotion.
Grab Bag 04,grab bag 04,grab-bag-04,https://buddy.farm/i/grab-bag-04/,https://farmrpg.com/img/items/4497.png,/img/items/4497.png,4497.png,4497,4497,reused,,4497-5f6543e5c62b.png,generated/item-icons/4497-5f6543e5c62b.png,,Observed from cached Buddy page-data item image; review before asset download or canonical promotion.
Grab Bag 05,grab bag 05,grab-bag-05,https://buddy.farm/i/grab-bag-05/,https://farmrpg.com/img/items/4497.png,/img/items/4497.png,4497.png,4497,4497,reused,,4497-5f6543e5c62b.png,generated/item-icons/4497-5f6543e5c62b.png,,Observed from cached Buddy page-data item image; review before asset download or canonical promotion.
Grab Bag 06,grab bag 06,grab-bag-06,https://buddy.farm/i/grab-bag-06/,https://farmrpg.com/img/items/4497.png,/img/items/4497.png,4497.png,4497,4497,reused,,4497-5f6543e5c62b.png,generated/item-icons/4497-5f6543e5c62b.png,,Observed from cached Buddy page-data item image; review before asset download or canonical promotion.
Grab Bag 07,grab bag 07,grab-bag-07,https://buddy.farm/i/grab-bag-07/,https://farmrpg.com/img/items/4497.png,/img/items/4497.png,4497.png,4497,4497,reused,,4497-5f6543e5c62b.png,generated/item-icons/4497-5f6543e5c62b.png,,Observed from cached Buddy page-data item image; review before asset download or canonical promotion.
Grab Bag 08,grab bag 08,grab-bag-08,https://buddy.farm/i/grab-bag-08/,https://farmrpg.com/img/items/4497.png,/img/items/4497.png,4497.png,4497,4497,reused,,4497-5f6543e5c62b.png,generated/item-icons/4497-5f6543e5c62b.png,,Observed from cached Buddy page-data item image; review before asset download or canonical promotion.
Grand Piano,grand piano,grand-piano,https://buddy.farm/i/grand-piano/,https://farmrpg.com/img/items/piano.png,/img/items/piano.png,piano.png,piano,,existing,,piano-f1e339988916.png,generated/item-icons/piano-f1e339988916.png,,Observed from cached Buddy page-data item image; review before asset download or canonical promotion.
Grape Juice,grape juice,grape-juice,https://buddy.farm/i/grape-juice/,https://farmrpg.com/img/items/grapejuice.png,/img/items/grapejuice.png,grapejuice.png,grapejuice,,existing,,grapejuice-3987849fa0f1.png,generated/item-icons/grapejuice-3987849fa0f1.png,,Observed from cached Buddy page-data item image; review before asset download or canonical promotion.
Grapes,grapes,grapes,https://buddy.farm/i/grapes/,https://farmrpg.com/img/items/8272.PNG,/img/items/8272.PNG,8272.PNG,8272,8272,existing,,8272-4b0a686646b1.png,generated/item-icons/8272-4b0a686646b1.png,,Observed from cached Buddy page-data item image; review before asset download or canonical promotion.
Grasshopper,grasshopper,grasshopper,https://buddy.farm/i/grasshopper/,https://farmrpg.com/img/items/3315.png,/img/items/3315.png,3315.png,3315,3315,existing,,3315-24ed43b87185.png,generated/item-icons/3315-24ed43b87185.png,,Observed from cached Buddy page-data item image; review before asset download or canonical promotion.
Gravy Boat,gravy boat,gravy-boat,https://buddy.farm/i/gravy-boat/,https://farmrpg.com/img/items/gravyboat.png,/img/items/gravyboat.png,gravyboat.png,gravyboat,,existing,,gravyboat-8851b40a2141.png,generated/item-icons/gravyboat-8851b40a2141.png,,Observed from cached Buddy page-data item image; review before asset download or canonical promotion.
Green Apple,green apple,green-apple,https://buddy.farm/i/green-apple/,https://farmrpg.com/img/items/greenapple.png,/img/items/greenapple.png,greenapple.png,greenapple,,existing,,greenapple-28351d5a9083.png,generated/item-icons/greenapple-28351d5a9083.png,,Observed from cached Buddy page-data item image; review before asset download or canonical promotion.
Green Backpack,green backpack,green-backpack,https://buddy.farm/i/green-backpack/,https://farmrpg.com/img/items/luckybag.png,/img/items/luckybag.png,luckybag.png,luckybag,,existing,,luckybag-51d79258ff9d.png,generated/item-icons/luckybag-51d79258ff9d.png,,Observed from cached Buddy page-data item image; review before asset download or canonical promotion.
Green Barracuda,green barracuda,green-barracuda,https://buddy.farm/i/green-barracuda/,https://farmrpg.com/img/items/3284.png,/img/items/3284.png,3284.png,3284,3284,existing,,3284-562702e84747.png,generated/item-icons/3284-562702e84747.png,,Observed from cached Buddy page-data item image; review before asset download or canonical promotion.
Green Butterfly,green butterfly,green-butterfly,https://buddy.farm/i/green-butterfly/,https://farmrpg.com/img/items/afk_8578g.png,/img/items/afk_8578g.png,afk_8578g.png,afk_8578g,,existing,,afk_8578g-8db4e923f730.png,generated/item-icons/afk_8578g-8db4e923f730.png,,Observed from cached Buddy page-data item image; review before asset download or canonical promotion.
Green Chromis,green chromis,green-chromis,https://buddy.farm/i/green-chromis/,https://farmrpg.com/img/items/7828.PNG,/img/items/7828.PNG,7828.PNG,7828,7828,existing,,7828-7c46ab14644d.png,generated/item-icons/7828-7c46ab14644d.png,,Observed from cached Buddy page-data item image; review before asset download or canonical promotion.
Green Cloak,green cloak,green-cloak,https://buddy.farm/i/green-cloak/,https://farmrpg.com/img/items/ForestIcons_54_t.png,/img/items/ForestIcons_54_t.png,ForestIcons_54_t.png,ForestIcons_54_t,,existing,,ForestIcons_54_t-8f583e7e6808.png,generated/item-icons/ForestIcons_54_t-8f583e7e6808.png,,Observed from cached Buddy page-data item image; review before asset download or canonical promotion.
Green Diary,green diary,green-diary,https://buddy.farm/i/green-diary/,https://farmrpg.com/img/items/greenbook.png,/img/items/greenbook.png,greenbook.png,greenbook,,existing,,greenbook-373227e0566c.png,generated/item-icons/greenbook-373227e0566c.png,,Observed from cached Buddy page-data item image; review before asset download or canonical promotion.
Green Dye,green dye,green-dye,https://buddy.farm/i/green-dye/,https://farmrpg.com/img/items/greendye.png,/img/items/greendye.png,greendye.png,greendye,,existing,,greendye-3f7b4a26ed4f.png,generated/item-icons/greendye-3f7b4a26ed4f.png,,Observed from cached Buddy page-data item image; review before asset download or canonical promotion.
Green Halite,green halite,green-halite,https://buddy.farm/i/green-halite/,https://farmrpg.com/img/items/9445.png,/img/items/9445.png,9445.png,9445,9445,existing,,9445-31a03c952af2.png,generated/item-icons/9445-31a03c952af2.png,,Observed from cached Buddy page-data item image; review before asset download or canonical promotion.
Green Jellyfish,green jellyfish,green-jellyfish,https://buddy.farm/i/green-jellyfish/,https://farmrpg.com/img/items/7787.png,/img/items/7787.png,7787.png,7787,7787,existing,,7787-d6a946a80644.png,generated/item-icons/7787-d6a946a80644.png,,Observed from cached Buddy page-data item image; review before asset download or canonical promotion.
Green Ornament,green ornament,green-ornament,https://buddy.farm/i/green-ornament/,https://farmrpg.com/img/items/cr_t_03_c.png,/img/items/cr_t_03_c.png,cr_t_03_c.png,cr_t_03_c,,existing,,cr_t_03_c-ff0a568ed54c.png,generated/item-icons/cr_t_03_c-ff0a568ed54c.png,,Observed from cached Buddy page-data item image; review before asset download or canonical promotion.
Green Parchment,green parchment,green-parchment,https://buddy.farm/i/green-parchment/,https://farmrpg.com/img/items/greenparchment.png,/img/items/greenparchment.png,greenparchment.png,greenparchment,,existing,,greenparchment-1b95d1d511e4.png,generated/item-icons/greenparchment-1b95d1d511e4.png,,Observed from cached Buddy page-data item image; review before asset download or canonical promotion.
Green Rubee,green rubee,green-rubee,https://buddy.farm/i/green-rubee/,https://farmrpg.com/img/items/greengem.png,/img/items/greengem.png,greengem.png,greengem,,existing,,greengem-2abb6946e63b.png,generated/item-icons/greengem-2abb6946e63b.png,,Observed from cached Buddy page-data item image; review before asset download or canonical promotion.
Green Scarf,green scarf,green-scarf,https://buddy.farm/i/green-scarf/,https://farmrpg.com/img/items/scarf.png,/img/items/scarf.png,scarf.png,scarf,,existing,,scarf-f71dc0d5b27d.png,generated/item-icons/scarf-f71dc0d5b27d.png,,Observed from cached Buddy page-data item image; review before asset download or canonical promotion.
Green Shield,green shield,green-shield,https://buddy.farm/i/green-shield/,https://farmrpg.com/img/items/greenshield.png,/img/items/greenshield.png,greenshield.png,greenshield,,existing,,greenshield-1062456e2fcd.png,generated/item-icons/greenshield-1062456e2fcd.png,,Observed from cached Buddy page-data item image; review before asset download or canonical promotion.
Green Shirt,green shirt,green-shirt,https://buddy.farm/i/green-shirt/,https://farmrpg.com/img/items/greenshirt.png,/img/items/greenshirt.png,greenshirt.png,greenshirt,,existing,,greenshirt-d3f28dc213c7.png,generated/item-icons/greenshirt-d3f28dc213c7.png,,Observed from cached Buddy page-data item image; review before asset download or canonical promotion.
Green Top Hat,green top hat,green-top-hat,https://buddy.farm/i/green-top-hat/,https://farmrpg.com/img/items/greenhat.png,/img/items/greenhat.png,greenhat.png,greenhat,,existing,,greenhat-6c696cc6691c.png,generated/item-icons/greenhat-6c696cc6691c.png,,Observed from cached Buddy page-data item image; review before asset download or canonical promotion.
Green Torpedo,green torpedo,green-torpedo,https://buddy.farm/i/green-torpedo/,https://farmrpg.com/img/items/greenfw.png,/img/items/greenfw.png,greenfw.png,greenfw,,existing,,greenfw-49036af5d6e3.png,generated/item-icons/greenfw-49036af5d6e3.png,,Observed from cached Buddy page-data item image; review before asset download or canonical promotion.
Green Twine,green twine,green-twine,https://buddy.farm/i/green-twine/,https://farmrpg.com/img/items/greentwine.png,/img/items/greentwine.png,greentwine.png,greentwine,,existing,,greentwine-b16808320a82.png,generated/item-icons/greentwine-b16808320a82.png,,Observed from cached Buddy page-data item image; review before asset download or canonical promotion.
Groundhog Buddy Doll,groundhog buddy doll,groundhog-buddy-doll,https://buddy.farm/i/groundhog-buddy-doll/,https://farmrpg.com/img/items/buddydoll_groundhog.png,/img/items/buddydoll_groundhog.png,buddydoll_groundhog.png,buddydoll_groundhog,,existing,,buddydoll_groundhog-38b6cbef99a9.png,generated/item-icons/buddydoll_groundhog-38b6cbef99a9.png,,Observed from cached Buddy page-data item image; review before asset download or canonical promotion.
Growth Medallion I,growth medallion i,growth-medallion-i,https://buddy.farm/i/growth-medallion-i/,https://farmrpg.com/img/items/ForestIcons_32_t.png,/img/items/ForestIcons_32_t.png,ForestIcons_32_t.png,ForestIcons_32_t,,existing,,ForestIcons_32_t-1a7d452cc678.png,generated/item-icons/ForestIcons_32_t-1a7d452cc678.png,,Observed from cached Buddy page-data item image; review before asset download or canonical promotion.
Growth Medallion II,growth medallion ii,growth-medallion-ii,https://buddy.farm/i/growth-medallion-ii/,https://farmrpg.com/img/items/ForestIcons_32_t.png,/img/items/ForestIcons_32_t.png,ForestIcons_32_t.png,ForestIcons_32_t,,reused,,ForestIcons_32_t-1a7d452cc678.png,generated/item-icons/ForestIcons_32_t-1a7d452cc678.png,,Observed from cached Buddy page-data item image; review before asset download or canonical promotion.
Grubs,grubs,grubs,https://buddy.farm/i/grubs/,https://farmrpg.com/img/items/7745.png,/img/items/7745.png,7745.png,7745,7745,existing,,7745-93fc576ec474.png,generated/item-icons/7745-93fc576ec474.png,,Observed from cached Buddy page-data item image; review before asset download or canonical promotion.
Gummy Globber,gummy globber,gummy-globber,https://buddy.farm/i/gummy-globber/,https://farmrpg.com/img/items/candyfish.png,/img/items/candyfish.png,candyfish.png,candyfish,,existing,,candyfish-b25b2edf11f2.png,generated/item-icons/candyfish-b25b2edf11f2.png,,Observed from cached Buddy page-data item image; review before asset download or canonical promotion.
Gummy Worms,gummy worms,gummy-worms,https://buddy.farm/i/gummy-worms/,https://farmrpg.com/img/items/gworm.png,/img/items/gworm.png,gworm.png,gworm,,existing,,gworm-6dfa006756b9.png,generated/item-icons/gworm-6dfa006756b9.png,,Observed from cached Buddy page-data item image; review before asset download or canonical promotion.
Hammer,hammer,hammer,https://buddy.farm/i/hammer/,https://farmrpg.com/img/items/hammer.png?2,/img/items/hammer.png,hammer.png,hammer,,existing,,hammer-0f0bf00fc2e6.png,generated/item-icons/hammer-0f0bf00fc2e6.png,,Observed from cached Buddy page-data item image; review before asset download or canonical promotion.
Handsaw,handsaw,handsaw,https://buddy.farm/i/handsaw/,https://farmrpg.com/img/items/3149.png,/img/items/3149.png,3149.png,3149,3149,existing,,3149-7893e6d60a6c.png,generated/item-icons/3149-7893e6d60a6c.png,,Observed from cached Buddy page-data item image; review before asset download or canonical promotion.
Happy Cookies,happy cookies,happy-cookies,https://buddy.farm/i/happy-cookies/,https://farmrpg.com/img/items/ccookies.png,/img/items/ccookies.png,ccookies.png,ccookies,,existing,,ccookies-78e5a5390c36.png,generated/item-icons/ccookies-78e5a5390c36.png,,Observed from cached Buddy page-data item image; review before asset download or canonical promotion.
Happy Farmiversary Card,happy farmiversary card,happy-farmiversary-card,https://buddy.farm/i/happy-farmiversary-card/,https://farmrpg.com/img/items/card_farmiversary.png,/img/items/card_farmiversary.png,card_farmiversary.png,card_farmiversary,,existing,,card_farmiversary-6b29c38f4e09.png,generated/item-icons/card_farmiversary-6b29c38f4e09.png,,Observed from cached Buddy page-data item image; review before asset download or canonical promotion.
Happy Halloween Card,happy halloween card,happy-halloween-card,https://buddy.farm/i/happy-halloween-card/,https://farmrpg.com/img/items/halloween_card.png,/img/items/halloween_card.png,halloween_card.png,halloween_card,,existing,,halloween_card-78e570313111.png,generated/item-icons/halloween_card-78e570313111.png,,Observed from cached Buddy page-data item image; review before asset download or canonical promotion.
Harpoon,harpoon,harpoon,https://buddy.farm/i/harpoon/,https://farmrpg.com/img/items/harpoon.png,/img/items/harpoon.png,harpoon.png,harpoon,,existing,,harpoon-6ecc8bc4dedb.png,generated/item-icons/harpoon-6ecc8bc4dedb.png,,Observed from cached Buddy page-data item image; review before asset download or canonical promotion.
Harvest Bundle 01,harvest bundle 01,harvest-bundle-01,https://buddy.farm/i/harvest-bundle-01/,https://farmrpg.com/img/items/harvest_bundle.png,/img/items/harvest_bundle.png,harvest_bundle.png,harvest_bundle,,existing,,harvest_bundle-65602530f0a7.png,generated/item-icons/harvest_bundle-65602530f0a7.png,,Observed from cached Buddy page-data item image; review before asset download or canonical promotion.
Headdress of Luna,headdress of luna,headdress-of-luna,https://buddy.farm/i/headdress-of-luna/,https://farmrpg.com/img/items/3911.png,/img/items/3911.png,3911.png,3911,3911,existing,,3911-2e29b0555d0e.png,generated/item-icons/3911-2e29b0555d0e.png,,Observed from cached Buddy page-data item image; review before asset download or canonical promotion.
Heart Candies,heart candies,heart-candies,https://buddy.farm/i/heart-candies/,https://farmrpg.com/img/items/heartcandies.png,/img/items/heartcandies.png,heartcandies.png,heartcandies,,existing,,heartcandies-1a0fa2a50884.png,generated/item-icons/heartcandies-1a0fa2a50884.png,,Observed from cached Buddy page-data item image; review before asset download or canonical promotion.
Heart Container,heart container,heart-container,https://buddy.farm/i/heart-container/,https://farmrpg.com/img/items/heartcontainer.png?1,/img/items/heartcontainer.png,heartcontainer.png,heartcontainer,,existing,,heartcontainer-e247a89e7265.png,generated/item-icons/heartcontainer-e247a89e7265.png,,Observed from cached Buddy page-data item image; review before asset download or canonical promotion.
Heart Necklace,heart necklace,heart-necklace,https://buddy.farm/i/heart-necklace/,https://farmrpg.com/img/items/l_02_t_a.PNG,/img/items/l_02_t_a.PNG,l_02_t_a.PNG,l_02_t_a,,existing,,l_02_t_a-a44eb2c5f5a1.png,generated/item-icons/l_02_t_a-a44eb2c5f5a1.png,,Observed from cached Buddy page-data item image; review before asset download or canonical promotion.
Heart Necklace Left Piece,heart necklace left piece,heart-necklace-left-piece,https://buddy.farm/i/heart-necklace-left-piece/,https://farmrpg.com/img/items/l_02_t_b.PNG,/img/items/l_02_t_b.PNG,l_02_t_b.PNG,l_02_t_b,,existing,,l_02_t_b-3eafe8ba6b1b.png,generated/item-icons/l_02_t_b-3eafe8ba6b1b.png,,Observed from cached Buddy page-data item image; review before asset download or canonical promotion.
Heart Necklace Right Piece,heart necklace right piece,heart-necklace-right-piece,https://buddy.farm/i/heart-necklace-right-piece/,https://farmrpg.com/img/items/l_02_t_c.PNG,/img/items/l_02_t_c.PNG,l_02_t_c.PNG,l_02_t_c,,existing,,l_02_t_c-37a8f95ab284.png,generated/item-icons/l_02_t_c-37a8f95ab284.png,,Observed from cached Buddy page-data item image; review before asset download or canonical promotion.
Heart-shaped Box 01,heart shaped box 01,heart-shaped-box-01,https://buddy.farm/i/heart-shaped-box-01/,https://farmrpg.com/img/items/heartshapedbox1.png,/img/items/heartshapedbox1.png,heartshapedbox1.png,heartshapedbox1,,existing,,heartshapedbox1-798e59d50ed2.png,generated/item-icons/heartshapedbox1-798e59d50ed2.png,,Observed from cached Buddy page-data item image; review before asset download or canonical promotion.
Heart-shaped Box 02,heart shaped box 02,heart-shaped-box-02,https://buddy.farm/i/heart-shaped-box-02/,https://farmrpg.com/img/items/heartshapedbox1.png,/img/items/heartshapedbox1.png,heartshapedbox1.png,heartshapedbox1,,reused,,heartshapedbox1-798e59d50ed2.png,generated/item-icons/heartshapedbox1-798e59d50ed2.png,,Observed from cached Buddy page-data item image; review before asset download or canonical promotion.
Heart-shaped Box 03,heart shaped box 03,heart-shaped-box-03,https://buddy.farm/i/heart-shaped-box-03/,https://farmrpg.com/img/items/heartshapedbox1.png,/img/items/heartshapedbox1.png,heartshapedbox1.png,heartshapedbox1,,reused,,heartshapedbox1-798e59d50ed2.png,generated/item-icons/heartshapedbox1-798e59d50ed2.png,,Observed from cached Buddy page-data item image; review before asset download or canonical promotion.
Heart-shaped Gem,heart shaped gem,heart-shaped-gem,https://buddy.farm/i/heart-shaped-gem/,https://farmrpg.com/img/items/3495.png,/img/items/3495.png,3495.png,3495,3495,existing,,3495-826c5d7d3fbb.png,generated/item-icons/3495-826c5d7d3fbb.png,,Observed from cached Buddy page-data item image; review before asset download or canonical promotion.
Hearts,hearts,hearts,https://buddy.farm/i/hearts/,https://farmrpg.com/img/items/card_hearts.png,/img/items/card_hearts.png,card_hearts.png,card_hearts,,existing,,card_hearts-508c6b059f02.png,generated/item-icons/card_hearts-508c6b059f02.png,,Observed from cached Buddy page-data item image; review before asset download or canonical promotion.
Hensods's Bonsai,hensods s bonsai,hensods-s-bonsai,https://buddy.farm/i/hensods-s-bonsai/,https://farmrpg.com/img/items/bonsai01.png,/img/items/bonsai01.png,bonsai01.png,bonsai01,,existing,,bonsai01-700d6906795b.png,generated/item-icons/bonsai01-700d6906795b.png,,Observed from cached Buddy page-data item image; review before asset download or canonical promotion.
Herbs,herbs,herbs,https://buddy.farm/i/herbs/,https://farmrpg.com/img/items/5686.png,/img/items/5686.png,5686.png,5686,5686,existing,,5686-bc06e4985d63.png,generated/item-icons/5686-bc06e4985d63.png,,Observed from cached Buddy page-data item image; review before asset download or canonical promotion.
Hessian's Axe,hessian s axe,hessian-s-axe,https://buddy.farm/i/hessian-s-axe/,https://farmrpg.com/img/items/hessaxe2.png,/img/items/hessaxe2.png,hessaxe2.png,hessaxe2,,existing,,hessaxe2-ecaa9c9638c0.png,generated/item-icons/hessaxe2-ecaa9c9638c0.png,,Observed from cached Buddy page-data item image; review before asset download or canonical promotion.
Hickory Omelette,hickory omelette,hickory-omelette,https://buddy.farm/i/hickory-omelette/,https://farmrpg.com/img/items/omelet1.png,/img/items/omelet1.png,omelet1.png,omelet1,,existing,,omelet1-938c0e7d3265.png,generated/item-icons/omelet1-938c0e7d3265.png,,Observed from cached Buddy page-data item image; review before asset download or canonical promotion.
Hide,hide,hide,https://buddy.farm/i/hide/,https://farmrpg.com/img/items/5986.PNG,/img/items/5986.PNG,5986.PNG,5986,5986,existing,,5986-f8b184cd259c.png,generated/item-icons/5986-f8b184cd259c.png,,Observed from cached Buddy page-data item image; review before asset download or canonical promotion.
Hockey Mask,hockey mask,hockey-mask,https://buddy.farm/i/hockey-mask/,https://farmrpg.com/img/items/hockeymask.png,/img/items/hockeymask.png,hockeymask.png,hockeymask,,existing,,hockeymask-63a04f04b97f.png,generated/item-icons/hockeymask-63a04f04b97f.png,,Observed from cached Buddy page-data item image; review before asset download or canonical promotion.
Holger Bobblehead,holger bobblehead,holger-bobblehead,https://buddy.farm/i/holger-bobblehead/,https://farmrpg.com/img/items/bobble_holger.png,/img/items/bobble_holger.png,bobble_holger.png,bobble_holger,,existing,,bobble_holger-c6bed983d7c9.png,generated/item-icons/bobble_holger-c6bed983d7c9.png,,Observed from cached Buddy page-data item image; review before asset download or canonical promotion.
Holger's Lunch Box,holger s lunch box,holger-s-lunch-box,https://buddy.farm/i/holger-s-lunch-box/,https://farmrpg.com/img/items/lunchbox2.png?1,/img/items/lunchbox2.png,lunchbox2.png,lunchbox2,,existing,,lunchbox2-428b634977e4.png,generated/item-icons/lunchbox2-428b634977e4.png,,Observed from cached Buddy page-data item image; review before asset download or canonical promotion.
Holger's Mushroom Stew,holger s mushroom stew,holger-s-mushroom-stew,https://buddy.farm/i/holger-s-mushroom-stew/,https://farmrpg.com/img/items/recipe.png,/img/items/recipe.png,recipe.png,recipe,,reused,,recipe-ebec090231f1.png,generated/item-icons/recipe-ebec090231f1.png,,Observed from cached Buddy page-data item image; review before asset download or canonical promotion.
Holiday Cake,holiday cake,holiday-cake,https://buddy.farm/i/holiday-cake/,https://farmrpg.com/img/items/treecake.png,/img/items/treecake.png,treecake.png,treecake,,existing,,treecake-a38a89b92fc1.png,generated/item-icons/treecake-a38a89b92fc1.png,,Observed from cached Buddy page-data item image; review before asset download or canonical promotion.
Holiday Candles,holiday candles,holiday-candles,https://buddy.farm/i/holiday-candles/,https://farmrpg.com/img/items/11_sm.png,/img/items/11_sm.png,11_sm.png,11_sm,,existing,,11_sm-6383d16511d8.png,generated/item-icons/11_sm-6383d16511d8.png,,Observed from cached Buddy page-data item image; review before asset download or canonical promotion.
Holiday Cheer Bundle 01,holiday cheer bundle 01,holiday-cheer-bundle-01,https://buddy.farm/i/holiday-cheer-bundle-01/,https://farmrpg.com/img/items/holidaycheerbundle.png,/img/items/holidaycheerbundle.png,holidaycheerbundle.png,holidaycheerbundle,,existing,,holidaycheerbundle-9a706a311156.png,generated/item-icons/holidaycheerbundle-9a706a311156.png,,Observed from cached Buddy page-data item image; review before asset download or canonical promotion.
Holiday Garland,holiday garland,holiday-garland,https://buddy.farm/i/holiday-garland/,https://farmrpg.com/img/items/garland.png,/img/items/garland.png,garland.png,garland,,existing,,garland-abb842c46bef.png,generated/item-icons/garland-abb842c46bef.png,,Observed from cached Buddy page-data item image; review before asset download or canonical promotion.
Holiday Wreath,holiday wreath,holiday-wreath,https://buddy.farm/i/holiday-wreath/,https://farmrpg.com/img/items/wreath.png?2,/img/items/wreath.png,wreath.png,wreath,,existing,,wreath-cf0e97bdd99c.png,generated/item-icons/wreath-cf0e97bdd99c.png,,Observed from cached Buddy page-data item image; review before asset download or canonical promotion.
Honey,honey,honey,https://buddy.farm/i/honey/,https://farmrpg.com/img/items/jarofhoney.png,/img/items/jarofhoney.png,jarofhoney.png,jarofhoney,,existing,,jarofhoney-af6e14c466b1.png,generated/item-icons/jarofhoney-af6e14c466b1.png,,Observed from cached Buddy page-data item image; review before asset download or canonical promotion.
Honeycomb,honeycomb,honeycomb,https://buddy.farm/i/honeycomb/,https://farmrpg.com/img/items/6311.png,/img/items/6311.png,6311.png,6311,6311,existing,,6311-50d6be5a18ef.png,generated/item-icons/6311-50d6be5a18ef.png,,Observed from cached Buddy page-data item image; review before asset download or canonical promotion.
Honeysuckle,honeysuckle,honeysuckle,https://buddy.farm/i/honeysuckle/,https://farmrpg.com/img/items/honeysuckle.png,/img/items/honeysuckle.png,honeysuckle.png,honeysuckle,,existing,,honeysuckle-888f4f49380d.png,generated/item-icons/honeysuckle-888f4f49380d.png,,Observed from cached Buddy page-data item image; review before asset download or canonical promotion.
Hops,hops,hops,https://buddy.farm/i/hops/,https://farmrpg.com/img/items/8248n.png,/img/items/8248n.png,8248n.png,8248n,,existing,,8248n-c8572ef0d9c7.png,generated/item-icons/8248n-c8572ef0d9c7.png,,Observed from cached Buddy page-data item image; review before asset download or canonical promotion.
Hops Seeds,hops seeds,hops-seeds,https://buddy.farm/i/hops-seeds/,https://farmrpg.com/img/items/seeds_hops.png,/img/items/seeds_hops.png,seeds_hops.png,seeds_hops,,existing,,seeds_hops-91b6fb048aa1.png,generated/item-icons/seeds_hops-91b6fb048aa1.png,,Observed from cached Buddy page-data item image; review before asset download or canonical promotion.
Horn,horn,horn,https://buddy.farm/i/horn/,https://farmrpg.com/img/items/6111.PNG,/img/items/6111.PNG,6111.PNG,6111,6111,existing,,6111-85f86839ce56.png,generated/item-icons/6111-85f86839ce56.png,,Observed from cached Buddy page-data item image; review before asset download or canonical promotion.
Horn Canteen,horn canteen,horn-canteen,https://buddy.farm/i/horn-canteen/,https://farmrpg.com/img/items/5969.PNG,/img/items/5969.PNG,5969.PNG,5969,5969,existing,,5969-86b8134a9d26.png,generated/item-icons/5969-86b8134a9d26.png,,Observed from cached Buddy page-data item image; review before asset download or canonical promotion.
Horned Beetle,horned beetle,horned-beetle,https://buddy.farm/i/horned-beetle/,https://farmrpg.com/img/items/hbeetle.png,/img/items/hbeetle.png,hbeetle.png,hbeetle,,existing,,hbeetle-6828f01c2d46.png,generated/item-icons/hbeetle-6828f01c2d46.png,,Observed from cached Buddy page-data item image; review before asset download or canonical promotion.
Horseman's Belt,horseman s belt,horseman-s-belt,https://buddy.farm/i/horseman-s-belt/,https://farmrpg.com/img/items/s_08.png,/img/items/s_08.png,s_08.png,s_08,,existing,,s_08-a318fc533262.png,generated/item-icons/s_08-a318fc533262.png,,Observed from cached Buddy page-data item image; review before asset download or canonical promotion.
Horseshoe,horseshoe,horseshoe,https://buddy.farm/i/horseshoe/,https://farmrpg.com/img/items/6956.png,/img/items/6956.png,6956.png,6956,6956,existing,,6956-961c0ba23497.png,generated/item-icons/6956-961c0ba23497.png,,Observed from cached Buddy page-data item image; review before asset download or canonical promotion.
Hot Cocoa,hot cocoa,hot-cocoa,https://buddy.farm/i/hot-cocoa/,https://farmrpg.com/img/items/5_sm.png,/img/items/5_sm.png,5_sm.png,5_sm,,existing,,5_sm-8c2d90d6e58c.png,generated/item-icons/5_sm-8c2d90d6e58c.png,,Observed from cached Buddy page-data item image; review before asset download or canonical promotion.
Hot Potato,hot potato,hot-potato,https://buddy.farm/i/hot-potato/,https://farmrpg.com/img/items/hotpotato.png,/img/items/hotpotato.png,hotpotato.png,hotpotato,,existing,,hotpotato-09027a86d4e3.png,generated/item-icons/hotpotato-09027a86d4e3.png,,Observed from cached Buddy page-data item image; review before asset download or canonical promotion.
Hotdog Buddy Doll,hotdog buddy doll,hotdog-buddy-doll,https://buddy.farm/i/hotdog-buddy-doll/,https://farmrpg.com/img/items/hot_dog_buddy_doll.png,/img/items/hot_dog_buddy_doll.png,hot_dog_buddy_doll.png,hot_dog_buddy_doll,,existing,,hot_dog_buddy_doll-8c2cccc87457.png,generated/item-icons/hot_dog_buddy_doll-8c2cccc87457.png,,Observed from cached Buddy page-data item image; review before asset download or canonical promotion.
Hourglass,hourglass,hourglass,https://buddy.farm/i/hourglass/,https://farmrpg.com/img/items/4241.png,/img/items/4241.png,4241.png,4241,4241,existing,,4241-eab6eda8e42d.png,generated/item-icons/4241-eab6eda8e42d.png,,Observed from cached Buddy page-data item image; review before asset download or canonical promotion.
Hummingbird Feeder,hummingbird feeder,hummingbird-feeder,https://buddy.farm/i/hummingbird-feeder/,https://farmrpg.com/img/items/hummingbird_feeder.png,/img/items/hummingbird_feeder.png,hummingbird_feeder.png,hummingbird_feeder,,existing,,hummingbird_feeder-13a2797dacc3.png,generated/item-icons/hummingbird_feeder-13a2797dacc3.png,,Observed from cached Buddy page-data item image; review before asset download or canonical promotion.
Ice Scraper,ice scraper,ice-scraper,https://buddy.farm/i/ice-scraper/,https://farmrpg.com/img/items/ice_scraper.png,/img/items/ice_scraper.png,ice_scraper.png,ice_scraper,,existing,,ice_scraper-a33f50f5325d.png,generated/item-icons/ice_scraper-a33f50f5325d.png,,Observed from cached Buddy page-data item image; review before asset download or canonical promotion.
Ice Shark,ice shark,ice-shark,https://buddy.farm/i/ice-shark/,https://farmrpg.com/img/items/iceshark.png,/img/items/iceshark.png,iceshark.png,iceshark,,existing,,iceshark-a69c577d968b.png,generated/item-icons/iceshark-a69c577d968b.png,,Observed from cached Buddy page-data item image; review before asset download or canonical promotion.
Iced Tea,iced tea,iced-tea,https://buddy.farm/i/iced-tea/,https://farmrpg.com/img/items/tea.png,/img/items/tea.png,tea.png,tea,,existing,,tea-67ecc1637575.png,generated/item-icons/tea-67ecc1637575.png,,Observed from cached Buddy page-data item image; review before asset download or canonical promotion.
Inferno Pepper,inferno pepper,inferno-pepper,https://buddy.farm/i/inferno-pepper/,https://farmrpg.com/img/items/infpepper.png,/img/items/infpepper.png,infpepper.png,infpepper,,existing,,infpepper-d3ec79209a98.png,generated/item-icons/infpepper-d3ec79209a98.png,,Observed from cached Buddy page-data item image; review before asset download or canonical promotion.
Inferno Ring,inferno ring,inferno-ring,https://buddy.farm/i/inferno-ring/,https://farmrpg.com/img/items/infring2.png,/img/items/infring2.png,infring2.png,infring2,,existing,,infring2-348ce5a1c8f5.png,generated/item-icons/infring2-348ce5a1c8f5.png,,Observed from cached Buddy page-data item image; review before asset download or canonical promotion.
Inferno Sphere,inferno sphere,inferno-sphere,https://buddy.farm/i/inferno-sphere/,https://farmrpg.com/img/items/6017.png,/img/items/6017.png,6017.png,6017,6017,existing,,6017-1b90e6bab143.png,generated/item-icons/6017-1b90e6bab143.png,,Observed from cached Buddy page-data item image; review before asset download or canonical promotion.
Iron,iron,iron,https://buddy.farm/i/iron/,https://farmrpg.com/img/items/5779.PNG,/img/items/5779.PNG,5779.PNG,5779,5779,existing,,5779-bd7613d2bbad.png,generated/item-icons/5779-bd7613d2bbad.png,,Observed from cached Buddy page-data item image; review before asset download or canonical promotion.
Iron Cup,iron cup,iron-cup,https://buddy.farm/i/iron-cup/,https://farmrpg.com/img/items/ironcup.png,/img/items/ironcup.png,ironcup.png,ironcup,,existing,,ironcup-db36b67609dd.png,generated/item-icons/ironcup-db36b67609dd.png,,Observed from cached Buddy page-data item image; review before asset download or canonical promotion.
Iron Ring,iron ring,iron-ring,https://buddy.farm/i/iron-ring/,https://farmrpg.com/img/items/ironring.png,/img/items/ironring.png,ironring.png,ironring,,existing,,ironring-5a8cb19e86d1.png,generated/item-icons/ironring-5a8cb19e86d1.png,,Observed from cached Buddy page-data item image; review before asset download or canonical promotion.
Jack-o-key,jack o key,jack-o-key,https://buddy.farm/i/jack-o-key/,https://farmrpg.com/img/items/jkey.png,/img/items/jkey.png,jkey.png,jkey,,existing,,jkey-9c2e13a36f4b.png,generated/item-icons/jkey-9c2e13a36f4b.png,,Observed from cached Buddy page-data item image; review before asset download or canonical promotion.
Jack-o-lantern,jack o lantern,jack-o-lantern,https://buddy.farm/i/jack-o-lantern/,https://farmrpg.com/img/items/pumpkin_t_05.png,/img/items/pumpkin_t_05.png,pumpkin_t_05.png,pumpkin_t_05,,existing,,pumpkin_t_05-299abe643274.png,generated/item-icons/pumpkin_t_05-299abe643274.png,,Observed from cached Buddy page-data item image; review before asset download or canonical promotion.
Jade,jade,jade,https://buddy.farm/i/jade/,https://farmrpg.com/img/items/jade.png,/img/items/jade.png,jade.png,jade,,existing,,jade-dd3c73306d54.png,generated/item-icons/jade-dd3c73306d54.png,,Observed from cached Buddy page-data item image; review before asset download or canonical promotion.
Jade Charm,jade charm,jade-charm,https://buddy.farm/i/jade-charm/,https://farmrpg.com/img/items/jadecharm.png,/img/items/jadecharm.png,jadecharm.png,jadecharm,,existing,,jadecharm-f22c6a2583ce.png,generated/item-icons/jadecharm-f22c6a2583ce.png,,Observed from cached Buddy page-data item image; review before asset download or canonical promotion.
Jadeite,jadeite,jadeite,https://buddy.farm/i/jadeite/,https://farmrpg.com/img/items/jadeite.png?1,/img/items/jadeite.png,jadeite.png,jadeite,,existing,,jadeite-969635958420.png,generated/item-icons/jadeite-969635958420.png,,Observed from cached Buddy page-data item image; review before asset download or canonical promotion.
Jar of Pickles,jar of pickles,jar-of-pickles,https://buddy.farm/i/jar-of-pickles/,https://farmrpg.com/img/items/jarofpickles.png,/img/items/jarofpickles.png,jarofpickles.png,jarofpickles,,existing,,jarofpickles-fe45357adba1.png,generated/item-icons/jarofpickles-fe45357adba1.png,,Observed from cached Buddy page-data item image; review before asset download or canonical promotion.
Jellyfish,jellyfish,jellyfish,https://buddy.farm/i/jellyfish/,https://farmrpg.com/img/items/7808.png,/img/items/7808.png,7808.png,7808,7808,existing,,7808-338a2c87f00f.png,generated/item-icons/7808-338a2c87f00f.png,,Observed from cached Buddy page-data item image; review before asset download or canonical promotion.
Jester Buddy Doll,jester buddy doll,jester-buddy-doll,https://buddy.farm/i/jester-buddy-doll/,https://farmrpg.com/img/items/jbuddy.png,/img/items/jbuddy.png,jbuddy.png,jbuddy,,existing,,jbuddy-2a6da9b0f140.png,generated/item-icons/jbuddy-2a6da9b0f140.png,,Observed from cached Buddy page-data item image; review before asset download or canonical promotion.
Jill Bobblehead,jill bobblehead,jill-bobblehead,https://buddy.farm/i/jill-bobblehead/,https://farmrpg.com/img/items/bobble_jill.png,/img/items/bobble_jill.png,bobble_jill.png,bobble_jill,,existing,,bobble_jill-5d84800f9b1b.png,generated/item-icons/bobble_jill-5d84800f9b1b.png,,Observed from cached Buddy page-data item image; review before asset download or canonical promotion.
Jill's Quandary Chowder,jill s quandary chowder,jill-s-quandary-chowder,https://buddy.farm/i/jill-s-quandary-chowder/,https://farmrpg.com/img/items/recipe.png,/img/items/recipe.png,recipe.png,recipe,,reused,,recipe-ebec090231f1.png,generated/item-icons/recipe-ebec090231f1.png,,Observed from cached Buddy page-data item image; review before asset download or canonical promotion.
Joker,joker,joker,https://buddy.farm/i/joker/,https://farmrpg.com/img/items/joker.png,/img/items/joker.png,joker.png,joker,,existing,,joker-7b71a9beded5.png,generated/item-icons/joker-7b71a9beded5.png,,Observed from cached Buddy page-data item image; review before asset download or canonical promotion.
Jumbo Fish,jumbo fish,jumbo-fish,https://buddy.farm/i/jumbo-fish/,https://farmrpg.com/img/items/3279.png,/img/items/3279.png,3279.png,3279,3279,existing,,3279-4ee464cf1b45.png,generated/item-icons/3279-4ee464cf1b45.png,,Observed from cached Buddy page-data item image; review before asset download or canonical promotion.
Keeper Trapper,keeper trapper,keeper-trapper,https://buddy.farm/i/keeper-trapper/,https://farmrpg.com/img/items/buddytk.png,/img/items/buddytk.png,buddytk.png,buddytk,,existing,,buddytk-fd56855e73df.png,generated/item-icons/buddytk-fd56855e73df.png,,Observed from cached Buddy page-data item image; review before asset download or canonical promotion.
Keyglobe,keyglobe,keyglobe,https://buddy.farm/i/keyglobe/,https://farmrpg.com/img/items/keyglobe.png,/img/items/keyglobe.png,keyglobe.png,keyglobe,,existing,,keyglobe-0ba3a105d985.png,generated/item-icons/keyglobe-0ba3a105d985.png,,Observed from cached Buddy page-data item image; review before asset download or canonical promotion.
Kill Switch,kill switch,kill-switch,https://buddy.farm/i/kill-switch/,https://farmrpg.com/img/items/9311.png,/img/items/9311.png,9311.png,9311,9311,existing,,9311-37535f539b6b.png,generated/item-icons/9311-37535f539b6b.png,,Observed from cached Buddy page-data item image; review before asset download or canonical promotion.
King Apple,king apple,king-apple,https://buddy.farm/i/king-apple/,https://farmrpg.com/img/items/king_apple3.png?1,/img/items/king_apple3.png,king_apple3.png,king_apple3,,existing,,king_apple3-07bb2bd1a632.png,generated/item-icons/king_apple3-07bb2bd1a632.png,,Observed from cached Buddy page-data item image; review before asset download or canonical promotion.
King Cake,king cake,king-cake,https://buddy.farm/i/king-cake/,https://farmrpg.com/img/items/king_cake_new.png,/img/items/king_cake_new.png,king_cake_new.png,king_cake_new,,existing,,king_cake_new-0205adfdf66b.png,generated/item-icons/king_cake_new-0205adfdf66b.png,,Observed from cached Buddy page-data item image; review before asset download or canonical promotion.
Kite Kite,kite kite,kite-kite,https://buddy.farm/i/kite-kite/,https://farmrpg.com/img/items/birdkite.png,/img/items/birdkite.png,birdkite.png,birdkite,,existing,,birdkite-7861344799a9.png,generated/item-icons/birdkite-7861344799a9.png,,Observed from cached Buddy page-data item image; review before asset download or canonical promotion.
Krampus Buddy Doll,krampus buddy doll,krampus-buddy-doll,https://buddy.farm/i/krampus-buddy-doll/,https://farmrpg.com/img/items/kbuddy.png,/img/items/kbuddy.png,kbuddy.png,kbuddy,,existing,,kbuddy-c1e4ca30374b.png,generated/item-icons/kbuddy-c1e4ca30374b.png,,Observed from cached Buddy page-data item image; review before asset download or canonical promotion.
Labubuddy Doll,labubuddy doll,labubuddy-doll,https://buddy.farm/i/labubuddy-doll/,https://farmrpg.com/img/items/labubuddy.png,/img/items/labubuddy.png,labubuddy.png,labubuddy,,existing,,labubuddy-7c651625753a.png,generated/item-icons/labubuddy-7c651625753a.png,,Observed from cached Buddy page-data item image; review before asset download or canonical promotion.
Ladder,ladder,ladder,https://buddy.farm/i/ladder/,https://farmrpg.com/img/items/5629.png,/img/items/5629.png,5629.png,5629,5629,existing,,5629-e28a06c2a33c.png,generated/item-icons/5629-e28a06c2a33c.png,,Observed from cached Buddy page-data item image; review before asset download or canonical promotion.
Langstaff Crest,langstaff crest,langstaff-crest,https://buddy.farm/i/langstaff-crest/,https://farmrpg.com/img/items/langstaff.png,/img/items/langstaff.png,langstaff.png,langstaff,,existing,,langstaff-55719a0f5f94.png,generated/item-icons/langstaff-55719a0f5f94.png,,Observed from cached Buddy page-data item image; review before asset download or canonical promotion.
Lantern,lantern,lantern,https://buddy.farm/i/lantern/,https://farmrpg.com/img/items/lantern.png?1,/img/items/lantern.png,lantern.png,lantern,,existing,,lantern-dab4a132cb27.png,generated/item-icons/lantern-dab4a132cb27.png,,Observed from cached Buddy page-data item image; review before asset download or canonical promotion.
Lapis Lazuli,lapis lazuli,lapis-lazuli,https://buddy.farm/i/lapis-lazuli/,https://farmrpg.com/img/items/lapislazuli.png,/img/items/lapislazuli.png,lapislazuli.png,lapislazuli,,existing,,lapislazuli-e8f4f83ddb63.png,generated/item-icons/lapislazuli-e8f4f83ddb63.png,,Observed from cached Buddy page-data item image; review before asset download or canonical promotion.
Large Chest 01,large chest 01,large-chest-01,https://buddy.farm/i/large-chest-01/,https://farmrpg.com/img/items/LC-1.png?1,/img/items/LC-1.png,LC-1.png,LC-1,,existing,,LC-1-ce7d30f84677.png,generated/item-icons/LC-1-ce7d30f84677.png,,Observed from cached Buddy page-data item image; review before asset download or canonical promotion.
Large Chest 02,large chest 02,large-chest-02,https://buddy.farm/i/large-chest-02/,https://farmrpg.com/img/items/LC-2.png?1,/img/items/LC-2.png,LC-2.png,LC-2,,existing,,LC-2-5dc0c658eac9.png,generated/item-icons/LC-2-5dc0c658eac9.png,,Observed from cached Buddy page-data item image; review before asset download or canonical promotion.
Large Chest 03,large chest 03,large-chest-03,https://buddy.farm/i/large-chest-03/,https://farmrpg.com/img/items/LC-3.png?1,/img/items/LC-3.png,LC-3.png,LC-3,,existing,,LC-3-37221437b5df.png,generated/item-icons/LC-3-37221437b5df.png,,Observed from cached Buddy page-data item image; review before asset download or canonical promotion.
Large Clam Shell,large clam shell,large-clam-shell,https://buddy.farm/i/large-clam-shell/,https://farmrpg.com/img/items/fishing_74_t.png,/img/items/fishing_74_t.png,fishing_74_t.png,fishing_74_t,,existing,,fishing_74_t-4c74cc957181.png,generated/item-icons/fishing_74_t-4c74cc957181.png,,Observed from cached Buddy page-data item image; review before asset download or canonical promotion.
Large Net,large net,large-net,https://buddy.farm/i/large-net/,https://farmrpg.com/img/items/lnet.png?3,/img/items/lnet.png,lnet.png,lnet,,existing,,lnet-fcf8632bdfaa.png,generated/item-icons/lnet-fcf8632bdfaa.png,,Observed from cached Buddy page-data item image; review before asset download or canonical promotion.
Largemouth Bass,largemouth bass,largemouth-bass,https://buddy.farm/i/largemouth-bass/,https://farmrpg.com/img/items/7736.PNG,/img/items/7736.PNG,7736.PNG,7736,7736,existing,,7736-47a2277cb7e6.png,generated/item-icons/7736-47a2277cb7e6.png,,Observed from cached Buddy page-data item image; review before asset download or canonical promotion.
Lava Ring,lava ring,lava-ring,https://buddy.farm/i/lava-ring/,https://farmrpg.com/img/items/lavaring2.png,/img/items/lavaring2.png,lavaring2.png,lavaring2,,existing,,lavaring2-589cdbf8cf15.png,generated/item-icons/lavaring2-589cdbf8cf15.png,,Observed from cached Buddy page-data item image; review before asset download or canonical promotion.
Lava Sphere,lava sphere,lava-sphere,https://buddy.farm/i/lava-sphere/,https://farmrpg.com/img/items/5249.png,/img/items/5249.png,5249.png,5249,5249,existing,,5249-66d17297c13d.png,generated/item-icons/5249-66d17297c13d.png,,Observed from cached Buddy page-data item image; review before asset download or canonical promotion.
Lavos Shard,lavos shard,lavos-shard,https://buddy.farm/i/lavos-shard/,https://farmrpg.com/img/items/408.png,/img/items/408.png,408.png,408,408,existing,,408-c709bf2a83dc.png,generated/item-icons/408-c709bf2a83dc.png,,Observed from cached Buddy page-data item image; review before asset download or canonical promotion.
Leather,leather,leather,https://buddy.farm/i/leather/,https://farmrpg.com/img/items/5987.PNG,/img/items/5987.PNG,5987.PNG,5987,5987,existing,,5987-958ae19885de.png,generated/item-icons/5987-958ae19885de.png,,Observed from cached Buddy page-data item image; review before asset download or canonical promotion.
Leather Bag,leather bag,leather-bag,https://buddy.farm/i/leather-bag/,https://farmrpg.com/img/items/6175.PNG,/img/items/6175.PNG,6175.PNG,6175,6175,existing,,6175-43a821ebb8c2.png,generated/item-icons/6175-43a821ebb8c2.png,,Observed from cached Buddy page-data item image; review before asset download or canonical promotion.
Leather Belt,leather belt,leather-belt,https://buddy.farm/i/leather-belt/,https://farmrpg.com/img/items/finp_705.png,/img/items/finp_705.png,finp_705.png,finp_705,,existing,,finp_705-ecf94efb793e.png,generated/item-icons/finp_705-ecf94efb793e.png,,Observed from cached Buddy page-data item image; review before asset download or canonical promotion.
Leather Diary,leather diary,leather-diary,https://buddy.farm/i/leather-diary/,https://farmrpg.com/img/items/5754.PNG,/img/items/5754.PNG,5754.PNG,5754,5754,existing,,5754-7825f6573ac3.png,generated/item-icons/5754-7825f6573ac3.png,,Observed from cached Buddy page-data item image; review before asset download or canonical promotion.
Leather Helmet,leather helmet,leather-helmet,https://buddy.farm/i/leather-helmet/,https://farmrpg.com/img/items/afk_9140.png,/img/items/afk_9140.png,afk_9140.png,afk_9140,,existing,,afk_9140-19256ad3bab9.png,generated/item-icons/afk_9140-19256ad3bab9.png,,Observed from cached Buddy page-data item image; review before asset download or canonical promotion.
Leather Waterskin,leather waterskin,leather-waterskin,https://buddy.farm/i/leather-waterskin/,https://farmrpg.com/img/items/5563.png,/img/items/5563.png,5563.png,5563,5563,existing,,5563-24eae8894ea6.png,generated/item-icons/5563-24eae8894ea6.png,,Observed from cached Buddy page-data item image; review before asset download or canonical promotion.
Leek,leek,leek,https://buddy.farm/i/leek/,https://farmrpg.com/img/items/8291.png,/img/items/8291.png,8291.png,8291,8291,existing,,8291-acac4f3e6274.png,generated/item-icons/8291-acac4f3e6274.png,,Observed from cached Buddy page-data item image; review before asset download or canonical promotion.
Leek Seeds,leek seeds,leek-seeds,https://buddy.farm/i/leek-seeds/,https://farmrpg.com/img/items/seeds_leek.png,/img/items/seeds_leek.png,seeds_leek.png,seeds_leek,,existing,,seeds_leek-e739b2c3de9d.png,generated/item-icons/seeds_leek-e739b2c3de9d.png,,Observed from cached Buddy page-data item image; review before asset download or canonical promotion.
Lemon,lemon,lemon,https://buddy.farm/i/lemon/,https://farmrpg.com/img/items/8251.PNG,/img/items/8251.PNG,8251.PNG,8251,8251,existing,,8251-fbd957438cdd.png,generated/item-icons/8251-fbd957438cdd.png,,Observed from cached Buddy page-data item image; review before asset download or canonical promotion.
Lemon Cream Pie,lemon cream pie,lemon-cream-pie,https://buddy.farm/i/lemon-cream-pie/,https://farmrpg.com/img/items/lemoncreampie.png,/img/items/lemoncreampie.png,lemoncreampie.png,lemoncreampie,,existing,,lemoncreampie-5155bf706e2b.png,generated/item-icons/lemoncreampie-5155bf706e2b.png,,Observed from cached Buddy page-data item image; review before asset download or canonical promotion.
Lemon Quartz,lemon quartz,lemon-quartz,https://buddy.farm/i/lemon-quartz/,https://farmrpg.com/img/items/5798.png,/img/items/5798.png,5798.png,5798,5798,existing,,5798-2f8cea966686.png,generated/item-icons/5798-2f8cea966686.png,,Observed from cached Buddy page-data item image; review before asset download or canonical promotion.
Lemon Quartz Ring,lemon quartz ring,lemon-quartz-ring,https://buddy.farm/i/lemon-quartz-ring/,https://farmrpg.com/img/items/lemonring.png,/img/items/lemonring.png,lemonring.png,lemonring,,existing,,lemonring-67db58ab4782.png,generated/item-icons/lemonring-67db58ab4782.png,,Observed from cached Buddy page-data item image; review before asset download or canonical promotion.
Lemon Seltzer,lemon seltzer,lemon-seltzer,https://buddy.farm/i/lemon-seltzer/,https://farmrpg.com/img/items/lemonseltzer.png,/img/items/lemonseltzer.png,lemonseltzer.png,lemonseltzer,,existing,,lemonseltzer-405673621a18.png,generated/item-icons/lemonseltzer-405673621a18.png,,Observed from cached Buddy page-data item image; review before asset download or canonical promotion.
Lemonade,lemonade,lemonade,https://buddy.farm/i/lemonade/,https://farmrpg.com/img/items/lemonade.png,/img/items/lemonade.png,lemonade.png,lemonade,,existing,,lemonade-f087b06d46ff.png,generated/item-icons/lemonade-f087b06d46ff.png,,Observed from cached Buddy page-data item image; review before asset download or canonical promotion.
Leprechaun Buddy Doll,leprechaun buddy doll,leprechaun-buddy-doll,https://buddy.farm/i/leprechaun-buddy-doll/,https://farmrpg.com/img/items/leafymcluckybuddydoll.png,/img/items/leafymcluckybuddydoll.png,leafymcluckybuddydoll.png,leafymcluckybuddydoll,,existing,,leafymcluckybuddydoll-97032ce28495.png,generated/item-icons/leafymcluckybuddydoll-97032ce28495.png,,Observed from cached Buddy page-data item image; review before asset download or canonical promotion.
Leprechaun Hat,leprechaun hat,leprechaun-hat,https://buddy.farm/i/leprechaun-hat/,https://farmrpg.com/img/items/Leprechaun_hatnew.png,/img/items/Leprechaun_hatnew.png,Leprechaun_hatnew.png,Leprechaun_hatnew,,existing,,Leprechaun_hatnew-69bd82bd8e36.png,generated/item-icons/Leprechaun_hatnew-69bd82bd8e36.png,,Observed from cached Buddy page-data item image; review before asset download or canonical promotion.
Lima Bean,lima bean,lima-bean,https://buddy.farm/i/lima-bean/,https://farmrpg.com/img/items/limabean.png?1,/img/items/limabean.png,limabean.png,limabean,,existing,,limabean-bd9b59831fd2.png,generated/item-icons/limabean-bd9b59831fd2.png,,Observed from cached Buddy page-data item image; review before asset download or canonical promotion.
Linked Lantern,linked lantern,linked-lantern,https://buddy.farm/i/linked-lantern/,https://farmrpg.com/img/items/mlantern.png?1,/img/items/mlantern.png,mlantern.png,mlantern,,existing,,mlantern-05bc31233b95.png,generated/item-icons/mlantern-05bc31233b95.png,,Observed from cached Buddy page-data item image; review before asset download or canonical promotion.
List of Corn Puns,list of corn puns,list-of-corn-puns,https://buddy.farm/i/list-of-corn-puns/,https://farmrpg.com/img/items/cornlist.png,/img/items/cornlist.png,cornlist.png,cornlist,,existing,,cornlist-880b63c0b7f1.png,generated/item-icons/cornlist-880b63c0b7f1.png,,Observed from cached Buddy page-data item image; review before asset download or canonical promotion.
Lobster,lobster,lobster,https://buddy.farm/i/lobster/,https://farmrpg.com/img/items/lobster.png,/img/items/lobster.png,lobster.png,lobster,,existing,,lobster-240f727c56da.png,generated/item-icons/lobster-240f727c56da.png,,Observed from cached Buddy page-data item image; review before asset download or canonical promotion.
Lollipop,lollipop,lollipop,https://buddy.farm/i/lollipop/,https://farmrpg.com/img/items/candy_t_08.png,/img/items/candy_t_08.png,candy_t_08.png,candy_t_08,,existing,,candy_t_08-049aeccdfaa3.png,generated/item-icons/candy_t_08-049aeccdfaa3.png,,Observed from cached Buddy page-data item image; review before asset download or canonical promotion.
Looking Glass,looking glass,looking-glass,https://buddy.farm/i/looking-glass/,https://farmrpg.com/img/items/5865.png,/img/items/5865.png,5865.png,5865,5865,existing,,5865-4057a1d3afac.png,generated/item-icons/5865-4057a1d3afac.png,,Observed from cached Buddy page-data item image; review before asset download or canonical promotion.
Lorn Bobblehead,lorn bobblehead,lorn-bobblehead,https://buddy.farm/i/lorn-bobblehead/,https://farmrpg.com/img/items/bobble_lorn.png,/img/items/bobble_lorn.png,bobble_lorn.png,bobble_lorn,,existing,,bobble_lorn-cf898a0fb604.png,generated/item-icons/bobble_lorn-cf898a0fb604.png,,Observed from cached Buddy page-data item image; review before asset download or canonical promotion.
Lorn's Breakfast Boost,lorn s breakfast boost,lorn-s-breakfast-boost,https://buddy.farm/i/lorn-s-breakfast-boost/,https://farmrpg.com/img/items/recipe.png,/img/items/recipe.png,recipe.png,recipe,,reused,,recipe-ebec090231f1.png,generated/item-icons/recipe-ebec090231f1.png,,Observed from cached Buddy page-data item image; review before asset download or canonical promotion.
Lovely Cookies,lovely cookies,lovely-cookies,https://buddy.farm/i/lovely-cookies/,https://farmrpg.com/img/items/lcookies.png,/img/items/lcookies.png,lcookies.png,lcookies,,existing,,lcookies-56865746c2aa.png,generated/item-icons/lcookies-56865746c2aa.png,,Observed from cached Buddy page-data item image; review before asset download or canonical promotion.
Lovely Present,lovely present,lovely-present,https://buddy.farm/i/lovely-present/,https://farmrpg.com/img/items/lpres.png,/img/items/lpres.png,lpres.png,lpres,,existing,,lpres-07ed5eee99be.png,generated/item-icons/lpres-07ed5eee99be.png,,Observed from cached Buddy page-data item image; review before asset download or canonical promotion.
Lovely Rose,lovely rose,lovely-rose,https://buddy.farm/i/lovely-rose/,https://farmrpg.com/img/items/afk_9604.png,/img/items/afk_9604.png,afk_9604.png,afk_9604,,existing,,afk_9604-f6164e02426e.png,generated/item-icons/afk_9604-f6164e02426e.png,,Observed from cached Buddy page-data item image; review before asset download or canonical promotion.
Lucky Bacon,lucky bacon,lucky-bacon,https://buddy.farm/i/lucky-bacon/,https://farmrpg.com/img/items/lucky_bacon.png,/img/items/lucky_bacon.png,lucky_bacon.png,lucky_bacon,,downloaded,200,lucky_bacon-bffba35b57ea.png,generated/item-icons/lucky_bacon-bffba35b57ea.png,,Observed from cached Buddy page-data item image; review before asset download or canonical promotion.
Lucky Cat Buddy Doll,lucky cat buddy doll,lucky-cat-buddy-doll,https://buddy.farm/i/lucky-cat-buddy-doll/,https://farmrpg.com/img/items/Manekinekobuddydoll.png,/img/items/Manekinekobuddydoll.png,Manekinekobuddydoll.png,Manekinekobuddydoll,,existing,,Manekinekobuddydoll-3ca58bf9e063.png,generated/item-icons/Manekinekobuddydoll-3ca58bf9e063.png,,Observed from cached Buddy page-data item image; review before asset download or canonical promotion.
Lucky Corn,lucky corn,lucky-corn,https://buddy.farm/i/lucky-corn/,https://farmrpg.com/img/items/lucky_corn.png,/img/items/lucky_corn.png,lucky_corn.png,lucky_corn,,downloaded,200,lucky_corn-c6e43d563b27.png,generated/item-icons/lucky_corn-c6e43d563b27.png,,Observed from cached Buddy page-data item image; review before asset download or canonical promotion.
Lucky Eggs,lucky eggs,lucky-eggs,https://buddy.farm/i/lucky-eggs/,https://farmrpg.com/img/items/lucky_eggs.png,/img/items/lucky_eggs.png,lucky_eggs.png,lucky_eggs,,downloaded,200,lucky_eggs-ed41fcec2a3a.png,generated/item-icons/lucky_eggs-ed41fcec2a3a.png,,Observed from cached Buddy page-data item image; review before asset download or canonical promotion.
Lucky Potato,lucky potato,lucky-potato,https://buddy.farm/i/lucky-potato/,https://farmrpg.com/img/items/lucky_potato.png,/img/items/lucky_potato.png,lucky_potato.png,lucky_potato,,downloaded,200,lucky_potato-46d822e8ac42.png,generated/item-icons/lucky_potato-46d822e8ac42.png,,Observed from cached Buddy page-data item image; review before asset download or canonical promotion.
Lucky Rabbit Foot,lucky rabbit foot,lucky-rabbit-foot,https://buddy.farm/i/lucky-rabbit-foot/,https://farmrpg.com/img/items/4289.png,/img/items/4289.png,4289.png,4289,4289,existing,,4289-2c3556861818.png,generated/item-icons/4289-2c3556861818.png,,Observed from cached Buddy page-data item image; review before asset download or canonical promotion.
Lucky Spiral Belt,lucky spiral belt,lucky-spiral-belt,https://buddy.farm/i/lucky-spiral-belt/,https://farmrpg.com/img/items/2059.png,/img/items/2059.png,2059.png,2059,2059,existing,,2059-7b6c8d2fb74f.png,generated/item-icons/2059-7b6c8d2fb74f.png,,Observed from cached Buddy page-data item image; review before asset download or canonical promotion.
Lucky Trout,lucky trout,lucky-trout,https://buddy.farm/i/lucky-trout/,https://farmrpg.com/img/items/lucky_trout.png,/img/items/lucky_trout.png,lucky_trout.png,lucky_trout,,downloaded,200,lucky_trout-ef3e96aa3650.png,generated/item-icons/lucky_trout-ef3e96aa3650.png,,Observed from cached Buddy page-data item image; review before asset download or canonical promotion.
Machine Part,machine part,machine-part,https://buddy.farm/i/machine-part/,https://farmrpg.com/img/items/9331.PNG,/img/items/9331.PNG,9331.PNG,9331,9331,existing,,9331-7bdf05b0aafc.png,generated/item-icons/9331-7bdf05b0aafc.png,,Observed from cached Buddy page-data item image; review before asset download or canonical promotion.
Machine Press,machine press,machine-press,https://buddy.farm/i/machine-press/,https://farmrpg.com/img/items/press.png,/img/items/press.png,press.png,press,,existing,,press-1d6bd6a55bc4.png,generated/item-icons/press-1d6bd6a55bc4.png,,Observed from cached Buddy page-data item image; review before asset download or canonical promotion.
Mackerel,mackerel,mackerel,https://buddy.farm/i/mackerel/,https://farmrpg.com/img/items/5768.png,/img/items/5768.png,5768.png,5768,5768,existing,,5768-21f268663fe9.png,generated/item-icons/5768-21f268663fe9.png,,Observed from cached Buddy page-data item image; review before asset download or canonical promotion.
Maduin's Cup,maduin s cup,maduin-s-cup,https://buddy.farm/i/maduin-s-cup/,https://farmrpg.com/img/items/3729.png,/img/items/3729.png,3729.png,3729,3729,existing,,3729-aa7352de7c93.png,generated/item-icons/3729-aa7352de7c93.png,,Observed from cached Buddy page-data item image; review before asset download or canonical promotion.
Magenta Growth,magenta growth,magenta-growth,https://buddy.farm/i/magenta-growth/,https://farmrpg.com/img/items/afk_8827.png,/img/items/afk_8827.png,afk_8827.png,afk_8827,,existing,,afk_8827-6cd788b724ed.png,generated/item-icons/afk_8827-6cd788b724ed.png,,Observed from cached Buddy page-data item image; review before asset download or canonical promotion.
Magic Conch Shell,magic conch shell,magic-conch-shell,https://buddy.farm/i/magic-conch-shell/,https://farmrpg.com/img/items/mcs.png,/img/items/mcs.png,mcs.png,mcs,,existing,,mcs-485514c803b2.png,generated/item-icons/mcs-485514c803b2.png,,Observed from cached Buddy page-data item image; review before asset download or canonical promotion.
Magic Lamp,magic lamp,magic-lamp,https://buddy.farm/i/magic-lamp/,https://farmrpg.com/img/items/3330.png,/img/items/3330.png,3330.png,3330,3330,existing,,3330-3c58b6189605.png,generated/item-icons/3330-3c58b6189605.png,,Observed from cached Buddy page-data item image; review before asset download or canonical promotion.
Magic Mirror,magic mirror,magic-mirror,https://buddy.farm/i/magic-mirror/,https://farmrpg.com/img/items/2687.png,/img/items/2687.png,2687.png,2687,2687,existing,,2687-42c0ed25b265.png,generated/item-icons/2687-42c0ed25b265.png,,Observed from cached Buddy page-data item image; review before asset download or canonical promotion.
Magical Chest 01,magical chest 01,magical-chest-01,https://buddy.farm/i/magical-chest-01/,https://farmrpg.com/img/items/magicchest01.png,/img/items/magicchest01.png,magicchest01.png,magicchest01,,existing,,magicchest01-650e8b3d1b5a.png,generated/item-icons/magicchest01-650e8b3d1b5a.png,,Observed from cached Buddy page-data item image; review before asset download or canonical promotion.
Magical Chest 02,magical chest 02,magical-chest-02,https://buddy.farm/i/magical-chest-02/,https://farmrpg.com/img/items/magicchest01.png,/img/items/magicchest01.png,magicchest01.png,magicchest01,,reused,,magicchest01-650e8b3d1b5a.png,generated/item-icons/magicchest01-650e8b3d1b5a.png,,Observed from cached Buddy page-data item image; review before asset download or canonical promotion.
Magical Egg Basket,magical egg basket,magical-egg-basket,https://buddy.farm/i/magical-egg-basket/,https://farmrpg.com/img/items/mageggbasket.png,/img/items/mageggbasket.png,mageggbasket.png,mageggbasket,,existing,,mageggbasket-ccbd46179ed1.png,generated/item-icons/mageggbasket-ccbd46179ed1.png,,Observed from cached Buddy page-data item image; review before asset download or canonical promotion.
Magicite,magicite,magicite,https://buddy.farm/i/magicite/,https://farmrpg.com/img/items/7963.png,/img/items/7963.png,7963.png,7963,7963,existing,,7963-ec068637aaeb.png,generated/item-icons/7963-ec068637aaeb.png,,Observed from cached Buddy page-data item image; review before asset download or canonical promotion.
Magmastone,magmastone,magmastone,https://buddy.farm/i/magmastone/,https://farmrpg.com/img/items/magmastone.png,/img/items/magmastone.png,magmastone.png,magmastone,,existing,,magmastone-a5af01ddbd4c.png,generated/item-icons/magmastone-a5af01ddbd4c.png,,Observed from cached Buddy page-data item image; review before asset download or canonical promotion.
Magna Core,magna core,magna-core,https://buddy.farm/i/magna-core/,https://farmrpg.com/img/items/9376.png,/img/items/9376.png,9376.png,9376,9376,existing,,9376-9a73efc0dbd8.png,generated/item-icons/9376-9a73efc0dbd8.png,,Observed from cached Buddy page-data item image; review before asset download or canonical promotion.
Magna Quartz,magna quartz,magna-quartz,https://buddy.farm/i/magna-quartz/,https://farmrpg.com/img/items/magnaquartz.png,/img/items/magnaquartz.png,magnaquartz.png,magnaquartz,,existing,,magnaquartz-ef8aed20367b.png,generated/item-icons/magnaquartz-ef8aed20367b.png,,Observed from cached Buddy page-data item image; review before asset download or canonical promotion.
Magnifying Glass,magnifying glass,magnifying-glass,https://buddy.farm/i/magnifying-glass/,https://farmrpg.com/img/items/7210.png,/img/items/7210.png,7210.png,7210,7210,existing,,7210-536b027937e1.png,generated/item-icons/7210-536b027937e1.png,,Observed from cached Buddy page-data item image; review before asset download or canonical promotion.
Magus Hat,magus hat,magus-hat,https://buddy.farm/i/magus-hat/,https://farmrpg.com/img/items/5404.png,/img/items/5404.png,5404.png,5404,5404,existing,,5404-ceb548b17c08.png,generated/item-icons/5404-ceb548b17c08.png,,Observed from cached Buddy page-data item image; review before asset download or canonical promotion.
Mana Scarab,mana scarab,mana-scarab,https://buddy.farm/i/mana-scarab/,https://farmrpg.com/img/items/afk_9531.png,/img/items/afk_9531.png,afk_9531.png,afk_9531,,existing,,afk_9531-ec406f39e3ac.png,generated/item-icons/afk_9531-ec406f39e3ac.png,,Observed from cached Buddy page-data item image; review before asset download or canonical promotion.
Mapping Compass,mapping compass,mapping-compass,https://buddy.farm/i/mapping-compass/,https://farmrpg.com/img/items/mappingcompass.png,/img/items/mappingcompass.png,mappingcompass.png,mappingcompass,,existing,,mappingcompass-824ce103a2d3.png,generated/item-icons/mappingcompass-824ce103a2d3.png,,Observed from cached Buddy page-data item image; review before asset download or canonical promotion.
Mariya Bobblehead,mariya bobblehead,mariya-bobblehead,https://buddy.farm/i/mariya-bobblehead/,https://farmrpg.com/img/items/bobble_mariya.png,/img/items/bobble_mariya.png,bobble_mariya.png,bobble_mariya,,existing,,bobble_mariya-22800f732131.png,generated/item-icons/bobble_mariya-22800f732131.png,,Observed from cached Buddy page-data item image; review before asset download or canonical promotion.
Mariya's Crunchy Omelette,mariya s crunchy omelette,mariya-s-crunchy-omelette,https://buddy.farm/i/mariya-s-crunchy-omelette/,https://farmrpg.com/img/items/recipe.png,/img/items/recipe.png,recipe.png,recipe,,reused,,recipe-ebec090231f1.png,generated/item-icons/recipe-ebec090231f1.png,,Observed from cached Buddy page-data item image; review before asset download or canonical promotion.
Mariya's Festive Eggnog,mariya s festive eggnog,mariya-s-festive-eggnog,https://buddy.farm/i/mariya-s-festive-eggnog/,https://farmrpg.com/img/items/recipe.png,/img/items/recipe.png,recipe.png,recipe,,reused,,recipe-ebec090231f1.png,generated/item-icons/recipe-ebec090231f1.png,,Observed from cached Buddy page-data item image; review before asset download or canonical promotion.
Mariya's Hickory Omelette,mariya s hickory omelette,mariya-s-hickory-omelette,https://buddy.farm/i/mariya-s-hickory-omelette/,https://farmrpg.com/img/items/recipe.png,/img/items/recipe.png,recipe.png,recipe,,reused,,recipe-ebec090231f1.png,generated/item-icons/recipe-ebec090231f1.png,,Observed from cached Buddy page-data item image; review before asset download or canonical promotion.
Mark of Knowledge,mark of knowledge,mark-of-knowledge,https://buddy.farm/i/mark-of-knowledge/,https://farmrpg.com/img/items/3966.png,/img/items/3966.png,3966.png,3966,3966,existing,,3966-d367c7a6d9b4.png,generated/item-icons/3966-d367c7a6d9b4.png,,Observed from cached Buddy page-data item image; review before asset download or canonical promotion.
Marlin,marlin,marlin,https://buddy.farm/i/marlin/,https://farmrpg.com/img/items/7816.png,/img/items/7816.png,7816.png,7816,7816,existing,,7816-a9fae3f46bb9.png,generated/item-icons/7816-a9fae3f46bb9.png,,Observed from cached Buddy page-data item image; review before asset download or canonical promotion.
Maverick Chip,maverick chip,maverick-chip,https://buddy.farm/i/maverick-chip/,https://farmrpg.com/img/items/Maverick_coin.png,/img/items/Maverick_coin.png,Maverick_coin.png,Maverick_coin,,existing,,Maverick_coin-69eff517d24c.png,generated/item-icons/Maverick_coin-69eff517d24c.png,,Observed from cached Buddy page-data item image; review before asset download or canonical promotion.
Mayonnaise,mayonnaise,mayonnaise,https://buddy.farm/i/mayonnaise/,https://farmrpg.com/img/items/mayo.png,/img/items/mayo.png,mayo.png,mayo,,existing,,mayo-393f8447c14c.png,generated/item-icons/mayo-393f8447c14c.png,,Observed from cached Buddy page-data item image; review before asset download or canonical promotion.
Mealworms,mealworms,mealworms,https://buddy.farm/i/mealworms/,https://farmrpg.com/img/items/mw.png,/img/items/mw.png,mw.png,mw,,existing,,mw-656189f80a68.png,generated/item-icons/mw-656189f80a68.png,,Observed from cached Buddy page-data item image; review before asset download or canonical promotion.
Mechanical Heart,mechanical heart,mechanical-heart,https://buddy.farm/i/mechanical-heart/,https://farmrpg.com/img/items/mechheart.png,/img/items/mechheart.png,mechheart.png,mechheart,,existing,,mechheart-2a50324a5465.png,generated/item-icons/mechheart-2a50324a5465.png,,Observed from cached Buddy page-data item image; review before asset download or canonical promotion.
Medium Chest 01,medium chest 01,medium-chest-01,https://buddy.farm/i/medium-chest-01/,https://farmrpg.com/img/items/8574.png,/img/items/8574.png,8574.png,8574,8574,existing,,8574-d4e5f6a51668.png,generated/item-icons/8574-d4e5f6a51668.png,,Observed from cached Buddy page-data item image; review before asset download or canonical promotion.
Medium Chest 02,medium chest 02,medium-chest-02,https://buddy.farm/i/medium-chest-02/,https://farmrpg.com/img/items/8574.png,/img/items/8574.png,8574.png,8574,8574,reused,,8574-d4e5f6a51668.png,generated/item-icons/8574-d4e5f6a51668.png,,Observed from cached Buddy page-data item image; review before asset download or canonical promotion.
Medium Chest 03,medium chest 03,medium-chest-03,https://buddy.farm/i/medium-chest-03/,https://farmrpg.com/img/items/8574.png,/img/items/8574.png,8574.png,8574,8574,reused,,8574-d4e5f6a51668.png,generated/item-icons/8574-d4e5f6a51668.png,,Observed from cached Buddy page-data item image; review before asset download or canonical promotion.
Meerif Crest,meerif crest,meerif-crest,https://buddy.farm/i/meerif-crest/,https://farmrpg.com/img/items/meerif.png,/img/items/meerif.png,meerif.png,meerif,,existing,,meerif-6c28d272db39.png,generated/item-icons/meerif-6c28d272db39.png,,Observed from cached Buddy page-data item image; review before asset download or canonical promotion.
Mega Beet Seeds,mega beet seeds,mega-beet-seeds,https://buddy.farm/i/mega-beet-seeds/,https://farmrpg.com/img/items/seeds_mbeet.png,/img/items/seeds_mbeet.png,seeds_mbeet.png,seeds_mbeet,,existing,,seeds_mbeet-cb342ba21a64.png,generated/item-icons/seeds_mbeet-cb342ba21a64.png,,Observed from cached Buddy page-data item image; review before asset download or canonical promotion.
Mega Cotton Seeds,mega cotton seeds,mega-cotton-seeds,https://buddy.farm/i/mega-cotton-seeds/,https://farmrpg.com/img/items/seeds_mcotton.png?1,/img/items/seeds_mcotton.png,seeds_mcotton.png,seeds_mcotton,,existing,,seeds_mcotton-b5a69fe24e7a.png,generated/item-icons/seeds_mcotton-b5a69fe24e7a.png,,Observed from cached Buddy page-data item image; review before asset download or canonical promotion.
Mega Sunflower Seeds,mega sunflower seeds,mega-sunflower-seeds,https://buddy.farm/i/mega-sunflower-seeds/,https://farmrpg.com/img/items/seeds_msunflower.png,/img/items/seeds_msunflower.png,seeds_msunflower.png,seeds_msunflower,,existing,,seeds_msunflower-e8406eb459e7.png,generated/item-icons/seeds_msunflower-e8406eb459e7.png,,Observed from cached Buddy page-data item image; review before asset download or canonical promotion.
Mermaid's Necklace,mermaid s necklace,mermaid-s-necklace,https://buddy.farm/i/mermaid-s-necklace/,https://farmrpg.com/img/items/5164.png,/img/items/5164.png,5164.png,5164,5164,existing,,5164-b80cede884ee.png,generated/item-icons/5164-b80cede884ee.png,,Observed from cached Buddy page-data item image; review before asset download or canonical promotion.
Mermaid's Scale,mermaid s scale,mermaid-s-scale,https://buddy.farm/i/mermaid-s-scale/,https://farmrpg.com/img/items/mermaidscale.png,/img/items/mermaidscale.png,mermaidscale.png,mermaidscale,,existing,,mermaidscale-aed4258b9626.png,generated/item-icons/mermaidscale-aed4258b9626.png,,Observed from cached Buddy page-data item image; review before asset download or canonical promotion.
Metal Spool,metal spool,metal-spool,https://buddy.farm/i/metal-spool/,https://farmrpg.com/img/items/9325.png,/img/items/9325.png,9325.png,9325,9325,existing,,9325-df4c50da1551.png,generated/item-icons/9325-df4c50da1551.png,,Observed from cached Buddy page-data item image; review before asset download or canonical promotion.
MIAB,miab,miab,https://buddy.farm/i/miab/,https://farmrpg.com/img/items/7756.png,/img/items/7756.png,7756.png,7756,7756,existing,,7756-ce32677adbf5.png,generated/item-icons/7756-ce32677adbf5.png,,Observed from cached Buddy page-data item image; review before asset download or canonical promotion.
Milk,milk,milk,https://buddy.farm/i/milk/,https://farmrpg.com/img/items/8382.PNG,/img/items/8382.PNG,8382.PNG,8382,8382,existing,,8382-9810e1b4517c.png,generated/item-icons/8382-9810e1b4517c.png,,Observed from cached Buddy page-data item image; review before asset download or canonical promotion.
Milk and Cookies,milk and cookies,milk-and-cookies,https://buddy.farm/i/milk-and-cookies/,https://farmrpg.com/img/items/25_sm.png,/img/items/25_sm.png,25_sm.png,25_sm,,existing,,25_sm-558a4a389fc2.png,generated/item-icons/25_sm-558a4a389fc2.png,,Observed from cached Buddy page-data item image; review before asset download or canonical promotion.
Milk Carton,milk carton,milk-carton,https://buddy.farm/i/milk-carton/,https://farmrpg.com/img/items/packaging_t_01.PNG,/img/items/packaging_t_01.PNG,packaging_t_01.PNG,packaging_t_01,,existing,,packaging_t_01-75f6edd1f900.png,generated/item-icons/packaging_t_01-75f6edd1f900.png,,Observed from cached Buddy page-data item image; review before asset download or canonical promotion.
Mini Marshmallows,mini marshmallows,mini-marshmallows,https://buddy.farm/i/mini-marshmallows/,https://farmrpg.com/img/items/mms.png,/img/items/mms.png,mms.png,mms,,existing,,mms-769b755dcb36.png,generated/item-icons/mms-769b755dcb36.png,,Observed from cached Buddy page-data item image; review before asset download or canonical promotion.
Mini Slime Squid,mini slime squid,mini-slime-squid,https://buddy.farm/i/mini-slime-squid/,https://farmrpg.com/img/items/3992.png,/img/items/3992.png,3992.png,3992,3992,existing,,3992-eac4d807e29d.png,generated/item-icons/3992-eac4d807e29d.png,,Observed from cached Buddy page-data item image; review before asset download or canonical promotion.
Mini Time Egg,mini time egg,mini-time-egg,https://buddy.farm/i/mini-time-egg/,https://farmrpg.com/img/items/minitimeegg.png,/img/items/minitimeegg.png,minitimeegg.png,minitimeegg,,existing,,minitimeegg-1d81fed5f3dc.png,generated/item-icons/minitimeegg-1d81fed5f3dc.png,,Observed from cached Buddy page-data item image; review before asset download or canonical promotion.
Minnows,minnows,minnows,https://buddy.farm/i/minnows/,https://farmrpg.com/img/items/7749.png,/img/items/7749.png,7749.png,7749,7749,existing,,7749-3e84a82c6b83.png,generated/item-icons/7749-3e84a82c6b83.png,,Observed from cached Buddy page-data item image; review before asset download or canonical promotion.
Mist Lily,mist lily,mist-lily,https://buddy.farm/i/mist-lily/,https://farmrpg.com/img/items/whiteflower.png,/img/items/whiteflower.png,whiteflower.png,whiteflower,,existing,,whiteflower-41c6fc82bd90.png,generated/item-icons/whiteflower-41c6fc82bd90.png,,Observed from cached Buddy page-data item image; review before asset download or canonical promotion.
Mistletoe,mistletoe,mistletoe,https://buddy.farm/i/mistletoe/,https://farmrpg.com/img/items/28_sm.png,/img/items/28_sm.png,28_sm.png,28_sm,,existing,,28_sm-ee40b29b2313.png,generated/item-icons/28_sm-ee40b29b2313.png,,Observed from cached Buddy page-data item image; review before asset download or canonical promotion.
Mittens,mittens,mittens,https://buddy.farm/i/mittens/,https://farmrpg.com/img/items/15_sm.png,/img/items/15_sm.png,15_sm.png,15_sm,,existing,,15_sm-58601f387d9c.png,generated/item-icons/15_sm-58601f387d9c.png,,Observed from cached Buddy page-data item image; review before asset download or canonical promotion.
Mixed Nuts,mixed nuts,mixed-nuts,https://buddy.farm/i/mixed-nuts/,https://farmrpg.com/img/items/nuts.png,/img/items/nuts.png,nuts.png,nuts,,existing,,nuts-8e567a34c09f.png,generated/item-icons/nuts-8e567a34c09f.png,,Observed from cached Buddy page-data item image; review before asset download or canonical promotion.
Mizzem's Daisies,mizzem s daisies,mizzem-s-daisies,https://buddy.farm/i/mizzem-s-daisies/,https://farmrpg.com/img/items/MizzemsDaisies.png,/img/items/MizzemsDaisies.png,MizzemsDaisies.png,MizzemsDaisies,,existing,,MizzemsDaisies-52d3cb86f88f.png,generated/item-icons/MizzemsDaisies-52d3cb86f88f.png,,Observed from cached Buddy page-data item image; review before asset download or canonical promotion.
Model Ship,model ship,model-ship,https://buddy.farm/i/model-ship/,https://farmrpg.com/img/items/4925.png,/img/items/4925.png,4925.png,4925,4925,existing,,4925-b619713ab48a.png,generated/item-icons/4925-b619713ab48a.png,,Observed from cached Buddy page-data item image; review before asset download or canonical promotion.
Molasses,molasses,molasses,https://buddy.farm/i/molasses/,https://farmrpg.com/img/items/molasses.png,/img/items/molasses.png,molasses.png,molasses,,existing,,molasses-e1f33008b984.png,generated/item-icons/molasses-e1f33008b984.png,,Observed from cached Buddy page-data item image; review before asset download or canonical promotion.
Monster Skull,monster skull,monster-skull,https://buddy.farm/i/monster-skull/,https://farmrpg.com/img/items/8617.png,/img/items/8617.png,8617.png,8617,8617,existing,,8617-a862304b3e09.png,generated/item-icons/8617-a862304b3e09.png,,Observed from cached Buddy page-data item image; review before asset download or canonical promotion.
Moon Egg,moon egg,moon-egg,https://buddy.farm/i/moon-egg/,https://farmrpg.com/img/items/egg_moon.png,/img/items/egg_moon.png,egg_moon.png,egg_moon,,downloaded,200,egg_moon-d3c7287d3f41.png,generated/item-icons/egg_moon-d3c7287d3f41.png,,Observed from cached Buddy page-data item image; review before asset download or canonical promotion.
Moonbreaker,moonbreaker,moonbreaker,https://buddy.farm/i/moonbreaker/,https://farmrpg.com/img/items/moonbreaker.png,/img/items/moonbreaker.png,moonbreaker.png,moonbreaker,,existing,,moonbreaker-f1ad3f6e0523.png,generated/item-icons/moonbreaker-f1ad3f6e0523.png,,Observed from cached Buddy page-data item image; review before asset download or canonical promotion.
Moonstone,moonstone,moonstone,https://buddy.farm/i/moonstone/,https://farmrpg.com/img/items/8014.png,/img/items/8014.png,8014.png,8014,8014,existing,,8014-ca9c9f102402.png,generated/item-icons/8014-ca9c9f102402.png,,Observed from cached Buddy page-data item image; review before asset download or canonical promotion.
Mossy Stone,mossy stone,mossy-stone,https://buddy.farm/i/mossy-stone/,https://farmrpg.com/img/items/viri_4012.png,/img/items/viri_4012.png,viri_4012.png,viri_4012,,existing,,viri_4012-903ace59fc22.png,generated/item-icons/viri_4012-903ace59fc22.png,,Observed from cached Buddy page-data item image; review before asset download or canonical promotion.
Movember Buddy Doll,movember buddy doll,movember-buddy-doll,https://buddy.farm/i/movember-buddy-doll/,https://farmrpg.com/img/items/mbuddy.png,/img/items/mbuddy.png,mbuddy.png,mbuddy,,existing,,mbuddy-f9f346477f0d.png,generated/item-icons/mbuddy-f9f346477f0d.png,,Observed from cached Buddy page-data item image; review before asset download or canonical promotion.
Mudcap,mudcap,mudcap,https://buddy.farm/i/mudcap/,https://farmrpg.com/img/items/afk_8440.png,/img/items/afk_8440.png,afk_8440.png,afk_8440,,existing,,afk_8440-0a9f72e13953.png,generated/item-icons/afk_8440-0a9f72e13953.png,,Observed from cached Buddy page-data item image; review before asset download or canonical promotion.
Mug of Beer,mug of beer,mug-of-beer,https://buddy.farm/i/mug-of-beer/,https://farmrpg.com/img/items/7264.png?1,/img/items/7264.png,7264.png,7264,7264,existing,,7264-227207699208.png,generated/item-icons/7264-227207699208.png,,Observed from cached Buddy page-data item image; review before asset download or canonical promotion.
Mulberry Snapper,mulberry snapper,mulberry-snapper,https://buddy.farm/i/mulberry-snapper/,https://farmrpg.com/img/items/3276.png,/img/items/3276.png,3276.png,3276,3276,existing,,3276-a4feaf425a4f.png,generated/item-icons/3276-a4feaf425a4f.png,,Observed from cached Buddy page-data item image; review before asset download or canonical promotion.
Mummy Bobblehead,mummy bobblehead,mummy-bobblehead,https://buddy.farm/i/mummy-bobblehead/,https://farmrpg.com/img/items/bobble_mummy.png,/img/items/bobble_mummy.png,bobble_mummy.png,bobble_mummy,,existing,,bobble_mummy-30ca9aa59772.png,generated/item-icons/bobble_mummy-30ca9aa59772.png,,Observed from cached Buddy page-data item image; review before asset download or canonical promotion.
Mushroom,mushroom,mushroom,https://buddy.farm/i/mushroom/,https://farmrpg.com/img/items/mushroom.png,/img/items/mushroom.png,mushroom.png,mushroom,,existing,,mushroom-8e640cac89a2.png,generated/item-icons/mushroom-8e640cac89a2.png,,Observed from cached Buddy page-data item image; review before asset download or canonical promotion.
Mushroom Paste,mushroom paste,mushroom-paste,https://buddy.farm/i/mushroom-paste/,https://farmrpg.com/img/items/5691.png,/img/items/5691.png,5691.png,5691,5691,existing,,5691-b4a29220a0ee.png,generated/item-icons/5691-b4a29220a0ee.png,,Observed from cached Buddy page-data item image; review before asset download or canonical promotion.
Mushroom Spores,mushroom spores,mushroom-spores,https://buddy.farm/i/mushroom-spores/,https://farmrpg.com/img/items/seeds_mushroom.png,/img/items/seeds_mushroom.png,seeds_mushroom.png,seeds_mushroom,,existing,,seeds_mushroom-e43a896aa2b6.png,generated/item-icons/seeds_mushroom-e43a896aa2b6.png,,Observed from cached Buddy page-data item image; review before asset download or canonical promotion.
Mushroom Stew,mushroom stew,mushroom-stew,https://buddy.farm/i/mushroom-stew/,https://farmrpg.com/img/items/mushroomstew.png,/img/items/mushroomstew.png,mushroomstew.png,mushroomstew,,existing,,mushroomstew-4b3e3dddd73f.png,generated/item-icons/mushroomstew-4b3e3dddd73f.png,,Observed from cached Buddy page-data item image; review before asset download or canonical promotion.
Music Box,music box,music-box,https://buddy.farm/i/music-box/,https://farmrpg.com/img/items/809.png,/img/items/809.png,809.png,809,809,existing,,809-b59d59097e02.png,generated/item-icons/809-b59d59097e02.png,,Observed from cached Buddy page-data item image; review before asset download or canonical promotion.
Mussel,mussel,mussel,https://buddy.farm/i/mussel/,https://farmrpg.com/img/items/7785.png,/img/items/7785.png,7785.png,7785,7785,existing,,7785-5481b8e4cdd4.png,generated/item-icons/7785-5481b8e4cdd4.png,,Observed from cached Buddy page-data item image; review before asset download or canonical promotion.
Mystic Ring,mystic ring,mystic-ring,https://buddy.farm/i/mystic-ring/,https://farmrpg.com/img/items/8038.png,/img/items/8038.png,8038.png,8038,8038,existing,,8038-5def36f6139f.png,generated/item-icons/8038-5def36f6139f.png,,Observed from cached Buddy page-data item image; review before asset download or canonical promotion.
Mystical Chest 01,mystical chest 01,mystical-chest-01,https://buddy.farm/i/mystical-chest-01/,https://farmrpg.com/img/items/4456.png,/img/items/4456.png,4456.png,4456,4456,existing,,4456-a13dd96d52c6.png,generated/item-icons/4456-a13dd96d52c6.png,,Observed from cached Buddy page-data item image; review before asset download or canonical promotion.
Mystical Chest 02,mystical chest 02,mystical-chest-02,https://buddy.farm/i/mystical-chest-02/,https://farmrpg.com/img/items/4456.png,/img/items/4456.png,4456.png,4456,4456,reused,,4456-a13dd96d52c6.png,generated/item-icons/4456-a13dd96d52c6.png,,Observed from cached Buddy page-data item image; review before asset download or canonical promotion.
Mystical Staff,mystical staff,mystical-staff,https://buddy.farm/i/mystical-staff/,https://farmrpg.com/img/items/5273.png?1,/img/items/5273.png,5273.png,5273,5273,existing,,5273-6765bae67458.png,generated/item-icons/5273-6765bae67458.png,,Observed from cached Buddy page-data item image; review before asset download or canonical promotion.
Nailed Board,nailed board,nailed-board,https://buddy.farm/i/nailed-board/,https://farmrpg.com/img/items/finp_607.png,/img/items/finp_607.png,finp_607.png,finp_607,,existing,,finp_607-e925507d84bb.png,generated/item-icons/finp_607-e925507d84bb.png,,Observed from cached Buddy page-data item image; review before asset download or canonical promotion.
Nails,nails,nails,https://buddy.farm/i/nails/,https://farmrpg.com/img/items/5860.png,/img/items/5860.png,5860.png,5860,5860,existing,,5860-df95a63a7e21.png,generated/item-icons/5860-df95a63a7e21.png,,Observed from cached Buddy page-data item image; review before asset download or canonical promotion.
Nebula Egg,nebula egg,nebula-egg,https://buddy.farm/i/nebula-egg/,https://farmrpg.com/img/items/egg_nebula.png,/img/items/egg_nebula.png,egg_nebula.png,egg_nebula,,downloaded,200,egg_nebula-c20458cd1a44.png,generated/item-icons/egg_nebula-c20458cd1a44.png,,Observed from cached Buddy page-data item image; review before asset download or canonical promotion.
Neigh,neigh,neigh,https://buddy.farm/i/neigh/,https://farmrpg.com/img/items/vegsoup4.png,/img/items/vegsoup4.png,vegsoup4.png,vegsoup4,,existing,,vegsoup4-c27dbb4838d0.png,generated/item-icons/vegsoup4-c27dbb4838d0.png,,Observed from cached Buddy page-data item image; review before asset download or canonical promotion.
Nightshade Cap,nightshade cap,nightshade-cap,https://buddy.farm/i/nightshade-cap/,https://farmrpg.com/img/items/6594.png,/img/items/6594.png,6594.png,6594,6594,existing,,6594-e8bef4e5708e.png,generated/item-icons/6594-e8bef4e5708e.png,,Observed from cached Buddy page-data item image; review before asset download or canonical promotion.
Nirumdivar,nirumdivar,nirumdivar,https://buddy.farm/i/nirumdivar/,https://farmrpg.com/img/items/stave1.png,/img/items/stave1.png,stave1.png,stave1,,existing,,stave1-1c55f1359def.png,generated/item-icons/stave1-1c55f1359def.png,,Observed from cached Buddy page-data item image; review before asset download or canonical promotion.
Notary Certificate,notary certificate,notary-certificate,https://buddy.farm/i/notary-certificate/,https://farmrpg.com/img/items/7594.png,/img/items/7594.png,7594.png,7594,7594,existing,,7594-d15ff3271f1f.png,generated/item-icons/7594-d15ff3271f1f.png,,Observed from cached Buddy page-data item image; review before asset download or canonical promotion.
Notary Stamp,notary stamp,notary-stamp,https://buddy.farm/i/notary-stamp/,https://farmrpg.com/img/items/stamper.png,/img/items/stamper.png,stamper.png,stamper,,existing,,stamper-818287f169da.png,generated/item-icons/stamper-818287f169da.png,,Observed from cached Buddy page-data item image; review before asset download or canonical promotion.
Notebook,notebook,notebook,https://buddy.farm/i/notebook/,https://farmrpg.com/img/items/pad_t_01.PNG,/img/items/pad_t_01.PNG,pad_t_01.PNG,pad_t_01,,existing,,pad_t_01-5f6c02242a59.png,generated/item-icons/pad_t_01-5f6c02242a59.png,,Observed from cached Buddy page-data item image; review before asset download or canonical promotion.
Nut Cracker Buddy,nut cracker buddy,nut-cracker-buddy,https://buddy.farm/i/nut-cracker-buddy/,https://farmrpg.com/img/items/nutcrackerbuddy.png,/img/items/nutcrackerbuddy.png,nutcrackerbuddy.png,nutcrackerbuddy,,existing,,nutcrackerbuddy-af32e927ae3d.png,generated/item-icons/nutcrackerbuddy-af32e927ae3d.png,,Observed from cached Buddy page-data item image; review before asset download or canonical promotion.
Nut Cracker Buddy Doll,nut cracker buddy doll,nut-cracker-buddy-doll,https://buddy.farm/i/nut-cracker-buddy-doll/,https://farmrpg.com/img/items/cbuddy.png,/img/items/cbuddy.png,cbuddy.png,cbuddy,,existing,,cbuddy-323e490ff15b.png,generated/item-icons/cbuddy-323e490ff15b.png,,Observed from cached Buddy page-data item image; review before asset download or canonical promotion.
Oak,oak,oak,https://buddy.farm/i/oak/,https://farmrpg.com/img/items/6695.png,/img/items/6695.png,6695.png,6695,6695,existing,,6695-9cd0324dd69d.png,generated/item-icons/6695-9cd0324dd69d.png,,Observed from cached Buddy page-data item image; review before asset download or canonical promotion.
Oak Table,oak table,oak-table,https://buddy.farm/i/oak-table/,https://farmrpg.com/img/items/Oak_table_.png,/img/items/Oak_table_.png,Oak_table_.png,Oak_table_,,existing,,Oak_table_-b69cd0c03481.png,generated/item-icons/Oak_table_-b69cd0c03481.png,,Observed from cached Buddy page-data item image; review before asset download or canonical promotion.
Oceanite,oceanite,oceanite,https://buddy.farm/i/oceanite/,https://farmrpg.com/img/items/oceanite.png,/img/items/oceanite.png,oceanite.png,oceanite,,existing,,oceanite-912635842f3a.png,generated/item-icons/oceanite-912635842f3a.png,,Observed from cached Buddy page-data item image; review before asset download or canonical promotion.
Octopus,octopus,octopus,https://buddy.farm/i/octopus/,https://farmrpg.com/img/items/octopus.png,/img/items/octopus.png,octopus.png,octopus,,existing,,octopus-77c5b5cbca42.png,generated/item-icons/octopus-77c5b5cbca42.png,,Observed from cached Buddy page-data item image; review before asset download or canonical promotion.
Odthorin's Charm,odthorin s charm,odthorin-s-charm,https://buddy.farm/i/odthorin-s-charm/,https://farmrpg.com/img/items/8455.png,/img/items/8455.png,8455.png,8455,8455,existing,,8455-aa250b798934.png,generated/item-icons/8455-aa250b798934.png,,Observed from cached Buddy page-data item image; review before asset download or canonical promotion.
Official Share,official share,official-share,https://buddy.farm/i/official-share/,https://farmrpg.com/img/items/7896.png,/img/items/7896.png,7896.png,7896,7896,reused,,7896-6756f7ed1efb.png,generated/item-icons/7896-6756f7ed1efb.png,,Observed from cached Buddy page-data item image; review before asset download or canonical promotion.
Old Boot,old boot,old-boot,https://buddy.farm/i/old-boot/,https://farmrpg.com/img/items/7848.PNG,/img/items/7848.PNG,7848.PNG,7848,7848,existing,,7848-10082be347c0.png,generated/item-icons/7848-10082be347c0.png,,Observed from cached Buddy page-data item image; review before asset download or canonical promotion.
Onion,onion,onion,https://buddy.farm/i/onion/,https://farmrpg.com/img/items/8317.png,/img/items/8317.png,8317.png,8317,8317,existing,,8317-d28e246438b3.png,generated/item-icons/8317-d28e246438b3.png,,Observed from cached Buddy page-data item image; review before asset download or canonical promotion.
Onion Rings,onion rings,onion-rings,https://buddy.farm/i/onion-rings/,https://farmrpg.com/img/items/onionrings.png,/img/items/onionrings.png,onionrings.png,onionrings,,existing,,onionrings-8a4d56e3d0af.png,generated/item-icons/onionrings-8a4d56e3d0af.png,,Observed from cached Buddy page-data item image; review before asset download or canonical promotion.
Onion Seeds,onion seeds,onion-seeds,https://buddy.farm/i/onion-seeds/,https://farmrpg.com/img/items/seeds_onions.png,/img/items/seeds_onions.png,seeds_onions.png,seeds_onions,,existing,,seeds_onions-7ebd1ebb6bfd.png,generated/item-icons/seeds_onions-7ebd1ebb6bfd.png,,Observed from cached Buddy page-data item image; review before asset download or canonical promotion.
Onion Soup,onion soup,onion-soup,https://buddy.farm/i/onion-soup/,https://farmrpg.com/img/items/onionsoup.png,/img/items/onionsoup.png,onionsoup.png,onionsoup,,existing,,onionsoup-273dc0e51c56.png,generated/item-icons/onionsoup-273dc0e51c56.png,,Observed from cached Buddy page-data item image; review before asset download or canonical promotion.
Onyx Scorpion,onyx scorpion,onyx-scorpion,https://buddy.farm/i/onyx-scorpion/,https://farmrpg.com/img/items/4514b.png,/img/items/4514b.png,4514b.png,4514b,,existing,,4514b-724d8b815133.png,generated/item-icons/4514b-724d8b815133.png,,Observed from cached Buddy page-data item image; review before asset download or canonical promotion.
Opposition Hourglass,opposition hourglass,opposition-hourglass,https://buddy.farm/i/opposition-hourglass/,https://farmrpg.com/img/items/hourglass.png,/img/items/hourglass.png,hourglass.png,hourglass,,existing,,hourglass-716dfe71dfef.png,generated/item-icons/hourglass-716dfe71dfef.png,,Observed from cached Buddy page-data item image; review before asset download or canonical promotion.
Orange,orange,orange,https://buddy.farm/i/orange/,https://farmrpg.com/img/items/orange.png,/img/items/orange.png,orange.png,orange,,existing,,orange-0cb2846ab8a7.png,generated/item-icons/orange-0cb2846ab8a7.png,,Observed from cached Buddy page-data item image; review before asset download or canonical promotion.
Orange Butterfly,orange butterfly,orange-butterfly,https://buddy.farm/i/orange-butterfly/,https://farmrpg.com/img/items/orangebutterfly.png,/img/items/orangebutterfly.png,orangebutterfly.png,orangebutterfly,,existing,,orangebutterfly-cfa3801f5816.png,generated/item-icons/orangebutterfly-cfa3801f5816.png,,Observed from cached Buddy page-data item image; review before asset download or canonical promotion.
Orange Calcite,orange calcite,orange-calcite,https://buddy.farm/i/orange-calcite/,https://farmrpg.com/img/items/3384.PNG,/img/items/3384.PNG,3384.PNG,3384,3384,existing,,3384-10a280e96719.png,generated/item-icons/3384-10a280e96719.png,,Observed from cached Buddy page-data item image; review before asset download or canonical promotion.
Orange Dye,orange dye,orange-dye,https://buddy.farm/i/orange-dye/,https://farmrpg.com/img/items/orangedye.png,/img/items/orangedye.png,orangedye.png,orangedye,,existing,,orangedye-b53754a19344.png,generated/item-icons/orangedye-b53754a19344.png,,Observed from cached Buddy page-data item image; review before asset download or canonical promotion.
Orange Flowers,orange flowers,orange-flowers,https://buddy.farm/i/orange-flowers/,https://farmrpg.com/img/items/oflowers.png,/img/items/oflowers.png,oflowers.png,oflowers,,existing,,oflowers-4d2756d51546.png,generated/item-icons/oflowers-4d2756d51546.png,,Observed from cached Buddy page-data item image; review before asset download or canonical promotion.
Orange Gecko,orange gecko,orange-gecko,https://buddy.farm/i/orange-gecko/,https://farmrpg.com/img/items/3493.png,/img/items/3493.png,3493.png,3493,3493,existing,,3493-fe6d26f1a462.png,generated/item-icons/3493-fe6d26f1a462.png,,Observed from cached Buddy page-data item image; review before asset download or canonical promotion.
Orange Juice,orange juice,orange-juice,https://buddy.farm/i/orange-juice/,https://farmrpg.com/img/items/orangejuice.png,/img/items/orangejuice.png,orangejuice.png,orangejuice,,existing,,orangejuice-36b08d62a219.png,generated/item-icons/orangejuice-36b08d62a219.png,,Observed from cached Buddy page-data item image; review before asset download or canonical promotion.
Orange Ornament,orange ornament,orange-ornament,https://buddy.farm/i/orange-ornament/,https://farmrpg.com/img/items/cr_t_03_d.png,/img/items/cr_t_03_d.png,cr_t_03_d.png,cr_t_03_d,,existing,,cr_t_03_d-4a09a153edd3.png,generated/item-icons/cr_t_03_d-4a09a153edd3.png,,Observed from cached Buddy page-data item image; review before asset download or canonical promotion.
Orange Scarf,orange scarf,orange-scarf,https://buddy.farm/i/orange-scarf/,https://farmrpg.com/img/items/orangescarf.png,/img/items/orangescarf.png,orangescarf.png,orangescarf,,existing,,orangescarf-68316feaf299.png,generated/item-icons/orangescarf-68316feaf299.png,,Observed from cached Buddy page-data item image; review before asset download or canonical promotion.
Orange Shirt,orange shirt,orange-shirt,https://buddy.farm/i/orange-shirt/,https://farmrpg.com/img/items/orangeshirt.png,/img/items/orangeshirt.png,orangeshirt.png,orangeshirt,,existing,,orangeshirt-1cab1ecca30a.png,generated/item-icons/orangeshirt-1cab1ecca30a.png,,Observed from cached Buddy page-data item image; review before asset download or canonical promotion.
Orange Twine,orange twine,orange-twine,https://buddy.farm/i/orange-twine/,https://farmrpg.com/img/items/orangetwine.png,/img/items/orangetwine.png,orangetwine.png,orangetwine,,existing,,orangetwine-2e8ed8ac8725.png,generated/item-icons/orangetwine-2e8ed8ac8725.png,,Observed from cached Buddy page-data item image; review before asset download or canonical promotion.
Orcafish,orcafish,orcafish,https://buddy.farm/i/orcafish/,https://farmrpg.com/img/items/3282.png,/img/items/3282.png,3282.png,3282,3282,existing,,3282-16d68fbffb21.png,generated/item-icons/3282-16d68fbffb21.png,,Observed from cached Buddy page-data item image; review before asset download or canonical promotion.
Over The Moon,over the moon,over-the-moon,https://buddy.farm/i/over-the-moon/,https://farmrpg.com/img/items/leekmeatcorn.png,/img/items/leekmeatcorn.png,leekmeatcorn.png,leekmeatcorn,,existing,,leekmeatcorn-99cb71c739cf.png,generated/item-icons/leekmeatcorn-99cb71c739cf.png,,Observed from cached Buddy page-data item image; review before asset download or canonical promotion.
Owl Feather,owl feather,owl-feather,https://buddy.farm/i/owl-feather/,https://farmrpg.com/img/items/owlfeather.png,/img/items/owlfeather.png,owlfeather.png,owlfeather,,existing,,owlfeather-5888ce000fc2.png,generated/item-icons/owlfeather-5888ce000fc2.png,,Observed from cached Buddy page-data item image; review before asset download or canonical promotion.
Owl Guard Belt,owl guard belt,owl-guard-belt,https://buddy.farm/i/owl-guard-belt/,https://farmrpg.com/img/items/8708.png,/img/items/8708.png,8708.png,8708,8708,existing,,8708-3eef71ea97e5.png,generated/item-icons/8708-3eef71ea97e5.png,,Observed from cached Buddy page-data item image; review before asset download or canonical promotion.
Painite,painite,painite,https://buddy.farm/i/painite/,https://farmrpg.com/img/items/painite.png,/img/items/painite.png,painite.png,painite,,existing,,painite-3147cf24ff77.png,generated/item-icons/painite-3147cf24ff77.png,,Observed from cached Buddy page-data item image; review before asset download or canonical promotion.
Pair of Boots,pair of boots,pair-of-boots,https://buddy.farm/i/pair-of-boots/,https://farmrpg.com/img/items/pboot2.png,/img/items/pboot2.png,pboot2.png,pboot2,,existing,,pboot2-c27540309b24.png,generated/item-icons/pboot2-c27540309b24.png,,Observed from cached Buddy page-data item image; review before asset download or canonical promotion.
Pair of Gold Boots,pair of gold boots,pair-of-gold-boots,https://buddy.farm/i/pair-of-gold-boots/,https://farmrpg.com/img/items/gboots.png?2,/img/items/gboots.png,gboots.png,gboots,,existing,,gboots-330434da79ee.png,generated/item-icons/gboots-330434da79ee.png,,Observed from cached Buddy page-data item image; review before asset download or canonical promotion.
Paper Receipt,paper receipt,paper-receipt,https://buddy.farm/i/paper-receipt/,https://farmrpg.com/img/items/7611.png,/img/items/7611.png,7611.png,7611,7611,existing,,7611-7edc517743e1.png,generated/item-icons/7611-7edc517743e1.png,,Observed from cached Buddy page-data item image; review before asset download or canonical promotion.
Parade Balloon Buddy Doll,parade balloon buddy doll,parade-balloon-buddy-doll,https://buddy.farm/i/parade-balloon-buddy-doll/,https://farmrpg.com/img/items/paradefloatbuddydoll.png,/img/items/paradefloatbuddydoll.png,paradefloatbuddydoll.png,paradefloatbuddydoll,,existing,,paradefloatbuddydoll-afe57325b66e.png,generated/item-icons/paradefloatbuddydoll-afe57325b66e.png,,Observed from cached Buddy page-data item image; review before asset download or canonical promotion.
Party Hat,party hat,party-hat,https://buddy.farm/i/party-hat/,https://farmrpg.com/img/items/partyhat.png,/img/items/partyhat.png,partyhat.png,partyhat,,existing,,partyhat-883e35c085d0.png,generated/item-icons/partyhat-883e35c085d0.png,,Observed from cached Buddy page-data item image; review before asset download or canonical promotion.
Party Horn,party horn,party-horn,https://buddy.farm/i/party-horn/,https://farmrpg.com/img/items/party_horn.png,/img/items/party_horn.png,party_horn.png,party_horn,,existing,,party_horn-81a5a33715b6.png,generated/item-icons/party_horn-81a5a33715b6.png,,Observed from cached Buddy page-data item image; review before asset download or canonical promotion.
Pea Seeds,pea seeds,pea-seeds,https://buddy.farm/i/pea-seeds/,https://farmrpg.com/img/items/seeds_peas.png,/img/items/seeds_peas.png,seeds_peas.png,seeds_peas,,existing,,seeds_peas-2395a6300468.png,generated/item-icons/seeds_peas-2395a6300468.png,,Observed from cached Buddy page-data item image; review before asset download or canonical promotion.
Peach,peach,peach,https://buddy.farm/i/peach/,https://farmrpg.com/img/items/peach.png,/img/items/peach.png,peach.png,peach,,existing,,peach-e1d99b9a4fbd.png,generated/item-icons/peach-e1d99b9a4fbd.png,,Observed from cached Buddy page-data item image; review before asset download or canonical promotion.
Peach Juice,peach juice,peach-juice,https://buddy.farm/i/peach-juice/,https://farmrpg.com/img/items/peachjuice.png,/img/items/peachjuice.png,peachjuice.png,peachjuice,,existing,,peachjuice-64bd853afff9.png,generated/item-icons/peachjuice-64bd853afff9.png,,Observed from cached Buddy page-data item image; review before asset download or canonical promotion.
Peafowl Feather,peafowl feather,peafowl-feather,https://buddy.farm/i/peafowl-feather/,https://farmrpg.com/img/items/2599.png?1,/img/items/2599.png,2599.png,2599,2599,existing,,2599-35f70dde8ab8.png,generated/item-icons/2599-35f70dde8ab8.png,,Observed from cached Buddy page-data item image; review before asset download or canonical promotion.
Pear Grease,pear grease,pear-grease,https://buddy.farm/i/pear-grease/,https://farmrpg.com/img/items/8957.png,/img/items/8957.png,8957.png,8957,8957,existing,,8957-ad0cd7a901ed.png,generated/item-icons/8957-ad0cd7a901ed.png,,Observed from cached Buddy page-data item image; review before asset download or canonical promotion.
Pearl,pearl,pearl,https://buddy.farm/i/pearl/,https://farmrpg.com/img/items/7876.PNG,/img/items/7876.PNG,7876.PNG,7876,7876,existing,,7876-72b256f085ac.png,generated/item-icons/7876-72b256f085ac.png,,Observed from cached Buddy page-data item image; review before asset download or canonical promotion.
Pearl Berries,pearl berries,pearl-berries,https://buddy.farm/i/pearl-berries/,https://farmrpg.com/img/items/4488.png,/img/items/4488.png,4488.png,4488,4488,existing,,4488-0f403a120997.png,generated/item-icons/4488-0f403a120997.png,,Observed from cached Buddy page-data item image; review before asset download or canonical promotion.
Pearl Berry Jam,pearl berry jam,pearl-berry-jam,https://buddy.farm/i/pearl-berry-jam/,https://farmrpg.com/img/items/pbj.png,/img/items/pbj.png,pbj.png,pbj,,existing,,pbj-908c3844b33c.png,generated/item-icons/pbj-908c3844b33c.png,,Observed from cached Buddy page-data item image; review before asset download or canonical promotion.
Pearl Necklace,pearl necklace,pearl-necklace,https://buddy.farm/i/pearl-necklace/,https://farmrpg.com/img/items/pearlnecklace.png,/img/items/pearlnecklace.png,pearlnecklace.png,pearlnecklace,,existing,,pearlnecklace-bd430014c86a.png,generated/item-icons/pearlnecklace-bd430014c86a.png,,Observed from cached Buddy page-data item image; review before asset download or canonical promotion.
Peas,peas,peas,https://buddy.farm/i/peas/,https://farmrpg.com/img/items/8259.PNG,/img/items/8259.PNG,8259.PNG,8259,8259,existing,,8259-744357df463d.png,generated/item-icons/8259-744357df463d.png,,Observed from cached Buddy page-data item image; review before asset download or canonical promotion.
Peculiar Gem,peculiar gem,peculiar-gem,https://buddy.farm/i/peculiar-gem/,https://farmrpg.com/img/items/4255.png,/img/items/4255.png,4255.png,4255,4255,existing,,4255-f6347bb9dfd4.png,generated/item-icons/4255-f6347bb9dfd4.png,,Observed from cached Buddy page-data item image; review before asset download or canonical promotion.
Peg Leg,peg leg,peg-leg,https://buddy.farm/i/peg-leg/,https://farmrpg.com/img/items/pegleg.png,/img/items/pegleg.png,pegleg.png,pegleg,,existing,,pegleg-930fdfd6cfed.png,generated/item-icons/pegleg-930fdfd6cfed.png,,Observed from cached Buddy page-data item image; review before asset download or canonical promotion.
Pencil,pencil,pencil,https://buddy.farm/i/pencil/,https://farmrpg.com/img/items/pencil_t_01.png,/img/items/pencil_t_01.png,pencil_t_01.png,pencil_t_01,,existing,,pencil_t_01-1db487b31a65.png,generated/item-icons/pencil_t_01-1db487b31a65.png,,Observed from cached Buddy page-data item image; review before asset download or canonical promotion.
Pepper Seeds,pepper seeds,pepper-seeds,https://buddy.farm/i/pepper-seeds/,https://farmrpg.com/img/items/seeds_peppers.png,/img/items/seeds_peppers.png,seeds_peppers.png,seeds_peppers,,existing,,seeds_peppers-ae348058ee5e.png,generated/item-icons/seeds_peppers-ae348058ee5e.png,,Observed from cached Buddy page-data item image; review before asset download or canonical promotion.
Peppers,peppers,peppers,https://buddy.farm/i/peppers/,https://farmrpg.com/img/items/8301.png,/img/items/8301.png,8301.png,8301,8301,existing,,8301-72bf0f8a5ef7.png,generated/item-icons/8301-72bf0f8a5ef7.png,,Observed from cached Buddy page-data item image; review before asset download or canonical promotion.
Perfect Paint Palette,perfect paint palette,perfect-paint-palette,https://buddy.farm/i/perfect-paint-palette/,https://farmrpg.com/img/items/palette.png,/img/items/palette.png,palette.png,palette,,existing,,palette-86104b0fe686.png,generated/item-icons/palette-86104b0fe686.png,,Observed from cached Buddy page-data item image; review before asset download or canonical promotion.
Pet Treat,pet treat,pet-treat,https://buddy.farm/i/pet-treat/,https://farmrpg.com/img/items/pettreat.png,/img/items/pettreat.png,pettreat.png,pettreat,,existing,,pettreat-0869d1003777.png,generated/item-icons/pettreat-0869d1003777.png,,Observed from cached Buddy page-data item image; review before asset download or canonical promotion.
PHR Voucher,phr voucher,phr-voucher,https://buddy.farm/i/phr-voucher/,https://farmrpg.com/img/items/viri_3437.png,/img/items/viri_3437.png,viri_3437.png,viri_3437,,existing,,viri_3437-0c1319951cad.png,generated/item-icons/viri_3437-0c1319951cad.png,,Observed from cached Buddy page-data item image; review before asset download or canonical promotion.
Piñata,pi ata,pi-ata,https://buddy.farm/i/pi-ata/,https://farmrpg.com/img/items/pinata.png,/img/items/pinata.png,pinata.png,pinata,,existing,,pinata-824df9d50db7.png,generated/item-icons/pinata-824df9d50db7.png,,Observed from cached Buddy page-data item image; review before asset download or canonical promotion.
Piñata Whop Stick,pi ata whop stick,pi-ata-whop-stick,https://buddy.farm/i/pi-ata-whop-stick/,https://farmrpg.com/img/items/pinata_stick.png,/img/items/pinata_stick.png,pinata_stick.png,pinata_stick,,existing,,pinata_stick-3b40d5b643eb.png,generated/item-icons/pinata_stick-3b40d5b643eb.png,,Observed from cached Buddy page-data item image; review before asset download or canonical promotion.
Pickaxe,pickaxe,pickaxe,https://buddy.farm/i/pickaxe/,https://farmrpg.com/img/items/6687.png?2,/img/items/6687.png,6687.png,6687,6687,existing,,6687-6ba9effc1752.png,generated/item-icons/6687-6ba9effc1752.png,,Observed from cached Buddy page-data item image; review before asset download or canonical promotion.
Picnic Basket 01,picnic basket 01,picnic-basket-01,https://buddy.farm/i/picnic-basket-01/,https://farmrpg.com/img/items/picnicbasket.png,/img/items/picnicbasket.png,picnicbasket.png,picnicbasket,,existing,,picnicbasket-081043981949.png,generated/item-icons/picnicbasket-081043981949.png,,Observed from cached Buddy page-data item image; review before asset download or canonical promotion.
Pie,pie,pie,https://buddy.farm/i/pie/,https://farmrpg.com/img/items/5794.png,/img/items/5794.png,5794.png,5794,5794,existing,,5794-aa3d8217d7f4.png,generated/item-icons/5794-aa3d8217d7f4.png,,Observed from cached Buddy page-data item image; review before asset download or canonical promotion.
Pie Pan,pie pan,pie-pan,https://buddy.farm/i/pie-pan/,https://farmrpg.com/img/items/piepan.png,/img/items/piepan.png,piepan.png,piepan,,existing,,piepan-ad38db2d1d18.png,generated/item-icons/piepan-ad38db2d1d18.png,,Observed from cached Buddy page-data item image; review before asset download or canonical promotion.
Piece 01,piece 01,piece-01,https://buddy.farm/i/piece-01/,https://farmrpg.com/img/items/piece01.png?1,/img/items/piece01.png,piece01.png,piece01,,existing,,piece01-d3b4cdcb7075.png,generated/item-icons/piece01-d3b4cdcb7075.png,,Observed from cached Buddy page-data item image; review before asset download or canonical promotion.
Piece 03,piece 03,piece-03,https://buddy.farm/i/piece-03/,https://farmrpg.com/img/items/piece03.png?1,/img/items/piece03.png,piece03.png,piece03,,existing,,piece03-d3a7144dc174.png,generated/item-icons/piece03-d3a7144dc174.png,,Observed from cached Buddy page-data item image; review before asset download or canonical promotion.
Piece 04,piece 04,piece-04,https://buddy.farm/i/piece-04/,https://farmrpg.com/img/items/piece04.png?1,/img/items/piece04.png,piece04.png,piece04,,existing,,piece04-832e11984c3e.png,generated/item-icons/piece04-832e11984c3e.png,,Observed from cached Buddy page-data item image; review before asset download or canonical promotion.
Piece 07,piece 07,piece-07,https://buddy.farm/i/piece-07/,https://farmrpg.com/img/items/piece07.png?1,/img/items/piece07.png,piece07.png,piece07,,existing,,piece07-9945cddf1389.png,generated/item-icons/piece07-9945cddf1389.png,,Observed from cached Buddy page-data item image; review before asset download or canonical promotion.
Piece 09,piece 09,piece-09,https://buddy.farm/i/piece-09/,https://farmrpg.com/img/items/piece09.png?1,/img/items/piece09.png,piece09.png,piece09,,existing,,piece09-c7533dda9da5.png,generated/item-icons/piece09-c7533dda9da5.png,,Observed from cached Buddy page-data item image; review before asset download or canonical promotion.
Piece 11,piece 11,piece-11,https://buddy.farm/i/piece-11/,https://farmrpg.com/img/items/piece11.png?1,/img/items/piece11.png,piece11.png,piece11,,existing,,piece11-c6a673fc89f3.png,generated/item-icons/piece11-c6a673fc89f3.png,,Observed from cached Buddy page-data item image; review before asset download or canonical promotion.
Piece 12,piece 12,piece-12,https://buddy.farm/i/piece-12/,https://farmrpg.com/img/items/piece12.png?1,/img/items/piece12.png,piece12.png,piece12,,existing,,piece12-9fc13fd20aa6.png,generated/item-icons/piece12-9fc13fd20aa6.png,,Observed from cached Buddy page-data item image; review before asset download or canonical promotion.
Piece 15,piece 15,piece-15,https://buddy.farm/i/piece-15/,https://farmrpg.com/img/items/piece15.png?1,/img/items/piece15.png,piece15.png,piece15,,existing,,piece15-5984a4874470.png,generated/item-icons/piece15-5984a4874470.png,,Observed from cached Buddy page-data item image; review before asset download or canonical promotion.
Piece 18,piece 18,piece-18,https://buddy.farm/i/piece-18/,https://farmrpg.com/img/items/piece18.png?1,/img/items/piece18.png,piece18.png,piece18,,existing,,piece18-c490b08f21a8.png,generated/item-icons/piece18-c490b08f21a8.png,,Observed from cached Buddy page-data item image; review before asset download or canonical promotion.
Piece 22,piece 22,piece-22,https://buddy.farm/i/piece-22/,https://farmrpg.com/img/items/piece22.png?1,/img/items/piece22.png,piece22.png,piece22,,existing,,piece22-c122dfa3e20a.png,generated/item-icons/piece22-c122dfa3e20a.png,,Observed from cached Buddy page-data item image; review before asset download or canonical promotion.
Piece 23,piece 23,piece-23,https://buddy.farm/i/piece-23/,https://farmrpg.com/img/items/piece23.png?1,/img/items/piece23.png,piece23.png,piece23,,existing,,piece23-6c954bea5e29.png,generated/item-icons/piece23-6c954bea5e29.png,,Observed from cached Buddy page-data item image; review before asset download or canonical promotion.
Piece 24,piece 24,piece-24,https://buddy.farm/i/piece-24/,https://farmrpg.com/img/items/piece24.png?1,/img/items/piece24.png,piece24.png,piece24,,existing,,piece24-e6d3bdbe7d04.png,generated/item-icons/piece24-e6d3bdbe7d04.png,,Observed from cached Buddy page-data item image; review before asset download or canonical promotion.
Piece 26,piece 26,piece-26,https://buddy.farm/i/piece-26/,https://farmrpg.com/img/items/piece26.png?1,/img/items/piece26.png,piece26.png,piece26,,existing,,piece26-2ec4a0282de5.png,generated/item-icons/piece26-2ec4a0282de5.png,,Observed from cached Buddy page-data item image; review before asset download or canonical promotion.
Piece 30,piece 30,piece-30,https://buddy.farm/i/piece-30/,https://farmrpg.com/img/items/piece30.png?1,/img/items/piece30.png,piece30.png,piece30,,existing,,piece30-0f9a54bf294b.png,generated/item-icons/piece30-0f9a54bf294b.png,,Observed from cached Buddy page-data item image; review before asset download or canonical promotion.
Piece 31,piece 31,piece-31,https://buddy.farm/i/piece-31/,https://farmrpg.com/img/items/piece31.png?1,/img/items/piece31.png,piece31.png,piece31,,existing,,piece31-f2030e19284d.png,generated/item-icons/piece31-f2030e19284d.png,,Observed from cached Buddy page-data item image; review before asset download or canonical promotion.
Piece of Cake,piece of cake,piece-of-cake,https://buddy.farm/i/piece-of-cake/,https://farmrpg.com/img/items/birthdaycakeslice.png,/img/items/birthdaycakeslice.png,birthdaycakeslice.png,birthdaycakeslice,,existing,,birthdaycakeslice-20b59c6d53c0.png,generated/item-icons/birthdaycakeslice-20b59c6d53c0.png,,Observed from cached Buddy page-data item image; review before asset download or canonical promotion.
Piece of Heart,piece of heart,piece-of-heart,https://buddy.farm/i/piece-of-heart/,https://farmrpg.com/img/items/poh.png,/img/items/poh.png,poh.png,poh,,existing,,poh-15cea865090a.png,generated/item-icons/poh-15cea865090a.png,,Observed from cached Buddy page-data item image; review before asset download or canonical promotion.
Pig Collar,pig collar,pig-collar,https://buddy.farm/i/pig-collar/,https://farmrpg.com/img/items/pigcollar.png?1,/img/items/pigcollar.png,pigcollar.png,pigcollar,,existing,,pigcollar-d8ab0e155850.png,generated/item-icons/pigcollar-d8ab0e155850.png,,Observed from cached Buddy page-data item image; review before asset download or canonical promotion.
Pillow Case 01,pillow case 01,pillow-case-01,https://buddy.farm/i/pillow-case-01/,https://farmrpg.com/img/items/pillow_case.png,/img/items/pillow_case.png,pillow_case.png,pillow_case,,existing,,pillow_case-bbac2c334093.png,generated/item-icons/pillow_case-bbac2c334093.png,,Observed from cached Buddy page-data item image; review before asset download or canonical promotion.
Pine Board,pine board,pine-board,https://buddy.farm/i/pine-board/,https://farmrpg.com/img/items/pineboard.png,/img/items/pineboard.png,pineboard.png,pineboard,,existing,,pineboard-fc8e9fcee390.png,generated/item-icons/pineboard-fc8e9fcee390.png,,Observed from cached Buddy page-data item image; review before asset download or canonical promotion.
Pine Cone,pine cone,pine-cone,https://buddy.farm/i/pine-cone/,https://farmrpg.com/img/items/pinecone2.png,/img/items/pinecone2.png,pinecone2.png,pinecone2,,existing,,pinecone2-2038a621f9f3.png,generated/item-icons/pinecone2-2038a621f9f3.png,,Observed from cached Buddy page-data item image; review before asset download or canonical promotion.
Pine Seeds,pine seeds,pine-seeds,https://buddy.farm/i/pine-seeds/,https://farmrpg.com/img/items/seeds_pine.png,/img/items/seeds_pine.png,seeds_pine.png,seeds_pine,,existing,,seeds_pine-f34cfa6fb14c.png,generated/item-icons/seeds_pine-f34cfa6fb14c.png,,Observed from cached Buddy page-data item image; review before asset download or canonical promotion.
Pine Shelf,pine shelf,pine-shelf,https://buddy.farm/i/pine-shelf/,https://farmrpg.com/img/items/pineshelf.png,/img/items/pineshelf.png,pineshelf.png,pineshelf,,existing,,pineshelf-d334a0cec2a0.png,generated/item-icons/pineshelf-d334a0cec2a0.png,,Observed from cached Buddy page-data item image; review before asset download or canonical promotion.
Pine Tree,pine tree,pine-tree,https://buddy.farm/i/pine-tree/,https://farmrpg.com/img/items/cr_t_06.png,/img/items/cr_t_06.png,cr_t_06.png,cr_t_06,,existing,,cr_t_06-a4b6607f0999.png,generated/item-icons/cr_t_06-a4b6607f0999.png,,Observed from cached Buddy page-data item image; review before asset download or canonical promotion.
Pineapple,pineapple,pineapple,https://buddy.farm/i/pineapple/,https://farmrpg.com/img/items/1523.png,/img/items/1523.png,1523.png,1523,1523,existing,,1523-6e9a1954e8ab.png,generated/item-icons/1523-6e9a1954e8ab.png,,Observed from cached Buddy page-data item image; review before asset download or canonical promotion.
Pink Jelly,pink jelly,pink-jelly,https://buddy.farm/i/pink-jelly/,https://farmrpg.com/img/items/pinkjelly.png,/img/items/pinkjelly.png,pinkjelly.png,pinkjelly,,existing,,pinkjelly-8f35ec4e6f23.png,generated/item-icons/pinkjelly-8f35ec4e6f23.png,,Observed from cached Buddy page-data item image; review before asset download or canonical promotion.
Pink Ribbon,pink ribbon,pink-ribbon,https://buddy.farm/i/pink-ribbon/,https://farmrpg.com/img/items/l_05_t.PNG,/img/items/l_05_t.PNG,l_05_t.PNG,l_05_t,,existing,,l_05_t-db9b1fae3f4b.png,generated/item-icons/l_05_t-db9b1fae3f4b.png,,Observed from cached Buddy page-data item image; review before asset download or canonical promotion.
Pirate Bandana,pirate bandana,pirate-bandana,https://buddy.farm/i/pirate-bandana/,https://farmrpg.com/img/items/4903.png,/img/items/4903.png,4903.png,4903,4903,existing,,4903-8f93c0b20749.png,generated/item-icons/4903-8f93c0b20749.png,,Observed from cached Buddy page-data item image; review before asset download or canonical promotion.
Pirate Flag,pirate flag,pirate-flag,https://buddy.farm/i/pirate-flag/,https://farmrpg.com/img/items/4924.png,/img/items/4924.png,4924.png,4924,4924,existing,,4924-2aaa8f3dac73.png,generated/item-icons/4924-2aaa8f3dac73.png,,Observed from cached Buddy page-data item image; review before asset download or canonical promotion.
Pirate Hook,pirate hook,pirate-hook,https://buddy.farm/i/pirate-hook/,https://farmrpg.com/img/items/pirates_38_t.png,/img/items/pirates_38_t.png,pirates_38_t.png,pirates_38_t,,existing,,pirates_38_t-5827137c2f99.png,generated/item-icons/pirates_38_t-5827137c2f99.png,,Observed from cached Buddy page-data item image; review before asset download or canonical promotion.
Pitchfork,pitchfork,pitchfork,https://buddy.farm/i/pitchfork/,https://farmrpg.com/img/items/8322.PNG?1,/img/items/8322.PNG,8322.PNG,8322,8322,existing,,8322-67f6572afe07.png,generated/item-icons/8322-67f6572afe07.png,,Observed from cached Buddy page-data item image; review before asset download or canonical promotion.
Pitviper Tail,pitviper tail,pitviper-tail,https://buddy.farm/i/pitviper-tail/,https://farmrpg.com/img/items/9478.png,/img/items/9478.png,9478.png,9478,9478,existing,,9478-b894123a9e04.png,generated/item-icons/9478-b894123a9e04.png,,Observed from cached Buddy page-data item image; review before asset download or canonical promotion.
Pizza Slice,pizza slice,pizza-slice,https://buddy.farm/i/pizza-slice/,https://farmrpg.com/img/items/pizzaslice.png,/img/items/pizzaslice.png,pizzaslice.png,pizzaslice,,existing,,pizzaslice-f61ef5859349.png,generated/item-icons/pizzaslice-f61ef5859349.png,,Observed from cached Buddy page-data item image; review before asset download or canonical promotion.
Planet Egg,planet egg,planet-egg,https://buddy.farm/i/planet-egg/,https://farmrpg.com/img/items/egg_planet.png,/img/items/egg_planet.png,egg_planet.png,egg_planet,,downloaded,200,egg_planet-96e83ed95b11.png,generated/item-icons/egg_planet-96e83ed95b11.png,,Observed from cached Buddy page-data item image; review before asset download or canonical promotion.
Plum Ore,plum ore,plum-ore,https://buddy.farm/i/plum-ore/,https://farmrpg.com/img/items/plumore.png,/img/items/plumore.png,plumore.png,plumore,,existing,,plumore-1e18ad746855.png,generated/item-icons/plumore-1e18ad746855.png,,Observed from cached Buddy page-data item image; review before asset download or canonical promotion.
Plumbfish,plumbfish,plumbfish,https://buddy.farm/i/plumbfish/,https://farmrpg.com/img/items/7754.png,/img/items/7754.png,7754.png,7754,7754,existing,,7754-fc9b1f7f6917.png,generated/item-icons/7754-fc9b1f7f6917.png,,Observed from cached Buddy page-data item image; review before asset download or canonical promotion.
Pocket Watch,pocket watch,pocket-watch,https://buddy.farm/i/pocket-watch/,https://farmrpg.com/img/items/4887.png,/img/items/4887.png,4887.png,4887,4887,existing,,4887-858f599e3da9.png,generated/item-icons/4887-858f599e3da9.png,,Observed from cached Buddy page-data item image; review before asset download or canonical promotion.
Podcast Swear Jar,podcast swear jar,podcast-swear-jar,https://buddy.farm/i/podcast-swear-jar/,https://farmrpg.com/img/items/Podcast_Swear_jar.png,/img/items/Podcast_Swear_jar.png,Podcast_Swear_jar.png,Podcast_Swear_jar,,existing,,Podcast_Swear_jar-6e410265196c.png,generated/item-icons/Podcast_Swear_jar-6e410265196c.png,,Observed from cached Buddy page-data item image; review before asset download or canonical promotion.
Polished Boot,polished boot,polished-boot,https://buddy.farm/i/polished-boot/,https://farmrpg.com/img/items/pboot.png,/img/items/pboot.png,pboot.png,pboot,,existing,,pboot-43f9c34341a9.png,generated/item-icons/pboot-43f9c34341a9.png,,Observed from cached Buddy page-data item image; review before asset download or canonical promotion.
Popcorn,popcorn,popcorn,https://buddy.farm/i/popcorn/,https://farmrpg.com/img/items/popcorn.png,/img/items/popcorn.png,popcorn.png,popcorn,,existing,,popcorn-06182a8d0031.png,generated/item-icons/popcorn-06182a8d0031.png,,Observed from cached Buddy page-data item image; review before asset download or canonical promotion.
Pot of Gold (Large),pot of gold large,pot-of-gold-large-,https://buddy.farm/i/pot-of-gold-large-/,https://farmrpg.com/img/items/potogold.png,/img/items/potogold.png,potogold.png,potogold,,existing,,potogold-0a7783ca4ec4.png,generated/item-icons/potogold-0a7783ca4ec4.png,,Observed from cached Buddy page-data item image; review before asset download or canonical promotion.
Pot of Gold (Medium),pot of gold medium,pot-of-gold-medium-,https://buddy.farm/i/pot-of-gold-medium-/,https://farmrpg.com/img/items/pog2.png,/img/items/pog2.png,pog2.png,pog2,,existing,,pog2-2bd526b38a00.png,generated/item-icons/pog2-2bd526b38a00.png,,Observed from cached Buddy page-data item image; review before asset download or canonical promotion.
Pot of Gold (Small),pot of gold small,pot-of-gold-small-,https://buddy.farm/i/pot-of-gold-small-/,https://farmrpg.com/img/items/pog3.png,/img/items/pog3.png,pog3.png,pog3,,existing,,pog3-2c08251d78eb.png,generated/item-icons/pog3-2c08251d78eb.png,,Observed from cached Buddy page-data item image; review before asset download or canonical promotion.
Potato,potato,potato,https://buddy.farm/i/potato/,https://farmrpg.com/img/items/potato.png,/img/items/potato.png,potato.png,potato,,existing,,potato-3acca4117919.png,generated/item-icons/potato-3acca4117919.png,,Observed from cached Buddy page-data item image; review before asset download or canonical promotion.
Potato Battery,potato battery,potato-battery,https://buddy.farm/i/potato-battery/,https://farmrpg.com/img/items/potatobattery.png,/img/items/potatobattery.png,potatobattery.png,potatobattery,,existing,,potatobattery-71ef15de455e.png,generated/item-icons/potatobattery-71ef15de455e.png,,Observed from cached Buddy page-data item image; review before asset download or canonical promotion.
Potato Seeds,potato seeds,potato-seeds,https://buddy.farm/i/potato-seeds/,https://farmrpg.com/img/items/seeds_potato.png,/img/items/seeds_potato.png,seeds_potato.png,seeds_potato,,existing,,seeds_potato-b9a18f738ec8.png,generated/item-icons/seeds_potato-b9a18f738ec8.png,,Observed from cached Buddy page-data item image; review before asset download or canonical promotion.
Potted Flower,potted flower,potted-flower,https://buddy.farm/i/potted-flower/,https://farmrpg.com/img/items/plant_t_01.png,/img/items/plant_t_01.png,plant_t_01.png,plant_t_01,,existing,,plant_t_01-4236086df132.png,generated/item-icons/plant_t_01-4236086df132.png,,Observed from cached Buddy page-data item image; review before asset download or canonical promotion.
Power Monitor,power monitor,power-monitor,https://buddy.farm/i/power-monitor/,https://farmrpg.com/img/items/9314.png,/img/items/9314.png,9314.png,9314,9314,existing,,9314-3c16aeb3e201.png,generated/item-icons/9314-3c16aeb3e201.png,,Observed from cached Buddy page-data item image; review before asset download or canonical promotion.
Prancer,prancer,prancer,https://buddy.farm/i/prancer/,https://farmrpg.com/img/items/prancer.png,/img/items/prancer.png,prancer.png,prancer,,existing,,prancer-25c31186a43f.png,generated/item-icons/prancer-25c31186a43f.png,,Observed from cached Buddy page-data item image; review before asset download or canonical promotion.
Present 01,present 01,present-01,https://buddy.farm/i/present-01/,https://farmrpg.com/img/items/7447.png,/img/items/7447.png,7447.png,7447,7447,existing,,7447-f639c937f51c.png,generated/item-icons/7447-f639c937f51c.png,,Observed from cached Buddy page-data item image; review before asset download or canonical promotion.
Present 02,present 02,present-02,https://buddy.farm/i/present-02/,https://farmrpg.com/img/items/present02.png,/img/items/present02.png,present02.png,present02,,existing,,present02-1b015a3fb1a0.png,generated/item-icons/present02-1b015a3fb1a0.png,,Observed from cached Buddy page-data item image; review before asset download or canonical promotion.
Prickly Pear,prickly pear,prickly-pear,https://buddy.farm/i/prickly-pear/,https://farmrpg.com/img/items/pricklypear.png,/img/items/pricklypear.png,pricklypear.png,pricklypear,,existing,,pricklypear-62e03b186f61.png,generated/item-icons/pricklypear-62e03b186f61.png,,Observed from cached Buddy page-data item image; review before asset download or canonical promotion.
Prism Shard,prism shard,prism-shard,https://buddy.farm/i/prism-shard/,https://farmrpg.com/img/items/8072.png,/img/items/8072.png,8072.png,8072,8072,existing,,8072-9c8c07a9e86f.png,generated/item-icons/8072-9c8c07a9e86f.png,,Observed from cached Buddy page-data item image; review before asset download or canonical promotion.
Prism Shell,prism shell,prism-shell,https://buddy.farm/i/prism-shell/,https://farmrpg.com/img/items/prismshell.png?1,/img/items/prismshell.png,prismshell.png,prismshell,,existing,,prismshell-730b203b9ef4.png,generated/item-icons/prismshell-730b203b9ef4.png,,Observed from cached Buddy page-data item image; review before asset download or canonical promotion.
Propeller Hat,propeller hat,propeller-hat,https://buddy.farm/i/propeller-hat/,https://farmrpg.com/img/items/Propeller_hat.png,/img/items/Propeller_hat.png,Propeller_hat.png,Propeller_hat,,existing,,Propeller_hat-107f2563daf3.png,generated/item-icons/Propeller_hat-107f2563daf3.png,,Observed from cached Buddy page-data item image; review before asset download or canonical promotion.
Protein Bar,protein bar,protein-bar,https://buddy.farm/i/protein-bar/,https://farmrpg.com/img/items/chocolate_t_01.png,/img/items/chocolate_t_01.png,chocolate_t_01.png,chocolate_t_01,,existing,,chocolate_t_01-35b3d8893d32.png,generated/item-icons/chocolate_t_01-35b3d8893d32.png,,Observed from cached Buddy page-data item image; review before asset download or canonical promotion.
Prune Juice,prune juice,prune-juice,https://buddy.farm/i/prune-juice/,https://farmrpg.com/img/items/prunejuice.png,/img/items/prunejuice.png,prunejuice.png,prunejuice,,existing,,prunejuice-d71be79e275e.png,generated/item-icons/prunejuice-d71be79e275e.png,,Observed from cached Buddy page-data item image; review before asset download or canonical promotion.
Puffer,puffer,puffer,https://buddy.farm/i/puffer/,https://farmrpg.com/img/items/pufferfix.png,/img/items/pufferfix.png,pufferfix.png,pufferfix,,existing,,pufferfix-8336ccd3d214.png,generated/item-icons/pufferfix-8336ccd3d214.png,,Observed from cached Buddy page-data item image; review before asset download or canonical promotion.
Pulley,pulley,pulley,https://buddy.farm/i/pulley/,https://farmrpg.com/img/items/pulley.png,/img/items/pulley.png,pulley.png,pulley,,existing,,pulley-4081c0badea7.png,generated/item-icons/pulley-4081c0badea7.png,,Observed from cached Buddy page-data item image; review before asset download or canonical promotion.
Pumpkin,pumpkin,pumpkin,https://buddy.farm/i/pumpkin/,https://farmrpg.com/img/items/8294.png,/img/items/8294.png,8294.png,8294,8294,existing,,8294-d8953164ed2e.png,generated/item-icons/8294-d8953164ed2e.png,,Observed from cached Buddy page-data item image; review before asset download or canonical promotion.
Pumpkin Juice,pumpkin juice,pumpkin-juice,https://buddy.farm/i/pumpkin-juice/,https://farmrpg.com/img/items/8874.png,/img/items/8874.png,8874.png,8874,8874,existing,,8874-e2c309fe9467.png,generated/item-icons/8874-e2c309fe9467.png,,Observed from cached Buddy page-data item image; review before asset download or canonical promotion.
Pumpkin Pie,pumpkin pie,pumpkin-pie,https://buddy.farm/i/pumpkin-pie/,https://farmrpg.com/img/items/ppie.png,/img/items/ppie.png,ppie.png,ppie,,existing,,ppie-4aba311d5d9b.png,generated/item-icons/ppie-4aba311d5d9b.png,,Observed from cached Buddy page-data item image; review before asset download or canonical promotion.
Pumpkin Seeds,pumpkin seeds,pumpkin-seeds,https://buddy.farm/i/pumpkin-seeds/,https://farmrpg.com/img/items/seeds_pumpkin.png,/img/items/seeds_pumpkin.png,seeds_pumpkin.png,seeds_pumpkin,,existing,,seeds_pumpkin-a5720e3be09c.png,generated/item-icons/seeds_pumpkin-a5720e3be09c.png,,Observed from cached Buddy page-data item image; review before asset download or canonical promotion.
Pumpkin Spiced Milk,pumpkin spiced milk,pumpkin-spiced-milk,https://buddy.farm/i/pumpkin-spiced-milk/,https://farmrpg.com/img/items/Psm2.png,/img/items/Psm2.png,Psm2.png,Psm2,,existing,,Psm2-24287c5e9664.png,generated/item-icons/Psm2-24287c5e9664.png,,Observed from cached Buddy page-data item image; review before asset download or canonical promotion.
Purple Bag,purple bag,purple-bag,https://buddy.farm/i/purple-bag/,https://farmrpg.com/img/items/purplebag.png,/img/items/purplebag.png,purplebag.png,purplebag,,existing,,purplebag-2e885a6cf519.png,generated/item-icons/purplebag-2e885a6cf519.png,,Observed from cached Buddy page-data item image; review before asset download or canonical promotion.
Purple Butterfly,purple butterfly,purple-butterfly,https://buddy.farm/i/purple-butterfly/,https://farmrpg.com/img/items/afk_8578.png,/img/items/afk_8578.png,afk_8578.png,afk_8578,,existing,,afk_8578-eab1d3e2ea30.png,generated/item-icons/afk_8578-eab1d3e2ea30.png,,Observed from cached Buddy page-data item image; review before asset download or canonical promotion.
Purple Butterfly Fish,purple butterfly fish,purple-butterfly-fish,https://buddy.farm/i/purple-butterfly-fish/,https://farmrpg.com/img/items/pirates_77_t.png,/img/items/pirates_77_t.png,pirates_77_t.png,pirates_77_t,,existing,,pirates_77_t-62d8fa06f9e9.png,generated/item-icons/pirates_77_t-62d8fa06f9e9.png,,Observed from cached Buddy page-data item image; review before asset download or canonical promotion.
Purple Diary,purple diary,purple-diary,https://buddy.farm/i/purple-diary/,https://farmrpg.com/img/items/purplebook.png,/img/items/purplebook.png,purplebook.png,purplebook,,existing,,purplebook-f32c8fafa874.png,generated/item-icons/purplebook-f32c8fafa874.png,,Observed from cached Buddy page-data item image; review before asset download or canonical promotion.
Purple Dye,purple dye,purple-dye,https://buddy.farm/i/purple-dye/,https://farmrpg.com/img/items/purpledye.png,/img/items/purpledye.png,purpledye.png,purpledye,,existing,,purpledye-60db901e4280.png,generated/item-icons/purpledye-60db901e4280.png,,Observed from cached Buddy page-data item image; review before asset download or canonical promotion.
Purple Flower,purple flower,purple-flower,https://buddy.farm/i/purple-flower/,https://farmrpg.com/img/items/flower.png,/img/items/flower.png,flower.png,flower,,existing,,flower-eea4b26e57f5.png,generated/item-icons/flower-eea4b26e57f5.png,,Observed from cached Buddy page-data item image; review before asset download or canonical promotion.
Purple Mushroom,purple mushroom,purple-mushroom,https://buddy.farm/i/purple-mushroom/,https://farmrpg.com/img/items/woodblewit.png,/img/items/woodblewit.png,woodblewit.png,woodblewit,,existing,,woodblewit-c7c1d56bb146.png,generated/item-icons/woodblewit-c7c1d56bb146.png,,Observed from cached Buddy page-data item image; review before asset download or canonical promotion.
Purple Ornament,purple ornament,purple-ornament,https://buddy.farm/i/purple-ornament/,https://farmrpg.com/img/items/cr_t_03_b.png,/img/items/cr_t_03_b.png,cr_t_03_b.png,cr_t_03_b,,existing,,cr_t_03_b-2ac3905ee3d0.png,generated/item-icons/cr_t_03_b-2ac3905ee3d0.png,,Observed from cached Buddy page-data item image; review before asset download or canonical promotion.
Purple Parchment,purple parchment,purple-parchment,https://buddy.farm/i/purple-parchment/,https://farmrpg.com/img/items/5755.PNG,/img/items/5755.PNG,5755.PNG,5755,5755,existing,,5755-9df7e2c6f24d.png,generated/item-icons/5755-9df7e2c6f24d.png,,Observed from cached Buddy page-data item image; review before asset download or canonical promotion.
Purple Shirt,purple shirt,purple-shirt,https://buddy.farm/i/purple-shirt/,https://farmrpg.com/img/items/purpleshirt.png,/img/items/purpleshirt.png,purpleshirt.png,purpleshirt,,existing,,purpleshirt-3f7a30d8115c.png,generated/item-icons/purpleshirt-3f7a30d8115c.png,,Observed from cached Buddy page-data item image; review before asset download or canonical promotion.
Purple Twine,purple twine,purple-twine,https://buddy.farm/i/purple-twine/,https://farmrpg.com/img/items/purpletwine.png,/img/items/purpletwine.png,purpletwine.png,purpletwine,,existing,,purpletwine-053d40bab5ff.png,generated/item-icons/purpletwine-053d40bab5ff.png,,Observed from cached Buddy page-data item image; review before asset download or canonical promotion.
Pyredrop,pyredrop,pyredrop,https://buddy.farm/i/pyredrop/,https://farmrpg.com/img/items/pyredrop.png,/img/items/pyredrop.png,pyredrop.png,pyredrop,,existing,,pyredrop-1940bb757ed1.png,generated/item-icons/pyredrop-1940bb757ed1.png,,Observed from cached Buddy page-data item image; review before asset download or canonical promotion.
Pyrite,pyrite,pyrite,https://buddy.farm/i/pyrite/,https://farmrpg.com/img/items/pyrite.png,/img/items/pyrite.png,pyrite.png,pyrite,,existing,,pyrite-634f9ee6b1a5.png,generated/item-icons/pyrite-634f9ee6b1a5.png,,Observed from cached Buddy page-data item image; review before asset download or canonical promotion.
QED Cell,qed cell,qed-cell,https://buddy.farm/i/qed-cell/,https://farmrpg.com/img/items/battery_t_01.png,/img/items/battery_t_01.png,battery_t_01.png,battery_t_01,,existing,,battery_t_01-57c558ca7da7.png,generated/item-icons/battery_t_01-57c558ca7da7.png,,Observed from cached Buddy page-data item image; review before asset download or canonical promotion.
QED Pack,qed pack,qed-pack,https://buddy.farm/i/qed-pack/,https://farmrpg.com/img/items/149.png,/img/items/149.png,149.png,149,149,existing,,149-a1ad502d003c.png,generated/item-icons/149-a1ad502d003c.png,,Observed from cached Buddy page-data item image; review before asset download or canonical promotion.
Quandary Chowder,quandary chowder,quandary-chowder,https://buddy.farm/i/quandary-chowder/,https://farmrpg.com/img/items/corngreens.png,/img/items/corngreens.png,corngreens.png,corngreens,,existing,,corngreens-5d6d600cd82d.png,generated/item-icons/corngreens-5d6d600cd82d.png,,Observed from cached Buddy page-data item image; review before asset download or canonical promotion.
Quicksilver's Ring,quicksilver s ring,quicksilver-s-ring,https://buddy.farm/i/quicksilver-s-ring/,https://farmrpg.com/img/items/viri_3369b.png,/img/items/viri_3369b.png,viri_3369b.png,viri_3369b,,existing,,viri_3369b-4aa773a1ce7b.png,generated/item-icons/viri_3369b-4aa773a1ce7b.png,,Observed from cached Buddy page-data item image; review before asset download or canonical promotion.
R.O.A.S.,r o a s,r-o-a-s-,https://buddy.farm/i/r-o-a-s-/,https://farmrpg.com/img/items/rat_t_01.png,/img/items/rat_t_01.png,rat_t_01.png,rat_t_01,,existing,,rat_t_01-c8dfdd8e60ef.png,generated/item-icons/rat_t_01-c8dfdd8e60ef.png,,Observed from cached Buddy page-data item image; review before asset download or canonical promotion.
Radish,radish,radish,https://buddy.farm/i/radish/,https://farmrpg.com/img/items/radish.png?1,/img/items/radish.png,radish.png,radish,,existing,,radish-c3d733787f32.png,generated/item-icons/radish-c3d733787f32.png,,Observed from cached Buddy page-data item image; review before asset download or canonical promotion.
Radish Seeds,radish seeds,radish-seeds,https://buddy.farm/i/radish-seeds/,https://farmrpg.com/img/items/seeds_radish.png,/img/items/seeds_radish.png,seeds_radish.png,seeds_radish,,existing,,seeds_radish-3d954291e6a7.png,generated/item-icons/seeds_radish-3d954291e6a7.png,,Observed from cached Buddy page-data item image; review before asset download or canonical promotion.
Raffle Ticket,raffle ticket,raffle-ticket,https://buddy.farm/i/raffle-ticket/,https://farmrpg.com/img/items/raffleticket.png,/img/items/raffleticket.png,raffleticket.png,raffleticket,,existing,,raffleticket-59ad51b4831e.png,generated/item-icons/raffleticket-59ad51b4831e.png,,Observed from cached Buddy page-data item image; review before asset download or canonical promotion.
Ram Skull 01,ram skull 01,ram-skull-01,https://buddy.farm/i/ram-skull-01/,https://farmrpg.com/img/items/1137.png,/img/items/1137.png,1137.png,1137,1137,existing,,1137-464b0a48f7af.png,generated/item-icons/1137-464b0a48f7af.png,,Observed from cached Buddy page-data item image; review before asset download or canonical promotion.
Ramjoram's Mask,ramjoram s mask,ramjoram-s-mask,https://buddy.farm/i/ramjoram-s-mask/,https://farmrpg.com/img/items/ramjorammask.png,/img/items/ramjorammask.png,ramjorammask.png,ramjorammask,,existing,,ramjorammask-48bd322c96c0.png,generated/item-icons/ramjorammask-48bd322c96c0.png,,Observed from cached Buddy page-data item image; review before asset download or canonical promotion.
Raptor Chicken Egg,raptor chicken egg,raptor-chicken-egg,https://buddy.farm/i/raptor-chicken-egg/,https://farmrpg.com/img/items/raptor_chicken_egg.png,/img/items/raptor_chicken_egg.png,raptor_chicken_egg.png,raptor_chicken_egg,,existing,,raptor_chicken_egg-86b7b281caf8.png,generated/item-icons/raptor_chicken_egg-86b7b281caf8.png,,Observed from cached Buddy page-data item image; review before asset download or canonical promotion.
Raptor Claw,raptor claw,raptor-claw,https://buddy.farm/i/raptor-claw/,https://farmrpg.com/img/items/raptor.png,/img/items/raptor.png,raptor.png,raptor,,existing,,raptor-4b1aa05d5c80.png,generated/item-icons/raptor-4b1aa05d5c80.png,,Observed from cached Buddy page-data item image; review before asset download or canonical promotion.
Raptor Egg,raptor egg,raptor-egg,https://buddy.farm/i/raptor-egg/,https://farmrpg.com/img/items/raptoregg.png,/img/items/raptoregg.png,raptoregg.png,raptoregg,,existing,,raptoregg-c8711a5e8aaa.png,generated/item-icons/raptoregg-c8711a5e8aaa.png,,Observed from cached Buddy page-data item image; review before asset download or canonical promotion.
Raptor Wrangler Belt,raptor wrangler belt,raptor-wrangler-belt,https://buddy.farm/i/raptor-wrangler-belt/,https://farmrpg.com/img/items/rwb.png,/img/items/rwb.png,rwb.png,rwb,,existing,,rwb-29bedb47d221.png,generated/item-icons/rwb-29bedb47d221.png,,Observed from cached Buddy page-data item image; review before asset download or canonical promotion.
Raw Meat,raw meat,raw-meat,https://buddy.farm/i/raw-meat/,https://farmrpg.com/img/items/rawmeat.png,/img/items/rawmeat.png,rawmeat.png,rawmeat,,existing,,rawmeat-4f2da552fabf.png,generated/item-icons/rawmeat-4f2da552fabf.png,,Observed from cached Buddy page-data item image; review before asset download or canonical promotion.
Re'taw,re taw,re-taw,https://buddy.farm/i/re-taw/,https://farmrpg.com/img/items/4696.png,/img/items/4696.png,4696.png,4696,4696,existing,,4696-6f656ec02755.png,generated/item-icons/4696-6f656ec02755.png,,Observed from cached Buddy page-data item image; review before asset download or canonical promotion.
Re'taw Pail,re taw pail,re-taw-pail,https://buddy.farm/i/re-taw-pail/,https://farmrpg.com/img/items/8263w.PNG?1,/img/items/8263w.PNG,8263w.PNG,8263w,,existing,,8263w-4e07bcf96293.png,generated/item-icons/8263w-4e07bcf96293.png,,Observed from cached Buddy page-data item image; review before asset download or canonical promotion.
Reaver Claw,reaver claw,reaver-claw,https://buddy.farm/i/reaver-claw/,https://farmrpg.com/img/items/293.png,/img/items/293.png,293.png,293,293,existing,,293-8b847b1295b1.png,generated/item-icons/293-8b847b1295b1.png,,Observed from cached Buddy page-data item image; review before asset download or canonical promotion.
Red Berries,red berries,red-berries,https://buddy.farm/i/red-berries/,https://farmrpg.com/img/items/ForestIcons_46_t.png,/img/items/ForestIcons_46_t.png,ForestIcons_46_t.png,ForestIcons_46_t,,existing,,ForestIcons_46_t-cde469711c07.png,generated/item-icons/ForestIcons_46_t-cde469711c07.png,,Observed from cached Buddy page-data item image; review before asset download or canonical promotion.
Red Berry Pie,red berry pie,red-berry-pie,https://buddy.farm/i/red-berry-pie/,https://farmrpg.com/img/items/pie1.png?1,/img/items/pie1.png,pie1.png,pie1,,existing,,pie1-b58313fcef4c.png,generated/item-icons/pie1-b58313fcef4c.png,,Observed from cached Buddy page-data item image; review before asset download or canonical promotion.
Red Brick,red brick,red-brick,https://buddy.farm/i/red-brick/,https://farmrpg.com/img/items/redbrick2.png,/img/items/redbrick2.png,redbrick2.png,redbrick2,,existing,,redbrick2-7946624be113.png,generated/item-icons/redbrick2-7946624be113.png,,Observed from cached Buddy page-data item image; review before asset download or canonical promotion.
Red Butterfly,red butterfly,red-butterfly,https://buddy.farm/i/red-butterfly/,https://farmrpg.com/img/items/afk_8578r.png,/img/items/afk_8578r.png,afk_8578r.png,afk_8578r,,existing,,afk_8578r-46f02f0cc9be.png,generated/item-icons/afk_8578r-46f02f0cc9be.png,,Observed from cached Buddy page-data item image; review before asset download or canonical promotion.
Red Diamond Fish,red diamond fish,red-diamond-fish,https://buddy.farm/i/red-diamond-fish/,https://farmrpg.com/img/items/reddfish.png,/img/items/reddfish.png,reddfish.png,reddfish,,existing,,reddfish-24145f89e19e.png,generated/item-icons/reddfish-24145f89e19e.png,,Observed from cached Buddy page-data item image; review before asset download or canonical promotion.
Red Diary,red diary,red-diary,https://buddy.farm/i/red-diary/,https://farmrpg.com/img/items/reddiary.png,/img/items/reddiary.png,reddiary.png,reddiary,,existing,,reddiary-d64f12f067db.png,generated/item-icons/reddiary-d64f12f067db.png,,Observed from cached Buddy page-data item image; review before asset download or canonical promotion.
Red Dye,red dye,red-dye,https://buddy.farm/i/red-dye/,https://farmrpg.com/img/items/reddye.png,/img/items/reddye.png,reddye.png,reddye,,existing,,reddye-18c405385661.png,generated/item-icons/reddye-18c405385661.png,,Observed from cached Buddy page-data item image; review before asset download or canonical promotion.
Red Envelope,red envelope,red-envelope,https://buddy.farm/i/red-envelope/,https://farmrpg.com/img/items/redletter.png,/img/items/redletter.png,redletter.png,redletter,,existing,,redletter-d2d2c66ee6ed.png,generated/item-icons/redletter-d2d2c66ee6ed.png,,Observed from cached Buddy page-data item image; review before asset download or canonical promotion.
Red Flowers,red flowers,red-flowers,https://buddy.farm/i/red-flowers/,https://farmrpg.com/img/items/rflowers.png,/img/items/rflowers.png,rflowers.png,rflowers,,existing,,rflowers-47551fd772fe.png,generated/item-icons/rflowers-47551fd772fe.png,,Observed from cached Buddy page-data item image; review before asset download or canonical promotion.
Red Mushrooms,red mushrooms,red-mushrooms,https://buddy.farm/i/red-mushrooms/,https://farmrpg.com/img/items/redmushrooms.png,/img/items/redmushrooms.png,redmushrooms.png,redmushrooms,,existing,,redmushrooms-33ea982b4658.png,generated/item-icons/redmushrooms-33ea982b4658.png,,Observed from cached Buddy page-data item image; review before asset download or canonical promotion.
Red Ornament,red ornament,red-ornament,https://buddy.farm/i/red-ornament/,https://farmrpg.com/img/items/cr_t_03.png,/img/items/cr_t_03.png,cr_t_03.png,cr_t_03,,existing,,cr_t_03-0a8753a90245.png,generated/item-icons/cr_t_03-0a8753a90245.png,,Observed from cached Buddy page-data item image; review before asset download or canonical promotion.
Red Parchment,red parchment,red-parchment,https://buddy.farm/i/red-parchment/,https://farmrpg.com/img/items/redparchment.png,/img/items/redparchment.png,redparchment.png,redparchment,,existing,,redparchment-97bcf7e5d844.png,generated/item-icons/redparchment-97bcf7e5d844.png,,Observed from cached Buddy page-data item image; review before asset download or canonical promotion.
Red Rocket,red rocket,red-rocket,https://buddy.farm/i/red-rocket/,https://farmrpg.com/img/items/redrocket.png,/img/items/redrocket.png,redrocket.png,redrocket,,existing,,redrocket-947b30032d81.png,generated/item-icons/redrocket-947b30032d81.png,,Observed from cached Buddy page-data item image; review before asset download or canonical promotion.
Red Scarf,red scarf,red-scarf,https://buddy.farm/i/red-scarf/,https://farmrpg.com/img/items/redscarf.png,/img/items/redscarf.png,redscarf.png,redscarf,,existing,,redscarf-99e9c16de23f.png,generated/item-icons/redscarf-99e9c16de23f.png,,Observed from cached Buddy page-data item image; review before asset download or canonical promotion.
Red Shield,red shield,red-shield,https://buddy.farm/i/red-shield/,https://farmrpg.com/img/items/redshield.png,/img/items/redshield.png,redshield.png,redshield,,existing,,redshield-0bdf96dcc5aa.png,generated/item-icons/redshield-0bdf96dcc5aa.png,,Observed from cached Buddy page-data item image; review before asset download or canonical promotion.
Red Shirt,red shirt,red-shirt,https://buddy.farm/i/red-shirt/,https://farmrpg.com/img/items/redshirt.png,/img/items/redshirt.png,redshirt.png,redshirt,,existing,,redshirt-3cc706d44c14.png,generated/item-icons/redshirt-3cc706d44c14.png,,Observed from cached Buddy page-data item image; review before asset download or canonical promotion.
Red Starfish,red starfish,red-starfish,https://buddy.farm/i/red-starfish/,https://farmrpg.com/img/items/8814.png?1,/img/items/8814.png,8814.png,8814,8814,existing,,8814-e1e5d8eea03a.png,generated/item-icons/8814-e1e5d8eea03a.png,,Observed from cached Buddy page-data item image; review before asset download or canonical promotion.
Red Trunk,red trunk,red-trunk,https://buddy.farm/i/red-trunk/,https://farmrpg.com/img/items/1026.png,/img/items/1026.png,1026.png,1026,1026,existing,,1026-8d427528c36a.png,generated/item-icons/1026-8d427528c36a.png,,Observed from cached Buddy page-data item image; review before asset download or canonical promotion.
Red Twine,red twine,red-twine,https://buddy.farm/i/red-twine/,https://farmrpg.com/img/items/1621.png,/img/items/1621.png,1621.png,1621,1621,existing,,1621-42a524dac2a0.png,generated/item-icons/1621-42a524dac2a0.png,,Observed from cached Buddy page-data item image; review before asset download or canonical promotion.
Red Velvet Cake,red velvet cake,red-velvet-cake,https://buddy.farm/i/red-velvet-cake/,https://farmrpg.com/img/items/Red_velvet.png,/img/items/Red_velvet.png,Red_velvet.png,Red_velvet,,downloaded,200,Red_velvet-e325896eac20.png,generated/item-icons/Red_velvet-e325896eac20.png,,Observed from cached Buddy page-data item image; review before asset download or canonical promotion.
Redgill,redgill,redgill,https://buddy.farm/i/redgill/,https://farmrpg.com/img/items/5182-2.png,/img/items/5182-2.png,5182-2.png,5182-2,,existing,,5182-2-40f625285f76.png,generated/item-icons/5182-2-40f625285f76.png,,Observed from cached Buddy page-data item image; review before asset download or canonical promotion.
Refined Corn Quartz,refined corn quartz,refined-corn-quartz,https://buddy.farm/i/refined-corn-quartz/,https://farmrpg.com/img/items/cornquartz2.png,/img/items/cornquartz2.png,cornquartz2.png,cornquartz2,,existing,,cornquartz2-d07d2d7a4ab8.png,generated/item-icons/cornquartz2-d07d2d7a4ab8.png,,Observed from cached Buddy page-data item image; review before asset download or canonical promotion.
Reindeer Headband,reindeer headband,reindeer-headband,https://buddy.farm/i/reindeer-headband/,https://farmrpg.com/img/items/horns.png,/img/items/horns.png,horns.png,horns,,existing,,horns-e7d21da3b335.png,generated/item-icons/horns-e7d21da3b335.png,,Observed from cached Buddy page-data item image; review before asset download or canonical promotion.
Reinforced Helmet,reinforced helmet,reinforced-helmet,https://buddy.farm/i/reinforced-helmet/,https://farmrpg.com/img/items/9096.png,/img/items/9096.png,9096.png,9096,9096,existing,,9096-d9fed5f3cb38.png,generated/item-icons/9096-d9fed5f3cb38.png,,Observed from cached Buddy page-data item image; review before asset download or canonical promotion.
Ric Ryph Bobblehead,ric ryph bobblehead,ric-ryph-bobblehead,https://buddy.farm/i/ric-ryph-bobblehead/,https://farmrpg.com/img/items/bobble_ric.png,/img/items/bobble_ric.png,bobble_ric.png,bobble_ric,,existing,,bobble_ric-9e4f8a8fa4ae.png,generated/item-icons/bobble_ric-9e4f8a8fa4ae.png,,Observed from cached Buddy page-data item image; review before asset download or canonical promotion.
Rice,rice,rice,https://buddy.farm/i/rice/,https://farmrpg.com/img/items/rice.png,/img/items/rice.png,rice.png,rice,,existing,,rice-8323ddfc23d1.png,generated/item-icons/rice-8323ddfc23d1.png,,Observed from cached Buddy page-data item image; review before asset download or canonical promotion.
Rice Seeds,rice seeds,rice-seeds,https://buddy.farm/i/rice-seeds/,https://farmrpg.com/img/items/seeds_rice.png,/img/items/seeds_rice.png,seeds_rice.png,seeds_rice,,existing,,seeds_rice-341e3a5b933b.png,generated/item-icons/seeds_rice-341e3a5b933b.png,,Observed from cached Buddy page-data item image; review before asset download or canonical promotion.
Ring of Renthisj,ring of renthisj,ring-of-renthisj,https://buddy.farm/i/ring-of-renthisj/,https://farmrpg.com/img/items/5466.png,/img/items/5466.png,5466.png,5466,5466,existing,,5466-518b725f1b34.png,generated/item-icons/5466-518b725f1b34.png,,Observed from cached Buddy page-data item image; review before asset download or canonical promotion.
Roomba Bobblehead,roomba bobblehead,roomba-bobblehead,https://buddy.farm/i/roomba-bobblehead/,https://farmrpg.com/img/items/bobble_roomba.png,/img/items/bobble_roomba.png,bobble_roomba.png,bobble_roomba,,existing,,bobble_roomba-96c662c233f6.png,generated/item-icons/bobble_roomba-96c662c233f6.png,,Observed from cached Buddy page-data item image; review before asset download or canonical promotion.
Roomba's Over The Moon,roomba s over the moon,roomba-s-over-the-moon,https://buddy.farm/i/roomba-s-over-the-moon/,https://farmrpg.com/img/items/recipe.png,/img/items/recipe.png,recipe.png,recipe,,reused,,recipe-ebec090231f1.png,generated/item-icons/recipe-ebec090231f1.png,,Observed from cached Buddy page-data item image; review before asset download or canonical promotion.
Rope,rope,rope,https://buddy.farm/i/rope/,https://farmrpg.com/img/items/5624.png,/img/items/5624.png,5624.png,5624,5624,existing,,5624-11f92a4315ff.png,generated/item-icons/5624-11f92a4315ff.png,,Observed from cached Buddy page-data item image; review before asset download or canonical promotion.
Rosalie Bobblehead,rosalie bobblehead,rosalie-bobblehead,https://buddy.farm/i/rosalie-bobblehead/,https://farmrpg.com/img/items/bobble_rosalie.png,/img/items/bobble_rosalie.png,bobble_rosalie.png,bobble_rosalie,,existing,,bobble_rosalie-d4b78fddee54.png,generated/item-icons/bobble_rosalie-d4b78fddee54.png,,Observed from cached Buddy page-data item image; review before asset download or canonical promotion.
Rosalie's Beach Tote,rosalie s beach tote,rosalie-s-beach-tote,https://buddy.farm/i/rosalie-s-beach-tote/,https://farmrpg.com/img/items/tote1.png,/img/items/tote1.png,tote1.png,tote1,,existing,,tote1-05f7552587fb.png,generated/item-icons/tote1-05f7552587fb.png,,Observed from cached Buddy page-data item image; review before asset download or canonical promotion.
Rosalie's Bone Broth,rosalie s bone broth,rosalie-s-bone-broth,https://buddy.farm/i/rosalie-s-bone-broth/,https://farmrpg.com/img/items/recipe.png,/img/items/recipe.png,recipe.png,recipe,,reused,,recipe-ebec090231f1.png,generated/item-icons/recipe-ebec090231f1.png,,Observed from cached Buddy page-data item image; review before asset download or canonical promotion.
Rosalie's Concord Grape Pie,rosalie s concord grape pie,rosalie-s-concord-grape-pie,https://buddy.farm/i/rosalie-s-concord-grape-pie/,https://farmrpg.com/img/items/recipe.png,/img/items/recipe.png,recipe.png,recipe,,reused,,recipe-ebec090231f1.png,generated/item-icons/recipe-ebec090231f1.png,,Observed from cached Buddy page-data item image; review before asset download or canonical promotion.
Rosalie's Red Berry Pie,rosalie s red berry pie,rosalie-s-red-berry-pie,https://buddy.farm/i/rosalie-s-red-berry-pie/,https://farmrpg.com/img/items/recipe.png,/img/items/recipe.png,recipe.png,recipe,,reused,,recipe-ebec090231f1.png,generated/item-icons/recipe-ebec090231f1.png,,Observed from cached Buddy page-data item image; review before asset download or canonical promotion.
Rubber Duckie,rubber duckie,rubber-duckie,https://buddy.farm/i/rubber-duckie/,https://farmrpg.com/img/items/ducky.png,/img/items/ducky.png,ducky.png,ducky,,existing,,ducky-e33bab358c77.png,generated/item-icons/ducky-e33bab358c77.png,,Observed from cached Buddy page-data item image; review before asset download or canonical promotion.
Ruby,ruby,ruby,https://buddy.farm/i/ruby/,https://farmrpg.com/img/items/6071.PNG,/img/items/6071.PNG,6071.PNG,6071,6071,existing,,6071-bd33102e4bcc.png,generated/item-icons/6071-bd33102e4bcc.png,,Observed from cached Buddy page-data item image; review before asset download or canonical promotion.
Ruby Coral,ruby coral,ruby-coral,https://buddy.farm/i/ruby-coral/,https://farmrpg.com/img/items/coral.png,/img/items/coral.png,coral.png,coral,,existing,,coral-b6a74d09043c.png,generated/item-icons/coral-b6a74d09043c.png,,Observed from cached Buddy page-data item image; review before asset download or canonical promotion.
Ruby Fish,ruby fish,ruby-fish,https://buddy.farm/i/ruby-fish/,https://farmrpg.com/img/items/7838.png?1,/img/items/7838.png,7838.png,7838,7838,existing,,7838-9d7ed336e0df.png,generated/item-icons/7838-9d7ed336e0df.png,,Observed from cached Buddy page-data item image; review before asset download or canonical promotion.
Ruby Ring,ruby ring,ruby-ring,https://buddy.farm/i/ruby-ring/,https://farmrpg.com/img/items/rubyring.png,/img/items/rubyring.png,rubyring.png,rubyring,,existing,,rubyring-66994d6a0321.png,generated/item-icons/rubyring-66994d6a0321.png,,Observed from cached Buddy page-data item image; review before asset download or canonical promotion.
Ruby Scorpion,ruby scorpion,ruby-scorpion,https://buddy.farm/i/ruby-scorpion/,https://farmrpg.com/img/items/4514.png,/img/items/4514.png,4514.png,4514,4514,existing,,4514-04838e4c606d.png,generated/item-icons/4514-04838e4c606d.png,,Observed from cached Buddy page-data item image; review before asset download or canonical promotion.
Rucksack,rucksack,rucksack,https://buddy.farm/i/rucksack/,https://farmrpg.com/img/items/rucksack2.png,/img/items/rucksack2.png,rucksack2.png,rucksack2,,existing,,rucksack2-e7c190f674fb.png,generated/item-icons/rucksack2-e7c190f674fb.png,,Observed from cached Buddy page-data item image; review before asset download or canonical promotion.
Rudolph,rudolph,rudolph,https://buddy.farm/i/rudolph/,https://farmrpg.com/img/items/rudolph.png,/img/items/rudolph.png,rudolph.png,rudolph,,existing,,rudolph-eca1d9cf8df3.png,generated/item-icons/rudolph-eca1d9cf8df3.png,,Observed from cached Buddy page-data item image; review before asset download or canonical promotion.
Rudolph Buddy Doll,rudolph buddy doll,rudolph-buddy-doll,https://buddy.farm/i/rudolph-buddy-doll/,https://farmrpg.com/img/items/rbuddy.png,/img/items/rbuddy.png,rbuddy.png,rbuddy,,existing,,rbuddy-28e87854e00a.png,generated/item-icons/rbuddy-28e87854e00a.png,,Observed from cached Buddy page-data item image; review before asset download or canonical promotion.
Rune Dice,rune dice,rune-dice,https://buddy.farm/i/rune-dice/,https://farmrpg.com/img/items/1931.png,/img/items/1931.png,1931.png,1931,1931,existing,,1931-416021803751.png,generated/item-icons/1931-416021803751.png,,Observed from cached Buddy page-data item image; review before asset download or canonical promotion.
Rune Shard,rune shard,rune-shard,https://buddy.farm/i/rune-shard/,https://farmrpg.com/img/items/3476.png,/img/items/3476.png,3476.png,3476,3476,existing,,3476-7ad06a604581.png,generated/item-icons/3476-7ad06a604581.png,,Observed from cached Buddy page-data item image; review before asset download or canonical promotion.
Runecorn,runecorn,runecorn,https://buddy.farm/i/runecorn/,https://farmrpg.com/img/items/runecorn.png,/img/items/runecorn.png,runecorn.png,runecorn,,existing,,runecorn-6ac73e473033.png,generated/item-icons/runecorn-6ac73e473033.png,,Observed from cached Buddy page-data item image; review before asset download or canonical promotion.
Runecube,runecube,runecube,https://buddy.farm/i/runecube/,https://farmrpg.com/img/items/2099.png,/img/items/2099.png,2099.png,2099,2099,existing,,2099-116ce14a191c.png,generated/item-icons/2099-116ce14a191c.png,,Observed from cached Buddy page-data item image; review before asset download or canonical promotion.
Runestone 01,runestone 01,runestone-01,https://buddy.farm/i/runestone-01/,https://farmrpg.com/img/items/rs1.png,/img/items/rs1.png,rs1.png,rs1,,existing,,rs1-5ec89ddb8772.png,generated/item-icons/rs1-5ec89ddb8772.png,,Observed from cached Buddy page-data item image; review before asset download or canonical promotion.
Runestone 02,runestone 02,runestone-02,https://buddy.farm/i/runestone-02/,https://farmrpg.com/img/items/rs2.png,/img/items/rs2.png,rs2.png,rs2,,existing,,rs2-4793ac971534.png,generated/item-icons/rs2-4793ac971534.png,,Observed from cached Buddy page-data item image; review before asset download or canonical promotion.
Runestone 03,runestone 03,runestone-03,https://buddy.farm/i/runestone-03/,https://farmrpg.com/img/items/rs3.png,/img/items/rs3.png,rs3.png,rs3,,existing,,rs3-da76c83cdc94.png,generated/item-icons/rs3-da76c83cdc94.png,,Observed from cached Buddy page-data item image; review before asset download or canonical promotion.
Runestone 04,runestone 04,runestone-04,https://buddy.farm/i/runestone-04/,https://farmrpg.com/img/items/rs4.png,/img/items/rs4.png,rs4.png,rs4,,existing,,rs4-fbdd9a2edfa3.png,generated/item-icons/rs4-fbdd9a2edfa3.png,,Observed from cached Buddy page-data item image; review before asset download or canonical promotion.
Runestone 05,runestone 05,runestone-05,https://buddy.farm/i/runestone-05/,https://farmrpg.com/img/items/rs5.png,/img/items/rs5.png,rs5.png,rs5,,existing,,rs5-0ba2e46bdcf1.png,generated/item-icons/rs5-0ba2e46bdcf1.png,,Observed from cached Buddy page-data item image; review before asset download or canonical promotion.
Runestone 06,runestone 06,runestone-06,https://buddy.farm/i/runestone-06/,https://farmrpg.com/img/items/rs6.png,/img/items/rs6.png,rs6.png,rs6,,existing,,rs6-1dd901281a10.png,generated/item-icons/rs6-1dd901281a10.png,,Observed from cached Buddy page-data item image; review before asset download or canonical promotion.
Runestone 07,runestone 07,runestone-07,https://buddy.farm/i/runestone-07/,https://farmrpg.com/img/items/rs7.png,/img/items/rs7.png,rs7.png,rs7,,existing,,rs7-ad73d4c35113.png,generated/item-icons/rs7-ad73d4c35113.png,,Observed from cached Buddy page-data item image; review before asset download or canonical promotion.
Runestone 08,runestone 08,runestone-08,https://buddy.farm/i/runestone-08/,https://farmrpg.com/img/items/rs8.png,/img/items/rs8.png,rs8.png,rs8,,existing,,rs8-04c54596d125.png,generated/item-icons/rs8-04c54596d125.png,,Observed from cached Buddy page-data item image; review before asset download or canonical promotion.
Runestone 09,runestone 09,runestone-09,https://buddy.farm/i/runestone-09/,https://farmrpg.com/img/items/rs9.png,/img/items/rs9.png,rs9.png,rs9,,existing,,rs9-86ceb580e75c.png,generated/item-icons/rs9-86ceb580e75c.png,,Observed from cached Buddy page-data item image; review before asset download or canonical promotion.
Runestone 10,runestone 10,runestone-10,https://buddy.farm/i/runestone-10/,https://farmrpg.com/img/items/rs10.png,/img/items/rs10.png,rs10.png,rs10,,existing,,rs10-e5d0d3658d80.png,generated/item-icons/rs10-e5d0d3658d80.png,,Observed from cached Buddy page-data item image; review before asset download or canonical promotion.
Runestone 11,runestone 11,runestone-11,https://buddy.farm/i/runestone-11/,https://farmrpg.com/img/items/rs11.png?1,/img/items/rs11.png,rs11.png,rs11,,existing,,rs11-20f97d38623c.png,generated/item-icons/rs11-20f97d38623c.png,,Observed from cached Buddy page-data item image; review before asset download or canonical promotion.
Runestone 12,runestone 12,runestone-12,https://buddy.farm/i/runestone-12/,https://farmrpg.com/img/items/rs12.png,/img/items/rs12.png,rs12.png,rs12,,existing,,rs12-b254010fcfa6.png,generated/item-icons/rs12-b254010fcfa6.png,,Observed from cached Buddy page-data item image; review before asset download or canonical promotion.
Runestone 13,runestone 13,runestone-13,https://buddy.farm/i/runestone-13/,https://farmrpg.com/img/items/rs13.png,/img/items/rs13.png,rs13.png,rs13,,existing,,rs13-83ca6bf5dbec.png,generated/item-icons/rs13-83ca6bf5dbec.png,,Observed from cached Buddy page-data item image; review before asset download or canonical promotion.
Runestone 14,runestone 14,runestone-14,https://buddy.farm/i/runestone-14/,https://farmrpg.com/img/items/rs14.png?1,/img/items/rs14.png,rs14.png,rs14,,existing,,rs14-7ba2d0971358.png,generated/item-icons/rs14-7ba2d0971358.png,,Observed from cached Buddy page-data item image; review before asset download or canonical promotion.
Runestone 15,runestone 15,runestone-15,https://buddy.farm/i/runestone-15/,https://farmrpg.com/img/items/rs15.png,/img/items/rs15.png,rs15.png,rs15,,existing,,rs15-92c72674adc3.png,generated/item-icons/rs15-92c72674adc3.png,,Observed from cached Buddy page-data item image; review before asset download or canonical promotion.
Runestone 16,runestone 16,runestone-16,https://buddy.farm/i/runestone-16/,https://farmrpg.com/img/items/rs16.png?1,/img/items/rs16.png,rs16.png,rs16,,existing,,rs16-9c098f8277b3.png,generated/item-icons/rs16-9c098f8277b3.png,,Observed from cached Buddy page-data item image; review before asset download or canonical promotion.
Runestone 17,runestone 17,runestone-17,https://buddy.farm/i/runestone-17/,https://farmrpg.com/img/items/rs17.png,/img/items/rs17.png,rs17.png,rs17,,existing,,rs17-69693fe639e2.png,generated/item-icons/rs17-69693fe639e2.png,,Observed from cached Buddy page-data item image; review before asset download or canonical promotion.
Runestone 18,runestone 18,runestone-18,https://buddy.farm/i/runestone-18/,https://farmrpg.com/img/items/rs18.png?1,/img/items/rs18.png,rs18.png,rs18,,existing,,rs18-56df8807bff3.png,generated/item-icons/rs18-56df8807bff3.png,,Observed from cached Buddy page-data item image; review before asset download or canonical promotion.
Runestone 19,runestone 19,runestone-19,https://buddy.farm/i/runestone-19/,https://farmrpg.com/img/items/rs19.png?1,/img/items/rs19.png,rs19.png,rs19,,existing,,rs19-1c49172dbc7f.png,generated/item-icons/rs19-1c49172dbc7f.png,,Observed from cached Buddy page-data item image; review before asset download or canonical promotion.
Runestone 20,runestone 20,runestone-20,https://buddy.farm/i/runestone-20/,https://farmrpg.com/img/items/rs20.png,/img/items/rs20.png,rs20.png,rs20,,existing,,rs20-d6cebb42f63b.png,generated/item-icons/rs20-d6cebb42f63b.png,,Observed from cached Buddy page-data item image; review before asset download or canonical promotion.
Runestone 23,runestone 23,runestone-23,https://buddy.farm/i/runestone-23/,https://farmrpg.com/img/items/5658.png,/img/items/5658.png,5658.png,5658,5658,existing,,5658-e39935566581.png,generated/item-icons/5658-e39935566581.png,,Observed from cached Buddy page-data item image; review before asset download or canonical promotion.
Runestone 27,runestone 27,runestone-27,https://buddy.farm/i/runestone-27/,https://farmrpg.com/img/items/rs27.png,/img/items/rs27.png,rs27.png,rs27,,existing,,rs27-f58ccb745f1a.png,generated/item-icons/rs27-f58ccb745f1a.png,,Observed from cached Buddy page-data item image; review before asset download or canonical promotion.
Runestone Necklace,runestone necklace,runestone-necklace,https://buddy.farm/i/runestone-necklace/,https://farmrpg.com/img/items/pirates_17_t.png,/img/items/pirates_17_t.png,pirates_17_t.png,pirates_17_t,,existing,,pirates_17_t-7e7d691fa932.png,generated/item-icons/pirates_17_t-7e7d691fa932.png,,Observed from cached Buddy page-data item image; review before asset download or canonical promotion.
Safety Goggles,safety goggles,safety-goggles,https://buddy.farm/i/safety-goggles/,https://farmrpg.com/img/items/2129.png,/img/items/2129.png,2129.png,2129,2129,existing,,2129-257351ce659a.png,generated/item-icons/2129-257351ce659a.png,,Observed from cached Buddy page-data item image; review before asset download or canonical promotion.
Safety Mask,safety mask,safety-mask,https://buddy.farm/i/safety-mask/,https://farmrpg.com/img/items/2755.png,/img/items/2755.png,2755.png,2755,2755,existing,,2755-2f4801beb4af.png,generated/item-icons/2755-2f4801beb4af.png,,Observed from cached Buddy page-data item image; review before asset download or canonical promotion.
Safety Pin,safety pin,safety-pin,https://buddy.farm/i/safety-pin/,https://farmrpg.com/img/items/pin_t_01.png,/img/items/pin_t_01.png,pin_t_01.png,pin_t_01,,existing,,pin_t_01-e6ef5c204370.png,generated/item-icons/pin_t_01-e6ef5c204370.png,,Observed from cached Buddy page-data item image; review before asset download or canonical promotion.
Sail Cloth,sail cloth,sail-cloth,https://buddy.farm/i/sail-cloth/,https://farmrpg.com/img/items/2453.png,/img/items/2453.png,2453.png,2453,2453,existing,,2453-e0197478a27a.png,generated/item-icons/2453-e0197478a27a.png,,Observed from cached Buddy page-data item image; review before asset download or canonical promotion.
Salt,salt,salt,https://buddy.farm/i/salt/,https://farmrpg.com/img/items/salt.png,/img/items/salt.png,salt.png,salt,,existing,,salt-8c7cfbef1dae.png,generated/item-icons/salt-8c7cfbef1dae.png,,Observed from cached Buddy page-data item image; review before asset download or canonical promotion.
Salt Rock,salt rock,salt-rock,https://buddy.farm/i/salt-rock/,https://farmrpg.com/img/items/saltrock.png,/img/items/saltrock.png,saltrock.png,saltrock,,existing,,saltrock-1037d02c016c.png,generated/item-icons/saltrock-1037d02c016c.png,,Observed from cached Buddy page-data item image; review before asset download or canonical promotion.
Sand,sand,sand,https://buddy.farm/i/sand/,https://farmrpg.com/img/items/am_t_01.png,/img/items/am_t_01.png,am_t_01.png,am_t_01,,existing,,am_t_01-4feac838de88.png,generated/item-icons/am_t_01-4feac838de88.png,,Observed from cached Buddy page-data item image; review before asset download or canonical promotion.
Sand Castle Bucket,sand castle bucket,sand-castle-bucket,https://buddy.farm/i/sand-castle-bucket/,https://farmrpg.com/img/items/sand_castle_bucket.png,/img/items/sand_castle_bucket.png,sand_castle_bucket.png,sand_castle_bucket,,existing,,sand_castle_bucket-5cc72eac51c9.png,generated/item-icons/sand_castle_bucket-5cc72eac51c9.png,,Observed from cached Buddy page-data item image; review before asset download or canonical promotion.
Sand Dollar,sand dollar,sand-dollar,https://buddy.farm/i/sand-dollar/,https://farmrpg.com/img/items/sanddollar.png?1,/img/items/sanddollar.png,sanddollar.png,sanddollar,,existing,,sanddollar-483fc5246971.png,generated/item-icons/sanddollar-483fc5246971.png,,Observed from cached Buddy page-data item image; review before asset download or canonical promotion.
Sand Shovel,sand shovel,sand-shovel,https://buddy.farm/i/sand-shovel/,https://farmrpg.com/img/items/sand_shovel.png,/img/items/sand_shovel.png,sand_shovel.png,sand_shovel,,existing,,sand_shovel-4ad5047fcfec.png,generated/item-icons/sand_shovel-4ad5047fcfec.png,,Observed from cached Buddy page-data item image; review before asset download or canonical promotion.
Sandstone,sandstone,sandstone,https://buddy.farm/i/sandstone/,https://farmrpg.com/img/items/5197.png,/img/items/5197.png,5197.png,5197,5197,existing,,5197-8ee30590c647.png,generated/item-icons/5197-8ee30590c647.png,,Observed from cached Buddy page-data item image; review before asset download or canonical promotion.
Santa Bobblehead,santa bobblehead,santa-bobblehead,https://buddy.farm/i/santa-bobblehead/,https://farmrpg.com/img/items/bobble_santa.png,/img/items/bobble_santa.png,bobble_santa.png,bobble_santa,,existing,,bobble_santa-52b63ddaa21b.png,generated/item-icons/bobble_santa-52b63ddaa21b.png,,Observed from cached Buddy page-data item image; review before asset download or canonical promotion.
Santa Buddy Doll,santa buddy doll,santa-buddy-doll,https://buddy.farm/i/santa-buddy-doll/,https://farmrpg.com/img/items/sbuddy.png,/img/items/sbuddy.png,sbuddy.png,sbuddy,,existing,,sbuddy-76b308d95fe3.png,generated/item-icons/sbuddy-76b308d95fe3.png,,Observed from cached Buddy page-data item image; review before asset download or canonical promotion.
Santa Hat,santa hat,santa-hat,https://buddy.farm/i/santa-hat/,https://farmrpg.com/img/items/cr_t_04.png,/img/items/cr_t_04.png,cr_t_04.png,cr_t_04,,existing,,cr_t_04-b79341c3046c.png,generated/item-icons/cr_t_04-b79341c3046c.png,,Observed from cached Buddy page-data item image; review before asset download or canonical promotion.
Santa's Travel Belt,santa s travel belt,santa-s-travel-belt,https://buddy.farm/i/santa-s-travel-belt/,https://farmrpg.com/img/items/487.png,/img/items/487.png,487.png,487,487,existing,,487-3d5f2d7dba95.png,generated/item-icons/487-3d5f2d7dba95.png,,Observed from cached Buddy page-data item image; review before asset download or canonical promotion.
Sappy Christmas Card,sappy christmas card,sappy-christmas-card,https://buddy.farm/i/sappy-christmas-card/,https://farmrpg.com/img/items/card_sappy.png,/img/items/card_sappy.png,card_sappy.png,card_sappy,,existing,,card_sappy-d7e83dbeb876.png,generated/item-icons/card_sappy-d7e83dbeb876.png,,Observed from cached Buddy page-data item image; review before asset download or canonical promotion.
School Buddy Doll,school buddy doll,school-buddy-doll,https://buddy.farm/i/school-buddy-doll/,https://farmrpg.com/img/items/back_to_school_buddy_doll.png,/img/items/back_to_school_buddy_doll.png,back_to_school_buddy_doll.png,back_to_school_buddy_doll,,existing,,back_to_school_buddy_doll-416473b0beb7.png,generated/item-icons/back_to_school_buddy_doll-416473b0beb7.png,,Observed from cached Buddy page-data item image; review before asset download or canonical promotion.
Schoolbook,schoolbook,schoolbook,https://buddy.farm/i/schoolbook/,https://farmrpg.com/img/items/book_t_01.png?1,/img/items/book_t_01.png,book_t_01.png,book_t_01,,existing,,book_t_01-c352d199efa1.png,generated/item-icons/book_t_01-c352d199efa1.png,,Observed from cached Buddy page-data item image; review before asset download or canonical promotion.
Scissors,scissors,scissors,https://buddy.farm/i/scissors/,https://farmrpg.com/img/items/scissors.png,/img/items/scissors.png,scissors.png,scissors,,existing,,scissors-348fa48948ed.png,generated/item-icons/scissors-348fa48948ed.png,,Observed from cached Buddy page-data item image; review before asset download or canonical promotion.
Scrap Cloth,scrap cloth,scrap-cloth,https://buddy.farm/i/scrap-cloth/,https://farmrpg.com/img/items/1529.png,/img/items/1529.png,1529.png,1529,1529,existing,,1529-ad5b456cb214.png,generated/item-icons/1529-ad5b456cb214.png,,Observed from cached Buddy page-data item image; review before asset download or canonical promotion.
Scrap Metal,scrap metal,scrap-metal,https://buddy.farm/i/scrap-metal/,https://farmrpg.com/img/items/9383.PNG,/img/items/9383.PNG,9383.PNG,9383,9383,existing,,9383-3b5246141645.png,generated/item-icons/9383-3b5246141645.png,,Observed from cached Buddy page-data item image; review before asset download or canonical promotion.
Scrap Wire,scrap wire,scrap-wire,https://buddy.farm/i/scrap-wire/,https://farmrpg.com/img/items/9398.PNG,/img/items/9398.PNG,9398.PNG,9398,9398,existing,,9398-e09f0dca0459.png,generated/item-icons/9398-e09f0dca0459.png,,Observed from cached Buddy page-data item image; review before asset download or canonical promotion.
Scythe of Dewstar,scythe of dewstar,scythe-of-dewstar,https://buddy.farm/i/scythe-of-dewstar/,https://farmrpg.com/img/items/goldscythe.png,/img/items/goldscythe.png,goldscythe.png,goldscythe,,existing,,goldscythe-44771fbe0fef.png,generated/item-icons/goldscythe-44771fbe0fef.png,,Observed from cached Buddy page-data item image; review before asset download or canonical promotion.
Sea Catfish,sea catfish,sea-catfish,https://buddy.farm/i/sea-catfish/,https://farmrpg.com/img/items/7477.png,/img/items/7477.png,7477.png,7477,7477,existing,,7477-ca1f3bf143b4.png,generated/item-icons/7477-ca1f3bf143b4.png,,Observed from cached Buddy page-data item image; review before asset download or canonical promotion.
Sea Crest,sea crest,sea-crest,https://buddy.farm/i/sea-crest/,https://farmrpg.com/img/items/seacrest.png,/img/items/seacrest.png,seacrest.png,seacrest,,existing,,seacrest-50d18894c49d.png,generated/item-icons/seacrest-50d18894c49d.png,,Observed from cached Buddy page-data item image; review before asset download or canonical promotion.
Sea Dragon,sea dragon,sea-dragon,https://buddy.farm/i/sea-dragon/,https://farmrpg.com/img/items/seadragon.png,/img/items/seadragon.png,seadragon.png,seadragon,,existing,,seadragon-751b07773b95.png,generated/item-icons/seadragon-751b07773b95.png,,Observed from cached Buddy page-data item image; review before asset download or canonical promotion.
Sea Pincher Special,sea pincher special,sea-pincher-special,https://buddy.farm/i/sea-pincher-special/,https://farmrpg.com/img/items/crabclawsoup.png,/img/items/crabclawsoup.png,crabclawsoup.png,crabclawsoup,,existing,,crabclawsoup-40ef656e94a5.png,generated/item-icons/crabclawsoup-40ef656e94a5.png,,Observed from cached Buddy page-data item image; review before asset download or canonical promotion.
Sea Turtle,sea turtle,sea-turtle,https://buddy.farm/i/sea-turtle/,https://farmrpg.com/img/items/afk_8514.png?1,/img/items/afk_8514.png,afk_8514.png,afk_8514,,existing,,afk_8514-034368381cb4.png,generated/item-icons/afk_8514-034368381cb4.png,,Observed from cached Buddy page-data item image; review before asset download or canonical promotion.
Sea Urchin,sea urchin,sea-urchin,https://buddy.farm/i/sea-urchin/,https://farmrpg.com/img/items/afk_8528.png,/img/items/afk_8528.png,afk_8528.png,afk_8528,,existing,,afk_8528-bddd5ba9c9f7.png,generated/item-icons/afk_8528-bddd5ba9c9f7.png,,Observed from cached Buddy page-data item image; review before asset download or canonical promotion.
Seahorse,seahorse,seahorse,https://buddy.farm/i/seahorse/,https://farmrpg.com/img/items/8819.png,/img/items/8819.png,8819.png,8819,8819,existing,,8819-c2bd443d2b9c.png,generated/item-icons/8819-c2bd443d2b9c.png,,Observed from cached Buddy page-data item image; review before asset download or canonical promotion.
Sealed Letter,sealed letter,sealed-letter,https://buddy.farm/i/sealed-letter/,https://farmrpg.com/img/items/7475.png?1,/img/items/7475.png,7475.png,7475,7475,existing,,7475-8d3e4dbc6518.png,generated/item-icons/7475-8d3e4dbc6518.png,,Observed from cached Buddy page-data item image; review before asset download or canonical promotion.
Seashell Necklace,seashell necklace,seashell-necklace,https://buddy.farm/i/seashell-necklace/,https://farmrpg.com/img/items/shell_necklace.png,/img/items/shell_necklace.png,shell_necklace.png,shell_necklace,,existing,,shell_necklace-20207e447d18.png,generated/item-icons/shell_necklace-20207e447d18.png,,Observed from cached Buddy page-data item image; review before asset download or canonical promotion.
Seaweed,seaweed,seaweed,https://buddy.farm/i/seaweed/,https://farmrpg.com/img/items/fishing_75_t.png,/img/items/fishing_75_t.png,fishing_75_t.png,fishing_75_t,,existing,,fishing_75_t-0a2f625fcdcb.png,generated/item-icons/fishing_75_t-0a2f625fcdcb.png,,Observed from cached Buddy page-data item image; review before asset download or canonical promotion.
Seeing Stone,seeing stone,seeing-stone,https://buddy.farm/i/seeing-stone/,https://farmrpg.com/img/items/5557.png?4,/img/items/5557.png,5557.png,5557,5557,existing,,5557-49a17bbd253a.png,generated/item-icons/5557-49a17bbd253a.png,,Observed from cached Buddy page-data item image; review before asset download or canonical promotion.
Seeker,seeker,seeker,https://buddy.farm/i/seeker/,https://farmrpg.com/img/items/seeker.png,/img/items/seeker.png,seeker.png,seeker,,existing,,seeker-e3865f9c0055.png,generated/item-icons/seeker-e3865f9c0055.png,,Observed from cached Buddy page-data item image; review before asset download or canonical promotion.
Serpent Eel,serpent eel,serpent-eel,https://buddy.farm/i/serpent-eel/,https://farmrpg.com/img/items/7817.png,/img/items/7817.png,7817.png,7817,7817,existing,,7817-11361197ee5d.png,generated/item-icons/7817-11361197ee5d.png,,Observed from cached Buddy page-data item image; review before asset download or canonical promotion.
Serpent of Trym,serpent of trym,serpent-of-trym,https://buddy.farm/i/serpent-of-trym/,https://farmrpg.com/img/items/3320.png,/img/items/3320.png,3320.png,3320,3320,existing,,3320-77fe3484f207.png,generated/item-icons/3320-77fe3484f207.png,,Observed from cached Buddy page-data item image; review before asset download or canonical promotion.
Sewing Needle,sewing needle,sewing-needle,https://buddy.farm/i/sewing-needle/,https://farmrpg.com/img/items/needle.png,/img/items/needle.png,needle.png,needle,,existing,,needle-62679a2e6dc4.png,generated/item-icons/needle-62679a2e6dc4.png,,Observed from cached Buddy page-data item image; review before asset download or canonical promotion.
Shadow Bloom,shadow bloom,shadow-bloom,https://buddy.farm/i/shadow-bloom/,https://farmrpg.com/img/items/blackflower.png,/img/items/blackflower.png,blackflower.png,blackflower,,existing,,blackflower-d38a0ed4f728.png,generated/item-icons/blackflower-d38a0ed4f728.png,,Observed from cached Buddy page-data item image; review before asset download or canonical promotion.
Shamrock Milk,shamrock milk,shamrock-milk,https://buddy.farm/i/shamrock-milk/,https://farmrpg.com/img/items/shamrock_milk.png,/img/items/shamrock_milk.png,shamrock_milk.png,shamrock_milk,,existing,,shamrock_milk-132dd0dcfc23.png,generated/item-icons/shamrock_milk-132dd0dcfc23.png,,Observed from cached Buddy page-data item image; review before asset download or canonical promotion.
Shark Jaws,shark jaws,shark-jaws,https://buddy.farm/i/shark-jaws/,https://farmrpg.com/img/items/370.png,/img/items/370.png,370.png,370,370,existing,,370-7636bf6f0664.png,generated/item-icons/370-7636bf6f0664.png,,Observed from cached Buddy page-data item image; review before asset download or canonical promotion.
Shark Tooth,shark tooth,shark-tooth,https://buddy.farm/i/shark-tooth/,https://farmrpg.com/img/items/sharktooth.png,/img/items/sharktooth.png,sharktooth.png,sharktooth,,existing,,sharktooth-6ad9f2137376.png,generated/item-icons/sharktooth-6ad9f2137376.png,,Observed from cached Buddy page-data item image; review before asset download or canonical promotion.
Shillelagh,shillelagh,shillelagh,https://buddy.farm/i/shillelagh/,https://farmrpg.com/img/items/irishstick.png,/img/items/irishstick.png,irishstick.png,irishstick,,existing,,irishstick-3bfb8ec74b14.png,generated/item-icons/irishstick-3bfb8ec74b14.png,,Observed from cached Buddy page-data item image; review before asset download or canonical promotion.
Shimmer Quartz,shimmer quartz,shimmer-quartz,https://buddy.farm/i/shimmer-quartz/,https://farmrpg.com/img/items/5707.PNG,/img/items/5707.PNG,5707.PNG,5707,5707,existing,,5707-c44dad7f53cf.png,generated/item-icons/5707-c44dad7f53cf.png,,Observed from cached Buddy page-data item image; review before asset download or canonical promotion.
Shimmer Ring,shimmer ring,shimmer-ring,https://buddy.farm/i/shimmer-ring/,https://farmrpg.com/img/items/shimmertopazring.png,/img/items/shimmertopazring.png,shimmertopazring.png,shimmertopazring,,existing,,shimmertopazring-ace5ca5591ad.png,generated/item-icons/shimmertopazring-ace5ca5591ad.png,,Observed from cached Buddy page-data item image; review before asset download or canonical promotion.
Shimmer Stone,shimmer stone,shimmer-stone,https://buddy.farm/i/shimmer-stone/,https://farmrpg.com/img/items/5711.PNG,/img/items/5711.PNG,5711.PNG,5711,5711,existing,,5711-24d6577f3701.png,generated/item-icons/5711-24d6577f3701.png,,Observed from cached Buddy page-data item image; review before asset download or canonical promotion.
Shimmer Topaz,shimmer topaz,shimmer-topaz,https://buddy.farm/i/shimmer-topaz/,https://farmrpg.com/img/items/8055.png,/img/items/8055.png,8055.png,8055,8055,existing,,8055-8676e2d0e389.png,generated/item-icons/8055-8676e2d0e389.png,,Observed from cached Buddy page-data item image; review before asset download or canonical promotion.
Shinefish,shinefish,shinefish,https://buddy.farm/i/shinefish/,https://farmrpg.com/img/items/fishing_112_t.png,/img/items/fishing_112_t.png,fishing_112_t.png,fishing_112_t,,existing,,fishing_112_t-9eaa9342c000.png,generated/item-icons/fishing_112_t-9eaa9342c000.png,,Observed from cached Buddy page-data item image; review before asset download or canonical promotion.
Shiny Beetle,shiny beetle,shiny-beetle,https://buddy.farm/i/shiny-beetle/,https://farmrpg.com/img/items/beetle.png,/img/items/beetle.png,beetle.png,beetle,,existing,,beetle-f7ba2ffdfe19.png,generated/item-icons/beetle-f7ba2ffdfe19.png,,Observed from cached Buddy page-data item image; review before asset download or canonical promotion.
Shiny Present,shiny present,shiny-present,https://buddy.farm/i/shiny-present/,https://farmrpg.com/img/items/shinypresent.png,/img/items/shinypresent.png,shinypresent.png,shinypresent,,existing,,shinypresent-43ff7e69b7c2.png,generated/item-icons/shinypresent-43ff7e69b7c2.png,,Observed from cached Buddy page-data item image; review before asset download or canonical promotion.
Ship in a Bottle,ship in a bottle,ship-in-a-bottle,https://buddy.farm/i/ship-in-a-bottle/,https://farmrpg.com/img/items/shipinabottle.png?3,/img/items/shipinabottle.png,shipinabottle.png,shipinabottle,,existing,,shipinabottle-3ed88521115c.png,generated/item-icons/shipinabottle-3ed88521115c.png,,Observed from cached Buddy page-data item image; review before asset download or canonical promotion.
Ship Mast,ship mast,ship-mast,https://buddy.farm/i/ship-mast/,https://farmrpg.com/img/items/viri_4089.png,/img/items/viri_4089.png,viri_4089.png,viri_4089,,existing,,viri_4089-ecbd723a0ab2.png,generated/item-icons/viri_4089-ecbd723a0ab2.png,,Observed from cached Buddy page-data item image; review before asset download or canonical promotion.
Ship Wheel,ship wheel,ship-wheel,https://buddy.farm/i/ship-wheel/,https://farmrpg.com/img/items/pirates_63_t.png?1,/img/items/pirates_63_t.png,pirates_63_t.png,pirates_63_t,,existing,,pirates_63_t-20bcdf13797a.png,generated/item-icons/pirates_63_t-20bcdf13797a.png,,Observed from cached Buddy page-data item image; review before asset download or canonical promotion.
Shovel,shovel,shovel,https://buddy.farm/i/shovel/,https://farmrpg.com/img/items/5853.png?1,/img/items/5853.png,5853.png,5853,5853,existing,,5853-be011a7303b5.png,generated/item-icons/5853-be011a7303b5.png,,Observed from cached Buddy page-data item image; review before asset download or canonical promotion.
Shrimp,shrimp,shrimp,https://buddy.farm/i/shrimp/,https://farmrpg.com/img/items/7844.PNG,/img/items/7844.PNG,7844.PNG,7844,7844,existing,,7844-7d30ae16daf4.png,generated/item-icons/7844-7d30ae16daf4.png,,Observed from cached Buddy page-data item image; review before asset download or canonical promotion.
Shrimp-a-Plenty,shrimp a plenty,shrimp-a-plenty,https://buddy.farm/i/shrimp-a-plenty/,https://farmrpg.com/img/items/shrimpgreensmix.png,/img/items/shrimpgreensmix.png,shrimpgreensmix.png,shrimpgreensmix,,existing,,shrimpgreensmix-9883fa171219.png,generated/item-icons/shrimpgreensmix-9883fa171219.png,,Observed from cached Buddy page-data item image; review before asset download or canonical promotion.
Silk,silk,silk,https://buddy.farm/i/silk/,https://farmrpg.com/img/items/silk.png,/img/items/silk.png,silk.png,silk,,existing,,silk-86ef383dda06.png,generated/item-icons/silk-86ef383dda06.png,,Observed from cached Buddy page-data item image; review before asset download or canonical promotion.
Sinkroot,sinkroot,sinkroot,https://buddy.farm/i/sinkroot/,https://farmrpg.com/img/items/3488.png,/img/items/3488.png,3488.png,3488,3488,existing,,3488-943e439924d8.png,generated/item-icons/3488-943e439924d8.png,,Observed from cached Buddy page-data item image; review before asset download or canonical promotion.
Skeleton Key,skeleton key,skeleton-key,https://buddy.farm/i/skeleton-key/,https://farmrpg.com/img/items/skelkey.png,/img/items/skelkey.png,skelkey.png,skelkey,,existing,,skelkey-531b30590e01.png,generated/item-icons/skelkey-531b30590e01.png,,Observed from cached Buddy page-data item image; review before asset download or canonical promotion.
Skipjack,skipjack,skipjack,https://buddy.farm/i/skipjack/,https://farmrpg.com/img/items/7790.png,/img/items/7790.png,7790.png,7790,7790,existing,,7790-ffe2656a8129.png,generated/item-icons/7790-ffe2656a8129.png,,Observed from cached Buddy page-data item image; review before asset download or canonical promotion.
Skull Coin,skull coin,skull-coin,https://buddy.farm/i/skull-coin/,https://farmrpg.com/img/items/7286.png,/img/items/7286.png,7286.png,7286,7286,existing,,7286-6c1c4a6abd39.png,generated/item-icons/7286-6c1c4a6abd39.png,,Observed from cached Buddy page-data item image; review before asset download or canonical promotion.
Skull-in-the-box,skull in the box,skull-in-the-box,https://buddy.farm/i/skull-in-the-box/,https://farmrpg.com/img/items/1584.png,/img/items/1584.png,1584.png,1584,1584,existing,,1584-5a918fa19491.png,generated/item-icons/1584-5a918fa19491.png,,Observed from cached Buddy page-data item image; review before asset download or canonical promotion.
Slime Bucket,slime bucket,slime-bucket,https://buddy.farm/i/slime-bucket/,https://farmrpg.com/img/items/bucket_of_slime.png,/img/items/bucket_of_slime.png,bucket_of_slime.png,bucket_of_slime,,existing,,bucket_of_slime-c7407d0ebad7.png,generated/item-icons/bucket_of_slime-c7407d0ebad7.png,,Observed from cached Buddy page-data item image; review before asset download or canonical promotion.
Slime Buddy Doll,slime buddy doll,slime-buddy-doll,https://buddy.farm/i/slime-buddy-doll/,https://farmrpg.com/img/items/slimebuddydoll2.png,/img/items/slimebuddydoll2.png,slimebuddydoll2.png,slimebuddydoll2,,existing,,slimebuddydoll2-d5074e2ca6de.png,generated/item-icons/slimebuddydoll2-d5074e2ca6de.png,,Observed from cached Buddy page-data item image; review before asset download or canonical promotion.
Slime Egg Shell,slime egg shell,slime-egg-shell,https://buddy.farm/i/slime-egg-shell/,https://farmrpg.com/img/items/afk_8847.png,/img/items/afk_8847.png,afk_8847.png,afk_8847,,existing,,afk_8847-907795348288.png,generated/item-icons/afk_8847-907795348288.png,,Observed from cached Buddy page-data item image; review before asset download or canonical promotion.
Slimeback,slimeback,slimeback,https://buddy.farm/i/slimeback/,https://farmrpg.com/img/items/slimeback.png,/img/items/slimeback.png,slimeback.png,slimeback,,existing,,slimeback-be15deb75b5e.png,generated/item-icons/slimeback-be15deb75b5e.png,,Observed from cached Buddy page-data item image; review before asset download or canonical promotion.
Slimed Buddy Doll,slimed buddy doll,slimed-buddy-doll,https://buddy.farm/i/slimed-buddy-doll/,https://farmrpg.com/img/items/Slimedbusdydoll.png,/img/items/Slimedbusdydoll.png,Slimedbusdydoll.png,Slimedbusdydoll,,downloaded,200,Slimedbusdydoll-77bdc58125ff.png,generated/item-icons/Slimedbusdydoll-77bdc58125ff.png,,Observed from cached Buddy page-data item image; review before asset download or canonical promotion.
Slimestone,slimestone,slimestone,https://buddy.farm/i/slimestone/,https://farmrpg.com/img/items/5655.png,/img/items/5655.png,5655.png,5655,5655,existing,,5655-1a5ffa990780.png,generated/item-icons/5655-1a5ffa990780.png,,Observed from cached Buddy page-data item image; review before asset download or canonical promotion.
Sling Blade,sling blade,sling-blade,https://buddy.farm/i/sling-blade/,https://farmrpg.com/img/items/8974.png,/img/items/8974.png,8974.png,8974,8974,existing,,8974-f9e4540bdc71.png,generated/item-icons/8974-f9e4540bdc71.png,,Observed from cached Buddy page-data item image; review before asset download or canonical promotion.
Slobster,slobster,slobster,https://buddy.farm/i/slobster/,https://farmrpg.com/img/items/goobster.png,/img/items/goobster.png,goobster.png,goobster,,existing,,goobster-24fcbc97f67d.png,generated/item-icons/goobster-24fcbc97f67d.png,,Observed from cached Buddy page-data item image; review before asset download or canonical promotion.
Small Bolt,small bolt,small-bolt,https://buddy.farm/i/small-bolt/,https://farmrpg.com/img/items/9374.PNG,/img/items/9374.PNG,9374.PNG,9374,9374,existing,,9374-a3b0ee5ae103.png,generated/item-icons/9374-a3b0ee5ae103.png,,Observed from cached Buddy page-data item image; review before asset download or canonical promotion.
Small Chest 01,small chest 01,small-chest-01,https://buddy.farm/i/small-chest-01/,https://farmrpg.com/img/items/4493.png,/img/items/4493.png,4493.png,4493,4493,existing,,4493-95bca2fe85e4.png,generated/item-icons/4493-95bca2fe85e4.png,,Observed from cached Buddy page-data item image; review before asset download or canonical promotion.
Small Chest 02,small chest 02,small-chest-02,https://buddy.farm/i/small-chest-02/,https://farmrpg.com/img/items/4493.png,/img/items/4493.png,4493.png,4493,4493,reused,,4493-95bca2fe85e4.png,generated/item-icons/4493-95bca2fe85e4.png,,Observed from cached Buddy page-data item image; review before asset download or canonical promotion.
Small Flute,small flute,small-flute,https://buddy.farm/i/small-flute/,https://farmrpg.com/img/items/5255.png?1,/img/items/5255.png,5255.png,5255,5255,existing,,5255-d7266bb5d9bc.png,generated/item-icons/5255-d7266bb5d9bc.png,,Observed from cached Buddy page-data item image; review before asset download or canonical promotion.
Small Gear,small gear,small-gear,https://buddy.farm/i/small-gear/,https://farmrpg.com/img/items/9388.png,/img/items/9388.png,9388.png,9388,9388,existing,,9388-d1120acee67b.png,generated/item-icons/9388-d1120acee67b.png,,Observed from cached Buddy page-data item image; review before asset download or canonical promotion.
Small Key,small key,small-key,https://buddy.farm/i/small-key/,https://farmrpg.com/img/items/basickey.png,/img/items/basickey.png,basickey.png,basickey,,existing,,basickey-cadd0e4d2dc3.png,generated/item-icons/basickey-cadd0e4d2dc3.png,,Observed from cached Buddy page-data item image; review before asset download or canonical promotion.
Small Prawn,small prawn,small-prawn,https://buddy.farm/i/small-prawn/,https://farmrpg.com/img/items/7826.PNG,/img/items/7826.PNG,7826.PNG,7826,7826,existing,,7826-7d5736f30801.png,generated/item-icons/7826-7d5736f30801.png,,Observed from cached Buddy page-data item image; review before asset download or canonical promotion.
Small Screw,small screw,small-screw,https://buddy.farm/i/small-screw/,https://farmrpg.com/img/items/9380.png,/img/items/9380.png,9380.png,9380,9380,existing,,9380-1d6664a5fae3.png,generated/item-icons/9380-1d6664a5fae3.png,,Observed from cached Buddy page-data item image; review before asset download or canonical promotion.
Small Spring,small spring,small-spring,https://buddy.farm/i/small-spring/,https://farmrpg.com/img/items/5633.png,/img/items/5633.png,5633.png,5633,5633,existing,,5633-2571a9515025.png,generated/item-icons/5633-2571a9515025.png,,Observed from cached Buddy page-data item image; review before asset download or canonical promotion.
Smart Buddy Doll,smart buddy doll,smart-buddy-doll,https://buddy.farm/i/smart-buddy-doll/,https://farmrpg.com/img/items/nerdy_buddy_doll.png,/img/items/nerdy_buddy_doll.png,nerdy_buddy_doll.png,nerdy_buddy_doll,,existing,,nerdy_buddy_doll-dfab35699435.png,generated/item-icons/nerdy_buddy_doll-dfab35699435.png,,Observed from cached Buddy page-data item image; review before asset download or canonical promotion.
Snail,snail,snail,https://buddy.farm/i/snail/,https://farmrpg.com/img/items/snail.png,/img/items/snail.png,snail.png,snail,,existing,,snail-7aecf0b36e3d.png,generated/item-icons/snail-7aecf0b36e3d.png,,Observed from cached Buddy page-data item image; review before asset download or canonical promotion.
Snow Globe,snow globe,snow-globe,https://buddy.farm/i/snow-globe/,https://farmrpg.com/img/items/21_sm.png,/img/items/21_sm.png,21_sm.png,21_sm,,existing,,21_sm-ab96a18e330b.png,generated/item-icons/21_sm-ab96a18e330b.png,,Observed from cached Buddy page-data item image; review before asset download or canonical promotion.
Snow Shoes,snow shoes,snow-shoes,https://buddy.farm/i/snow-shoes/,https://farmrpg.com/img/items/snowshoes.png,/img/items/snowshoes.png,snowshoes.png,snowshoes,,existing,,snowshoes-64e192434591.png,generated/item-icons/snowshoes-64e192434591.png,,Observed from cached Buddy page-data item image; review before asset download or canonical promotion.
Snowball,snowball,snowball,https://buddy.farm/i/snowball/,https://farmrpg.com/img/items/cr_t_07.png,/img/items/cr_t_07.png,cr_t_07.png,cr_t_07,,existing,,cr_t_07-e559428ac760.png,generated/item-icons/cr_t_07-e559428ac760.png,,Observed from cached Buddy page-data item image; review before asset download or canonical promotion.
Snowball Cup,snowball cup,snowball-cup,https://buddy.farm/i/snowball-cup/,https://farmrpg.com/img/items/snowcup.png,/img/items/snowcup.png,snowcup.png,snowcup,,existing,,snowcup-ffa85d4b488f.png,generated/item-icons/snowcup-ffa85d4b488f.png,,Observed from cached Buddy page-data item image; review before asset download or canonical promotion.
Snowflakes,snowflakes,snowflakes,https://buddy.farm/i/snowflakes/,https://farmrpg.com/img/items/snowflakes.png,/img/items/snowflakes.png,snowflakes.png,snowflakes,,existing,,snowflakes-e087d99959a4.png,generated/item-icons/snowflakes-e087d99959a4.png,,Observed from cached Buddy page-data item image; review before asset download or canonical promotion.
Snowman,snowman,snowman,https://buddy.farm/i/snowman/,https://farmrpg.com/img/items/cr_t_08.png,/img/items/cr_t_08.png,cr_t_08.png,cr_t_08,,existing,,cr_t_08-37eb3c74014a.png,generated/item-icons/cr_t_08-37eb3c74014a.png,,Observed from cached Buddy page-data item image; review before asset download or canonical promotion.
Snowman Buddy Doll,snowman buddy doll,snowman-buddy-doll,https://buddy.farm/i/snowman-buddy-doll/,https://farmrpg.com/img/items/Snowman_Buddy_doll.png,/img/items/Snowman_Buddy_doll.png,Snowman_Buddy_doll.png,Snowman_Buddy_doll,,existing,,Snowman_Buddy_doll-56dfe9db04ea.png,generated/item-icons/Snowman_Buddy_doll-56dfe9db04ea.png,,Observed from cached Buddy page-data item image; review before asset download or canonical promotion.
Soap,soap,soap,https://buddy.farm/i/soap/,https://farmrpg.com/img/items/soap_r.png,/img/items/soap_r.png,soap_r.png,soap_r,,existing,,soap_r-fdc1f5958cb1.png,generated/item-icons/soap_r-fdc1f5958cb1.png,,Observed from cached Buddy page-data item image; review before asset download or canonical promotion.
Sol Orb,sol orb,sol-orb,https://buddy.farm/i/sol-orb/,https://farmrpg.com/img/items/solorb.png,/img/items/solorb.png,solorb.png,solorb,,existing,,solorb-7ba2e8bdfc3f.png,generated/item-icons/solorb-7ba2e8bdfc3f.png,,Observed from cached Buddy page-data item image; review before asset download or canonical promotion.
Sombrero,sombrero,sombrero,https://buddy.farm/i/sombrero/,https://farmrpg.com/img/items/sombrero.png,/img/items/sombrero.png,sombrero.png,sombrero,,existing,,sombrero-f464b840d2ad.png,generated/item-icons/sombrero-f464b840d2ad.png,,Observed from cached Buddy page-data item image; review before asset download or canonical promotion.
Sour Root,sour root,sour-root,https://buddy.farm/i/sour-root/,https://farmrpg.com/img/items/ForestIcons_11_t.png,/img/items/ForestIcons_11_t.png,ForestIcons_11_t.png,ForestIcons_11_t,,existing,,ForestIcons_11_t-03f4343ad928.png,generated/item-icons/ForestIcons_11_t-03f4343ad928.png,,Observed from cached Buddy page-data item image; review before asset download or canonical promotion.
Spades,spades,spades,https://buddy.farm/i/spades/,https://farmrpg.com/img/items/card_spades.png,/img/items/card_spades.png,card_spades.png,card_spades,,existing,,card_spades-f9091a051577.png,generated/item-icons/card_spades-f9091a051577.png,,Observed from cached Buddy page-data item image; review before asset download or canonical promotion.
Speckled Grouper,speckled grouper,speckled-grouper,https://buddy.farm/i/speckled-grouper/,https://farmrpg.com/img/items/3281.png,/img/items/3281.png,3281.png,3281,3281,existing,,3281-eb3072352500.png,generated/item-icons/3281-eb3072352500.png,,Observed from cached Buddy page-data item image; review before asset download or canonical promotion.
Spectacles,spectacles,spectacles,https://buddy.farm/i/spectacles/,https://farmrpg.com/img/items/5392.png,/img/items/5392.png,5392.png,5392,5392,existing,,5392-cb4bf1cc8e50.png,generated/item-icons/5392-cb4bf1cc8e50.png,,Observed from cached Buddy page-data item image; review before asset download or canonical promotion.
Spider,spider,spider,https://buddy.farm/i/spider/,https://farmrpg.com/img/items/spiderbutcutererr.png,/img/items/spiderbutcutererr.png,spiderbutcutererr.png,spiderbutcutererr,,existing,,spiderbutcutererr-d6c3a65b6a1b.png,generated/item-icons/spiderbutcutererr-d6c3a65b6a1b.png,,Observed from cached Buddy page-data item image; review before asset download or canonical promotion.
Spiked Shell,spiked shell,spiked-shell,https://buddy.farm/i/spiked-shell/,https://farmrpg.com/img/items/spikey.png,/img/items/spikey.png,spikey.png,spikey,,existing,,spikey-c1b73420307f.png,generated/item-icons/spikey-c1b73420307f.png,,Observed from cached Buddy page-data item image; review before asset download or canonical promotion.
Spiky Bracelet,spiky bracelet,spiky-bracelet,https://buddy.farm/i/spiky-bracelet/,https://farmrpg.com/img/items/5175.png,/img/items/5175.png,5175.png,5175,5175,existing,,5175-df6140f68ed8.png,generated/item-icons/5175-df6140f68ed8.png,,Observed from cached Buddy page-data item image; review before asset download or canonical promotion.
Spiral Shell,spiral shell,spiral-shell,https://buddy.farm/i/spiral-shell/,https://farmrpg.com/img/items/7878.png,/img/items/7878.png,7878.png,7878,7878,existing,,7878-b29d264c6d1b.png,generated/item-icons/7878-b29d264c6d1b.png,,Observed from cached Buddy page-data item image; review before asset download or canonical promotion.
Splatfish,splatfish,splatfish,https://buddy.farm/i/splatfish/,https://farmrpg.com/img/items/splatterfish.png,/img/items/splatterfish.png,splatterfish.png,splatterfish,,existing,,splatterfish-86c972ce6f1e.png,generated/item-icons/splatterfish-86c972ce6f1e.png,,Observed from cached Buddy page-data item image; review before asset download or canonical promotion.
Sponge,sponge,sponge,https://buddy.farm/i/sponge/,https://farmrpg.com/img/items/sponge.png?3,/img/items/sponge.png,sponge.png,sponge,,existing,,sponge-fa118815d4c2.png,generated/item-icons/sponge-fa118815d4c2.png,,Observed from cached Buddy page-data item image; review before asset download or canonical promotion.
Spooky Cookies,spooky cookies,spooky-cookies,https://buddy.farm/i/spooky-cookies/,https://farmrpg.com/img/items/854.png,/img/items/854.png,854.png,854,854,existing,,854-d19c7ac86f05.png,generated/item-icons/854-d19c7ac86f05.png,,Observed from cached Buddy page-data item image; review before asset download or canonical promotion.
Spooky Doll,spooky doll,spooky-doll,https://buddy.farm/i/spooky-doll/,https://farmrpg.com/img/items/3827.png,/img/items/3827.png,3827.png,3827,3827,existing,,3827-22a6fa90a383.png,generated/item-icons/3827-22a6fa90a383.png,,Observed from cached Buddy page-data item image; review before asset download or canonical promotion.
Spooky Pie,spooky pie,spooky-pie,https://buddy.farm/i/spooky-pie/,https://farmrpg.com/img/items/923.png,/img/items/923.png,923.png,923,923,existing,,923-2cf0910fd193.png,generated/item-icons/923-2cf0910fd193.png,,Observed from cached Buddy page-data item image; review before asset download or canonical promotion.
Spooky Scarecrow,spooky scarecrow,spooky-scarecrow,https://buddy.farm/i/spooky-scarecrow/,https://farmrpg.com/img/items/scarecrow.png,/img/items/scarecrow.png,scarecrow.png,scarecrow,,existing,,scarecrow-3e51091dfe42.png,generated/item-icons/scarecrow-3e51091dfe42.png,,Observed from cached Buddy page-data item image; review before asset download or canonical promotion.
Spooky Slime,spooky slime,spooky-slime,https://buddy.farm/i/spooky-slime/,https://farmrpg.com/img/items/afk_9541.png,/img/items/afk_9541.png,afk_9541.png,afk_9541,,existing,,afk_9541-4a9e264f8f89.png,generated/item-icons/afk_9541-4a9e264f8f89.png,,Observed from cached Buddy page-data item image; review before asset download or canonical promotion.
Spool of Copper,spool of copper,spool-of-copper,https://buddy.farm/i/spool-of-copper/,https://farmrpg.com/img/items/9324.png,/img/items/9324.png,9324.png,9324,9324,existing,,9324-dda2fb891214.png,generated/item-icons/9324-dda2fb891214.png,,Observed from cached Buddy page-data item image; review before asset download or canonical promotion.
Spoon,spoon,spoon,https://buddy.farm/i/spoon/,https://farmrpg.com/img/items/2473.png,/img/items/2473.png,2473.png,2473,2473,existing,,2473-ef3aceb1f824.png,generated/item-icons/2473-ef3aceb1f824.png,,Observed from cached Buddy page-data item image; review before asset download or canonical promotion.
Sporefly,sporefly,sporefly,https://buddy.farm/i/sporefly/,https://farmrpg.com/img/items/1916.png,/img/items/1916.png,1916.png,1916,1916,existing,,1916-16b7cf429c87.png,generated/item-icons/1916-16b7cf429c87.png,,Observed from cached Buddy page-data item image; review before asset download or canonical promotion.
Spring Bangle,spring bangle,spring-bangle,https://buddy.farm/i/spring-bangle/,https://farmrpg.com/img/items/615.png,/img/items/615.png,615.png,615,615,existing,,615-a3db195fd86a.png,generated/item-icons/615-a3db195fd86a.png,,Observed from cached Buddy page-data item image; review before asset download or canonical promotion.
Spring Basket 01,spring basket 01,spring-basket-01,https://buddy.farm/i/spring-basket-01/,https://farmrpg.com/img/items/springbasket.png,/img/items/springbasket.png,springbasket.png,springbasket,,existing,,springbasket-ed2574f1160e.png,generated/item-icons/springbasket-ed2574f1160e.png,,Observed from cached Buddy page-data item image; review before asset download or canonical promotion.
Spring Basket 02,spring basket 02,spring-basket-02,https://buddy.farm/i/spring-basket-02/,https://farmrpg.com/img/items/springbasket.png,/img/items/springbasket.png,springbasket.png,springbasket,,reused,,springbasket-ed2574f1160e.png,generated/item-icons/springbasket-ed2574f1160e.png,,Observed from cached Buddy page-data item image; review before asset download or canonical promotion.
Spring Basket 03,spring basket 03,spring-basket-03,https://buddy.farm/i/spring-basket-03/,https://farmrpg.com/img/items/springbasket.png,/img/items/springbasket.png,springbasket.png,springbasket,,reused,,springbasket-ed2574f1160e.png,generated/item-icons/springbasket-ed2574f1160e.png,,Observed from cached Buddy page-data item image; review before asset download or canonical promotion.
Spring Seeds,spring seeds,spring-seeds,https://buddy.farm/i/spring-seeds/,https://farmrpg.com/img/items/seeds_spring.png?1,/img/items/seeds_spring.png,seeds_spring.png,seeds_spring,,existing,,seeds_spring-f5b49bce437e.png,generated/item-icons/seeds_spring-f5b49bce437e.png,,Observed from cached Buddy page-data item image; review before asset download or canonical promotion.
Square Key,square key,square-key,https://buddy.farm/i/square-key/,https://farmrpg.com/img/items/7179.png,/img/items/7179.png,7179.png,7179,7179,existing,,7179-e0488a1cae41.png,generated/item-icons/7179-e0488a1cae41.png,,Observed from cached Buddy page-data item image; review before asset download or canonical promotion.
Stack of Cards,stack of cards,stack-of-cards,https://buddy.farm/i/stack-of-cards/,https://farmrpg.com/img/items/stack_cards.png?2,/img/items/stack_cards.png,stack_cards.png,stack_cards,,existing,,stack_cards-87f174cf372f.png,generated/item-icons/stack_cards-87f174cf372f.png,,Observed from cached Buddy page-data item image; review before asset download or canonical promotion.
Star,star,star,https://buddy.farm/i/star/,https://farmrpg.com/img/items/29_sm.png,/img/items/29_sm.png,29_sm.png,29_sm,,existing,,29_sm-c2afb7e97696.png,generated/item-icons/29_sm-c2afb7e97696.png,,Observed from cached Buddy page-data item image; review before asset download or canonical promotion.
Star Bobblehead,star bobblehead,star-bobblehead,https://buddy.farm/i/star-bobblehead/,https://farmrpg.com/img/items/bobble_star.png,/img/items/bobble_star.png,bobble_star.png,bobble_star,,existing,,bobble_star-c0fe197544b0.png,generated/item-icons/bobble_star-c0fe197544b0.png,,Observed from cached Buddy page-data item image; review before asset download or canonical promotion.
Star's Treasure Map,star s treasure map,star-s-treasure-map,https://buddy.farm/i/star-s-treasure-map/,https://farmrpg.com/img/items/starmap1.png,/img/items/starmap1.png,starmap1.png,starmap1,,existing,,starmap1-417e8fe3a8e9.png,generated/item-icons/starmap1-417e8fe3a8e9.png,,Observed from cached Buddy page-data item image; review before asset download or canonical promotion.
Starfish,starfish,starfish,https://buddy.farm/i/starfish/,https://farmrpg.com/img/items/7821.png,/img/items/7821.png,7821.png,7821,7821,existing,,7821-f2eb98bae1f5.png,generated/item-icons/7821-f2eb98bae1f5.png,,Observed from cached Buddy page-data item image; review before asset download or canonical promotion.
Steak,steak,steak,https://buddy.farm/i/steak/,https://farmrpg.com/img/items/steak.png,/img/items/steak.png,steak.png,steak,,existing,,steak-ae234e1c1ced.png,generated/item-icons/steak-ae234e1c1ced.png,,Observed from cached Buddy page-data item image; review before asset download or canonical promotion.
Steak Kabob,steak kabob,steak-kabob,https://buddy.farm/i/steak-kabob/,https://farmrpg.com/img/items/8898.png,/img/items/8898.png,8898.png,8898,8898,existing,,8898-7840cbc035ca.png,generated/item-icons/8898-7840cbc035ca.png,,Observed from cached Buddy page-data item image; review before asset download or canonical promotion.
Steel,steel,steel,https://buddy.farm/i/steel/,https://farmrpg.com/img/items/6150.png,/img/items/6150.png,6150.png,6150,6150,existing,,6150-f35428aacc26.png,generated/item-icons/6150-f35428aacc26.png,,Observed from cached Buddy page-data item image; review before asset download or canonical promotion.
Steel Buckle,steel buckle,steel-buckle,https://buddy.farm/i/steel-buckle/,https://farmrpg.com/img/items/buckle.png?2,/img/items/buckle.png,buckle.png,buckle,,existing,,buckle-49225287b662.png,generated/item-icons/buckle-49225287b662.png,,Observed from cached Buddy page-data item image; review before asset download or canonical promotion.
Steel Pickaxe,steel pickaxe,steel-pickaxe,https://buddy.farm/i/steel-pickaxe/,https://farmrpg.com/img/items/5296b.png,/img/items/5296b.png,5296b.png,5296b,,existing,,5296b-14c9dcd73cf9.png,generated/item-icons/5296b-14c9dcd73cf9.png,,Observed from cached Buddy page-data item image; review before asset download or canonical promotion.
Steel Plate,steel plate,steel-plate,https://buddy.farm/i/steel-plate/,https://farmrpg.com/img/items/9313.png,/img/items/9313.png,9313.png,9313,9313,existing,,9313-3522e72628aa.png,generated/item-icons/9313-3522e72628aa.png,,Observed from cached Buddy page-data item image; review before asset download or canonical promotion.
Steel Soap Belt,steel soap belt,steel-soap-belt,https://buddy.farm/i/steel-soap-belt/,https://farmrpg.com/img/items/soapbelt.png,/img/items/soapbelt.png,soapbelt.png,soapbelt,,existing,,soapbelt-622152660b5c.png,generated/item-icons/soapbelt-622152660b5c.png,,Observed from cached Buddy page-data item image; review before asset download or canonical promotion.
Steel Vise,steel vise,steel-vise,https://buddy.farm/i/steel-vise/,https://farmrpg.com/img/items/199.png,/img/items/199.png,199.png,199,199,existing,,199-583a3adfbc81.png,generated/item-icons/199-583a3adfbc81.png,,Observed from cached Buddy page-data item image; review before asset download or canonical promotion.
Steel Wire,steel wire,steel-wire,https://buddy.farm/i/steel-wire/,https://farmrpg.com/img/items/wire.png,/img/items/wire.png,wire.png,wire,,existing,,wire-6030a718857b.png,generated/item-icons/wire-6030a718857b.png,,Observed from cached Buddy page-data item image; review before asset download or canonical promotion.
Step Ladder,step ladder,step-ladder,https://buddy.farm/i/step-ladder/,https://farmrpg.com/img/items/211.png,/img/items/211.png,211.png,211,211,existing,,211-b2b6e17d74b2.png,generated/item-icons/211-b2b6e17d74b2.png,,Observed from cached Buddy page-data item image; review before asset download or canonical promotion.
Stingray,stingray,stingray,https://buddy.farm/i/stingray/,https://farmrpg.com/img/items/7831.PNG,/img/items/7831.PNG,7831.PNG,7831,7831,existing,,7831-933f8c7f0037.png,generated/item-icons/7831-933f8c7f0037.png,,Observed from cached Buddy page-data item image; review before asset download or canonical promotion.
Stone,stone,stone,https://buddy.farm/i/stone/,https://farmrpg.com/img/items/6174.PNG,/img/items/6174.PNG,6174.PNG,6174,6174,existing,,6174-fa2524e09df3.png,generated/item-icons/6174-fa2524e09df3.png,,Observed from cached Buddy page-data item image; review before asset download or canonical promotion.
Stone Fragment,stone fragment,stone-fragment,https://buddy.farm/i/stone-fragment/,https://farmrpg.com/img/items/stonefragment.png,/img/items/stonefragment.png,stonefragment.png,stonefragment,,existing,,stonefragment-33d0b8b60ed8.png,generated/item-icons/stonefragment-33d0b8b60ed8.png,,Observed from cached Buddy page-data item image; review before asset download or canonical promotion.
Stone Jelly,stone jelly,stone-jelly,https://buddy.farm/i/stone-jelly/,https://farmrpg.com/img/items/stonejelly.png,/img/items/stonejelly.png,stonejelly.png,stonejelly,,existing,,stonejelly-11a5089ac367.png,generated/item-icons/stonejelly-11a5089ac367.png,,Observed from cached Buddy page-data item image; review before asset download or canonical promotion.
Stone Key,stone key,stone-key,https://buddy.farm/i/stone-key/,https://farmrpg.com/img/items/stonekey2.png,/img/items/stonekey2.png,stonekey2.png,stonekey2,,existing,,stonekey2-ccb2c2eb5b71.png,generated/item-icons/stonekey2-ccb2c2eb5b71.png,,Observed from cached Buddy page-data item image; review before asset download or canonical promotion.
Stone Shell,stone shell,stone-shell,https://buddy.farm/i/stone-shell/,https://farmrpg.com/img/items/stoneshell.png,/img/items/stoneshell.png,stoneshell.png,stoneshell,,existing,,stoneshell-7df34daa881b.png,generated/item-icons/stoneshell-7df34daa881b.png,,Observed from cached Buddy page-data item image; review before asset download or canonical promotion.
Stones of Gallodor,stones of gallodor,stones-of-gallodor,https://buddy.farm/i/stones-of-gallodor/,https://farmrpg.com/img/items/2606.png,/img/items/2606.png,2606.png,2606,2606,existing,,2606-abfcc4c3cf11.png,generated/item-icons/2606-abfcc4c3cf11.png,,Observed from cached Buddy page-data item image; review before asset download or canonical promotion.
Strange Gem,strange gem,strange-gem,https://buddy.farm/i/strange-gem/,https://farmrpg.com/img/items/5167.png,/img/items/5167.png,5167.png,5167,5167,existing,,5167-1bcb765a1458.png,generated/item-icons/5167-1bcb765a1458.png,,Observed from cached Buddy page-data item image; review before asset download or canonical promotion.
Strange Key 01,strange key 01,strange-key-01,https://buddy.farm/i/strange-key-01/,https://farmrpg.com/img/items/strangekey.png,/img/items/strangekey.png,strangekey.png,strangekey,,existing,,strangekey-fb382f711541.png,generated/item-icons/strangekey-fb382f711541.png,,Observed from cached Buddy page-data item image; review before asset download or canonical promotion.
Strange Letter,strange letter,strange-letter,https://buddy.farm/i/strange-letter/,https://farmrpg.com/img/items/7852.png,/img/items/7852.png,7852.png,7852,7852,existing,,7852-264284f47614.png,generated/item-icons/7852-264284f47614.png,,Observed from cached Buddy page-data item image; review before asset download or canonical promotion.
Strange Mushroom,strange mushroom,strange-mushroom,https://buddy.farm/i/strange-mushroom/,https://farmrpg.com/img/items/smush.png,/img/items/smush.png,smush.png,smush,,existing,,smush-d176d9c34587.png,generated/item-icons/smush-d176d9c34587.png,,Observed from cached Buddy page-data item image; review before asset download or canonical promotion.
Strange Ring,strange ring,strange-ring,https://buddy.farm/i/strange-ring/,https://farmrpg.com/img/items/onering.png,/img/items/onering.png,onering.png,onering,,existing,,onering-308a0f20216f.png,generated/item-icons/onering-308a0f20216f.png,,Observed from cached Buddy page-data item image; review before asset download or canonical promotion.
Strange Temple Necklace,strange temple necklace,strange-temple-necklace,https://buddy.farm/i/strange-temple-necklace/,https://farmrpg.com/img/items/9419.png,/img/items/9419.png,9419.png,9419,9419,existing,,9419-6a661aeb060e.png,generated/item-icons/9419-6a661aeb060e.png,,Observed from cached Buddy page-data item image; review before asset download or canonical promotion.
Straw,straw,straw,https://buddy.farm/i/straw/,https://farmrpg.com/img/items/5908.png,/img/items/5908.png,5908.png,5908,5908,existing,,5908-7baf065ec5d1.png,generated/item-icons/5908-7baf065ec5d1.png,,Observed from cached Buddy page-data item image; review before asset download or canonical promotion.
Strawberry Good Goods,strawberry good goods,strawberry-good-goods,https://buddy.farm/i/strawberry-good-goods/,https://farmrpg.com/img/items/strawberrycandy.png,/img/items/strawberrycandy.png,strawberrycandy.png,strawberrycandy,,existing,,strawberrycandy-df50915df61f.png,generated/item-icons/strawberrycandy-df50915df61f.png,,Observed from cached Buddy page-data item image; review before asset download or canonical promotion.
Striped Feather,striped feather,striped-feather,https://buddy.farm/i/striped-feather/,https://farmrpg.com/img/items/6005.png,/img/items/6005.png,6005.png,6005,6005,existing,,6005-9ff219278f7e.png,generated/item-icons/6005-9ff219278f7e.png,,Observed from cached Buddy page-data item image; review before asset download or canonical promotion.
Strong Paste,strong paste,strong-paste,https://buddy.farm/i/strong-paste/,https://farmrpg.com/img/items/strongpaste.png,/img/items/strongpaste.png,strongpaste.png,strongpaste,,existing,,strongpaste-1f1cc45efef8.png,generated/item-icons/strongpaste-1f1cc45efef8.png,,Observed from cached Buddy page-data item image; review before asset download or canonical promotion.
Sturdy Bow,sturdy bow,sturdy-bow,https://buddy.farm/i/sturdy-bow/,https://farmrpg.com/img/items/4765.png,/img/items/4765.png,4765.png,4765,4765,existing,,4765-483751872921.png,generated/item-icons/4765-483751872921.png,,Observed from cached Buddy page-data item image; review before asset download or canonical promotion.
Sturdy Box,sturdy box,sturdy-box,https://buddy.farm/i/sturdy-box/,https://farmrpg.com/img/items/5812.PNG,/img/items/5812.PNG,5812.PNG,5812,5812,existing,,5812-cab4b9aec51b.png,generated/item-icons/5812-cab4b9aec51b.png,,Observed from cached Buddy page-data item image; review before asset download or canonical promotion.
Sturdy Pickaxe,sturdy pickaxe,sturdy-pickaxe,https://buddy.farm/i/sturdy-pickaxe/,https://farmrpg.com/img/items/sturdypickaxe.png,/img/items/sturdypickaxe.png,sturdypickaxe.png,sturdypickaxe,,existing,,sturdypickaxe-6207ac2b5889.png,generated/item-icons/sturdypickaxe-6207ac2b5889.png,,Observed from cached Buddy page-data item image; review before asset download or canonical promotion.
Sturdy Saw,sturdy saw,sturdy-saw,https://buddy.farm/i/sturdy-saw/,https://farmrpg.com/img/items/318.png,/img/items/318.png,318.png,318,318,existing,,318-04872f989dec.png,generated/item-icons/318-04872f989dec.png,,Observed from cached Buddy page-data item image; review before asset download or canonical promotion.
Sturdy Shield,sturdy shield,sturdy-shield,https://buddy.farm/i/sturdy-shield/,https://farmrpg.com/img/items/5847.png,/img/items/5847.png,5847.png,5847,5847,existing,,5847-5c64c3ea3e12.png,generated/item-icons/5847-5c64c3ea3e12.png,,Observed from cached Buddy page-data item image; review before asset download or canonical promotion.
Sturdy Sword,sturdy sword,sturdy-sword,https://buddy.farm/i/sturdy-sword/,https://farmrpg.com/img/items/8927.png?1,/img/items/8927.png,8927.png,8927,8927,existing,,8927-3af891a1dde4.png,generated/item-icons/8927-3af891a1dde4.png,,Observed from cached Buddy page-data item image; review before asset download or canonical promotion.
Sugar Cane,sugar cane,sugar-cane,https://buddy.farm/i/sugar-cane/,https://farmrpg.com/img/items/scane.png,/img/items/scane.png,scane.png,scane,,existing,,scane-eb137c40b6db.png,generated/item-icons/scane-eb137c40b6db.png,,Observed from cached Buddy page-data item image; review before asset download or canonical promotion.
Sugar Cane Seeds,sugar cane seeds,sugar-cane-seeds,https://buddy.farm/i/sugar-cane-seeds/,https://farmrpg.com/img/items/scane_seeds.png,/img/items/scane_seeds.png,scane_seeds.png,scane_seeds,,existing,,scane_seeds-89cb0760ed69.png,generated/item-icons/scane_seeds-89cb0760ed69.png,,Observed from cached Buddy page-data item image; review before asset download or canonical promotion.
Sugar Cube,sugar cube,sugar-cube,https://buddy.farm/i/sugar-cube/,https://farmrpg.com/img/items/sugar_cube.png,/img/items/sugar_cube.png,sugar_cube.png,sugar_cube,,existing,,sugar_cube-b2b19ba179b2.png,generated/item-icons/sugar_cube-b2b19ba179b2.png,,Observed from cached Buddy page-data item image; review before asset download or canonical promotion.
Summer Basket,summer basket,summer-basket,https://buddy.farm/i/summer-basket/,https://farmrpg.com/img/items/basket.png,/img/items/basket.png,basket.png,basket,,existing,,basket-ad54f80fc0c2.png,generated/item-icons/basket-ad54f80fc0c2.png,,Observed from cached Buddy page-data item image; review before asset download or canonical promotion.
Sun Egg,sun egg,sun-egg,https://buddy.farm/i/sun-egg/,https://farmrpg.com/img/items/egg_sun.png,/img/items/egg_sun.png,egg_sun.png,egg_sun,,downloaded,200,egg_sun-70328e596d30.png,generated/item-icons/egg_sun-70328e596d30.png,,Observed from cached Buddy page-data item image; review before asset download or canonical promotion.
Sun Shades,sun shades,sun-shades,https://buddy.farm/i/sun-shades/,https://farmrpg.com/img/items/4221.png,/img/items/4221.png,4221.png,4221,4221,existing,,4221-b49ee8b24a08.png,generated/item-icons/4221-b49ee8b24a08.png,,Observed from cached Buddy page-data item image; review before asset download or canonical promotion.
Sunfish,sunfish,sunfish,https://buddy.farm/i/sunfish/,https://farmrpg.com/img/items/7802.png,/img/items/7802.png,7802.png,7802,7802,existing,,7802-6ea60d6f9921.png,generated/item-icons/7802-6ea60d6f9921.png,,Observed from cached Buddy page-data item image; review before asset download or canonical promotion.
Sunflower,sunflower,sunflower,https://buddy.farm/i/sunflower/,https://farmrpg.com/img/items/sunflower.png,/img/items/sunflower.png,sunflower.png,sunflower,,existing,,sunflower-bb3c54a7dcdc.png,generated/item-icons/sunflower-bb3c54a7dcdc.png,,Observed from cached Buddy page-data item image; review before asset download or canonical promotion.
Sunflower Oil,sunflower oil,sunflower-oil,https://buddy.farm/i/sunflower-oil/,https://farmrpg.com/img/items/nj_985.png,/img/items/nj_985.png,nj_985.png,nj_985,,existing,,nj_985-82ab040b78fd.png,generated/item-icons/nj_985-82ab040b78fd.png,,Observed from cached Buddy page-data item image; review before asset download or canonical promotion.
Sunflower Seeds,sunflower seeds,sunflower-seeds,https://buddy.farm/i/sunflower-seeds/,https://farmrpg.com/img/items/seeds_sunflower.png,/img/items/seeds_sunflower.png,seeds_sunflower.png,seeds_sunflower,,existing,,seeds_sunflower-0774be123607.png,generated/item-icons/seeds_sunflower-0774be123607.png,,Observed from cached Buddy page-data item image; review before asset download or canonical promotion.
Sunscreen,sunscreen,sunscreen,https://buddy.farm/i/sunscreen/,https://farmrpg.com/img/items/sunscreen.png,/img/items/sunscreen.png,sunscreen.png,sunscreen,,existing,,sunscreen-cf76694e6566.png,generated/item-icons/sunscreen-cf76694e6566.png,,Observed from cached Buddy page-data item image; review before asset download or canonical promotion.
Sunstone,sunstone,sunstone,https://buddy.farm/i/sunstone/,https://farmrpg.com/img/items/sunstone.png,/img/items/sunstone.png,sunstone.png,sunstone,,existing,,sunstone-9aa34d5647e7.png,generated/item-icons/sunstone-9aa34d5647e7.png,,Observed from cached Buddy page-data item image; review before asset download or canonical promotion.
Supply Bag 01,supply bag 01,supply-bag-01,https://buddy.farm/i/supply-bag-01/,https://farmrpg.com/img/items/BagsAndBoxes_30_t.png,/img/items/BagsAndBoxes_30_t.png,BagsAndBoxes_30_t.png,BagsAndBoxes_30_t,,existing,,BagsAndBoxes_30_t-20213a44f123.png,generated/item-icons/BagsAndBoxes_30_t-20213a44f123.png,,Observed from cached Buddy page-data item image; review before asset download or canonical promotion.
Supply Bag 02,supply bag 02,supply-bag-02,https://buddy.farm/i/supply-bag-02/,https://farmrpg.com/img/items/BagsAndBoxes_30_t.png,/img/items/BagsAndBoxes_30_t.png,BagsAndBoxes_30_t.png,BagsAndBoxes_30_t,,reused,,BagsAndBoxes_30_t-20213a44f123.png,generated/item-icons/BagsAndBoxes_30_t-20213a44f123.png,,Observed from cached Buddy page-data item image; review before asset download or canonical promotion.
Supply Crate 01,supply crate 01,supply-crate-01,https://buddy.farm/i/supply-crate-01/,https://farmrpg.com/img/items/BagsAndBoxes_17_t.png,/img/items/BagsAndBoxes_17_t.png,BagsAndBoxes_17_t.png,BagsAndBoxes_17_t,,existing,,BagsAndBoxes_17_t-c4f08c872c95.png,generated/item-icons/BagsAndBoxes_17_t-c4f08c872c95.png,,Observed from cached Buddy page-data item image; review before asset download or canonical promotion.
Supply Crate 02,supply crate 02,supply-crate-02,https://buddy.farm/i/supply-crate-02/,https://farmrpg.com/img/items/BagsAndBoxes_17_t.png,/img/items/BagsAndBoxes_17_t.png,BagsAndBoxes_17_t.png,BagsAndBoxes_17_t,,reused,,BagsAndBoxes_17_t-c4f08c872c95.png,generated/item-icons/BagsAndBoxes_17_t-c4f08c872c95.png,,Observed from cached Buddy page-data item image; review before asset download or canonical promotion.
Supply Voucher,supply voucher,supply-voucher,https://buddy.farm/i/supply-voucher/,https://farmrpg.com/img/items/voucher.png,/img/items/voucher.png,voucher.png,voucher,,existing,,voucher-56d162261922.png,generated/item-icons/voucher-56d162261922.png,,Observed from cached Buddy page-data item image; review before asset download or canonical promotion.
Support's Ticket,support s ticket,support-s-ticket,https://buddy.farm/i/support-s-ticket/,https://farmrpg.com/img/items/sticket.png,/img/items/sticket.png,sticket.png,sticket,,existing,,sticket-f73942bc3533.png,generated/item-icons/sticket-f73942bc3533.png,,Observed from cached Buddy page-data item image; review before asset download or canonical promotion.
Swamp Algae,swamp algae,swamp-algae,https://buddy.farm/i/swamp-algae/,https://farmrpg.com/img/items/3342.png,/img/items/3342.png,3342.png,3342,3342,existing,,3342-c157fcec8b78.png,generated/item-icons/3342-c157fcec8b78.png,,Observed from cached Buddy page-data item image; review before asset download or canonical promotion.
Swamp Gourd,swamp gourd,swamp-gourd,https://buddy.farm/i/swamp-gourd/,https://farmrpg.com/img/items/finp_382.png,/img/items/finp_382.png,finp_382.png,finp_382,,existing,,finp_382-f4384116fe74.png,generated/item-icons/finp_382-f4384116fe74.png,,Observed from cached Buddy page-data item image; review before asset download or canonical promotion.
Swamp Puzzle,swamp puzzle,swamp-puzzle,https://buddy.farm/i/swamp-puzzle/,https://farmrpg.com/img/items/puzzle3.png,/img/items/puzzle3.png,puzzle3.png,puzzle3,,existing,,puzzle3-12cf10ba9742.png,generated/item-icons/puzzle3-12cf10ba9742.png,,Observed from cached Buddy page-data item image; review before asset download or canonical promotion.
Swamp Thistle,swamp thistle,swamp-thistle,https://buddy.farm/i/swamp-thistle/,https://farmrpg.com/img/items/finp_634.png,/img/items/finp_634.png,finp_634.png,finp_634,,existing,,finp_634-31b75b67b8db.png,generated/item-icons/finp_634-31b75b67b8db.png,,Observed from cached Buddy page-data item image; review before asset download or canonical promotion.
Sweet Root,sweet root,sweet-root,https://buddy.farm/i/sweet-root/,https://farmrpg.com/img/items/5685.png,/img/items/5685.png,5685.png,5685,5685,existing,,5685-b68e5536d6aa.png,generated/item-icons/5685-b68e5536d6aa.png,,Observed from cached Buddy page-data item image; review before asset download or canonical promotion.
Swordfish,swordfish,swordfish,https://buddy.farm/i/swordfish/,https://farmrpg.com/img/items/4899.png,/img/items/4899.png,4899.png,4899,4899,existing,,4899-10f308fa08c5.png,generated/item-icons/4899-10f308fa08c5.png,,Observed from cached Buddy page-data item image; review before asset download or canonical promotion.
Tackle Box,tackle box,tackle-box,https://buddy.farm/i/tackle-box/,https://farmrpg.com/img/items/7847.png,/img/items/7847.png,7847.png,7847,7847,existing,,7847-c72ad3936e4d.png,generated/item-icons/7847-c72ad3936e4d.png,,Observed from cached Buddy page-data item image; review before asset download or canonical promotion.
Taco,taco,taco,https://buddy.farm/i/taco/,https://farmrpg.com/img/items/taco.png,/img/items/taco.png,taco.png,taco,,existing,,taco-0fba6980457c.png,generated/item-icons/taco-0fba6980457c.png,,Observed from cached Buddy page-data item image; review before asset download or canonical promotion.
Taffy,taffy,taffy,https://buddy.farm/i/taffy/,https://farmrpg.com/img/items/candy_t_11.png,/img/items/candy_t_11.png,candy_t_11.png,candy_t_11,,existing,,candy_t_11-4383d19f4aab.png,generated/item-icons/candy_t_11-4383d19f4aab.png,,Observed from cached Buddy page-data item image; review before asset download or canonical promotion.
Tanooki Buddy Doll,tanooki buddy doll,tanooki-buddy-doll,https://buddy.farm/i/tanooki-buddy-doll/,https://farmrpg.com/img/items/tanooki_buddy_doll.png,/img/items/tanooki_buddy_doll.png,tanooki_buddy_doll.png,tanooki_buddy_doll,,existing,,tanooki_buddy_doll-8d5075ec42c4.png,generated/item-icons/tanooki_buddy_doll-8d5075ec42c4.png,,Observed from cached Buddy page-data item image; review before asset download or canonical promotion.
Tea Leaves,tea leaves,tea-leaves,https://buddy.farm/i/tea-leaves/,https://farmrpg.com/img/items/5600.png,/img/items/5600.png,5600.png,5600,5600,existing,,5600-7433257b8758.png,generated/item-icons/5600-7433257b8758.png,,Observed from cached Buddy page-data item image; review before asset download or canonical promotion.
Teapot,teapot,teapot,https://buddy.farm/i/teapot/,https://farmrpg.com/img/items/teapot.png,/img/items/teapot.png,teapot.png,teapot,,existing,,teapot-e0d6051ed1db.png,generated/item-icons/teapot-e0d6051ed1db.png,,Observed from cached Buddy page-data item image; review before asset download or canonical promotion.
Teddy Bear,teddy bear,teddy-bear,https://buddy.farm/i/teddy-bear/,https://farmrpg.com/img/items/17_sm.png,/img/items/17_sm.png,17_sm.png,17_sm,,existing,,17_sm-193fa1f94a35.png,generated/item-icons/17_sm-193fa1f94a35.png,,Observed from cached Buddy page-data item image; review before asset download or canonical promotion.
Tenfoo's Lost Sock,tenfoo s lost sock,tenfoo-s-lost-sock,https://buddy.farm/i/tenfoo-s-lost-sock/,https://farmrpg.com/img/items/sock.png,/img/items/sock.png,sock.png,sock,,existing,,sock-95a4b59e0643.png,generated/item-icons/sock-95a4b59e0643.png,,Observed from cached Buddy page-data item image; review before asset download or canonical promotion.
Thank You Card,thank you card,thank-you-card,https://buddy.farm/i/thank-you-card/,https://farmrpg.com/img/items/card_thankyou.png,/img/items/card_thankyou.png,card_thankyou.png,card_thankyou,,existing,,card_thankyou-25084e30816e.png,generated/item-icons/card_thankyou-25084e30816e.png,,Observed from cached Buddy page-data item image; review before asset download or canonical promotion.
Thankful Notes,thankful notes,thankful-notes,https://buddy.farm/i/thankful-notes/,https://farmrpg.com/img/items/2379.png,/img/items/2379.png,2379.png,2379,2379,existing,,2379-4efd12e5b818.png,generated/item-icons/2379-4efd12e5b818.png,,Observed from cached Buddy page-data item image; review before asset download or canonical promotion.
Thomas Bobblehead,thomas bobblehead,thomas-bobblehead,https://buddy.farm/i/thomas-bobblehead/,https://farmrpg.com/img/items/bobble_thomas.png,/img/items/bobble_thomas.png,bobble_thomas.png,bobble_thomas,,existing,,bobble_thomas-00f8c4fe6319.png,generated/item-icons/bobble_thomas-00f8c4fe6319.png,,Observed from cached Buddy page-data item image; review before asset download or canonical promotion.
Thomas's Cat's Meow,thomas s cat s meow,thomas-s-cat-s-meow,https://buddy.farm/i/thomas-s-cat-s-meow/,https://farmrpg.com/img/items/recipe.png,/img/items/recipe.png,recipe.png,recipe,,reused,,recipe-ebec090231f1.png,generated/item-icons/recipe-ebec090231f1.png,,Observed from cached Buddy page-data item image; review before asset download or canonical promotion.
Thomas's Cup of PB,thomas s cup of pb,thomas-s-cup-of-pb,https://buddy.farm/i/thomas-s-cup-of-pb/,https://farmrpg.com/img/items/pbcup.png,/img/items/pbcup.png,pbcup.png,pbcup,,existing,,pbcup-cb5c35c9395b.png,generated/item-icons/pbcup-cb5c35c9395b.png,,Observed from cached Buddy page-data item image; review before asset download or canonical promotion.
Thomas's Red Velvet Cake,thomas s red velvet cake,thomas-s-red-velvet-cake,https://buddy.farm/i/thomas-s-red-velvet-cake/,https://farmrpg.com/img/items/recipe.png,/img/items/recipe.png,recipe.png,recipe,,reused,,recipe-ebec090231f1.png,generated/item-icons/recipe-ebec090231f1.png,,Observed from cached Buddy page-data item image; review before asset download or canonical promotion.
Thomas's Tavern Tote,thomas s tavern tote,thomas-s-tavern-tote,https://buddy.farm/i/thomas-s-tavern-tote/,https://farmrpg.com/img/items/7307.png,/img/items/7307.png,7307.png,7307,7307,existing,,7307-c0440ecf68f7.png,generated/item-icons/7307-c0440ecf68f7.png,,Observed from cached Buddy page-data item image; review before asset download or canonical promotion.
Thorns,thorns,thorns,https://buddy.farm/i/thorns/,https://farmrpg.com/img/items/ForestIcons_15_t.png,/img/items/ForestIcons_15_t.png,ForestIcons_15_t.png,ForestIcons_15_t,,existing,,ForestIcons_15_t-0b5a326d0bb7.png,generated/item-icons/ForestIcons_15_t-0b5a326d0bb7.png,,Observed from cached Buddy page-data item image; review before asset download or canonical promotion.
Tie Dye Scarf,tie dye scarf,tie-dye-scarf,https://buddy.farm/i/tie-dye-scarf/,https://farmrpg.com/img/items/tiedyescarf2.png,/img/items/tiedyescarf2.png,tiedyescarf2.png,tiedyescarf2,,existing,,tiedyescarf2-8b8273ae8ae3.png,generated/item-icons/tiedyescarf2-8b8273ae8ae3.png,,Observed from cached Buddy page-data item image; review before asset download or canonical promotion.
Time Egg,time egg,time-egg,https://buddy.farm/i/time-egg/,https://farmrpg.com/img/items/timeegg.png,/img/items/timeegg.png,timeegg.png,timeegg,,existing,,timeegg-7c07fc217f9f.png,generated/item-icons/timeegg-7c07fc217f9f.png,,Observed from cached Buddy page-data item image; review before asset download or canonical promotion.
Tin Can,tin can,tin-can,https://buddy.farm/i/tin-can/,https://farmrpg.com/img/items/198.png,/img/items/198.png,198.png,198,198,existing,,198-cee18e3baea3.png,generated/item-icons/198-cee18e3baea3.png,,Observed from cached Buddy page-data item image; review before asset download or canonical promotion.
Tin Scraps,tin scraps,tin-scraps,https://buddy.farm/i/tin-scraps/,https://farmrpg.com/img/items/tinscraps.png,/img/items/tinscraps.png,tinscraps.png,tinscraps,,existing,,tinscraps-ac640683cfc7.png,generated/item-icons/tinscraps-ac640683cfc7.png,,Observed from cached Buddy page-data item image; review before asset download or canonical promotion.
Toga Buddy Doll,toga buddy doll,toga-buddy-doll,https://buddy.farm/i/toga-buddy-doll/,https://farmrpg.com/img/items/toga_buddy_doll.png,/img/items/toga_buddy_doll.png,toga_buddy_doll.png,toga_buddy_doll,,existing,,toga_buddy_doll-78cbc9ee401c.png,generated/item-icons/toga_buddy_doll-78cbc9ee401c.png,,Observed from cached Buddy page-data item image; review before asset download or canonical promotion.
Toilet Paper,toilet paper,toilet-paper,https://buddy.farm/i/toilet-paper/,https://farmrpg.com/img/items/bandages_t_01.png,/img/items/bandages_t_01.png,bandages_t_01.png,bandages_t_01,,existing,,bandages_t_01-09d274b1e65c.png,generated/item-icons/bandages_t_01-09d274b1e65c.png,,Observed from cached Buddy page-data item image; review before asset download or canonical promotion.
Tomato,tomato,tomato,https://buddy.farm/i/tomato/,https://farmrpg.com/img/items/8290.png,/img/items/8290.png,8290.png,8290,8290,existing,,8290-34cffe713eb0.png,generated/item-icons/8290-34cffe713eb0.png,,Observed from cached Buddy page-data item image; review before asset download or canonical promotion.
Tomato Seeds,tomato seeds,tomato-seeds,https://buddy.farm/i/tomato-seeds/,https://farmrpg.com/img/items/seeds_tomato.png,/img/items/seeds_tomato.png,seeds_tomato.png,seeds_tomato,,existing,,seeds_tomato-c890da69f770.png,generated/item-icons/seeds_tomato-c890da69f770.png,,Observed from cached Buddy page-data item image; review before asset download or canonical promotion.
Tombstone,tombstone,tombstone,https://buddy.farm/i/tombstone/,https://farmrpg.com/img/items/afk_9605.png,/img/items/afk_9605.png,afk_9605.png,afk_9605,,existing,,afk_9605-49ebd6399dd1.png,generated/item-icons/afk_9605-49ebd6399dd1.png,,Observed from cached Buddy page-data item image; review before asset download or canonical promotion.
Toothbrush,toothbrush,toothbrush,https://buddy.farm/i/toothbrush/,https://farmrpg.com/img/items/brush_t_01.png,/img/items/brush_t_01.png,brush_t_01.png,brush_t_01,,existing,,brush_t_01-343a4c741f43.png,generated/item-icons/brush_t_01-343a4c741f43.png,,Observed from cached Buddy page-data item image; review before asset download or canonical promotion.
Torch Fish,torch fish,torch-fish,https://buddy.farm/i/torch-fish/,https://farmrpg.com/img/items/5147-2.png,/img/items/5147-2.png,5147-2.png,5147-2,,existing,,5147-2-3d0ba317e0e6.png,generated/item-icons/5147-2-3d0ba317e0e6.png,,Observed from cached Buddy page-data item image; review before asset download or canonical promotion.
Tower Key,tower key,tower-key,https://buddy.farm/i/tower-key/,https://farmrpg.com/img/items/7140.png,/img/items/7140.png,7140.png,7140,7140,existing,,7140-638c0c856208.png,generated/item-icons/7140-638c0c856208.png,,Observed from cached Buddy page-data item image; review before asset download or canonical promotion.
Tower Prep Pack 01,tower prep pack 01,tower-prep-pack-01,https://buddy.farm/i/tower-prep-pack-01/,https://farmrpg.com/img/items/1570.png,/img/items/1570.png,1570.png,1570,1570,existing,,1570-40ae45b5e81c.png,generated/item-icons/1570-40ae45b5e81c.png,,Observed from cached Buddy page-data item image; review before asset download or canonical promotion.
Toxic Tendrils,toxic tendrils,toxic-tendrils,https://buddy.farm/i/toxic-tendrils/,https://farmrpg.com/img/items/finp_476.png,/img/items/finp_476.png,finp_476.png,finp_476,,existing,,finp_476-ddf3ff2c1caf.png,generated/item-icons/finp_476-ddf3ff2c1caf.png,,Observed from cached Buddy page-data item image; review before asset download or canonical promotion.
Transistor,transistor,transistor,https://buddy.farm/i/transistor/,https://farmrpg.com/img/items/9319.png,/img/items/9319.png,9319.png,9319,9319,existing,,9319-2f7fda711e4b.png,generated/item-icons/9319-2f7fda711e4b.png,,Observed from cached Buddy page-data item image; review before asset download or canonical promotion.
Travel Voucher,travel voucher,travel-voucher,https://buddy.farm/i/travel-voucher/,https://farmrpg.com/img/items/4876.png,/img/items/4876.png,4876.png,4876,4876,existing,,4876-5f4ae43a6090.png,generated/item-icons/4876-5f4ae43a6090.png,,Observed from cached Buddy page-data item image; review before asset download or canonical promotion.
Traveler's Bag 01,traveler s bag 01,traveler-s-bag-01,https://buddy.farm/i/traveler-s-bag-01/,https://farmrpg.com/img/items/Patches.png,/img/items/Patches.png,Patches.png,Patches,,existing,,Patches-081c586854b6.png,generated/item-icons/Patches-081c586854b6.png,,Observed from cached Buddy page-data item image; review before asset download or canonical promotion.
Treasure Chest,treasure chest,treasure-chest,https://buddy.farm/i/treasure-chest/,https://farmrpg.com/img/items/4917.png,/img/items/4917.png,4917.png,4917,4917,existing,,4917-a6ecda6ae833.png,generated/item-icons/4917-a6ecda6ae833.png,,Observed from cached Buddy page-data item image; review before asset download or canonical promotion.
Treasure Key,treasure key,treasure-key,https://buddy.farm/i/treasure-key/,https://farmrpg.com/img/items/7148.png,/img/items/7148.png,7148.png,7148,7148,existing,,7148-8fe0d580c9a1.png,generated/item-icons/7148-8fe0d580c9a1.png,,Observed from cached Buddy page-data item image; review before asset download or canonical promotion.
Treat Bag 01,treat bag 01,treat-bag-01,https://buddy.farm/i/treat-bag-01/,https://farmrpg.com/img/items/bag_t_03.png,/img/items/bag_t_03.png,bag_t_03.png,bag_t_03,,existing,,bag_t_03-94d8822772b0.png,generated/item-icons/bag_t_03-94d8822772b0.png,,Observed from cached Buddy page-data item image; review before asset download or canonical promotion.
Treat Bag 02,treat bag 02,treat-bag-02,https://buddy.farm/i/treat-bag-02/,https://farmrpg.com/img/items/bag_t_03.png,/img/items/bag_t_03.png,bag_t_03.png,bag_t_03,,reused,,bag_t_03-94d8822772b0.png,generated/item-icons/bag_t_03-94d8822772b0.png,,Observed from cached Buddy page-data item image; review before asset download or canonical promotion.
Treat Bag 03,treat bag 03,treat-bag-03,https://buddy.farm/i/treat-bag-03/,https://farmrpg.com/img/items/bag_t_03.png,/img/items/bag_t_03.png,bag_t_03.png,bag_t_03,,reused,,bag_t_03-94d8822772b0.png,generated/item-icons/bag_t_03-94d8822772b0.png,,Observed from cached Buddy page-data item image; review before asset download or canonical promotion.
Treat Bag 04,treat bag 04,treat-bag-04,https://buddy.farm/i/treat-bag-04/,https://farmrpg.com/img/items/bag_t_03.png,/img/items/bag_t_03.png,bag_t_03.png,bag_t_03,,reused,,bag_t_03-94d8822772b0.png,generated/item-icons/bag_t_03-94d8822772b0.png,,Observed from cached Buddy page-data item image; review before asset download or canonical promotion.
Treat Bag 05,treat bag 05,treat-bag-05,https://buddy.farm/i/treat-bag-05/,https://farmrpg.com/img/items/bag_t_03.png,/img/items/bag_t_03.png,bag_t_03.png,bag_t_03,,reused,,bag_t_03-94d8822772b0.png,generated/item-icons/bag_t_03-94d8822772b0.png,,Observed from cached Buddy page-data item image; review before asset download or canonical promotion.
Treat Bag 06,treat bag 06,treat-bag-06,https://buddy.farm/i/treat-bag-06/,https://farmrpg.com/img/items/bag_t_03.png,/img/items/bag_t_03.png,bag_t_03.png,bag_t_03,,reused,,bag_t_03-94d8822772b0.png,generated/item-icons/bag_t_03-94d8822772b0.png,,Observed from cached Buddy page-data item image; review before asset download or canonical promotion.
Tribal Mask,tribal mask,tribal-mask,https://buddy.farm/i/tribal-mask/,https://farmrpg.com/img/items/ForestIcons_19_t.png,/img/items/ForestIcons_19_t.png,ForestIcons_19_t.png,ForestIcons_19_t,,existing,,ForestIcons_19_t-8279b98318f1.png,generated/item-icons/ForestIcons_19_t-8279b98318f1.png,,Observed from cached Buddy page-data item image; review before asset download or canonical promotion.
Tribal Staff,tribal staff,tribal-staff,https://buddy.farm/i/tribal-staff/,https://farmrpg.com/img/items/3972.png,/img/items/3972.png,3972.png,3972,3972,existing,,3972-d2169e2102a2.png,generated/item-icons/3972-d2169e2102a2.png,,Observed from cached Buddy page-data item image; review before asset download or canonical promotion.
Trident of Poseidon,trident of poseidon,trident-of-poseidon,https://buddy.farm/i/trident-of-poseidon/,https://farmrpg.com/img/items/trident.png,/img/items/trident.png,trident.png,trident,,existing,,trident-dcf7a10368ba.png,generated/item-icons/trident-dcf7a10368ba.png,,Observed from cached Buddy page-data item image; review before asset download or canonical promotion.
Trigon Knot,trigon knot,trigon-knot,https://buddy.farm/i/trigon-knot/,https://farmrpg.com/img/items/3179.png,/img/items/3179.png,3179.png,3179,3179,existing,,3179-3a1df62a1641.png,generated/item-icons/3179-3a1df62a1641.png,,Observed from cached Buddy page-data item image; review before asset download or canonical promotion.
Trout,trout,trout,https://buddy.farm/i/trout/,https://farmrpg.com/img/items/trout.png,/img/items/trout.png,trout.png,trout,,existing,,trout-de783943e1f8.png,generated/item-icons/trout-de783943e1f8.png,,Observed from cached Buddy page-data item image; review before asset download or canonical promotion.
Turkey Buddy Doll,turkey buddy doll,turkey-buddy-doll,https://buddy.farm/i/turkey-buddy-doll/,https://farmrpg.com/img/items/tbuddy.png,/img/items/tbuddy.png,tbuddy.png,tbuddy,,existing,,tbuddy-a5a1a139ad05.png,generated/item-icons/tbuddy-a5a1a139ad05.png,,Observed from cached Buddy page-data item image; review before asset download or canonical promotion.
Twine,twine,twine,https://buddy.farm/i/twine/,https://farmrpg.com/img/items/6172-1.png,/img/items/6172-1.png,6172-1.png,6172-1,,existing,,6172-1-5b1f9625c88a.png,generated/item-icons/6172-1-5b1f9625c88a.png,,Observed from cached Buddy page-data item image; review before asset download or canonical promotion.
Two Hearts Belt,two hearts belt,two-hearts-belt,https://buddy.farm/i/two-hearts-belt/,https://farmrpg.com/img/items/valbelt.png,/img/items/valbelt.png,valbelt.png,valbelt,,existing,,valbelt-f7381679c325.png,generated/item-icons/valbelt-f7381679c325.png,,Observed from cached Buddy page-data item image; review before asset download or canonical promotion.
U'ral Talisman,u ral talisman,u-ral-talisman,https://buddy.farm/i/u-ral-talisman/,https://farmrpg.com/img/items/viri_3731.png,/img/items/viri_3731.png,viri_3731.png,viri_3731,,existing,,viri_3731-fa09bba7493c.png,generated/item-icons/viri_3731-fa09bba7493c.png,,Observed from cached Buddy page-data item image; review before asset download or canonical promotion.
Ugly Buddy Sweater,ugly buddy sweater,ugly-buddy-sweater,https://buddy.farm/i/ugly-buddy-sweater/,https://farmrpg.com/img/items/ugly_sweater.png,/img/items/ugly_sweater.png,ugly_sweater.png,ugly_sweater,,existing,,ugly_sweater-02b62f80f64b.png,generated/item-icons/ugly_sweater-02b62f80f64b.png,,Observed from cached Buddy page-data item image; review before asset download or canonical promotion.
Uncle Sam Buddy Doll,uncle sam buddy doll,uncle-sam-buddy-doll,https://buddy.farm/i/uncle-sam-buddy-doll/,https://farmrpg.com/img/items/unclesambuddydoll.png,/img/items/unclesambuddydoll.png,unclesambuddydoll.png,unclesambuddydoll,,existing,,unclesambuddydoll-910e4625a18f.png,generated/item-icons/unclesambuddydoll-910e4625a18f.png,,Observed from cached Buddy page-data item image; review before asset download or canonical promotion.
Unicorn Key,unicorn key,unicorn-key,https://buddy.farm/i/unicorn-key/,https://farmrpg.com/img/items/unicornkey.png,/img/items/unicornkey.png,unicornkey.png,unicornkey,,existing,,unicornkey-5e5646f4b51a.png,generated/item-icons/unicornkey-5e5646f4b51a.png,,Observed from cached Buddy page-data item image; review before asset download or canonical promotion.
Unpolished Aquacite,unpolished aquacite,unpolished-aquacite,https://buddy.farm/i/unpolished-aquacite/,https://farmrpg.com/img/items/1525.PNG,/img/items/1525.PNG,1525.PNG,1525,1525,existing,,1525-db5872860e7d.png,generated/item-icons/1525-db5872860e7d.png,,Observed from cached Buddy page-data item image; review before asset download or canonical promotion.
Unpolished Emerald,unpolished emerald,unpolished-emerald,https://buddy.farm/i/unpolished-emerald/,https://farmrpg.com/img/items/uemerald.png,/img/items/uemerald.png,uemerald.png,uemerald,,existing,,uemerald-1d55a9f13957.png,generated/item-icons/uemerald-1d55a9f13957.png,,Observed from cached Buddy page-data item image; review before asset download or canonical promotion.
Unpolished Flarite,unpolished flarite,unpolished-flarite,https://buddy.farm/i/unpolished-flarite/,https://farmrpg.com/img/items/uflarite.png,/img/items/uflarite.png,uflarite.png,uflarite,,existing,,uflarite-b32fd8cccf3a.png,generated/item-icons/uflarite-b32fd8cccf3a.png,,Observed from cached Buddy page-data item image; review before asset download or canonical promotion.
Unpolished Garnet,unpolished garnet,unpolished-garnet,https://buddy.farm/i/unpolished-garnet/,https://farmrpg.com/img/items/8030.png,/img/items/8030.png,8030.png,8030,8030,existing,,8030-ff08847e0c31.png,generated/item-icons/8030-ff08847e0c31.png,,Observed from cached Buddy page-data item image; review before asset download or canonical promotion.
Unpolished Jade,unpolished jade,unpolished-jade,https://buddy.farm/i/unpolished-jade/,https://farmrpg.com/img/items/ujade.png,/img/items/ujade.png,ujade.png,ujade,,existing,,ujade-050c50ff7378.png,generated/item-icons/ujade-050c50ff7378.png,,Observed from cached Buddy page-data item image; review before asset download or canonical promotion.
Unpolished Pyrite,unpolished pyrite,unpolished-pyrite,https://buddy.farm/i/unpolished-pyrite/,https://farmrpg.com/img/items/upyrite.png,/img/items/upyrite.png,upyrite.png,upyrite,,existing,,upyrite-990bffca2d0e.png,generated/item-icons/upyrite-990bffca2d0e.png,,Observed from cached Buddy page-data item image; review before asset download or canonical promotion.
Unpolished Ruby,unpolished ruby,unpolished-ruby,https://buddy.farm/i/unpolished-ruby/,https://farmrpg.com/img/items/5992.png,/img/items/5992.png,5992.png,5992,5992,existing,,5992-3a3f68c4d090.png,generated/item-icons/5992-3a3f68c4d090.png,,Observed from cached Buddy page-data item image; review before asset download or canonical promotion.
Unpolished Shimmer Stone,unpolished shimmer stone,unpolished-shimmer-stone,https://buddy.farm/i/unpolished-shimmer-stone/,https://farmrpg.com/img/items/5782.PNG,/img/items/5782.PNG,5782.PNG,5782,5782,existing,,5782-38de025610fb.png,generated/item-icons/5782-38de025610fb.png,,Observed from cached Buddy page-data item image; review before asset download or canonical promotion.
Unrefined Sugar,unrefined sugar,unrefined-sugar,https://buddy.farm/i/unrefined-sugar/,https://farmrpg.com/img/items/unrefined_sugar.png,/img/items/unrefined_sugar.png,unrefined_sugar.png,unrefined_sugar,,existing,,unrefined_sugar-a5ad02d9ab78.png,generated/item-icons/unrefined_sugar-a5ad02d9ab78.png,,Observed from cached Buddy page-data item image; review before asset download or canonical promotion.
Unusual Gem,unusual gem,unusual-gem,https://buddy.farm/i/unusual-gem/,https://farmrpg.com/img/items/unusualgem.png,/img/items/unusualgem.png,unusualgem.png,unusualgem,,existing,,unusualgem-be6dd437c8e4.png,generated/item-icons/unusualgem-be6dd437c8e4.png,,Observed from cached Buddy page-data item image; review before asset download or canonical promotion.
Utal's Sabre,utal s sabre,utal-s-sabre,https://buddy.farm/i/utal-s-sabre/,https://farmrpg.com/img/items/4902.png,/img/items/4902.png,4902.png,4902,4902,existing,,4902-883b00a39c5c.png,generated/item-icons/4902-883b00a39c5c.png,,Observed from cached Buddy page-data item image; review before asset download or canonical promotion.
Vacation Buddy Doll,vacation buddy doll,vacation-buddy-doll,https://buddy.farm/i/vacation-buddy-doll/,https://farmrpg.com/img/items/vacation_buddy_doll.png,/img/items/vacation_buddy_doll.png,vacation_buddy_doll.png,vacation_buddy_doll,,existing,,vacation_buddy_doll-6afa3085e8cf.png,generated/item-icons/vacation_buddy_doll-6afa3085e8cf.png,,Observed from cached Buddy page-data item image; review before asset download or canonical promotion.
Valentines Card,valentines card,valentines-card,https://buddy.farm/i/valentines-card/,https://farmrpg.com/img/items/card_valentines.png,/img/items/card_valentines.png,card_valentines.png,card_valentines,,existing,,card_valentines-7beee366710e.png,generated/item-icons/card_valentines-7beee366710e.png,,Observed from cached Buddy page-data item image; review before asset download or canonical promotion.
Valve,valve,valve,https://buddy.farm/i/valve/,https://farmrpg.com/img/items/9330.png,/img/items/9330.png,9330.png,9330,9330,existing,,9330-de229e7a3483.png,generated/item-icons/9330-de229e7a3483.png,,Observed from cached Buddy page-data item image; review before asset download or canonical promotion.
Vampire Buddy Doll,vampire buddy doll,vampire-buddy-doll,https://buddy.farm/i/vampire-buddy-doll/,https://farmrpg.com/img/items/vbuddy.png,/img/items/vbuddy.png,vbuddy.png,vbuddy,,existing,,vbuddy-f842b2845bc1.png,generated/item-icons/vbuddy-f842b2845bc1.png,,Observed from cached Buddy page-data item image; review before asset download or canonical promotion.
Veggie Juice,veggie juice,veggie-juice,https://buddy.farm/i/veggie-juice/,https://farmrpg.com/img/items/8879.png,/img/items/8879.png,8879.png,8879,8879,existing,,8879-522cd06e0db7.png,generated/item-icons/8879-522cd06e0db7.png,,Observed from cached Buddy page-data item image; review before asset download or canonical promotion.
Velocity Belt,velocity belt,velocity-belt,https://buddy.farm/i/velocity-belt/,https://farmrpg.com/img/items/5310.png,/img/items/5310.png,5310.png,5310,5310,existing,,5310-094c8c24c663.png,generated/item-icons/5310-094c8c24c663.png,,Observed from cached Buddy page-data item image; review before asset download or canonical promotion.
Vincent Bobblehead,vincent bobblehead,vincent-bobblehead,https://buddy.farm/i/vincent-bobblehead/,https://farmrpg.com/img/items/bobble_vincent.png,/img/items/bobble_vincent.png,bobble_vincent.png,bobble_vincent,,existing,,bobble_vincent-9c75b4f4f2e9.png,generated/item-icons/bobble_vincent-9c75b4f4f2e9.png,,Observed from cached Buddy page-data item image; review before asset download or canonical promotion.
Vincent's Sea Pincher Special,vincent s sea pincher special,vincent-s-sea-pincher-special,https://buddy.farm/i/vincent-s-sea-pincher-special/,https://farmrpg.com/img/items/recipe.png,/img/items/recipe.png,recipe.png,recipe,,reused,,recipe-ebec090231f1.png,generated/item-icons/recipe-ebec090231f1.png,,Observed from cached Buddy page-data item image; review before asset download or canonical promotion.
VIP Card,vip card,vip-card,https://buddy.farm/i/vip-card/,https://farmrpg.com/img/items/vipcard.png,/img/items/vipcard.png,vipcard.png,vipcard,,existing,,vipcard-c04a9b2ddf9c.png,generated/item-icons/vipcard-c04a9b2ddf9c.png,,Observed from cached Buddy page-data item image; review before asset download or canonical promotion.
VIP Platinum Card,vip platinum card,vip-platinum-card,https://buddy.farm/i/vip-platinum-card/,https://farmrpg.com/img/items/vipcard2.png,/img/items/vipcard2.png,vipcard2.png,vipcard2,,existing,,vipcard2-2a6bace77757.png,generated/item-icons/vipcard2-2a6bace77757.png,,Observed from cached Buddy page-data item image; review before asset download or canonical promotion.
Vixen,vixen,vixen,https://buddy.farm/i/vixen/,https://farmrpg.com/img/items/vixen.png,/img/items/vixen.png,vixen.png,vixen,,existing,,vixen-e477e17a517b.png,generated/item-icons/vixen-e477e17a517b.png,,Observed from cached Buddy page-data item image; review before asset download or canonical promotion.
Void Bag 01,void bag 01,void-bag-01,https://buddy.farm/i/void-bag-01/,https://farmrpg.com/img/items/voidbag.png,/img/items/voidbag.png,voidbag.png,voidbag,,existing,,voidbag-53329e2c14a5.png,generated/item-icons/voidbag-53329e2c14a5.png,,Observed from cached Buddy page-data item image; review before asset download or canonical promotion.
Waffle,waffle,waffle,https://buddy.farm/i/waffle/,https://farmrpg.com/img/items/1588.png,/img/items/1588.png,1588.png,1588,1588,existing,,1588-570331a9fbf5.png,generated/item-icons/1588-570331a9fbf5.png,,Observed from cached Buddy page-data item image; review before asset download or canonical promotion.
Wagon Wheel,wagon wheel,wagon-wheel,https://buddy.farm/i/wagon-wheel/,https://farmrpg.com/img/items/wheel.png,/img/items/wheel.png,wheel.png,wheel,,existing,,wheel-5dc311311ebf.png,generated/item-icons/wheel-5dc311311ebf.png,,Observed from cached Buddy page-data item image; review before asset download or canonical promotion.
Wampa Buddy Doll,wampa buddy doll,wampa-buddy-doll,https://buddy.farm/i/wampa-buddy-doll/,https://farmrpg.com/img/items/wampabuddydoll.png,/img/items/wampabuddydoll.png,wampabuddydoll.png,wampabuddydoll,,existing,,wampabuddydoll-53540b5ded08.png,generated/item-icons/wampabuddydoll-53540b5ded08.png,,Observed from cached Buddy page-data item image; review before asset download or canonical promotion.
Water Bottle,water bottle,water-bottle,https://buddy.farm/i/water-bottle/,https://farmrpg.com/img/items/water_t_01.png,/img/items/water_t_01.png,water_t_01.png,water_t_01,,existing,,water_t_01-c34758092bd2.png,generated/item-icons/water_t_01-c34758092bd2.png,,Observed from cached Buddy page-data item image; review before asset download or canonical promotion.
Water Lily,water lily,water-lily,https://buddy.farm/i/water-lily/,https://farmrpg.com/img/items/3258.png,/img/items/3258.png,3258.png,3258,3258,existing,,3258-f66eb63ca1cb.png,generated/item-icons/3258-f66eb63ca1cb.png,,Observed from cached Buddy page-data item image; review before asset download or canonical promotion.
Water Orb,water orb,water-orb,https://buddy.farm/i/water-orb/,https://farmrpg.com/img/items/2324.png?1,/img/items/2324.png,2324.png,2324,2324,existing,,2324-16861eb2087c.png,generated/item-icons/2324-16861eb2087c.png,,Observed from cached Buddy page-data item image; review before asset download or canonical promotion.
Watermelon,watermelon,watermelon,https://buddy.farm/i/watermelon/,https://farmrpg.com/img/items/8293.png,/img/items/8293.png,8293.png,8293,8293,existing,,8293-952599ce1e37.png,generated/item-icons/8293-952599ce1e37.png,,Observed from cached Buddy page-data item image; review before asset download or canonical promotion.
Watermelon Seeds,watermelon seeds,watermelon-seeds,https://buddy.farm/i/watermelon-seeds/,https://farmrpg.com/img/items/seeds_watermelon.png,/img/items/seeds_watermelon.png,seeds_watermelon.png,seeds_watermelon,,existing,,seeds_watermelon-111042410d06.png,generated/item-icons/seeds_watermelon-111042410d06.png,,Observed from cached Buddy page-data item image; review before asset download or canonical promotion.
Wax Candle,wax candle,wax-candle,https://buddy.farm/i/wax-candle/,https://farmrpg.com/img/items/candle.png,/img/items/candle.png,candle.png,candle,,existing,,candle-cf2b8e9f15ff.png,generated/item-icons/candle-cf2b8e9f15ff.png,,Observed from cached Buddy page-data item image; review before asset download or canonical promotion.
We Know Card,we know card,we-know-card,https://buddy.farm/i/we-know-card/,https://farmrpg.com/img/items/card_weknow.png?12,/img/items/card_weknow.png,card_weknow.png,card_weknow,,existing,,card_weknow-818504cc2fea.png,generated/item-icons/card_weknow-818504cc2fea.png,,Observed from cached Buddy page-data item image; review before asset download or canonical promotion.
Welcome Card,welcome card,welcome-card,https://buddy.farm/i/welcome-card/,https://farmrpg.com/img/items/card_welcome.png,/img/items/card_welcome.png,card_welcome.png,card_welcome,,existing,,card_welcome-dfc85dcdcedf.png,generated/item-icons/card_welcome-dfc85dcdcedf.png,,Observed from cached Buddy page-data item image; review before asset download or canonical promotion.
Werewolf Buddy Doll,werewolf buddy doll,werewolf-buddy-doll,https://buddy.farm/i/werewolf-buddy-doll/,https://farmrpg.com/img/items/wbuddy.png,/img/items/wbuddy.png,wbuddy.png,wbuddy,,existing,,wbuddy-c927a69fab7b.png,generated/item-icons/wbuddy-c927a69fab7b.png,,Observed from cached Buddy page-data item image; review before asset download or canonical promotion.
Wheat,wheat,wheat,https://buddy.farm/i/wheat/,https://farmrpg.com/img/items/8249.png,/img/items/8249.png,8249.png,8249,8249,existing,,8249-d09a5587e5a5.png,generated/item-icons/8249-d09a5587e5a5.png,,Observed from cached Buddy page-data item image; review before asset download or canonical promotion.
Wheat Seeds,wheat seeds,wheat-seeds,https://buddy.farm/i/wheat-seeds/,https://farmrpg.com/img/items/seeds_wheet.png,/img/items/seeds_wheet.png,seeds_wheet.png,seeds_wheet,,existing,,seeds_wheet-15b9741b484a.png,generated/item-icons/seeds_wheet-15b9741b484a.png,,Observed from cached Buddy page-data item image; review before asset download or canonical promotion.
Whistle,whistle,whistle,https://buddy.farm/i/whistle/,https://farmrpg.com/img/items/whistle_t_01.PNG,/img/items/whistle_t_01.PNG,whistle_t_01.PNG,whistle_t_01,,existing,,whistle_t_01-8780a099243f.png,generated/item-icons/whistle_t_01-8780a099243f.png,,Observed from cached Buddy page-data item image; review before asset download or canonical promotion.
White Cloak,white cloak,white-cloak,https://buddy.farm/i/white-cloak/,https://farmrpg.com/img/items/whitecloak.png,/img/items/whitecloak.png,whitecloak.png,whitecloak,,existing,,whitecloak-49b8b21278a2.png,generated/item-icons/whitecloak-49b8b21278a2.png,,Observed from cached Buddy page-data item image; review before asset download or canonical promotion.
White Dye,white dye,white-dye,https://buddy.farm/i/white-dye/,https://farmrpg.com/img/items/whitedye.png,/img/items/whitedye.png,whitedye.png,whitedye,,existing,,whitedye-11e8ebaad85c.png,generated/item-icons/whitedye-11e8ebaad85c.png,,Observed from cached Buddy page-data item image; review before asset download or canonical promotion.
White Flowers,white flowers,white-flowers,https://buddy.farm/i/white-flowers/,https://farmrpg.com/img/items/wflowers.png,/img/items/wflowers.png,wflowers.png,wflowers,,existing,,wflowers-b296e8ab90a1.png,generated/item-icons/wflowers-b296e8ab90a1.png,,Observed from cached Buddy page-data item image; review before asset download or canonical promotion.
White Parchment,white parchment,white-parchment,https://buddy.farm/i/white-parchment/,https://farmrpg.com/img/items/whiteparchment.png,/img/items/whiteparchment.png,whiteparchment.png,whiteparchment,,existing,,whiteparchment-0efd9fc9ffbe.png,generated/item-icons/whiteparchment-0efd9fc9ffbe.png,,Observed from cached Buddy page-data item image; review before asset download or canonical promotion.
White Purse,white purse,white-purse,https://buddy.farm/i/white-purse/,https://farmrpg.com/img/items/whitepurse.png,/img/items/whitepurse.png,whitepurse.png,whitepurse,,existing,,whitepurse-6ae793352a8f.png,generated/item-icons/whitepurse-6ae793352a8f.png,,Observed from cached Buddy page-data item image; review before asset download or canonical promotion.
White Scarf,white scarf,white-scarf,https://buddy.farm/i/white-scarf/,https://farmrpg.com/img/items/whitescarf.png,/img/items/whitescarf.png,whitescarf.png,whitescarf,,existing,,whitescarf-9d44745b5080.png,generated/item-icons/whitescarf-9d44745b5080.png,,Observed from cached Buddy page-data item image; review before asset download or canonical promotion.
White Shirt,white shirt,white-shirt,https://buddy.farm/i/white-shirt/,https://farmrpg.com/img/items/whiteshirt.png,/img/items/whiteshirt.png,whiteshirt.png,whiteshirt,,existing,,whiteshirt-edf141db01dd.png,generated/item-icons/whiteshirt-edf141db01dd.png,,Observed from cached Buddy page-data item image; review before asset download or canonical promotion.
White Sugar,white sugar,white-sugar,https://buddy.farm/i/white-sugar/,https://farmrpg.com/img/items/sugar-white.png,/img/items/sugar-white.png,sugar-white.png,sugar-white,,existing,,sugar-white-acff0f83df68.png,generated/item-icons/sugar-white-acff0f83df68.png,,Observed from cached Buddy page-data item image; review before asset download or canonical promotion.
White Truffle,white truffle,white-truffle,https://buddy.farm/i/white-truffle/,https://farmrpg.com/img/items/whitetruffle.png,/img/items/whitetruffle.png,whitetruffle.png,whitetruffle,,existing,,whitetruffle-b24f013907f2.png,generated/item-icons/whitetruffle-b24f013907f2.png,,Observed from cached Buddy page-data item image; review before asset download or canonical promotion.
White Twine,white twine,white-twine,https://buddy.farm/i/white-twine/,https://farmrpg.com/img/items/whitetwine.png,/img/items/whitetwine.png,whitetwine.png,whitetwine,,existing,,whitetwine-88b0470e1fed.png,generated/item-icons/whitetwine-88b0470e1fed.png,,Observed from cached Buddy page-data item image; review before asset download or canonical promotion.
Wine,wine,wine,https://buddy.farm/i/wine/,https://farmrpg.com/img/items/wine.png,/img/items/wine.png,wine.png,wine,,existing,,wine-af6e90ffb448.png,generated/item-icons/wine-af6e90ffb448.png,,Observed from cached Buddy page-data item image; review before asset download or canonical promotion.
Winged Amulet,winged amulet,winged-amulet,https://buddy.farm/i/winged-amulet/,https://farmrpg.com/img/items/7422.png,/img/items/7422.png,7422.png,7422,7422,existing,,7422-1ea1402337a4.png,generated/item-icons/7422-1ea1402337a4.png,,Observed from cached Buddy page-data item image; review before asset download or canonical promotion.
Winter Basket,winter basket,winter-basket,https://buddy.farm/i/winter-basket/,https://farmrpg.com/img/items/winterbasket.png?2,/img/items/winterbasket.png,winterbasket.png,winterbasket,,existing,,winterbasket-1db15849a849.png,generated/item-icons/winterbasket-1db15849a849.png,,Observed from cached Buddy page-data item image; review before asset download or canonical promotion.
Wishbone Necklace,wishbone necklace,wishbone-necklace,https://buddy.farm/i/wishbone-necklace/,https://farmrpg.com/img/items/wishbone.png,/img/items/wishbone.png,wishbone.png,wishbone,,existing,,wishbone-e7b9fa470e22.png,generated/item-icons/wishbone-e7b9fa470e22.png,,Observed from cached Buddy page-data item image; review before asset download or canonical promotion.
Witch Hat,witch hat,witch-hat,https://buddy.farm/i/witch-hat/,https://farmrpg.com/img/items/hat_t_02.png,/img/items/hat_t_02.png,hat_t_02.png,hat_t_02,,existing,,hat_t_02-4bbcdcd2c112.png,generated/item-icons/hat_t_02-4bbcdcd2c112.png,,Observed from cached Buddy page-data item image; review before asset download or canonical promotion.
Witch's Brew,witch s brew,witch-s-brew,https://buddy.farm/i/witch-s-brew/,https://farmrpg.com/img/items/pot_t_01.png,/img/items/pot_t_01.png,pot_t_01.png,pot_t_01,,existing,,pot_t_01-ed931f4a43e7.png,generated/item-icons/pot_t_01-ed931f4a43e7.png,,Observed from cached Buddy page-data item image; review before asset download or canonical promotion.
Witch's Broom,witch s broom,witch-s-broom,https://buddy.farm/i/witch-s-broom/,https://farmrpg.com/img/items/broom_t_01.png,/img/items/broom_t_01.png,broom_t_01.png,broom_t_01,,existing,,broom_t_01-4c87231acc01.png,generated/item-icons/broom_t_01-4c87231acc01.png,,Observed from cached Buddy page-data item image; review before asset download or canonical promotion.
Wizard Hat,wizard hat,wizard-hat,https://buddy.farm/i/wizard-hat/,https://farmrpg.com/img/items/4798.png,/img/items/4798.png,4798.png,4798,4798,existing,,4798-fd9222663a14.png,generated/item-icons/4798-fd9222663a14.png,,Observed from cached Buddy page-data item image; review before asset download or canonical promotion.
Wizard's Second Favorite Feather,wizard s second favorite feather,wizard-s-second-favorite-feather,https://buddy.farm/i/wizard-s-second-favorite-feather/,https://farmrpg.com/img/items/magicfeather.png?1,/img/items/magicfeather.png,magicfeather.png,magicfeather,,existing,,magicfeather-bb9dc5fa5b86.png,generated/item-icons/magicfeather-bb9dc5fa5b86.png,,Observed from cached Buddy page-data item image; review before asset download or canonical promotion.
Wood,wood,wood,https://buddy.farm/i/wood/,https://farmrpg.com/img/items/6143.PNG,/img/items/6143.PNG,6143.PNG,6143,6143,existing,,6143-da0627f28450.png,generated/item-icons/6143-da0627f28450.png,,Observed from cached Buddy page-data item image; review before asset download or canonical promotion.
Wooden Barrel,wooden barrel,wooden-barrel,https://buddy.farm/i/wooden-barrel/,https://farmrpg.com/img/items/5829.PNG,/img/items/5829.PNG,5829.PNG,5829,5829,existing,,5829-f0004ebe731b.png,generated/item-icons/5829-f0004ebe731b.png,,Observed from cached Buddy page-data item image; review before asset download or canonical promotion.
Wooden Bow,wooden bow,wooden-bow,https://buddy.farm/i/wooden-bow/,https://farmrpg.com/img/items/4764.png,/img/items/4764.png,4764.png,4764,4764,existing,,4764-7021618e3ecd.png,generated/item-icons/4764-7021618e3ecd.png,,Observed from cached Buddy page-data item image; review before asset download or canonical promotion.
Wooden Box,wooden box,wooden-box,https://buddy.farm/i/wooden-box/,https://farmrpg.com/img/items/5736.PNG,/img/items/5736.PNG,5736.PNG,5736,5736,existing,,5736-8d25f3fd9e84.png,generated/item-icons/5736-8d25f3fd9e84.png,,Observed from cached Buddy page-data item image; review before asset download or canonical promotion.
Wooden Button,wooden button,wooden-button,https://buddy.farm/i/wooden-button/,https://farmrpg.com/img/items/707.png,/img/items/707.png,707.png,707,707,existing,,707-1788c61de8fc.png,generated/item-icons/707-1788c61de8fc.png,,Observed from cached Buddy page-data item image; review before asset download or canonical promotion.
Wooden Mask,wooden mask,wooden-mask,https://buddy.farm/i/wooden-mask/,https://farmrpg.com/img/items/4880.png,/img/items/4880.png,4880.png,4880,4880,existing,,4880-170eabfd8b09.png,generated/item-icons/4880-170eabfd8b09.png,,Observed from cached Buddy page-data item image; review before asset download or canonical promotion.
Wooden Pipe,wooden pipe,wooden-pipe,https://buddy.farm/i/wooden-pipe/,https://farmrpg.com/img/items/4910.png?1,/img/items/4910.png,4910.png,4910,4910,existing,,4910-c1f1444fddc9.png,generated/item-icons/4910-c1f1444fddc9.png,,Observed from cached Buddy page-data item image; review before asset download or canonical promotion.
Wooden Plank,wooden plank,wooden-plank,https://buddy.farm/i/wooden-plank/,https://farmrpg.com/img/items/5733.PNG,/img/items/5733.PNG,5733.PNG,5733,5733,existing,,5733-1d8df77ee2b7.png,generated/item-icons/5733-1d8df77ee2b7.png,,Observed from cached Buddy page-data item image; review before asset download or canonical promotion.
Wooden Shield,wooden shield,wooden-shield,https://buddy.farm/i/wooden-shield/,https://farmrpg.com/img/items/5822.PNG,/img/items/5822.PNG,5822.PNG,5822,5822,existing,,5822-7126e827059e.png,generated/item-icons/5822-7126e827059e.png,,Observed from cached Buddy page-data item image; review before asset download or canonical promotion.
Wooden Spear,wooden spear,wooden-spear,https://buddy.farm/i/wooden-spear/,https://farmrpg.com/img/items/spear.png,/img/items/spear.png,spear.png,spear,,existing,,spear-1c116ec52228.png,generated/item-icons/spear-1c116ec52228.png,,Observed from cached Buddy page-data item image; review before asset download or canonical promotion.
Wooden Sword,wooden sword,wooden-sword,https://buddy.farm/i/wooden-sword/,https://farmrpg.com/img/items/sword2.png,/img/items/sword2.png,sword2.png,sword2,,existing,,sword2-3d323f30e12d.png,generated/item-icons/sword2-3d323f30e12d.png,,Observed from cached Buddy page-data item image; review before asset download or canonical promotion.
Wooden Table,wooden table,wooden-table,https://buddy.farm/i/wooden-table/,https://farmrpg.com/img/items/3826.png,/img/items/3826.png,3826.png,3826,3826,existing,,3826-805691cf8d2f.png,generated/item-icons/3826-805691cf8d2f.png,,Observed from cached Buddy page-data item image; review before asset download or canonical promotion.
World Globe,world globe,world-globe,https://buddy.farm/i/world-globe/,https://farmrpg.com/img/items/globe.png,/img/items/globe.png,globe.png,globe,,existing,,globe-ec9a3d54cd77.png,generated/item-icons/globe-ec9a3d54cd77.png,,Observed from cached Buddy page-data item image; review before asset download or canonical promotion.
Worms,worms,worms,https://buddy.farm/i/worms/,https://farmrpg.com/img/items/7758.png,/img/items/7758.png,7758.png,7758,7758,existing,,7758-f35959157f5e.png,generated/item-icons/7758-f35959157f5e.png,,Observed from cached Buddy page-data item image; review before asset download or canonical promotion.
Wrench,wrench,wrench,https://buddy.farm/i/wrench/,https://farmrpg.com/img/items/9310.png,/img/items/9310.png,9310.png,9310,9310,existing,,9310-29bd6909a687.png,generated/item-icons/9310-29bd6909a687.png,,Observed from cached Buddy page-data item image; review before asset download or canonical promotion.
Y73841 Blueprint,y73841 blueprint,y73841-blueprint,https://buddy.farm/i/y73841-blueprint/,https://farmrpg.com/img/items/7793.png,/img/items/7793.png,7793.png,7793,7793,existing,,7793-bcbab47ff6c8.png,generated/item-icons/7793-bcbab47ff6c8.png,,Observed from cached Buddy page-data item image; review before asset download or canonical promotion.
Y73841 Detector,y73841 detector,y73841-detector,https://buddy.farm/i/y73841-detector/,https://farmrpg.com/img/items/9304.png,/img/items/9304.png,9304.png,9304,9304,existing,,9304-36b81fa77fd4.png,generated/item-icons/9304-36b81fa77fd4.png,,Observed from cached Buddy page-data item image; review before asset download or canonical promotion.
Yarn,yarn,yarn,https://buddy.farm/i/yarn/,https://farmrpg.com/img/items/pt_t_07.png,/img/items/pt_t_07.png,pt_t_07.png,pt_t_07,,existing,,pt_t_07-a732256e1d03.png,generated/item-icons/pt_t_07-a732256e1d03.png,,Observed from cached Buddy page-data item image; review before asset download or canonical promotion.
Yellow Bag,yellow bag,yellow-bag,https://buddy.farm/i/yellow-bag/,https://farmrpg.com/img/items/yellowbag.png,/img/items/yellowbag.png,yellowbag.png,yellowbag,,existing,,yellowbag-4f9ac2b0867c.png,generated/item-icons/yellowbag-4f9ac2b0867c.png,,Observed from cached Buddy page-data item image; review before asset download or canonical promotion.
Yellow Butterfly,yellow butterfly,yellow-butterfly,https://buddy.farm/i/yellow-butterfly/,https://farmrpg.com/img/items/yellowbutterfly.png,/img/items/yellowbutterfly.png,yellowbutterfly.png,yellowbutterfly,,existing,,yellowbutterfly-561aab868858.png,generated/item-icons/yellowbutterfly-561aab868858.png,,Observed from cached Buddy page-data item image; review before asset download or canonical promotion.
Yellow Dye,yellow dye,yellow-dye,https://buddy.farm/i/yellow-dye/,https://farmrpg.com/img/items/yellowdye.png,/img/items/yellowdye.png,yellowdye.png,yellowdye,,existing,,yellowdye-7facaaa53342.png,generated/item-icons/yellowdye-7facaaa53342.png,,Observed from cached Buddy page-data item image; review before asset download or canonical promotion.
Yellow Flowers,yellow flowers,yellow-flowers,https://buddy.farm/i/yellow-flowers/,https://farmrpg.com/img/items/yflowers.png,/img/items/yflowers.png,yflowers.png,yflowers,,existing,,yflowers-b9aaf67ba416.png,generated/item-icons/yflowers-b9aaf67ba416.png,,Observed from cached Buddy page-data item image; review before asset download or canonical promotion.
Yellow Ornament,yellow ornament,yellow-ornament,https://buddy.farm/i/yellow-ornament/,https://farmrpg.com/img/items/cr_t_03_e.png,/img/items/cr_t_03_e.png,cr_t_03_e.png,cr_t_03_e,,existing,,cr_t_03_e-8740b3d7cef5.png,generated/item-icons/cr_t_03_e-8740b3d7cef5.png,,Observed from cached Buddy page-data item image; review before asset download or canonical promotion.
Yellow Perch,yellow perch,yellow-perch,https://buddy.farm/i/yellow-perch/,https://farmrpg.com/img/items/yellowperch.png,/img/items/yellowperch.png,yellowperch.png,yellowperch,,existing,,yellowperch-74a62f58d259.png,generated/item-icons/yellowperch-74a62f58d259.png,,Observed from cached Buddy page-data item image; review before asset download or canonical promotion.
Yellow Purse,yellow purse,yellow-purse,https://buddy.farm/i/yellow-purse/,https://farmrpg.com/img/items/yellowpurse.png,/img/items/yellowpurse.png,yellowpurse.png,yellowpurse,,existing,,yellowpurse-b85789103f9e.png,generated/item-icons/yellowpurse-b85789103f9e.png,,Observed from cached Buddy page-data item image; review before asset download or canonical promotion.
Yellow Scarf,yellow scarf,yellow-scarf,https://buddy.farm/i/yellow-scarf/,https://farmrpg.com/img/items/yellowscarf.png,/img/items/yellowscarf.png,yellowscarf.png,yellowscarf,,existing,,yellowscarf-8a6e947c88e9.png,generated/item-icons/yellowscarf-8a6e947c88e9.png,,Observed from cached Buddy page-data item image; review before asset download or canonical promotion.
Yellow Shirt,yellow shirt,yellow-shirt,https://buddy.farm/i/yellow-shirt/,https://farmrpg.com/img/items/yellowshirt.png,/img/items/yellowshirt.png,yellowshirt.png,yellowshirt,,existing,,yellowshirt-a016cc999eae.png,generated/item-icons/yellowshirt-a016cc999eae.png,,Observed from cached Buddy page-data item image; review before asset download or canonical promotion.
Yellow Twine,yellow twine,yellow-twine,https://buddy.farm/i/yellow-twine/,https://farmrpg.com/img/items/yellowtwine.png,/img/items/yellowtwine.png,yellowtwine.png,yellowtwine,,existing,,yellowtwine-670d9b655b86.png,generated/item-icons/yellowtwine-670d9b655b86.png,,Observed from cached Buddy page-data item image; review before asset download or canonical promotion.
Yellow Watermelon,yellow watermelon,yellow-watermelon,https://buddy.farm/i/yellow-watermelon/,https://farmrpg.com/img/items/yellowwatermelon.png,/img/items/yellowwatermelon.png,yellowwatermelon.png,yellowwatermelon,,existing,,yellowwatermelon-189f8be32e75.png,generated/item-icons/yellowwatermelon-189f8be32e75.png,,Observed from cached Buddy page-data item image; review before asset download or canonical promotion.
You Rock Card,you rock card,you-rock-card,https://buddy.farm/i/you-rock-card/,https://farmrpg.com/img/items/card_yourock.png,/img/items/card_yourock.png,card_yourock.png,card_yourock,,existing,,card_yourock-b816511d7b7a.png,generated/item-icons/card_yourock-b816511d7b7a.png,,Observed from cached Buddy page-data item image; review before asset download or canonical promotion.
YoYo,yoyo,yoyo,https://buddy.farm/i/yoyo/,https://farmrpg.com/img/items/yoyo.png,/img/items/yoyo.png,yoyo.png,yoyo,,existing,,yoyo-ea31cc105b9d.png,generated/item-icons/yoyo-ea31cc105b9d.png,,Observed from cached Buddy page-data item image; review before asset download or canonical promotion.
Yule Goat,yule goat,yule-goat,https://buddy.farm/i/yule-goat/,https://farmrpg.com/img/items/yulegoatsm.png,/img/items/yulegoatsm.png,yulegoatsm.png,yulegoatsm,,existing,,yulegoatsm-255116f8d2cc.png,generated/item-icons/yulegoatsm-255116f8d2cc.png,,Observed from cached Buddy page-data item image; review before asset download or canonical promotion.
Zho's Dagger,zho s dagger,zho-s-dagger,https://buddy.farm/i/zho-s-dagger/,https://farmrpg.com/img/items/4773.png,/img/items/4773.png,4773.png,4773,4773,existing,,4773-63b8a4354bd0.png,generated/item-icons/4773-63b8a4354bd0.png,,Observed from cached Buddy page-data item image; review before asset download or canonical promotion.
Zombie Buddy Doll,zombie buddy doll,zombie-buddy-doll,https://buddy.farm/i/zombie-buddy-doll/,https://farmrpg.com/img/items/zbuddy.png,/img/items/zbuddy.png,zbuddy.png,zbuddy,,existing,,zbuddy-7d75e88244cc.png,generated/item-icons/zbuddy-7d75e88244cc.png,,Observed from cached Buddy page-data item image; review before asset download or canonical promotion.