item_name,canonical_key,generated_buddy_slug,candidate_buddy_url,page_title,extraction_status,observation_status,icon_url,icon_pathname,icon_filename,icon_asset_key,farmrpg_item_id_candidate,flags,notes
10 Gold,10 gold,10-gold,https://buddy.farm/i/10-gold/,10 Gold,icon_found,observed,https://farmrpg.com/img/items/10gold.png,/img/items/10gold.png,10gold.png,10gold,,,Observed from cached Buddy page-data item image; review before asset download or canonical promotion.
100 Gold,100 gold,100-gold,https://buddy.farm/i/100-gold/,100 Gold,icon_found,observed,https://farmrpg.com/img/items/goldpouch2.png,/img/items/goldpouch2.png,goldpouch2.png,goldpouch2,,,Observed from cached Buddy page-data item image; review before asset download or canonical promotion.
11th Leaf Centerpiece,11th leaf centerpiece,11th-leaf-centerpiece,https://buddy.farm/i/11th-leaf-centerpiece/,11th Leaf Centerpiece,icon_found,observed,https://farmrpg.com/img/items/centerpiece.png,/img/items/centerpiece.png,centerpiece.png,centerpiece,,,Observed from cached Buddy page-data item image; review before asset download or canonical promotion.
25 Gold,25 gold,25-gold,https://buddy.farm/i/25-gold/,25 Gold,icon_found,observed,https://farmrpg.com/img/items/25gold.png,/img/items/25gold.png,25gold.png,25gold,,,Observed from cached Buddy page-data item image; review before asset download or canonical promotion.
3-leaf Clover,3 leaf clover,3-leaf-clover,https://buddy.farm/i/3-leaf-clover/,3-leaf Clover,icon_found,observed,https://farmrpg.com/img/items/8250.PNG,/img/items/8250.PNG,8250.PNG,8250,8250,,Observed from cached Buddy page-data item image; review before asset download or canonical promotion.
3rd Birthday Card,3rd birthday card,3rd-birthday-card,https://buddy.farm/i/3rd-birthday-card/,3rd Birthday Card,icon_found,observed,https://farmrpg.com/img/items/card_3ears.png,/img/items/card_3ears.png,card_3ears.png,card_3ears,,,Observed from cached Buddy page-data item image; review before asset download or canonical promotion.
4-leaf Clover,4 leaf clover,4-leaf-clover,https://buddy.farm/i/4-leaf-clover/,4-leaf Clover,icon_found,observed,https://farmrpg.com/img/items/fourleaf.png,/img/items/fourleaf.png,fourleaf.png,fourleaf,,,Observed from cached Buddy page-data item image; review before asset download or canonical promotion.
4th Birthday Card,4th birthday card,4th-birthday-card,https://buddy.farm/i/4th-birthday-card/,4th Birthday Card,icon_found,observed,https://farmrpg.com/img/items/card_4th.png,/img/items/card_4th.png,card_4th.png,card_4th,,,Observed from cached Buddy page-data item image; review before asset download or canonical promotion.
5 Gold,5 gold,5-gold,https://buddy.farm/i/5-gold/,5 Gold,icon_found,observed,https://farmrpg.com/img/items/5gold.png,/img/items/5gold.png,5gold.png,5gold,,,Observed from cached Buddy page-data item image; review before asset download or canonical promotion.
50 Gold,50 gold,50-gold,https://buddy.farm/i/50-gold/,50 Gold,icon_found,observed,https://farmrpg.com/img/items/goldpouch1.png,/img/items/goldpouch1.png,goldpouch1.png,goldpouch1,,,Observed from cached Buddy page-data item image; review before asset download or canonical promotion.
5th Birthday Card,5th birthday card,5th-birthday-card,https://buddy.farm/i/5th-birthday-card/,5th Birthday Card,icon_found,observed,https://farmrpg.com/img/items/5th_card.png,/img/items/5th_card.png,5th_card.png,5th_card,,,Observed from cached Buddy page-data item image; review before asset download or canonical promotion.
Acorn,acorn,acorn,https://buddy.farm/i/acorn/,Acorn,icon_found,observed,https://farmrpg.com/img/items/5759.PNG,/img/items/5759.PNG,5759.PNG,5759,5759,,Observed from cached Buddy page-data item image; review before asset download or canonical promotion.
Acorn Butter,acorn butter,acorn-butter,https://buddy.farm/i/acorn-butter/,Acorn Butter,icon_found,observed,https://farmrpg.com/img/items/Acorn_butter.png,/img/items/Acorn_butter.png,Acorn_butter.png,Acorn_butter,,,Observed from cached Buddy page-data item image; review before asset download or canonical promotion.
Acorn Pie,acorn pie,acorn-pie,https://buddy.farm/i/acorn-pie/,Acorn Pie,icon_found,observed,https://farmrpg.com/img/items/acorn_pie.png,/img/items/acorn_pie.png,acorn_pie.png,acorn_pie,,,Observed from cached Buddy page-data item image; review before asset download or canonical promotion.
Adventure Buddy Doll,adventure buddy doll,adventure-buddy-doll,https://buddy.farm/i/adventure-buddy-doll/,Adventure Buddy Doll,icon_found,observed,https://farmrpg.com/img/items/ebuddy.png,/img/items/ebuddy.png,ebuddy.png,ebuddy,,,Observed from cached Buddy page-data item image; review before asset download or canonical promotion.
Alien Fuzzy Chick,alien fuzzy chick,alien-fuzzy-chick,https://buddy.farm/i/alien-fuzzy-chick/,Alien Fuzzy Chick,icon_found,observed,https://farmrpg.com/img/items/alien_fuzzy_chick.png,/img/items/alien_fuzzy_chick.png,alien_fuzzy_chick.png,alien_fuzzy_chick,,,Observed from cached Buddy page-data item image; review before asset download or canonical promotion.
Amber,amber,amber,https://buddy.farm/i/amber/,Amber,icon_found,observed,https://farmrpg.com/img/items/6675.png,/img/items/6675.png,6675.png,6675,6675,,Observed from cached Buddy page-data item image; review before asset download or canonical promotion.
Amber Cane,amber cane,amber-cane,https://buddy.farm/i/amber-cane/,Amber Cane,icon_found,observed,https://farmrpg.com/img/items/ambercane.png?2,/img/items/ambercane.png,ambercane.png,ambercane,,,Observed from cached Buddy page-data item image; review before asset download or canonical promotion.
Amber Mire Bloom,amber mire bloom,amber-mire-bloom,https://buddy.farm/i/amber-mire-bloom/,Amber Mire Bloom,icon_found,observed,https://farmrpg.com/img/items/amberbloom.png,/img/items/amberbloom.png,amberbloom.png,amberbloom,,,Observed from cached Buddy page-data item image; review before asset download or canonical promotion.
Amethyst,amethyst,amethyst,https://buddy.farm/i/amethyst/,Amethyst,icon_found,observed,https://farmrpg.com/img/items/amethyst.png,/img/items/amethyst.png,amethyst.png,amethyst,,,Observed from cached Buddy page-data item image; review before asset download or canonical promotion.
Amethyst Necklace,amethyst necklace,amethyst-necklace,https://buddy.farm/i/amethyst-necklace/,Amethyst Necklace,icon_found,observed,https://farmrpg.com/img/items/8016.png,/img/items/8016.png,8016.png,8016,8016,,Observed from cached Buddy page-data item image; review before asset download or canonical promotion.
Anchor,anchor,anchor,https://buddy.farm/i/anchor/,Anchor,icon_found,observed,https://farmrpg.com/img/items/pirates_45_t.png?1,/img/items/pirates_45_t.png,pirates_45_t.png,pirates_45_t,,,Observed from cached Buddy page-data item image; review before asset download or canonical promotion.
Ancient Coin,ancient coin,ancient-coin,https://buddy.farm/i/ancient-coin/,Ancient Coin,icon_found,observed,https://farmrpg.com/img/items/6019.PNG,/img/items/6019.PNG,6019.PNG,6019,6019,,Observed from cached Buddy page-data item image; review before asset download or canonical promotion.
Ancient Stone Cicada,ancient stone cicada,ancient-stone-cicada,https://buddy.farm/i/ancient-stone-cicada/,Ancient Stone Cicada,icon_found,observed,https://farmrpg.com/img/items/stonecicada.png?1,/img/items/stonecicada.png,stonecicada.png,stonecicada,,,Observed from cached Buddy page-data item image; review before asset download or canonical promotion.
Ancient Treasure Belt,ancient treasure belt,ancient-treasure-belt,https://buddy.farm/i/ancient-treasure-belt/,Ancient Treasure Belt,icon_found,observed,https://farmrpg.com/img/items/ancientbelt.png,/img/items/ancientbelt.png,ancientbelt.png,ancientbelt,,,Observed from cached Buddy page-data item image; review before asset download or canonical promotion.
Anglerfish,anglerfish,anglerfish,https://buddy.farm/i/anglerfish/,Anglerfish,icon_found,observed,https://farmrpg.com/img/items/pirates_76_t.png,/img/items/pirates_76_t.png,pirates_76_t.png,pirates_76_t,,,Observed from cached Buddy page-data item image; review before asset download or canonical promotion.
Ant Apple,ant apple,ant-apple,https://buddy.farm/i/ant-apple/,Ant Apple,icon_found,observed,https://farmrpg.com/img/items/ant_apple.png,/img/items/ant_apple.png,ant_apple.png,ant_apple,,,Observed from cached Buddy page-data item image; review before asset download or canonical promotion.
Antler,antler,antler,https://buddy.farm/i/antler/,Antler,icon_found,observed,https://farmrpg.com/img/items/5922.png,/img/items/5922.png,5922.png,5922,5922,,Observed from cached Buddy page-data item image; review before asset download or canonical promotion.
Apple,apple,apple,https://buddy.farm/i/apple/,Apple,icon_found,observed,https://farmrpg.com/img/items/8297.png,/img/items/8297.png,8297.png,8297,8297,,Observed from cached Buddy page-data item image; review before asset download or canonical promotion.
Apple Ant,apple ant,apple-ant,https://buddy.farm/i/apple-ant/,Apple Ant,icon_found,observed,https://farmrpg.com/img/items/apple_ant.png,/img/items/apple_ant.png,apple_ant.png,apple_ant,,,Observed from cached Buddy page-data item image; review before asset download or canonical promotion.
Apple Ant Buddy Doll,apple ant buddy doll,apple-ant-buddy-doll,https://buddy.farm/i/apple-ant-buddy-doll/,Apple Ant Buddy Doll,icon_found,observed,https://farmrpg.com/img/items/ant_apple_buddy_doll.png,/img/items/ant_apple_buddy_doll.png,ant_apple_buddy_doll.png,ant_apple_buddy_doll,,,Observed from cached Buddy page-data item image; review before asset download or canonical promotion.
Apple Basket,apple basket,apple-basket,https://buddy.farm/i/apple-basket/,Apple Basket,icon_found,observed,https://farmrpg.com/img/items/applebasket.png?2,/img/items/applebasket.png,applebasket.png,applebasket,,,Observed from cached Buddy page-data item image; review before asset download or canonical promotion.
Apple Belt,apple belt,apple-belt,https://buddy.farm/i/apple-belt/,Apple Belt,icon_found,observed,https://farmrpg.com/img/items/applebelt.png,/img/items/applebelt.png,applebelt.png,applebelt,,,Observed from cached Buddy page-data item image; review before asset download or canonical promotion.
Apple Buddy Doll,apple buddy doll,apple-buddy-doll,https://buddy.farm/i/apple-buddy-doll/,Apple Buddy Doll,icon_found,observed,https://farmrpg.com/img/items/apple_buddy_doll.png,/img/items/apple_buddy_doll.png,apple_buddy_doll.png,apple_buddy_doll,,,Observed from cached Buddy page-data item image; review before asset download or canonical promotion.
Apple Cider,apple cider,apple-cider,https://buddy.farm/i/apple-cider/,Apple Cider,icon_found,observed,https://farmrpg.com/img/items/8984.png,/img/items/8984.png,8984.png,8984,8984,,Observed from cached Buddy page-data item image; review before asset download or canonical promotion.
Apple Core,apple core,apple-core,https://buddy.farm/i/apple-core/,Apple Core,icon_found,observed,https://farmrpg.com/img/items/8267.PNG,/img/items/8267.PNG,8267.PNG,8267,8267,,Observed from cached Buddy page-data item image; review before asset download or canonical promotion.
Apple Crate 01,apple crate 01,apple-crate-01,https://buddy.farm/i/apple-crate-01/,Apple Crate 01,icon_found,observed,https://farmrpg.com/img/items/applecrate.png,/img/items/applecrate.png,applecrate.png,applecrate,,,Observed from cached Buddy page-data item image; review before asset download or canonical promotion.
Apple Crate 02,apple crate 02,apple-crate-02,https://buddy.farm/i/apple-crate-02/,Apple Crate 02,icon_found,observed,https://farmrpg.com/img/items/applecrate.png,/img/items/applecrate.png,applecrate.png,applecrate,,,Observed from cached Buddy page-data item image; review before asset download or canonical promotion.
Apple Picker,apple picker,apple-picker,https://buddy.farm/i/apple-picker/,Apple Picker,icon_found,observed,https://farmrpg.com/img/items/applepicker.png,/img/items/applepicker.png,applepicker.png,applepicker,,,Observed from cached Buddy page-data item image; review before asset download or canonical promotion.
Apple Pie,apple pie,apple-pie,https://buddy.farm/i/apple-pie/,Apple Pie,icon_found,observed,https://farmrpg.com/img/items/applepie2.png,/img/items/applepie2.png,applepie2.png,applepie2,,,Observed from cached Buddy page-data item image; review before asset download or canonical promotion.
Apple Slice,apple slice,apple-slice,https://buddy.farm/i/apple-slice/,Apple Slice,icon_found,observed,https://farmrpg.com/img/items/apple_slice.png,/img/items/apple_slice.png,apple_slice.png,apple_slice,,,Observed from cached Buddy page-data item image; review before asset download or canonical promotion.
Apple Slicer,apple slicer,apple-slicer,https://buddy.farm/i/apple-slicer/,Apple Slicer,icon_found,observed,https://farmrpg.com/img/items/applecutter.png,/img/items/applecutter.png,applecutter.png,applecutter,,,Observed from cached Buddy page-data item image; review before asset download or canonical promotion.
Apple Turnover,apple turnover,apple-turnover,https://buddy.farm/i/apple-turnover/,Apple Turnover,icon_found,observed,https://farmrpg.com/img/items/appleturnover.png,/img/items/appleturnover.png,appleturnover.png,appleturnover,,,Observed from cached Buddy page-data item image; review before asset download or canonical promotion.
Aquacite,aquacite,aquacite,https://buddy.farm/i/aquacite/,Aquacite,icon_found,observed,https://farmrpg.com/img/items/aquacite.png,/img/items/aquacite.png,aquacite.png,aquacite,,,Observed from cached Buddy page-data item image; review before asset download or canonical promotion.
Aquamarine,aquamarine,aquamarine,https://buddy.farm/i/aquamarine/,Aquamarine,icon_found,observed,https://farmrpg.com/img/items/6146.PNG,/img/items/6146.PNG,6146.PNG,6146,6146,,Observed from cached Buddy page-data item image; review before asset download or canonical promotion.
Aquamarine Ring,aquamarine ring,aquamarine-ring,https://buddy.farm/i/aquamarine-ring/,Aquamarine Ring,icon_found,observed,https://farmrpg.com/img/items/aquaring.png,/img/items/aquaring.png,aquaring.png,aquaring,,,Observed from cached Buddy page-data item image; review before asset download or canonical promotion.
Arnold Palmer,arnold palmer,arnold-palmer,https://buddy.farm/i/arnold-palmer/,Arnold Palmer,icon_found,observed,https://farmrpg.com/img/items/ap.png,/img/items/ap.png,ap.png,ap,,,Observed from cached Buddy page-data item image; review before asset download or canonical promotion.
Arrowhead,arrowhead,arrowhead,https://buddy.farm/i/arrowhead/,Arrowhead,icon_found,observed,https://farmrpg.com/img/items/5910.png,/img/items/5910.png,5910.png,5910,5910,,Observed from cached Buddy page-data item image; review before asset download or canonical promotion.
Ashes of Pentagorn,ashes of pentagorn,ashes-of-pentagorn,https://buddy.farm/i/ashes-of-pentagorn/,Ashes of Pentagorn,icon_found,observed,https://farmrpg.com/img/items/5848.png,/img/items/5848.png,5848.png,5848,5848,,Observed from cached Buddy page-data item image; review before asset download or canonical promotion.
Asteroid Egg,asteroid egg,asteroid-egg,https://buddy.farm/i/asteroid-egg/,Asteroid Egg,icon_found,observed,https://farmrpg.com/img/items/egg_asteroid.png,/img/items/egg_asteroid.png,egg_asteroid.png,egg_asteroid,,,Observed from cached Buddy page-data item image; review before asset download or canonical promotion.
Astro Fuzzy Chick,astro fuzzy chick,astro-fuzzy-chick,https://buddy.farm/i/astro-fuzzy-chick/,Astro Fuzzy Chick,icon_found,observed,https://farmrpg.com/img/items/astro_fuzzy_chick.png,/img/items/astro_fuzzy_chick.png,astro_fuzzy_chick.png,astro_fuzzy_chick,,,Observed from cached Buddy page-data item image; review before asset download or canonical promotion.
Awl,awl,awl,https://buddy.farm/i/awl/,Awl,icon_found,observed,https://farmrpg.com/img/items/2451.png,/img/items/2451.png,2451.png,2451,2451,,Observed from cached Buddy page-data item image; review before asset download or canonical promotion.
Axe,axe,axe,https://buddy.farm/i/axe/,Axe,icon_found,observed,https://farmrpg.com/img/items/5875.png?1,/img/items/5875.png,5875.png,5875,5875,,Observed from cached Buddy page-data item image; review before asset download or canonical promotion.
B for Buddies,b for buddies,b-for-buddies,https://buddy.farm/i/b-for-buddies/,B for Buddies,icon_found,observed,https://farmrpg.com/img/items/Buddiescandy.png,/img/items/Buddiescandy.png,Buddiescandy.png,Buddiescandy,,,Observed from cached Buddy page-data item image; review before asset download or canonical promotion.
Baba Bobblehead,baba bobblehead,baba-bobblehead,https://buddy.farm/i/baba-bobblehead/,Baba Bobblehead,icon_found,observed,https://farmrpg.com/img/items/bobble_baba.png,/img/items/bobble_baba.png,bobble_baba.png,bobble_baba,,,Observed from cached Buddy page-data item image; review before asset download or canonical promotion.
Baba Cola,baba cola,baba-cola,https://buddy.farm/i/baba-cola/,Baba Cola,icon_found,observed,https://farmrpg.com/img/items/babacola.png,/img/items/babacola.png,babacola.png,babacola,,,Observed from cached Buddy page-data item image; review before asset download or canonical promotion.
Baba Gec's Cabbage Stew,baba gec s cabbage stew,baba-gec-s-cabbage-stew,https://buddy.farm/i/baba-gec-s-cabbage-stew/,Baba Gec's Cabbage Stew,icon_found,observed,https://farmrpg.com/img/items/recipe.png,/img/items/recipe.png,recipe.png,recipe,,,Observed from cached Buddy page-data item image; review before asset download or canonical promotion.
Baba's Snack Pack,baba s snack pack,baba-s-snack-pack,https://buddy.farm/i/baba-s-snack-pack/,Baba's Snack Pack,icon_found,observed,https://farmrpg.com/img/items/babasnack.png,/img/items/babasnack.png,babasnack.png,babasnack,,,Observed from cached Buddy page-data item image; review before asset download or canonical promotion.
Backpack,backpack,backpack,https://buddy.farm/i/backpack/,Backpack,icon_found,observed,https://farmrpg.com/img/items/BagsAndBoxes_64_t.png,/img/items/BagsAndBoxes_64_t.png,BagsAndBoxes_64_t.png,BagsAndBoxes_64_t,,,Observed from cached Buddy page-data item image; review before asset download or canonical promotion.
Backstabbing Dagger,backstabbing dagger,backstabbing-dagger,https://buddy.farm/i/backstabbing-dagger/,Backstabbing Dagger,icon_found,observed,https://farmrpg.com/img/items/9078.png,/img/items/9078.png,9078.png,9078,9078,,Observed from cached Buddy page-data item image; review before asset download or canonical promotion.
Bacon,bacon,bacon,https://buddy.farm/i/bacon/,Bacon,icon_found,observed,https://farmrpg.com/img/items/bacon.png,/img/items/bacon.png,bacon.png,bacon,,,Observed from cached Buddy page-data item image; review before asset download or canonical promotion.
Bag of Ghost Candy,bag of ghost candy,bag-of-ghost-candy,https://buddy.farm/i/bag-of-ghost-candy/,Bag of Ghost Candy,icon_found,observed,https://farmrpg.com/img/items/ghost_candy_bag.png,/img/items/ghost_candy_bag.png,ghost_candy_bag.png,ghost_candy_bag,,,Observed from cached Buddy page-data item image; review before asset download or canonical promotion.
Bag of Presents 01,bag of presents 01,bag-of-presents-01,https://buddy.farm/i/bag-of-presents-01/,Bag of Presents 01,icon_found,observed,https://farmrpg.com/img/items/12_sm.png,/img/items/12_sm.png,12_sm.png,12_sm,,,Observed from cached Buddy page-data item image; review before asset download or canonical promotion.
Bag of Presents 02,bag of presents 02,bag-of-presents-02,https://buddy.farm/i/bag-of-presents-02/,Bag of Presents 02,icon_found,observed,https://farmrpg.com/img/items/12_sm.png,/img/items/12_sm.png,12_sm.png,12_sm,,,Observed from cached Buddy page-data item image; review before asset download or canonical promotion.
Bag of Snowballs,bag of snowballs,bag-of-snowballs,https://buddy.farm/i/bag-of-snowballs/,Bag of Snowballs,icon_found,observed,https://farmrpg.com/img/items/bagofsnowballs.png,/img/items/bagofsnowballs.png,bagofsnowballs.png,bagofsnowballs,,,Observed from cached Buddy page-data item image; review before asset download or canonical promotion.
Bag of Spring Seeds,bag of spring seeds,bag-of-spring-seeds,https://buddy.farm/i/bag-of-spring-seeds/,Bag of Spring Seeds,icon_found,observed,https://farmrpg.com/img/items/4497.png,/img/items/4497.png,4497.png,4497,4497,,Observed from cached Buddy page-data item image; review before asset download or canonical promotion.
Bahltruvian Scales,bahltruvian scales,bahltruvian-scales,https://buddy.farm/i/bahltruvian-scales/,Bahltruvian Scales,icon_found,observed,https://farmrpg.com/img/items/2392.png,/img/items/2392.png,2392.png,2392,2392,,Observed from cached Buddy page-data item image; review before asset download or canonical promotion.
Bait Bag 01,bait bag 01,bait-bag-01,https://buddy.farm/i/bait-bag-01/,Bait Bag 01,icon_found,observed,https://farmrpg.com/img/items/baitbag01.png,/img/items/baitbag01.png,baitbag01.png,baitbag01,,,Observed from cached Buddy page-data item image; review before asset download or canonical promotion.
Bamboo,bamboo,bamboo,https://buddy.farm/i/bamboo/,Bamboo,icon_found,observed,https://farmrpg.com/img/items/viri_4773.png,/img/items/viri_4773.png,viri_4773.png,viri_4773,,,Observed from cached Buddy page-data item image; review before asset download or canonical promotion.
Bamboo Chair,bamboo chair,bamboo-chair,https://buddy.farm/i/bamboo-chair/,Bamboo Chair,icon_found,observed,https://farmrpg.com/img/items/bamboochair.png,/img/items/bamboochair.png,bamboochair.png,bamboochair,,,Observed from cached Buddy page-data item image; review before asset download or canonical promotion.
Bamboo Fence,bamboo fence,bamboo-fence,https://buddy.farm/i/bamboo-fence/,Bamboo Fence,icon_found,observed,https://farmrpg.com/img/items/bamboofence.png,/img/items/bamboofence.png,bamboofence.png,bamboofence,,,Observed from cached Buddy page-data item image; review before asset download or canonical promotion.
Bamboo Flute,bamboo flute,bamboo-flute,https://buddy.farm/i/bamboo-flute/,Bamboo Flute,icon_found,observed,https://farmrpg.com/img/items/bambooflute.png,/img/items/bambooflute.png,bambooflute.png,bambooflute,,,Observed from cached Buddy page-data item image; review before asset download or canonical promotion.
Bamboo Rope,bamboo rope,bamboo-rope,https://buddy.farm/i/bamboo-rope/,Bamboo Rope,icon_found,observed,https://farmrpg.com/img/items/rope_t_01.png,/img/items/rope_t_01.png,rope_t_01.png,rope_t_01,,,Observed from cached Buddy page-data item image; review before asset download or canonical promotion.
Bamboo Trellis,bamboo trellis,bamboo-trellis,https://buddy.farm/i/bamboo-trellis/,Bamboo Trellis,icon_found,observed,https://farmrpg.com/img/items/bambootrellis.png,/img/items/bambootrellis.png,bambootrellis.png,bambootrellis,,,Observed from cached Buddy page-data item image; review before asset download or canonical promotion.
Banana Peel,banana peel,banana-peel,https://buddy.farm/i/banana-peel/,Banana Peel,icon_found,observed,https://farmrpg.com/img/items/1586.png,/img/items/1586.png,1586.png,1586,1586,,Observed from cached Buddy page-data item image; review before asset download or canonical promotion.
Bananas,bananas,bananas,https://buddy.farm/i/bananas/,Bananas,icon_found,observed,https://farmrpg.com/img/items/8285.png,/img/items/8285.png,8285.png,8285,8285,,Observed from cached Buddy page-data item image; review before asset download or canonical promotion.
Bar of Silver,bar of silver,bar-of-silver,https://buddy.farm/i/bar-of-silver/,Bar of Silver,icon_found,observed,https://farmrpg.com/img/items/silverbar.png,/img/items/silverbar.png,silverbar.png,silverbar,,,Observed from cached Buddy page-data item image; review before asset download or canonical promotion.
Barbed Wire,barbed wire,barbed-wire,https://buddy.farm/i/barbed-wire/,Barbed Wire,icon_found,observed,https://farmrpg.com/img/items/barbedwire.png,/img/items/barbedwire.png,barbedwire.png,barbedwire,,,Observed from cached Buddy page-data item image; review before asset download or canonical promotion.
Barnacle Shell,barnacle shell,barnacle-shell,https://buddy.farm/i/barnacle-shell/,Barnacle Shell,icon_found,observed,https://farmrpg.com/img/items/afk_8532.png,/img/items/afk_8532.png,afk_8532.png,afk_8532,,,Observed from cached Buddy page-data item image; review before asset download or canonical promotion.
Barracuda,barracuda,barracuda,https://buddy.farm/i/barracuda/,Barracuda,icon_found,observed,https://farmrpg.com/img/items/7486.png,/img/items/7486.png,7486.png,7486,7486,,Observed from cached Buddy page-data item image; review before asset download or canonical promotion.
Basic Pillow,basic pillow,basic-pillow,https://buddy.farm/i/basic-pillow/,Basic Pillow,icon_found,observed,https://farmrpg.com/img/items/basicpillow.png,/img/items/basicpillow.png,basicpillow.png,basicpillow,,,Observed from cached Buddy page-data item image; review before asset download or canonical promotion.
Bat Wing,bat wing,bat-wing,https://buddy.farm/i/bat-wing/,Bat Wing,icon_found,observed,https://farmrpg.com/img/items/5990.png,/img/items/5990.png,5990.png,5990,5990,,Observed from cached Buddy page-data item image; review before asset download or canonical promotion.
Beach Ball,beach ball,beach-ball,https://buddy.farm/i/beach-ball/,Beach Ball,icon_found,observed,https://farmrpg.com/img/items/beachball.png?1,/img/items/beachball.png,beachball.png,beachball,,,Observed from cached Buddy page-data item image; review before asset download or canonical promotion.
Beach Towel,beach towel,beach-towel,https://buddy.farm/i/beach-towel/,Beach Towel,icon_found,observed,https://farmrpg.com/img/items/beach_towel.png,/img/items/beach_towel.png,beach_towel.png,beach_towel,,,Observed from cached Buddy page-data item image; review before asset download or canonical promotion.
Beach Umbrella,beach umbrella,beach-umbrella,https://buddy.farm/i/beach-umbrella/,Beach Umbrella,icon_found,observed,https://farmrpg.com/img/items/beach_umbrella.png,/img/items/beach_umbrella.png,beach_umbrella.png,beach_umbrella,,,Observed from cached Buddy page-data item image; review before asset download or canonical promotion.
Bear Buddy Doll,bear buddy doll,bear-buddy-doll,https://buddy.farm/i/bear-buddy-doll/,Bear Buddy Doll,icon_found,observed,https://farmrpg.com/img/items/Bear_buddy.png,/img/items/Bear_buddy.png,Bear_buddy.png,Bear_buddy,,,Observed from cached Buddy page-data item image; review before asset download or canonical promotion.
Beary Squishies,beary squishies,beary-squishies,https://buddy.farm/i/beary-squishies/,Beary Squishies,icon_found,observed,https://farmrpg.com/img/items/squishybears.png,/img/items/squishybears.png,squishybears.png,squishybears,,,Observed from cached Buddy page-data item image; review before asset download or canonical promotion.
Beatrix Bobblehead,beatrix bobblehead,beatrix-bobblehead,https://buddy.farm/i/beatrix-bobblehead/,Beatrix Bobblehead,icon_found,observed,https://farmrpg.com/img/items/bobble_beatrix.png,/img/items/bobble_beatrix.png,bobble_beatrix.png,bobble_beatrix,,,Observed from cached Buddy page-data item image; review before asset download or canonical promotion.
Beatrix's Big Box of Boom,beatrix s big box of boom,beatrix-s-big-box-of-boom,https://buddy.farm/i/beatrix-s-big-box-of-boom/,Beatrix's Big Box of Boom,icon_found,observed,https://farmrpg.com/img/items/beatrixbox.png?1,/img/items/beatrixbox.png,beatrixbox.png,beatrixbox,,,Observed from cached Buddy page-data item image; review before asset download or canonical promotion.
Beatrix's Booming Brawl Box 01,beatrix s booming brawl box 01,beatrix-s-booming-brawl-box-01,https://buddy.farm/i/beatrix-s-booming-brawl-box-01/,Beatrix's Booming Brawl Box 01,icon_found,observed,https://farmrpg.com/img/items/bfw.png,/img/items/bfw.png,bfw.png,bfw,,,Observed from cached Buddy page-data item image; review before asset download or canonical promotion.
Beatrix's Booming Brawl Box 02,beatrix s booming brawl box 02,beatrix-s-booming-brawl-box-02,https://buddy.farm/i/beatrix-s-booming-brawl-box-02/,Beatrix's Booming Brawl Box 02,icon_found,observed,https://farmrpg.com/img/items/fireworks_box_2.png,/img/items/fireworks_box_2.png,fireworks_box_2.png,fireworks_box_2,,,Observed from cached Buddy page-data item image; review before asset download or canonical promotion.
Beet,beet,beet,https://buddy.farm/i/beet/,Beet,icon_found,observed,https://farmrpg.com/img/items/2850.png,/img/items/2850.png,2850.png,2850,2850,,Observed from cached Buddy page-data item image; review before asset download or canonical promotion.
Beet Seeds,beet seeds,beet-seeds,https://buddy.farm/i/beet-seeds/,Beet Seeds,icon_found,observed,https://farmrpg.com/img/items/seeds_beet.png,/img/items/seeds_beet.png,seeds_beet.png,seeds_beet,,,Observed from cached Buddy page-data item image; review before asset download or canonical promotion.
Bell,bell,bell,https://buddy.farm/i/bell/,Bell,icon_found,observed,https://farmrpg.com/img/items/bell.png,/img/items/bell.png,bell.png,bell,,,Observed from cached Buddy page-data item image; review before asset download or canonical promotion.
Belt Drive,belt drive,belt-drive,https://buddy.farm/i/belt-drive/,Belt Drive,icon_found,observed,https://farmrpg.com/img/items/9347.png,/img/items/9347.png,9347.png,9347,9347,,Observed from cached Buddy page-data item image; review before asset download or canonical promotion.
Belt of Commander Uteer,belt of commander uteer,belt-of-commander-uteer,https://buddy.farm/i/belt-of-commander-uteer/,Belt of Commander Uteer,icon_found,observed,https://farmrpg.com/img/items/1679.png,/img/items/1679.png,1679.png,1679,1679,,Observed from cached Buddy page-data item image; review before asset download or canonical promotion.
Belt of Freedom,belt of freedom,belt-of-freedom,https://buddy.farm/i/belt-of-freedom/,Belt of Freedom,icon_found,observed,https://farmrpg.com/img/items/freedombelt.png,/img/items/freedombelt.png,freedombelt.png,freedombelt,,,Observed from cached Buddy page-data item image; review before asset download or canonical promotion.
Belt of Menace,belt of menace,belt-of-menace,https://buddy.farm/i/belt-of-menace/,Belt of Menace,icon_found,observed,https://farmrpg.com/img/items/s_98.png,/img/items/s_98.png,s_98.png,s_98,,,Observed from cached Buddy page-data item image; review before asset download or canonical promotion.
Belt of Truth,belt of truth,belt-of-truth,https://buddy.farm/i/belt-of-truth/,Belt of Truth,icon_found,observed,https://farmrpg.com/img/items/5488.png,/img/items/5488.png,5488.png,5488,5488,,Observed from cached Buddy page-data item image; review before asset download or canonical promotion.
Bessi Gan Belt,bessi gan belt,bessi-gan-belt,https://buddy.farm/i/bessi-gan-belt/,Bessi Gan Belt,icon_found,observed,https://farmrpg.com/img/items/5304.png,/img/items/5304.png,5304.png,5304,5304,,Observed from cached Buddy page-data item image; review before asset download or canonical promotion.
Bird Egg,bird egg,bird-egg,https://buddy.farm/i/bird-egg/,Bird Egg,icon_found,observed,https://farmrpg.com/img/items/6067.PNG,/img/items/6067.PNG,6067.PNG,6067,6067,,Observed from cached Buddy page-data item image; review before asset download or canonical promotion.
Bird Key,bird key,bird-key,https://buddy.farm/i/bird-key/,Bird Key,icon_found,observed,https://farmrpg.com/img/items/birdkey.png,/img/items/birdkey.png,birdkey.png,birdkey,,,Observed from cached Buddy page-data item image; review before asset download or canonical promotion.
Bird Skull 01,bird skull 01,bird-skull-01,https://buddy.farm/i/bird-skull-01/,Bird Skull 01,icon_found,observed,https://farmrpg.com/img/items/1138.png,/img/items/1138.png,1138.png,1138,1138,,Observed from cached Buddy page-data item image; review before asset download or canonical promotion.
Birthday Present,birthday present,birthday-present,https://buddy.farm/i/birthday-present/,Birthday Present,icon_found,observed,https://farmrpg.com/img/items/present03.png,/img/items/present03.png,present03.png,present03,,,Observed from cached Buddy page-data item image; review before asset download or canonical promotion.
Birthday Suit Buddy Doll,birthday suit buddy doll,birthday-suit-buddy-doll,https://buddy.farm/i/birthday-suit-buddy-doll/,Birthday Suit Buddy Doll,icon_found,observed,https://farmrpg.com/img/items/birthday_suit_undies_buddy_doll.png,/img/items/birthday_suit_undies_buddy_doll.png,birthday_suit_undies_buddy_doll.png,birthday_suit_undies_buddy_doll,,,Observed from cached Buddy page-data item image; review before asset download or canonical promotion.
Birthday Surprise Box 03,birthday surprise box 03,birthday-surprise-box-03,https://buddy.farm/i/birthday-surprise-box-03/,Birthday Surprise Box 03,icon_found,observed,https://farmrpg.com/img/items/bsb01.png,/img/items/bsb01.png,bsb01.png,bsb01,,,Observed from cached Buddy page-data item image; review before asset download or canonical promotion.
Birthday Surprise Box 04,birthday surprise box 04,birthday-surprise-box-04,https://buddy.farm/i/birthday-surprise-box-04/,Birthday Surprise Box 04,icon_found,observed,https://farmrpg.com/img/items/bsb01.png,/img/items/bsb01.png,bsb01.png,bsb01,,,Observed from cached Buddy page-data item image; review before asset download or canonical promotion.
Birthday Surprise Box 05,birthday surprise box 05,birthday-surprise-box-05,https://buddy.farm/i/birthday-surprise-box-05/,Birthday Surprise Box 05,icon_found,observed,https://farmrpg.com/img/items/bsb01.png,/img/items/bsb01.png,bsb01.png,bsb01,,,Observed from cached Buddy page-data item image; review before asset download or canonical promotion.
Bitten Apple,bitten apple,bitten-apple,https://buddy.farm/i/bitten-apple/,Bitten Apple,icon_found,observed,https://farmrpg.com/img/items/bittenapple.png,/img/items/bittenapple.png,bittenapple.png,bittenapple,,,Observed from cached Buddy page-data item image; review before asset download or canonical promotion.
Black Bag,black bag,black-bag,https://buddy.farm/i/black-bag/,Black Bag,icon_found,observed,https://farmrpg.com/img/items/blackbag.png,/img/items/blackbag.png,blackbag.png,blackbag,,,Observed from cached Buddy page-data item image; review before asset download or canonical promotion.
Black Cloak,black cloak,black-cloak,https://buddy.farm/i/black-cloak/,Black Cloak,icon_found,observed,https://farmrpg.com/img/items/blackcloak.png,/img/items/blackcloak.png,blackcloak.png,blackcloak,,,Observed from cached Buddy page-data item image; review before asset download or canonical promotion.
Black Dye,black dye,black-dye,https://buddy.farm/i/black-dye/,Black Dye,icon_found,observed,https://farmrpg.com/img/items/blackdye.png,/img/items/blackdye.png,blackdye.png,blackdye,,,Observed from cached Buddy page-data item image; review before asset download or canonical promotion.
Black Hole Egg,black hole egg,black-hole-egg,https://buddy.farm/i/black-hole-egg/,Black Hole Egg,icon_found,observed,https://farmrpg.com/img/items/egg_black_hold.png,/img/items/egg_black_hold.png,egg_black_hold.png,egg_black_hold,,,Observed from cached Buddy page-data item image; review before asset download or canonical promotion.
Black Powder,black powder,black-powder,https://buddy.farm/i/black-powder/,Black Powder,icon_found,observed,https://farmrpg.com/img/items/powder.png,/img/items/powder.png,powder.png,powder,,,Observed from cached Buddy page-data item image; review before asset download or canonical promotion.
Black Purse,black purse,black-purse,https://buddy.farm/i/black-purse/,Black Purse,icon_found,observed,https://farmrpg.com/img/items/blackpurse.png,/img/items/blackpurse.png,blackpurse.png,blackpurse,,,Observed from cached Buddy page-data item image; review before asset download or canonical promotion.
Black Scarf,black scarf,black-scarf,https://buddy.farm/i/black-scarf/,Black Scarf,icon_found,observed,https://farmrpg.com/img/items/blackscarf.png,/img/items/blackscarf.png,blackscarf.png,blackscarf,,,Observed from cached Buddy page-data item image; review before asset download or canonical promotion.
Black Shield,black shield,black-shield,https://buddy.farm/i/black-shield/,Black Shield,icon_found,observed,https://farmrpg.com/img/items/blackshield.png,/img/items/blackshield.png,blackshield.png,blackshield,,,Observed from cached Buddy page-data item image; review before asset download or canonical promotion.
Black Shirt,black shirt,black-shirt,https://buddy.farm/i/black-shirt/,Black Shirt,icon_found,observed,https://farmrpg.com/img/items/blackshirt.png,/img/items/blackshirt.png,blackshirt.png,blackshirt,,,Observed from cached Buddy page-data item image; review before asset download or canonical promotion.
Black Truffle,black truffle,black-truffle,https://buddy.farm/i/black-truffle/,Black Truffle,icon_found,observed,https://farmrpg.com/img/items/blacktruffle.png,/img/items/blacktruffle.png,blacktruffle.png,blacktruffle,,,Observed from cached Buddy page-data item image; review before asset download or canonical promotion.
Black Twine,black twine,black-twine,https://buddy.farm/i/black-twine/,Black Twine,icon_found,observed,https://farmrpg.com/img/items/blacktwine.png,/img/items/blacktwine.png,blacktwine.png,blacktwine,,,Observed from cached Buddy page-data item image; review before asset download or canonical promotion.
Blitzen,blitzen,blitzen,https://buddy.farm/i/blitzen/,Blitzen,icon_found,observed,https://farmrpg.com/img/items/blitzen.png,/img/items/blitzen.png,blitzen.png,blitzen,,,Observed from cached Buddy page-data item image; review before asset download or canonical promotion.
Block of Wood,block of wood,block-of-wood,https://buddy.farm/i/block-of-wood/,Block of Wood,icon_found,observed,https://farmrpg.com/img/items/wood_block.png,/img/items/wood_block.png,wood_block.png,wood_block,,,Observed from cached Buddy page-data item image; review before asset download or canonical promotion.
Blood Crystal,blood crystal,blood-crystal,https://buddy.farm/i/blood-crystal/,Blood Crystal,icon_found,observed,https://farmrpg.com/img/items/2429.png,/img/items/2429.png,2429.png,2429,2429,,Observed from cached Buddy page-data item image; review before asset download or canonical promotion.
Blubberfish,blubberfish,blubberfish,https://buddy.farm/i/blubberfish/,Blubberfish,icon_found,observed,https://farmrpg.com/img/items/finp_415.png,/img/items/finp_415.png,finp_415.png,finp_415,,,Observed from cached Buddy page-data item image; review before asset download or canonical promotion.
Blue Butterfly,blue butterfly,blue-butterfly,https://buddy.farm/i/blue-butterfly/,Blue Butterfly,icon_found,observed,https://farmrpg.com/img/items/afk_8578b.png,/img/items/afk_8578b.png,afk_8578b.png,afk_8578b,,,Observed from cached Buddy page-data item image; review before asset download or canonical promotion.
Blue Catfish,blue catfish,blue-catfish,https://buddy.farm/i/blue-catfish/,Blue Catfish,icon_found,observed,https://farmrpg.com/img/items/7842.PNG,/img/items/7842.PNG,7842.PNG,7842,7842,,Observed from cached Buddy page-data item image; review before asset download or canonical promotion.
Blue Crab,blue crab,blue-crab,https://buddy.farm/i/blue-crab/,Blue Crab,icon_found,observed,https://farmrpg.com/img/items/7825.PNG,/img/items/7825.PNG,7825.PNG,7825,7825,,Observed from cached Buddy page-data item image; review before asset download or canonical promotion.
Blue Diamond Fish,blue diamond fish,blue-diamond-fish,https://buddy.farm/i/blue-diamond-fish/,Blue Diamond Fish,icon_found,observed,https://farmrpg.com/img/items/bdfish.png,/img/items/bdfish.png,bdfish.png,bdfish,,,Observed from cached Buddy page-data item image; review before asset download or canonical promotion.
Blue Diary,blue diary,blue-diary,https://buddy.farm/i/blue-diary/,Blue Diary,icon_found,observed,https://farmrpg.com/img/items/bluediary.png,/img/items/bluediary.png,bluediary.png,bluediary,,,Observed from cached Buddy page-data item image; review before asset download or canonical promotion.
Blue Dye,blue dye,blue-dye,https://buddy.farm/i/blue-dye/,Blue Dye,icon_found,observed,https://farmrpg.com/img/items/bluedye.png,/img/items/bluedye.png,bluedye.png,bluedye,,,Observed from cached Buddy page-data item image; review before asset download or canonical promotion.
Blue Feathers,blue feathers,blue-feathers,https://buddy.farm/i/blue-feathers/,Blue Feathers,icon_found,observed,https://farmrpg.com/img/items/5963.png,/img/items/5963.png,5963.png,5963,5963,,Observed from cached Buddy page-data item image; review before asset download or canonical promotion.
Blue Flowers,blue flowers,blue-flowers,https://buddy.farm/i/blue-flowers/,Blue Flowers,icon_found,observed,https://farmrpg.com/img/items/bflowers.png,/img/items/bflowers.png,bflowers.png,bflowers,,,Observed from cached Buddy page-data item image; review before asset download or canonical promotion.
Blue Gel,blue gel,blue-gel,https://buddy.farm/i/blue-gel/,Blue Gel,icon_found,observed,https://farmrpg.com/img/items/ForestIcons_34_t.png,/img/items/ForestIcons_34_t.png,ForestIcons_34_t.png,ForestIcons_34_t,,,Observed from cached Buddy page-data item image; review before asset download or canonical promotion.
Blue Milk,blue milk,blue-milk,https://buddy.farm/i/blue-milk/,Blue Milk,icon_found,observed,https://farmrpg.com/img/items/bluemilk.png?2,/img/items/bluemilk.png,bluemilk.png,bluemilk,,,Observed from cached Buddy page-data item image; review before asset download or canonical promotion.
Blue Ornament,blue ornament,blue-ornament,https://buddy.farm/i/blue-ornament/,Blue Ornament,icon_found,observed,https://farmrpg.com/img/items/cr_t_03_f.png,/img/items/cr_t_03_f.png,cr_t_03_f.png,cr_t_03_f,,,Observed from cached Buddy page-data item image; review before asset download or canonical promotion.
Blue Parchment,blue parchment,blue-parchment,https://buddy.farm/i/blue-parchment/,Blue Parchment,icon_found,observed,https://farmrpg.com/img/items/blueparchment.png,/img/items/blueparchment.png,blueparchment.png,blueparchment,,,Observed from cached Buddy page-data item image; review before asset download or canonical promotion.
Blue Purse,blue purse,blue-purse,https://buddy.farm/i/blue-purse/,Blue Purse,icon_found,observed,https://farmrpg.com/img/items/bluepurse.png,/img/items/bluepurse.png,bluepurse.png,bluepurse,,,Observed from cached Buddy page-data item image; review before asset download or canonical promotion.
Blue Sea Bass,blue sea bass,blue-sea-bass,https://buddy.farm/i/blue-sea-bass/,Blue Sea Bass,icon_found,observed,https://farmrpg.com/img/items/7818.png,/img/items/7818.png,7818.png,7818,7818,,Observed from cached Buddy page-data item image; review before asset download or canonical promotion.
Blue Shell,blue shell,blue-shell,https://buddy.farm/i/blue-shell/,Blue Shell,icon_found,observed,https://farmrpg.com/img/items/7875.PNG,/img/items/7875.PNG,7875.PNG,7875,7875,,Observed from cached Buddy page-data item image; review before asset download or canonical promotion.
Blue Shirt,blue shirt,blue-shirt,https://buddy.farm/i/blue-shirt/,Blue Shirt,icon_found,observed,https://farmrpg.com/img/items/blueshirt.png,/img/items/blueshirt.png,blueshirt.png,blueshirt,,,Observed from cached Buddy page-data item image; review before asset download or canonical promotion.
Blue Spritz,blue spritz,blue-spritz,https://buddy.farm/i/blue-spritz/,Blue Spritz,icon_found,observed,https://farmrpg.com/img/items/bluedrink.png,/img/items/bluedrink.png,bluedrink.png,bluedrink,,,Observed from cached Buddy page-data item image; review before asset download or canonical promotion.
Blue Star Stomper,blue star stomper,blue-star-stomper,https://buddy.farm/i/blue-star-stomper/,Blue Star Stomper,icon_found,observed,https://farmrpg.com/img/items/bluefireworks.png,/img/items/bluefireworks.png,bluefireworks.png,bluefireworks,,,Observed from cached Buddy page-data item image; review before asset download or canonical promotion.
Blue Tang,blue tang,blue-tang,https://buddy.farm/i/blue-tang/,Blue Tang,icon_found,observed,https://farmrpg.com/img/items/bluetang.png?1,/img/items/bluetang.png,bluetang.png,bluetang,,,Observed from cached Buddy page-data item image; review before asset download or canonical promotion.
Blue Tiger Fish,blue tiger fish,blue-tiger-fish,https://buddy.farm/i/blue-tiger-fish/,Blue Tiger Fish,icon_found,observed,https://farmrpg.com/img/items/5772.png,/img/items/5772.png,5772.png,5772,5772,,Observed from cached Buddy page-data item image; review before asset download or canonical promotion.
Blue Twine,blue twine,blue-twine,https://buddy.farm/i/blue-twine/,Blue Twine,icon_found,observed,https://farmrpg.com/img/items/bluetwine.png,/img/items/bluetwine.png,bluetwine.png,bluetwine,,,Observed from cached Buddy page-data item image; review before asset download or canonical promotion.
Bluegill,bluegill,bluegill,https://buddy.farm/i/bluegill/,Bluegill,icon_found,observed,https://farmrpg.com/img/items/7722.PNG,/img/items/7722.PNG,7722.PNG,7722,7722,,Observed from cached Buddy page-data item image; review before asset download or canonical promotion.
Board,board,board,https://buddy.farm/i/board/,Board,icon_found,observed,https://farmrpg.com/img/items/5885.png,/img/items/5885.png,5885.png,5885,5885,,Observed from cached Buddy page-data item image; review before asset download or canonical promotion.
Bog Barnacle,bog barnacle,bog-barnacle,https://buddy.farm/i/bog-barnacle/,Bog Barnacle,icon_found,observed,https://farmrpg.com/img/items/382.png,/img/items/382.png,382.png,382,382,,Observed from cached Buddy page-data item image; review before asset download or canonical promotion.
Boghead Snapper,boghead snapper,boghead-snapper,https://buddy.farm/i/boghead-snapper/,Boghead Snapper,icon_found,observed,https://farmrpg.com/img/items/afk_8800.png,/img/items/afk_8800.png,afk_8800.png,afk_8800,,,Observed from cached Buddy page-data item image; review before asset download or canonical promotion.
Bogslug,bogslug,bogslug,https://buddy.farm/i/bogslug/,Bogslug,icon_found,observed,https://farmrpg.com/img/items/afk_8381.png,/img/items/afk_8381.png,afk_8381.png,afk_8381,,,Observed from cached Buddy page-data item image; review before asset download or canonical promotion.
Boltonic Love Potion 4,boltonic love potion 4,boltonic-love-potion-4,https://buddy.farm/i/boltonic-love-potion-4/,Boltonic Love Potion 4,icon_found,observed,https://farmrpg.com/img/items/lovepotion.png,/img/items/lovepotion.png,lovepotion.png,lovepotion,,,Observed from cached Buddy page-data item image; review before asset download or canonical promotion.
Bomb,bomb,bomb,https://buddy.farm/i/bomb/,Bomb,icon_found,observed,https://farmrpg.com/img/items/bomb.png,/img/items/bomb.png,bomb.png,bomb,,,Observed from cached Buddy page-data item image; review before asset download or canonical promotion.
Bone,bone,bone,https://buddy.farm/i/bone/,Bone,icon_found,observed,https://farmrpg.com/img/items/6033.PNG,/img/items/6033.PNG,6033.PNG,6033,6033,,Observed from cached Buddy page-data item image; review before asset download or canonical promotion.
Bone 02,bone 02,bone-02,https://buddy.farm/i/bone-02/,Bone 02,icon_found,observed,https://farmrpg.com/img/items/bone2.png,/img/items/bone2.png,bone2.png,bone2,,,Observed from cached Buddy page-data item image; review before asset download or canonical promotion.
Bone 03,bone 03,bone-03,https://buddy.farm/i/bone-03/,Bone 03,icon_found,observed,https://farmrpg.com/img/items/bone3.png,/img/items/bone3.png,bone3.png,bone3,,,Observed from cached Buddy page-data item image; review before asset download or canonical promotion.
Bone 04,bone 04,bone-04,https://buddy.farm/i/bone-04/,Bone 04,icon_found,observed,https://farmrpg.com/img/items/bone4.png,/img/items/bone4.png,bone4.png,bone4,,,Observed from cached Buddy page-data item image; review before asset download or canonical promotion.
Bone 05,bone 05,bone-05,https://buddy.farm/i/bone-05/,Bone 05,icon_found,observed,https://farmrpg.com/img/items/bone5.png,/img/items/bone5.png,bone5.png,bone5,,,Observed from cached Buddy page-data item image; review before asset download or canonical promotion.
Bone 06,bone 06,bone-06,https://buddy.farm/i/bone-06/,Bone 06,icon_found,observed,https://farmrpg.com/img/items/1276.PNG,/img/items/1276.PNG,1276.PNG,1276,1276,,Observed from cached Buddy page-data item image; review before asset download or canonical promotion.
Bone Broth,bone broth,bone-broth,https://buddy.farm/i/bone-broth/,Bone Broth,icon_found,observed,https://farmrpg.com/img/items/bonebroth.png,/img/items/bonebroth.png,bonebroth.png,bonebroth,,,Observed from cached Buddy page-data item image; review before asset download or canonical promotion.
Bone Fish,bone fish,bone-fish,https://buddy.farm/i/bone-fish/,Bone Fish,icon_found,observed,https://farmrpg.com/img/items/7741.PNG,/img/items/7741.PNG,7741.PNG,7741,7741,,Observed from cached Buddy page-data item image; review before asset download or canonical promotion.
Bone Fragments,bone fragments,bone-fragments,https://buddy.farm/i/bone-fragments/,Bone Fragments,icon_found,observed,https://farmrpg.com/img/items/873.PNG,/img/items/873.PNG,873.PNG,873,873,,Observed from cached Buddy page-data item image; review before asset download or canonical promotion.
Bone Pickaxe,bone pickaxe,bone-pickaxe,https://buddy.farm/i/bone-pickaxe/,Bone Pickaxe,icon_found,observed,https://farmrpg.com/img/items/boneaxe.png?2,/img/items/boneaxe.png,boneaxe.png,boneaxe,,,Observed from cached Buddy page-data item image; review before asset download or canonical promotion.
Boobun's Spray Bottle,boobun s spray bottle,boobun-s-spray-bottle,https://buddy.farm/i/boobun-s-spray-bottle/,Boobun's Spray Bottle,icon_found,observed,https://farmrpg.com/img/items/spraybottle.png,/img/items/spraybottle.png,spraybottle.png,spraybottle,,,Observed from cached Buddy page-data item image; review before asset download or canonical promotion.
Book of Clues,book of clues,book-of-clues,https://buddy.farm/i/book-of-clues/,Book of Clues,icon_found,observed,https://farmrpg.com/img/items/6979.png,/img/items/6979.png,6979.png,6979,6979,,Observed from cached Buddy page-data item image; review before asset download or canonical promotion.
Book of Fish,book of fish,book-of-fish,https://buddy.farm/i/book-of-fish/,Book of Fish,icon_found,observed,https://farmrpg.com/img/items/bookoffish.png,/img/items/bookoffish.png,bookoffish.png,bookoffish,,,Observed from cached Buddy page-data item image; review before asset download or canonical promotion.
Book of Flora,book of flora,book-of-flora,https://buddy.farm/i/book-of-flora/,Book of Flora,icon_found,observed,https://farmrpg.com/img/items/7587.png,/img/items/7587.png,7587.png,7587,7587,,Observed from cached Buddy page-data item image; review before asset download or canonical promotion.
Book of Insects,book of insects,book-of-insects,https://buddy.farm/i/book-of-insects/,Book of Insects,icon_found,observed,https://farmrpg.com/img/items/7578.png,/img/items/7578.png,7578.png,7578,7578,,Observed from cached Buddy page-data item image; review before asset download or canonical promotion.
Book of Knots,book of knots,book-of-knots,https://buddy.farm/i/book-of-knots/,Book of Knots,icon_found,observed,https://farmrpg.com/img/items/5835.png,/img/items/5835.png,5835.png,5835,5835,,Observed from cached Buddy page-data item image; review before asset download or canonical promotion.
Book of Maps,book of maps,book-of-maps,https://buddy.farm/i/book-of-maps/,Book of Maps,icon_found,observed,https://farmrpg.com/img/items/7583.png,/img/items/7583.png,7583.png,7583,7583,,Observed from cached Buddy page-data item image; review before asset download or canonical promotion.
Book of Schemas,book of schemas,book-of-schemas,https://buddy.farm/i/book-of-schemas/,Book of Schemas,icon_found,observed,https://farmrpg.com/img/items/7922.png,/img/items/7922.png,7922.png,7922,7922,,Observed from cached Buddy page-data item image; review before asset download or canonical promotion.
Book of Skill,book of skill,book-of-skill,https://buddy.farm/i/book-of-skill/,Book of Skill,icon_found,observed,https://farmrpg.com/img/items/7792.png,/img/items/7792.png,7792.png,7792,7792,,Observed from cached Buddy page-data item image; review before asset download or canonical promotion.
Book of Spells,book of spells,book-of-spells,https://buddy.farm/i/book-of-spells/,Book of Spells,icon_found,observed,https://farmrpg.com/img/items/afk_9510.png,/img/items/afk_9510.png,afk_9510.png,afk_9510,,,Observed from cached Buddy page-data item image; review before asset download or canonical promotion.
Book of Time,book of time,book-of-time,https://buddy.farm/i/book-of-time/,Book of Time,icon_found,observed,https://farmrpg.com/img/items/7574.png,/img/items/7574.png,7574.png,7574,7574,,Observed from cached Buddy page-data item image; review before asset download or canonical promotion.
Borgen Bag 01,borgen bag 01,borgen-bag-01,https://buddy.farm/i/borgen-bag-01/,Borgen Bag 01,icon_found,observed,https://farmrpg.com/img/items/BagsAndBoxes_59_t.png,/img/items/BagsAndBoxes_59_t.png,BagsAndBoxes_59_t.png,BagsAndBoxes_59_t,,,Observed from cached Buddy page-data item image; review before asset download or canonical promotion.
Borgen Bobblehead,borgen bobblehead,borgen-bobblehead,https://buddy.farm/i/borgen-bobblehead/,Borgen Bobblehead,icon_found,observed,https://farmrpg.com/img/items/bobble_borgen.png,/img/items/bobble_borgen.png,bobble_borgen.png,bobble_borgen,,,Observed from cached Buddy page-data item image; review before asset download or canonical promotion.
Borgen Buck,borgen buck,borgen-buck,https://buddy.farm/i/borgen-buck/,Borgen Buck,icon_found,observed,https://farmrpg.com/img/items/borgenbuck.png,/img/items/borgenbuck.png,borgenbuck.png,borgenbuck,,,Observed from cached Buddy page-data item image; review before asset download or canonical promotion.
Borgen's Dancing Belt,borgen s dancing belt,borgen-s-dancing-belt,https://buddy.farm/i/borgen-s-dancing-belt/,Borgen's Dancing Belt,icon_found,observed,https://farmrpg.com/img/items/2064.png,/img/items/2064.png,2064.png,2064,2064,,Observed from cached Buddy page-data item image; review before asset download or canonical promotion.
Bottle Rocket,bottle rocket,bottle-rocket,https://buddy.farm/i/bottle-rocket/,Bottle Rocket,icon_found,observed,https://farmrpg.com/img/items/6123.png,/img/items/6123.png,6123.png,6123,6123,,Observed from cached Buddy page-data item image; review before asset download or canonical promotion.
Bouquet of Flowers,bouquet of flowers,bouquet-of-flowers,https://buddy.farm/i/bouquet-of-flowers/,Bouquet of Flowers,icon_found,observed,https://farmrpg.com/img/items/bouquet.png?1,/img/items/bouquet.png,bouquet.png,bouquet,,,Observed from cached Buddy page-data item image; review before asset download or canonical promotion.
Bouquet of Roses,bouquet of roses,bouquet-of-roses,https://buddy.farm/i/bouquet-of-roses/,Bouquet of Roses,icon_found,observed,https://farmrpg.com/img/items/l_03_t.PNG,/img/items/l_03_t.PNG,l_03_t.PNG,l_03_t,,,Observed from cached Buddy page-data item image; review before asset download or canonical promotion.
Box of Chocolate 01,box of chocolate 01,box-of-chocolate-01,https://buddy.farm/i/box-of-chocolate-01/,Box of Chocolate 01,icon_found,observed,https://farmrpg.com/img/items/l_06_t.png?1,/img/items/l_06_t.png,l_06_t.png,l_06_t,,,Observed from cached Buddy page-data item image; review before asset download or canonical promotion.
Box of Chocolate 02,box of chocolate 02,box-of-chocolate-02,https://buddy.farm/i/box-of-chocolate-02/,Box of Chocolate 02,icon_found,observed,https://farmrpg.com/img/items/l_06_t.png?1,/img/items/l_06_t.png,l_06_t.png,l_06_t,,,Observed from cached Buddy page-data item image; review before asset download or canonical promotion.
Box of Holiday Cakes,box of holiday cakes,box-of-holiday-cakes,https://buddy.farm/i/box-of-holiday-cakes/,Box of Holiday Cakes,icon_found,observed,https://farmrpg.com/img/items/treecakebox.png,/img/items/treecakebox.png,treecakebox.png,treecakebox,,,Observed from cached Buddy page-data item image; review before asset download or canonical promotion.
Brain Fungus,brain fungus,brain-fungus,https://buddy.farm/i/brain-fungus/,Brain Fungus,icon_found,observed,https://farmrpg.com/img/items/brainfungus.png,/img/items/brainfungus.png,brainfungus.png,brainfungus,,,Observed from cached Buddy page-data item image; review before asset download or canonical promotion.
Bread,bread,bread,https://buddy.farm/i/bread/,Bread,icon_found,observed,https://farmrpg.com/img/items/7200.png,/img/items/7200.png,7200.png,7200,7200,,Observed from cached Buddy page-data item image; review before asset download or canonical promotion.
Breakfast Boost,breakfast boost,breakfast-boost,https://buddy.farm/i/breakfast-boost/,Breakfast Boost,icon_found,observed,https://farmrpg.com/img/items/eggsandwich.png,/img/items/eggsandwich.png,eggsandwich.png,eggsandwich,,,Observed from cached Buddy page-data item image; review before asset download or canonical promotion.
Briomine,briomine,briomine,https://buddy.farm/i/briomine/,Briomine,icon_found,observed,https://farmrpg.com/img/items/9439.png,/img/items/9439.png,9439.png,9439,9439,,Observed from cached Buddy page-data item image; review before asset download or canonical promotion.
Broccoli,broccoli,broccoli,https://buddy.farm/i/broccoli/,Broccoli,icon_found,observed,https://farmrpg.com/img/items/8757.png,/img/items/8757.png,8757.png,8757,8757,,Observed from cached Buddy page-data item image; review before asset download or canonical promotion.
Broccoli Seeds,broccoli seeds,broccoli-seeds,https://buddy.farm/i/broccoli-seeds/,Broccoli Seeds,icon_found,observed,https://farmrpg.com/img/items/seeds_broccoli.png,/img/items/seeds_broccoli.png,seeds_broccoli.png,seeds_broccoli,,,Observed from cached Buddy page-data item image; review before asset download or canonical promotion.
Broken Bangle,broken bangle,broken-bangle,https://buddy.farm/i/broken-bangle/,Broken Bangle,icon_found,observed,https://farmrpg.com/img/items/9090.png,/img/items/9090.png,9090.png,9090,9090,,Observed from cached Buddy page-data item image; review before asset download or canonical promotion.
Broken Memory Belt,broken memory belt,broken-memory-belt,https://buddy.farm/i/broken-memory-belt/,Broken Memory Belt,icon_found,observed,https://farmrpg.com/img/items/5576.png,/img/items/5576.png,5576.png,5576,5576,,Observed from cached Buddy page-data item image; review before asset download or canonical promotion.
Broken Pipe,broken pipe,broken-pipe,https://buddy.farm/i/broken-pipe/,Broken Pipe,icon_found,observed,https://farmrpg.com/img/items/9389.PNG,/img/items/9389.PNG,9389.PNG,9389,9389,,Observed from cached Buddy page-data item image; review before asset download or canonical promotion.
Broken Sword,broken sword,broken-sword,https://buddy.farm/i/broken-sword/,Broken Sword,icon_found,observed,https://farmrpg.com/img/items/9489.png,/img/items/9489.png,9489.png,9489,9489,,Observed from cached Buddy page-data item image; review before asset download or canonical promotion.
Brooch of the Bahltruvian Elite,brooch of the bahltruvian elite,brooch-of-the-bahltruvian-elite,https://buddy.farm/i/brooch-of-the-bahltruvian-elite/,Brooch of the Bahltruvian Elite,icon_found,observed,https://farmrpg.com/img/items/brooch.png?1,/img/items/brooch.png,brooch.png,brooch,,,Observed from cached Buddy page-data item image; review before asset download or canonical promotion.
Broom,broom,broom,https://buddy.farm/i/broom/,Broom,icon_found,observed,https://farmrpg.com/img/items/5717.PNG,/img/items/5717.PNG,5717.PNG,5717,5717,,Observed from cached Buddy page-data item image; review before asset download or canonical promotion.
Brown Bag,brown bag,brown-bag,https://buddy.farm/i/brown-bag/,Brown Bag,icon_found,observed,https://farmrpg.com/img/items/brownbag.png,/img/items/brownbag.png,brownbag.png,brownbag,,,Observed from cached Buddy page-data item image; review before asset download or canonical promotion.
Brown Cloak,brown cloak,brown-cloak,https://buddy.farm/i/brown-cloak/,Brown Cloak,icon_found,observed,https://farmrpg.com/img/items/browncloak.png,/img/items/browncloak.png,browncloak.png,browncloak,,,Observed from cached Buddy page-data item image; review before asset download or canonical promotion.
Brown Dye,brown dye,brown-dye,https://buddy.farm/i/brown-dye/,Brown Dye,icon_found,observed,https://farmrpg.com/img/items/browndye.png,/img/items/browndye.png,browndye.png,browndye,,,Observed from cached Buddy page-data item image; review before asset download or canonical promotion.
Brown Sugar,brown sugar,brown-sugar,https://buddy.farm/i/brown-sugar/,Brown Sugar,icon_found,observed,https://farmrpg.com/img/items/sugar-brown.png,/img/items/sugar-brown.png,sugar-brown.png,sugar-brown,,,Observed from cached Buddy page-data item image; review before asset download or canonical promotion.
Brown Twine,brown twine,brown-twine,https://buddy.farm/i/brown-twine/,Brown Twine,icon_found,observed,https://farmrpg.com/img/items/browntwine.png,/img/items/browntwine.png,browntwine.png,browntwine,,,Observed from cached Buddy page-data item image; review before asset download or canonical promotion.
Bucket,bucket,bucket,https://buddy.farm/i/bucket/,Bucket,icon_found,observed,https://farmrpg.com/img/items/8263.PNG?1,/img/items/8263.PNG,8263.PNG,8263,8263,,Observed from cached Buddy page-data item image; review before asset download or canonical promotion.
Buddy Bobblehead,buddy bobblehead,buddy-bobblehead,https://buddy.farm/i/buddy-bobblehead/,Buddy Bobblehead,icon_found,observed,https://farmrpg.com/img/items/bobble_buddy.png,/img/items/bobble_buddy.png,bobble_buddy.png,bobble_buddy,,,Observed from cached Buddy page-data item image; review before asset download or canonical promotion.
Buddy Box,buddy box,buddy-box,https://buddy.farm/i/buddy-box/,Buddy Box,icon_found,observed,https://farmrpg.com/img/items/Buddycube.png,/img/items/Buddycube.png,Buddycube.png,Buddycube,,,Observed from cached Buddy page-data item image; review before asset download or canonical promotion.
Buddy Cushion,buddy cushion,buddy-cushion,https://buddy.farm/i/buddy-cushion/,Buddy Cushion,icon_found,observed,https://farmrpg.com/img/items/buddycushion.png,/img/items/buddycushion.png,buddycushion.png,buddycushion,,,Observed from cached Buddy page-data item image; review before asset download or canonical promotion.
Buddy Doll,buddy doll,buddy-doll,https://buddy.farm/i/buddy-doll/,Buddy Doll,icon_found,observed,https://farmrpg.com/img/items/buddydoll2.png,/img/items/buddydoll2.png,buddydoll2.png,buddydoll2,,,Observed from cached Buddy page-data item image; review before asset download or canonical promotion.
Buddy Doll Bag 01,buddy doll bag 01,buddy-doll-bag-01,https://buddy.farm/i/buddy-doll-bag-01/,Buddy Doll Bag 01,icon_found,observed,https://farmrpg.com/img/items/Buddybag3.png,/img/items/Buddybag3.png,Buddybag3.png,Buddybag3,,,Observed from cached Buddy page-data item image; review before asset download or canonical promotion.
Buddy Doll Bag 02,buddy doll bag 02,buddy-doll-bag-02,https://buddy.farm/i/buddy-doll-bag-02/,Buddy Doll Bag 02,icon_found,observed,https://farmrpg.com/img/items/Buddybag4.png,/img/items/Buddybag4.png,Buddybag4.png,Buddybag4,,,Observed from cached Buddy page-data item image; review before asset download or canonical promotion.
Buddy Elf on a Shelf,buddy elf on a shelf,buddy-elf-on-a-shelf,https://buddy.farm/i/buddy-elf-on-a-shelf/,Buddy Elf on a Shelf,icon_found,observed,https://farmrpg.com/img/items/belfonashelf.png,/img/items/belfonashelf.png,belfonashelf.png,belfonashelf,,,Observed from cached Buddy page-data item image; review before asset download or canonical promotion.
Buddy Loves You Card,buddy loves you card,buddy-loves-you-card,https://buddy.farm/i/buddy-loves-you-card/,Buddy Loves You Card,icon_found,observed,https://farmrpg.com/img/items/card_buddylove.png,/img/items/card_buddylove.png,card_buddylove.png,card_buddylove,,,Observed from cached Buddy page-data item image; review before asset download or canonical promotion.
Buddy's Beach Bag,buddy s beach bag,buddy-s-beach-bag,https://buddy.farm/i/buddy-s-beach-bag/,Buddy's Beach Bag,icon_found,observed,https://farmrpg.com/img/items/buddybag2.png,/img/items/buddybag2.png,buddybag2.png,buddybag2,,,Observed from cached Buddy page-data item image; review before asset download or canonical promotion.
Buddy's Beach Ball,buddy s beach ball,buddy-s-beach-ball,https://buddy.farm/i/buddy-s-beach-ball/,Buddy's Beach Ball,icon_found,observed,https://farmrpg.com/img/items/beachball2.png,/img/items/beachball2.png,beachball2.png,beachball2,,,Observed from cached Buddy page-data item image; review before asset download or canonical promotion.
Buddy's Old Pirate Belt,buddy s old pirate belt,buddy-s-old-pirate-belt,https://buddy.farm/i/buddy-s-old-pirate-belt/,Buddy's Old Pirate Belt,icon_found,observed,https://farmrpg.com/img/items/2077.png,/img/items/2077.png,2077.png,2077,2077,,Observed from cached Buddy page-data item image; review before asset download or canonical promotion.
Buddy's School Bag,buddy s school bag,buddy-s-school-bag,https://buddy.farm/i/buddy-s-school-bag/,Buddy's School Bag,icon_found,observed,https://farmrpg.com/img/items/buddybag.png?2,/img/items/buddybag.png,buddybag.png,buddybag,,,Observed from cached Buddy page-data item image; review before asset download or canonical promotion.
Buddy's Sleeping Cap,buddy s sleeping cap,buddy-s-sleeping-cap,https://buddy.farm/i/buddy-s-sleeping-cap/,Buddy's Sleeping Cap,icon_found,observed,https://farmrpg.com/img/items/buddyssleepingcap.png,/img/items/buddyssleepingcap.png,buddyssleepingcap.png,buddyssleepingcap,,,Observed from cached Buddy page-data item image; review before asset download or canonical promotion.
Buddystone,buddystone,buddystone,https://buddy.farm/i/buddystone/,Buddystone,icon_found,observed,https://farmrpg.com/img/items/buddystone.png,/img/items/buddystone.png,buddystone.png,buddystone,,,Observed from cached Buddy page-data item image; review before asset download or canonical promotion.
Bug Bag 01,bug bag 01,bug-bag-01,https://buddy.farm/i/bug-bag-01/,Bug Bag 01,icon_found,observed,https://farmrpg.com/img/items/bug_bag.png,/img/items/bug_bag.png,bug_bag.png,bug_bag,,,Observed from cached Buddy page-data item image; review before asset download or canonical promotion.
Bullfish,bullfish,bullfish,https://buddy.farm/i/bullfish/,Bullfish,icon_found,observed,https://farmrpg.com/img/items/bullfish.png,/img/items/bullfish.png,bullfish.png,bullfish,,,Observed from cached Buddy page-data item image; review before asset download or canonical promotion.
Bunny Buddy Doll,bunny buddy doll,bunny-buddy-doll,https://buddy.farm/i/bunny-buddy-doll/,Bunny Buddy Doll,icon_found,observed,https://farmrpg.com/img/items/bunnybuddydollx.png,/img/items/bunnybuddydollx.png,bunnybuddydollx.png,bunnybuddydollx,,,Observed from cached Buddy page-data item image; review before asset download or canonical promotion.
Bunny Ears,bunny ears,bunny-ears,https://buddy.farm/i/bunny-ears/,Bunny Ears,icon_found,observed,https://farmrpg.com/img/items/ears.png,/img/items/ears.png,ears.png,ears,,,Observed from cached Buddy page-data item image; review before asset download or canonical promotion.
Butter,butter,butter,https://buddy.farm/i/butter/,Butter,icon_found,observed,https://farmrpg.com/img/items/4431.png,/img/items/4431.png,4431.png,4431,4431,,Observed from cached Buddy page-data item image; review before asset download or canonical promotion.
Butter Churn,butter churn,butter-churn,https://buddy.farm/i/butter-churn/,Butter Churn,icon_found,observed,https://farmrpg.com/img/items/churn.png,/img/items/churn.png,churn.png,churn,,,Observed from cached Buddy page-data item image; review before asset download or canonical promotion.
Cabbage,cabbage,cabbage,https://buddy.farm/i/cabbage/,Cabbage,icon_found,observed,https://farmrpg.com/img/items/8319-3.png?1,/img/items/8319-3.png,8319-3.png,8319-3,,,Observed from cached Buddy page-data item image; review before asset download or canonical promotion.
Cabbage Seeds,cabbage seeds,cabbage-seeds,https://buddy.farm/i/cabbage-seeds/,Cabbage Seeds,icon_found,observed,https://farmrpg.com/img/items/seeds_cabbage.png,/img/items/seeds_cabbage.png,seeds_cabbage.png,seeds_cabbage,,,Observed from cached Buddy page-data item image; review before asset download or canonical promotion.
Cabbage Stew,cabbage stew,cabbage-stew,https://buddy.farm/i/cabbage-stew/,Cabbage Stew,icon_found,observed,https://farmrpg.com/img/items/greensoup.png,/img/items/greensoup.png,greensoup.png,greensoup,,,Observed from cached Buddy page-data item image; review before asset download or canonical promotion.
Cake,cake,cake,https://buddy.farm/i/cake/,Cake,icon_found,observed,https://farmrpg.com/img/items/the_cake_is_a_lie.png,/img/items/the_cake_is_a_lie.png,the_cake_is_a_lie.png,the_cake_is_a_lie,,,Observed from cached Buddy page-data item image; review before asset download or canonical promotion.
Calavera 01,calavera 01,calavera-01,https://buddy.farm/i/calavera-01/,Calavera 01,icon_found,observed,https://farmrpg.com/img/items/738.png,/img/items/738.png,738.png,738,738,,Observed from cached Buddy page-data item image; review before asset download or canonical promotion.
Calavera 02,calavera 02,calavera-02,https://buddy.farm/i/calavera-02/,Calavera 02,icon_found,observed,https://farmrpg.com/img/items/739.png,/img/items/739.png,739.png,739,739,,Observed from cached Buddy page-data item image; review before asset download or canonical promotion.
Calcifite,calcifite,calcifite,https://buddy.farm/i/calcifite/,Calcifite,icon_found,observed,https://farmrpg.com/img/items/9441.png,/img/items/9441.png,9441.png,9441,9441,,Observed from cached Buddy page-data item image; review before asset download or canonical promotion.
Camping Buddy Doll,camping buddy doll,camping-buddy-doll,https://buddy.farm/i/camping-buddy-doll/,Camping Buddy Doll,icon_found,observed,https://farmrpg.com/img/items/Campingbuddydoll.png,/img/items/Campingbuddydoll.png,Campingbuddydoll.png,Campingbuddydoll,,,Observed from cached Buddy page-data item image; review before asset download or canonical promotion.
Candy,candy,candy,https://buddy.farm/i/candy/,Candy,icon_found,observed,https://farmrpg.com/img/items/candy_t_09.png,/img/items/candy_t_09.png,candy_t_09.png,candy_t_09,,,Observed from cached Buddy page-data item image; review before asset download or canonical promotion.
Candy Cane,candy cane,candy-cane,https://buddy.farm/i/candy-cane/,Candy Cane,icon_found,observed,https://farmrpg.com/img/items/cr_t_05.png,/img/items/cr_t_05.png,cr_t_05.png,cr_t_05,,,Observed from cached Buddy page-data item image; review before asset download or canonical promotion.
Candy Corn,candy corn,candy-corn,https://buddy.farm/i/candy-corn/,Candy Corn,icon_found,observed,https://farmrpg.com/img/items/candycorn.png,/img/items/candycorn.png,candycorn.png,candycorn,,,Observed from cached Buddy page-data item image; review before asset download or canonical promotion.
Candy Roll,candy roll,candy-roll,https://buddy.farm/i/candy-roll/,Candy Roll,icon_found,observed,https://farmrpg.com/img/items/14_sm.png,/img/items/14_sm.png,14_sm.png,14_sm,,,Observed from cached Buddy page-data item image; review before asset download or canonical promotion.
Cannon,cannon,cannon,https://buddy.farm/i/cannon/,Cannon,icon_found,observed,https://farmrpg.com/img/items/1096.png,/img/items/1096.png,1096.png,1096,1096,,Observed from cached Buddy page-data item image; review before asset download or canonical promotion.
Canoe,canoe,canoe,https://buddy.farm/i/canoe/,Canoe,icon_found,observed,https://farmrpg.com/img/items/554.png,/img/items/554.png,554.png,554,554,,Observed from cached Buddy page-data item image; review before asset download or canonical promotion.
Captains Log,captains log,captains-log,https://buddy.farm/i/captains-log/,Captains Log,icon_found,observed,https://farmrpg.com/img/items/4868.png,/img/items/4868.png,4868.png,4868,4868,,Observed from cached Buddy page-data item image; review before asset download or canonical promotion.
Captured Ghost,captured ghost,captured-ghost,https://buddy.farm/i/captured-ghost/,Captured Ghost,icon_found,observed,https://farmrpg.com/img/ghost.png,/img/ghost.png,ghost.png,ghost,,,Observed from cached Buddy page-data item image; review before asset download or canonical promotion.
Capy Birthday Card,capy birthday card,capy-birthday-card,https://buddy.farm/i/capy-birthday-card/,Capy Birthday Card,icon_found,observed,https://farmrpg.com/img/items/card_capybirthday.png,/img/items/card_capybirthday.png,card_capybirthday.png,card_capybirthday,,,Observed from cached Buddy page-data item image; review before asset download or canonical promotion.
Carbon Sphere,carbon sphere,carbon-sphere,https://buddy.farm/i/carbon-sphere/,Carbon Sphere,icon_found,observed,https://farmrpg.com/img/items/carbonsphere.png,/img/items/carbonsphere.png,carbonsphere.png,carbonsphere,,,Observed from cached Buddy page-data item image; review before asset download or canonical promotion.
Carnevale,carnevale,carnevale,https://buddy.farm/i/carnevale/,Carnevale,icon_found,observed,https://farmrpg.com/img/items/2749.png,/img/items/2749.png,2749.png,2749,2749,,Observed from cached Buddy page-data item image; review before asset download or canonical promotion.
Carp,carp,carp,https://buddy.farm/i/carp/,Carp,icon_found,observed,https://farmrpg.com/img/items/7737.PNG,/img/items/7737.PNG,7737.PNG,7737,7737,,Observed from cached Buddy page-data item image; review before asset download or canonical promotion.
Carrot,carrot,carrot,https://buddy.farm/i/carrot/,Carrot,icon_found,observed,https://farmrpg.com/img/items/8391.PNG,/img/items/8391.PNG,8391.PNG,8391,8391,,Observed from cached Buddy page-data item image; review before asset download or canonical promotion.
Carrot Seeds,carrot seeds,carrot-seeds,https://buddy.farm/i/carrot-seeds/,Carrot Seeds,icon_found,observed,https://farmrpg.com/img/items/seeds_carrots.png,/img/items/seeds_carrots.png,seeds_carrots.png,seeds_carrots,,,Observed from cached Buddy page-data item image; review before asset download or canonical promotion.
Carved Bear,carved bear,carved-bear,https://buddy.farm/i/carved-bear/,Carved Bear,icon_found,observed,https://farmrpg.com/img/items/carvedbear.png,/img/items/carvedbear.png,carvedbear.png,carvedbear,,,Observed from cached Buddy page-data item image; review before asset download or canonical promotion.
Carved Camel,carved camel,carved-camel,https://buddy.farm/i/carved-camel/,Carved Camel,icon_found,observed,https://farmrpg.com/img/items/carvedcamel.png,/img/items/carvedcamel.png,carvedcamel.png,carvedcamel,,,Observed from cached Buddy page-data item image; review before asset download or canonical promotion.
Carved Chicken,carved chicken,carved-chicken,https://buddy.farm/i/carved-chicken/,Carved Chicken,icon_found,observed,https://farmrpg.com/img/items/carved_chicken.png,/img/items/carved_chicken.png,carved_chicken.png,carved_chicken,,,Observed from cached Buddy page-data item image; review before asset download or canonical promotion.
Carved Cow,carved cow,carved-cow,https://buddy.farm/i/carved-cow/,Carved Cow,icon_found,observed,https://farmrpg.com/img/items/carved_cow.png,/img/items/carved_cow.png,carved_cow.png,carved_cow,,,Observed from cached Buddy page-data item image; review before asset download or canonical promotion.
Carved Dragon,carved dragon,carved-dragon,https://buddy.farm/i/carved-dragon/,Carved Dragon,icon_found,observed,https://farmrpg.com/img/items/carved_dragon.png,/img/items/carved_dragon.png,carved_dragon.png,carved_dragon,,,Observed from cached Buddy page-data item image; review before asset download or canonical promotion.
Carved Fox,carved fox,carved-fox,https://buddy.farm/i/carved-fox/,Carved Fox,icon_found,observed,https://farmrpg.com/img/items/carved_fox.png,/img/items/carved_fox.png,carved_fox.png,carved_fox,,,Observed from cached Buddy page-data item image; review before asset download or canonical promotion.
Carved Kitty,carved kitty,carved-kitty,https://buddy.farm/i/carved-kitty/,Carved Kitty,icon_found,observed,https://farmrpg.com/img/items/carved_cat.png,/img/items/carved_cat.png,carved_cat.png,carved_cat,,,Observed from cached Buddy page-data item image; review before asset download or canonical promotion.
Carved Moose,carved moose,carved-moose,https://buddy.farm/i/carved-moose/,Carved Moose,icon_found,observed,https://farmrpg.com/img/items/carvedmoose.png,/img/items/carvedmoose.png,carvedmoose.png,carvedmoose,,,Observed from cached Buddy page-data item image; review before asset download or canonical promotion.
Carved Mouse,carved mouse,carved-mouse,https://buddy.farm/i/carved-mouse/,Carved Mouse,icon_found,observed,https://farmrpg.com/img/items/carved_mouse.png,/img/items/carved_mouse.png,carved_mouse.png,carved_mouse,,,Observed from cached Buddy page-data item image; review before asset download or canonical promotion.
Carved Owl,carved owl,carved-owl,https://buddy.farm/i/carved-owl/,Carved Owl,icon_found,observed,https://farmrpg.com/img/items/carvedowl.png,/img/items/carvedowl.png,carvedowl.png,carvedowl,,,Observed from cached Buddy page-data item image; review before asset download or canonical promotion.
Carved Pig,carved pig,carved-pig,https://buddy.farm/i/carved-pig/,Carved Pig,icon_found,observed,https://farmrpg.com/img/items/carved_pig.png,/img/items/carved_pig.png,carved_pig.png,carved_pig,,,Observed from cached Buddy page-data item image; review before asset download or canonical promotion.
Carved Rabbit,carved rabbit,carved-rabbit,https://buddy.farm/i/carved-rabbit/,Carved Rabbit,icon_found,observed,https://farmrpg.com/img/items/carvedrabbit.png,/img/items/carvedrabbit.png,carvedrabbit.png,carvedrabbit,,,Observed from cached Buddy page-data item image; review before asset download or canonical promotion.
Carved Rhino,carved rhino,carved-rhino,https://buddy.farm/i/carved-rhino/,Carved Rhino,icon_found,observed,https://farmrpg.com/img/items/carvedrhino.png,/img/items/carvedrhino.png,carvedrhino.png,carvedrhino,,,Observed from cached Buddy page-data item image; review before asset download or canonical promotion.
Carved Squirrel,carved squirrel,carved-squirrel,https://buddy.farm/i/carved-squirrel/,Carved Squirrel,icon_found,observed,https://farmrpg.com/img/items/carvedsquirrel.png,/img/items/carvedsquirrel.png,carvedsquirrel.png,carvedsquirrel,,,Observed from cached Buddy page-data item image; review before asset download or canonical promotion.
Carved Squisquatch,carved squisquatch,carved-squisquatch,https://buddy.farm/i/carved-squisquatch/,Carved Squisquatch,icon_found,observed,https://farmrpg.com/img/items/carved_squisquatch.png,/img/items/carved_squisquatch.png,carved_squisquatch.png,carved_squisquatch,,,Observed from cached Buddy page-data item image; review before asset download or canonical promotion.
Carved Warthog,carved warthog,carved-warthog,https://buddy.farm/i/carved-warthog/,Carved Warthog,icon_found,observed,https://farmrpg.com/img/items/carvedwh.png,/img/items/carvedwh.png,carvedwh.png,carvedwh,,,Observed from cached Buddy page-data item image; review before asset download or canonical promotion.
Cat's Meow,cat s meow,cat-s-meow,https://buddy.farm/i/cat-s-meow/,Cat's Meow,icon_found,observed,https://farmrpg.com/img/items/fishessensestew.png,/img/items/fishessensestew.png,fishessensestew.png,fishessensestew,,,Observed from cached Buddy page-data item image; review before asset download or canonical promotion.
Caterpillar,caterpillar,caterpillar,https://buddy.farm/i/caterpillar/,Caterpillar,icon_found,observed,https://farmrpg.com/img/items/caterpillar.png,/img/items/caterpillar.png,caterpillar.png,caterpillar,,,Observed from cached Buddy page-data item image; review before asset download or canonical promotion.
Catfish,catfish,catfish,https://buddy.farm/i/catfish/,Catfish,icon_found,observed,https://farmrpg.com/img/items/redcatfish.png,/img/items/redcatfish.png,redcatfish.png,redcatfish,,,Observed from cached Buddy page-data item image; review before asset download or canonical promotion.
Cave Key,cave key,cave-key,https://buddy.farm/i/cave-key/,Cave Key,icon_found,observed,https://farmrpg.com/img/items/stonekey.png?3,/img/items/stonekey.png,stonekey.png,stonekey,,,Observed from cached Buddy page-data item image; review before asset download or canonical promotion.
Cave Mushroom,cave mushroom,cave-mushroom,https://buddy.farm/i/cave-mushroom/,Cave Mushroom,icon_found,observed,https://farmrpg.com/img/items/6475.png,/img/items/6475.png,6475.png,6475,6475,,Observed from cached Buddy page-data item image; review before asset download or canonical promotion.
Cecil Bobblehead,cecil bobblehead,cecil-bobblehead,https://buddy.farm/i/cecil-bobblehead/,Cecil Bobblehead,icon_found,observed,https://farmrpg.com/img/items/bobble_cecil.png,/img/items/bobble_cecil.png,bobble_cecil.png,bobble_cecil,,,Observed from cached Buddy page-data item image; review before asset download or canonical promotion.
Cecil's Shrimp-a-Plenty,cecil s shrimp a plenty,cecil-s-shrimp-a-plenty,https://buddy.farm/i/cecil-s-shrimp-a-plenty/,Cecil's Shrimp-a-Plenty,icon_found,observed,https://farmrpg.com/img/items/recipe.png,/img/items/recipe.png,recipe.png,recipe,,,Observed from cached Buddy page-data item image; review before asset download or canonical promotion.
Cepathorf's Case,cepathorf s case,cepathorf-s-case,https://buddy.farm/i/cepathorf-s-case/,Cepathorf's Case,icon_found,observed,https://farmrpg.com/img/items/boxes_012.png,/img/items/boxes_012.png,boxes_012.png,boxes_012,,,Observed from cached Buddy page-data item image; review before asset download or canonical promotion.
Certificate of Beet Giving,certificate of beet giving,certificate-of-beet-giving,https://buddy.farm/i/certificate-of-beet-giving/,Certificate of Beet Giving,icon_found,observed,https://farmrpg.com/img/items/7896-purple.png,/img/items/7896-purple.png,7896-purple.png,7896-purple,,,Observed from cached Buddy page-data item image; review before asset download or canonical promotion.
Certificate of Broccoli Giving,certificate of broccoli giving,certificate-of-broccoli-giving,https://buddy.farm/i/certificate-of-broccoli-giving/,Certificate of Broccoli Giving,icon_found,observed,https://farmrpg.com/img/items/7896-green.png,/img/items/7896-green.png,7896-green.png,7896-green,,,Observed from cached Buddy page-data item image; review before asset download or canonical promotion.
Certificate of Cabbage Giving,certificate of cabbage giving,certificate-of-cabbage-giving,https://buddy.farm/i/certificate-of-cabbage-giving/,Certificate of Cabbage Giving,icon_found,observed,https://farmrpg.com/img/items/7896-green.png,/img/items/7896-green.png,7896-green.png,7896-green,,,Observed from cached Buddy page-data item image; review before asset download or canonical promotion.
Certificate of Carrot Giving,certificate of carrot giving,certificate-of-carrot-giving,https://buddy.farm/i/certificate-of-carrot-giving/,Certificate of Carrot Giving,icon_found,observed,https://farmrpg.com/img/items/7896-orange.png,/img/items/7896-orange.png,7896-orange.png,7896-orange,,,Observed from cached Buddy page-data item image; review before asset download or canonical promotion.
Certificate of Corn Giving,certificate of corn giving,certificate-of-corn-giving,https://buddy.farm/i/certificate-of-corn-giving/,Certificate of Corn Giving,icon_found,observed,https://farmrpg.com/img/items/7896-yellow.png,/img/items/7896-yellow.png,7896-yellow.png,7896-yellow,,,Observed from cached Buddy page-data item image; review before asset download or canonical promotion.
Certificate of Cotton Giving,certificate of cotton giving,certificate-of-cotton-giving,https://buddy.farm/i/certificate-of-cotton-giving/,Certificate of Cotton Giving,icon_found,observed,https://farmrpg.com/img/items/7896-gray.png,/img/items/7896-gray.png,7896-gray.png,7896-gray,,,Observed from cached Buddy page-data item image; review before asset download or canonical promotion.
Certificate of Cucumber Giving,certificate of cucumber giving,certificate-of-cucumber-giving,https://buddy.farm/i/certificate-of-cucumber-giving/,Certificate of Cucumber Giving,icon_found,observed,https://farmrpg.com/img/items/7896-green.png,/img/items/7896-green.png,7896-green.png,7896-green,,,Observed from cached Buddy page-data item image; review before asset download or canonical promotion.
Certificate of Eggplant Giving,certificate of eggplant giving,certificate-of-eggplant-giving,https://buddy.farm/i/certificate-of-eggplant-giving/,Certificate of Eggplant Giving,icon_found,observed,https://farmrpg.com/img/items/7896-purple.png,/img/items/7896-purple.png,7896-purple.png,7896-purple,,,Observed from cached Buddy page-data item image; review before asset download or canonical promotion.
Certificate of Hops Giving,certificate of hops giving,certificate-of-hops-giving,https://buddy.farm/i/certificate-of-hops-giving/,Certificate of Hops Giving,icon_found,observed,https://farmrpg.com/img/items/7896-green.png,/img/items/7896-green.png,7896-green.png,7896-green,,,Observed from cached Buddy page-data item image; review before asset download or canonical promotion.
Certificate of Leek Giving,certificate of leek giving,certificate-of-leek-giving,https://buddy.farm/i/certificate-of-leek-giving/,Certificate of Leek Giving,icon_found,observed,https://farmrpg.com/img/items/7896-green.png,/img/items/7896-green.png,7896-green.png,7896-green,,,Observed from cached Buddy page-data item image; review before asset download or canonical promotion.
Certificate of Onion Giving,certificate of onion giving,certificate-of-onion-giving,https://buddy.farm/i/certificate-of-onion-giving/,Certificate of Onion Giving,icon_found,observed,https://farmrpg.com/img/items/7896-green.png,/img/items/7896-green.png,7896-green.png,7896-green,,,Observed from cached Buddy page-data item image; review before asset download or canonical promotion.
Certificate of Pea Giving,certificate of pea giving,certificate-of-pea-giving,https://buddy.farm/i/certificate-of-pea-giving/,Certificate of Pea Giving,icon_found,observed,https://farmrpg.com/img/items/7896-green.png,/img/items/7896-green.png,7896-green.png,7896-green,,,Observed from cached Buddy page-data item image; review before asset download or canonical promotion.
Certificate of Pepper Giving,certificate of pepper giving,certificate-of-pepper-giving,https://buddy.farm/i/certificate-of-pepper-giving/,Certificate of Pepper Giving,icon_found,observed,https://farmrpg.com/img/items/7896.png,/img/items/7896.png,7896.png,7896,7896,,Observed from cached Buddy page-data item image; review before asset download or canonical promotion.
Certificate of Pine Giving,certificate of pine giving,certificate-of-pine-giving,https://buddy.farm/i/certificate-of-pine-giving/,Certificate of Pine Giving,icon_found,observed,https://farmrpg.com/img/items/7896-green.png,/img/items/7896-green.png,7896-green.png,7896-green,,,Observed from cached Buddy page-data item image; review before asset download or canonical promotion.
Certificate of Potato Giving,certificate of potato giving,certificate-of-potato-giving,https://buddy.farm/i/certificate-of-potato-giving/,Certificate of Potato Giving,icon_found,observed,https://farmrpg.com/img/items/7896-blue.png,/img/items/7896-blue.png,7896-blue.png,7896-blue,,,Observed from cached Buddy page-data item image; review before asset download or canonical promotion.
Certificate of Pumpkin Giving,certificate of pumpkin giving,certificate-of-pumpkin-giving,https://buddy.farm/i/certificate-of-pumpkin-giving/,Certificate of Pumpkin Giving,icon_found,observed,https://farmrpg.com/img/items/7896-orange.png,/img/items/7896-orange.png,7896-orange.png,7896-orange,,,Observed from cached Buddy page-data item image; review before asset download or canonical promotion.
Certificate of Radish Giving,certificate of radish giving,certificate-of-radish-giving,https://buddy.farm/i/certificate-of-radish-giving/,Certificate of Radish Giving,icon_found,observed,https://farmrpg.com/img/items/7896.png,/img/items/7896.png,7896.png,7896,7896,,Observed from cached Buddy page-data item image; review before asset download or canonical promotion.
Certificate of Rice Giving,certificate of rice giving,certificate-of-rice-giving,https://buddy.farm/i/certificate-of-rice-giving/,Certificate of Rice Giving,icon_found,observed,https://farmrpg.com/img/items/7896-yellow.png,/img/items/7896-yellow.png,7896-yellow.png,7896-yellow,,,Observed from cached Buddy page-data item image; review before asset download or canonical promotion.
Certificate of Sugar Cane Giving,certificate of sugar cane giving,certificate-of-sugar-cane-giving,https://buddy.farm/i/certificate-of-sugar-cane-giving/,Certificate of Sugar Cane Giving,icon_found,observed,https://farmrpg.com/img/items/7896-yellow.png,/img/items/7896-yellow.png,7896-yellow.png,7896-yellow,,,Observed from cached Buddy page-data item image; review before asset download or canonical promotion.
Certificate of Sunflower Giving,certificate of sunflower giving,certificate-of-sunflower-giving,https://buddy.farm/i/certificate-of-sunflower-giving/,Certificate of Sunflower Giving,icon_found,observed,https://farmrpg.com/img/items/7896-yellow.png,/img/items/7896-yellow.png,7896-yellow.png,7896-yellow,,,Observed from cached Buddy page-data item image; review before asset download or canonical promotion.
Certificate of Tomato Giving,certificate of tomato giving,certificate-of-tomato-giving,https://buddy.farm/i/certificate-of-tomato-giving/,Certificate of Tomato Giving,icon_found,observed,https://farmrpg.com/img/items/7896.png,/img/items/7896.png,7896.png,7896,7896,,Observed from cached Buddy page-data item image; review before asset download or canonical promotion.
Certificate of Watermelon Giving,certificate of watermelon giving,certificate-of-watermelon-giving,https://buddy.farm/i/certificate-of-watermelon-giving/,Certificate of Watermelon Giving,icon_found,observed,https://farmrpg.com/img/items/7896-green.png,/img/items/7896-green.png,7896-green.png,7896-green,,,Observed from cached Buddy page-data item image; review before asset download or canonical promotion.
Certificate of Wheat Giving,certificate of wheat giving,certificate-of-wheat-giving,https://buddy.farm/i/certificate-of-wheat-giving/,Certificate of Wheat Giving,icon_found,observed,https://farmrpg.com/img/items/7896-yellow.png,/img/items/7896-yellow.png,7896-yellow.png,7896-yellow,,,Observed from cached Buddy page-data item image; review before asset download or canonical promotion.
Chapiku,chapiku,chapiku,https://buddy.farm/i/chapiku/,Chapiku,icon_found,observed,https://farmrpg.com/img/items/Stripeymouse.png,/img/items/Stripeymouse.png,Stripeymouse.png,Stripeymouse,,,Observed from cached Buddy page-data item image; review before asset download or canonical promotion.
Charles Bobblehead,charles bobblehead,charles-bobblehead,https://buddy.farm/i/charles-bobblehead/,Charles Bobblehead,icon_found,observed,https://farmrpg.com/img/items/bobble_charles.png,/img/items/bobble_charles.png,bobble_charles.png,bobble_charles,,,Observed from cached Buddy page-data item image; review before asset download or canonical promotion.
Charles's Neigh,charles s neigh,charles-s-neigh,https://buddy.farm/i/charles-s-neigh/,Charles's Neigh,icon_found,observed,https://farmrpg.com/img/items/recipe.png,/img/items/recipe.png,recipe.png,recipe,,,Observed from cached Buddy page-data item image; review before asset download or canonical promotion.
Chattering Teeth,chattering teeth,chattering-teeth,https://buddy.farm/i/chattering-teeth/,Chattering Teeth,icon_found,observed,https://farmrpg.com/img/items/jaw_t_01.png?1,/img/items/jaw_t_01.png,jaw_t_01.png,jaw_t_01,,,Observed from cached Buddy page-data item image; review before asset download or canonical promotion.
Cheese,cheese,cheese,https://buddy.farm/i/cheese/,Cheese,icon_found,observed,https://farmrpg.com/img/items/8279.png,/img/items/8279.png,8279.png,8279,8279,,Observed from cached Buddy page-data item image; review before asset download or canonical promotion.
Cheese Wheel,cheese wheel,cheese-wheel,https://buddy.farm/i/cheese-wheel/,Cheese Wheel,icon_found,observed,https://farmrpg.com/img/items/viri_4437.png,/img/items/viri_4437.png,viri_4437.png,viri_4437,,,Observed from cached Buddy page-data item image; review before asset download or canonical promotion.
Chocolate Bunny,chocolate bunny,chocolate-bunny,https://buddy.farm/i/chocolate-bunny/,Chocolate Bunny,icon_found,observed,https://farmrpg.com/img/items/chocobunny.png,/img/items/chocobunny.png,chocobunny.png,chocobunny,,,Observed from cached Buddy page-data item image; review before asset download or canonical promotion.
Christmas Card,christmas card,christmas-card,https://buddy.farm/i/christmas-card/,Christmas Card,icon_found,observed,https://farmrpg.com/img/items/card_christmas.png,/img/items/card_christmas.png,card_christmas.png,card_christmas,,,Observed from cached Buddy page-data item image; review before asset download or canonical promotion.
Christmas Present 01,christmas present 01,christmas-present-01,https://buddy.farm/i/christmas-present-01/,Christmas Present 01,icon_found,observed,https://farmrpg.com/img/items/7468.png,/img/items/7468.png,7468.png,7468,7468,,Observed from cached Buddy page-data item image; review before asset download or canonical promotion.
Christmas Present 02,christmas present 02,christmas-present-02,https://buddy.farm/i/christmas-present-02/,Christmas Present 02,icon_found,observed,https://farmrpg.com/img/items/7468.png,/img/items/7468.png,7468.png,7468,7468,,Observed from cached Buddy page-data item image; review before asset download or canonical promotion.
Christmas Present 03,christmas present 03,christmas-present-03,https://buddy.farm/i/christmas-present-03/,Christmas Present 03,icon_found,observed,https://farmrpg.com/img/items/7468.png,/img/items/7468.png,7468.png,7468,7468,,Observed from cached Buddy page-data item image; review before asset download or canonical promotion.
Christmas Present 04,christmas present 04,christmas-present-04,https://buddy.farm/i/christmas-present-04/,Christmas Present 04,icon_found,observed,https://farmrpg.com/img/items/7468.png,/img/items/7468.png,7468.png,7468,7468,,Observed from cached Buddy page-data item image; review before asset download or canonical promotion.
Christmas Present 05,christmas present 05,christmas-present-05,https://buddy.farm/i/christmas-present-05/,Christmas Present 05,icon_found,observed,https://farmrpg.com/img/items/7468.png,/img/items/7468.png,7468.png,7468,7468,,Observed from cached Buddy page-data item image; review before asset download or canonical promotion.
Christmas Present 06,christmas present 06,christmas-present-06,https://buddy.farm/i/christmas-present-06/,Christmas Present 06,icon_found,observed,https://farmrpg.com/img/items/7468.png,/img/items/7468.png,7468.png,7468,7468,,Observed from cached Buddy page-data item image; review before asset download or canonical promotion.
Christmas Present 07,christmas present 07,christmas-present-07,https://buddy.farm/i/christmas-present-07/,Christmas Present 07,icon_found,observed,https://farmrpg.com/img/items/7468.png,/img/items/7468.png,7468.png,7468,7468,,Observed from cached Buddy page-data item image; review before asset download or canonical promotion.
Christmas Present 08,christmas present 08,christmas-present-08,https://buddy.farm/i/christmas-present-08/,Christmas Present 08,icon_found,observed,https://farmrpg.com/img/items/7468.png,/img/items/7468.png,7468.png,7468,7468,,Observed from cached Buddy page-data item image; review before asset download or canonical promotion.
Christmas Present 09,christmas present 09,christmas-present-09,https://buddy.farm/i/christmas-present-09/,Christmas Present 09,icon_found,observed,https://farmrpg.com/img/items/7468.png,/img/items/7468.png,7468.png,7468,7468,,Observed from cached Buddy page-data item image; review before asset download or canonical promotion.
Christmas Present 10,christmas present 10,christmas-present-10,https://buddy.farm/i/christmas-present-10/,Christmas Present 10,icon_found,observed,https://farmrpg.com/img/items/7468.png,/img/items/7468.png,7468.png,7468,7468,,Observed from cached Buddy page-data item image; review before asset download or canonical promotion.
Christmas Present 11,christmas present 11,christmas-present-11,https://buddy.farm/i/christmas-present-11/,Christmas Present 11,icon_found,observed,https://farmrpg.com/img/items/7468.png,/img/items/7468.png,7468.png,7468,7468,,Observed from cached Buddy page-data item image; review before asset download or canonical promotion.
Christmas Present 12,christmas present 12,christmas-present-12,https://buddy.farm/i/christmas-present-12/,Christmas Present 12,icon_found,observed,https://farmrpg.com/img/items/7468.png,/img/items/7468.png,7468.png,7468,7468,,Observed from cached Buddy page-data item image; review before asset download or canonical promotion.
Christmas Stocking,christmas stocking,christmas-stocking,https://buddy.farm/i/christmas-stocking/,Christmas Stocking,icon_found,observed,https://farmrpg.com/img/items/18_sm.png,/img/items/18_sm.png,18_sm.png,18_sm,,,Observed from cached Buddy page-data item image; review before asset download or canonical promotion.
Christmas Sweater,christmas sweater,christmas-sweater,https://buddy.farm/i/christmas-sweater/,Christmas Sweater,icon_found,observed,https://farmrpg.com/img/items/9_sm.png,/img/items/9_sm.png,9_sm.png,9_sm,,,Observed from cached Buddy page-data item image; review before asset download or canonical promotion.
Christmas Tree,christmas tree,christmas-tree,https://buddy.farm/i/christmas-tree/,Christmas Tree,icon_found,observed,https://farmrpg.com/img/items/cr_t_06_b.png?1,/img/items/cr_t_06_b.png,cr_t_06_b.png,cr_t_06_b,,,Observed from cached Buddy page-data item image; review before asset download or canonical promotion.
Chum,chum,chum,https://buddy.farm/i/chum/,Chum,icon_found,observed,https://farmrpg.com/img/items/chumbucket.png,/img/items/chumbucket.png,chumbucket.png,chumbucket,,,Observed from cached Buddy page-data item image; review before asset download or canonical promotion.
Cicada,cicada,cicada,https://buddy.farm/i/cicada/,Cicada,icon_found,observed,https://farmrpg.com/img/items/cicada.png?1,/img/items/cicada.png,cicada.png,cicada,,,Observed from cached Buddy page-data item image; review before asset download or canonical promotion.
Cicada Shell,cicada shell,cicada-shell,https://buddy.farm/i/cicada-shell/,Cicada Shell,icon_found,observed,https://farmrpg.com/img/items/cicadashell.png,/img/items/cicadashell.png,cicadashell.png,cicadashell,,,Observed from cached Buddy page-data item image; review before asset download or canonical promotion.
Cid Bobblehead,cid bobblehead,cid-bobblehead,https://buddy.farm/i/cid-bobblehead/,Cid Bobblehead,icon_found,observed,https://farmrpg.com/img/items/bobble_cid.png,/img/items/bobble_cid.png,bobble_cid.png,bobble_cid,,,Observed from cached Buddy page-data item image; review before asset download or canonical promotion.
Cid's Stone Ale,cid s stone ale,cid-s-stone-ale,https://buddy.farm/i/cid-s-stone-ale/,Cid's Stone Ale,icon_found,observed,https://farmrpg.com/img/items/ale.png,/img/items/ale.png,ale.png,ale,,,Observed from cached Buddy page-data item image; review before asset download or canonical promotion.
Circuit Breaker Belt,circuit breaker belt,circuit-breaker-belt,https://buddy.farm/i/circuit-breaker-belt/,Circuit Breaker Belt,icon_found,observed,https://farmrpg.com/img/items/973.png,/img/items/973.png,973.png,973,973,,Observed from cached Buddy page-data item image; review before asset download or canonical promotion.
Clam Shell,clam shell,clam-shell,https://buddy.farm/i/clam-shell/,Clam Shell,icon_found,observed,https://farmrpg.com/img/items/7820.png,/img/items/7820.png,7820.png,7820,7820,,Observed from cached Buddy page-data item image; review before asset download or canonical promotion.
Clawed Card,clawed card,clawed-card,https://buddy.farm/i/clawed-card/,Clawed Card,icon_found,observed,https://farmrpg.com/img/items/card_clawed.png,/img/items/card_clawed.png,card_clawed.png,card_clawed,,,Observed from cached Buddy page-data item image; review before asset download or canonical promotion.
Cleaver,cleaver,cleaver,https://buddy.farm/i/cleaver/,Cleaver,icon_found,observed,https://farmrpg.com/img/items/876.png,/img/items/876.png,876.png,876,876,,Observed from cached Buddy page-data item image; review before asset download or canonical promotion.
Cloth,cloth,cloth,https://buddy.farm/i/cloth/,Cloth,icon_found,observed,https://farmrpg.com/img/items/690.png,/img/items/690.png,690.png,690,690,,Observed from cached Buddy page-data item image; review before asset download or canonical promotion.
Clownfish,clownfish,clownfish,https://buddy.farm/i/clownfish/,Clownfish,icon_found,observed,https://farmrpg.com/img/items/7832.PNG,/img/items/7832.PNG,7832.PNG,7832,7832,,Observed from cached Buddy page-data item image; review before asset download or canonical promotion.
Clubs,clubs,clubs,https://buddy.farm/i/clubs/,Clubs,icon_found,observed,https://farmrpg.com/img/items/card_clubs.png,/img/items/card_clubs.png,card_clubs.png,card_clubs,,,Observed from cached Buddy page-data item image; review before asset download or canonical promotion.
Coal,coal,coal,https://buddy.farm/i/coal/,Coal,icon_found,observed,https://farmrpg.com/img/items/coal.png,/img/items/coal.png,coal.png,coal,,,Observed from cached Buddy page-data item image; review before asset download or canonical promotion.
Cockatrice Egg,cockatrice egg,cockatrice-egg,https://buddy.farm/i/cockatrice-egg/,Cockatrice Egg,icon_found,observed,https://farmrpg.com/img/items/cockatrice_egg.png,/img/items/cockatrice_egg.png,cockatrice_egg.png,cockatrice_egg,,,Observed from cached Buddy page-data item image; review before asset download or canonical promotion.
Cockatrice Ether Source,cockatrice ether source,cockatrice-ether-source,https://buddy.farm/i/cockatrice-ether-source/,Cockatrice Ether Source,icon_found,observed,https://farmrpg.com/img/items/ethersource.png,/img/items/ethersource.png,ethersource.png,ethersource,,,Observed from cached Buddy page-data item image; review before asset download or canonical promotion.
Coconut,coconut,coconut,https://buddy.farm/i/coconut/,Coconut,icon_found,observed,https://farmrpg.com/img/items/coconut.png,/img/items/coconut.png,coconut.png,coconut,,,Observed from cached Buddy page-data item image; review before asset download or canonical promotion.
Coconut Water,coconut water,coconut-water,https://buddy.farm/i/coconut-water/,Coconut Water,icon_found,observed,https://farmrpg.com/img/items/1922.png,/img/items/1922.png,1922.png,1922,1922,,Observed from cached Buddy page-data item image; review before asset download or canonical promotion.
Coderanger's Missing Semicolon,coderanger s missing semicolon,coderanger-s-missing-semicolon,https://buddy.farm/i/coderanger-s-missing-semicolon/,Coderanger's Missing Semicolon,icon_found,observed,https://farmrpg.com/img/items/semi.png,/img/items/semi.png,semi.png,semi,,,Observed from cached Buddy page-data item image; review before asset download or canonical promotion.
Cogwheel,cogwheel,cogwheel,https://buddy.farm/i/cogwheel/,Cogwheel,icon_found,observed,https://farmrpg.com/img/items/7211.png,/img/items/7211.png,7211.png,7211,7211,,Observed from cached Buddy page-data item image; review before asset download or canonical promotion.
Coin Purse,coin purse,coin-purse,https://buddy.farm/i/coin-purse/,Coin Purse,icon_found,observed,https://farmrpg.com/img/items/5945.PNG,/img/items/5945.PNG,5945.PNG,5945,5945,,Observed from cached Buddy page-data item image; review before asset download or canonical promotion.
Comet,comet,comet,https://buddy.farm/i/comet/,Comet,icon_found,observed,https://farmrpg.com/img/items/comet.png,/img/items/comet.png,comet.png,comet,,,Observed from cached Buddy page-data item image; review before asset download or canonical promotion.
Comet Egg,comet egg,comet-egg,https://buddy.farm/i/comet-egg/,Comet Egg,icon_found,observed,https://farmrpg.com/img/items/egg_comet.png,/img/items/egg_comet.png,egg_comet.png,egg_comet,,,Observed from cached Buddy page-data item image; review before asset download or canonical promotion.
Compass,compass,compass,https://buddy.farm/i/compass/,Compass,icon_found,observed,https://farmrpg.com/img/items/4919.png,/img/items/4919.png,4919.png,4919,4919,,Observed from cached Buddy page-data item image; review before asset download or canonical promotion.
Conch Shell,conch shell,conch-shell,https://buddy.farm/i/conch-shell/,Conch Shell,icon_found,observed,https://farmrpg.com/img/items/7904.png,/img/items/7904.png,7904.png,7904,7904,,Observed from cached Buddy page-data item image; review before asset download or canonical promotion.
Concord Grape Pie,concord grape pie,concord-grape-pie,https://buddy.farm/i/concord-grape-pie/,Concord Grape Pie,icon_found,observed,https://farmrpg.com/img/items/grapepie.png,/img/items/grapepie.png,grapepie.png,grapepie,,,Observed from cached Buddy page-data item image; review before asset download or canonical promotion.
Congratulations Card,congratulations card,congratulations-card,https://buddy.farm/i/congratulations-card/,Congratulations Card,icon_found,observed,https://farmrpg.com/img/items/card_congrats.png,/img/items/card_congrats.png,card_congrats.png,card_congrats,,,Observed from cached Buddy page-data item image; review before asset download or canonical promotion.
Consumption Belt,consumption belt,consumption-belt,https://buddy.farm/i/consumption-belt/,Consumption Belt,icon_found,observed,https://farmrpg.com/img/items/afk_9592.png,/img/items/afk_9592.png,afk_9592.png,afk_9592,,,Observed from cached Buddy page-data item image; review before asset download or canonical promotion.
Control Box,control box,control-box,https://buddy.farm/i/control-box/,Control Box,icon_found,observed,https://farmrpg.com/img/items/9306b32.png,/img/items/9306b32.png,9306b32.png,9306b32,,,Observed from cached Buddy page-data item image; review before asset download or canonical promotion.
Cooked Fish,cooked fish,cooked-fish,https://buddy.farm/i/cooked-fish/,Cooked Fish,icon_found,observed,https://farmrpg.com/img/items/6320.png,/img/items/6320.png,6320.png,6320,6320,,Observed from cached Buddy page-data item image; review before asset download or canonical promotion.
Cooked Turkey,cooked turkey,cooked-turkey,https://buddy.farm/i/cooked-turkey/,Cooked Turkey,icon_found,observed,https://farmrpg.com/img/items/5742.png,/img/items/5742.png,5742.png,5742,5742,,Observed from cached Buddy page-data item image; review before asset download or canonical promotion.
Cooking Pot,cooking pot,cooking-pot,https://buddy.farm/i/cooking-pot/,Cooking Pot,icon_found,observed,https://farmrpg.com/img/items/2364.png?1,/img/items/2364.png,2364.png,2364,2364,,Observed from cached Buddy page-data item image; review before asset download or canonical promotion.
Copper Wire,copper wire,copper-wire,https://buddy.farm/i/copper-wire/,Copper Wire,icon_found,observed,https://farmrpg.com/img/items/9327.PNG,/img/items/9327.PNG,9327.PNG,9327,9327,,Observed from cached Buddy page-data item image; review before asset download or canonical promotion.
Corn,corn,corn,https://buddy.farm/i/corn/,Corn,icon_found,observed,https://farmrpg.com/img/items/8288.png,/img/items/8288.png,8288.png,8288,8288,,Observed from cached Buddy page-data item image; review before asset download or canonical promotion.
Corn Ball,corn ball,corn-ball,https://buddy.farm/i/corn-ball/,Corn Ball,icon_found,observed,https://farmrpg.com/img/items/Cornball.png,/img/items/Cornball.png,Cornball.png,Cornball,,,Observed from cached Buddy page-data item image; review before asset download or canonical promotion.
Corn Bread,corn bread,corn-bread,https://buddy.farm/i/corn-bread/,Corn Bread,icon_found,observed,https://farmrpg.com/img/items/cornbread.png,/img/items/cornbread.png,cornbread.png,cornbread,,,Observed from cached Buddy page-data item image; review before asset download or canonical promotion.
Corn Buddy Doll,corn buddy doll,corn-buddy-doll,https://buddy.farm/i/corn-buddy-doll/,Corn Buddy Doll,icon_found,observed,https://farmrpg.com/img/items/cornbuddydollx.png,/img/items/cornbuddydollx.png,cornbuddydollx.png,cornbuddydollx,,,Observed from cached Buddy page-data item image; review before asset download or canonical promotion.
Corn Husk Doll,corn husk doll,corn-husk-doll,https://buddy.farm/i/corn-husk-doll/,Corn Husk Doll,icon_found,observed,https://farmrpg.com/img/items/856.png,/img/items/856.png,856.png,856,856,,Observed from cached Buddy page-data item image; review before asset download or canonical promotion.
Corn Kabob,corn kabob,corn-kabob,https://buddy.farm/i/corn-kabob/,Corn Kabob,icon_found,observed,https://farmrpg.com/img/items/cornkabob.png,/img/items/cornkabob.png,cornkabob.png,cornkabob,,,Observed from cached Buddy page-data item image; review before asset download or canonical promotion.
Corn Oil,corn oil,corn-oil,https://buddy.farm/i/corn-oil/,Corn Oil,icon_found,observed,https://farmrpg.com/img/items/cornoil.png,/img/items/cornoil.png,cornoil.png,cornoil,,,Observed from cached Buddy page-data item image; review before asset download or canonical promotion.
Corn Prize Bag,corn prize bag,corn-prize-bag,https://buddy.farm/i/corn-prize-bag/,Corn Prize Bag,icon_found,observed,https://farmrpg.com/img/items/bagofcorn.png,/img/items/bagofcorn.png,bagofcorn.png,bagofcorn,,,Observed from cached Buddy page-data item image; review before asset download or canonical promotion.
Corn Seeds,corn seeds,corn-seeds,https://buddy.farm/i/corn-seeds/,Corn Seeds,icon_found,observed,https://farmrpg.com/img/items/seeds_corn.png,/img/items/seeds_corn.png,seeds_corn.png,seeds_corn,,,Observed from cached Buddy page-data item image; review before asset download or canonical promotion.
Corn Speedrun Trophy,corn speedrun trophy,corn-speedrun-trophy,https://buddy.farm/i/corn-speedrun-trophy/,Corn Speedrun Trophy,icon_found,observed,https://farmrpg.com/img/items/corntrophy.png,/img/items/corntrophy.png,corntrophy.png,corntrophy,,,Observed from cached Buddy page-data item image; review before asset download or canonical promotion.
Cornucopia 01,cornucopia 01,cornucopia-01,https://buddy.farm/i/cornucopia-01/,Cornucopia 01,icon_found,observed,https://farmrpg.com/img/items/cornucopia.png,/img/items/cornucopia.png,cornucopia.png,cornucopia,,,Observed from cached Buddy page-data item image; review before asset download or canonical promotion.
Cornucopia 02,cornucopia 02,cornucopia-02,https://buddy.farm/i/cornucopia-02/,Cornucopia 02,icon_found,observed,https://farmrpg.com/img/items/cornucopia.png,/img/items/cornucopia.png,cornucopia.png,cornucopia,,,Observed from cached Buddy page-data item image; review before asset download or canonical promotion.
Cornucopia 03,cornucopia 03,cornucopia-03,https://buddy.farm/i/cornucopia-03/,Cornucopia 03,icon_found,observed,https://farmrpg.com/img/items/cornucopia.png,/img/items/cornucopia.png,cornucopia.png,cornucopia,,,Observed from cached Buddy page-data item image; review before asset download or canonical promotion.
Cotton,cotton,cotton,https://buddy.farm/i/cotton/,Cotton,icon_found,observed,https://farmrpg.com/img/items/8311.png,/img/items/8311.png,8311.png,8311,8311,,Observed from cached Buddy page-data item image; review before asset download or canonical promotion.
Cotton Candy,cotton candy,cotton-candy,https://buddy.farm/i/cotton-candy/,Cotton Candy,icon_found,observed,https://farmrpg.com/img/items/cottoncandy.png,/img/items/cottoncandy.png,cottoncandy.png,cottoncandy,,,Observed from cached Buddy page-data item image; review before asset download or canonical promotion.
Cotton Seeds,cotton seeds,cotton-seeds,https://buddy.farm/i/cotton-seeds/,Cotton Seeds,icon_found,observed,https://farmrpg.com/img/items/seeds_cotton.png,/img/items/seeds_cotton.png,seeds_cotton.png,seeds_cotton,,,Observed from cached Buddy page-data item image; review before asset download or canonical promotion.
CptThomas Bobblehead,cptthomas bobblehead,cptthomas-bobblehead,https://buddy.farm/i/cptthomas-bobblehead/,CptThomas Bobblehead,icon_found,observed,https://farmrpg.com/img/items/bobble_ct.png,/img/items/bobble_ct.png,bobble_ct.png,bobble_ct,,,Observed from cached Buddy page-data item image; review before asset download or canonical promotion.
Crab,crab,crab,https://buddy.farm/i/crab/,Crab,icon_found,observed,https://farmrpg.com/img/items/3296.PNG,/img/items/3296.PNG,3296.PNG,3296,3296,,Observed from cached Buddy page-data item image; review before asset download or canonical promotion.
Crab Claw,crab claw,crab-claw,https://buddy.farm/i/crab-claw/,Crab Claw,icon_found,observed,https://farmrpg.com/img/items/crabclaw.png,/img/items/crabclaw.png,crabclaw.png,crabclaw,,,Observed from cached Buddy page-data item image; review before asset download or canonical promotion.
Cranberry Juice,cranberry juice,cranberry-juice,https://buddy.farm/i/cranberry-juice/,Cranberry Juice,icon_found,observed,https://farmrpg.com/img/items/cranjuice2.png,/img/items/cranjuice2.png,cranjuice2.png,cranjuice2,,,Observed from cached Buddy page-data item image; review before asset download or canonical promotion.
Crappie,crappie,crappie,https://buddy.farm/i/crappie/,Crappie,icon_found,observed,https://farmrpg.com/img/items/7735.PNG,/img/items/7735.PNG,7735.PNG,7735,7735,,Observed from cached Buddy page-data item image; review before asset download or canonical promotion.
Cricket,cricket,cricket,https://buddy.farm/i/cricket/,Cricket,icon_found,observed,https://farmrpg.com/img/items/cricket.png,/img/items/cricket.png,cricket.png,cricket,,,Observed from cached Buddy page-data item image; review before asset download or canonical promotion.
Crossbow,crossbow,crossbow,https://buddy.farm/i/crossbow/,Crossbow,icon_found,observed,https://farmrpg.com/img/items/8976.png,/img/items/8976.png,8976.png,8976,8976,,Observed from cached Buddy page-data item image; review before asset download or canonical promotion.
Crowbar,crowbar,crowbar,https://buddy.farm/i/crowbar/,Crowbar,icon_found,observed,https://farmrpg.com/img/items/crowbar.png,/img/items/crowbar.png,crowbar.png,crowbar,,,Observed from cached Buddy page-data item image; review before asset download or canonical promotion.
Crowfish,crowfish,crowfish,https://buddy.farm/i/crowfish/,Crowfish,icon_found,observed,https://farmrpg.com/img/items/crowfish.png,/img/items/crowfish.png,crowfish.png,crowfish,,,Observed from cached Buddy page-data item image; review before asset download or canonical promotion.
Crown of Clover,crown of clover,crown-of-clover,https://buddy.farm/i/crown-of-clover/,Crown of Clover,icon_found,observed,https://farmrpg.com/img/items/Crownofclover.png,/img/items/Crownofclover.png,Crownofclover.png,Crownofclover,,,Observed from cached Buddy page-data item image; review before asset download or canonical promotion.
Crunchy Omelette,crunchy omelette,crunchy-omelette,https://buddy.farm/i/crunchy-omelette/,Crunchy Omelette,icon_found,observed,https://farmrpg.com/img/items/omelet2.png,/img/items/omelet2.png,omelet2.png,omelet2,,,Observed from cached Buddy page-data item image; review before asset download or canonical promotion.
Crystal Pickaxe,crystal pickaxe,crystal-pickaxe,https://buddy.farm/i/crystal-pickaxe/,Crystal Pickaxe,icon_found,observed,https://farmrpg.com/img/items/crystalpickaxe.png,/img/items/crystalpickaxe.png,crystalpickaxe.png,crystalpickaxe,,,Observed from cached Buddy page-data item image; review before asset download or canonical promotion.
Cucumber,cucumber,cucumber,https://buddy.farm/i/cucumber/,Cucumber,icon_found,observed,https://farmrpg.com/img/items/5805.png,/img/items/5805.png,5805.png,5805,5805,,Observed from cached Buddy page-data item image; review before asset download or canonical promotion.
Cucumber Seeds,cucumber seeds,cucumber-seeds,https://buddy.farm/i/cucumber-seeds/,Cucumber Seeds,icon_found,observed,https://farmrpg.com/img/items/seeds_cucumber.png,/img/items/seeds_cucumber.png,seeds_cucumber.png,seeds_cucumber,,,Observed from cached Buddy page-data item image; review before asset download or canonical promotion.
Cupid,cupid,cupid,https://buddy.farm/i/cupid/,Cupid,icon_found,observed,https://farmrpg.com/img/items/cupid.png,/img/items/cupid.png,cupid.png,cupid,,,Observed from cached Buddy page-data item image; review before asset download or canonical promotion.
Cupid Buddy Doll,cupid buddy doll,cupid-buddy-doll,https://buddy.farm/i/cupid-buddy-doll/,Cupid Buddy Doll,icon_found,observed,https://farmrpg.com/img/items/buddydoll_cupid.png,/img/items/buddydoll_cupid.png,buddydoll_cupid.png,buddydoll_cupid,,,Observed from cached Buddy page-data item image; review before asset download or canonical promotion.
Cursed Effigy,cursed effigy,cursed-effigy,https://buddy.farm/i/cursed-effigy/,Cursed Effigy,icon_found,observed,https://farmrpg.com/img/items/Buddyidol.png,/img/items/Buddyidol.png,Buddyidol.png,Buddyidol,,,Observed from cached Buddy page-data item image; review before asset download or canonical promotion.
Cursed Effigy Body,cursed effigy body,cursed-effigy-body,https://buddy.farm/i/cursed-effigy-body/,Cursed Effigy Body,icon_found,observed,https://farmrpg.com/img/items/Buddyidolbody.png,/img/items/Buddyidolbody.png,Buddyidolbody.png,Buddyidolbody,,,Observed from cached Buddy page-data item image; review before asset download or canonical promotion.
Cursed Effigy Gem,cursed effigy gem,cursed-effigy-gem,https://buddy.farm/i/cursed-effigy-gem/,Cursed Effigy Gem,icon_found,observed,https://farmrpg.com/img/items/Buddyidolgem.png,/img/items/Buddyidolgem.png,Buddyidolgem.png,Buddyidolgem,,,Observed from cached Buddy page-data item image; review before asset download or canonical promotion.
Cursed Effigy Hair,cursed effigy hair,cursed-effigy-hair,https://buddy.farm/i/cursed-effigy-hair/,Cursed Effigy Hair,icon_found,observed,https://farmrpg.com/img/items/Buddyidolhair.png,/img/items/Buddyidolhair.png,Buddyidolhair.png,Buddyidolhair,,,Observed from cached Buddy page-data item image; review before asset download or canonical promotion.
Cursed Effigy Head,cursed effigy head,cursed-effigy-head,https://buddy.farm/i/cursed-effigy-head/,Cursed Effigy Head,icon_found,observed,https://farmrpg.com/img/items/Buddyidolhead.png,/img/items/Buddyidolhead.png,Buddyidolhead.png,Buddyidolhead,,,Observed from cached Buddy page-data item image; review before asset download or canonical promotion.
Cursed Shield,cursed shield,cursed-shield,https://buddy.farm/i/cursed-shield/,Cursed Shield,icon_found,observed,https://farmrpg.com/img/items/9199.png,/img/items/9199.png,9199.png,9199,9199,,Observed from cached Buddy page-data item image; review before asset download or canonical promotion.
Cutlass,cutlass,cutlass,https://buddy.farm/i/cutlass/,Cutlass,icon_found,observed,https://farmrpg.com/img/items/pirates_47_t.png,/img/items/pirates_47_t.png,pirates_47_t.png,pirates_47_t,,,Observed from cached Buddy page-data item image; review before asset download or canonical promotion.
Cyclops Spider,cyclops spider,cyclops-spider,https://buddy.farm/i/cyclops-spider/,Cyclops Spider,icon_found,observed,https://farmrpg.com/img/items/4080.png,/img/items/4080.png,4080.png,4080,4080,,Observed from cached Buddy page-data item image; review before asset download or canonical promotion.
Dancer,dancer,dancer,https://buddy.farm/i/dancer/,Dancer,icon_found,observed,https://farmrpg.com/img/items/dancer.png,/img/items/dancer.png,dancer.png,dancer,,,Observed from cached Buddy page-data item image; review before asset download or canonical promotion.
Dasher,dasher,dasher,https://buddy.farm/i/dasher/,Dasher,icon_found,observed,https://farmrpg.com/img/items/dasher.png,/img/items/dasher.png,dasher.png,dasher,,,Observed from cached Buddy page-data item image; review before asset download or canonical promotion.
Day Off Voucher,day off voucher,day-off-voucher,https://buddy.farm/i/day-off-voucher/,Day Off Voucher,icon_found,observed,https://farmrpg.com/img/items/chorecoupon.png,/img/items/chorecoupon.png,chorecoupon.png,chorecoupon,,,Observed from cached Buddy page-data item image; review before asset download or canonical promotion.
Desk Calendar,desk calendar,desk-calendar,https://buddy.farm/i/desk-calendar/,Desk Calendar,icon_found,observed,https://farmrpg.com/img/items/calendar_t_01.png,/img/items/calendar_t_01.png,calendar_t_01.png,calendar_t_01,,,Observed from cached Buddy page-data item image; review before asset download or canonical promotion.
Dewstar's Journal,dewstar s journal,dewstar-s-journal,https://buddy.farm/i/dewstar-s-journal/,Dewstar's Journal,icon_found,observed,https://farmrpg.com/img/items/dewstarbook.png,/img/items/dewstarbook.png,dewstarbook.png,dewstarbook,,,Observed from cached Buddy page-data item image; review before asset download or canonical promotion.
Diamond,diamond,diamond,https://buddy.farm/i/diamond/,Diamond,icon_found,observed,https://farmrpg.com/img/items/7999.png,/img/items/7999.png,7999.png,7999,7999,,Observed from cached Buddy page-data item image; review before asset download or canonical promotion.
Diamonds,diamonds,diamonds,https://buddy.farm/i/diamonds/,Diamonds,icon_found,observed,https://farmrpg.com/img/items/card_diamonds.png,/img/items/card_diamonds.png,card_diamonds.png,card_diamonds,,,Observed from cached Buddy page-data item image; review before asset download or canonical promotion.
Diary of O'Dynn,diary of o dynn,diary-of-o-dynn,https://buddy.farm/i/diary-of-o-dynn/,Diary of O'Dynn,icon_found,observed,https://farmrpg.com/img/items/pt_t_18.png,/img/items/pt_t_18.png,pt_t_18.png,pt_t_18,,,Observed from cached Buddy page-data item image; review before asset download or canonical promotion.
Dice,dice,dice,https://buddy.farm/i/dice/,Dice,icon_found,observed,https://farmrpg.com/img/items/4848.png,/img/items/4848.png,4848.png,4848,4848,,Observed from cached Buddy page-data item image; review before asset download or canonical promotion.
Dino Buddy Doll,dino buddy doll,dino-buddy-doll,https://buddy.farm/i/dino-buddy-doll/,Dino Buddy Doll,icon_found,observed,https://farmrpg.com/img/items/yoshi_buddy_doll.png,/img/items/yoshi_buddy_doll.png,yoshi_buddy_doll.png,yoshi_buddy_doll,,,Observed from cached Buddy page-data item image; review before asset download or canonical promotion.
Diving Helmet,diving helmet,diving-helmet,https://buddy.farm/i/diving-helmet/,Diving Helmet,icon_found,observed,https://farmrpg.com/img/items/fishing_70_t.png,/img/items/fishing_70_t.png,fishing_70_t.png,fishing_70_t,,,Observed from cached Buddy page-data item image; review before asset download or canonical promotion.
Donner,donner,donner,https://buddy.farm/i/donner/,Donner,icon_found,observed,https://farmrpg.com/img/items/donner.png,/img/items/donner.png,donner.png,donner,,,Observed from cached Buddy page-data item image; review before asset download or canonical promotion.
Dragon Heart,dragon heart,dragon-heart,https://buddy.farm/i/dragon-heart/,Dragon Heart,icon_found,observed,https://farmrpg.com/img/items/3900.png,/img/items/3900.png,3900.png,3900,3900,,Observed from cached Buddy page-data item image; review before asset download or canonical promotion.
Dragon Skull,dragon skull,dragon-skull,https://buddy.farm/i/dragon-skull/,Dragon Skull,icon_found,observed,https://farmrpg.com/img/items/7212.png,/img/items/7212.png,7212.png,7212,7212,,Observed from cached Buddy page-data item image; review before asset download or canonical promotion.
Dragonfly,dragonfly,dragonfly,https://buddy.farm/i/dragonfly/,Dragonfly,icon_found,observed,https://farmrpg.com/img/items/fishing_64_t.png,/img/items/fishing_64_t.png,fishing_64_t.png,fishing_64_t,,,Observed from cached Buddy page-data item image; review before asset download or canonical promotion.
Dream Nail,dream nail,dream-nail,https://buddy.farm/i/dream-nail/,Dream Nail,icon_found,observed,https://farmrpg.com/img/items/dream_nail.png?3,/img/items/dream_nail.png,dream_nail.png,dream_nail,,,Observed from cached Buddy page-data item image; review before asset download or canonical promotion.
Drink Bundle,drink bundle,drink-bundle,https://buddy.farm/i/drink-bundle/,Drink Bundle,icon_found,observed,https://farmrpg.com/img/items/juices.png,/img/items/juices.png,juices.png,juices,,,Observed from cached Buddy page-data item image; review before asset download or canonical promotion.
Drum,drum,drum,https://buddy.farm/i/drum/,Drum,icon_found,observed,https://farmrpg.com/img/items/7718.PNG,/img/items/7718.PNG,7718.PNG,7718,7718,,Observed from cached Buddy page-data item image; review before asset download or canonical promotion.
Duck Egg,duck egg,duck-egg,https://buddy.farm/i/duck-egg/,Duck Egg,icon_found,observed,https://farmrpg.com/img/items/duckegg2.png,/img/items/duckegg2.png,duckegg2.png,duckegg2,,,Observed from cached Buddy page-data item image; review before asset download or canonical promotion.
Duck Feather,duck feather,duck-feather,https://buddy.farm/i/duck-feather/,Duck Feather,icon_found,observed,https://farmrpg.com/img/items/duckfeather.png,/img/items/duckfeather.png,duckfeather.png,duckfeather,,,Observed from cached Buddy page-data item image; review before asset download or canonical promotion.
Egg 01,egg 01,egg-01,https://buddy.farm/i/egg-01/,Egg 01,icon_found,observed,https://farmrpg.com/img/items/egg01.png,/img/items/egg01.png,egg01.png,egg01,,,Observed from cached Buddy page-data item image; review before asset download or canonical promotion.
Egg 02,egg 02,egg-02,https://buddy.farm/i/egg-02/,Egg 02,icon_found,observed,https://farmrpg.com/img/items/egg02.png,/img/items/egg02.png,egg02.png,egg02,,,Observed from cached Buddy page-data item image; review before asset download or canonical promotion.
Egg 03,egg 03,egg-03,https://buddy.farm/i/egg-03/,Egg 03,icon_found,observed,https://farmrpg.com/img/items/egg03.png,/img/items/egg03.png,egg03.png,egg03,,,Observed from cached Buddy page-data item image; review before asset download or canonical promotion.
Egg 04,egg 04,egg-04,https://buddy.farm/i/egg-04/,Egg 04,icon_found,observed,https://farmrpg.com/img/items/egg04.png,/img/items/egg04.png,egg04.png,egg04,,,Observed from cached Buddy page-data item image; review before asset download or canonical promotion.
Egg 05,egg 05,egg-05,https://buddy.farm/i/egg-05/,Egg 05,icon_found,observed,https://farmrpg.com/img/items/egg05.png,/img/items/egg05.png,egg05.png,egg05,,,Observed from cached Buddy page-data item image; review before asset download or canonical promotion.
Egg 06,egg 06,egg-06,https://buddy.farm/i/egg-06/,Egg 06,icon_found,observed,https://farmrpg.com/img/items/egg06.png,/img/items/egg06.png,egg06.png,egg06,,,Observed from cached Buddy page-data item image; review before asset download or canonical promotion.
Egg 07,egg 07,egg-07,https://buddy.farm/i/egg-07/,Egg 07,icon_found,observed,https://farmrpg.com/img/items/egg07.png,/img/items/egg07.png,egg07.png,egg07,,,Observed from cached Buddy page-data item image; review before asset download or canonical promotion.
Egg 08,egg 08,egg-08,https://buddy.farm/i/egg-08/,Egg 08,icon_found,observed,https://farmrpg.com/img/items/egg08.png,/img/items/egg08.png,egg08.png,egg08,,,Observed from cached Buddy page-data item image; review before asset download or canonical promotion.
Egg 09,egg 09,egg-09,https://buddy.farm/i/egg-09/,Egg 09,icon_found,observed,https://farmrpg.com/img/items/egg09.png,/img/items/egg09.png,egg09.png,egg09,,,Observed from cached Buddy page-data item image; review before asset download or canonical promotion.
Egg 10,egg 10,egg-10,https://buddy.farm/i/egg-10/,Egg 10,icon_found,observed,https://farmrpg.com/img/items/egg10.png,/img/items/egg10.png,egg10.png,egg10,,,Observed from cached Buddy page-data item image; review before asset download or canonical promotion.
Egg 11,egg 11,egg-11,https://buddy.farm/i/egg-11/,Egg 11,icon_found,observed,https://farmrpg.com/img/items/egg11.png,/img/items/egg11.png,egg11.png,egg11,,,Observed from cached Buddy page-data item image; review before asset download or canonical promotion.
Egg 12,egg 12,egg-12,https://buddy.farm/i/egg-12/,Egg 12,icon_found,observed,https://farmrpg.com/img/items/egg12.png,/img/items/egg12.png,egg12.png,egg12,,,Observed from cached Buddy page-data item image; review before asset download or canonical promotion.
Egg Basket,egg basket,egg-basket,https://buddy.farm/i/egg-basket/,Egg Basket,icon_found,observed,https://farmrpg.com/img/items/eggbasket.png,/img/items/eggbasket.png,eggbasket.png,eggbasket,,,Observed from cached Buddy page-data item image; review before asset download or canonical promotion.
Egg Buddy Doll,egg buddy doll,egg-buddy-doll,https://buddy.farm/i/egg-buddy-doll/,Egg Buddy Doll,icon_found,observed,https://farmrpg.com/img/items/Egg_buddy_doll.png,/img/items/Egg_buddy_doll.png,Egg_buddy_doll.png,Egg_buddy_doll,,,Observed from cached Buddy page-data item image; review before asset download or canonical promotion.
Egg of Ages,egg of ages,egg-of-ages,https://buddy.farm/i/egg-of-ages/,Egg of Ages,icon_found,observed,https://farmrpg.com/img/items/timeegg2.png,/img/items/timeegg2.png,timeegg2.png,timeegg2,,,Observed from cached Buddy page-data item image; review before asset download or canonical promotion.
Egg of Air,egg of air,egg-of-air,https://buddy.farm/i/egg-of-air/,Egg of Air,icon_found,observed,https://farmrpg.com/img/items/airegg.png,/img/items/airegg.png,airegg.png,airegg,,,Observed from cached Buddy page-data item image; review before asset download or canonical promotion.
Egg of Chaos,egg of chaos,egg-of-chaos,https://buddy.farm/i/egg-of-chaos/,Egg of Chaos,icon_found,observed,https://farmrpg.com/img/items/chaosegg.png,/img/items/chaosegg.png,chaosegg.png,chaosegg,,,Observed from cached Buddy page-data item image; review before asset download or canonical promotion.
Egg of Chicken,egg of chicken,egg-of-chicken,https://buddy.farm/i/egg-of-chicken/,Egg of Chicken,icon_found,observed,https://farmrpg.com/img/items/3270.png,/img/items/3270.png,3270.png,3270,3270,,Observed from cached Buddy page-data item image; review before asset download or canonical promotion.
Egg of Duck,egg of duck,egg-of-duck,https://buddy.farm/i/egg-of-duck/,Egg of Duck,icon_found,observed,https://farmrpg.com/img/items/3270d.png,/img/items/3270d.png,3270d.png,3270d,,,Observed from cached Buddy page-data item image; review before asset download or canonical promotion.
Egg of Earth,egg of earth,egg-of-earth,https://buddy.farm/i/egg-of-earth/,Egg of Earth,icon_found,observed,https://farmrpg.com/img/items/earthegg.png,/img/items/earthegg.png,earthegg.png,earthegg,,,Observed from cached Buddy page-data item image; review before asset download or canonical promotion.
Egg of Fire,egg of fire,egg-of-fire,https://buddy.farm/i/egg-of-fire/,Egg of Fire,icon_found,observed,https://farmrpg.com/img/items/fireegg.png,/img/items/fireegg.png,fireegg.png,fireegg,,,Observed from cached Buddy page-data item image; review before asset download or canonical promotion.
Egg of Life,egg of life,egg-of-life,https://buddy.farm/i/egg-of-life/,Egg of Life,icon_found,observed,https://farmrpg.com/img/items/lifeegg.png,/img/items/lifeegg.png,lifeegg.png,lifeegg,,,Observed from cached Buddy page-data item image; review before asset download or canonical promotion.
Egg of Light,egg of light,egg-of-light,https://buddy.farm/i/egg-of-light/,Egg of Light,icon_found,observed,https://farmrpg.com/img/items/lightegg.png,/img/items/lightegg.png,lightegg.png,lightegg,,,Observed from cached Buddy page-data item image; review before asset download or canonical promotion.
Egg of Shadow,egg of shadow,egg-of-shadow,https://buddy.farm/i/egg-of-shadow/,Egg of Shadow,icon_found,observed,https://farmrpg.com/img/items/shadowegg.png,/img/items/shadowegg.png,shadowegg.png,shadowegg,,,Observed from cached Buddy page-data item image; review before asset download or canonical promotion.
Egg of Space,egg of space,egg-of-space,https://buddy.farm/i/egg-of-space/,Egg of Space,icon_found,observed,https://farmrpg.com/img/items/spaceegg.png,/img/items/spaceegg.png,spaceegg.png,spaceegg,,,Observed from cached Buddy page-data item image; review before asset download or canonical promotion.
Egg of Tree,egg of tree,egg-of-tree,https://buddy.farm/i/egg-of-tree/,Egg of Tree,icon_found,observed,https://farmrpg.com/img/items/egg_of_tree.png,/img/items/egg_of_tree.png,egg_of_tree.png,egg_of_tree,,,Observed from cached Buddy page-data item image; review before asset download or canonical promotion.
Egg of Water,egg of water,egg-of-water,https://buddy.farm/i/egg-of-water/,Egg of Water,icon_found,observed,https://farmrpg.com/img/items/wateregg.png,/img/items/wateregg.png,wateregg.png,wateregg,,,Observed from cached Buddy page-data item image; review before asset download or canonical promotion.
Egg of Zeal,egg of zeal,egg-of-zeal,https://buddy.farm/i/egg-of-zeal/,Egg of Zeal,icon_found,observed,https://farmrpg.com/img/items/eggofzeal2.gif,/img/items/eggofzeal2.gif,eggofzeal2.gif,eggofzeal2,,,Observed from cached Buddy page-data item image; review before asset download or canonical promotion.
Eggplant,eggplant,eggplant,https://buddy.farm/i/eggplant/,Eggplant,icon_found,observed,https://farmrpg.com/img/items/eggplant.png,/img/items/eggplant.png,eggplant.png,eggplant,,,Observed from cached Buddy page-data item image; review before asset download or canonical promotion.
Eggplant Seeds,eggplant seeds,eggplant-seeds,https://buddy.farm/i/eggplant-seeds/,Eggplant Seeds,icon_found,observed,https://farmrpg.com/img/items/seeds_eggplants.png,/img/items/seeds_eggplants.png,seeds_eggplants.png,seeds_eggplants,,,Observed from cached Buddy page-data item image; review before asset download or canonical promotion.
Eggs,eggs,eggs,https://buddy.farm/i/eggs/,Eggs,icon_found,observed,https://farmrpg.com/img/items/5720.PNG,/img/items/5720.PNG,5720.PNG,5720,5720,,Observed from cached Buddy page-data item image; review before asset download or canonical promotion.
Eggypalchi,eggypalchi,eggypalchi,https://buddy.farm/i/eggypalchi/,Eggypalchi,icon_found,observed,https://farmrpg.com/img/items/Tama.png,/img/items/Tama.png,Tama.png,Tama,,,Observed from cached Buddy page-data item image; review before asset download or canonical promotion.
Egyptian Necklace,egyptian necklace,egyptian-necklace,https://buddy.farm/i/egyptian-necklace/,Egyptian Necklace,icon_found,observed,https://farmrpg.com/img/items/egyptian1.png,/img/items/egyptian1.png,egyptian1.png,egyptian1,,,Observed from cached Buddy page-data item image; review before asset download or canonical promotion.
Embershard,embershard,embershard,https://buddy.farm/i/embershard/,Embershard,icon_found,observed,https://farmrpg.com/img/items/embershard.png,/img/items/embershard.png,embershard.png,embershard,,,Observed from cached Buddy page-data item image; review before asset download or canonical promotion.
Emberstone,emberstone,emberstone,https://buddy.farm/i/emberstone/,Emberstone,icon_found,observed,https://farmrpg.com/img/items/8166.png,/img/items/8166.png,8166.png,8166,8166,,Observed from cached Buddy page-data item image; review before asset download or canonical promotion.
Emerald,emerald,emerald,https://buddy.farm/i/emerald/,Emerald,icon_found,observed,https://farmrpg.com/img/items/emerald.png,/img/items/emerald.png,emerald.png,emerald,,,Observed from cached Buddy page-data item image; review before asset download or canonical promotion.
Emerald Ring,emerald ring,emerald-ring,https://buddy.farm/i/emerald-ring/,Emerald Ring,icon_found,observed,https://farmrpg.com/img/items/greenring.png,/img/items/greenring.png,greenring.png,greenring,,,Observed from cached Buddy page-data item image; review before asset download or canonical promotion.
Energy Coil,energy coil,energy-coil,https://buddy.farm/i/energy-coil/,Energy Coil,icon_found,observed,https://farmrpg.com/img/items/9379b.png,/img/items/9379b.png,9379b.png,9379b,,,Observed from cached Buddy page-data item image; review before asset download or canonical promotion.
Energy Core,energy core,energy-core,https://buddy.farm/i/energy-core/,Energy Core,icon_found,observed,https://farmrpg.com/img/items/parts_026.png,/img/items/parts_026.png,parts_026.png,parts_026,,,Observed from cached Buddy page-data item image; review before asset download or canonical promotion.
Engine,engine,engine,https://buddy.farm/i/engine/,Engine,icon_found,observed,https://farmrpg.com/img/items/engine.png?1,/img/items/engine.png,engine.png,engine,,,Observed from cached Buddy page-data item image; review before asset download or canonical promotion.
Esperium,esperium,esperium,https://buddy.farm/i/esperium/,Esperium,icon_found,observed,https://farmrpg.com/img/items/9446.png,/img/items/9446.png,9446.png,9446,9446,,Observed from cached Buddy page-data item image; review before asset download or canonical promotion.
Essence of Slime,essence of slime,essence-of-slime,https://buddy.farm/i/essence-of-slime/,Essence of Slime,icon_found,observed,https://farmrpg.com/img/items/essense.png,/img/items/essense.png,essense.png,essense,,,Observed from cached Buddy page-data item image; review before asset download or canonical promotion.
Event Key,event key,event-key,https://buddy.farm/i/event-key/,Event Key,icon_found,observed,https://farmrpg.com/img/items/eventkey.png,/img/items/eventkey.png,eventkey.png,eventkey,,,Observed from cached Buddy page-data item image; review before asset download or canonical promotion.
Event Token,event token,event-token,https://buddy.farm/i/event-token/,Event Token,icon_found,observed,https://farmrpg.com/img/items/token.png,/img/items/token.png,token.png,token,,,Observed from cached Buddy page-data item image; review before asset download or canonical promotion.
Event Token Purse,event token purse,event-token-purse,https://buddy.farm/i/event-token-purse/,Event Token Purse,icon_found,observed,https://farmrpg.com/img/items/BagsAndBoxes_46_t.png,/img/items/BagsAndBoxes_46_t.png,BagsAndBoxes_46_t.png,BagsAndBoxes_46_t,,,Observed from cached Buddy page-data item image; review before asset download or canonical promotion.
Expired Ticket,expired ticket,expired-ticket,https://buddy.farm/i/expired-ticket/,Expired Ticket,icon_found,observed,https://farmrpg.com/img/items/expiredticket.png,/img/items/expiredticket.png,expiredticket.png,expiredticket,,,Observed from cached Buddy page-data item image; review before asset download or canonical promotion.
Explosive,explosive,explosive,https://buddy.farm/i/explosive/,Explosive,icon_found,observed,https://farmrpg.com/img/items/6124.png,/img/items/6124.png,6124.png,6124,6124,,Observed from cached Buddy page-data item image; review before asset download or canonical promotion.
Eye Patch,eye patch,eye-patch,https://buddy.farm/i/eye-patch/,Eye Patch,icon_found,observed,https://farmrpg.com/img/items/4920.png,/img/items/4920.png,4920.png,4920,4920,,Observed from cached Buddy page-data item image; review before asset download or canonical promotion.
Fairy Crystal,fairy crystal,fairy-crystal,https://buddy.farm/i/fairy-crystal/,Fairy Crystal,icon_found,observed,https://farmrpg.com/img/items/fairycrystal.png,/img/items/fairycrystal.png,fairycrystal.png,fairycrystal,,,Observed from cached Buddy page-data item image; review before asset download or canonical promotion.
Fall Basket,fall basket,fall-basket,https://buddy.farm/i/fall-basket/,Fall Basket,icon_found,observed,https://farmrpg.com/img/items/fallbasket.png,/img/items/fallbasket.png,fallbasket.png,fallbasket,,,Observed from cached Buddy page-data item image; review before asset download or canonical promotion.
Fall Leaves,fall leaves,fall-leaves,https://buddy.farm/i/fall-leaves/,Fall Leaves,icon_found,observed,https://farmrpg.com/img/items/fallleaves.png,/img/items/fallleaves.png,fallleaves.png,fallleaves,,,Observed from cached Buddy page-data item image; review before asset download or canonical promotion.
Fancy Box,fancy box,fancy-box,https://buddy.farm/i/fancy-box/,Fancy Box,icon_found,observed,https://farmrpg.com/img/items/4238.png,/img/items/4238.png,4238.png,4238,4238,,Observed from cached Buddy page-data item image; review before asset download or canonical promotion.
Fancy Chair,fancy chair,fancy-chair,https://buddy.farm/i/fancy-chair/,Fancy Chair,icon_found,observed,https://farmrpg.com/img/items/195.png,/img/items/195.png,195.png,195,195,,Observed from cached Buddy page-data item image; review before asset download or canonical promotion.
Fancy Clock,fancy clock,fancy-clock,https://buddy.farm/i/fancy-clock/,Fancy Clock,icon_found,observed,https://farmrpg.com/img/items/viri_4696.png,/img/items/viri_4696.png,viri_4696.png,viri_4696,,,Observed from cached Buddy page-data item image; review before asset download or canonical promotion.
Fancy Drum,fancy drum,fancy-drum,https://buddy.farm/i/fancy-drum/,Fancy Drum,icon_found,observed,https://farmrpg.com/img/items/drum.png,/img/items/drum.png,drum.png,drum,,,Observed from cached Buddy page-data item image; review before asset download or canonical promotion.
Fancy Guitar,fancy guitar,fancy-guitar,https://buddy.farm/i/fancy-guitar/,Fancy Guitar,icon_found,observed,https://farmrpg.com/img/items/3857.png?1,/img/items/3857.png,3857.png,3857,3857,,Observed from cached Buddy page-data item image; review before asset download or canonical promotion.
Fancy Pan Flute,fancy pan flute,fancy-pan-flute,https://buddy.farm/i/fancy-pan-flute/,Fancy Pan Flute,icon_found,observed,https://farmrpg.com/img/items/1240.png,/img/items/1240.png,1240.png,1240,1240,,Observed from cached Buddy page-data item image; review before asset download or canonical promotion.
Fancy Pillow,fancy pillow,fancy-pillow,https://buddy.farm/i/fancy-pillow/,Fancy Pillow,icon_found,observed,https://farmrpg.com/img/items/Fancy_pillow.png,/img/items/Fancy_pillow.png,Fancy_pillow.png,Fancy_pillow,,,Observed from cached Buddy page-data item image; review before asset download or canonical promotion.
Fancy Pipe,fancy pipe,fancy-pipe,https://buddy.farm/i/fancy-pipe/,Fancy Pipe,icon_found,observed,https://farmrpg.com/img/items/7275.png?1,/img/items/7275.png,7275.png,7275,7275,,Observed from cached Buddy page-data item image; review before asset download or canonical promotion.
Fancy Present,fancy present,fancy-present,https://buddy.farm/i/fancy-present/,Fancy Present,icon_found,observed,https://farmrpg.com/img/items/gift_2.png,/img/items/gift_2.png,gift_2.png,gift_2,,,Observed from cached Buddy page-data item image; review before asset download or canonical promotion.
Fancy Shoe,fancy shoe,fancy-shoe,https://buddy.farm/i/fancy-shoe/,Fancy Shoe,icon_found,observed,https://farmrpg.com/img/items/bshoe2.png,/img/items/bshoe2.png,bshoe2.png,bshoe2,,,Observed from cached Buddy page-data item image; review before asset download or canonical promotion.
Fancy Sword,fancy sword,fancy-sword,https://buddy.farm/i/fancy-sword/,Fancy Sword,icon_found,observed,https://farmrpg.com/img/items/fancysword.png,/img/items/fancysword.png,fancysword.png,fancysword,,,Observed from cached Buddy page-data item image; review before asset download or canonical promotion.
Fancy Table,fancy table,fancy-table,https://buddy.farm/i/fancy-table/,Fancy Table,icon_found,observed,https://farmrpg.com/img/items/193.png?1,/img/items/193.png,193.png,193,193,,Observed from cached Buddy page-data item image; review before asset download or canonical promotion.
Fancy Violin,fancy violin,fancy-violin,https://buddy.farm/i/fancy-violin/,Fancy Violin,icon_found,observed,https://farmrpg.com/img/items/finp_618.png?1,/img/items/finp_618.png,finp_618.png,finp_618,,,Observed from cached Buddy page-data item image; review before asset download or canonical promotion.
Fangs,fangs,fangs,https://buddy.farm/i/fangs/,Fangs,icon_found,observed,https://farmrpg.com/img/items/3980.png,/img/items/3980.png,3980.png,3980,3980,,Observed from cached Buddy page-data item image; review before asset download or canonical promotion.
Fantastic Buddy Doll,fantastic buddy doll,fantastic-buddy-doll,https://buddy.farm/i/fantastic-buddy-doll/,Fantastic Buddy Doll,icon_found,observed,https://farmrpg.com/img/items/four_buddy_doll.png,/img/items/four_buddy_doll.png,four_buddy_doll.png,four_buddy_doll,,,Observed from cached Buddy page-data item image; review before asset download or canonical promotion.
Farmiversary Trophy 01,farmiversary trophy 01,farmiversary-trophy-01,https://buddy.farm/i/farmiversary-trophy-01/,Farmiversary Trophy 01,icon_found,observed,https://farmrpg.com/img/items/year1.png,/img/items/year1.png,year1.png,year1,,,Observed from cached Buddy page-data item image; review before asset download or canonical promotion.
Farmiversary Trophy 02,farmiversary trophy 02,farmiversary-trophy-02,https://buddy.farm/i/farmiversary-trophy-02/,Farmiversary Trophy 02,icon_found,observed,https://farmrpg.com/img/items/year2.png,/img/items/year2.png,year2.png,year2,,,Observed from cached Buddy page-data item image; review before asset download or canonical promotion.
Farmiversary Trophy 03,farmiversary trophy 03,farmiversary-trophy-03,https://buddy.farm/i/farmiversary-trophy-03/,Farmiversary Trophy 03,icon_found,observed,https://farmrpg.com/img/items/year3.png,/img/items/year3.png,year3.png,year3,,,Observed from cached Buddy page-data item image; review before asset download or canonical promotion.
Farmiversary Trophy 04,farmiversary trophy 04,farmiversary-trophy-04,https://buddy.farm/i/farmiversary-trophy-04/,Farmiversary Trophy 04,icon_found,observed,https://farmrpg.com/img/items/year4.png,/img/items/year4.png,year4.png,year4,,,Observed from cached Buddy page-data item image; review before asset download or canonical promotion.
Farmiversary Trophy 05,farmiversary trophy 05,farmiversary-trophy-05,https://buddy.farm/i/farmiversary-trophy-05/,Farmiversary Trophy 05,icon_found,observed,https://farmrpg.com/img/items/year5.png,/img/items/year5.png,year5.png,year5,,,Observed from cached Buddy page-data item image; review before asset download or canonical promotion.
Farmiversary Trophy 06,farmiversary trophy 06,farmiversary-trophy-06,https://buddy.farm/i/farmiversary-trophy-06/,Farmiversary Trophy 06,icon_found,observed,https://farmrpg.com/img/items/year6.png,/img/items/year6.png,year6.png,year6,,,Observed from cached Buddy page-data item image; review before asset download or canonical promotion.
Feathers,feathers,feathers,https://buddy.farm/i/feathers/,Feathers,icon_found,observed,https://farmrpg.com/img/items/feathers.png,/img/items/feathers.png,feathers.png,feathers,,,Observed from cached Buddy page-data item image; review before asset download or canonical promotion.
Feed,feed,feed,https://buddy.farm/i/feed/,Feed,icon_found,observed,https://farmrpg.com/img/items/8299.png,/img/items/8299.png,8299.png,8299,8299,,Observed from cached Buddy page-data item image; review before asset download or canonical promotion.
Fenrir's Coin,fenrir s coin,fenrir-s-coin,https://buddy.farm/i/fenrir-s-coin/,Fenrir's Coin,icon_found,observed,https://farmrpg.com/img/items/4173.png,/img/items/4173.png,4173.png,4173,4173,,Observed from cached Buddy page-data item image; review before asset download or canonical promotion.
Fern Leaf,fern leaf,fern-leaf,https://buddy.farm/i/fern-leaf/,Fern Leaf,icon_found,observed,https://farmrpg.com/img/items/fern.png,/img/items/fern.png,fern.png,fern,,,Observed from cached Buddy page-data item image; review before asset download or canonical promotion.
Festive Eggnog,festive eggnog,festive-eggnog,https://buddy.farm/i/festive-eggnog/,Festive Eggnog,icon_found,observed,https://farmrpg.com/img/items/eggnog.png,/img/items/eggnog.png,eggnog.png,eggnog,,,Observed from cached Buddy page-data item image; review before asset download or canonical promotion.
Fire Ant,fire ant,fire-ant,https://buddy.farm/i/fire-ant/,Fire Ant,icon_found,observed,https://farmrpg.com/img/items/fireant.png,/img/items/fireant.png,fireant.png,fireant,,,Observed from cached Buddy page-data item image; review before asset download or canonical promotion.
Fire Ant Farm,fire ant farm,fire-ant-farm,https://buddy.farm/i/fire-ant-farm/,Fire Ant Farm,icon_found,observed,https://farmrpg.com/img/items/antfarm.png?1,/img/items/antfarm.png,antfarm.png,antfarm,,,Observed from cached Buddy page-data item image; review before asset download or canonical promotion.
Fire Crystal,fire crystal,fire-crystal,https://buddy.farm/i/fire-crystal/,Fire Crystal,icon_found,observed,https://farmrpg.com/img/items/firecrystal.png,/img/items/firecrystal.png,firecrystal.png,firecrystal,,,Observed from cached Buddy page-data item image; review before asset download or canonical promotion.
Firestream's Magic Wire,firestream s magic wire,firestream-s-magic-wire,https://buddy.farm/i/firestream-s-magic-wire/,Firestream's Magic Wire,icon_found,observed,https://farmrpg.com/img/items/magicwire.png,/img/items/magicwire.png,magicwire.png,magicwire,,,Observed from cached Buddy page-data item image; review before asset download or canonical promotion.
Fireworks,fireworks,fireworks,https://buddy.farm/i/fireworks/,Fireworks,icon_found,observed,https://farmrpg.com/img/items/petard.png,/img/items/petard.png,petard.png,petard,,,Observed from cached Buddy page-data item image; review before asset download or canonical promotion.
Fish and Chips,fish and chips,fish-and-chips,https://buddy.farm/i/fish-and-chips/,Fish and Chips,icon_found,observed,https://farmrpg.com/img/items/fishnchips.png,/img/items/fishnchips.png,fishnchips.png,fishnchips,,,Observed from cached Buddy page-data item image; review before asset download or canonical promotion.
Fish Biscuit,fish biscuit,fish-biscuit,https://buddy.farm/i/fish-biscuit/,Fish Biscuit,icon_found,observed,https://farmrpg.com/img/items/fish_biscuit.png,/img/items/fish_biscuit.png,fish_biscuit.png,fish_biscuit,,,Observed from cached Buddy page-data item image; review before asset download or canonical promotion.
Fish Bones,fish bones,fish-bones,https://buddy.farm/i/fish-bones/,Fish Bones,icon_found,observed,https://farmrpg.com/img/items/7747.PNG,/img/items/7747.PNG,7747.PNG,7747,7747,,Observed from cached Buddy page-data item image; review before asset download or canonical promotion.
Fish Flakes,fish flakes,fish-flakes,https://buddy.farm/i/fish-flakes/,Fish Flakes,icon_found,observed,https://farmrpg.com/img/items/fish_flakes.png,/img/items/fish_flakes.png,fish_flakes.png,fish_flakes,,,Observed from cached Buddy page-data item image; review before asset download or canonical promotion.
Fishing Hook,fishing hook,fishing-hook,https://buddy.farm/i/fishing-hook/,Fishing Hook,icon_found,observed,https://farmrpg.com/img/items/fishing_48_t.png,/img/items/fishing_48_t.png,fishing_48_t.png,fishing_48_t,,,Observed from cached Buddy page-data item image; review before asset download or canonical promotion.
Fishing Net,fishing net,fishing-net,https://buddy.farm/i/fishing-net/,Fishing Net,icon_found,observed,https://farmrpg.com/img/items/7748.png,/img/items/7748.png,7748.png,7748,7748,,Observed from cached Buddy page-data item image; review before asset download or canonical promotion.
Five Point Mace,five point mace,five-point-mace,https://buddy.farm/i/five-point-mace/,Five Point Mace,icon_found,observed,https://farmrpg.com/img/items/5046.png,/img/items/5046.png,5046.png,5046,5046,,Observed from cached Buddy page-data item image; review before asset download or canonical promotion.
Flame Orb,flame orb,flame-orb,https://buddy.farm/i/flame-orb/,Flame Orb,icon_found,observed,https://farmrpg.com/img/items/7405.png,/img/items/7405.png,7405.png,7405,7405,,Observed from cached Buddy page-data item image; review before asset download or canonical promotion.
Flamejack,flamejack,flamejack,https://buddy.farm/i/flamejack/,Flamejack,icon_found,observed,https://farmrpg.com/img/items/5162-2.png,/img/items/5162-2.png,5162-2.png,5162-2,,,Observed from cached Buddy page-data item image; review before asset download or canonical promotion.
Flarefin,flarefin,flarefin,https://buddy.farm/i/flarefin/,Flarefin,icon_found,observed,https://farmrpg.com/img/items/5230-2.png,/img/items/5230-2.png,5230-2.png,5230-2,,,Observed from cached Buddy page-data item image; review before asset download or canonical promotion.
Flarite,flarite,flarite,https://buddy.farm/i/flarite/,Flarite,icon_found,observed,https://farmrpg.com/img/items/flarite.png,/img/items/flarite.png,flarite.png,flarite,,,Observed from cached Buddy page-data item image; review before asset download or canonical promotion.
Flier,flier,flier,https://buddy.farm/i/flier/,Flier,icon_found,observed,https://farmrpg.com/img/items/7843.png,/img/items/7843.png,7843.png,7843,7843,,Observed from cached Buddy page-data item image; review before asset download or canonical promotion.
Flour,flour,flour,https://buddy.farm/i/flour/,Flour,icon_found,observed,https://farmrpg.com/img/items/5763.png,/img/items/5763.png,5763.png,5763,5763,,Observed from cached Buddy page-data item image; review before asset download or canonical promotion.
Fluorifish,fluorifish,fluorifish,https://buddy.farm/i/fluorifish/,Fluorifish,icon_found,observed,https://farmrpg.com/img/items/5771.png,/img/items/5771.png,5771.png,5771,5771,,Observed from cached Buddy page-data item image; review before asset download or canonical promotion.
Flying Machine,flying machine,flying-machine,https://buddy.farm/i/flying-machine/,Flying Machine,icon_found,observed,https://farmrpg.com/img/items/147.png,/img/items/147.png,147.png,147,147,,Observed from cached Buddy page-data item image; review before asset download or canonical promotion.
Flywheel,flywheel,flywheel,https://buddy.farm/i/flywheel/,Flywheel,icon_found,observed,https://farmrpg.com/img/items/9387.png,/img/items/9387.png,9387.png,9387,9387,,Observed from cached Buddy page-data item image; review before asset download or canonical promotion.
Forcepath's Book of Quest Requirements,forcepath s book of quest requirements,forcepath-s-book-of-quest-requirements,https://buddy.farm/i/forcepath-s-book-of-quest-requirements/,Forcepath's Book of Quest Requirements,icon_found,observed,https://farmrpg.com/img/items/7581.png,/img/items/7581.png,7581.png,7581,7581,,Observed from cached Buddy page-data item image; review before asset download or canonical promotion.
Fossilized Frog,fossilized frog,fossilized-frog,https://buddy.farm/i/fossilized-frog/,Fossilized Frog,icon_found,observed,https://farmrpg.com/img/items/1896.PNG,/img/items/1896.PNG,1896.PNG,1896,1896,,Observed from cached Buddy page-data item image; review before asset download or canonical promotion.
Fossilized Leaf,fossilized leaf,fossilized-leaf,https://buddy.farm/i/fossilized-leaf/,Fossilized Leaf,icon_found,observed,https://farmrpg.com/img/items/2836.png,/img/items/2836.png,2836.png,2836,2836,,Observed from cached Buddy page-data item image; review before asset download or canonical promotion.
Fossilized Print,fossilized print,fossilized-print,https://buddy.farm/i/fossilized-print/,Fossilized Print,icon_found,observed,https://farmrpg.com/img/items/2125.PNG,/img/items/2125.PNG,2125.PNG,2125,2125,,Observed from cached Buddy page-data item image; review before asset download or canonical promotion.
Fossilized Shell,fossilized shell,fossilized-shell,https://buddy.farm/i/fossilized-shell/,Fossilized Shell,icon_found,observed,https://farmrpg.com/img/items/1672.png,/img/items/1672.png,1672.png,1672,1672,,Observed from cached Buddy page-data item image; review before asset download or canonical promotion.
frank Bobblehead,frank bobblehead,frank-bobblehead,https://buddy.farm/i/frank-bobblehead/,frank Bobblehead,icon_found,observed,https://farmrpg.com/img/items/bobble_frank.png,/img/items/bobble_frank.png,bobble_frank.png,bobble_frank,,,Observed from cached Buddy page-data item image; review before asset download or canonical promotion.
frank's Basket,frank s basket,frank-s-basket,https://buddy.farm/i/frank-s-basket/,frank's Basket,icon_found,observed,https://farmrpg.com/img/items/fbasket.png,/img/items/fbasket.png,fbasket.png,fbasket,,,Observed from cached Buddy page-data item image; review before asset download or canonical promotion.
frank's Bunny Mask,frank s bunny mask,frank-s-bunny-mask,https://buddy.farm/i/frank-s-bunny-mask/,frank's Bunny Mask,icon_found,observed,https://farmrpg.com/img/items/afk_8744.png,/img/items/afk_8744.png,afk_8744.png,afk_8744,,,Observed from cached Buddy page-data item image; review before asset download or canonical promotion.
Freaky Picture,freaky picture,freaky-picture,https://buddy.farm/i/freaky-picture/,Freaky Picture,icon_found,observed,https://farmrpg.com/img/items/5592.png,/img/items/5592.png,5592.png,5592,5592,,Observed from cached Buddy page-data item image; review before asset download or canonical promotion.
Friendship Bag 01,friendship bag 01,friendship-bag-01,https://buddy.farm/i/friendship-bag-01/,Friendship Bag 01,icon_found,observed,https://farmrpg.com/img/items/friendshipbag.png,/img/items/friendshipbag.png,friendshipbag.png,friendshipbag,,,Observed from cached Buddy page-data item image; review before asset download or canonical promotion.
Friendship Bracelet,friendship bracelet,friendship-bracelet,https://buddy.farm/i/friendship-bracelet/,Friendship Bracelet,icon_found,observed,https://farmrpg.com/img/items/3788.png,/img/items/3788.png,3788.png,3788,3788,,Observed from cached Buddy page-data item image; review before asset download or canonical promotion.
Frog,frog,frog,https://buddy.farm/i/frog/,Frog,icon_found,observed,https://farmrpg.com/img/items/frog.png,/img/items/frog.png,frog.png,frog,,,Observed from cached Buddy page-data item image; review before asset download or canonical promotion.
Frost Shield,frost shield,frost-shield,https://buddy.farm/i/frost-shield/,Frost Shield,icon_found,observed,https://farmrpg.com/img/items/frostshield.png?1,/img/items/frostshield.png,frostshield.png,frostshield,,,Observed from cached Buddy page-data item image; review before asset download or canonical promotion.
Frost Snapper Shell,frost snapper shell,frost-snapper-shell,https://buddy.farm/i/frost-snapper-shell/,Frost Snapper Shell,icon_found,observed,https://farmrpg.com/img/items/iceshell.png,/img/items/iceshell.png,iceshell.png,iceshell,,,Observed from cached Buddy page-data item image; review before asset download or canonical promotion.
Frosteye,frosteye,frosteye,https://buddy.farm/i/frosteye/,Frosteye,icon_found,observed,https://farmrpg.com/img/items/frosteye.png,/img/items/frosteye.png,frosteye.png,frosteye,,,Observed from cached Buddy page-data item image; review before asset download or canonical promotion.
Frozen Angelfish,frozen angelfish,frozen-angelfish,https://buddy.farm/i/frozen-angelfish/,Frozen Angelfish,icon_found,observed,https://farmrpg.com/img/items/frozen_angelfish.png,/img/items/frozen_angelfish.png,frozen_angelfish.png,frozen_angelfish,,,Observed from cached Buddy page-data item image; review before asset download or canonical promotion.
Frozen Biter,frozen biter,frozen-biter,https://buddy.farm/i/frozen-biter/,Frozen Biter,icon_found,observed,https://farmrpg.com/img/items/frozen_biter.png,/img/items/frozen_biter.png,frozen_biter.png,frozen_biter,,,Observed from cached Buddy page-data item image; review before asset download or canonical promotion.
Frozen Bones,frozen bones,frozen-bones,https://buddy.farm/i/frozen-bones/,Frozen Bones,icon_found,observed,https://farmrpg.com/img/items/frozen_bones.png,/img/items/frozen_bones.png,frozen_bones.png,frozen_bones,,,Observed from cached Buddy page-data item image; review before asset download or canonical promotion.
Frozen Book,frozen book,frozen-book,https://buddy.farm/i/frozen-book/,Frozen Book,icon_found,observed,https://farmrpg.com/img/items/frozen_book.png,/img/items/frozen_book.png,frozen_book.png,frozen_book,,,Observed from cached Buddy page-data item image; review before asset download or canonical promotion.
Frozen Boot,frozen boot,frozen-boot,https://buddy.farm/i/frozen-boot/,Frozen Boot,icon_found,observed,https://farmrpg.com/img/items/frozen_boot.png,/img/items/frozen_boot.png,frozen_boot.png,frozen_boot,,,Observed from cached Buddy page-data item image; review before asset download or canonical promotion.
Frozen Bouquet,frozen bouquet,frozen-bouquet,https://buddy.farm/i/frozen-bouquet/,Frozen Bouquet,icon_found,observed,https://farmrpg.com/img/items/frozen_flowers.png?1,/img/items/frozen_flowers.png,frozen_flowers.png,frozen_flowers,,,Observed from cached Buddy page-data item image; review before asset download or canonical promotion.
Frozen Buddy Doll,frozen buddy doll,frozen-buddy-doll,https://buddy.farm/i/frozen-buddy-doll/,Frozen Buddy Doll,icon_found,observed,https://farmrpg.com/img/items/Buddy_doll_frozen.png,/img/items/Buddy_doll_frozen.png,Buddy_doll_frozen.png,Buddy_doll_frozen,,,Observed from cached Buddy page-data item image; review before asset download or canonical promotion.
Frozen Cabbage,frozen cabbage,frozen-cabbage,https://buddy.farm/i/frozen-cabbage/,Frozen Cabbage,icon_found,observed,https://farmrpg.com/img/items/frozencabbage.png,/img/items/frozencabbage.png,frozencabbage.png,frozencabbage,,,Observed from cached Buddy page-data item image; review before asset download or canonical promotion.
Frozen Catfish,frozen catfish,frozen-catfish,https://buddy.farm/i/frozen-catfish/,Frozen Catfish,icon_found,observed,https://farmrpg.com/img/items/frozen_catfish.png,/img/items/frozen_catfish.png,frozen_catfish.png,frozen_catfish,,,Observed from cached Buddy page-data item image; review before asset download or canonical promotion.
Frozen Chest 01,frozen chest 01,frozen-chest-01,https://buddy.farm/i/frozen-chest-01/,Frozen Chest 01,icon_found,observed,https://farmrpg.com/img/items/frozen_chest.png,/img/items/frozen_chest.png,frozen_chest.png,frozen_chest,,,Observed from cached Buddy page-data item image; review before asset download or canonical promotion.
Frozen Chest 02,frozen chest 02,frozen-chest-02,https://buddy.farm/i/frozen-chest-02/,Frozen Chest 02,icon_found,observed,https://farmrpg.com/img/items/frozen_chest.png,/img/items/frozen_chest.png,frozen_chest.png,frozen_chest,,,Observed from cached Buddy page-data item image; review before asset download or canonical promotion.
Frozen Chest 03,frozen chest 03,frozen-chest-03,https://buddy.farm/i/frozen-chest-03/,Frozen Chest 03,icon_found,observed,https://farmrpg.com/img/items/frozenchest.png,/img/items/frozenchest.png,frozenchest.png,frozenchest,,,Observed from cached Buddy page-data item image; review before asset download or canonical promotion.
Frozen Coin,frozen coin,frozen-coin,https://buddy.farm/i/frozen-coin/,Frozen Coin,icon_found,observed,https://farmrpg.com/img/items/frozen_coin.png,/img/items/frozen_coin.png,frozen_coin.png,frozen_coin,,,Observed from cached Buddy page-data item image; review before asset download or canonical promotion.
Frozen Corn,frozen corn,frozen-corn,https://buddy.farm/i/frozen-corn/,Frozen Corn,icon_found,observed,https://farmrpg.com/img/items/frozen_corn.png,/img/items/frozen_corn.png,frozen_corn.png,frozen_corn,,,Observed from cached Buddy page-data item image; review before asset download or canonical promotion.
Frozen Crab Claw,frozen crab claw,frozen-crab-claw,https://buddy.farm/i/frozen-crab-claw/,Frozen Crab Claw,icon_found,observed,https://farmrpg.com/img/items/frozen_claw.png,/img/items/frozen_claw.png,frozen_claw.png,frozen_claw,,,Observed from cached Buddy page-data item image; review before asset download or canonical promotion.
Frozen Dagger,frozen dagger,frozen-dagger,https://buddy.farm/i/frozen-dagger/,Frozen Dagger,icon_found,observed,https://farmrpg.com/img/items/frozen_dagger.png,/img/items/frozen_dagger.png,frozen_dagger.png,frozen_dagger,,,Observed from cached Buddy page-data item image; review before asset download or canonical promotion.
Frozen Feather,frozen feather,frozen-feather,https://buddy.farm/i/frozen-feather/,Frozen Feather,icon_found,observed,https://farmrpg.com/img/items/frozen_feather.png,/img/items/frozen_feather.png,frozen_feather.png,frozen_feather,,,Observed from cached Buddy page-data item image; review before asset download or canonical promotion.
Frozen Fishing Net,frozen fishing net,frozen-fishing-net,https://buddy.farm/i/frozen-fishing-net/,Frozen Fishing Net,icon_found,observed,https://farmrpg.com/img/items/frozen_net.png,/img/items/frozen_net.png,frozen_net.png,frozen_net,,,Observed from cached Buddy page-data item image; review before asset download or canonical promotion.
Frozen Hops,frozen hops,frozen-hops,https://buddy.farm/i/frozen-hops/,Frozen Hops,icon_found,observed,https://farmrpg.com/img/items/frozen_hops.png,/img/items/frozen_hops.png,frozen_hops.png,frozen_hops,,,Observed from cached Buddy page-data item image; review before asset download or canonical promotion.
Frozen Jelly,frozen jelly,frozen-jelly,https://buddy.farm/i/frozen-jelly/,Frozen Jelly,icon_found,observed,https://farmrpg.com/img/items/frozen_jelly.png,/img/items/frozen_jelly.png,frozen_jelly.png,frozen_jelly,,,Observed from cached Buddy page-data item image; review before asset download or canonical promotion.
Frozen Large Net,frozen large net,frozen-large-net,https://buddy.farm/i/frozen-large-net/,Frozen Large Net,icon_found,observed,https://farmrpg.com/img/items/frozen_large_net.png,/img/items/frozen_large_net.png,frozen_large_net.png,frozen_large_net,,,Observed from cached Buddy page-data item image; review before asset download or canonical promotion.
Frozen Lobster,frozen lobster,frozen-lobster,https://buddy.farm/i/frozen-lobster/,Frozen Lobster,icon_found,observed,https://farmrpg.com/img/items/frozen_lobster.png,/img/items/frozen_lobster.png,frozen_lobster.png,frozen_lobster,,,Observed from cached Buddy page-data item image; review before asset download or canonical promotion.
Frozen Manta Ray,frozen manta ray,frozen-manta-ray,https://buddy.farm/i/frozen-manta-ray/,Frozen Manta Ray,icon_found,observed,https://farmrpg.com/img/items/frozen_ray.png,/img/items/frozen_ray.png,frozen_ray.png,frozen_ray,,,Observed from cached Buddy page-data item image; review before asset download or canonical promotion.
Frozen Peas,frozen peas,frozen-peas,https://buddy.farm/i/frozen-peas/,Frozen Peas,icon_found,observed,https://farmrpg.com/img/items/frozenpeas.png,/img/items/frozenpeas.png,frozenpeas.png,frozenpeas,,,Observed from cached Buddy page-data item image; review before asset download or canonical promotion.
Frozen Pine,frozen pine,frozen-pine,https://buddy.farm/i/frozen-pine/,Frozen Pine,icon_found,observed,https://farmrpg.com/img/items/frozenpine.png,/img/items/frozenpine.png,frozenpine.png,frozenpine,,,Observed from cached Buddy page-data item image; review before asset download or canonical promotion.
Frozen Playground Key,frozen playground key,frozen-playground-key,https://buddy.farm/i/frozen-playground-key/,Frozen Playground Key,icon_found,observed,https://farmrpg.com/img/items/frozenkey.png,/img/items/frozenkey.png,frozenkey.png,frozenkey,,,Observed from cached Buddy page-data item image; review before asset download or canonical promotion.
Frozen Radish,frozen radish,frozen-radish,https://buddy.farm/i/frozen-radish/,Frozen Radish,icon_found,observed,https://farmrpg.com/img/items/frozen_radish.png,/img/items/frozen_radish.png,frozen_radish.png,frozen_radish,,,Observed from cached Buddy page-data item image; review before asset download or canonical promotion.
Frozen Sheepshead,frozen sheepshead,frozen-sheepshead,https://buddy.farm/i/frozen-sheepshead/,Frozen Sheepshead,icon_found,observed,https://farmrpg.com/img/items/frozen_sheepshead.png,/img/items/frozen_sheepshead.png,frozen_sheepshead.png,frozen_sheepshead,,,Observed from cached Buddy page-data item image; review before asset download or canonical promotion.
Frozen Shell,frozen shell,frozen-shell,https://buddy.farm/i/frozen-shell/,Frozen Shell,icon_found,observed,https://farmrpg.com/img/items/frozen_shell.png,/img/items/frozen_shell.png,frozen_shell.png,frozen_shell,,,Observed from cached Buddy page-data item image; review before asset download or canonical promotion.
Frozen Skull,frozen skull,frozen-skull,https://buddy.farm/i/frozen-skull/,Frozen Skull,icon_found,observed,https://farmrpg.com/img/items/frozen_skull.png,/img/items/frozen_skull.png,frozen_skull.png,frozen_skull,,,Observed from cached Buddy page-data item image; review before asset download or canonical promotion.
Frozen Spyfish,frozen spyfish,frozen-spyfish,https://buddy.farm/i/frozen-spyfish/,Frozen Spyfish,icon_found,observed,https://farmrpg.com/img/items/frozen_spy.png,/img/items/frozen_spy.png,frozen_spy.png,frozen_spy,,,Observed from cached Buddy page-data item image; review before asset download or canonical promotion.
Frozen Squid,frozen squid,frozen-squid,https://buddy.farm/i/frozen-squid/,Frozen Squid,icon_found,observed,https://farmrpg.com/img/items/frozen_squid.png,/img/items/frozen_squid.png,frozen_squid.png,frozen_squid,,,Observed from cached Buddy page-data item image; review before asset download or canonical promotion.
Frozen Starfish,frozen starfish,frozen-starfish,https://buddy.farm/i/frozen-starfish/,Frozen Starfish,icon_found,observed,https://farmrpg.com/img/items/frozen_starfish.png,/img/items/frozen_starfish.png,frozen_starfish.png,frozen_starfish,,,Observed from cached Buddy page-data item image; review before asset download or canonical promotion.
Frozen Tomato,frozen tomato,frozen-tomato,https://buddy.farm/i/frozen-tomato/,Frozen Tomato,icon_found,observed,https://farmrpg.com/img/items/frozen_tomato.png,/img/items/frozen_tomato.png,frozen_tomato.png,frozen_tomato,,,Observed from cached Buddy page-data item image; review before asset download or canonical promotion.
Frozen Wheel,frozen wheel,frozen-wheel,https://buddy.farm/i/frozen-wheel/,Frozen Wheel,icon_found,observed,https://farmrpg.com/img/items/frozen_wheel.png,/img/items/frozen_wheel.png,frozen_wheel.png,frozen_wheel,,,Observed from cached Buddy page-data item image; review before asset download or canonical promotion.
Fruit Punch,fruit punch,fruit-punch,https://buddy.farm/i/fruit-punch/,Fruit Punch,icon_found,observed,https://farmrpg.com/img/items/fruitpunch.png,/img/items/fruitpunch.png,fruitpunch.png,fruitpunch,,,Observed from cached Buddy page-data item image; review before asset download or canonical promotion.
Fuji Apple,fuji apple,fuji-apple,https://buddy.farm/i/fuji-apple/,Fuji Apple,icon_found,observed,https://farmrpg.com/img/items/fujiapple.png,/img/items/fujiapple.png,fujiapple.png,fujiapple,,,Observed from cached Buddy page-data item image; review before asset download or canonical promotion.
Fungus Processing and You,fungus processing and you,fungus-processing-and-you,https://buddy.farm/i/fungus-processing-and-you/,Fungus Processing and You,icon_found,observed,https://farmrpg.com/img/items/mushroombook.png,/img/items/mushroombook.png,mushroombook.png,mushroombook,,,Observed from cached Buddy page-data item image; review before asset download or canonical promotion.
Fuzzy Bunny,fuzzy bunny,fuzzy-bunny,https://buddy.farm/i/fuzzy-bunny/,Fuzzy Bunny,icon_found,observed,https://farmrpg.com/img/items/Fuzzybunny.png,/img/items/Fuzzybunny.png,Fuzzybunny.png,Fuzzybunny,,,Observed from cached Buddy page-data item image; review before asset download or canonical promotion.
Fuzzy Chick 01,fuzzy chick 01,fuzzy-chick-01,https://buddy.farm/i/fuzzy-chick-01/,Fuzzy Chick 01,icon_found,observed,https://farmrpg.com/img/items/fuzzychick1pink.png,/img/items/fuzzychick1pink.png,fuzzychick1pink.png,fuzzychick1pink,,,Observed from cached Buddy page-data item image; review before asset download or canonical promotion.
Fuzzy Chick 02,fuzzy chick 02,fuzzy-chick-02,https://buddy.farm/i/fuzzy-chick-02/,Fuzzy Chick 02,icon_found,observed,https://farmrpg.com/img/items/Fuzzychick2.png,/img/items/Fuzzychick2.png,Fuzzychick2.png,Fuzzychick2,,,Observed from cached Buddy page-data item image; review before asset download or canonical promotion.
Fuzzy Chick 03,fuzzy chick 03,fuzzy-chick-03,https://buddy.farm/i/fuzzy-chick-03/,Fuzzy Chick 03,icon_found,observed,https://farmrpg.com/img/items/Fuzzychick3green.png,/img/items/Fuzzychick3green.png,Fuzzychick3green.png,Fuzzychick3green,,,Observed from cached Buddy page-data item image; review before asset download or canonical promotion.
Fuzzy Chick 04,fuzzy chick 04,fuzzy-chick-04,https://buddy.farm/i/fuzzy-chick-04/,Fuzzy Chick 04,icon_found,observed,https://farmrpg.com/img/items/Fuzzychick3yellow.png,/img/items/Fuzzychick3yellow.png,Fuzzychick3yellow.png,Fuzzychick3yellow,,,Observed from cached Buddy page-data item image; review before asset download or canonical promotion.
Fuzzy Chick 05,fuzzy chick 05,fuzzy-chick-05,https://buddy.farm/i/fuzzy-chick-05/,Fuzzy Chick 05,icon_found,observed,https://farmrpg.com/img/items/Fuzzychick1blue.png,/img/items/Fuzzychick1blue.png,Fuzzychick1blue.png,Fuzzychick1blue,,,Observed from cached Buddy page-data item image; review before asset download or canonical promotion.
Fuzzy Chick 06,fuzzy chick 06,fuzzy-chick-06,https://buddy.farm/i/fuzzy-chick-06/,Fuzzy Chick 06,icon_found,observed,https://farmrpg.com/img/items/Fuzzychick3.png,/img/items/Fuzzychick3.png,Fuzzychick3.png,Fuzzychick3,,,Observed from cached Buddy page-data item image; review before asset download or canonical promotion.
Fuzzy Chick 07,fuzzy chick 07,fuzzy-chick-07,https://buddy.farm/i/fuzzy-chick-07/,Fuzzy Chick 07,icon_found,observed,https://farmrpg.com/img/items/Fuzzychick2green.png,/img/items/Fuzzychick2green.png,Fuzzychick2green.png,Fuzzychick2green,,,Observed from cached Buddy page-data item image; review before asset download or canonical promotion.
Fuzzy Chick 08,fuzzy chick 08,fuzzy-chick-08,https://buddy.farm/i/fuzzy-chick-08/,Fuzzy Chick 08,icon_found,observed,https://farmrpg.com/img/items/Fuzzychick1.png,/img/items/Fuzzychick1.png,Fuzzychick1.png,Fuzzychick1,,,Observed from cached Buddy page-data item image; review before asset download or canonical promotion.
Fuzzy Chick 09,fuzzy chick 09,fuzzy-chick-09,https://buddy.farm/i/fuzzy-chick-09/,Fuzzy Chick 09,icon_found,observed,https://farmrpg.com/img/items/Fuzzychick2pink.png,/img/items/Fuzzychick2pink.png,Fuzzychick2pink.png,Fuzzychick2pink,,,Observed from cached Buddy page-data item image; review before asset download or canonical promotion.
Fuzzy Chick 10,fuzzy chick 10,fuzzy-chick-10,https://buddy.farm/i/fuzzy-chick-10/,Fuzzy Chick 10,icon_found,observed,https://farmrpg.com/img/items/Fuzzychick1green.png,/img/items/Fuzzychick1green.png,Fuzzychick1green.png,Fuzzychick1green,,,Observed from cached Buddy page-data item image; review before asset download or canonical promotion.
Fuzzy Chick 11,fuzzy chick 11,fuzzy-chick-11,https://buddy.farm/i/fuzzy-chick-11/,Fuzzy Chick 11,icon_found,observed,https://farmrpg.com/img/items/Fuzzychick2yellow.png,/img/items/Fuzzychick2yellow.png,Fuzzychick2yellow.png,Fuzzychick2yellow,,,Observed from cached Buddy page-data item image; review before asset download or canonical promotion.
Fuzzy Chick 12,fuzzy chick 12,fuzzy-chick-12,https://buddy.farm/i/fuzzy-chick-12/,Fuzzy Chick 12,icon_found,observed,https://farmrpg.com/img/items/Fuzzychick3blue.png,/img/items/Fuzzychick3blue.png,Fuzzychick3blue.png,Fuzzychick3blue,,,Observed from cached Buddy page-data item image; review before asset download or canonical promotion.
Fuzzy Egg,fuzzy egg,fuzzy-egg,https://buddy.farm/i/fuzzy-egg/,Fuzzy Egg,icon_found,observed,https://farmrpg.com/img/items/fuzzychickegg.png,/img/items/fuzzychickegg.png,fuzzychickegg.png,fuzzychickegg,,,Observed from cached Buddy page-data item image; review before asset download or canonical promotion.
Fuzzy Trophy,fuzzy trophy,fuzzy-trophy,https://buddy.farm/i/fuzzy-trophy/,Fuzzy Trophy,icon_found,observed,https://farmrpg.com/img/items/fuzzytrophy.png,/img/items/fuzzytrophy.png,fuzzytrophy.png,fuzzytrophy,,,Observed from cached Buddy page-data item image; review before asset download or canonical promotion.
Fuzzy Trout,fuzzy trout,fuzzy-trout,https://buddy.farm/i/fuzzy-trout/,Fuzzy Trout,icon_found,observed,https://farmrpg.com/img/items/fuzzy_trout.png,/img/items/fuzzy_trout.png,fuzzy_trout.png,fuzzy_trout,,,Observed from cached Buddy page-data item image; review before asset download or canonical promotion.
Gainite,gainite,gainite,https://buddy.farm/i/gainite/,Gainite,icon_found,observed,https://farmrpg.com/img/items/gainite.png,/img/items/gainite.png,gainite.png,gainite,,,Observed from cached Buddy page-data item image; review before asset download or canonical promotion.
Galactic Egg Basket,galactic egg basket,galactic-egg-basket,https://buddy.farm/i/galactic-egg-basket/,Galactic Egg Basket,icon_found,observed,https://farmrpg.com/img/items/space_egg_chest.png,/img/items/space_egg_chest.png,space_egg_chest.png,space_egg_chest,,,Observed from cached Buddy page-data item image; review before asset download or canonical promotion.
Garden Claw,garden claw,garden-claw,https://buddy.farm/i/garden-claw/,Garden Claw,icon_found,observed,https://farmrpg.com/img/items/garden_claw.png,/img/items/garden_claw.png,garden_claw.png,garden_claw,,,Observed from cached Buddy page-data item image; review before asset download or canonical promotion.
Garden Crate 01,garden crate 01,garden-crate-01,https://buddy.farm/i/garden-crate-01/,Garden Crate 01,icon_found,observed,https://farmrpg.com/img/items/garden_crate.png,/img/items/garden_crate.png,garden_crate.png,garden_crate,,,Observed from cached Buddy page-data item image; review before asset download or canonical promotion.
Garden Trowel,garden trowel,garden-trowel,https://buddy.farm/i/garden-trowel/,Garden Trowel,icon_found,observed,https://farmrpg.com/img/items/trowel.png,/img/items/trowel.png,trowel.png,trowel,,,Observed from cached Buddy page-data item image; review before asset download or canonical promotion.
Gare Bear,gare bear,gare-bear,https://buddy.farm/i/gare-bear/,Gare Bear,icon_found,observed,https://farmrpg.com/img/items/buffteddy2.png,/img/items/buffteddy2.png,buffteddy2.png,buffteddy2,,,Observed from cached Buddy page-data item image; review before asset download or canonical promotion.
Garlic,garlic,garlic,https://buddy.farm/i/garlic/,Garlic,icon_found,observed,https://farmrpg.com/img/items/garlic_t_02.png,/img/items/garlic_t_02.png,garlic_t_02.png,garlic_t_02,,,Observed from cached Buddy page-data item image; review before asset download or canonical promotion.
Garnet,garnet,garnet,https://buddy.farm/i/garnet/,Garnet,icon_found,observed,https://farmrpg.com/img/items/8008.png,/img/items/8008.png,8008.png,8008,8008,,Observed from cached Buddy page-data item image; review before asset download or canonical promotion.
Garnet Ring,garnet ring,garnet-ring,https://buddy.farm/i/garnet-ring/,Garnet Ring,icon_found,observed,https://farmrpg.com/img/items/garnetring.png,/img/items/garnetring.png,garnetring.png,garnetring,,,Observed from cached Buddy page-data item image; review before asset download or canonical promotion.
Gary Bobblehead,gary bobblehead,gary-bobblehead,https://buddy.farm/i/gary-bobblehead/,Gary Bobblehead,icon_found,observed,https://farmrpg.com/img/items/bobble_gary.png,/img/items/bobble_gary.png,bobble_gary.png,bobble_gary,,,Observed from cached Buddy page-data item image; review before asset download or canonical promotion.
Gary's Crushroom Key,gary s crushroom key,gary-s-crushroom-key,https://buddy.farm/i/gary-s-crushroom-key/,Gary's Crushroom Key,icon_found,observed,https://farmrpg.com/img/items/mushroomkey.png,/img/items/mushroomkey.png,mushroomkey.png,mushroomkey,,,Observed from cached Buddy page-data item image; review before asset download or canonical promotion.
Gary's Diary Page 12,gary s diary page 12,gary-s-diary-page-12,https://buddy.farm/i/gary-s-diary-page-12/,Gary's Diary Page 12,icon_found,observed,https://farmrpg.com/img/items/d_page12.png,/img/items/d_page12.png,d_page12.png,d_page12,,,Observed from cached Buddy page-data item image; review before asset download or canonical promotion.
Gary's Diary Page 36,gary s diary page 36,gary-s-diary-page-36,https://buddy.farm/i/gary-s-diary-page-36/,Gary's Diary Page 36,icon_found,observed,https://farmrpg.com/img/items/d_page36.png,/img/items/d_page36.png,d_page36.png,d_page36,,,Observed from cached Buddy page-data item image; review before asset download or canonical promotion.
Gary's Diary Page 77,gary s diary page 77,gary-s-diary-page-77,https://buddy.farm/i/gary-s-diary-page-77/,Gary's Diary Page 77,icon_found,observed,https://farmrpg.com/img/items/d_page77.png,/img/items/d_page77.png,d_page77.png,d_page77,,,Observed from cached Buddy page-data item image; review before asset download or canonical promotion.
Gary's Diary Page 86,gary s diary page 86,gary-s-diary-page-86,https://buddy.farm/i/gary-s-diary-page-86/,Gary's Diary Page 86,icon_found,observed,https://farmrpg.com/img/items/d_page86.png,/img/items/d_page86.png,d_page86.png,d_page86,,,Observed from cached Buddy page-data item image; review before asset download or canonical promotion.
Gazebo,gazebo,gazebo,https://buddy.farm/i/gazebo/,Gazebo,icon_found,observed,https://farmrpg.com/img/items/Gazebo.png,/img/items/Gazebo.png,Gazebo.png,Gazebo,,,Observed from cached Buddy page-data item image; review before asset download or canonical promotion.
Geist Bobblehead,geist bobblehead,geist-bobblehead,https://buddy.farm/i/geist-bobblehead/,Geist Bobblehead,icon_found,observed,https://farmrpg.com/img/items/bobble_geist.png,/img/items/bobble_geist.png,bobble_geist.png,bobble_geist,,,Observed from cached Buddy page-data item image; review before asset download or canonical promotion.
George Bobblehead,george bobblehead,george-bobblehead,https://buddy.farm/i/george-bobblehead/,George Bobblehead,icon_found,observed,https://farmrpg.com/img/items/bobble_george.png,/img/items/bobble_george.png,bobble_george.png,bobble_george,,,Observed from cached Buddy page-data item image; review before asset download or canonical promotion.
George's Acorn Pie,george s acorn pie,george-s-acorn-pie,https://buddy.farm/i/george-s-acorn-pie/,George's Acorn Pie,icon_found,observed,https://farmrpg.com/img/items/recipe.png,/img/items/recipe.png,recipe.png,recipe,,,Observed from cached Buddy page-data item image; review before asset download or canonical promotion.
George's Onion Soup,george s onion soup,george-s-onion-soup,https://buddy.farm/i/george-s-onion-soup/,George's Onion Soup,icon_found,observed,https://farmrpg.com/img/items/recipe.png,/img/items/recipe.png,recipe.png,recipe,,,Observed from cached Buddy page-data item image; review before asset download or canonical promotion.
Get Well Soon Card,get well soon card,get-well-soon-card,https://buddy.farm/i/get-well-soon-card/,Get Well Soon Card,icon_found,observed,https://farmrpg.com/img/items/card_gws.png,/img/items/card_gws.png,card_gws.png,card_gws,,,Observed from cached Buddy page-data item image; review before asset download or canonical promotion.
Ghost Buddy Doll,ghost buddy doll,ghost-buddy-doll,https://buddy.farm/i/ghost-buddy-doll/,Ghost Buddy Doll,icon_found,observed,https://farmrpg.com/img/items/gbuddy.png,/img/items/gbuddy.png,gbuddy.png,gbuddy,,,Observed from cached Buddy page-data item image; review before asset download or canonical promotion.
Ghost Candy,ghost candy,ghost-candy,https://buddy.farm/i/ghost-candy/,Ghost Candy,icon_found,observed,https://farmrpg.com/img/items/ghost_candy.png,/img/items/ghost_candy.png,ghost_candy.png,ghost_candy,,,Observed from cached Buddy page-data item image; review before asset download or canonical promotion.
Ghost Jelly,ghost jelly,ghost-jelly,https://buddy.farm/i/ghost-jelly/,Ghost Jelly,icon_found,observed,https://farmrpg.com/img/items/afk_8592.png,/img/items/afk_8592.png,afk_8592.png,afk_8592,,,Observed from cached Buddy page-data item image; review before asset download or canonical promotion.
Giant Centipede,giant centipede,giant-centipede,https://buddy.farm/i/giant-centipede/,Giant Centipede,icon_found,observed,https://farmrpg.com/img/items/giantcent.png,/img/items/giantcent.png,giantcent.png,giantcent,,,Observed from cached Buddy page-data item image; review before asset download or canonical promotion.
Giant Squid,giant squid,giant-squid,https://buddy.farm/i/giant-squid/,Giant Squid,icon_found,observed,https://farmrpg.com/img/items/7726.PNG,/img/items/7726.PNG,7726.PNG,7726,7726,,Observed from cached Buddy page-data item image; review before asset download or canonical promotion.
Gift Basket 01,gift basket 01,gift-basket-01,https://buddy.farm/i/gift-basket-01/,Gift Basket 01,icon_found,observed,https://farmrpg.com/img/items/giftbasket.png,/img/items/giftbasket.png,giftbasket.png,giftbasket,,,Observed from cached Buddy page-data item image; review before asset download or canonical promotion.
Gift Basket 02,gift basket 02,gift-basket-02,https://buddy.farm/i/gift-basket-02/,Gift Basket 02,icon_found,observed,https://farmrpg.com/img/items/giftbasket.png,/img/items/giftbasket.png,giftbasket.png,giftbasket,,,Observed from cached Buddy page-data item image; review before asset download or canonical promotion.
Gingerbread Buddy Doll,gingerbread buddy doll,gingerbread-buddy-doll,https://buddy.farm/i/gingerbread-buddy-doll/,Gingerbread Buddy Doll,icon_found,observed,https://farmrpg.com/img/items/gingerbreadbuddydoll.png,/img/items/gingerbreadbuddydoll.png,gingerbreadbuddydoll.png,gingerbreadbuddydoll,,,Observed from cached Buddy page-data item image; review before asset download or canonical promotion.
Gingerbread House,gingerbread house,gingerbread-house,https://buddy.farm/i/gingerbread-house/,Gingerbread House,icon_found,observed,https://farmrpg.com/img/items/10_sm.png,/img/items/10_sm.png,10_sm.png,10_sm,,,Observed from cached Buddy page-data item image; review before asset download or canonical promotion.
Gingerbread Man,gingerbread man,gingerbread-man,https://buddy.farm/i/gingerbread-man/,Gingerbread Man,icon_found,observed,https://farmrpg.com/img/items/4_sm.png,/img/items/4_sm.png,4_sm.png,4_sm,,,Observed from cached Buddy page-data item image; review before asset download or canonical promotion.
Giving Box 01,giving box 01,giving-box-01,https://buddy.farm/i/giving-box-01/,Giving Box 01,icon_found,observed,https://farmrpg.com/img/items/nicebox1.png,/img/items/nicebox1.png,nicebox1.png,nicebox1,,,Observed from cached Buddy page-data item image; review before asset download or canonical promotion.
Glacierstone,glacierstone,glacierstone,https://buddy.farm/i/glacierstone/,Glacierstone,icon_found,observed,https://farmrpg.com/img/items/icestone.png,/img/items/icestone.png,icestone.png,icestone,,,Observed from cached Buddy page-data item image; review before asset download or canonical promotion.
Glass Bottle,glass bottle,glass-bottle,https://buddy.farm/i/glass-bottle/,Glass Bottle,icon_found,observed,https://farmrpg.com/img/items/7727.PNG?1,/img/items/7727.PNG,7727.PNG,7727,7727,,Observed from cached Buddy page-data item image; review before asset download or canonical promotion.
Glass Eye Urchin,glass eye urchin,glass-eye-urchin,https://buddy.farm/i/glass-eye-urchin/,Glass Eye Urchin,icon_found,observed,https://farmrpg.com/img/items/afk_8843.png,/img/items/afk_8843.png,afk_8843.png,afk_8843,,,Observed from cached Buddy page-data item image; review before asset download or canonical promotion.
Glass Eyes,glass eyes,glass-eyes,https://buddy.farm/i/glass-eyes/,Glass Eyes,icon_found,observed,https://farmrpg.com/img/items/eyes_t_01.png,/img/items/eyes_t_01.png,eyes_t_01.png,eyes_t_01,,,Observed from cached Buddy page-data item image; review before asset download or canonical promotion.
Glass Jar,glass jar,glass-jar,https://buddy.farm/i/glass-jar/,Glass Jar,icon_found,observed,https://farmrpg.com/img/items/glassjar.png,/img/items/glassjar.png,glassjar.png,glassjar,,,Observed from cached Buddy page-data item image; review before asset download or canonical promotion.
Glass Orb,glass orb,glass-orb,https://buddy.farm/i/glass-orb/,Glass Orb,icon_found,observed,https://farmrpg.com/img/items/5708.PNG,/img/items/5708.PNG,5708.PNG,5708,5708,,Observed from cached Buddy page-data item image; review before asset download or canonical promotion.
Glassback,glassback,glassback,https://buddy.farm/i/glassback/,Glassback,icon_found,observed,https://farmrpg.com/img/items/glassback.png,/img/items/glassback.png,glassback.png,glassback,,,Observed from cached Buddy page-data item image; review before asset download or canonical promotion.
Globber,globber,globber,https://buddy.farm/i/globber/,Globber,icon_found,observed,https://farmrpg.com/img/items/5766.png,/img/items/5766.png,5766.png,5766,5766,,Observed from cached Buddy page-data item image; review before asset download or canonical promotion.
Gloorp,gloorp,gloorp,https://buddy.farm/i/gloorp/,Gloorp,icon_found,observed,https://farmrpg.com/img/items/Gloorpp.png,/img/items/Gloorpp.png,Gloorpp.png,Gloorpp,,,Observed from cached Buddy page-data item image; review before asset download or canonical promotion.
Glowing Lantern,glowing lantern,glowing-lantern,https://buddy.farm/i/glowing-lantern/,Glowing Lantern,icon_found,observed,https://farmrpg.com/img/items/glowinglantern.png,/img/items/glowinglantern.png,glowinglantern.png,glowinglantern,,,Observed from cached Buddy page-data item image; review before asset download or canonical promotion.
Glowshroom,glowshroom,glowshroom,https://buddy.farm/i/glowshroom/,Glowshroom,icon_found,observed,https://farmrpg.com/img/items/glowshroom.png,/img/items/glowshroom.png,glowshroom.png,glowshroom,,,Observed from cached Buddy page-data item image; review before asset download or canonical promotion.
Gold Apple,gold apple,gold-apple,https://buddy.farm/i/gold-apple/,Gold Apple,icon_found,observed,https://farmrpg.com/img/items/goldapple2.png,/img/items/goldapple2.png,goldapple2.png,goldapple2,,,Observed from cached Buddy page-data item image; review before asset download or canonical promotion.
Gold Aquamarine Ring,gold aquamarine ring,gold-aquamarine-ring,https://buddy.farm/i/gold-aquamarine-ring/,Gold Aquamarine Ring,icon_found,observed,https://farmrpg.com/img/items/goldaqring.png,/img/items/goldaqring.png,goldaqring.png,goldaqring,,,Observed from cached Buddy page-data item image; review before asset download or canonical promotion.
Gold Boot,gold boot,gold-boot,https://buddy.farm/i/gold-boot/,Gold Boot,icon_found,observed,https://farmrpg.com/img/items/gboot.png?1,/img/items/gboot.png,gboot.png,gboot,,,Observed from cached Buddy page-data item image; review before asset download or canonical promotion.
Gold Buddy Sweater,gold buddy sweater,gold-buddy-sweater,https://buddy.farm/i/gold-buddy-sweater/,Gold Buddy Sweater,icon_found,observed,https://farmrpg.com/img/items/ugly_sweater_gold.png,/img/items/ugly_sweater_gold.png,ugly_sweater_gold.png,ugly_sweater_gold,,,Observed from cached Buddy page-data item image; review before asset download or canonical promotion.
Gold Carrot,gold carrot,gold-carrot,https://buddy.farm/i/gold-carrot/,Gold Carrot,icon_found,observed,https://farmrpg.com/img/items/8391g.png,/img/items/8391g.png,8391g.png,8391g,,,Observed from cached Buddy page-data item image; review before asset download or canonical promotion.
Gold Carrot Seeds,gold carrot seeds,gold-carrot-seeds,https://buddy.farm/i/gold-carrot-seeds/,Gold Carrot Seeds,icon_found,observed,https://farmrpg.com/img/items/seeds_gcarrots.png,/img/items/seeds_gcarrots.png,seeds_gcarrots.png,seeds_gcarrots,,,Observed from cached Buddy page-data item image; review before asset download or canonical promotion.
Gold Catfish,gold catfish,gold-catfish,https://buddy.farm/i/gold-catfish/,Gold Catfish,icon_found,observed,https://farmrpg.com/img/items/goldcatfish.png,/img/items/goldcatfish.png,goldcatfish.png,goldcatfish,,,Observed from cached Buddy page-data item image; review before asset download or canonical promotion.
Gold Coral,gold coral,gold-coral,https://buddy.farm/i/gold-coral/,Gold Coral,icon_found,observed,https://farmrpg.com/img/items/goldcoral.png,/img/items/goldcoral.png,goldcoral.png,goldcoral,,,Observed from cached Buddy page-data item image; review before asset download or canonical promotion.
Gold Crab,gold crab,gold-crab,https://buddy.farm/i/gold-crab/,Gold Crab,icon_found,observed,https://farmrpg.com/img/items/fishing_102_t.png,/img/items/fishing_102_t.png,fishing_102_t.png,fishing_102_t,,,Observed from cached Buddy page-data item image; review before asset download or canonical promotion.
Gold Cucumber,gold cucumber,gold-cucumber,https://buddy.farm/i/gold-cucumber/,Gold Cucumber,icon_found,observed,https://farmrpg.com/img/items/5805g.png?1,/img/items/5805g.png,5805g.png,5805g,,,Observed from cached Buddy page-data item image; review before asset download or canonical promotion.
Gold Cucumber Seeds,gold cucumber seeds,gold-cucumber-seeds,https://buddy.farm/i/gold-cucumber-seeds/,Gold Cucumber Seeds,icon_found,observed,https://farmrpg.com/img/items/seeds_gcucumber.png,/img/items/seeds_gcucumber.png,seeds_gcucumber.png,seeds_gcucumber,,,Observed from cached Buddy page-data item image; review before asset download or canonical promotion.
Gold Diamond Ring,gold diamond ring,gold-diamond-ring,https://buddy.farm/i/gold-diamond-ring/,Gold Diamond Ring,icon_found,observed,https://farmrpg.com/img/items/864.png,/img/items/864.png,864.png,864,864,,Observed from cached Buddy page-data item image; review before asset download or canonical promotion.
Gold Drum,gold drum,gold-drum,https://buddy.farm/i/gold-drum/,Gold Drum,icon_found,observed,https://farmrpg.com/img/items/golddrum.png,/img/items/golddrum.png,golddrum.png,golddrum,,,Observed from cached Buddy page-data item image; review before asset download or canonical promotion.
Gold Egg,gold egg,gold-egg,https://buddy.farm/i/gold-egg/,Gold Egg,icon_found,observed,https://farmrpg.com/img/items/egg_gold.png,/img/items/egg_gold.png,egg_gold.png,egg_gold,,,Observed from cached Buddy page-data item image; review before asset download or canonical promotion.
Gold Eggplant,gold eggplant,gold-eggplant,https://buddy.farm/i/gold-eggplant/,Gold Eggplant,icon_found,observed,https://farmrpg.com/img/items/geggplant.png?1,/img/items/geggplant.png,geggplant.png,geggplant,,,Observed from cached Buddy page-data item image; review before asset download or canonical promotion.
Gold Eggplant Seeds,gold eggplant seeds,gold-eggplant-seeds,https://buddy.farm/i/gold-eggplant-seeds/,Gold Eggplant Seeds,icon_found,observed,https://farmrpg.com/img/items/seeds_geggplants.png,/img/items/seeds_geggplants.png,seeds_geggplants.png,seeds_geggplants,,,Observed from cached Buddy page-data item image; review before asset download or canonical promotion.
Gold Emerald Ring,gold emerald ring,gold-emerald-ring,https://buddy.farm/i/gold-emerald-ring/,Gold Emerald Ring,icon_found,observed,https://farmrpg.com/img/items/goldemring.png,/img/items/goldemring.png,goldemring.png,goldemring,,,Observed from cached Buddy page-data item image; review before asset download or canonical promotion.
Gold Feather,gold feather,gold-feather,https://buddy.farm/i/gold-feather/,Gold Feather,icon_found,observed,https://farmrpg.com/img/items/5996.png,/img/items/5996.png,5996.png,5996,5996,,Observed from cached Buddy page-data item image; review before asset download or canonical promotion.
Gold Feed,gold feed,gold-feed,https://buddy.farm/i/gold-feed/,Gold Feed,icon_found,observed,https://farmrpg.com/img/items/goldfeed.png,/img/items/goldfeed.png,goldfeed.png,goldfeed,,,Observed from cached Buddy page-data item image; review before asset download or canonical promotion.
Gold Flier,gold flier,gold-flier,https://buddy.farm/i/gold-flier/,Gold Flier,icon_found,observed,https://farmrpg.com/img/items/goldflier.png,/img/items/goldflier.png,goldflier.png,goldflier,,,Observed from cached Buddy page-data item image; review before asset download or canonical promotion.
Gold Garnet Ring,gold garnet ring,gold-garnet-ring,https://buddy.farm/i/gold-garnet-ring/,Gold Garnet Ring,icon_found,observed,https://farmrpg.com/img/items/goldgarnetring.png,/img/items/goldgarnetring.png,goldgarnetring.png,goldgarnetring,,,Observed from cached Buddy page-data item image; review before asset download or canonical promotion.
Gold Horseshoe,gold horseshoe,gold-horseshoe,https://buddy.farm/i/gold-horseshoe/,Gold Horseshoe,icon_found,observed,https://farmrpg.com/img/items/goldhs.png,/img/items/goldhs.png,goldhs.png,goldhs,,,Observed from cached Buddy page-data item image; review before asset download or canonical promotion.
Gold Jade Ring,gold jade ring,gold-jade-ring,https://buddy.farm/i/gold-jade-ring/,Gold Jade Ring,icon_found,observed,https://farmrpg.com/img/items/goldjadering2.png,/img/items/goldjadering2.png,goldjadering2.png,goldjadering2,,,Observed from cached Buddy page-data item image; review before asset download or canonical promotion.
Gold Jelly,gold jelly,gold-jelly,https://buddy.farm/i/gold-jelly/,Gold Jelly,icon_found,observed,https://farmrpg.com/img/items/goldjelly.png,/img/items/goldjelly.png,goldjelly.png,goldjelly,,,Observed from cached Buddy page-data item image; review before asset download or canonical promotion.
Gold King Apple,gold king apple,gold-king-apple,https://buddy.farm/i/gold-king-apple/,Gold King Apple,icon_found,observed,https://farmrpg.com/img/items/king_apple_gold.png?1,/img/items/king_apple_gold.png,king_apple_gold.png,king_apple_gold,,,Observed from cached Buddy page-data item image; review before asset download or canonical promotion.
Gold Laurel,gold laurel,gold-laurel,https://buddy.farm/i/gold-laurel/,Gold Laurel,icon_found,observed,https://farmrpg.com/img/items/goldleaflaurel.png,/img/items/goldleaflaurel.png,goldleaflaurel.png,goldleaflaurel,,,Observed from cached Buddy page-data item image; review before asset download or canonical promotion.
Gold Leaf,gold leaf,gold-leaf,https://buddy.farm/i/gold-leaf/,Gold Leaf,icon_found,observed,https://farmrpg.com/img/items/8774.png,/img/items/8774.png,8774.png,8774,8774,,Observed from cached Buddy page-data item image; review before asset download or canonical promotion.
Gold Lemon Quartz Ring,gold lemon quartz ring,gold-lemon-quartz-ring,https://buddy.farm/i/gold-lemon-quartz-ring/,Gold Lemon Quartz Ring,icon_found,observed,https://farmrpg.com/img/items/goldlqring.png,/img/items/goldlqring.png,goldlqring.png,goldlqring,,,Observed from cached Buddy page-data item image; review before asset download or canonical promotion.
Gold Mittens,gold mittens,gold-mittens,https://buddy.farm/i/gold-mittens/,Gold Mittens,icon_found,observed,https://farmrpg.com/img/items/goldmittens.png,/img/items/goldmittens.png,goldmittens.png,goldmittens,,,Observed from cached Buddy page-data item image; review before asset download or canonical promotion.
Gold Pea Seeds,gold pea seeds,gold-pea-seeds,https://buddy.farm/i/gold-pea-seeds/,Gold Pea Seeds,icon_found,observed,https://farmrpg.com/img/items/seeds_gpeas.png,/img/items/seeds_gpeas.png,seeds_gpeas.png,seeds_gpeas,,,Observed from cached Buddy page-data item image; review before asset download or canonical promotion.
Gold Peas,gold peas,gold-peas,https://buddy.farm/i/gold-peas/,Gold Peas,icon_found,observed,https://farmrpg.com/img/items/8259g.png,/img/items/8259g.png,8259g.png,8259g,,,Observed from cached Buddy page-data item image; review before asset download or canonical promotion.
Gold Pepper Seeds,gold pepper seeds,gold-pepper-seeds,https://buddy.farm/i/gold-pepper-seeds/,Gold Pepper Seeds,icon_found,observed,https://farmrpg.com/img/items/seeds_gpeppers.png,/img/items/seeds_gpeppers.png,seeds_gpeppers.png,seeds_gpeppers,,,Observed from cached Buddy page-data item image; review before asset download or canonical promotion.
Gold Peppers,gold peppers,gold-peppers,https://buddy.farm/i/gold-peppers/,Gold Peppers,icon_found,observed,https://farmrpg.com/img/items/8301g.png?1,/img/items/8301g.png,8301g.png,8301g,,,Observed from cached Buddy page-data item image; review before asset download or canonical promotion.
Gold Potato,gold potato,gold-potato,https://buddy.farm/i/gold-potato/,Gold Potato,icon_found,observed,https://farmrpg.com/img/items/gp3.png,/img/items/gp3.png,gp3.png,gp3,,,Observed from cached Buddy page-data item image; review before asset download or canonical promotion.
Gold Ring,gold ring,gold-ring,https://buddy.farm/i/gold-ring/,Gold Ring,icon_found,observed,https://farmrpg.com/img/items/goldring.png,/img/items/goldring.png,goldring.png,goldring,,,Observed from cached Buddy page-data item image; review before asset download or canonical promotion.
Gold Ruby Ring,gold ruby ring,gold-ruby-ring,https://buddy.farm/i/gold-ruby-ring/,Gold Ruby Ring,icon_found,observed,https://farmrpg.com/img/items/goldrubyring.png,/img/items/goldrubyring.png,goldrubyring.png,goldrubyring,,,Observed from cached Buddy page-data item image; review before asset download or canonical promotion.
Gold Rudolph,gold rudolph,gold-rudolph,https://buddy.farm/i/gold-rudolph/,Gold Rudolph,icon_found,observed,https://farmrpg.com/img/items/goldrudolph.png,/img/items/goldrudolph.png,goldrudolph.png,goldrudolph,,,Observed from cached Buddy page-data item image; review before asset download or canonical promotion.
Gold Sea Bass,gold sea bass,gold-sea-bass,https://buddy.farm/i/gold-sea-bass/,Gold Sea Bass,icon_found,observed,https://farmrpg.com/img/items/goldseabass.png,/img/items/goldseabass.png,goldseabass.png,goldseabass,,,Observed from cached Buddy page-data item image; review before asset download or canonical promotion.
Gold Sea Crest,gold sea crest,gold-sea-crest,https://buddy.farm/i/gold-sea-crest/,Gold Sea Crest,icon_found,observed,https://farmrpg.com/img/items/goldseacrest.png,/img/items/goldseacrest.png,goldseacrest.png,goldseacrest,,,Observed from cached Buddy page-data item image; review before asset download or canonical promotion.
Gold Seed Bag 01,gold seed bag 01,gold-seed-bag-01,https://buddy.farm/i/gold-seed-bag-01/,Gold Seed Bag 01,icon_found,observed,https://farmrpg.com/img/items/gold_bag.png,/img/items/gold_bag.png,gold_bag.png,gold_bag,,,Observed from cached Buddy page-data item image; review before asset download or canonical promotion.
Gold Shamrock,gold shamrock,gold-shamrock,https://buddy.farm/i/gold-shamrock/,Gold Shamrock,icon_found,observed,https://farmrpg.com/img/items/goldclover.png,/img/items/goldclover.png,goldclover.png,goldclover,,,Observed from cached Buddy page-data item image; review before asset download or canonical promotion.
Gold Slimeback,gold slimeback,gold-slimeback,https://buddy.farm/i/gold-slimeback/,Gold Slimeback,icon_found,observed,https://farmrpg.com/img/items/goldslimeback.png,/img/items/goldslimeback.png,goldslimeback.png,goldslimeback,,,Observed from cached Buddy page-data item image; review before asset download or canonical promotion.
Gold Trout,gold trout,gold-trout,https://buddy.farm/i/gold-trout/,Gold Trout,icon_found,observed,https://farmrpg.com/img/items/goldtrout.png?1,/img/items/goldtrout.png,goldtrout.png,goldtrout,,,Observed from cached Buddy page-data item image; review before asset download or canonical promotion.
Gold Wreath,gold wreath,gold-wreath,https://buddy.farm/i/gold-wreath/,Gold Wreath,icon_found,observed,https://farmrpg.com/img/items/goldwreath.png,/img/items/goldwreath.png,goldwreath.png,goldwreath,,,Observed from cached Buddy page-data item image; review before asset download or canonical promotion.
Goldfin,goldfin,goldfin,https://buddy.farm/i/goldfin/,Goldfin,icon_found,observed,https://farmrpg.com/img/items/goldfin.png,/img/items/goldfin.png,goldfin.png,goldfin,,,Observed from cached Buddy page-data item image; review before asset download or canonical promotion.
Goldfish,goldfish,goldfish,https://buddy.farm/i/goldfish/,Goldfish,icon_found,observed,https://farmrpg.com/img/items/fishing_118_t.png,/img/items/fishing_118_t.png,fishing_118_t.png,fishing_118_t,,,Observed from cached Buddy page-data item image; review before asset download or canonical promotion.
Goldgill,goldgill,goldgill,https://buddy.farm/i/goldgill/,Goldgill,icon_found,observed,https://farmrpg.com/img/items/goldgill.png,/img/items/goldgill.png,goldgill.png,goldgill,,,Observed from cached Buddy page-data item image; review before asset download or canonical promotion.
Goldjack,goldjack,goldjack,https://buddy.farm/i/goldjack/,Goldjack,icon_found,observed,https://farmrpg.com/img/items/goldjack.png?1,/img/items/goldjack.png,goldjack.png,goldjack,,,Observed from cached Buddy page-data item image; review before asset download or canonical promotion.
Goldray,goldray,goldray,https://buddy.farm/i/goldray/,Goldray,icon_found,observed,https://farmrpg.com/img/items/goldray.png,/img/items/goldray.png,goldray.png,goldray,,,Observed from cached Buddy page-data item image; review before asset download or canonical promotion.
Good Luck Card,good luck card,good-luck-card,https://buddy.farm/i/good-luck-card/,Good Luck Card,icon_found,observed,https://farmrpg.com/img/items/card_goodluck.png,/img/items/card_goodluck.png,card_goodluck.png,card_goodluck,,,Observed from cached Buddy page-data item image; review before asset download or canonical promotion.
Goostav Bobblehead,goostav bobblehead,goostav-bobblehead,https://buddy.farm/i/goostav-bobblehead/,Goostav Bobblehead,icon_found,observed,https://farmrpg.com/img/items/bobble_goostav.png,/img/items/bobble_goostav.png,bobble_goostav.png,bobble_goostav,,,Observed from cached Buddy page-data item image; review before asset download or canonical promotion.
Gouda,gouda,gouda,https://buddy.farm/i/gouda/,Gouda,icon_found,observed,https://farmrpg.com/img/items/4601.png,/img/items/4601.png,4601.png,4601,4601,,Observed from cached Buddy page-data item image; review before asset download or canonical promotion.
Grab Bag 01,grab bag 01,grab-bag-01,https://buddy.farm/i/grab-bag-01/,Grab Bag 01,icon_found,observed,https://farmrpg.com/img/items/4497.png,/img/items/4497.png,4497.png,4497,4497,,Observed from cached Buddy page-data item image; review before asset download or canonical promotion.
Grab Bag 02,grab bag 02,grab-bag-02,https://buddy.farm/i/grab-bag-02/,Grab Bag 02,icon_found,observed,https://farmrpg.com/img/items/4497.png,/img/items/4497.png,4497.png,4497,4497,,Observed from cached Buddy page-data item image; review before asset download or canonical promotion.
Grab Bag 03,grab bag 03,grab-bag-03,https://buddy.farm/i/grab-bag-03/,Grab Bag 03,icon_found,observed,https://farmrpg.com/img/items/4497.png,/img/items/4497.png,4497.png,4497,4497,,Observed from cached Buddy page-data item image; review before asset download or canonical promotion.
Grab Bag 04,grab bag 04,grab-bag-04,https://buddy.farm/i/grab-bag-04/,Grab Bag 04,icon_found,observed,https://farmrpg.com/img/items/4497.png,/img/items/4497.png,4497.png,4497,4497,,Observed from cached Buddy page-data item image; review before asset download or canonical promotion.
Grab Bag 05,grab bag 05,grab-bag-05,https://buddy.farm/i/grab-bag-05/,Grab Bag 05,icon_found,observed,https://farmrpg.com/img/items/4497.png,/img/items/4497.png,4497.png,4497,4497,,Observed from cached Buddy page-data item image; review before asset download or canonical promotion.
Grab Bag 06,grab bag 06,grab-bag-06,https://buddy.farm/i/grab-bag-06/,Grab Bag 06,icon_found,observed,https://farmrpg.com/img/items/4497.png,/img/items/4497.png,4497.png,4497,4497,,Observed from cached Buddy page-data item image; review before asset download or canonical promotion.
Grab Bag 07,grab bag 07,grab-bag-07,https://buddy.farm/i/grab-bag-07/,Grab Bag 07,icon_found,observed,https://farmrpg.com/img/items/4497.png,/img/items/4497.png,4497.png,4497,4497,,Observed from cached Buddy page-data item image; review before asset download or canonical promotion.
Grab Bag 08,grab bag 08,grab-bag-08,https://buddy.farm/i/grab-bag-08/,Grab Bag 08,icon_found,observed,https://farmrpg.com/img/items/4497.png,/img/items/4497.png,4497.png,4497,4497,,Observed from cached Buddy page-data item image; review before asset download or canonical promotion.
Grand Piano,grand piano,grand-piano,https://buddy.farm/i/grand-piano/,Grand Piano,icon_found,observed,https://farmrpg.com/img/items/piano.png,/img/items/piano.png,piano.png,piano,,,Observed from cached Buddy page-data item image; review before asset download or canonical promotion.
Grape Juice,grape juice,grape-juice,https://buddy.farm/i/grape-juice/,Grape Juice,icon_found,observed,https://farmrpg.com/img/items/grapejuice.png,/img/items/grapejuice.png,grapejuice.png,grapejuice,,,Observed from cached Buddy page-data item image; review before asset download or canonical promotion.
Grapes,grapes,grapes,https://buddy.farm/i/grapes/,Grapes,icon_found,observed,https://farmrpg.com/img/items/8272.PNG,/img/items/8272.PNG,8272.PNG,8272,8272,,Observed from cached Buddy page-data item image; review before asset download or canonical promotion.
Grasshopper,grasshopper,grasshopper,https://buddy.farm/i/grasshopper/,Grasshopper,icon_found,observed,https://farmrpg.com/img/items/3315.png,/img/items/3315.png,3315.png,3315,3315,,Observed from cached Buddy page-data item image; review before asset download or canonical promotion.
Gravy Boat,gravy boat,gravy-boat,https://buddy.farm/i/gravy-boat/,Gravy Boat,icon_found,observed,https://farmrpg.com/img/items/gravyboat.png,/img/items/gravyboat.png,gravyboat.png,gravyboat,,,Observed from cached Buddy page-data item image; review before asset download or canonical promotion.
Green Apple,green apple,green-apple,https://buddy.farm/i/green-apple/,Green Apple,icon_found,observed,https://farmrpg.com/img/items/greenapple.png,/img/items/greenapple.png,greenapple.png,greenapple,,,Observed from cached Buddy page-data item image; review before asset download or canonical promotion.
Green Backpack,green backpack,green-backpack,https://buddy.farm/i/green-backpack/,Green Backpack,icon_found,observed,https://farmrpg.com/img/items/luckybag.png,/img/items/luckybag.png,luckybag.png,luckybag,,,Observed from cached Buddy page-data item image; review before asset download or canonical promotion.
Green Barracuda,green barracuda,green-barracuda,https://buddy.farm/i/green-barracuda/,Green Barracuda,icon_found,observed,https://farmrpg.com/img/items/3284.png,/img/items/3284.png,3284.png,3284,3284,,Observed from cached Buddy page-data item image; review before asset download or canonical promotion.
Green Butterfly,green butterfly,green-butterfly,https://buddy.farm/i/green-butterfly/,Green Butterfly,icon_found,observed,https://farmrpg.com/img/items/afk_8578g.png,/img/items/afk_8578g.png,afk_8578g.png,afk_8578g,,,Observed from cached Buddy page-data item image; review before asset download or canonical promotion.
Green Chromis,green chromis,green-chromis,https://buddy.farm/i/green-chromis/,Green Chromis,icon_found,observed,https://farmrpg.com/img/items/7828.PNG,/img/items/7828.PNG,7828.PNG,7828,7828,,Observed from cached Buddy page-data item image; review before asset download or canonical promotion.
Green Cloak,green cloak,green-cloak,https://buddy.farm/i/green-cloak/,Green Cloak,icon_found,observed,https://farmrpg.com/img/items/ForestIcons_54_t.png,/img/items/ForestIcons_54_t.png,ForestIcons_54_t.png,ForestIcons_54_t,,,Observed from cached Buddy page-data item image; review before asset download or canonical promotion.
Green Diary,green diary,green-diary,https://buddy.farm/i/green-diary/,Green Diary,icon_found,observed,https://farmrpg.com/img/items/greenbook.png,/img/items/greenbook.png,greenbook.png,greenbook,,,Observed from cached Buddy page-data item image; review before asset download or canonical promotion.
Green Dye,green dye,green-dye,https://buddy.farm/i/green-dye/,Green Dye,icon_found,observed,https://farmrpg.com/img/items/greendye.png,/img/items/greendye.png,greendye.png,greendye,,,Observed from cached Buddy page-data item image; review before asset download or canonical promotion.
Green Halite,green halite,green-halite,https://buddy.farm/i/green-halite/,Green Halite,icon_found,observed,https://farmrpg.com/img/items/9445.png,/img/items/9445.png,9445.png,9445,9445,,Observed from cached Buddy page-data item image; review before asset download or canonical promotion.
Green Jellyfish,green jellyfish,green-jellyfish,https://buddy.farm/i/green-jellyfish/,Green Jellyfish,icon_found,observed,https://farmrpg.com/img/items/7787.png,/img/items/7787.png,7787.png,7787,7787,,Observed from cached Buddy page-data item image; review before asset download or canonical promotion.
Green Ornament,green ornament,green-ornament,https://buddy.farm/i/green-ornament/,Green Ornament,icon_found,observed,https://farmrpg.com/img/items/cr_t_03_c.png,/img/items/cr_t_03_c.png,cr_t_03_c.png,cr_t_03_c,,,Observed from cached Buddy page-data item image; review before asset download or canonical promotion.
Green Parchment,green parchment,green-parchment,https://buddy.farm/i/green-parchment/,Green Parchment,icon_found,observed,https://farmrpg.com/img/items/greenparchment.png,/img/items/greenparchment.png,greenparchment.png,greenparchment,,,Observed from cached Buddy page-data item image; review before asset download or canonical promotion.
Green Rubee,green rubee,green-rubee,https://buddy.farm/i/green-rubee/,Green Rubee,icon_found,observed,https://farmrpg.com/img/items/greengem.png,/img/items/greengem.png,greengem.png,greengem,,,Observed from cached Buddy page-data item image; review before asset download or canonical promotion.
Green Scarf,green scarf,green-scarf,https://buddy.farm/i/green-scarf/,Green Scarf,icon_found,observed,https://farmrpg.com/img/items/scarf.png,/img/items/scarf.png,scarf.png,scarf,,,Observed from cached Buddy page-data item image; review before asset download or canonical promotion.
Green Shirt,green shirt,green-shirt,https://buddy.farm/i/green-shirt/,Green Shirt,icon_found,observed,https://farmrpg.com/img/items/greenshirt.png,/img/items/greenshirt.png,greenshirt.png,greenshirt,,,Observed from cached Buddy page-data item image; review before asset download or canonical promotion.
Green Top Hat,green top hat,green-top-hat,https://buddy.farm/i/green-top-hat/,Green Top Hat,icon_found,observed,https://farmrpg.com/img/items/greenhat.png,/img/items/greenhat.png,greenhat.png,greenhat,,,Observed from cached Buddy page-data item image; review before asset download or canonical promotion.
Green Torpedo,green torpedo,green-torpedo,https://buddy.farm/i/green-torpedo/,Green Torpedo,icon_found,observed,https://farmrpg.com/img/items/greenfw.png,/img/items/greenfw.png,greenfw.png,greenfw,,,Observed from cached Buddy page-data item image; review before asset download or canonical promotion.
Green Twine,green twine,green-twine,https://buddy.farm/i/green-twine/,Green Twine,icon_found,observed,https://farmrpg.com/img/items/greentwine.png,/img/items/greentwine.png,greentwine.png,greentwine,,,Observed from cached Buddy page-data item image; review before asset download or canonical promotion.
Groundhog Buddy Doll,groundhog buddy doll,groundhog-buddy-doll,https://buddy.farm/i/groundhog-buddy-doll/,Groundhog Buddy Doll,icon_found,observed,https://farmrpg.com/img/items/buddydoll_groundhog.png,/img/items/buddydoll_groundhog.png,buddydoll_groundhog.png,buddydoll_groundhog,,,Observed from cached Buddy page-data item image; review before asset download or canonical promotion.
Growth Medallion I,growth medallion i,growth-medallion-i,https://buddy.farm/i/growth-medallion-i/,Growth Medallion I,icon_found,observed,https://farmrpg.com/img/items/ForestIcons_32_t.png,/img/items/ForestIcons_32_t.png,ForestIcons_32_t.png,ForestIcons_32_t,,,Observed from cached Buddy page-data item image; review before asset download or canonical promotion.
Growth Medallion II,growth medallion ii,growth-medallion-ii,https://buddy.farm/i/growth-medallion-ii/,Growth Medallion II,icon_found,observed,https://farmrpg.com/img/items/ForestIcons_32_t.png,/img/items/ForestIcons_32_t.png,ForestIcons_32_t.png,ForestIcons_32_t,,,Observed from cached Buddy page-data item image; review before asset download or canonical promotion.
Grubs,grubs,grubs,https://buddy.farm/i/grubs/,Grubs,icon_found,observed,https://farmrpg.com/img/items/7745.png,/img/items/7745.png,7745.png,7745,7745,,Observed from cached Buddy page-data item image; review before asset download or canonical promotion.
Gummy Globber,gummy globber,gummy-globber,https://buddy.farm/i/gummy-globber/,Gummy Globber,icon_found,observed,https://farmrpg.com/img/items/candyfish.png,/img/items/candyfish.png,candyfish.png,candyfish,,,Observed from cached Buddy page-data item image; review before asset download or canonical promotion.
Gummy Worms,gummy worms,gummy-worms,https://buddy.farm/i/gummy-worms/,Gummy Worms,icon_found,observed,https://farmrpg.com/img/items/gworm.png,/img/items/gworm.png,gworm.png,gworm,,,Observed from cached Buddy page-data item image; review before asset download or canonical promotion.
Hammer,hammer,hammer,https://buddy.farm/i/hammer/,Hammer,icon_found,observed,https://farmrpg.com/img/items/hammer.png?2,/img/items/hammer.png,hammer.png,hammer,,,Observed from cached Buddy page-data item image; review before asset download or canonical promotion.
Handsaw,handsaw,handsaw,https://buddy.farm/i/handsaw/,Handsaw,icon_found,observed,https://farmrpg.com/img/items/3149.png,/img/items/3149.png,3149.png,3149,3149,,Observed from cached Buddy page-data item image; review before asset download or canonical promotion.
Happy Cookies,happy cookies,happy-cookies,https://buddy.farm/i/happy-cookies/,Happy Cookies,icon_found,observed,https://farmrpg.com/img/items/ccookies.png,/img/items/ccookies.png,ccookies.png,ccookies,,,Observed from cached Buddy page-data item image; review before asset download or canonical promotion.
Happy Farmiversary Card,happy farmiversary card,happy-farmiversary-card,https://buddy.farm/i/happy-farmiversary-card/,Happy Farmiversary Card,icon_found,observed,https://farmrpg.com/img/items/card_farmiversary.png,/img/items/card_farmiversary.png,card_farmiversary.png,card_farmiversary,,,Observed from cached Buddy page-data item image; review before asset download or canonical promotion.
Happy Halloween Card,happy halloween card,happy-halloween-card,https://buddy.farm/i/happy-halloween-card/,Happy Halloween Card,icon_found,observed,https://farmrpg.com/img/items/halloween_card.png,/img/items/halloween_card.png,halloween_card.png,halloween_card,,,Observed from cached Buddy page-data item image; review before asset download or canonical promotion.
Harpoon,harpoon,harpoon,https://buddy.farm/i/harpoon/,Harpoon,icon_found,observed,https://farmrpg.com/img/items/harpoon.png,/img/items/harpoon.png,harpoon.png,harpoon,,,Observed from cached Buddy page-data item image; review before asset download or canonical promotion.
Harvest Bundle 01,harvest bundle 01,harvest-bundle-01,https://buddy.farm/i/harvest-bundle-01/,Harvest Bundle 01,icon_found,observed,https://farmrpg.com/img/items/harvest_bundle.png,/img/items/harvest_bundle.png,harvest_bundle.png,harvest_bundle,,,Observed from cached Buddy page-data item image; review before asset download or canonical promotion.
Headdress of Luna,headdress of luna,headdress-of-luna,https://buddy.farm/i/headdress-of-luna/,Headdress of Luna,icon_found,observed,https://farmrpg.com/img/items/3911.png,/img/items/3911.png,3911.png,3911,3911,,Observed from cached Buddy page-data item image; review before asset download or canonical promotion.
Heart Candies,heart candies,heart-candies,https://buddy.farm/i/heart-candies/,Heart Candies,icon_found,observed,https://farmrpg.com/img/items/heartcandies.png,/img/items/heartcandies.png,heartcandies.png,heartcandies,,,Observed from cached Buddy page-data item image; review before asset download or canonical promotion.
Heart Container,heart container,heart-container,https://buddy.farm/i/heart-container/,Heart Container,icon_found,observed,https://farmrpg.com/img/items/heartcontainer.png?1,/img/items/heartcontainer.png,heartcontainer.png,heartcontainer,,,Observed from cached Buddy page-data item image; review before asset download or canonical promotion.
Heart Necklace,heart necklace,heart-necklace,https://buddy.farm/i/heart-necklace/,Heart Necklace,icon_found,observed,https://farmrpg.com/img/items/l_02_t_a.PNG,/img/items/l_02_t_a.PNG,l_02_t_a.PNG,l_02_t_a,,,Observed from cached Buddy page-data item image; review before asset download or canonical promotion.
Heart Necklace Left Piece,heart necklace left piece,heart-necklace-left-piece,https://buddy.farm/i/heart-necklace-left-piece/,Heart Necklace Left Piece,icon_found,observed,https://farmrpg.com/img/items/l_02_t_b.PNG,/img/items/l_02_t_b.PNG,l_02_t_b.PNG,l_02_t_b,,,Observed from cached Buddy page-data item image; review before asset download or canonical promotion.
Heart Necklace Right Piece,heart necklace right piece,heart-necklace-right-piece,https://buddy.farm/i/heart-necklace-right-piece/,Heart Necklace Right Piece,icon_found,observed,https://farmrpg.com/img/items/l_02_t_c.PNG,/img/items/l_02_t_c.PNG,l_02_t_c.PNG,l_02_t_c,,,Observed from cached Buddy page-data item image; review before asset download or canonical promotion.
Heart-shaped Box 01,heart shaped box 01,heart-shaped-box-01,https://buddy.farm/i/heart-shaped-box-01/,Heart-shaped Box 01,icon_found,observed,https://farmrpg.com/img/items/heartshapedbox1.png,/img/items/heartshapedbox1.png,heartshapedbox1.png,heartshapedbox1,,,Observed from cached Buddy page-data item image; review before asset download or canonical promotion.
Heart-shaped Box 02,heart shaped box 02,heart-shaped-box-02,https://buddy.farm/i/heart-shaped-box-02/,Heart-shaped Box 02,icon_found,observed,https://farmrpg.com/img/items/heartshapedbox1.png,/img/items/heartshapedbox1.png,heartshapedbox1.png,heartshapedbox1,,,Observed from cached Buddy page-data item image; review before asset download or canonical promotion.
Heart-shaped Box 03,heart shaped box 03,heart-shaped-box-03,https://buddy.farm/i/heart-shaped-box-03/,Heart-shaped Box 03,icon_found,observed,https://farmrpg.com/img/items/heartshapedbox1.png,/img/items/heartshapedbox1.png,heartshapedbox1.png,heartshapedbox1,,,Observed from cached Buddy page-data item image; review before asset download or canonical promotion.
Heart-shaped Gem,heart shaped gem,heart-shaped-gem,https://buddy.farm/i/heart-shaped-gem/,Heart-shaped Gem,icon_found,observed,https://farmrpg.com/img/items/3495.png,/img/items/3495.png,3495.png,3495,3495,,Observed from cached Buddy page-data item image; review before asset download or canonical promotion.
Hearts,hearts,hearts,https://buddy.farm/i/hearts/,Hearts,icon_found,observed,https://farmrpg.com/img/items/card_hearts.png,/img/items/card_hearts.png,card_hearts.png,card_hearts,,,Observed from cached Buddy page-data item image; review before asset download or canonical promotion.
Hensods's Bonsai,hensods s bonsai,hensods-s-bonsai,https://buddy.farm/i/hensods-s-bonsai/,Hensods's Bonsai,icon_found,observed,https://farmrpg.com/img/items/bonsai01.png,/img/items/bonsai01.png,bonsai01.png,bonsai01,,,Observed from cached Buddy page-data item image; review before asset download or canonical promotion.
Herbs,herbs,herbs,https://buddy.farm/i/herbs/,Herbs,icon_found,observed,https://farmrpg.com/img/items/5686.png,/img/items/5686.png,5686.png,5686,5686,,Observed from cached Buddy page-data item image; review before asset download or canonical promotion.
Hessian's Axe,hessian s axe,hessian-s-axe,https://buddy.farm/i/hessian-s-axe/,Hessian's Axe,icon_found,observed,https://farmrpg.com/img/items/hessaxe2.png,/img/items/hessaxe2.png,hessaxe2.png,hessaxe2,,,Observed from cached Buddy page-data item image; review before asset download or canonical promotion.
Hickory Omelette,hickory omelette,hickory-omelette,https://buddy.farm/i/hickory-omelette/,Hickory Omelette,icon_found,observed,https://farmrpg.com/img/items/omelet1.png,/img/items/omelet1.png,omelet1.png,omelet1,,,Observed from cached Buddy page-data item image; review before asset download or canonical promotion.
Hide,hide,hide,https://buddy.farm/i/hide/,Hide,icon_found,observed,https://farmrpg.com/img/items/5986.PNG,/img/items/5986.PNG,5986.PNG,5986,5986,,Observed from cached Buddy page-data item image; review before asset download or canonical promotion.
Hockey Mask,hockey mask,hockey-mask,https://buddy.farm/i/hockey-mask/,Hockey Mask,icon_found,observed,https://farmrpg.com/img/items/hockeymask.png,/img/items/hockeymask.png,hockeymask.png,hockeymask,,,Observed from cached Buddy page-data item image; review before asset download or canonical promotion.
Holger Bobblehead,holger bobblehead,holger-bobblehead,https://buddy.farm/i/holger-bobblehead/,Holger Bobblehead,icon_found,observed,https://farmrpg.com/img/items/bobble_holger.png,/img/items/bobble_holger.png,bobble_holger.png,bobble_holger,,,Observed from cached Buddy page-data item image; review before asset download or canonical promotion.
Holger's Lunch Box,holger s lunch box,holger-s-lunch-box,https://buddy.farm/i/holger-s-lunch-box/,Holger's Lunch Box,icon_found,observed,https://farmrpg.com/img/items/lunchbox2.png?1,/img/items/lunchbox2.png,lunchbox2.png,lunchbox2,,,Observed from cached Buddy page-data item image; review before asset download or canonical promotion.
Holger's Mushroom Stew,holger s mushroom stew,holger-s-mushroom-stew,https://buddy.farm/i/holger-s-mushroom-stew/,Holger's Mushroom Stew,icon_found,observed,https://farmrpg.com/img/items/recipe.png,/img/items/recipe.png,recipe.png,recipe,,,Observed from cached Buddy page-data item image; review before asset download or canonical promotion.
Holiday Cake,holiday cake,holiday-cake,https://buddy.farm/i/holiday-cake/,Holiday Cake,icon_found,observed,https://farmrpg.com/img/items/treecake.png,/img/items/treecake.png,treecake.png,treecake,,,Observed from cached Buddy page-data item image; review before asset download or canonical promotion.
Holiday Candles,holiday candles,holiday-candles,https://buddy.farm/i/holiday-candles/,Holiday Candles,icon_found,observed,https://farmrpg.com/img/items/11_sm.png,/img/items/11_sm.png,11_sm.png,11_sm,,,Observed from cached Buddy page-data item image; review before asset download or canonical promotion.
Holiday Cheer Bundle 01,holiday cheer bundle 01,holiday-cheer-bundle-01,https://buddy.farm/i/holiday-cheer-bundle-01/,Holiday Cheer Bundle 01,icon_found,observed,https://farmrpg.com/img/items/holidaycheerbundle.png,/img/items/holidaycheerbundle.png,holidaycheerbundle.png,holidaycheerbundle,,,Observed from cached Buddy page-data item image; review before asset download or canonical promotion.
Holiday Garland,holiday garland,holiday-garland,https://buddy.farm/i/holiday-garland/,Holiday Garland,icon_found,observed,https://farmrpg.com/img/items/garland.png,/img/items/garland.png,garland.png,garland,,,Observed from cached Buddy page-data item image; review before asset download or canonical promotion.
Holiday Wreath,holiday wreath,holiday-wreath,https://buddy.farm/i/holiday-wreath/,Holiday Wreath,icon_found,observed,https://farmrpg.com/img/items/wreath.png?2,/img/items/wreath.png,wreath.png,wreath,,,Observed from cached Buddy page-data item image; review before asset download or canonical promotion.
Honey,honey,honey,https://buddy.farm/i/honey/,Honey,icon_found,observed,https://farmrpg.com/img/items/jarofhoney.png,/img/items/jarofhoney.png,jarofhoney.png,jarofhoney,,,Observed from cached Buddy page-data item image; review before asset download or canonical promotion.
Honeycomb,honeycomb,honeycomb,https://buddy.farm/i/honeycomb/,Honeycomb,icon_found,observed,https://farmrpg.com/img/items/6311.png,/img/items/6311.png,6311.png,6311,6311,,Observed from cached Buddy page-data item image; review before asset download or canonical promotion.
Honeysuckle,honeysuckle,honeysuckle,https://buddy.farm/i/honeysuckle/,Honeysuckle,icon_found,observed,https://farmrpg.com/img/items/honeysuckle.png,/img/items/honeysuckle.png,honeysuckle.png,honeysuckle,,,Observed from cached Buddy page-data item image; review before asset download or canonical promotion.
Hops,hops,hops,https://buddy.farm/i/hops/,Hops,icon_found,observed,https://farmrpg.com/img/items/8248n.png,/img/items/8248n.png,8248n.png,8248n,,,Observed from cached Buddy page-data item image; review before asset download or canonical promotion.
Hops Seeds,hops seeds,hops-seeds,https://buddy.farm/i/hops-seeds/,Hops Seeds,icon_found,observed,https://farmrpg.com/img/items/seeds_hops.png,/img/items/seeds_hops.png,seeds_hops.png,seeds_hops,,,Observed from cached Buddy page-data item image; review before asset download or canonical promotion.
Horn,horn,horn,https://buddy.farm/i/horn/,Horn,icon_found,observed,https://farmrpg.com/img/items/6111.PNG,/img/items/6111.PNG,6111.PNG,6111,6111,,Observed from cached Buddy page-data item image; review before asset download or canonical promotion.
Horn Canteen,horn canteen,horn-canteen,https://buddy.farm/i/horn-canteen/,Horn Canteen,icon_found,observed,https://farmrpg.com/img/items/5969.PNG,/img/items/5969.PNG,5969.PNG,5969,5969,,Observed from cached Buddy page-data item image; review before asset download or canonical promotion.
Horned Beetle,horned beetle,horned-beetle,https://buddy.farm/i/horned-beetle/,Horned Beetle,icon_found,observed,https://farmrpg.com/img/items/hbeetle.png,/img/items/hbeetle.png,hbeetle.png,hbeetle,,,Observed from cached Buddy page-data item image; review before asset download or canonical promotion.
Horseman's Belt,horseman s belt,horseman-s-belt,https://buddy.farm/i/horseman-s-belt/,Horseman's Belt,icon_found,observed,https://farmrpg.com/img/items/s_08.png,/img/items/s_08.png,s_08.png,s_08,,,Observed from cached Buddy page-data item image; review before asset download or canonical promotion.
Horseshoe,horseshoe,horseshoe,https://buddy.farm/i/horseshoe/,Horseshoe,icon_found,observed,https://farmrpg.com/img/items/6956.png,/img/items/6956.png,6956.png,6956,6956,,Observed from cached Buddy page-data item image; review before asset download or canonical promotion.
Hot Cocoa,hot cocoa,hot-cocoa,https://buddy.farm/i/hot-cocoa/,Hot Cocoa,icon_found,observed,https://farmrpg.com/img/items/5_sm.png,/img/items/5_sm.png,5_sm.png,5_sm,,,Observed from cached Buddy page-data item image; review before asset download or canonical promotion.
Hot Potato,hot potato,hot-potato,https://buddy.farm/i/hot-potato/,Hot Potato,icon_found,observed,https://farmrpg.com/img/items/hotpotato.png,/img/items/hotpotato.png,hotpotato.png,hotpotato,,,Observed from cached Buddy page-data item image; review before asset download or canonical promotion.
Hotdog Buddy Doll,hotdog buddy doll,hotdog-buddy-doll,https://buddy.farm/i/hotdog-buddy-doll/,Hotdog Buddy Doll,icon_found,observed,https://farmrpg.com/img/items/hot_dog_buddy_doll.png,/img/items/hot_dog_buddy_doll.png,hot_dog_buddy_doll.png,hot_dog_buddy_doll,,,Observed from cached Buddy page-data item image; review before asset download or canonical promotion.
Hourglass,hourglass,hourglass,https://buddy.farm/i/hourglass/,Hourglass,icon_found,observed,https://farmrpg.com/img/items/4241.png,/img/items/4241.png,4241.png,4241,4241,,Observed from cached Buddy page-data item image; review before asset download or canonical promotion.
Hummingbird Feeder,hummingbird feeder,hummingbird-feeder,https://buddy.farm/i/hummingbird-feeder/,Hummingbird Feeder,icon_found,observed,https://farmrpg.com/img/items/hummingbird_feeder.png,/img/items/hummingbird_feeder.png,hummingbird_feeder.png,hummingbird_feeder,,,Observed from cached Buddy page-data item image; review before asset download or canonical promotion.
Ice Scraper,ice scraper,ice-scraper,https://buddy.farm/i/ice-scraper/,Ice Scraper,icon_found,observed,https://farmrpg.com/img/items/ice_scraper.png,/img/items/ice_scraper.png,ice_scraper.png,ice_scraper,,,Observed from cached Buddy page-data item image; review before asset download or canonical promotion.
Ice Shark,ice shark,ice-shark,https://buddy.farm/i/ice-shark/,Ice Shark,icon_found,observed,https://farmrpg.com/img/items/iceshark.png,/img/items/iceshark.png,iceshark.png,iceshark,,,Observed from cached Buddy page-data item image; review before asset download or canonical promotion.
Iced Tea,iced tea,iced-tea,https://buddy.farm/i/iced-tea/,Iced Tea,icon_found,observed,https://farmrpg.com/img/items/tea.png,/img/items/tea.png,tea.png,tea,,,Observed from cached Buddy page-data item image; review before asset download or canonical promotion.
Inferno Pepper,inferno pepper,inferno-pepper,https://buddy.farm/i/inferno-pepper/,Inferno Pepper,icon_found,observed,https://farmrpg.com/img/items/infpepper.png,/img/items/infpepper.png,infpepper.png,infpepper,,,Observed from cached Buddy page-data item image; review before asset download or canonical promotion.
Inferno Ring,inferno ring,inferno-ring,https://buddy.farm/i/inferno-ring/,Inferno Ring,icon_found,observed,https://farmrpg.com/img/items/infring2.png,/img/items/infring2.png,infring2.png,infring2,,,Observed from cached Buddy page-data item image; review before asset download or canonical promotion.
Inferno Sphere,inferno sphere,inferno-sphere,https://buddy.farm/i/inferno-sphere/,Inferno Sphere,icon_found,observed,https://farmrpg.com/img/items/6017.png,/img/items/6017.png,6017.png,6017,6017,,Observed from cached Buddy page-data item image; review before asset download or canonical promotion.
Iron,iron,iron,https://buddy.farm/i/iron/,Iron,icon_found,observed,https://farmrpg.com/img/items/5779.PNG,/img/items/5779.PNG,5779.PNG,5779,5779,,Observed from cached Buddy page-data item image; review before asset download or canonical promotion.
Iron Cup,iron cup,iron-cup,https://buddy.farm/i/iron-cup/,Iron Cup,icon_found,observed,https://farmrpg.com/img/items/ironcup.png,/img/items/ironcup.png,ironcup.png,ironcup,,,Observed from cached Buddy page-data item image; review before asset download or canonical promotion.
Iron Ring,iron ring,iron-ring,https://buddy.farm/i/iron-ring/,Iron Ring,icon_found,observed,https://farmrpg.com/img/items/ironring.png,/img/items/ironring.png,ironring.png,ironring,,,Observed from cached Buddy page-data item image; review before asset download or canonical promotion.
Jack-o-key,jack o key,jack-o-key,https://buddy.farm/i/jack-o-key/,Jack-o-key,icon_found,observed,https://farmrpg.com/img/items/jkey.png,/img/items/jkey.png,jkey.png,jkey,,,Observed from cached Buddy page-data item image; review before asset download or canonical promotion.
Jack-o-lantern,jack o lantern,jack-o-lantern,https://buddy.farm/i/jack-o-lantern/,Jack-o-lantern,icon_found,observed,https://farmrpg.com/img/items/pumpkin_t_05.png,/img/items/pumpkin_t_05.png,pumpkin_t_05.png,pumpkin_t_05,,,Observed from cached Buddy page-data item image; review before asset download or canonical promotion.
Jade,jade,jade,https://buddy.farm/i/jade/,Jade,icon_found,observed,https://farmrpg.com/img/items/jade.png,/img/items/jade.png,jade.png,jade,,,Observed from cached Buddy page-data item image; review before asset download or canonical promotion.
Jade Charm,jade charm,jade-charm,https://buddy.farm/i/jade-charm/,Jade Charm,icon_found,observed,https://farmrpg.com/img/items/jadecharm.png,/img/items/jadecharm.png,jadecharm.png,jadecharm,,,Observed from cached Buddy page-data item image; review before asset download or canonical promotion.
Jadeite,jadeite,jadeite,https://buddy.farm/i/jadeite/,Jadeite,icon_found,observed,https://farmrpg.com/img/items/jadeite.png?1,/img/items/jadeite.png,jadeite.png,jadeite,,,Observed from cached Buddy page-data item image; review before asset download or canonical promotion.
Jar of Pickles,jar of pickles,jar-of-pickles,https://buddy.farm/i/jar-of-pickles/,Jar of Pickles,icon_found,observed,https://farmrpg.com/img/items/jarofpickles.png,/img/items/jarofpickles.png,jarofpickles.png,jarofpickles,,,Observed from cached Buddy page-data item image; review before asset download or canonical promotion.
Jellyfish,jellyfish,jellyfish,https://buddy.farm/i/jellyfish/,Jellyfish,icon_found,observed,https://farmrpg.com/img/items/7808.png,/img/items/7808.png,7808.png,7808,7808,,Observed from cached Buddy page-data item image; review before asset download or canonical promotion.
Jester Buddy Doll,jester buddy doll,jester-buddy-doll,https://buddy.farm/i/jester-buddy-doll/,Jester Buddy Doll,icon_found,observed,https://farmrpg.com/img/items/jbuddy.png,/img/items/jbuddy.png,jbuddy.png,jbuddy,,,Observed from cached Buddy page-data item image; review before asset download or canonical promotion.
Jill Bobblehead,jill bobblehead,jill-bobblehead,https://buddy.farm/i/jill-bobblehead/,Jill Bobblehead,icon_found,observed,https://farmrpg.com/img/items/bobble_jill.png,/img/items/bobble_jill.png,bobble_jill.png,bobble_jill,,,Observed from cached Buddy page-data item image; review before asset download or canonical promotion.
Jill's Quandary Chowder,jill s quandary chowder,jill-s-quandary-chowder,https://buddy.farm/i/jill-s-quandary-chowder/,Jill's Quandary Chowder,icon_found,observed,https://farmrpg.com/img/items/recipe.png,/img/items/recipe.png,recipe.png,recipe,,,Observed from cached Buddy page-data item image; review before asset download or canonical promotion.
Joker,joker,joker,https://buddy.farm/i/joker/,Joker,icon_found,observed,https://farmrpg.com/img/items/joker.png,/img/items/joker.png,joker.png,joker,,,Observed from cached Buddy page-data item image; review before asset download or canonical promotion.
Jumbo Fish,jumbo fish,jumbo-fish,https://buddy.farm/i/jumbo-fish/,Jumbo Fish,icon_found,observed,https://farmrpg.com/img/items/3279.png,/img/items/3279.png,3279.png,3279,3279,,Observed from cached Buddy page-data item image; review before asset download or canonical promotion.
Keeper Trapper,keeper trapper,keeper-trapper,https://buddy.farm/i/keeper-trapper/,Keeper Trapper,icon_found,observed,https://farmrpg.com/img/items/buddytk.png,/img/items/buddytk.png,buddytk.png,buddytk,,,Observed from cached Buddy page-data item image; review before asset download or canonical promotion.
Keyglobe,keyglobe,keyglobe,https://buddy.farm/i/keyglobe/,Keyglobe,icon_found,observed,https://farmrpg.com/img/items/keyglobe.png,/img/items/keyglobe.png,keyglobe.png,keyglobe,,,Observed from cached Buddy page-data item image; review before asset download or canonical promotion.
Kill Switch,kill switch,kill-switch,https://buddy.farm/i/kill-switch/,Kill Switch,icon_found,observed,https://farmrpg.com/img/items/9311.png,/img/items/9311.png,9311.png,9311,9311,,Observed from cached Buddy page-data item image; review before asset download or canonical promotion.
King Apple,king apple,king-apple,https://buddy.farm/i/king-apple/,King Apple,icon_found,observed,https://farmrpg.com/img/items/king_apple3.png?1,/img/items/king_apple3.png,king_apple3.png,king_apple3,,,Observed from cached Buddy page-data item image; review before asset download or canonical promotion.
King Cake,king cake,king-cake,https://buddy.farm/i/king-cake/,King Cake,icon_found,observed,https://farmrpg.com/img/items/king_cake_new.png,/img/items/king_cake_new.png,king_cake_new.png,king_cake_new,,,Observed from cached Buddy page-data item image; review before asset download or canonical promotion.
Kite Kite,kite kite,kite-kite,https://buddy.farm/i/kite-kite/,Kite Kite,icon_found,observed,https://farmrpg.com/img/items/birdkite.png,/img/items/birdkite.png,birdkite.png,birdkite,,,Observed from cached Buddy page-data item image; review before asset download or canonical promotion.
Krampus Buddy Doll,krampus buddy doll,krampus-buddy-doll,https://buddy.farm/i/krampus-buddy-doll/,Krampus Buddy Doll,icon_found,observed,https://farmrpg.com/img/items/kbuddy.png,/img/items/kbuddy.png,kbuddy.png,kbuddy,,,Observed from cached Buddy page-data item image; review before asset download or canonical promotion.
Labubuddy Doll,labubuddy doll,labubuddy-doll,https://buddy.farm/i/labubuddy-doll/,Labubuddy Doll,icon_found,observed,https://farmrpg.com/img/items/labubuddy.png,/img/items/labubuddy.png,labubuddy.png,labubuddy,,,Observed from cached Buddy page-data item image; review before asset download or canonical promotion.
Ladder,ladder,ladder,https://buddy.farm/i/ladder/,Ladder,icon_found,observed,https://farmrpg.com/img/items/5629.png,/img/items/5629.png,5629.png,5629,5629,,Observed from cached Buddy page-data item image; review before asset download or canonical promotion.
Langstaff Crest,langstaff crest,langstaff-crest,https://buddy.farm/i/langstaff-crest/,Langstaff Crest,icon_found,observed,https://farmrpg.com/img/items/langstaff.png,/img/items/langstaff.png,langstaff.png,langstaff,,,Observed from cached Buddy page-data item image; review before asset download or canonical promotion.
Lantern,lantern,lantern,https://buddy.farm/i/lantern/,Lantern,icon_found,observed,https://farmrpg.com/img/items/lantern.png?1,/img/items/lantern.png,lantern.png,lantern,,,Observed from cached Buddy page-data item image; review before asset download or canonical promotion.
Lapis Lazuli,lapis lazuli,lapis-lazuli,https://buddy.farm/i/lapis-lazuli/,Lapis Lazuli,icon_found,observed,https://farmrpg.com/img/items/lapislazuli.png,/img/items/lapislazuli.png,lapislazuli.png,lapislazuli,,,Observed from cached Buddy page-data item image; review before asset download or canonical promotion.
Large Chest 01,large chest 01,large-chest-01,https://buddy.farm/i/large-chest-01/,Large Chest 01,icon_found,observed,https://farmrpg.com/img/items/LC-1.png?1,/img/items/LC-1.png,LC-1.png,LC-1,,,Observed from cached Buddy page-data item image; review before asset download or canonical promotion.
Large Chest 02,large chest 02,large-chest-02,https://buddy.farm/i/large-chest-02/,Large Chest 02,icon_found,observed,https://farmrpg.com/img/items/LC-2.png?1,/img/items/LC-2.png,LC-2.png,LC-2,,,Observed from cached Buddy page-data item image; review before asset download or canonical promotion.
Large Chest 03,large chest 03,large-chest-03,https://buddy.farm/i/large-chest-03/,Large Chest 03,icon_found,observed,https://farmrpg.com/img/items/LC-3.png?1,/img/items/LC-3.png,LC-3.png,LC-3,,,Observed from cached Buddy page-data item image; review before asset download or canonical promotion.
Large Clam Shell,large clam shell,large-clam-shell,https://buddy.farm/i/large-clam-shell/,Large Clam Shell,icon_found,observed,https://farmrpg.com/img/items/fishing_74_t.png,/img/items/fishing_74_t.png,fishing_74_t.png,fishing_74_t,,,Observed from cached Buddy page-data item image; review before asset download or canonical promotion.
Large Net,large net,large-net,https://buddy.farm/i/large-net/,Large Net,icon_found,observed,https://farmrpg.com/img/items/lnet.png?3,/img/items/lnet.png,lnet.png,lnet,,,Observed from cached Buddy page-data item image; review before asset download or canonical promotion.
Largemouth Bass,largemouth bass,largemouth-bass,https://buddy.farm/i/largemouth-bass/,Largemouth Bass,icon_found,observed,https://farmrpg.com/img/items/7736.PNG,/img/items/7736.PNG,7736.PNG,7736,7736,,Observed from cached Buddy page-data item image; review before asset download or canonical promotion.
Lava Ring,lava ring,lava-ring,https://buddy.farm/i/lava-ring/,Lava Ring,icon_found,observed,https://farmrpg.com/img/items/lavaring2.png,/img/items/lavaring2.png,lavaring2.png,lavaring2,,,Observed from cached Buddy page-data item image; review before asset download or canonical promotion.
Lava Sphere,lava sphere,lava-sphere,https://buddy.farm/i/lava-sphere/,Lava Sphere,icon_found,observed,https://farmrpg.com/img/items/5249.png,/img/items/5249.png,5249.png,5249,5249,,Observed from cached Buddy page-data item image; review before asset download or canonical promotion.
Lavos Shard,lavos shard,lavos-shard,https://buddy.farm/i/lavos-shard/,Lavos Shard,icon_found,observed,https://farmrpg.com/img/items/408.png,/img/items/408.png,408.png,408,408,,Observed from cached Buddy page-data item image; review before asset download or canonical promotion.
Leather,leather,leather,https://buddy.farm/i/leather/,Leather,icon_found,observed,https://farmrpg.com/img/items/5987.PNG,/img/items/5987.PNG,5987.PNG,5987,5987,,Observed from cached Buddy page-data item image; review before asset download or canonical promotion.
Leather Bag,leather bag,leather-bag,https://buddy.farm/i/leather-bag/,Leather Bag,icon_found,observed,https://farmrpg.com/img/items/6175.PNG,/img/items/6175.PNG,6175.PNG,6175,6175,,Observed from cached Buddy page-data item image; review before asset download or canonical promotion.
Leather Belt,leather belt,leather-belt,https://buddy.farm/i/leather-belt/,Leather Belt,icon_found,observed,https://farmrpg.com/img/items/finp_705.png,/img/items/finp_705.png,finp_705.png,finp_705,,,Observed from cached Buddy page-data item image; review before asset download or canonical promotion.
Leather Diary,leather diary,leather-diary,https://buddy.farm/i/leather-diary/,Leather Diary,icon_found,observed,https://farmrpg.com/img/items/5754.PNG,/img/items/5754.PNG,5754.PNG,5754,5754,,Observed from cached Buddy page-data item image; review before asset download or canonical promotion.
Leather Helmet,leather helmet,leather-helmet,https://buddy.farm/i/leather-helmet/,Leather Helmet,icon_found,observed,https://farmrpg.com/img/items/afk_9140.png,/img/items/afk_9140.png,afk_9140.png,afk_9140,,,Observed from cached Buddy page-data item image; review before asset download or canonical promotion.
Leather Waterskin,leather waterskin,leather-waterskin,https://buddy.farm/i/leather-waterskin/,Leather Waterskin,icon_found,observed,https://farmrpg.com/img/items/5563.png,/img/items/5563.png,5563.png,5563,5563,,Observed from cached Buddy page-data item image; review before asset download or canonical promotion.
Leek,leek,leek,https://buddy.farm/i/leek/,Leek,icon_found,observed,https://farmrpg.com/img/items/8291.png,/img/items/8291.png,8291.png,8291,8291,,Observed from cached Buddy page-data item image; review before asset download or canonical promotion.
Leek Seeds,leek seeds,leek-seeds,https://buddy.farm/i/leek-seeds/,Leek Seeds,icon_found,observed,https://farmrpg.com/img/items/seeds_leek.png,/img/items/seeds_leek.png,seeds_leek.png,seeds_leek,,,Observed from cached Buddy page-data item image; review before asset download or canonical promotion.
Lemon,lemon,lemon,https://buddy.farm/i/lemon/,Lemon,icon_found,observed,https://farmrpg.com/img/items/8251.PNG,/img/items/8251.PNG,8251.PNG,8251,8251,,Observed from cached Buddy page-data item image; review before asset download or canonical promotion.
Lemon Cream Pie,lemon cream pie,lemon-cream-pie,https://buddy.farm/i/lemon-cream-pie/,Lemon Cream Pie,icon_found,observed,https://farmrpg.com/img/items/lemoncreampie.png,/img/items/lemoncreampie.png,lemoncreampie.png,lemoncreampie,,,Observed from cached Buddy page-data item image; review before asset download or canonical promotion.
Lemon Quartz,lemon quartz,lemon-quartz,https://buddy.farm/i/lemon-quartz/,Lemon Quartz,icon_found,observed,https://farmrpg.com/img/items/5798.png,/img/items/5798.png,5798.png,5798,5798,,Observed from cached Buddy page-data item image; review before asset download or canonical promotion.
Lemon Quartz Ring,lemon quartz ring,lemon-quartz-ring,https://buddy.farm/i/lemon-quartz-ring/,Lemon Quartz Ring,icon_found,observed,https://farmrpg.com/img/items/lemonring.png,/img/items/lemonring.png,lemonring.png,lemonring,,,Observed from cached Buddy page-data item image; review before asset download or canonical promotion.
Lemon Seltzer,lemon seltzer,lemon-seltzer,https://buddy.farm/i/lemon-seltzer/,Lemon Seltzer,icon_found,observed,https://farmrpg.com/img/items/lemonseltzer.png,/img/items/lemonseltzer.png,lemonseltzer.png,lemonseltzer,,,Observed from cached Buddy page-data item image; review before asset download or canonical promotion.
Lemonade,lemonade,lemonade,https://buddy.farm/i/lemonade/,Lemonade,icon_found,observed,https://farmrpg.com/img/items/lemonade.png,/img/items/lemonade.png,lemonade.png,lemonade,,,Observed from cached Buddy page-data item image; review before asset download or canonical promotion.
Leprechaun Buddy Doll,leprechaun buddy doll,leprechaun-buddy-doll,https://buddy.farm/i/leprechaun-buddy-doll/,Leprechaun Buddy Doll,icon_found,observed,https://farmrpg.com/img/items/leafymcluckybuddydoll.png,/img/items/leafymcluckybuddydoll.png,leafymcluckybuddydoll.png,leafymcluckybuddydoll,,,Observed from cached Buddy page-data item image; review before asset download or canonical promotion.
Leprechaun Hat,leprechaun hat,leprechaun-hat,https://buddy.farm/i/leprechaun-hat/,Leprechaun Hat,icon_found,observed,https://farmrpg.com/img/items/Leprechaun_hatnew.png,/img/items/Leprechaun_hatnew.png,Leprechaun_hatnew.png,Leprechaun_hatnew,,,Observed from cached Buddy page-data item image; review before asset download or canonical promotion.
Lima Bean,lima bean,lima-bean,https://buddy.farm/i/lima-bean/,Lima Bean,icon_found,observed,https://farmrpg.com/img/items/limabean.png?1,/img/items/limabean.png,limabean.png,limabean,,,Observed from cached Buddy page-data item image; review before asset download or canonical promotion.
Linked Lantern,linked lantern,linked-lantern,https://buddy.farm/i/linked-lantern/,Linked Lantern,icon_found,observed,https://farmrpg.com/img/items/mlantern.png?1,/img/items/mlantern.png,mlantern.png,mlantern,,,Observed from cached Buddy page-data item image; review before asset download or canonical promotion.
List of Corn Puns,list of corn puns,list-of-corn-puns,https://buddy.farm/i/list-of-corn-puns/,List of Corn Puns,icon_found,observed,https://farmrpg.com/img/items/cornlist.png,/img/items/cornlist.png,cornlist.png,cornlist,,,Observed from cached Buddy page-data item image; review before asset download or canonical promotion.
Lobster,lobster,lobster,https://buddy.farm/i/lobster/,Lobster,icon_found,observed,https://farmrpg.com/img/items/lobster.png,/img/items/lobster.png,lobster.png,lobster,,,Observed from cached Buddy page-data item image; review before asset download or canonical promotion.
Lollipop,lollipop,lollipop,https://buddy.farm/i/lollipop/,Lollipop,icon_found,observed,https://farmrpg.com/img/items/candy_t_08.png,/img/items/candy_t_08.png,candy_t_08.png,candy_t_08,,,Observed from cached Buddy page-data item image; review before asset download or canonical promotion.
Looking Glass,looking glass,looking-glass,https://buddy.farm/i/looking-glass/,Looking Glass,icon_found,observed,https://farmrpg.com/img/items/5865.png,/img/items/5865.png,5865.png,5865,5865,,Observed from cached Buddy page-data item image; review before asset download or canonical promotion.
Lorn Bobblehead,lorn bobblehead,lorn-bobblehead,https://buddy.farm/i/lorn-bobblehead/,Lorn Bobblehead,icon_found,observed,https://farmrpg.com/img/items/bobble_lorn.png,/img/items/bobble_lorn.png,bobble_lorn.png,bobble_lorn,,,Observed from cached Buddy page-data item image; review before asset download or canonical promotion.
Lorn's Breakfast Boost,lorn s breakfast boost,lorn-s-breakfast-boost,https://buddy.farm/i/lorn-s-breakfast-boost/,Lorn's Breakfast Boost,icon_found,observed,https://farmrpg.com/img/items/recipe.png,/img/items/recipe.png,recipe.png,recipe,,,Observed from cached Buddy page-data item image; review before asset download or canonical promotion.
Lovely Cookies,lovely cookies,lovely-cookies,https://buddy.farm/i/lovely-cookies/,Lovely Cookies,icon_found,observed,https://farmrpg.com/img/items/lcookies.png,/img/items/lcookies.png,lcookies.png,lcookies,,,Observed from cached Buddy page-data item image; review before asset download or canonical promotion.
Lovely Present,lovely present,lovely-present,https://buddy.farm/i/lovely-present/,Lovely Present,icon_found,observed,https://farmrpg.com/img/items/lpres.png,/img/items/lpres.png,lpres.png,lpres,,,Observed from cached Buddy page-data item image; review before asset download or canonical promotion.
Lovely Rose,lovely rose,lovely-rose,https://buddy.farm/i/lovely-rose/,Lovely Rose,icon_found,observed,https://farmrpg.com/img/items/afk_9604.png,/img/items/afk_9604.png,afk_9604.png,afk_9604,,,Observed from cached Buddy page-data item image; review before asset download or canonical promotion.
Lucky Bacon,lucky bacon,lucky-bacon,https://buddy.farm/i/lucky-bacon/,Lucky Bacon,icon_found,observed,https://farmrpg.com/img/items/lucky_bacon.png,/img/items/lucky_bacon.png,lucky_bacon.png,lucky_bacon,,,Observed from cached Buddy page-data item image; review before asset download or canonical promotion.
Lucky Cat Buddy Doll,lucky cat buddy doll,lucky-cat-buddy-doll,https://buddy.farm/i/lucky-cat-buddy-doll/,Lucky Cat Buddy Doll,icon_found,observed,https://farmrpg.com/img/items/Manekinekobuddydoll.png,/img/items/Manekinekobuddydoll.png,Manekinekobuddydoll.png,Manekinekobuddydoll,,,Observed from cached Buddy page-data item image; review before asset download or canonical promotion.
Lucky Corn,lucky corn,lucky-corn,https://buddy.farm/i/lucky-corn/,Lucky Corn,icon_found,observed,https://farmrpg.com/img/items/lucky_corn.png,/img/items/lucky_corn.png,lucky_corn.png,lucky_corn,,,Observed from cached Buddy page-data item image; review before asset download or canonical promotion.
Lucky Eggs,lucky eggs,lucky-eggs,https://buddy.farm/i/lucky-eggs/,Lucky Eggs,icon_found,observed,https://farmrpg.com/img/items/lucky_eggs.png,/img/items/lucky_eggs.png,lucky_eggs.png,lucky_eggs,,,Observed from cached Buddy page-data item image; review before asset download or canonical promotion.
Lucky Potato,lucky potato,lucky-potato,https://buddy.farm/i/lucky-potato/,Lucky Potato,icon_found,observed,https://farmrpg.com/img/items/lucky_potato.png,/img/items/lucky_potato.png,lucky_potato.png,lucky_potato,,,Observed from cached Buddy page-data item image; review before asset download or canonical promotion.
Lucky Rabbit Foot,lucky rabbit foot,lucky-rabbit-foot,https://buddy.farm/i/lucky-rabbit-foot/,Lucky Rabbit Foot,icon_found,observed,https://farmrpg.com/img/items/4289.png,/img/items/4289.png,4289.png,4289,4289,,Observed from cached Buddy page-data item image; review before asset download or canonical promotion.
Lucky Spiral Belt,lucky spiral belt,lucky-spiral-belt,https://buddy.farm/i/lucky-spiral-belt/,Lucky Spiral Belt,icon_found,observed,https://farmrpg.com/img/items/2059.png,/img/items/2059.png,2059.png,2059,2059,,Observed from cached Buddy page-data item image; review before asset download or canonical promotion.
Lucky Trout,lucky trout,lucky-trout,https://buddy.farm/i/lucky-trout/,Lucky Trout,icon_found,observed,https://farmrpg.com/img/items/lucky_trout.png,/img/items/lucky_trout.png,lucky_trout.png,lucky_trout,,,Observed from cached Buddy page-data item image; review before asset download or canonical promotion.
Machine Part,machine part,machine-part,https://buddy.farm/i/machine-part/,Machine Part,icon_found,observed,https://farmrpg.com/img/items/9331.PNG,/img/items/9331.PNG,9331.PNG,9331,9331,,Observed from cached Buddy page-data item image; review before asset download or canonical promotion.
Machine Press,machine press,machine-press,https://buddy.farm/i/machine-press/,Machine Press,icon_found,observed,https://farmrpg.com/img/items/press.png,/img/items/press.png,press.png,press,,,Observed from cached Buddy page-data item image; review before asset download or canonical promotion.
Mackerel,mackerel,mackerel,https://buddy.farm/i/mackerel/,Mackerel,icon_found,observed,https://farmrpg.com/img/items/5768.png,/img/items/5768.png,5768.png,5768,5768,,Observed from cached Buddy page-data item image; review before asset download or canonical promotion.
Maduin's Cup,maduin s cup,maduin-s-cup,https://buddy.farm/i/maduin-s-cup/,Maduin's Cup,icon_found,observed,https://farmrpg.com/img/items/3729.png,/img/items/3729.png,3729.png,3729,3729,,Observed from cached Buddy page-data item image; review before asset download or canonical promotion.
Magenta Growth,magenta growth,magenta-growth,https://buddy.farm/i/magenta-growth/,Magenta Growth,icon_found,observed,https://farmrpg.com/img/items/afk_8827.png,/img/items/afk_8827.png,afk_8827.png,afk_8827,,,Observed from cached Buddy page-data item image; review before asset download or canonical promotion.
Magic Conch Shell,magic conch shell,magic-conch-shell,https://buddy.farm/i/magic-conch-shell/,Magic Conch Shell,icon_found,observed,https://farmrpg.com/img/items/mcs.png,/img/items/mcs.png,mcs.png,mcs,,,Observed from cached Buddy page-data item image; review before asset download or canonical promotion.
Magic Lamp,magic lamp,magic-lamp,https://buddy.farm/i/magic-lamp/,Magic Lamp,icon_found,observed,https://farmrpg.com/img/items/3330.png,/img/items/3330.png,3330.png,3330,3330,,Observed from cached Buddy page-data item image; review before asset download or canonical promotion.
Magic Mirror,magic mirror,magic-mirror,https://buddy.farm/i/magic-mirror/,Magic Mirror,icon_found,observed,https://farmrpg.com/img/items/2687.png,/img/items/2687.png,2687.png,2687,2687,,Observed from cached Buddy page-data item image; review before asset download or canonical promotion.
Magical Chest 01,magical chest 01,magical-chest-01,https://buddy.farm/i/magical-chest-01/,Magical Chest 01,icon_found,observed,https://farmrpg.com/img/items/magicchest01.png,/img/items/magicchest01.png,magicchest01.png,magicchest01,,,Observed from cached Buddy page-data item image; review before asset download or canonical promotion.
Magical Chest 02,magical chest 02,magical-chest-02,https://buddy.farm/i/magical-chest-02/,Magical Chest 02,icon_found,observed,https://farmrpg.com/img/items/magicchest01.png,/img/items/magicchest01.png,magicchest01.png,magicchest01,,,Observed from cached Buddy page-data item image; review before asset download or canonical promotion.
Magical Egg Basket,magical egg basket,magical-egg-basket,https://buddy.farm/i/magical-egg-basket/,Magical Egg Basket,icon_found,observed,https://farmrpg.com/img/items/mageggbasket.png,/img/items/mageggbasket.png,mageggbasket.png,mageggbasket,,,Observed from cached Buddy page-data item image; review before asset download or canonical promotion.
Magicite,magicite,magicite,https://buddy.farm/i/magicite/,Magicite,icon_found,observed,https://farmrpg.com/img/items/7963.png,/img/items/7963.png,7963.png,7963,7963,,Observed from cached Buddy page-data item image; review before asset download or canonical promotion.
Magmastone,magmastone,magmastone,https://buddy.farm/i/magmastone/,Magmastone,icon_found,observed,https://farmrpg.com/img/items/magmastone.png,/img/items/magmastone.png,magmastone.png,magmastone,,,Observed from cached Buddy page-data item image; review before asset download or canonical promotion.
Magna Core,magna core,magna-core,https://buddy.farm/i/magna-core/,Magna Core,icon_found,observed,https://farmrpg.com/img/items/9376.png,/img/items/9376.png,9376.png,9376,9376,,Observed from cached Buddy page-data item image; review before asset download or canonical promotion.
Magna Quartz,magna quartz,magna-quartz,https://buddy.farm/i/magna-quartz/,Magna Quartz,icon_found,observed,https://farmrpg.com/img/items/magnaquartz.png,/img/items/magnaquartz.png,magnaquartz.png,magnaquartz,,,Observed from cached Buddy page-data item image; review before asset download or canonical promotion.
Magnifying Glass,magnifying glass,magnifying-glass,https://buddy.farm/i/magnifying-glass/,Magnifying Glass,icon_found,observed,https://farmrpg.com/img/items/7210.png,/img/items/7210.png,7210.png,7210,7210,,Observed from cached Buddy page-data item image; review before asset download or canonical promotion.
Magus Hat,magus hat,magus-hat,https://buddy.farm/i/magus-hat/,Magus Hat,icon_found,observed,https://farmrpg.com/img/items/5404.png,/img/items/5404.png,5404.png,5404,5404,,Observed from cached Buddy page-data item image; review before asset download or canonical promotion.
Mana Scarab,mana scarab,mana-scarab,https://buddy.farm/i/mana-scarab/,Mana Scarab,icon_found,observed,https://farmrpg.com/img/items/afk_9531.png,/img/items/afk_9531.png,afk_9531.png,afk_9531,,,Observed from cached Buddy page-data item image; review before asset download or canonical promotion.
Mapping Compass,mapping compass,mapping-compass,https://buddy.farm/i/mapping-compass/,Mapping Compass,icon_found,observed,https://farmrpg.com/img/items/mappingcompass.png,/img/items/mappingcompass.png,mappingcompass.png,mappingcompass,,,Observed from cached Buddy page-data item image; review before asset download or canonical promotion.
Mariya Bobblehead,mariya bobblehead,mariya-bobblehead,https://buddy.farm/i/mariya-bobblehead/,Mariya Bobblehead,icon_found,observed,https://farmrpg.com/img/items/bobble_mariya.png,/img/items/bobble_mariya.png,bobble_mariya.png,bobble_mariya,,,Observed from cached Buddy page-data item image; review before asset download or canonical promotion.
Mariya's Crunchy Omelette,mariya s crunchy omelette,mariya-s-crunchy-omelette,https://buddy.farm/i/mariya-s-crunchy-omelette/,Mariya's Crunchy Omelette,icon_found,observed,https://farmrpg.com/img/items/recipe.png,/img/items/recipe.png,recipe.png,recipe,,,Observed from cached Buddy page-data item image; review before asset download or canonical promotion.
Mariya's Festive Eggnog,mariya s festive eggnog,mariya-s-festive-eggnog,https://buddy.farm/i/mariya-s-festive-eggnog/,Mariya's Festive Eggnog,icon_found,observed,https://farmrpg.com/img/items/recipe.png,/img/items/recipe.png,recipe.png,recipe,,,Observed from cached Buddy page-data item image; review before asset download or canonical promotion.
Mariya's Hickory Omelette,mariya s hickory omelette,mariya-s-hickory-omelette,https://buddy.farm/i/mariya-s-hickory-omelette/,Mariya's Hickory Omelette,icon_found,observed,https://farmrpg.com/img/items/recipe.png,/img/items/recipe.png,recipe.png,recipe,,,Observed from cached Buddy page-data item image; review before asset download or canonical promotion.
Mark of Knowledge,mark of knowledge,mark-of-knowledge,https://buddy.farm/i/mark-of-knowledge/,Mark of Knowledge,icon_found,observed,https://farmrpg.com/img/items/3966.png,/img/items/3966.png,3966.png,3966,3966,,Observed from cached Buddy page-data item image; review before asset download or canonical promotion.
Marlin,marlin,marlin,https://buddy.farm/i/marlin/,Marlin,icon_found,observed,https://farmrpg.com/img/items/7816.png,/img/items/7816.png,7816.png,7816,7816,,Observed from cached Buddy page-data item image; review before asset download or canonical promotion.
Maverick Chip,maverick chip,maverick-chip,https://buddy.farm/i/maverick-chip/,Maverick Chip,icon_found,observed,https://farmrpg.com/img/items/Maverick_coin.png,/img/items/Maverick_coin.png,Maverick_coin.png,Maverick_coin,,,Observed from cached Buddy page-data item image; review before asset download or canonical promotion.
Mayonnaise,mayonnaise,mayonnaise,https://buddy.farm/i/mayonnaise/,Mayonnaise,icon_found,observed,https://farmrpg.com/img/items/mayo.png,/img/items/mayo.png,mayo.png,mayo,,,Observed from cached Buddy page-data item image; review before asset download or canonical promotion.
Mealworms,mealworms,mealworms,https://buddy.farm/i/mealworms/,Mealworms,icon_found,observed,https://farmrpg.com/img/items/mw.png,/img/items/mw.png,mw.png,mw,,,Observed from cached Buddy page-data item image; review before asset download or canonical promotion.
Mechanical Heart,mechanical heart,mechanical-heart,https://buddy.farm/i/mechanical-heart/,Mechanical Heart,icon_found,observed,https://farmrpg.com/img/items/mechheart.png,/img/items/mechheart.png,mechheart.png,mechheart,,,Observed from cached Buddy page-data item image; review before asset download or canonical promotion.
Medium Chest 01,medium chest 01,medium-chest-01,https://buddy.farm/i/medium-chest-01/,Medium Chest 01,icon_found,observed,https://farmrpg.com/img/items/8574.png,/img/items/8574.png,8574.png,8574,8574,,Observed from cached Buddy page-data item image; review before asset download or canonical promotion.
Medium Chest 02,medium chest 02,medium-chest-02,https://buddy.farm/i/medium-chest-02/,Medium Chest 02,icon_found,observed,https://farmrpg.com/img/items/8574.png,/img/items/8574.png,8574.png,8574,8574,,Observed from cached Buddy page-data item image; review before asset download or canonical promotion.
Medium Chest 03,medium chest 03,medium-chest-03,https://buddy.farm/i/medium-chest-03/,Medium Chest 03,icon_found,observed,https://farmrpg.com/img/items/8574.png,/img/items/8574.png,8574.png,8574,8574,,Observed from cached Buddy page-data item image; review before asset download or canonical promotion.
Meerif Crest,meerif crest,meerif-crest,https://buddy.farm/i/meerif-crest/,Meerif Crest,icon_found,observed,https://farmrpg.com/img/items/meerif.png,/img/items/meerif.png,meerif.png,meerif,,,Observed from cached Buddy page-data item image; review before asset download or canonical promotion.
Mega Beet Seeds,mega beet seeds,mega-beet-seeds,https://buddy.farm/i/mega-beet-seeds/,Mega Beet Seeds,icon_found,observed,https://farmrpg.com/img/items/seeds_mbeet.png,/img/items/seeds_mbeet.png,seeds_mbeet.png,seeds_mbeet,,,Observed from cached Buddy page-data item image; review before asset download or canonical promotion.
Mega Cotton Seeds,mega cotton seeds,mega-cotton-seeds,https://buddy.farm/i/mega-cotton-seeds/,Mega Cotton Seeds,icon_found,observed,https://farmrpg.com/img/items/seeds_mcotton.png?1,/img/items/seeds_mcotton.png,seeds_mcotton.png,seeds_mcotton,,,Observed from cached Buddy page-data item image; review before asset download or canonical promotion.
Mega Sunflower Seeds,mega sunflower seeds,mega-sunflower-seeds,https://buddy.farm/i/mega-sunflower-seeds/,Mega Sunflower Seeds,icon_found,observed,https://farmrpg.com/img/items/seeds_msunflower.png,/img/items/seeds_msunflower.png,seeds_msunflower.png,seeds_msunflower,,,Observed from cached Buddy page-data item image; review before asset download or canonical promotion.
Mermaid's Necklace,mermaid s necklace,mermaid-s-necklace,https://buddy.farm/i/mermaid-s-necklace/,Mermaid's Necklace,icon_found,observed,https://farmrpg.com/img/items/5164.png,/img/items/5164.png,5164.png,5164,5164,,Observed from cached Buddy page-data item image; review before asset download or canonical promotion.
Mermaid's Scale,mermaid s scale,mermaid-s-scale,https://buddy.farm/i/mermaid-s-scale/,Mermaid's Scale,icon_found,observed,https://farmrpg.com/img/items/mermaidscale.png,/img/items/mermaidscale.png,mermaidscale.png,mermaidscale,,,Observed from cached Buddy page-data item image; review before asset download or canonical promotion.
Metal Spool,metal spool,metal-spool,https://buddy.farm/i/metal-spool/,Metal Spool,icon_found,observed,https://farmrpg.com/img/items/9325.png,/img/items/9325.png,9325.png,9325,9325,,Observed from cached Buddy page-data item image; review before asset download or canonical promotion.
MIAB,miab,miab,https://buddy.farm/i/miab/,MIAB,icon_found,observed,https://farmrpg.com/img/items/7756.png,/img/items/7756.png,7756.png,7756,7756,,Observed from cached Buddy page-data item image; review before asset download or canonical promotion.
Milk,milk,milk,https://buddy.farm/i/milk/,Milk,icon_found,observed,https://farmrpg.com/img/items/8382.PNG,/img/items/8382.PNG,8382.PNG,8382,8382,,Observed from cached Buddy page-data item image; review before asset download or canonical promotion.
Milk and Cookies,milk and cookies,milk-and-cookies,https://buddy.farm/i/milk-and-cookies/,Milk and Cookies,icon_found,observed,https://farmrpg.com/img/items/25_sm.png,/img/items/25_sm.png,25_sm.png,25_sm,,,Observed from cached Buddy page-data item image; review before asset download or canonical promotion.
Milk Carton,milk carton,milk-carton,https://buddy.farm/i/milk-carton/,Milk Carton,icon_found,observed,https://farmrpg.com/img/items/packaging_t_01.PNG,/img/items/packaging_t_01.PNG,packaging_t_01.PNG,packaging_t_01,,,Observed from cached Buddy page-data item image; review before asset download or canonical promotion.
Mini Marshmallows,mini marshmallows,mini-marshmallows,https://buddy.farm/i/mini-marshmallows/,Mini Marshmallows,icon_found,observed,https://farmrpg.com/img/items/mms.png,/img/items/mms.png,mms.png,mms,,,Observed from cached Buddy page-data item image; review before asset download or canonical promotion.
Mini Slime Squid,mini slime squid,mini-slime-squid,https://buddy.farm/i/mini-slime-squid/,Mini Slime Squid,icon_found,observed,https://farmrpg.com/img/items/3992.png,/img/items/3992.png,3992.png,3992,3992,,Observed from cached Buddy page-data item image; review before asset download or canonical promotion.
Mini Time Egg,mini time egg,mini-time-egg,https://buddy.farm/i/mini-time-egg/,Mini Time Egg,icon_found,observed,https://farmrpg.com/img/items/minitimeegg.png,/img/items/minitimeegg.png,minitimeegg.png,minitimeegg,,,Observed from cached Buddy page-data item image; review before asset download or canonical promotion.
Minnows,minnows,minnows,https://buddy.farm/i/minnows/,Minnows,icon_found,observed,https://farmrpg.com/img/items/7749.png,/img/items/7749.png,7749.png,7749,7749,,Observed from cached Buddy page-data item image; review before asset download or canonical promotion.
Mist Lily,mist lily,mist-lily,https://buddy.farm/i/mist-lily/,Mist Lily,icon_found,observed,https://farmrpg.com/img/items/whiteflower.png,/img/items/whiteflower.png,whiteflower.png,whiteflower,,,Observed from cached Buddy page-data item image; review before asset download or canonical promotion.
Mistletoe,mistletoe,mistletoe,https://buddy.farm/i/mistletoe/,Mistletoe,icon_found,observed,https://farmrpg.com/img/items/28_sm.png,/img/items/28_sm.png,28_sm.png,28_sm,,,Observed from cached Buddy page-data item image; review before asset download or canonical promotion.
Mittens,mittens,mittens,https://buddy.farm/i/mittens/,Mittens,icon_found,observed,https://farmrpg.com/img/items/15_sm.png,/img/items/15_sm.png,15_sm.png,15_sm,,,Observed from cached Buddy page-data item image; review before asset download or canonical promotion.
Mixed Nuts,mixed nuts,mixed-nuts,https://buddy.farm/i/mixed-nuts/,Mixed Nuts,icon_found,observed,https://farmrpg.com/img/items/nuts.png,/img/items/nuts.png,nuts.png,nuts,,,Observed from cached Buddy page-data item image; review before asset download or canonical promotion.
Mizzem's Daisies,mizzem s daisies,mizzem-s-daisies,https://buddy.farm/i/mizzem-s-daisies/,Mizzem's Daisies,icon_found,observed,https://farmrpg.com/img/items/MizzemsDaisies.png,/img/items/MizzemsDaisies.png,MizzemsDaisies.png,MizzemsDaisies,,,Observed from cached Buddy page-data item image; review before asset download or canonical promotion.
Model Ship,model ship,model-ship,https://buddy.farm/i/model-ship/,Model Ship,icon_found,observed,https://farmrpg.com/img/items/4925.png,/img/items/4925.png,4925.png,4925,4925,,Observed from cached Buddy page-data item image; review before asset download or canonical promotion.
Molasses,molasses,molasses,https://buddy.farm/i/molasses/,Molasses,icon_found,observed,https://farmrpg.com/img/items/molasses.png,/img/items/molasses.png,molasses.png,molasses,,,Observed from cached Buddy page-data item image; review before asset download or canonical promotion.
Monster Skull,monster skull,monster-skull,https://buddy.farm/i/monster-skull/,Monster Skull,icon_found,observed,https://farmrpg.com/img/items/8617.png,/img/items/8617.png,8617.png,8617,8617,,Observed from cached Buddy page-data item image; review before asset download or canonical promotion.
Moon Egg,moon egg,moon-egg,https://buddy.farm/i/moon-egg/,Moon Egg,icon_found,observed,https://farmrpg.com/img/items/egg_moon.png,/img/items/egg_moon.png,egg_moon.png,egg_moon,,,Observed from cached Buddy page-data item image; review before asset download or canonical promotion.
Moonbreaker,moonbreaker,moonbreaker,https://buddy.farm/i/moonbreaker/,Moonbreaker,icon_found,observed,https://farmrpg.com/img/items/moonbreaker.png,/img/items/moonbreaker.png,moonbreaker.png,moonbreaker,,,Observed from cached Buddy page-data item image; review before asset download or canonical promotion.
Moonstone,moonstone,moonstone,https://buddy.farm/i/moonstone/,Moonstone,icon_found,observed,https://farmrpg.com/img/items/8014.png,/img/items/8014.png,8014.png,8014,8014,,Observed from cached Buddy page-data item image; review before asset download or canonical promotion.
Mossy Stone,mossy stone,mossy-stone,https://buddy.farm/i/mossy-stone/,Mossy Stone,icon_found,observed,https://farmrpg.com/img/items/viri_4012.png,/img/items/viri_4012.png,viri_4012.png,viri_4012,,,Observed from cached Buddy page-data item image; review before asset download or canonical promotion.
Movember Buddy Doll,movember buddy doll,movember-buddy-doll,https://buddy.farm/i/movember-buddy-doll/,Movember Buddy Doll,icon_found,observed,https://farmrpg.com/img/items/mbuddy.png,/img/items/mbuddy.png,mbuddy.png,mbuddy,,,Observed from cached Buddy page-data item image; review before asset download or canonical promotion.
Mudcap,mudcap,mudcap,https://buddy.farm/i/mudcap/,Mudcap,icon_found,observed,https://farmrpg.com/img/items/afk_8440.png,/img/items/afk_8440.png,afk_8440.png,afk_8440,,,Observed from cached Buddy page-data item image; review before asset download or canonical promotion.
Mug of Beer,mug of beer,mug-of-beer,https://buddy.farm/i/mug-of-beer/,Mug of Beer,icon_found,observed,https://farmrpg.com/img/items/7264.png?1,/img/items/7264.png,7264.png,7264,7264,,Observed from cached Buddy page-data item image; review before asset download or canonical promotion.
Mulberry Snapper,mulberry snapper,mulberry-snapper,https://buddy.farm/i/mulberry-snapper/,Mulberry Snapper,icon_found,observed,https://farmrpg.com/img/items/3276.png,/img/items/3276.png,3276.png,3276,3276,,Observed from cached Buddy page-data item image; review before asset download or canonical promotion.
Mummy Bobblehead,mummy bobblehead,mummy-bobblehead,https://buddy.farm/i/mummy-bobblehead/,Mummy Bobblehead,icon_found,observed,https://farmrpg.com/img/items/bobble_mummy.png,/img/items/bobble_mummy.png,bobble_mummy.png,bobble_mummy,,,Observed from cached Buddy page-data item image; review before asset download or canonical promotion.
Mushroom,mushroom,mushroom,https://buddy.farm/i/mushroom/,Mushroom,icon_found,observed,https://farmrpg.com/img/items/mushroom.png,/img/items/mushroom.png,mushroom.png,mushroom,,,Observed from cached Buddy page-data item image; review before asset download or canonical promotion.
Mushroom Paste,mushroom paste,mushroom-paste,https://buddy.farm/i/mushroom-paste/,Mushroom Paste,icon_found,observed,https://farmrpg.com/img/items/5691.png,/img/items/5691.png,5691.png,5691,5691,,Observed from cached Buddy page-data item image; review before asset download or canonical promotion.
Mushroom Spores,mushroom spores,mushroom-spores,https://buddy.farm/i/mushroom-spores/,Mushroom Spores,icon_found,observed,https://farmrpg.com/img/items/seeds_mushroom.png,/img/items/seeds_mushroom.png,seeds_mushroom.png,seeds_mushroom,,,Observed from cached Buddy page-data item image; review before asset download or canonical promotion.
Mushroom Stew,mushroom stew,mushroom-stew,https://buddy.farm/i/mushroom-stew/,Mushroom Stew,icon_found,observed,https://farmrpg.com/img/items/mushroomstew.png,/img/items/mushroomstew.png,mushroomstew.png,mushroomstew,,,Observed from cached Buddy page-data item image; review before asset download or canonical promotion.
Music Box,music box,music-box,https://buddy.farm/i/music-box/,Music Box,icon_found,observed,https://farmrpg.com/img/items/809.png,/img/items/809.png,809.png,809,809,,Observed from cached Buddy page-data item image; review before asset download or canonical promotion.
Mussel,mussel,mussel,https://buddy.farm/i/mussel/,Mussel,icon_found,observed,https://farmrpg.com/img/items/7785.png,/img/items/7785.png,7785.png,7785,7785,,Observed from cached Buddy page-data item image; review before asset download or canonical promotion.
Mystic Ring,mystic ring,mystic-ring,https://buddy.farm/i/mystic-ring/,Mystic Ring,icon_found,observed,https://farmrpg.com/img/items/8038.png,/img/items/8038.png,8038.png,8038,8038,,Observed from cached Buddy page-data item image; review before asset download or canonical promotion.
Mystical Chest 01,mystical chest 01,mystical-chest-01,https://buddy.farm/i/mystical-chest-01/,Mystical Chest 01,icon_found,observed,https://farmrpg.com/img/items/4456.png,/img/items/4456.png,4456.png,4456,4456,,Observed from cached Buddy page-data item image; review before asset download or canonical promotion.
Mystical Chest 02,mystical chest 02,mystical-chest-02,https://buddy.farm/i/mystical-chest-02/,Mystical Chest 02,icon_found,observed,https://farmrpg.com/img/items/4456.png,/img/items/4456.png,4456.png,4456,4456,,Observed from cached Buddy page-data item image; review before asset download or canonical promotion.
Mystical Staff,mystical staff,mystical-staff,https://buddy.farm/i/mystical-staff/,Mystical Staff,icon_found,observed,https://farmrpg.com/img/items/5273.png?1,/img/items/5273.png,5273.png,5273,5273,,Observed from cached Buddy page-data item image; review before asset download or canonical promotion.
Nailed Board,nailed board,nailed-board,https://buddy.farm/i/nailed-board/,Nailed Board,icon_found,observed,https://farmrpg.com/img/items/finp_607.png,/img/items/finp_607.png,finp_607.png,finp_607,,,Observed from cached Buddy page-data item image; review before asset download or canonical promotion.
Nails,nails,nails,https://buddy.farm/i/nails/,Nails,icon_found,observed,https://farmrpg.com/img/items/5860.png,/img/items/5860.png,5860.png,5860,5860,,Observed from cached Buddy page-data item image; review before asset download or canonical promotion.
Nebula Egg,nebula egg,nebula-egg,https://buddy.farm/i/nebula-egg/,Nebula Egg,icon_found,observed,https://farmrpg.com/img/items/egg_nebula.png,/img/items/egg_nebula.png,egg_nebula.png,egg_nebula,,,Observed from cached Buddy page-data item image; review before asset download or canonical promotion.
Neigh,neigh,neigh,https://buddy.farm/i/neigh/,Neigh,icon_found,observed,https://farmrpg.com/img/items/vegsoup4.png,/img/items/vegsoup4.png,vegsoup4.png,vegsoup4,,,Observed from cached Buddy page-data item image; review before asset download or canonical promotion.
Nightshade Cap,nightshade cap,nightshade-cap,https://buddy.farm/i/nightshade-cap/,Nightshade Cap,icon_found,observed,https://farmrpg.com/img/items/6594.png,/img/items/6594.png,6594.png,6594,6594,,Observed from cached Buddy page-data item image; review before asset download or canonical promotion.
Nirumdivar,nirumdivar,nirumdivar,https://buddy.farm/i/nirumdivar/,Nirumdivar,icon_found,observed,https://farmrpg.com/img/items/stave1.png,/img/items/stave1.png,stave1.png,stave1,,,Observed from cached Buddy page-data item image; review before asset download or canonical promotion.
Notary Certificate,notary certificate,notary-certificate,https://buddy.farm/i/notary-certificate/,Notary Certificate,icon_found,observed,https://farmrpg.com/img/items/7594.png,/img/items/7594.png,7594.png,7594,7594,,Observed from cached Buddy page-data item image; review before asset download or canonical promotion.
Notary Stamp,notary stamp,notary-stamp,https://buddy.farm/i/notary-stamp/,Notary Stamp,icon_found,observed,https://farmrpg.com/img/items/stamper.png,/img/items/stamper.png,stamper.png,stamper,,,Observed from cached Buddy page-data item image; review before asset download or canonical promotion.
Notebook,notebook,notebook,https://buddy.farm/i/notebook/,Notebook,icon_found,observed,https://farmrpg.com/img/items/pad_t_01.PNG,/img/items/pad_t_01.PNG,pad_t_01.PNG,pad_t_01,,,Observed from cached Buddy page-data item image; review before asset download or canonical promotion.
Nut Cracker Buddy,nut cracker buddy,nut-cracker-buddy,https://buddy.farm/i/nut-cracker-buddy/,Nut Cracker Buddy,icon_found,observed,https://farmrpg.com/img/items/nutcrackerbuddy.png,/img/items/nutcrackerbuddy.png,nutcrackerbuddy.png,nutcrackerbuddy,,,Observed from cached Buddy page-data item image; review before asset download or canonical promotion.
Nut Cracker Buddy Doll,nut cracker buddy doll,nut-cracker-buddy-doll,https://buddy.farm/i/nut-cracker-buddy-doll/,Nut Cracker Buddy Doll,icon_found,observed,https://farmrpg.com/img/items/cbuddy.png,/img/items/cbuddy.png,cbuddy.png,cbuddy,,,Observed from cached Buddy page-data item image; review before asset download or canonical promotion.
Oak,oak,oak,https://buddy.farm/i/oak/,Oak,icon_found,observed,https://farmrpg.com/img/items/6695.png,/img/items/6695.png,6695.png,6695,6695,,Observed from cached Buddy page-data item image; review before asset download or canonical promotion.
Oak Table,oak table,oak-table,https://buddy.farm/i/oak-table/,Oak Table,icon_found,observed,https://farmrpg.com/img/items/Oak_table_.png,/img/items/Oak_table_.png,Oak_table_.png,Oak_table_,,,Observed from cached Buddy page-data item image; review before asset download or canonical promotion.
Oceanite,oceanite,oceanite,https://buddy.farm/i/oceanite/,Oceanite,icon_found,observed,https://farmrpg.com/img/items/oceanite.png,/img/items/oceanite.png,oceanite.png,oceanite,,,Observed from cached Buddy page-data item image; review before asset download or canonical promotion.
Octopus,octopus,octopus,https://buddy.farm/i/octopus/,Octopus,icon_found,observed,https://farmrpg.com/img/items/octopus.png,/img/items/octopus.png,octopus.png,octopus,,,Observed from cached Buddy page-data item image; review before asset download or canonical promotion.
Odthorin's Charm,odthorin s charm,odthorin-s-charm,https://buddy.farm/i/odthorin-s-charm/,Odthorin's Charm,icon_found,observed,https://farmrpg.com/img/items/8455.png,/img/items/8455.png,8455.png,8455,8455,,Observed from cached Buddy page-data item image; review before asset download or canonical promotion.
Official Share,official share,official-share,https://buddy.farm/i/official-share/,Official Share,icon_found,observed,https://farmrpg.com/img/items/7896.png,/img/items/7896.png,7896.png,7896,7896,,Observed from cached Buddy page-data item image; review before asset download or canonical promotion.
Old Boot,old boot,old-boot,https://buddy.farm/i/old-boot/,Old Boot,icon_found,observed,https://farmrpg.com/img/items/7848.PNG,/img/items/7848.PNG,7848.PNG,7848,7848,,Observed from cached Buddy page-data item image; review before asset download or canonical promotion.
Onion,onion,onion,https://buddy.farm/i/onion/,Onion,icon_found,observed,https://farmrpg.com/img/items/8317.png,/img/items/8317.png,8317.png,8317,8317,,Observed from cached Buddy page-data item image; review before asset download or canonical promotion.
Onion Rings,onion rings,onion-rings,https://buddy.farm/i/onion-rings/,Onion Rings,icon_found,observed,https://farmrpg.com/img/items/onionrings.png,/img/items/onionrings.png,onionrings.png,onionrings,,,Observed from cached Buddy page-data item image; review before asset download or canonical promotion.
Onion Seeds,onion seeds,onion-seeds,https://buddy.farm/i/onion-seeds/,Onion Seeds,icon_found,observed,https://farmrpg.com/img/items/seeds_onions.png,/img/items/seeds_onions.png,seeds_onions.png,seeds_onions,,,Observed from cached Buddy page-data item image; review before asset download or canonical promotion.
Onion Soup,onion soup,onion-soup,https://buddy.farm/i/onion-soup/,Onion Soup,icon_found,observed,https://farmrpg.com/img/items/onionsoup.png,/img/items/onionsoup.png,onionsoup.png,onionsoup,,,Observed from cached Buddy page-data item image; review before asset download or canonical promotion.
Onyx Scorpion,onyx scorpion,onyx-scorpion,https://buddy.farm/i/onyx-scorpion/,Onyx Scorpion,icon_found,observed,https://farmrpg.com/img/items/4514b.png,/img/items/4514b.png,4514b.png,4514b,,,Observed from cached Buddy page-data item image; review before asset download or canonical promotion.
Opposition Hourglass,opposition hourglass,opposition-hourglass,https://buddy.farm/i/opposition-hourglass/,Opposition Hourglass,icon_found,observed,https://farmrpg.com/img/items/hourglass.png,/img/items/hourglass.png,hourglass.png,hourglass,,,Observed from cached Buddy page-data item image; review before asset download or canonical promotion.
Orange,orange,orange,https://buddy.farm/i/orange/,Orange,icon_found,observed,https://farmrpg.com/img/items/orange.png,/img/items/orange.png,orange.png,orange,,,Observed from cached Buddy page-data item image; review before asset download or canonical promotion.
Orange Butterfly,orange butterfly,orange-butterfly,https://buddy.farm/i/orange-butterfly/,Orange Butterfly,icon_found,observed,https://farmrpg.com/img/items/orangebutterfly.png,/img/items/orangebutterfly.png,orangebutterfly.png,orangebutterfly,,,Observed from cached Buddy page-data item image; review before asset download or canonical promotion.
Orange Calcite,orange calcite,orange-calcite,https://buddy.farm/i/orange-calcite/,Orange Calcite,icon_found,observed,https://farmrpg.com/img/items/3384.PNG,/img/items/3384.PNG,3384.PNG,3384,3384,,Observed from cached Buddy page-data item image; review before asset download or canonical promotion.
Orange Dye,orange dye,orange-dye,https://buddy.farm/i/orange-dye/,Orange Dye,icon_found,observed,https://farmrpg.com/img/items/orangedye.png,/img/items/orangedye.png,orangedye.png,orangedye,,,Observed from cached Buddy page-data item image; review before asset download or canonical promotion.
Orange Flowers,orange flowers,orange-flowers,https://buddy.farm/i/orange-flowers/,Orange Flowers,icon_found,observed,https://farmrpg.com/img/items/oflowers.png,/img/items/oflowers.png,oflowers.png,oflowers,,,Observed from cached Buddy page-data item image; review before asset download or canonical promotion.
Orange Gecko,orange gecko,orange-gecko,https://buddy.farm/i/orange-gecko/,Orange Gecko,icon_found,observed,https://farmrpg.com/img/items/3493.png,/img/items/3493.png,3493.png,3493,3493,,Observed from cached Buddy page-data item image; review before asset download or canonical promotion.
Orange Juice,orange juice,orange-juice,https://buddy.farm/i/orange-juice/,Orange Juice,icon_found,observed,https://farmrpg.com/img/items/orangejuice.png,/img/items/orangejuice.png,orangejuice.png,orangejuice,,,Observed from cached Buddy page-data item image; review before asset download or canonical promotion.
Orange Ornament,orange ornament,orange-ornament,https://buddy.farm/i/orange-ornament/,Orange Ornament,icon_found,observed,https://farmrpg.com/img/items/cr_t_03_d.png,/img/items/cr_t_03_d.png,cr_t_03_d.png,cr_t_03_d,,,Observed from cached Buddy page-data item image; review before asset download or canonical promotion.
Orange Scarf,orange scarf,orange-scarf,https://buddy.farm/i/orange-scarf/,Orange Scarf,icon_found,observed,https://farmrpg.com/img/items/orangescarf.png,/img/items/orangescarf.png,orangescarf.png,orangescarf,,,Observed from cached Buddy page-data item image; review before asset download or canonical promotion.
Orange Shirt,orange shirt,orange-shirt,https://buddy.farm/i/orange-shirt/,Orange Shirt,icon_found,observed,https://farmrpg.com/img/items/orangeshirt.png,/img/items/orangeshirt.png,orangeshirt.png,orangeshirt,,,Observed from cached Buddy page-data item image; review before asset download or canonical promotion.
Orange Twine,orange twine,orange-twine,https://buddy.farm/i/orange-twine/,Orange Twine,icon_found,observed,https://farmrpg.com/img/items/orangetwine.png,/img/items/orangetwine.png,orangetwine.png,orangetwine,,,Observed from cached Buddy page-data item image; review before asset download or canonical promotion.
Orcafish,orcafish,orcafish,https://buddy.farm/i/orcafish/,Orcafish,icon_found,observed,https://farmrpg.com/img/items/3282.png,/img/items/3282.png,3282.png,3282,3282,,Observed from cached Buddy page-data item image; review before asset download or canonical promotion.
Over The Moon,over the moon,over-the-moon,https://buddy.farm/i/over-the-moon/,Over The Moon,icon_found,observed,https://farmrpg.com/img/items/leekmeatcorn.png,/img/items/leekmeatcorn.png,leekmeatcorn.png,leekmeatcorn,,,Observed from cached Buddy page-data item image; review before asset download or canonical promotion.
Owl Feather,owl feather,owl-feather,https://buddy.farm/i/owl-feather/,Owl Feather,icon_found,observed,https://farmrpg.com/img/items/owlfeather.png,/img/items/owlfeather.png,owlfeather.png,owlfeather,,,Observed from cached Buddy page-data item image; review before asset download or canonical promotion.
Owl Guard Belt,owl guard belt,owl-guard-belt,https://buddy.farm/i/owl-guard-belt/,Owl Guard Belt,icon_found,observed,https://farmrpg.com/img/items/8708.png,/img/items/8708.png,8708.png,8708,8708,,Observed from cached Buddy page-data item image; review before asset download or canonical promotion.
Painite,painite,painite,https://buddy.farm/i/painite/,Painite,icon_found,observed,https://farmrpg.com/img/items/painite.png,/img/items/painite.png,painite.png,painite,,,Observed from cached Buddy page-data item image; review before asset download or canonical promotion.
Pair of Boots,pair of boots,pair-of-boots,https://buddy.farm/i/pair-of-boots/,Pair of Boots,icon_found,observed,https://farmrpg.com/img/items/pboot2.png,/img/items/pboot2.png,pboot2.png,pboot2,,,Observed from cached Buddy page-data item image; review before asset download or canonical promotion.
Pair of Gold Boots,pair of gold boots,pair-of-gold-boots,https://buddy.farm/i/pair-of-gold-boots/,Pair of Gold Boots,icon_found,observed,https://farmrpg.com/img/items/gboots.png?2,/img/items/gboots.png,gboots.png,gboots,,,Observed from cached Buddy page-data item image; review before asset download or canonical promotion.
Paper Receipt,paper receipt,paper-receipt,https://buddy.farm/i/paper-receipt/,Paper Receipt,icon_found,observed,https://farmrpg.com/img/items/7611.png,/img/items/7611.png,7611.png,7611,7611,,Observed from cached Buddy page-data item image; review before asset download or canonical promotion.
Parade Balloon Buddy Doll,parade balloon buddy doll,parade-balloon-buddy-doll,https://buddy.farm/i/parade-balloon-buddy-doll/,Parade Balloon Buddy Doll,icon_found,observed,https://farmrpg.com/img/items/paradefloatbuddydoll.png,/img/items/paradefloatbuddydoll.png,paradefloatbuddydoll.png,paradefloatbuddydoll,,,Observed from cached Buddy page-data item image; review before asset download or canonical promotion.
Party Hat,party hat,party-hat,https://buddy.farm/i/party-hat/,Party Hat,icon_found,observed,https://farmrpg.com/img/items/partyhat.png,/img/items/partyhat.png,partyhat.png,partyhat,,,Observed from cached Buddy page-data item image; review before asset download or canonical promotion.
Party Horn,party horn,party-horn,https://buddy.farm/i/party-horn/,Party Horn,icon_found,observed,https://farmrpg.com/img/items/party_horn.png,/img/items/party_horn.png,party_horn.png,party_horn,,,Observed from cached Buddy page-data item image; review before asset download or canonical promotion.
Pea Seeds,pea seeds,pea-seeds,https://buddy.farm/i/pea-seeds/,Pea Seeds,icon_found,observed,https://farmrpg.com/img/items/seeds_peas.png,/img/items/seeds_peas.png,seeds_peas.png,seeds_peas,,,Observed from cached Buddy page-data item image; review before asset download or canonical promotion.
Peach,peach,peach,https://buddy.farm/i/peach/,Peach,icon_found,observed,https://farmrpg.com/img/items/peach.png,/img/items/peach.png,peach.png,peach,,,Observed from cached Buddy page-data item image; review before asset download or canonical promotion.
Peach Juice,peach juice,peach-juice,https://buddy.farm/i/peach-juice/,Peach Juice,icon_found,observed,https://farmrpg.com/img/items/peachjuice.png,/img/items/peachjuice.png,peachjuice.png,peachjuice,,,Observed from cached Buddy page-data item image; review before asset download or canonical promotion.
Peafowl Feather,peafowl feather,peafowl-feather,https://buddy.farm/i/peafowl-feather/,Peafowl Feather,icon_found,observed,https://farmrpg.com/img/items/2599.png?1,/img/items/2599.png,2599.png,2599,2599,,Observed from cached Buddy page-data item image; review before asset download or canonical promotion.
Pear Grease,pear grease,pear-grease,https://buddy.farm/i/pear-grease/,Pear Grease,icon_found,observed,https://farmrpg.com/img/items/8957.png,/img/items/8957.png,8957.png,8957,8957,,Observed from cached Buddy page-data item image; review before asset download or canonical promotion.
Pearl,pearl,pearl,https://buddy.farm/i/pearl/,Pearl,icon_found,observed,https://farmrpg.com/img/items/7876.PNG,/img/items/7876.PNG,7876.PNG,7876,7876,,Observed from cached Buddy page-data item image; review before asset download or canonical promotion.
Pearl Berries,pearl berries,pearl-berries,https://buddy.farm/i/pearl-berries/,Pearl Berries,icon_found,observed,https://farmrpg.com/img/items/4488.png,/img/items/4488.png,4488.png,4488,4488,,Observed from cached Buddy page-data item image; review before asset download or canonical promotion.
Pearl Berry Jam,pearl berry jam,pearl-berry-jam,https://buddy.farm/i/pearl-berry-jam/,Pearl Berry Jam,icon_found,observed,https://farmrpg.com/img/items/pbj.png,/img/items/pbj.png,pbj.png,pbj,,,Observed from cached Buddy page-data item image; review before asset download or canonical promotion.
Pearl Necklace,pearl necklace,pearl-necklace,https://buddy.farm/i/pearl-necklace/,Pearl Necklace,icon_found,observed,https://farmrpg.com/img/items/pearlnecklace.png,/img/items/pearlnecklace.png,pearlnecklace.png,pearlnecklace,,,Observed from cached Buddy page-data item image; review before asset download or canonical promotion.
Peas,peas,peas,https://buddy.farm/i/peas/,Peas,icon_found,observed,https://farmrpg.com/img/items/8259.PNG,/img/items/8259.PNG,8259.PNG,8259,8259,,Observed from cached Buddy page-data item image; review before asset download or canonical promotion.
Peculiar Gem,peculiar gem,peculiar-gem,https://buddy.farm/i/peculiar-gem/,Peculiar Gem,icon_found,observed,https://farmrpg.com/img/items/4255.png,/img/items/4255.png,4255.png,4255,4255,,Observed from cached Buddy page-data item image; review before asset download or canonical promotion.
Peg Leg,peg leg,peg-leg,https://buddy.farm/i/peg-leg/,Peg Leg,icon_found,observed,https://farmrpg.com/img/items/pegleg.png,/img/items/pegleg.png,pegleg.png,pegleg,,,Observed from cached Buddy page-data item image; review before asset download or canonical promotion.
Pencil,pencil,pencil,https://buddy.farm/i/pencil/,Pencil,icon_found,observed,https://farmrpg.com/img/items/pencil_t_01.png,/img/items/pencil_t_01.png,pencil_t_01.png,pencil_t_01,,,Observed from cached Buddy page-data item image; review before asset download or canonical promotion.
Pepper Seeds,pepper seeds,pepper-seeds,https://buddy.farm/i/pepper-seeds/,Pepper Seeds,icon_found,observed,https://farmrpg.com/img/items/seeds_peppers.png,/img/items/seeds_peppers.png,seeds_peppers.png,seeds_peppers,,,Observed from cached Buddy page-data item image; review before asset download or canonical promotion.
Peppers,peppers,peppers,https://buddy.farm/i/peppers/,Peppers,icon_found,observed,https://farmrpg.com/img/items/8301.png,/img/items/8301.png,8301.png,8301,8301,,Observed from cached Buddy page-data item image; review before asset download or canonical promotion.
Perfect Paint Palette,perfect paint palette,perfect-paint-palette,https://buddy.farm/i/perfect-paint-palette/,Perfect Paint Palette,icon_found,observed,https://farmrpg.com/img/items/palette.png,/img/items/palette.png,palette.png,palette,,,Observed from cached Buddy page-data item image; review before asset download or canonical promotion.
Pet Treat,pet treat,pet-treat,https://buddy.farm/i/pet-treat/,Pet Treat,icon_found,observed,https://farmrpg.com/img/items/pettreat.png,/img/items/pettreat.png,pettreat.png,pettreat,,,Observed from cached Buddy page-data item image; review before asset download or canonical promotion.
PHR Voucher,phr voucher,phr-voucher,https://buddy.farm/i/phr-voucher/,PHR Voucher,icon_found,observed,https://farmrpg.com/img/items/viri_3437.png,/img/items/viri_3437.png,viri_3437.png,viri_3437,,,Observed from cached Buddy page-data item image; review before asset download or canonical promotion.
Piñata,pi ata,pi-ata,https://buddy.farm/i/pi-ata/,Piñata,icon_found,observed,https://farmrpg.com/img/items/pinata.png,/img/items/pinata.png,pinata.png,pinata,,,Observed from cached Buddy page-data item image; review before asset download or canonical promotion.
Piñata Whop Stick,pi ata whop stick,pi-ata-whop-stick,https://buddy.farm/i/pi-ata-whop-stick/,Piñata Whop Stick,icon_found,observed,https://farmrpg.com/img/items/pinata_stick.png,/img/items/pinata_stick.png,pinata_stick.png,pinata_stick,,,Observed from cached Buddy page-data item image; review before asset download or canonical promotion.
Pickaxe,pickaxe,pickaxe,https://buddy.farm/i/pickaxe/,Pickaxe,icon_found,observed,https://farmrpg.com/img/items/6687.png?2,/img/items/6687.png,6687.png,6687,6687,,Observed from cached Buddy page-data item image; review before asset download or canonical promotion.
Picnic Basket 01,picnic basket 01,picnic-basket-01,https://buddy.farm/i/picnic-basket-01/,Picnic Basket 01,icon_found,observed,https://farmrpg.com/img/items/picnicbasket.png,/img/items/picnicbasket.png,picnicbasket.png,picnicbasket,,,Observed from cached Buddy page-data item image; review before asset download or canonical promotion.
Pie,pie,pie,https://buddy.farm/i/pie/,Pie,icon_found,observed,https://farmrpg.com/img/items/5794.png,/img/items/5794.png,5794.png,5794,5794,,Observed from cached Buddy page-data item image; review before asset download or canonical promotion.
Pie Pan,pie pan,pie-pan,https://buddy.farm/i/pie-pan/,Pie Pan,icon_found,observed,https://farmrpg.com/img/items/piepan.png,/img/items/piepan.png,piepan.png,piepan,,,Observed from cached Buddy page-data item image; review before asset download or canonical promotion.
Piece 01,piece 01,piece-01,https://buddy.farm/i/piece-01/,Piece 01,icon_found,observed,https://farmrpg.com/img/items/piece01.png?1,/img/items/piece01.png,piece01.png,piece01,,,Observed from cached Buddy page-data item image; review before asset download or canonical promotion.
Piece 03,piece 03,piece-03,https://buddy.farm/i/piece-03/,Piece 03,icon_found,observed,https://farmrpg.com/img/items/piece03.png?1,/img/items/piece03.png,piece03.png,piece03,,,Observed from cached Buddy page-data item image; review before asset download or canonical promotion.
Piece 04,piece 04,piece-04,https://buddy.farm/i/piece-04/,Piece 04,icon_found,observed,https://farmrpg.com/img/items/piece04.png?1,/img/items/piece04.png,piece04.png,piece04,,,Observed from cached Buddy page-data item image; review before asset download or canonical promotion.
Piece 07,piece 07,piece-07,https://buddy.farm/i/piece-07/,Piece 07,icon_found,observed,https://farmrpg.com/img/items/piece07.png?1,/img/items/piece07.png,piece07.png,piece07,,,Observed from cached Buddy page-data item image; review before asset download or canonical promotion.
Piece 09,piece 09,piece-09,https://buddy.farm/i/piece-09/,Piece 09,icon_found,observed,https://farmrpg.com/img/items/piece09.png?1,/img/items/piece09.png,piece09.png,piece09,,,Observed from cached Buddy page-data item image; review before asset download or canonical promotion.
Piece 11,piece 11,piece-11,https://buddy.farm/i/piece-11/,Piece 11,icon_found,observed,https://farmrpg.com/img/items/piece11.png?1,/img/items/piece11.png,piece11.png,piece11,,,Observed from cached Buddy page-data item image; review before asset download or canonical promotion.
Piece 12,piece 12,piece-12,https://buddy.farm/i/piece-12/,Piece 12,icon_found,observed,https://farmrpg.com/img/items/piece12.png?1,/img/items/piece12.png,piece12.png,piece12,,,Observed from cached Buddy page-data item image; review before asset download or canonical promotion.
Piece 15,piece 15,piece-15,https://buddy.farm/i/piece-15/,Piece 15,icon_found,observed,https://farmrpg.com/img/items/piece15.png?1,/img/items/piece15.png,piece15.png,piece15,,,Observed from cached Buddy page-data item image; review before asset download or canonical promotion.
Piece 18,piece 18,piece-18,https://buddy.farm/i/piece-18/,Piece 18,icon_found,observed,https://farmrpg.com/img/items/piece18.png?1,/img/items/piece18.png,piece18.png,piece18,,,Observed from cached Buddy page-data item image; review before asset download or canonical promotion.
Piece 22,piece 22,piece-22,https://buddy.farm/i/piece-22/,Piece 22,icon_found,observed,https://farmrpg.com/img/items/piece22.png?1,/img/items/piece22.png,piece22.png,piece22,,,Observed from cached Buddy page-data item image; review before asset download or canonical promotion.
Piece 23,piece 23,piece-23,https://buddy.farm/i/piece-23/,Piece 23,icon_found,observed,https://farmrpg.com/img/items/piece23.png?1,/img/items/piece23.png,piece23.png,piece23,,,Observed from cached Buddy page-data item image; review before asset download or canonical promotion.
Piece 24,piece 24,piece-24,https://buddy.farm/i/piece-24/,Piece 24,icon_found,observed,https://farmrpg.com/img/items/piece24.png?1,/img/items/piece24.png,piece24.png,piece24,,,Observed from cached Buddy page-data item image; review before asset download or canonical promotion.
Piece 26,piece 26,piece-26,https://buddy.farm/i/piece-26/,Piece 26,icon_found,observed,https://farmrpg.com/img/items/piece26.png?1,/img/items/piece26.png,piece26.png,piece26,,,Observed from cached Buddy page-data item image; review before asset download or canonical promotion.
Piece 30,piece 30,piece-30,https://buddy.farm/i/piece-30/,Piece 30,icon_found,observed,https://farmrpg.com/img/items/piece30.png?1,/img/items/piece30.png,piece30.png,piece30,,,Observed from cached Buddy page-data item image; review before asset download or canonical promotion.
Piece 31,piece 31,piece-31,https://buddy.farm/i/piece-31/,Piece 31,icon_found,observed,https://farmrpg.com/img/items/piece31.png?1,/img/items/piece31.png,piece31.png,piece31,,,Observed from cached Buddy page-data item image; review before asset download or canonical promotion.
Piece of Cake,piece of cake,piece-of-cake,https://buddy.farm/i/piece-of-cake/,Piece of Cake,icon_found,observed,https://farmrpg.com/img/items/birthdaycakeslice.png,/img/items/birthdaycakeslice.png,birthdaycakeslice.png,birthdaycakeslice,,,Observed from cached Buddy page-data item image; review before asset download or canonical promotion.
Piece of Heart,piece of heart,piece-of-heart,https://buddy.farm/i/piece-of-heart/,Piece of Heart,icon_found,observed,https://farmrpg.com/img/items/poh.png,/img/items/poh.png,poh.png,poh,,,Observed from cached Buddy page-data item image; review before asset download or canonical promotion.
Pig Collar,pig collar,pig-collar,https://buddy.farm/i/pig-collar/,Pig Collar,icon_found,observed,https://farmrpg.com/img/items/pigcollar.png?1,/img/items/pigcollar.png,pigcollar.png,pigcollar,,,Observed from cached Buddy page-data item image; review before asset download or canonical promotion.
Pillow Case 01,pillow case 01,pillow-case-01,https://buddy.farm/i/pillow-case-01/,Pillow Case 01,icon_found,observed,https://farmrpg.com/img/items/pillow_case.png,/img/items/pillow_case.png,pillow_case.png,pillow_case,,,Observed from cached Buddy page-data item image; review before asset download or canonical promotion.
Pine Board,pine board,pine-board,https://buddy.farm/i/pine-board/,Pine Board,icon_found,observed,https://farmrpg.com/img/items/pineboard.png,/img/items/pineboard.png,pineboard.png,pineboard,,,Observed from cached Buddy page-data item image; review before asset download or canonical promotion.
Pine Cone,pine cone,pine-cone,https://buddy.farm/i/pine-cone/,Pine Cone,icon_found,observed,https://farmrpg.com/img/items/pinecone2.png,/img/items/pinecone2.png,pinecone2.png,pinecone2,,,Observed from cached Buddy page-data item image; review before asset download or canonical promotion.
Pine Seeds,pine seeds,pine-seeds,https://buddy.farm/i/pine-seeds/,Pine Seeds,icon_found,observed,https://farmrpg.com/img/items/seeds_pine.png,/img/items/seeds_pine.png,seeds_pine.png,seeds_pine,,,Observed from cached Buddy page-data item image; review before asset download or canonical promotion.
Pine Shelf,pine shelf,pine-shelf,https://buddy.farm/i/pine-shelf/,Pine Shelf,icon_found,observed,https://farmrpg.com/img/items/pineshelf.png,/img/items/pineshelf.png,pineshelf.png,pineshelf,,,Observed from cached Buddy page-data item image; review before asset download or canonical promotion.
Pine Tree,pine tree,pine-tree,https://buddy.farm/i/pine-tree/,Pine Tree,icon_found,observed,https://farmrpg.com/img/items/cr_t_06.png,/img/items/cr_t_06.png,cr_t_06.png,cr_t_06,,,Observed from cached Buddy page-data item image; review before asset download or canonical promotion.
Pineapple,pineapple,pineapple,https://buddy.farm/i/pineapple/,Pineapple,icon_found,observed,https://farmrpg.com/img/items/1523.png,/img/items/1523.png,1523.png,1523,1523,,Observed from cached Buddy page-data item image; review before asset download or canonical promotion.
Pink Jelly,pink jelly,pink-jelly,https://buddy.farm/i/pink-jelly/,Pink Jelly,icon_found,observed,https://farmrpg.com/img/items/pinkjelly.png,/img/items/pinkjelly.png,pinkjelly.png,pinkjelly,,,Observed from cached Buddy page-data item image; review before asset download or canonical promotion.
Pink Ribbon,pink ribbon,pink-ribbon,https://buddy.farm/i/pink-ribbon/,Pink Ribbon,icon_found,observed,https://farmrpg.com/img/items/l_05_t.PNG,/img/items/l_05_t.PNG,l_05_t.PNG,l_05_t,,,Observed from cached Buddy page-data item image; review before asset download or canonical promotion.
Pirate Bandana,pirate bandana,pirate-bandana,https://buddy.farm/i/pirate-bandana/,Pirate Bandana,icon_found,observed,https://farmrpg.com/img/items/4903.png,/img/items/4903.png,4903.png,4903,4903,,Observed from cached Buddy page-data item image; review before asset download or canonical promotion.
Pirate Flag,pirate flag,pirate-flag,https://buddy.farm/i/pirate-flag/,Pirate Flag,icon_found,observed,https://farmrpg.com/img/items/4924.png,/img/items/4924.png,4924.png,4924,4924,,Observed from cached Buddy page-data item image; review before asset download or canonical promotion.
Pirate Hook,pirate hook,pirate-hook,https://buddy.farm/i/pirate-hook/,Pirate Hook,icon_found,observed,https://farmrpg.com/img/items/pirates_38_t.png,/img/items/pirates_38_t.png,pirates_38_t.png,pirates_38_t,,,Observed from cached Buddy page-data item image; review before asset download or canonical promotion.
Pitchfork,pitchfork,pitchfork,https://buddy.farm/i/pitchfork/,Pitchfork,icon_found,observed,https://farmrpg.com/img/items/8322.PNG?1,/img/items/8322.PNG,8322.PNG,8322,8322,,Observed from cached Buddy page-data item image; review before asset download or canonical promotion.
Pitviper Tail,pitviper tail,pitviper-tail,https://buddy.farm/i/pitviper-tail/,Pitviper Tail,icon_found,observed,https://farmrpg.com/img/items/9478.png,/img/items/9478.png,9478.png,9478,9478,,Observed from cached Buddy page-data item image; review before asset download or canonical promotion.
Pizza Slice,pizza slice,pizza-slice,https://buddy.farm/i/pizza-slice/,Pizza Slice,icon_found,observed,https://farmrpg.com/img/items/pizzaslice.png,/img/items/pizzaslice.png,pizzaslice.png,pizzaslice,,,Observed from cached Buddy page-data item image; review before asset download or canonical promotion.
Planet Egg,planet egg,planet-egg,https://buddy.farm/i/planet-egg/,Planet Egg,icon_found,observed,https://farmrpg.com/img/items/egg_planet.png,/img/items/egg_planet.png,egg_planet.png,egg_planet,,,Observed from cached Buddy page-data item image; review before asset download or canonical promotion.
Plum Ore,plum ore,plum-ore,https://buddy.farm/i/plum-ore/,Plum Ore,icon_found,observed,https://farmrpg.com/img/items/plumore.png,/img/items/plumore.png,plumore.png,plumore,,,Observed from cached Buddy page-data item image; review before asset download or canonical promotion.
Plumbfish,plumbfish,plumbfish,https://buddy.farm/i/plumbfish/,Plumbfish,icon_found,observed,https://farmrpg.com/img/items/7754.png,/img/items/7754.png,7754.png,7754,7754,,Observed from cached Buddy page-data item image; review before asset download or canonical promotion.
Pocket Watch,pocket watch,pocket-watch,https://buddy.farm/i/pocket-watch/,Pocket Watch,icon_found,observed,https://farmrpg.com/img/items/4887.png,/img/items/4887.png,4887.png,4887,4887,,Observed from cached Buddy page-data item image; review before asset download or canonical promotion.
Podcast Swear Jar,podcast swear jar,podcast-swear-jar,https://buddy.farm/i/podcast-swear-jar/,Podcast Swear Jar,icon_found,observed,https://farmrpg.com/img/items/Podcast_Swear_jar.png,/img/items/Podcast_Swear_jar.png,Podcast_Swear_jar.png,Podcast_Swear_jar,,,Observed from cached Buddy page-data item image; review before asset download or canonical promotion.
Polished Boot,polished boot,polished-boot,https://buddy.farm/i/polished-boot/,Polished Boot,icon_found,observed,https://farmrpg.com/img/items/pboot.png,/img/items/pboot.png,pboot.png,pboot,,,Observed from cached Buddy page-data item image; review before asset download or canonical promotion.
Popcorn,popcorn,popcorn,https://buddy.farm/i/popcorn/,Popcorn,icon_found,observed,https://farmrpg.com/img/items/popcorn.png,/img/items/popcorn.png,popcorn.png,popcorn,,,Observed from cached Buddy page-data item image; review before asset download or canonical promotion.
Potato,potato,potato,https://buddy.farm/i/potato/,Potato,icon_found,observed,https://farmrpg.com/img/items/potato.png,/img/items/potato.png,potato.png,potato,,,Observed from cached Buddy page-data item image; review before asset download or canonical promotion.
Potato Battery,potato battery,potato-battery,https://buddy.farm/i/potato-battery/,Potato Battery,icon_found,observed,https://farmrpg.com/img/items/potatobattery.png,/img/items/potatobattery.png,potatobattery.png,potatobattery,,,Observed from cached Buddy page-data item image; review before asset download or canonical promotion.
Potato Seeds,potato seeds,potato-seeds,https://buddy.farm/i/potato-seeds/,Potato Seeds,icon_found,observed,https://farmrpg.com/img/items/seeds_potato.png,/img/items/seeds_potato.png,seeds_potato.png,seeds_potato,,,Observed from cached Buddy page-data item image; review before asset download or canonical promotion.
Potted Flower,potted flower,potted-flower,https://buddy.farm/i/potted-flower/,Potted Flower,icon_found,observed,https://farmrpg.com/img/items/plant_t_01.png,/img/items/plant_t_01.png,plant_t_01.png,plant_t_01,,,Observed from cached Buddy page-data item image; review before asset download or canonical promotion.
Power Monitor,power monitor,power-monitor,https://buddy.farm/i/power-monitor/,Power Monitor,icon_found,observed,https://farmrpg.com/img/items/9314.png,/img/items/9314.png,9314.png,9314,9314,,Observed from cached Buddy page-data item image; review before asset download or canonical promotion.
Prancer,prancer,prancer,https://buddy.farm/i/prancer/,Prancer,icon_found,observed,https://farmrpg.com/img/items/prancer.png,/img/items/prancer.png,prancer.png,prancer,,,Observed from cached Buddy page-data item image; review before asset download or canonical promotion.
Present 01,present 01,present-01,https://buddy.farm/i/present-01/,Present 01,icon_found,observed,https://farmrpg.com/img/items/7447.png,/img/items/7447.png,7447.png,7447,7447,,Observed from cached Buddy page-data item image; review before asset download or canonical promotion.
Present 02,present 02,present-02,https://buddy.farm/i/present-02/,Present 02,icon_found,observed,https://farmrpg.com/img/items/present02.png,/img/items/present02.png,present02.png,present02,,,Observed from cached Buddy page-data item image; review before asset download or canonical promotion.
Prickly Pear,prickly pear,prickly-pear,https://buddy.farm/i/prickly-pear/,Prickly Pear,icon_found,observed,https://farmrpg.com/img/items/pricklypear.png,/img/items/pricklypear.png,pricklypear.png,pricklypear,,,Observed from cached Buddy page-data item image; review before asset download or canonical promotion.
Prism Shard,prism shard,prism-shard,https://buddy.farm/i/prism-shard/,Prism Shard,icon_found,observed,https://farmrpg.com/img/items/8072.png,/img/items/8072.png,8072.png,8072,8072,,Observed from cached Buddy page-data item image; review before asset download or canonical promotion.
Prism Shell,prism shell,prism-shell,https://buddy.farm/i/prism-shell/,Prism Shell,icon_found,observed,https://farmrpg.com/img/items/prismshell.png?1,/img/items/prismshell.png,prismshell.png,prismshell,,,Observed from cached Buddy page-data item image; review before asset download or canonical promotion.
Propeller Hat,propeller hat,propeller-hat,https://buddy.farm/i/propeller-hat/,Propeller Hat,icon_found,observed,https://farmrpg.com/img/items/Propeller_hat.png,/img/items/Propeller_hat.png,Propeller_hat.png,Propeller_hat,,,Observed from cached Buddy page-data item image; review before asset download or canonical promotion.
Protein Bar,protein bar,protein-bar,https://buddy.farm/i/protein-bar/,Protein Bar,icon_found,observed,https://farmrpg.com/img/items/chocolate_t_01.png,/img/items/chocolate_t_01.png,chocolate_t_01.png,chocolate_t_01,,,Observed from cached Buddy page-data item image; review before asset download or canonical promotion.
Prune Juice,prune juice,prune-juice,https://buddy.farm/i/prune-juice/,Prune Juice,icon_found,observed,https://farmrpg.com/img/items/prunejuice.png,/img/items/prunejuice.png,prunejuice.png,prunejuice,,,Observed from cached Buddy page-data item image; review before asset download or canonical promotion.
Puffer,puffer,puffer,https://buddy.farm/i/puffer/,Puffer,icon_found,observed,https://farmrpg.com/img/items/pufferfix.png,/img/items/pufferfix.png,pufferfix.png,pufferfix,,,Observed from cached Buddy page-data item image; review before asset download or canonical promotion.
Pulley,pulley,pulley,https://buddy.farm/i/pulley/,Pulley,icon_found,observed,https://farmrpg.com/img/items/pulley.png,/img/items/pulley.png,pulley.png,pulley,,,Observed from cached Buddy page-data item image; review before asset download or canonical promotion.
Pumpkin,pumpkin,pumpkin,https://buddy.farm/i/pumpkin/,Pumpkin,icon_found,observed,https://farmrpg.com/img/items/8294.png,/img/items/8294.png,8294.png,8294,8294,,Observed from cached Buddy page-data item image; review before asset download or canonical promotion.
Pumpkin Juice,pumpkin juice,pumpkin-juice,https://buddy.farm/i/pumpkin-juice/,Pumpkin Juice,icon_found,observed,https://farmrpg.com/img/items/8874.png,/img/items/8874.png,8874.png,8874,8874,,Observed from cached Buddy page-data item image; review before asset download or canonical promotion.
Pumpkin Pie,pumpkin pie,pumpkin-pie,https://buddy.farm/i/pumpkin-pie/,Pumpkin Pie,icon_found,observed,https://farmrpg.com/img/items/ppie.png,/img/items/ppie.png,ppie.png,ppie,,,Observed from cached Buddy page-data item image; review before asset download or canonical promotion.
Pumpkin Seeds,pumpkin seeds,pumpkin-seeds,https://buddy.farm/i/pumpkin-seeds/,Pumpkin Seeds,icon_found,observed,https://farmrpg.com/img/items/seeds_pumpkin.png,/img/items/seeds_pumpkin.png,seeds_pumpkin.png,seeds_pumpkin,,,Observed from cached Buddy page-data item image; review before asset download or canonical promotion.
Pumpkin Spiced Milk,pumpkin spiced milk,pumpkin-spiced-milk,https://buddy.farm/i/pumpkin-spiced-milk/,Pumpkin Spiced Milk,icon_found,observed,https://farmrpg.com/img/items/Psm2.png,/img/items/Psm2.png,Psm2.png,Psm2,,,Observed from cached Buddy page-data item image; review before asset download or canonical promotion.
Purple Bag,purple bag,purple-bag,https://buddy.farm/i/purple-bag/,Purple Bag,icon_found,observed,https://farmrpg.com/img/items/purplebag.png,/img/items/purplebag.png,purplebag.png,purplebag,,,Observed from cached Buddy page-data item image; review before asset download or canonical promotion.
Purple Butterfly,purple butterfly,purple-butterfly,https://buddy.farm/i/purple-butterfly/,Purple Butterfly,icon_found,observed,https://farmrpg.com/img/items/afk_8578.png,/img/items/afk_8578.png,afk_8578.png,afk_8578,,,Observed from cached Buddy page-data item image; review before asset download or canonical promotion.
Purple Butterfly Fish,purple butterfly fish,purple-butterfly-fish,https://buddy.farm/i/purple-butterfly-fish/,Purple Butterfly Fish,icon_found,observed,https://farmrpg.com/img/items/pirates_77_t.png,/img/items/pirates_77_t.png,pirates_77_t.png,pirates_77_t,,,Observed from cached Buddy page-data item image; review before asset download or canonical promotion.
Purple Diary,purple diary,purple-diary,https://buddy.farm/i/purple-diary/,Purple Diary,icon_found,observed,https://farmrpg.com/img/items/purplebook.png,/img/items/purplebook.png,purplebook.png,purplebook,,,Observed from cached Buddy page-data item image; review before asset download or canonical promotion.
Purple Dye,purple dye,purple-dye,https://buddy.farm/i/purple-dye/,Purple Dye,icon_found,observed,https://farmrpg.com/img/items/purpledye.png,/img/items/purpledye.png,purpledye.png,purpledye,,,Observed from cached Buddy page-data item image; review before asset download or canonical promotion.
Purple Flower,purple flower,purple-flower,https://buddy.farm/i/purple-flower/,Purple Flower,icon_found,observed,https://farmrpg.com/img/items/flower.png,/img/items/flower.png,flower.png,flower,,,Observed from cached Buddy page-data item image; review before asset download or canonical promotion.
Purple Mushroom,purple mushroom,purple-mushroom,https://buddy.farm/i/purple-mushroom/,Purple Mushroom,icon_found,observed,https://farmrpg.com/img/items/woodblewit.png,/img/items/woodblewit.png,woodblewit.png,woodblewit,,,Observed from cached Buddy page-data item image; review before asset download or canonical promotion.
Purple Ornament,purple ornament,purple-ornament,https://buddy.farm/i/purple-ornament/,Purple Ornament,icon_found,observed,https://farmrpg.com/img/items/cr_t_03_b.png,/img/items/cr_t_03_b.png,cr_t_03_b.png,cr_t_03_b,,,Observed from cached Buddy page-data item image; review before asset download or canonical promotion.
Purple Parchment,purple parchment,purple-parchment,https://buddy.farm/i/purple-parchment/,Purple Parchment,icon_found,observed,https://farmrpg.com/img/items/5755.PNG,/img/items/5755.PNG,5755.PNG,5755,5755,,Observed from cached Buddy page-data item image; review before asset download or canonical promotion.
Purple Shirt,purple shirt,purple-shirt,https://buddy.farm/i/purple-shirt/,Purple Shirt,icon_found,observed,https://farmrpg.com/img/items/purpleshirt.png,/img/items/purpleshirt.png,purpleshirt.png,purpleshirt,,,Observed from cached Buddy page-data item image; review before asset download or canonical promotion.
Purple Twine,purple twine,purple-twine,https://buddy.farm/i/purple-twine/,Purple Twine,icon_found,observed,https://farmrpg.com/img/items/purpletwine.png,/img/items/purpletwine.png,purpletwine.png,purpletwine,,,Observed from cached Buddy page-data item image; review before asset download or canonical promotion.
Pyredrop,pyredrop,pyredrop,https://buddy.farm/i/pyredrop/,Pyredrop,icon_found,observed,https://farmrpg.com/img/items/pyredrop.png,/img/items/pyredrop.png,pyredrop.png,pyredrop,,,Observed from cached Buddy page-data item image; review before asset download or canonical promotion.
Pyrite,pyrite,pyrite,https://buddy.farm/i/pyrite/,Pyrite,icon_found,observed,https://farmrpg.com/img/items/pyrite.png,/img/items/pyrite.png,pyrite.png,pyrite,,,Observed from cached Buddy page-data item image; review before asset download or canonical promotion.
QED Cell,qed cell,qed-cell,https://buddy.farm/i/qed-cell/,QED Cell,icon_found,observed,https://farmrpg.com/img/items/battery_t_01.png,/img/items/battery_t_01.png,battery_t_01.png,battery_t_01,,,Observed from cached Buddy page-data item image; review before asset download or canonical promotion.
QED Pack,qed pack,qed-pack,https://buddy.farm/i/qed-pack/,QED Pack,icon_found,observed,https://farmrpg.com/img/items/149.png,/img/items/149.png,149.png,149,149,,Observed from cached Buddy page-data item image; review before asset download or canonical promotion.
Quandary Chowder,quandary chowder,quandary-chowder,https://buddy.farm/i/quandary-chowder/,Quandary Chowder,icon_found,observed,https://farmrpg.com/img/items/corngreens.png,/img/items/corngreens.png,corngreens.png,corngreens,,,Observed from cached Buddy page-data item image; review before asset download or canonical promotion.
Quicksilver's Ring,quicksilver s ring,quicksilver-s-ring,https://buddy.farm/i/quicksilver-s-ring/,Quicksilver's Ring,icon_found,observed,https://farmrpg.com/img/items/viri_3369b.png,/img/items/viri_3369b.png,viri_3369b.png,viri_3369b,,,Observed from cached Buddy page-data item image; review before asset download or canonical promotion.
Radish,radish,radish,https://buddy.farm/i/radish/,Radish,icon_found,observed,https://farmrpg.com/img/items/radish.png?1,/img/items/radish.png,radish.png,radish,,,Observed from cached Buddy page-data item image; review before asset download or canonical promotion.
Radish Seeds,radish seeds,radish-seeds,https://buddy.farm/i/radish-seeds/,Radish Seeds,icon_found,observed,https://farmrpg.com/img/items/seeds_radish.png,/img/items/seeds_radish.png,seeds_radish.png,seeds_radish,,,Observed from cached Buddy page-data item image; review before asset download or canonical promotion.
Raffle Ticket,raffle ticket,raffle-ticket,https://buddy.farm/i/raffle-ticket/,Raffle Ticket,icon_found,observed,https://farmrpg.com/img/items/raffleticket.png,/img/items/raffleticket.png,raffleticket.png,raffleticket,,,Observed from cached Buddy page-data item image; review before asset download or canonical promotion.
Ram Skull 01,ram skull 01,ram-skull-01,https://buddy.farm/i/ram-skull-01/,Ram Skull 01,icon_found,observed,https://farmrpg.com/img/items/1137.png,/img/items/1137.png,1137.png,1137,1137,,Observed from cached Buddy page-data item image; review before asset download or canonical promotion.
Ramjoram's Mask,ramjoram s mask,ramjoram-s-mask,https://buddy.farm/i/ramjoram-s-mask/,Ramjoram's Mask,icon_found,observed,https://farmrpg.com/img/items/ramjorammask.png,/img/items/ramjorammask.png,ramjorammask.png,ramjorammask,,,Observed from cached Buddy page-data item image; review before asset download or canonical promotion.
Raptor Chicken Egg,raptor chicken egg,raptor-chicken-egg,https://buddy.farm/i/raptor-chicken-egg/,Raptor Chicken Egg,icon_found,observed,https://farmrpg.com/img/items/raptor_chicken_egg.png,/img/items/raptor_chicken_egg.png,raptor_chicken_egg.png,raptor_chicken_egg,,,Observed from cached Buddy page-data item image; review before asset download or canonical promotion.
Raptor Claw,raptor claw,raptor-claw,https://buddy.farm/i/raptor-claw/,Raptor Claw,icon_found,observed,https://farmrpg.com/img/items/raptor.png,/img/items/raptor.png,raptor.png,raptor,,,Observed from cached Buddy page-data item image; review before asset download or canonical promotion.
Raptor Egg,raptor egg,raptor-egg,https://buddy.farm/i/raptor-egg/,Raptor Egg,icon_found,observed,https://farmrpg.com/img/items/raptoregg.png,/img/items/raptoregg.png,raptoregg.png,raptoregg,,,Observed from cached Buddy page-data item image; review before asset download or canonical promotion.
Raptor Wrangler Belt,raptor wrangler belt,raptor-wrangler-belt,https://buddy.farm/i/raptor-wrangler-belt/,Raptor Wrangler Belt,icon_found,observed,https://farmrpg.com/img/items/rwb.png,/img/items/rwb.png,rwb.png,rwb,,,Observed from cached Buddy page-data item image; review before asset download or canonical promotion.
Raw Meat,raw meat,raw-meat,https://buddy.farm/i/raw-meat/,Raw Meat,icon_found,observed,https://farmrpg.com/img/items/rawmeat.png,/img/items/rawmeat.png,rawmeat.png,rawmeat,,,Observed from cached Buddy page-data item image; review before asset download or canonical promotion.
Re'taw,re taw,re-taw,https://buddy.farm/i/re-taw/,Re'taw,icon_found,observed,https://farmrpg.com/img/items/4696.png,/img/items/4696.png,4696.png,4696,4696,,Observed from cached Buddy page-data item image; review before asset download or canonical promotion.
Re'taw Pail,re taw pail,re-taw-pail,https://buddy.farm/i/re-taw-pail/,Re'taw Pail,icon_found,observed,https://farmrpg.com/img/items/8263w.PNG?1,/img/items/8263w.PNG,8263w.PNG,8263w,,,Observed from cached Buddy page-data item image; review before asset download or canonical promotion.
Reaver Claw,reaver claw,reaver-claw,https://buddy.farm/i/reaver-claw/,Reaver Claw,icon_found,observed,https://farmrpg.com/img/items/293.png,/img/items/293.png,293.png,293,293,,Observed from cached Buddy page-data item image; review before asset download or canonical promotion.
Red Berries,red berries,red-berries,https://buddy.farm/i/red-berries/,Red Berries,icon_found,observed,https://farmrpg.com/img/items/ForestIcons_46_t.png,/img/items/ForestIcons_46_t.png,ForestIcons_46_t.png,ForestIcons_46_t,,,Observed from cached Buddy page-data item image; review before asset download or canonical promotion.
Red Berry Pie,red berry pie,red-berry-pie,https://buddy.farm/i/red-berry-pie/,Red Berry Pie,icon_found,observed,https://farmrpg.com/img/items/pie1.png?1,/img/items/pie1.png,pie1.png,pie1,,,Observed from cached Buddy page-data item image; review before asset download or canonical promotion.
Red Brick,red brick,red-brick,https://buddy.farm/i/red-brick/,Red Brick,icon_found,observed,https://farmrpg.com/img/items/redbrick2.png,/img/items/redbrick2.png,redbrick2.png,redbrick2,,,Observed from cached Buddy page-data item image; review before asset download or canonical promotion.
Red Butterfly,red butterfly,red-butterfly,https://buddy.farm/i/red-butterfly/,Red Butterfly,icon_found,observed,https://farmrpg.com/img/items/afk_8578r.png,/img/items/afk_8578r.png,afk_8578r.png,afk_8578r,,,Observed from cached Buddy page-data item image; review before asset download or canonical promotion.
Red Diamond Fish,red diamond fish,red-diamond-fish,https://buddy.farm/i/red-diamond-fish/,Red Diamond Fish,icon_found,observed,https://farmrpg.com/img/items/reddfish.png,/img/items/reddfish.png,reddfish.png,reddfish,,,Observed from cached Buddy page-data item image; review before asset download or canonical promotion.
Red Diary,red diary,red-diary,https://buddy.farm/i/red-diary/,Red Diary,icon_found,observed,https://farmrpg.com/img/items/reddiary.png,/img/items/reddiary.png,reddiary.png,reddiary,,,Observed from cached Buddy page-data item image; review before asset download or canonical promotion.
Red Dye,red dye,red-dye,https://buddy.farm/i/red-dye/,Red Dye,icon_found,observed,https://farmrpg.com/img/items/reddye.png,/img/items/reddye.png,reddye.png,reddye,,,Observed from cached Buddy page-data item image; review before asset download or canonical promotion.
Red Envelope,red envelope,red-envelope,https://buddy.farm/i/red-envelope/,Red Envelope,icon_found,observed,https://farmrpg.com/img/items/redletter.png,/img/items/redletter.png,redletter.png,redletter,,,Observed from cached Buddy page-data item image; review before asset download or canonical promotion.
Red Flowers,red flowers,red-flowers,https://buddy.farm/i/red-flowers/,Red Flowers,icon_found,observed,https://farmrpg.com/img/items/rflowers.png,/img/items/rflowers.png,rflowers.png,rflowers,,,Observed from cached Buddy page-data item image; review before asset download or canonical promotion.
Red Mushrooms,red mushrooms,red-mushrooms,https://buddy.farm/i/red-mushrooms/,Red Mushrooms,icon_found,observed,https://farmrpg.com/img/items/redmushrooms.png,/img/items/redmushrooms.png,redmushrooms.png,redmushrooms,,,Observed from cached Buddy page-data item image; review before asset download or canonical promotion.
Red Ornament,red ornament,red-ornament,https://buddy.farm/i/red-ornament/,Red Ornament,icon_found,observed,https://farmrpg.com/img/items/cr_t_03.png,/img/items/cr_t_03.png,cr_t_03.png,cr_t_03,,,Observed from cached Buddy page-data item image; review before asset download or canonical promotion.
Red Parchment,red parchment,red-parchment,https://buddy.farm/i/red-parchment/,Red Parchment,icon_found,observed,https://farmrpg.com/img/items/redparchment.png,/img/items/redparchment.png,redparchment.png,redparchment,,,Observed from cached Buddy page-data item image; review before asset download or canonical promotion.
Red Rocket,red rocket,red-rocket,https://buddy.farm/i/red-rocket/,Red Rocket,icon_found,observed,https://farmrpg.com/img/items/redrocket.png,/img/items/redrocket.png,redrocket.png,redrocket,,,Observed from cached Buddy page-data item image; review before asset download or canonical promotion.
Red Scarf,red scarf,red-scarf,https://buddy.farm/i/red-scarf/,Red Scarf,icon_found,observed,https://farmrpg.com/img/items/redscarf.png,/img/items/redscarf.png,redscarf.png,redscarf,,,Observed from cached Buddy page-data item image; review before asset download or canonical promotion.
Red Shield,red shield,red-shield,https://buddy.farm/i/red-shield/,Red Shield,icon_found,observed,https://farmrpg.com/img/items/redshield.png,/img/items/redshield.png,redshield.png,redshield,,,Observed from cached Buddy page-data item image; review before asset download or canonical promotion.
Red Shirt,red shirt,red-shirt,https://buddy.farm/i/red-shirt/,Red Shirt,icon_found,observed,https://farmrpg.com/img/items/redshirt.png,/img/items/redshirt.png,redshirt.png,redshirt,,,Observed from cached Buddy page-data item image; review before asset download or canonical promotion.
Red Starfish,red starfish,red-starfish,https://buddy.farm/i/red-starfish/,Red Starfish,icon_found,observed,https://farmrpg.com/img/items/8814.png?1,/img/items/8814.png,8814.png,8814,8814,,Observed from cached Buddy page-data item image; review before asset download or canonical promotion.
Red Trunk,red trunk,red-trunk,https://buddy.farm/i/red-trunk/,Red Trunk,icon_found,observed,https://farmrpg.com/img/items/1026.png,/img/items/1026.png,1026.png,1026,1026,,Observed from cached Buddy page-data item image; review before asset download or canonical promotion.
Red Twine,red twine,red-twine,https://buddy.farm/i/red-twine/,Red Twine,icon_found,observed,https://farmrpg.com/img/items/1621.png,/img/items/1621.png,1621.png,1621,1621,,Observed from cached Buddy page-data item image; review before asset download or canonical promotion.
Red Velvet Cake,red velvet cake,red-velvet-cake,https://buddy.farm/i/red-velvet-cake/,Red Velvet Cake,icon_found,observed,https://farmrpg.com/img/items/Red_velvet.png,/img/items/Red_velvet.png,Red_velvet.png,Red_velvet,,,Observed from cached Buddy page-data item image; review before asset download or canonical promotion.
Redgill,redgill,redgill,https://buddy.farm/i/redgill/,Redgill,icon_found,observed,https://farmrpg.com/img/items/5182-2.png,/img/items/5182-2.png,5182-2.png,5182-2,,,Observed from cached Buddy page-data item image; review before asset download or canonical promotion.
Refined Corn Quartz,refined corn quartz,refined-corn-quartz,https://buddy.farm/i/refined-corn-quartz/,Refined Corn Quartz,icon_found,observed,https://farmrpg.com/img/items/cornquartz2.png,/img/items/cornquartz2.png,cornquartz2.png,cornquartz2,,,Observed from cached Buddy page-data item image; review before asset download or canonical promotion.
Reindeer Headband,reindeer headband,reindeer-headband,https://buddy.farm/i/reindeer-headband/,Reindeer Headband,icon_found,observed,https://farmrpg.com/img/items/horns.png,/img/items/horns.png,horns.png,horns,,,Observed from cached Buddy page-data item image; review before asset download or canonical promotion.
Reinforced Helmet,reinforced helmet,reinforced-helmet,https://buddy.farm/i/reinforced-helmet/,Reinforced Helmet,icon_found,observed,https://farmrpg.com/img/items/9096.png,/img/items/9096.png,9096.png,9096,9096,,Observed from cached Buddy page-data item image; review before asset download or canonical promotion.
Ric Ryph Bobblehead,ric ryph bobblehead,ric-ryph-bobblehead,https://buddy.farm/i/ric-ryph-bobblehead/,Ric Ryph Bobblehead,icon_found,observed,https://farmrpg.com/img/items/bobble_ric.png,/img/items/bobble_ric.png,bobble_ric.png,bobble_ric,,,Observed from cached Buddy page-data item image; review before asset download or canonical promotion.
Rice,rice,rice,https://buddy.farm/i/rice/,Rice,icon_found,observed,https://farmrpg.com/img/items/rice.png,/img/items/rice.png,rice.png,rice,,,Observed from cached Buddy page-data item image; review before asset download or canonical promotion.
Rice Seeds,rice seeds,rice-seeds,https://buddy.farm/i/rice-seeds/,Rice Seeds,icon_found,observed,https://farmrpg.com/img/items/seeds_rice.png,/img/items/seeds_rice.png,seeds_rice.png,seeds_rice,,,Observed from cached Buddy page-data item image; review before asset download or canonical promotion.
Ring of Renthisj,ring of renthisj,ring-of-renthisj,https://buddy.farm/i/ring-of-renthisj/,Ring of Renthisj,icon_found,observed,https://farmrpg.com/img/items/5466.png,/img/items/5466.png,5466.png,5466,5466,,Observed from cached Buddy page-data item image; review before asset download or canonical promotion.
Roomba Bobblehead,roomba bobblehead,roomba-bobblehead,https://buddy.farm/i/roomba-bobblehead/,Roomba Bobblehead,icon_found,observed,https://farmrpg.com/img/items/bobble_roomba.png,/img/items/bobble_roomba.png,bobble_roomba.png,bobble_roomba,,,Observed from cached Buddy page-data item image; review before asset download or canonical promotion.
Roomba's Over The Moon,roomba s over the moon,roomba-s-over-the-moon,https://buddy.farm/i/roomba-s-over-the-moon/,Roomba's Over The Moon,icon_found,observed,https://farmrpg.com/img/items/recipe.png,/img/items/recipe.png,recipe.png,recipe,,,Observed from cached Buddy page-data item image; review before asset download or canonical promotion.
Rope,rope,rope,https://buddy.farm/i/rope/,Rope,icon_found,observed,https://farmrpg.com/img/items/5624.png,/img/items/5624.png,5624.png,5624,5624,,Observed from cached Buddy page-data item image; review before asset download or canonical promotion.
Rosalie Bobblehead,rosalie bobblehead,rosalie-bobblehead,https://buddy.farm/i/rosalie-bobblehead/,Rosalie Bobblehead,icon_found,observed,https://farmrpg.com/img/items/bobble_rosalie.png,/img/items/bobble_rosalie.png,bobble_rosalie.png,bobble_rosalie,,,Observed from cached Buddy page-data item image; review before asset download or canonical promotion.
Rosalie's Beach Tote,rosalie s beach tote,rosalie-s-beach-tote,https://buddy.farm/i/rosalie-s-beach-tote/,Rosalie's Beach Tote,icon_found,observed,https://farmrpg.com/img/items/tote1.png,/img/items/tote1.png,tote1.png,tote1,,,Observed from cached Buddy page-data item image; review before asset download or canonical promotion.
Rosalie's Bone Broth,rosalie s bone broth,rosalie-s-bone-broth,https://buddy.farm/i/rosalie-s-bone-broth/,Rosalie's Bone Broth,icon_found,observed,https://farmrpg.com/img/items/recipe.png,/img/items/recipe.png,recipe.png,recipe,,,Observed from cached Buddy page-data item image; review before asset download or canonical promotion.
Rosalie's Concord Grape Pie,rosalie s concord grape pie,rosalie-s-concord-grape-pie,https://buddy.farm/i/rosalie-s-concord-grape-pie/,Rosalie's Concord Grape Pie,icon_found,observed,https://farmrpg.com/img/items/recipe.png,/img/items/recipe.png,recipe.png,recipe,,,Observed from cached Buddy page-data item image; review before asset download or canonical promotion.
Rosalie's Red Berry Pie,rosalie s red berry pie,rosalie-s-red-berry-pie,https://buddy.farm/i/rosalie-s-red-berry-pie/,Rosalie's Red Berry Pie,icon_found,observed,https://farmrpg.com/img/items/recipe.png,/img/items/recipe.png,recipe.png,recipe,,,Observed from cached Buddy page-data item image; review before asset download or canonical promotion.
Rubber Duckie,rubber duckie,rubber-duckie,https://buddy.farm/i/rubber-duckie/,Rubber Duckie,icon_found,observed,https://farmrpg.com/img/items/ducky.png,/img/items/ducky.png,ducky.png,ducky,,,Observed from cached Buddy page-data item image; review before asset download or canonical promotion.
Ruby,ruby,ruby,https://buddy.farm/i/ruby/,Ruby,icon_found,observed,https://farmrpg.com/img/items/6071.PNG,/img/items/6071.PNG,6071.PNG,6071,6071,,Observed from cached Buddy page-data item image; review before asset download or canonical promotion.
Ruby Coral,ruby coral,ruby-coral,https://buddy.farm/i/ruby-coral/,Ruby Coral,icon_found,observed,https://farmrpg.com/img/items/coral.png,/img/items/coral.png,coral.png,coral,,,Observed from cached Buddy page-data item image; review before asset download or canonical promotion.
Ruby Fish,ruby fish,ruby-fish,https://buddy.farm/i/ruby-fish/,Ruby Fish,icon_found,observed,https://farmrpg.com/img/items/7838.png?1,/img/items/7838.png,7838.png,7838,7838,,Observed from cached Buddy page-data item image; review before asset download or canonical promotion.
Ruby Ring,ruby ring,ruby-ring,https://buddy.farm/i/ruby-ring/,Ruby Ring,icon_found,observed,https://farmrpg.com/img/items/rubyring.png,/img/items/rubyring.png,rubyring.png,rubyring,,,Observed from cached Buddy page-data item image; review before asset download or canonical promotion.
Ruby Scorpion,ruby scorpion,ruby-scorpion,https://buddy.farm/i/ruby-scorpion/,Ruby Scorpion,icon_found,observed,https://farmrpg.com/img/items/4514.png,/img/items/4514.png,4514.png,4514,4514,,Observed from cached Buddy page-data item image; review before asset download or canonical promotion.
Rucksack,rucksack,rucksack,https://buddy.farm/i/rucksack/,Rucksack,icon_found,observed,https://farmrpg.com/img/items/rucksack2.png,/img/items/rucksack2.png,rucksack2.png,rucksack2,,,Observed from cached Buddy page-data item image; review before asset download or canonical promotion.
Rudolph,rudolph,rudolph,https://buddy.farm/i/rudolph/,Rudolph,icon_found,observed,https://farmrpg.com/img/items/rudolph.png,/img/items/rudolph.png,rudolph.png,rudolph,,,Observed from cached Buddy page-data item image; review before asset download or canonical promotion.
Rudolph Buddy Doll,rudolph buddy doll,rudolph-buddy-doll,https://buddy.farm/i/rudolph-buddy-doll/,Rudolph Buddy Doll,icon_found,observed,https://farmrpg.com/img/items/rbuddy.png,/img/items/rbuddy.png,rbuddy.png,rbuddy,,,Observed from cached Buddy page-data item image; review before asset download or canonical promotion.
Rune Dice,rune dice,rune-dice,https://buddy.farm/i/rune-dice/,Rune Dice,icon_found,observed,https://farmrpg.com/img/items/1931.png,/img/items/1931.png,1931.png,1931,1931,,Observed from cached Buddy page-data item image; review before asset download or canonical promotion.
Rune Shard,rune shard,rune-shard,https://buddy.farm/i/rune-shard/,Rune Shard,icon_found,observed,https://farmrpg.com/img/items/3476.png,/img/items/3476.png,3476.png,3476,3476,,Observed from cached Buddy page-data item image; review before asset download or canonical promotion.
Runecorn,runecorn,runecorn,https://buddy.farm/i/runecorn/,Runecorn,icon_found,observed,https://farmrpg.com/img/items/runecorn.png,/img/items/runecorn.png,runecorn.png,runecorn,,,Observed from cached Buddy page-data item image; review before asset download or canonical promotion.
Runecube,runecube,runecube,https://buddy.farm/i/runecube/,Runecube,icon_found,observed,https://farmrpg.com/img/items/2099.png,/img/items/2099.png,2099.png,2099,2099,,Observed from cached Buddy page-data item image; review before asset download or canonical promotion.
Runestone 01,runestone 01,runestone-01,https://buddy.farm/i/runestone-01/,Runestone 01,icon_found,observed,https://farmrpg.com/img/items/rs1.png,/img/items/rs1.png,rs1.png,rs1,,,Observed from cached Buddy page-data item image; review before asset download or canonical promotion.
Runestone 02,runestone 02,runestone-02,https://buddy.farm/i/runestone-02/,Runestone 02,icon_found,observed,https://farmrpg.com/img/items/rs2.png,/img/items/rs2.png,rs2.png,rs2,,,Observed from cached Buddy page-data item image; review before asset download or canonical promotion.
Runestone 03,runestone 03,runestone-03,https://buddy.farm/i/runestone-03/,Runestone 03,icon_found,observed,https://farmrpg.com/img/items/rs3.png,/img/items/rs3.png,rs3.png,rs3,,,Observed from cached Buddy page-data item image; review before asset download or canonical promotion.
Runestone 04,runestone 04,runestone-04,https://buddy.farm/i/runestone-04/,Runestone 04,icon_found,observed,https://farmrpg.com/img/items/rs4.png,/img/items/rs4.png,rs4.png,rs4,,,Observed from cached Buddy page-data item image; review before asset download or canonical promotion.
Runestone 05,runestone 05,runestone-05,https://buddy.farm/i/runestone-05/,Runestone 05,icon_found,observed,https://farmrpg.com/img/items/rs5.png,/img/items/rs5.png,rs5.png,rs5,,,Observed from cached Buddy page-data item image; review before asset download or canonical promotion.
Runestone 06,runestone 06,runestone-06,https://buddy.farm/i/runestone-06/,Runestone 06,icon_found,observed,https://farmrpg.com/img/items/rs6.png,/img/items/rs6.png,rs6.png,rs6,,,Observed from cached Buddy page-data item image; review before asset download or canonical promotion.
Runestone 07,runestone 07,runestone-07,https://buddy.farm/i/runestone-07/,Runestone 07,icon_found,observed,https://farmrpg.com/img/items/rs7.png,/img/items/rs7.png,rs7.png,rs7,,,Observed from cached Buddy page-data item image; review before asset download or canonical promotion.
Runestone 08,runestone 08,runestone-08,https://buddy.farm/i/runestone-08/,Runestone 08,icon_found,observed,https://farmrpg.com/img/items/rs8.png,/img/items/rs8.png,rs8.png,rs8,,,Observed from cached Buddy page-data item image; review before asset download or canonical promotion.
Runestone 09,runestone 09,runestone-09,https://buddy.farm/i/runestone-09/,Runestone 09,icon_found,observed,https://farmrpg.com/img/items/rs9.png,/img/items/rs9.png,rs9.png,rs9,,,Observed from cached Buddy page-data item image; review before asset download or canonical promotion.
Runestone 10,runestone 10,runestone-10,https://buddy.farm/i/runestone-10/,Runestone 10,icon_found,observed,https://farmrpg.com/img/items/rs10.png,/img/items/rs10.png,rs10.png,rs10,,,Observed from cached Buddy page-data item image; review before asset download or canonical promotion.
Runestone 11,runestone 11,runestone-11,https://buddy.farm/i/runestone-11/,Runestone 11,icon_found,observed,https://farmrpg.com/img/items/rs11.png?1,/img/items/rs11.png,rs11.png,rs11,,,Observed from cached Buddy page-data item image; review before asset download or canonical promotion.
Runestone 12,runestone 12,runestone-12,https://buddy.farm/i/runestone-12/,Runestone 12,icon_found,observed,https://farmrpg.com/img/items/rs12.png,/img/items/rs12.png,rs12.png,rs12,,,Observed from cached Buddy page-data item image; review before asset download or canonical promotion.
Runestone 13,runestone 13,runestone-13,https://buddy.farm/i/runestone-13/,Runestone 13,icon_found,observed,https://farmrpg.com/img/items/rs13.png,/img/items/rs13.png,rs13.png,rs13,,,Observed from cached Buddy page-data item image; review before asset download or canonical promotion.
Runestone 14,runestone 14,runestone-14,https://buddy.farm/i/runestone-14/,Runestone 14,icon_found,observed,https://farmrpg.com/img/items/rs14.png?1,/img/items/rs14.png,rs14.png,rs14,,,Observed from cached Buddy page-data item image; review before asset download or canonical promotion.
Runestone 15,runestone 15,runestone-15,https://buddy.farm/i/runestone-15/,Runestone 15,icon_found,observed,https://farmrpg.com/img/items/rs15.png,/img/items/rs15.png,rs15.png,rs15,,,Observed from cached Buddy page-data item image; review before asset download or canonical promotion.
Runestone 16,runestone 16,runestone-16,https://buddy.farm/i/runestone-16/,Runestone 16,icon_found,observed,https://farmrpg.com/img/items/rs16.png?1,/img/items/rs16.png,rs16.png,rs16,,,Observed from cached Buddy page-data item image; review before asset download or canonical promotion.
Runestone 17,runestone 17,runestone-17,https://buddy.farm/i/runestone-17/,Runestone 17,icon_found,observed,https://farmrpg.com/img/items/rs17.png,/img/items/rs17.png,rs17.png,rs17,,,Observed from cached Buddy page-data item image; review before asset download or canonical promotion.
Runestone 18,runestone 18,runestone-18,https://buddy.farm/i/runestone-18/,Runestone 18,icon_found,observed,https://farmrpg.com/img/items/rs18.png?1,/img/items/rs18.png,rs18.png,rs18,,,Observed from cached Buddy page-data item image; review before asset download or canonical promotion.
Runestone 19,runestone 19,runestone-19,https://buddy.farm/i/runestone-19/,Runestone 19,icon_found,observed,https://farmrpg.com/img/items/rs19.png?1,/img/items/rs19.png,rs19.png,rs19,,,Observed from cached Buddy page-data item image; review before asset download or canonical promotion.
Runestone 20,runestone 20,runestone-20,https://buddy.farm/i/runestone-20/,Runestone 20,icon_found,observed,https://farmrpg.com/img/items/rs20.png,/img/items/rs20.png,rs20.png,rs20,,,Observed from cached Buddy page-data item image; review before asset download or canonical promotion.
Runestone 23,runestone 23,runestone-23,https://buddy.farm/i/runestone-23/,Runestone 23,icon_found,observed,https://farmrpg.com/img/items/5658.png,/img/items/5658.png,5658.png,5658,5658,,Observed from cached Buddy page-data item image; review before asset download or canonical promotion.
Runestone 27,runestone 27,runestone-27,https://buddy.farm/i/runestone-27/,Runestone 27,icon_found,observed,https://farmrpg.com/img/items/rs27.png,/img/items/rs27.png,rs27.png,rs27,,,Observed from cached Buddy page-data item image; review before asset download or canonical promotion.
Runestone Necklace,runestone necklace,runestone-necklace,https://buddy.farm/i/runestone-necklace/,Runestone Necklace,icon_found,observed,https://farmrpg.com/img/items/pirates_17_t.png,/img/items/pirates_17_t.png,pirates_17_t.png,pirates_17_t,,,Observed from cached Buddy page-data item image; review before asset download or canonical promotion.
Safety Goggles,safety goggles,safety-goggles,https://buddy.farm/i/safety-goggles/,Safety Goggles,icon_found,observed,https://farmrpg.com/img/items/2129.png,/img/items/2129.png,2129.png,2129,2129,,Observed from cached Buddy page-data item image; review before asset download or canonical promotion.
Safety Mask,safety mask,safety-mask,https://buddy.farm/i/safety-mask/,Safety Mask,icon_found,observed,https://farmrpg.com/img/items/2755.png,/img/items/2755.png,2755.png,2755,2755,,Observed from cached Buddy page-data item image; review before asset download or canonical promotion.
Safety Pin,safety pin,safety-pin,https://buddy.farm/i/safety-pin/,Safety Pin,icon_found,observed,https://farmrpg.com/img/items/pin_t_01.png,/img/items/pin_t_01.png,pin_t_01.png,pin_t_01,,,Observed from cached Buddy page-data item image; review before asset download or canonical promotion.
Sail Cloth,sail cloth,sail-cloth,https://buddy.farm/i/sail-cloth/,Sail Cloth,icon_found,observed,https://farmrpg.com/img/items/2453.png,/img/items/2453.png,2453.png,2453,2453,,Observed from cached Buddy page-data item image; review before asset download or canonical promotion.
Salt,salt,salt,https://buddy.farm/i/salt/,Salt,icon_found,observed,https://farmrpg.com/img/items/salt.png,/img/items/salt.png,salt.png,salt,,,Observed from cached Buddy page-data item image; review before asset download or canonical promotion.
Salt Rock,salt rock,salt-rock,https://buddy.farm/i/salt-rock/,Salt Rock,icon_found,observed,https://farmrpg.com/img/items/saltrock.png,/img/items/saltrock.png,saltrock.png,saltrock,,,Observed from cached Buddy page-data item image; review before asset download or canonical promotion.
Sand,sand,sand,https://buddy.farm/i/sand/,Sand,icon_found,observed,https://farmrpg.com/img/items/am_t_01.png,/img/items/am_t_01.png,am_t_01.png,am_t_01,,,Observed from cached Buddy page-data item image; review before asset download or canonical promotion.
Sand Castle Bucket,sand castle bucket,sand-castle-bucket,https://buddy.farm/i/sand-castle-bucket/,Sand Castle Bucket,icon_found,observed,https://farmrpg.com/img/items/sand_castle_bucket.png,/img/items/sand_castle_bucket.png,sand_castle_bucket.png,sand_castle_bucket,,,Observed from cached Buddy page-data item image; review before asset download or canonical promotion.
Sand Dollar,sand dollar,sand-dollar,https://buddy.farm/i/sand-dollar/,Sand Dollar,icon_found,observed,https://farmrpg.com/img/items/sanddollar.png?1,/img/items/sanddollar.png,sanddollar.png,sanddollar,,,Observed from cached Buddy page-data item image; review before asset download or canonical promotion.
Sand Shovel,sand shovel,sand-shovel,https://buddy.farm/i/sand-shovel/,Sand Shovel,icon_found,observed,https://farmrpg.com/img/items/sand_shovel.png,/img/items/sand_shovel.png,sand_shovel.png,sand_shovel,,,Observed from cached Buddy page-data item image; review before asset download or canonical promotion.
Sandstone,sandstone,sandstone,https://buddy.farm/i/sandstone/,Sandstone,icon_found,observed,https://farmrpg.com/img/items/5197.png,/img/items/5197.png,5197.png,5197,5197,,Observed from cached Buddy page-data item image; review before asset download or canonical promotion.
Santa Bobblehead,santa bobblehead,santa-bobblehead,https://buddy.farm/i/santa-bobblehead/,Santa Bobblehead,icon_found,observed,https://farmrpg.com/img/items/bobble_santa.png,/img/items/bobble_santa.png,bobble_santa.png,bobble_santa,,,Observed from cached Buddy page-data item image; review before asset download or canonical promotion.
Santa Buddy Doll,santa buddy doll,santa-buddy-doll,https://buddy.farm/i/santa-buddy-doll/,Santa Buddy Doll,icon_found,observed,https://farmrpg.com/img/items/sbuddy.png,/img/items/sbuddy.png,sbuddy.png,sbuddy,,,Observed from cached Buddy page-data item image; review before asset download or canonical promotion.
Santa Hat,santa hat,santa-hat,https://buddy.farm/i/santa-hat/,Santa Hat,icon_found,observed,https://farmrpg.com/img/items/cr_t_04.png,/img/items/cr_t_04.png,cr_t_04.png,cr_t_04,,,Observed from cached Buddy page-data item image; review before asset download or canonical promotion.
Santa's Travel Belt,santa s travel belt,santa-s-travel-belt,https://buddy.farm/i/santa-s-travel-belt/,Santa's Travel Belt,icon_found,observed,https://farmrpg.com/img/items/487.png,/img/items/487.png,487.png,487,487,,Observed from cached Buddy page-data item image; review before asset download or canonical promotion.
Sappy Christmas Card,sappy christmas card,sappy-christmas-card,https://buddy.farm/i/sappy-christmas-card/,Sappy Christmas Card,icon_found,observed,https://farmrpg.com/img/items/card_sappy.png,/img/items/card_sappy.png,card_sappy.png,card_sappy,,,Observed from cached Buddy page-data item image; review before asset download or canonical promotion.
School Buddy Doll,school buddy doll,school-buddy-doll,https://buddy.farm/i/school-buddy-doll/,School Buddy Doll,icon_found,observed,https://farmrpg.com/img/items/back_to_school_buddy_doll.png,/img/items/back_to_school_buddy_doll.png,back_to_school_buddy_doll.png,back_to_school_buddy_doll,,,Observed from cached Buddy page-data item image; review before asset download or canonical promotion.
Schoolbook,schoolbook,schoolbook,https://buddy.farm/i/schoolbook/,Schoolbook,icon_found,observed,https://farmrpg.com/img/items/book_t_01.png?1,/img/items/book_t_01.png,book_t_01.png,book_t_01,,,Observed from cached Buddy page-data item image; review before asset download or canonical promotion.
Scissors,scissors,scissors,https://buddy.farm/i/scissors/,Scissors,icon_found,observed,https://farmrpg.com/img/items/scissors.png,/img/items/scissors.png,scissors.png,scissors,,,Observed from cached Buddy page-data item image; review before asset download or canonical promotion.
Scrap Cloth,scrap cloth,scrap-cloth,https://buddy.farm/i/scrap-cloth/,Scrap Cloth,icon_found,observed,https://farmrpg.com/img/items/1529.png,/img/items/1529.png,1529.png,1529,1529,,Observed from cached Buddy page-data item image; review before asset download or canonical promotion.
Scrap Metal,scrap metal,scrap-metal,https://buddy.farm/i/scrap-metal/,Scrap Metal,icon_found,observed,https://farmrpg.com/img/items/9383.PNG,/img/items/9383.PNG,9383.PNG,9383,9383,,Observed from cached Buddy page-data item image; review before asset download or canonical promotion.
Scrap Wire,scrap wire,scrap-wire,https://buddy.farm/i/scrap-wire/,Scrap Wire,icon_found,observed,https://farmrpg.com/img/items/9398.PNG,/img/items/9398.PNG,9398.PNG,9398,9398,,Observed from cached Buddy page-data item image; review before asset download or canonical promotion.
Scythe of Dewstar,scythe of dewstar,scythe-of-dewstar,https://buddy.farm/i/scythe-of-dewstar/,Scythe of Dewstar,icon_found,observed,https://farmrpg.com/img/items/goldscythe.png,/img/items/goldscythe.png,goldscythe.png,goldscythe,,,Observed from cached Buddy page-data item image; review before asset download or canonical promotion.
Sea Catfish,sea catfish,sea-catfish,https://buddy.farm/i/sea-catfish/,Sea Catfish,icon_found,observed,https://farmrpg.com/img/items/7477.png,/img/items/7477.png,7477.png,7477,7477,,Observed from cached Buddy page-data item image; review before asset download or canonical promotion.
Sea Crest,sea crest,sea-crest,https://buddy.farm/i/sea-crest/,Sea Crest,icon_found,observed,https://farmrpg.com/img/items/seacrest.png,/img/items/seacrest.png,seacrest.png,seacrest,,,Observed from cached Buddy page-data item image; review before asset download or canonical promotion.
Sea Dragon,sea dragon,sea-dragon,https://buddy.farm/i/sea-dragon/,Sea Dragon,icon_found,observed,https://farmrpg.com/img/items/seadragon.png,/img/items/seadragon.png,seadragon.png,seadragon,,,Observed from cached Buddy page-data item image; review before asset download or canonical promotion.
Sea Pincher Special,sea pincher special,sea-pincher-special,https://buddy.farm/i/sea-pincher-special/,Sea Pincher Special,icon_found,observed,https://farmrpg.com/img/items/crabclawsoup.png,/img/items/crabclawsoup.png,crabclawsoup.png,crabclawsoup,,,Observed from cached Buddy page-data item image; review before asset download or canonical promotion.
Sea Turtle,sea turtle,sea-turtle,https://buddy.farm/i/sea-turtle/,Sea Turtle,icon_found,observed,https://farmrpg.com/img/items/afk_8514.png?1,/img/items/afk_8514.png,afk_8514.png,afk_8514,,,Observed from cached Buddy page-data item image; review before asset download or canonical promotion.
Sea Urchin,sea urchin,sea-urchin,https://buddy.farm/i/sea-urchin/,Sea Urchin,icon_found,observed,https://farmrpg.com/img/items/afk_8528.png,/img/items/afk_8528.png,afk_8528.png,afk_8528,,,Observed from cached Buddy page-data item image; review before asset download or canonical promotion.
Seahorse,seahorse,seahorse,https://buddy.farm/i/seahorse/,Seahorse,icon_found,observed,https://farmrpg.com/img/items/8819.png,/img/items/8819.png,8819.png,8819,8819,,Observed from cached Buddy page-data item image; review before asset download or canonical promotion.
Sealed Letter,sealed letter,sealed-letter,https://buddy.farm/i/sealed-letter/,Sealed Letter,icon_found,observed,https://farmrpg.com/img/items/7475.png?1,/img/items/7475.png,7475.png,7475,7475,,Observed from cached Buddy page-data item image; review before asset download or canonical promotion.
Seashell Necklace,seashell necklace,seashell-necklace,https://buddy.farm/i/seashell-necklace/,Seashell Necklace,icon_found,observed,https://farmrpg.com/img/items/shell_necklace.png,/img/items/shell_necklace.png,shell_necklace.png,shell_necklace,,,Observed from cached Buddy page-data item image; review before asset download or canonical promotion.
Seaweed,seaweed,seaweed,https://buddy.farm/i/seaweed/,Seaweed,icon_found,observed,https://farmrpg.com/img/items/fishing_75_t.png,/img/items/fishing_75_t.png,fishing_75_t.png,fishing_75_t,,,Observed from cached Buddy page-data item image; review before asset download or canonical promotion.
Seeing Stone,seeing stone,seeing-stone,https://buddy.farm/i/seeing-stone/,Seeing Stone,icon_found,observed,https://farmrpg.com/img/items/5557.png?4,/img/items/5557.png,5557.png,5557,5557,,Observed from cached Buddy page-data item image; review before asset download or canonical promotion.
Seeker,seeker,seeker,https://buddy.farm/i/seeker/,Seeker,icon_found,observed,https://farmrpg.com/img/items/seeker.png,/img/items/seeker.png,seeker.png,seeker,,,Observed from cached Buddy page-data item image; review before asset download or canonical promotion.
Serpent Eel,serpent eel,serpent-eel,https://buddy.farm/i/serpent-eel/,Serpent Eel,icon_found,observed,https://farmrpg.com/img/items/7817.png,/img/items/7817.png,7817.png,7817,7817,,Observed from cached Buddy page-data item image; review before asset download or canonical promotion.
Serpent of Trym,serpent of trym,serpent-of-trym,https://buddy.farm/i/serpent-of-trym/,Serpent of Trym,icon_found,observed,https://farmrpg.com/img/items/3320.png,/img/items/3320.png,3320.png,3320,3320,,Observed from cached Buddy page-data item image; review before asset download or canonical promotion.
Sewing Needle,sewing needle,sewing-needle,https://buddy.farm/i/sewing-needle/,Sewing Needle,icon_found,observed,https://farmrpg.com/img/items/needle.png,/img/items/needle.png,needle.png,needle,,,Observed from cached Buddy page-data item image; review before asset download or canonical promotion.
Shadow Bloom,shadow bloom,shadow-bloom,https://buddy.farm/i/shadow-bloom/,Shadow Bloom,icon_found,observed,https://farmrpg.com/img/items/blackflower.png,/img/items/blackflower.png,blackflower.png,blackflower,,,Observed from cached Buddy page-data item image; review before asset download or canonical promotion.
Shamrock Milk,shamrock milk,shamrock-milk,https://buddy.farm/i/shamrock-milk/,Shamrock Milk,icon_found,observed,https://farmrpg.com/img/items/shamrock_milk.png,/img/items/shamrock_milk.png,shamrock_milk.png,shamrock_milk,,,Observed from cached Buddy page-data item image; review before asset download or canonical promotion.
Shark Jaws,shark jaws,shark-jaws,https://buddy.farm/i/shark-jaws/,Shark Jaws,icon_found,observed,https://farmrpg.com/img/items/370.png,/img/items/370.png,370.png,370,370,,Observed from cached Buddy page-data item image; review before asset download or canonical promotion.
Shark Tooth,shark tooth,shark-tooth,https://buddy.farm/i/shark-tooth/,Shark Tooth,icon_found,observed,https://farmrpg.com/img/items/sharktooth.png,/img/items/sharktooth.png,sharktooth.png,sharktooth,,,Observed from cached Buddy page-data item image; review before asset download or canonical promotion.
Shillelagh,shillelagh,shillelagh,https://buddy.farm/i/shillelagh/,Shillelagh,icon_found,observed,https://farmrpg.com/img/items/irishstick.png,/img/items/irishstick.png,irishstick.png,irishstick,,,Observed from cached Buddy page-data item image; review before asset download or canonical promotion.
Shimmer Quartz,shimmer quartz,shimmer-quartz,https://buddy.farm/i/shimmer-quartz/,Shimmer Quartz,icon_found,observed,https://farmrpg.com/img/items/5707.PNG,/img/items/5707.PNG,5707.PNG,5707,5707,,Observed from cached Buddy page-data item image; review before asset download or canonical promotion.
Shimmer Ring,shimmer ring,shimmer-ring,https://buddy.farm/i/shimmer-ring/,Shimmer Ring,icon_found,observed,https://farmrpg.com/img/items/shimmertopazring.png,/img/items/shimmertopazring.png,shimmertopazring.png,shimmertopazring,,,Observed from cached Buddy page-data item image; review before asset download or canonical promotion.
Shimmer Stone,shimmer stone,shimmer-stone,https://buddy.farm/i/shimmer-stone/,Shimmer Stone,icon_found,observed,https://farmrpg.com/img/items/5711.PNG,/img/items/5711.PNG,5711.PNG,5711,5711,,Observed from cached Buddy page-data item image; review before asset download or canonical promotion.
Shimmer Topaz,shimmer topaz,shimmer-topaz,https://buddy.farm/i/shimmer-topaz/,Shimmer Topaz,icon_found,observed,https://farmrpg.com/img/items/8055.png,/img/items/8055.png,8055.png,8055,8055,,Observed from cached Buddy page-data item image; review before asset download or canonical promotion.
Shinefish,shinefish,shinefish,https://buddy.farm/i/shinefish/,Shinefish,icon_found,observed,https://farmrpg.com/img/items/fishing_112_t.png,/img/items/fishing_112_t.png,fishing_112_t.png,fishing_112_t,,,Observed from cached Buddy page-data item image; review before asset download or canonical promotion.
Shiny Beetle,shiny beetle,shiny-beetle,https://buddy.farm/i/shiny-beetle/,Shiny Beetle,icon_found,observed,https://farmrpg.com/img/items/beetle.png,/img/items/beetle.png,beetle.png,beetle,,,Observed from cached Buddy page-data item image; review before asset download or canonical promotion.
Shiny Present,shiny present,shiny-present,https://buddy.farm/i/shiny-present/,Shiny Present,icon_found,observed,https://farmrpg.com/img/items/shinypresent.png,/img/items/shinypresent.png,shinypresent.png,shinypresent,,,Observed from cached Buddy page-data item image; review before asset download or canonical promotion.
Ship in a Bottle,ship in a bottle,ship-in-a-bottle,https://buddy.farm/i/ship-in-a-bottle/,Ship in a Bottle,icon_found,observed,https://farmrpg.com/img/items/shipinabottle.png?3,/img/items/shipinabottle.png,shipinabottle.png,shipinabottle,,,Observed from cached Buddy page-data item image; review before asset download or canonical promotion.
Ship Mast,ship mast,ship-mast,https://buddy.farm/i/ship-mast/,Ship Mast,icon_found,observed,https://farmrpg.com/img/items/viri_4089.png,/img/items/viri_4089.png,viri_4089.png,viri_4089,,,Observed from cached Buddy page-data item image; review before asset download or canonical promotion.
Ship Wheel,ship wheel,ship-wheel,https://buddy.farm/i/ship-wheel/,Ship Wheel,icon_found,observed,https://farmrpg.com/img/items/pirates_63_t.png?1,/img/items/pirates_63_t.png,pirates_63_t.png,pirates_63_t,,,Observed from cached Buddy page-data item image; review before asset download or canonical promotion.
Shovel,shovel,shovel,https://buddy.farm/i/shovel/,Shovel,icon_found,observed,https://farmrpg.com/img/items/5853.png?1,/img/items/5853.png,5853.png,5853,5853,,Observed from cached Buddy page-data item image; review before asset download or canonical promotion.
Shrimp,shrimp,shrimp,https://buddy.farm/i/shrimp/,Shrimp,icon_found,observed,https://farmrpg.com/img/items/7844.PNG,/img/items/7844.PNG,7844.PNG,7844,7844,,Observed from cached Buddy page-data item image; review before asset download or canonical promotion.
Shrimp-a-Plenty,shrimp a plenty,shrimp-a-plenty,https://buddy.farm/i/shrimp-a-plenty/,Shrimp-a-Plenty,icon_found,observed,https://farmrpg.com/img/items/shrimpgreensmix.png,/img/items/shrimpgreensmix.png,shrimpgreensmix.png,shrimpgreensmix,,,Observed from cached Buddy page-data item image; review before asset download or canonical promotion.
Silk,silk,silk,https://buddy.farm/i/silk/,Silk,icon_found,observed,https://farmrpg.com/img/items/silk.png,/img/items/silk.png,silk.png,silk,,,Observed from cached Buddy page-data item image; review before asset download or canonical promotion.
Sinkroot,sinkroot,sinkroot,https://buddy.farm/i/sinkroot/,Sinkroot,icon_found,observed,https://farmrpg.com/img/items/3488.png,/img/items/3488.png,3488.png,3488,3488,,Observed from cached Buddy page-data item image; review before asset download or canonical promotion.
Skeleton Key,skeleton key,skeleton-key,https://buddy.farm/i/skeleton-key/,Skeleton Key,icon_found,observed,https://farmrpg.com/img/items/skelkey.png,/img/items/skelkey.png,skelkey.png,skelkey,,,Observed from cached Buddy page-data item image; review before asset download or canonical promotion.
Skipjack,skipjack,skipjack,https://buddy.farm/i/skipjack/,Skipjack,icon_found,observed,https://farmrpg.com/img/items/7790.png,/img/items/7790.png,7790.png,7790,7790,,Observed from cached Buddy page-data item image; review before asset download or canonical promotion.
Skull Coin,skull coin,skull-coin,https://buddy.farm/i/skull-coin/,Skull Coin,icon_found,observed,https://farmrpg.com/img/items/7286.png,/img/items/7286.png,7286.png,7286,7286,,Observed from cached Buddy page-data item image; review before asset download or canonical promotion.
Skull-in-the-box,skull in the box,skull-in-the-box,https://buddy.farm/i/skull-in-the-box/,Skull-in-the-box,icon_found,observed,https://farmrpg.com/img/items/1584.png,/img/items/1584.png,1584.png,1584,1584,,Observed from cached Buddy page-data item image; review before asset download or canonical promotion.
Slime Bucket,slime bucket,slime-bucket,https://buddy.farm/i/slime-bucket/,Slime Bucket,icon_found,observed,https://farmrpg.com/img/items/bucket_of_slime.png,/img/items/bucket_of_slime.png,bucket_of_slime.png,bucket_of_slime,,,Observed from cached Buddy page-data item image; review before asset download or canonical promotion.
Slime Buddy Doll,slime buddy doll,slime-buddy-doll,https://buddy.farm/i/slime-buddy-doll/,Slime Buddy Doll,icon_found,observed,https://farmrpg.com/img/items/slimebuddydoll2.png,/img/items/slimebuddydoll2.png,slimebuddydoll2.png,slimebuddydoll2,,,Observed from cached Buddy page-data item image; review before asset download or canonical promotion.
Slime Egg Shell,slime egg shell,slime-egg-shell,https://buddy.farm/i/slime-egg-shell/,Slime Egg Shell,icon_found,observed,https://farmrpg.com/img/items/afk_8847.png,/img/items/afk_8847.png,afk_8847.png,afk_8847,,,Observed from cached Buddy page-data item image; review before asset download or canonical promotion.
Slimeback,slimeback,slimeback,https://buddy.farm/i/slimeback/,Slimeback,icon_found,observed,https://farmrpg.com/img/items/slimeback.png,/img/items/slimeback.png,slimeback.png,slimeback,,,Observed from cached Buddy page-data item image; review before asset download or canonical promotion.
Slimed Buddy Doll,slimed buddy doll,slimed-buddy-doll,https://buddy.farm/i/slimed-buddy-doll/,Slimed Buddy Doll,icon_found,observed,https://farmrpg.com/img/items/Slimedbusdydoll.png,/img/items/Slimedbusdydoll.png,Slimedbusdydoll.png,Slimedbusdydoll,,,Observed from cached Buddy page-data item image; review before asset download or canonical promotion.
Slimestone,slimestone,slimestone,https://buddy.farm/i/slimestone/,Slimestone,icon_found,observed,https://farmrpg.com/img/items/5655.png,/img/items/5655.png,5655.png,5655,5655,,Observed from cached Buddy page-data item image; review before asset download or canonical promotion.
Sling Blade,sling blade,sling-blade,https://buddy.farm/i/sling-blade/,Sling Blade,icon_found,observed,https://farmrpg.com/img/items/8974.png,/img/items/8974.png,8974.png,8974,8974,,Observed from cached Buddy page-data item image; review before asset download or canonical promotion.
Slobster,slobster,slobster,https://buddy.farm/i/slobster/,Slobster,icon_found,observed,https://farmrpg.com/img/items/goobster.png,/img/items/goobster.png,goobster.png,goobster,,,Observed from cached Buddy page-data item image; review before asset download or canonical promotion.
Small Bolt,small bolt,small-bolt,https://buddy.farm/i/small-bolt/,Small Bolt,icon_found,observed,https://farmrpg.com/img/items/9374.PNG,/img/items/9374.PNG,9374.PNG,9374,9374,,Observed from cached Buddy page-data item image; review before asset download or canonical promotion.
Small Chest 01,small chest 01,small-chest-01,https://buddy.farm/i/small-chest-01/,Small Chest 01,icon_found,observed,https://farmrpg.com/img/items/4493.png,/img/items/4493.png,4493.png,4493,4493,,Observed from cached Buddy page-data item image; review before asset download or canonical promotion.
Small Chest 02,small chest 02,small-chest-02,https://buddy.farm/i/small-chest-02/,Small Chest 02,icon_found,observed,https://farmrpg.com/img/items/4493.png,/img/items/4493.png,4493.png,4493,4493,,Observed from cached Buddy page-data item image; review before asset download or canonical promotion.
Small Flute,small flute,small-flute,https://buddy.farm/i/small-flute/,Small Flute,icon_found,observed,https://farmrpg.com/img/items/5255.png?1,/img/items/5255.png,5255.png,5255,5255,,Observed from cached Buddy page-data item image; review before asset download or canonical promotion.
Small Gear,small gear,small-gear,https://buddy.farm/i/small-gear/,Small Gear,icon_found,observed,https://farmrpg.com/img/items/9388.png,/img/items/9388.png,9388.png,9388,9388,,Observed from cached Buddy page-data item image; review before asset download or canonical promotion.
Small Key,small key,small-key,https://buddy.farm/i/small-key/,Small Key,icon_found,observed,https://farmrpg.com/img/items/basickey.png,/img/items/basickey.png,basickey.png,basickey,,,Observed from cached Buddy page-data item image; review before asset download or canonical promotion.
Small Prawn,small prawn,small-prawn,https://buddy.farm/i/small-prawn/,Small Prawn,icon_found,observed,https://farmrpg.com/img/items/7826.PNG,/img/items/7826.PNG,7826.PNG,7826,7826,,Observed from cached Buddy page-data item image; review before asset download or canonical promotion.
Small Screw,small screw,small-screw,https://buddy.farm/i/small-screw/,Small Screw,icon_found,observed,https://farmrpg.com/img/items/9380.png,/img/items/9380.png,9380.png,9380,9380,,Observed from cached Buddy page-data item image; review before asset download or canonical promotion.
Small Spring,small spring,small-spring,https://buddy.farm/i/small-spring/,Small Spring,icon_found,observed,https://farmrpg.com/img/items/5633.png,/img/items/5633.png,5633.png,5633,5633,,Observed from cached Buddy page-data item image; review before asset download or canonical promotion.
Smart Buddy Doll,smart buddy doll,smart-buddy-doll,https://buddy.farm/i/smart-buddy-doll/,Smart Buddy Doll,icon_found,observed,https://farmrpg.com/img/items/nerdy_buddy_doll.png,/img/items/nerdy_buddy_doll.png,nerdy_buddy_doll.png,nerdy_buddy_doll,,,Observed from cached Buddy page-data item image; review before asset download or canonical promotion.
Snail,snail,snail,https://buddy.farm/i/snail/,Snail,icon_found,observed,https://farmrpg.com/img/items/snail.png,/img/items/snail.png,snail.png,snail,,,Observed from cached Buddy page-data item image; review before asset download or canonical promotion.
Snow Globe,snow globe,snow-globe,https://buddy.farm/i/snow-globe/,Snow Globe,icon_found,observed,https://farmrpg.com/img/items/21_sm.png,/img/items/21_sm.png,21_sm.png,21_sm,,,Observed from cached Buddy page-data item image; review before asset download or canonical promotion.
Snow Shoes,snow shoes,snow-shoes,https://buddy.farm/i/snow-shoes/,Snow Shoes,icon_found,observed,https://farmrpg.com/img/items/snowshoes.png,/img/items/snowshoes.png,snowshoes.png,snowshoes,,,Observed from cached Buddy page-data item image; review before asset download or canonical promotion.
Snowball,snowball,snowball,https://buddy.farm/i/snowball/,Snowball,icon_found,observed,https://farmrpg.com/img/items/cr_t_07.png,/img/items/cr_t_07.png,cr_t_07.png,cr_t_07,,,Observed from cached Buddy page-data item image; review before asset download or canonical promotion.
Snowball Cup,snowball cup,snowball-cup,https://buddy.farm/i/snowball-cup/,Snowball Cup,icon_found,observed,https://farmrpg.com/img/items/snowcup.png,/img/items/snowcup.png,snowcup.png,snowcup,,,Observed from cached Buddy page-data item image; review before asset download or canonical promotion.
Snowflakes,snowflakes,snowflakes,https://buddy.farm/i/snowflakes/,Snowflakes,icon_found,observed,https://farmrpg.com/img/items/snowflakes.png,/img/items/snowflakes.png,snowflakes.png,snowflakes,,,Observed from cached Buddy page-data item image; review before asset download or canonical promotion.
Snowman,snowman,snowman,https://buddy.farm/i/snowman/,Snowman,icon_found,observed,https://farmrpg.com/img/items/cr_t_08.png,/img/items/cr_t_08.png,cr_t_08.png,cr_t_08,,,Observed from cached Buddy page-data item image; review before asset download or canonical promotion.
Snowman Buddy Doll,snowman buddy doll,snowman-buddy-doll,https://buddy.farm/i/snowman-buddy-doll/,Snowman Buddy Doll,icon_found,observed,https://farmrpg.com/img/items/Snowman_Buddy_doll.png,/img/items/Snowman_Buddy_doll.png,Snowman_Buddy_doll.png,Snowman_Buddy_doll,,,Observed from cached Buddy page-data item image; review before asset download or canonical promotion.
Soap,soap,soap,https://buddy.farm/i/soap/,Soap,icon_found,observed,https://farmrpg.com/img/items/soap_r.png,/img/items/soap_r.png,soap_r.png,soap_r,,,Observed from cached Buddy page-data item image; review before asset download or canonical promotion.
Sol Orb,sol orb,sol-orb,https://buddy.farm/i/sol-orb/,Sol Orb,icon_found,observed,https://farmrpg.com/img/items/solorb.png,/img/items/solorb.png,solorb.png,solorb,,,Observed from cached Buddy page-data item image; review before asset download or canonical promotion.
Sombrero,sombrero,sombrero,https://buddy.farm/i/sombrero/,Sombrero,icon_found,observed,https://farmrpg.com/img/items/sombrero.png,/img/items/sombrero.png,sombrero.png,sombrero,,,Observed from cached Buddy page-data item image; review before asset download or canonical promotion.
Sour Root,sour root,sour-root,https://buddy.farm/i/sour-root/,Sour Root,icon_found,observed,https://farmrpg.com/img/items/ForestIcons_11_t.png,/img/items/ForestIcons_11_t.png,ForestIcons_11_t.png,ForestIcons_11_t,,,Observed from cached Buddy page-data item image; review before asset download or canonical promotion.
Spades,spades,spades,https://buddy.farm/i/spades/,Spades,icon_found,observed,https://farmrpg.com/img/items/card_spades.png,/img/items/card_spades.png,card_spades.png,card_spades,,,Observed from cached Buddy page-data item image; review before asset download or canonical promotion.
Speckled Grouper,speckled grouper,speckled-grouper,https://buddy.farm/i/speckled-grouper/,Speckled Grouper,icon_found,observed,https://farmrpg.com/img/items/3281.png,/img/items/3281.png,3281.png,3281,3281,,Observed from cached Buddy page-data item image; review before asset download or canonical promotion.
Spectacles,spectacles,spectacles,https://buddy.farm/i/spectacles/,Spectacles,icon_found,observed,https://farmrpg.com/img/items/5392.png,/img/items/5392.png,5392.png,5392,5392,,Observed from cached Buddy page-data item image; review before asset download or canonical promotion.
Spider,spider,spider,https://buddy.farm/i/spider/,Spider,icon_found,observed,https://farmrpg.com/img/items/spiderbutcutererr.png,/img/items/spiderbutcutererr.png,spiderbutcutererr.png,spiderbutcutererr,,,Observed from cached Buddy page-data item image; review before asset download or canonical promotion.
Spiked Shell,spiked shell,spiked-shell,https://buddy.farm/i/spiked-shell/,Spiked Shell,icon_found,observed,https://farmrpg.com/img/items/spikey.png,/img/items/spikey.png,spikey.png,spikey,,,Observed from cached Buddy page-data item image; review before asset download or canonical promotion.
Spiky Bracelet,spiky bracelet,spiky-bracelet,https://buddy.farm/i/spiky-bracelet/,Spiky Bracelet,icon_found,observed,https://farmrpg.com/img/items/5175.png,/img/items/5175.png,5175.png,5175,5175,,Observed from cached Buddy page-data item image; review before asset download or canonical promotion.
Spiral Shell,spiral shell,spiral-shell,https://buddy.farm/i/spiral-shell/,Spiral Shell,icon_found,observed,https://farmrpg.com/img/items/7878.png,/img/items/7878.png,7878.png,7878,7878,,Observed from cached Buddy page-data item image; review before asset download or canonical promotion.
Splatfish,splatfish,splatfish,https://buddy.farm/i/splatfish/,Splatfish,icon_found,observed,https://farmrpg.com/img/items/splatterfish.png,/img/items/splatterfish.png,splatterfish.png,splatterfish,,,Observed from cached Buddy page-data item image; review before asset download or canonical promotion.
Sponge,sponge,sponge,https://buddy.farm/i/sponge/,Sponge,icon_found,observed,https://farmrpg.com/img/items/sponge.png?3,/img/items/sponge.png,sponge.png,sponge,,,Observed from cached Buddy page-data item image; review before asset download or canonical promotion.
Spooky Cookies,spooky cookies,spooky-cookies,https://buddy.farm/i/spooky-cookies/,Spooky Cookies,icon_found,observed,https://farmrpg.com/img/items/854.png,/img/items/854.png,854.png,854,854,,Observed from cached Buddy page-data item image; review before asset download or canonical promotion.
Spooky Doll,spooky doll,spooky-doll,https://buddy.farm/i/spooky-doll/,Spooky Doll,icon_found,observed,https://farmrpg.com/img/items/3827.png,/img/items/3827.png,3827.png,3827,3827,,Observed from cached Buddy page-data item image; review before asset download or canonical promotion.
Spooky Pie,spooky pie,spooky-pie,https://buddy.farm/i/spooky-pie/,Spooky Pie,icon_found,observed,https://farmrpg.com/img/items/923.png,/img/items/923.png,923.png,923,923,,Observed from cached Buddy page-data item image; review before asset download or canonical promotion.
Spooky Scarecrow,spooky scarecrow,spooky-scarecrow,https://buddy.farm/i/spooky-scarecrow/,Spooky Scarecrow,icon_found,observed,https://farmrpg.com/img/items/scarecrow.png,/img/items/scarecrow.png,scarecrow.png,scarecrow,,,Observed from cached Buddy page-data item image; review before asset download or canonical promotion.
Spooky Slime,spooky slime,spooky-slime,https://buddy.farm/i/spooky-slime/,Spooky Slime,icon_found,observed,https://farmrpg.com/img/items/afk_9541.png,/img/items/afk_9541.png,afk_9541.png,afk_9541,,,Observed from cached Buddy page-data item image; review before asset download or canonical promotion.
Spool of Copper,spool of copper,spool-of-copper,https://buddy.farm/i/spool-of-copper/,Spool of Copper,icon_found,observed,https://farmrpg.com/img/items/9324.png,/img/items/9324.png,9324.png,9324,9324,,Observed from cached Buddy page-data item image; review before asset download or canonical promotion.
Spoon,spoon,spoon,https://buddy.farm/i/spoon/,Spoon,icon_found,observed,https://farmrpg.com/img/items/2473.png,/img/items/2473.png,2473.png,2473,2473,,Observed from cached Buddy page-data item image; review before asset download or canonical promotion.
Sporefly,sporefly,sporefly,https://buddy.farm/i/sporefly/,Sporefly,icon_found,observed,https://farmrpg.com/img/items/1916.png,/img/items/1916.png,1916.png,1916,1916,,Observed from cached Buddy page-data item image; review before asset download or canonical promotion.
Spring Bangle,spring bangle,spring-bangle,https://buddy.farm/i/spring-bangle/,Spring Bangle,icon_found,observed,https://farmrpg.com/img/items/615.png,/img/items/615.png,615.png,615,615,,Observed from cached Buddy page-data item image; review before asset download or canonical promotion.
Spring Basket 01,spring basket 01,spring-basket-01,https://buddy.farm/i/spring-basket-01/,Spring Basket 01,icon_found,observed,https://farmrpg.com/img/items/springbasket.png,/img/items/springbasket.png,springbasket.png,springbasket,,,Observed from cached Buddy page-data item image; review before asset download or canonical promotion.
Spring Basket 02,spring basket 02,spring-basket-02,https://buddy.farm/i/spring-basket-02/,Spring Basket 02,icon_found,observed,https://farmrpg.com/img/items/springbasket.png,/img/items/springbasket.png,springbasket.png,springbasket,,,Observed from cached Buddy page-data item image; review before asset download or canonical promotion.
Spring Basket 03,spring basket 03,spring-basket-03,https://buddy.farm/i/spring-basket-03/,Spring Basket 03,icon_found,observed,https://farmrpg.com/img/items/springbasket.png,/img/items/springbasket.png,springbasket.png,springbasket,,,Observed from cached Buddy page-data item image; review before asset download or canonical promotion.
Spring Seeds,spring seeds,spring-seeds,https://buddy.farm/i/spring-seeds/,Spring Seeds,icon_found,observed,https://farmrpg.com/img/items/seeds_spring.png?1,/img/items/seeds_spring.png,seeds_spring.png,seeds_spring,,,Observed from cached Buddy page-data item image; review before asset download or canonical promotion.
Square Key,square key,square-key,https://buddy.farm/i/square-key/,Square Key,icon_found,observed,https://farmrpg.com/img/items/7179.png,/img/items/7179.png,7179.png,7179,7179,,Observed from cached Buddy page-data item image; review before asset download or canonical promotion.
Stack of Cards,stack of cards,stack-of-cards,https://buddy.farm/i/stack-of-cards/,Stack of Cards,icon_found,observed,https://farmrpg.com/img/items/stack_cards.png?2,/img/items/stack_cards.png,stack_cards.png,stack_cards,,,Observed from cached Buddy page-data item image; review before asset download or canonical promotion.
Star,star,star,https://buddy.farm/i/star/,Star,icon_found,observed,https://farmrpg.com/img/items/29_sm.png,/img/items/29_sm.png,29_sm.png,29_sm,,,Observed from cached Buddy page-data item image; review before asset download or canonical promotion.
Star Bobblehead,star bobblehead,star-bobblehead,https://buddy.farm/i/star-bobblehead/,Star Bobblehead,icon_found,observed,https://farmrpg.com/img/items/bobble_star.png,/img/items/bobble_star.png,bobble_star.png,bobble_star,,,Observed from cached Buddy page-data item image; review before asset download or canonical promotion.
Star's Treasure Map,star s treasure map,star-s-treasure-map,https://buddy.farm/i/star-s-treasure-map/,Star's Treasure Map,icon_found,observed,https://farmrpg.com/img/items/starmap1.png,/img/items/starmap1.png,starmap1.png,starmap1,,,Observed from cached Buddy page-data item image; review before asset download or canonical promotion.
Starfish,starfish,starfish,https://buddy.farm/i/starfish/,Starfish,icon_found,observed,https://farmrpg.com/img/items/7821.png,/img/items/7821.png,7821.png,7821,7821,,Observed from cached Buddy page-data item image; review before asset download or canonical promotion.
Steak,steak,steak,https://buddy.farm/i/steak/,Steak,icon_found,observed,https://farmrpg.com/img/items/steak.png,/img/items/steak.png,steak.png,steak,,,Observed from cached Buddy page-data item image; review before asset download or canonical promotion.
Steak Kabob,steak kabob,steak-kabob,https://buddy.farm/i/steak-kabob/,Steak Kabob,icon_found,observed,https://farmrpg.com/img/items/8898.png,/img/items/8898.png,8898.png,8898,8898,,Observed from cached Buddy page-data item image; review before asset download or canonical promotion.
Steel,steel,steel,https://buddy.farm/i/steel/,Steel,icon_found,observed,https://farmrpg.com/img/items/6150.png,/img/items/6150.png,6150.png,6150,6150,,Observed from cached Buddy page-data item image; review before asset download or canonical promotion.
Steel Buckle,steel buckle,steel-buckle,https://buddy.farm/i/steel-buckle/,Steel Buckle,icon_found,observed,https://farmrpg.com/img/items/buckle.png?2,/img/items/buckle.png,buckle.png,buckle,,,Observed from cached Buddy page-data item image; review before asset download or canonical promotion.
Steel Pickaxe,steel pickaxe,steel-pickaxe,https://buddy.farm/i/steel-pickaxe/,Steel Pickaxe,icon_found,observed,https://farmrpg.com/img/items/5296b.png,/img/items/5296b.png,5296b.png,5296b,,,Observed from cached Buddy page-data item image; review before asset download or canonical promotion.
Steel Plate,steel plate,steel-plate,https://buddy.farm/i/steel-plate/,Steel Plate,icon_found,observed,https://farmrpg.com/img/items/9313.png,/img/items/9313.png,9313.png,9313,9313,,Observed from cached Buddy page-data item image; review before asset download or canonical promotion.
Steel Soap Belt,steel soap belt,steel-soap-belt,https://buddy.farm/i/steel-soap-belt/,Steel Soap Belt,icon_found,observed,https://farmrpg.com/img/items/soapbelt.png,/img/items/soapbelt.png,soapbelt.png,soapbelt,,,Observed from cached Buddy page-data item image; review before asset download or canonical promotion.
Steel Vise,steel vise,steel-vise,https://buddy.farm/i/steel-vise/,Steel Vise,icon_found,observed,https://farmrpg.com/img/items/199.png,/img/items/199.png,199.png,199,199,,Observed from cached Buddy page-data item image; review before asset download or canonical promotion.
Steel Wire,steel wire,steel-wire,https://buddy.farm/i/steel-wire/,Steel Wire,icon_found,observed,https://farmrpg.com/img/items/wire.png,/img/items/wire.png,wire.png,wire,,,Observed from cached Buddy page-data item image; review before asset download or canonical promotion.
Step Ladder,step ladder,step-ladder,https://buddy.farm/i/step-ladder/,Step Ladder,icon_found,observed,https://farmrpg.com/img/items/211.png,/img/items/211.png,211.png,211,211,,Observed from cached Buddy page-data item image; review before asset download or canonical promotion.
Stingray,stingray,stingray,https://buddy.farm/i/stingray/,Stingray,icon_found,observed,https://farmrpg.com/img/items/7831.PNG,/img/items/7831.PNG,7831.PNG,7831,7831,,Observed from cached Buddy page-data item image; review before asset download or canonical promotion.
Stone,stone,stone,https://buddy.farm/i/stone/,Stone,icon_found,observed,https://farmrpg.com/img/items/6174.PNG,/img/items/6174.PNG,6174.PNG,6174,6174,,Observed from cached Buddy page-data item image; review before asset download or canonical promotion.
Stone Fragment,stone fragment,stone-fragment,https://buddy.farm/i/stone-fragment/,Stone Fragment,icon_found,observed,https://farmrpg.com/img/items/stonefragment.png,/img/items/stonefragment.png,stonefragment.png,stonefragment,,,Observed from cached Buddy page-data item image; review before asset download or canonical promotion.
Stone Jelly,stone jelly,stone-jelly,https://buddy.farm/i/stone-jelly/,Stone Jelly,icon_found,observed,https://farmrpg.com/img/items/stonejelly.png,/img/items/stonejelly.png,stonejelly.png,stonejelly,,,Observed from cached Buddy page-data item image; review before asset download or canonical promotion.
Stone Key,stone key,stone-key,https://buddy.farm/i/stone-key/,Stone Key,icon_found,observed,https://farmrpg.com/img/items/stonekey2.png,/img/items/stonekey2.png,stonekey2.png,stonekey2,,,Observed from cached Buddy page-data item image; review before asset download or canonical promotion.
Stone Shell,stone shell,stone-shell,https://buddy.farm/i/stone-shell/,Stone Shell,icon_found,observed,https://farmrpg.com/img/items/stoneshell.png,/img/items/stoneshell.png,stoneshell.png,stoneshell,,,Observed from cached Buddy page-data item image; review before asset download or canonical promotion.
Stones of Gallodor,stones of gallodor,stones-of-gallodor,https://buddy.farm/i/stones-of-gallodor/,Stones of Gallodor,icon_found,observed,https://farmrpg.com/img/items/2606.png,/img/items/2606.png,2606.png,2606,2606,,Observed from cached Buddy page-data item image; review before asset download or canonical promotion.
Strange Gem,strange gem,strange-gem,https://buddy.farm/i/strange-gem/,Strange Gem,icon_found,observed,https://farmrpg.com/img/items/5167.png,/img/items/5167.png,5167.png,5167,5167,,Observed from cached Buddy page-data item image; review before asset download or canonical promotion.
Strange Key 01,strange key 01,strange-key-01,https://buddy.farm/i/strange-key-01/,Strange Key 01,icon_found,observed,https://farmrpg.com/img/items/strangekey.png,/img/items/strangekey.png,strangekey.png,strangekey,,,Observed from cached Buddy page-data item image; review before asset download or canonical promotion.
Strange Letter,strange letter,strange-letter,https://buddy.farm/i/strange-letter/,Strange Letter,icon_found,observed,https://farmrpg.com/img/items/7852.png,/img/items/7852.png,7852.png,7852,7852,,Observed from cached Buddy page-data item image; review before asset download or canonical promotion.
Strange Mushroom,strange mushroom,strange-mushroom,https://buddy.farm/i/strange-mushroom/,Strange Mushroom,icon_found,observed,https://farmrpg.com/img/items/smush.png,/img/items/smush.png,smush.png,smush,,,Observed from cached Buddy page-data item image; review before asset download or canonical promotion.
Strange Ring,strange ring,strange-ring,https://buddy.farm/i/strange-ring/,Strange Ring,icon_found,observed,https://farmrpg.com/img/items/onering.png,/img/items/onering.png,onering.png,onering,,,Observed from cached Buddy page-data item image; review before asset download or canonical promotion.
Strange Temple Necklace,strange temple necklace,strange-temple-necklace,https://buddy.farm/i/strange-temple-necklace/,Strange Temple Necklace,icon_found,observed,https://farmrpg.com/img/items/9419.png,/img/items/9419.png,9419.png,9419,9419,,Observed from cached Buddy page-data item image; review before asset download or canonical promotion.
Straw,straw,straw,https://buddy.farm/i/straw/,Straw,icon_found,observed,https://farmrpg.com/img/items/5908.png,/img/items/5908.png,5908.png,5908,5908,,Observed from cached Buddy page-data item image; review before asset download or canonical promotion.
Strawberry Good Goods,strawberry good goods,strawberry-good-goods,https://buddy.farm/i/strawberry-good-goods/,Strawberry Good Goods,icon_found,observed,https://farmrpg.com/img/items/strawberrycandy.png,/img/items/strawberrycandy.png,strawberrycandy.png,strawberrycandy,,,Observed from cached Buddy page-data item image; review before asset download or canonical promotion.
Striped Feather,striped feather,striped-feather,https://buddy.farm/i/striped-feather/,Striped Feather,icon_found,observed,https://farmrpg.com/img/items/6005.png,/img/items/6005.png,6005.png,6005,6005,,Observed from cached Buddy page-data item image; review before asset download or canonical promotion.
Strong Paste,strong paste,strong-paste,https://buddy.farm/i/strong-paste/,Strong Paste,icon_found,observed,https://farmrpg.com/img/items/strongpaste.png,/img/items/strongpaste.png,strongpaste.png,strongpaste,,,Observed from cached Buddy page-data item image; review before asset download or canonical promotion.
Sturdy Bow,sturdy bow,sturdy-bow,https://buddy.farm/i/sturdy-bow/,Sturdy Bow,icon_found,observed,https://farmrpg.com/img/items/4765.png,/img/items/4765.png,4765.png,4765,4765,,Observed from cached Buddy page-data item image; review before asset download or canonical promotion.
Sturdy Box,sturdy box,sturdy-box,https://buddy.farm/i/sturdy-box/,Sturdy Box,icon_found,observed,https://farmrpg.com/img/items/5812.PNG,/img/items/5812.PNG,5812.PNG,5812,5812,,Observed from cached Buddy page-data item image; review before asset download or canonical promotion.
Sturdy Pickaxe,sturdy pickaxe,sturdy-pickaxe,https://buddy.farm/i/sturdy-pickaxe/,Sturdy Pickaxe,icon_found,observed,https://farmrpg.com/img/items/sturdypickaxe.png,/img/items/sturdypickaxe.png,sturdypickaxe.png,sturdypickaxe,,,Observed from cached Buddy page-data item image; review before asset download or canonical promotion.
Sturdy Saw,sturdy saw,sturdy-saw,https://buddy.farm/i/sturdy-saw/,Sturdy Saw,icon_found,observed,https://farmrpg.com/img/items/318.png,/img/items/318.png,318.png,318,318,,Observed from cached Buddy page-data item image; review before asset download or canonical promotion.
Sturdy Shield,sturdy shield,sturdy-shield,https://buddy.farm/i/sturdy-shield/,Sturdy Shield,icon_found,observed,https://farmrpg.com/img/items/5847.png,/img/items/5847.png,5847.png,5847,5847,,Observed from cached Buddy page-data item image; review before asset download or canonical promotion.
Sturdy Sword,sturdy sword,sturdy-sword,https://buddy.farm/i/sturdy-sword/,Sturdy Sword,icon_found,observed,https://farmrpg.com/img/items/8927.png?1,/img/items/8927.png,8927.png,8927,8927,,Observed from cached Buddy page-data item image; review before asset download or canonical promotion.
Sugar Cane,sugar cane,sugar-cane,https://buddy.farm/i/sugar-cane/,Sugar Cane,icon_found,observed,https://farmrpg.com/img/items/scane.png,/img/items/scane.png,scane.png,scane,,,Observed from cached Buddy page-data item image; review before asset download or canonical promotion.
Sugar Cane Seeds,sugar cane seeds,sugar-cane-seeds,https://buddy.farm/i/sugar-cane-seeds/,Sugar Cane Seeds,icon_found,observed,https://farmrpg.com/img/items/scane_seeds.png,/img/items/scane_seeds.png,scane_seeds.png,scane_seeds,,,Observed from cached Buddy page-data item image; review before asset download or canonical promotion.
Sugar Cube,sugar cube,sugar-cube,https://buddy.farm/i/sugar-cube/,Sugar Cube,icon_found,observed,https://farmrpg.com/img/items/sugar_cube.png,/img/items/sugar_cube.png,sugar_cube.png,sugar_cube,,,Observed from cached Buddy page-data item image; review before asset download or canonical promotion.
Summer Basket,summer basket,summer-basket,https://buddy.farm/i/summer-basket/,Summer Basket,icon_found,observed,https://farmrpg.com/img/items/basket.png,/img/items/basket.png,basket.png,basket,,,Observed from cached Buddy page-data item image; review before asset download or canonical promotion.
Sun Egg,sun egg,sun-egg,https://buddy.farm/i/sun-egg/,Sun Egg,icon_found,observed,https://farmrpg.com/img/items/egg_sun.png,/img/items/egg_sun.png,egg_sun.png,egg_sun,,,Observed from cached Buddy page-data item image; review before asset download or canonical promotion.
Sun Shades,sun shades,sun-shades,https://buddy.farm/i/sun-shades/,Sun Shades,icon_found,observed,https://farmrpg.com/img/items/4221.png,/img/items/4221.png,4221.png,4221,4221,,Observed from cached Buddy page-data item image; review before asset download or canonical promotion.
Sunfish,sunfish,sunfish,https://buddy.farm/i/sunfish/,Sunfish,icon_found,observed,https://farmrpg.com/img/items/7802.png,/img/items/7802.png,7802.png,7802,7802,,Observed from cached Buddy page-data item image; review before asset download or canonical promotion.
Sunflower,sunflower,sunflower,https://buddy.farm/i/sunflower/,Sunflower,icon_found,observed,https://farmrpg.com/img/items/sunflower.png,/img/items/sunflower.png,sunflower.png,sunflower,,,Observed from cached Buddy page-data item image; review before asset download or canonical promotion.
Sunflower Oil,sunflower oil,sunflower-oil,https://buddy.farm/i/sunflower-oil/,Sunflower Oil,icon_found,observed,https://farmrpg.com/img/items/nj_985.png,/img/items/nj_985.png,nj_985.png,nj_985,,,Observed from cached Buddy page-data item image; review before asset download or canonical promotion.
Sunflower Seeds,sunflower seeds,sunflower-seeds,https://buddy.farm/i/sunflower-seeds/,Sunflower Seeds,icon_found,observed,https://farmrpg.com/img/items/seeds_sunflower.png,/img/items/seeds_sunflower.png,seeds_sunflower.png,seeds_sunflower,,,Observed from cached Buddy page-data item image; review before asset download or canonical promotion.
Sunscreen,sunscreen,sunscreen,https://buddy.farm/i/sunscreen/,Sunscreen,icon_found,observed,https://farmrpg.com/img/items/sunscreen.png,/img/items/sunscreen.png,sunscreen.png,sunscreen,,,Observed from cached Buddy page-data item image; review before asset download or canonical promotion.
Sunstone,sunstone,sunstone,https://buddy.farm/i/sunstone/,Sunstone,icon_found,observed,https://farmrpg.com/img/items/sunstone.png,/img/items/sunstone.png,sunstone.png,sunstone,,,Observed from cached Buddy page-data item image; review before asset download or canonical promotion.
Supply Bag 01,supply bag 01,supply-bag-01,https://buddy.farm/i/supply-bag-01/,Supply Bag 01,icon_found,observed,https://farmrpg.com/img/items/BagsAndBoxes_30_t.png,/img/items/BagsAndBoxes_30_t.png,BagsAndBoxes_30_t.png,BagsAndBoxes_30_t,,,Observed from cached Buddy page-data item image; review before asset download or canonical promotion.
Supply Bag 02,supply bag 02,supply-bag-02,https://buddy.farm/i/supply-bag-02/,Supply Bag 02,icon_found,observed,https://farmrpg.com/img/items/BagsAndBoxes_30_t.png,/img/items/BagsAndBoxes_30_t.png,BagsAndBoxes_30_t.png,BagsAndBoxes_30_t,,,Observed from cached Buddy page-data item image; review before asset download or canonical promotion.
Supply Crate 01,supply crate 01,supply-crate-01,https://buddy.farm/i/supply-crate-01/,Supply Crate 01,icon_found,observed,https://farmrpg.com/img/items/BagsAndBoxes_17_t.png,/img/items/BagsAndBoxes_17_t.png,BagsAndBoxes_17_t.png,BagsAndBoxes_17_t,,,Observed from cached Buddy page-data item image; review before asset download or canonical promotion.
Supply Crate 02,supply crate 02,supply-crate-02,https://buddy.farm/i/supply-crate-02/,Supply Crate 02,icon_found,observed,https://farmrpg.com/img/items/BagsAndBoxes_17_t.png,/img/items/BagsAndBoxes_17_t.png,BagsAndBoxes_17_t.png,BagsAndBoxes_17_t,,,Observed from cached Buddy page-data item image; review before asset download or canonical promotion.
Supply Voucher,supply voucher,supply-voucher,https://buddy.farm/i/supply-voucher/,Supply Voucher,icon_found,observed,https://farmrpg.com/img/items/voucher.png,/img/items/voucher.png,voucher.png,voucher,,,Observed from cached Buddy page-data item image; review before asset download or canonical promotion.
Support's Ticket,support s ticket,support-s-ticket,https://buddy.farm/i/support-s-ticket/,Support's Ticket,icon_found,observed,https://farmrpg.com/img/items/sticket.png,/img/items/sticket.png,sticket.png,sticket,,,Observed from cached Buddy page-data item image; review before asset download or canonical promotion.
Swamp Algae,swamp algae,swamp-algae,https://buddy.farm/i/swamp-algae/,Swamp Algae,icon_found,observed,https://farmrpg.com/img/items/3342.png,/img/items/3342.png,3342.png,3342,3342,,Observed from cached Buddy page-data item image; review before asset download or canonical promotion.
Swamp Gourd,swamp gourd,swamp-gourd,https://buddy.farm/i/swamp-gourd/,Swamp Gourd,icon_found,observed,https://farmrpg.com/img/items/finp_382.png,/img/items/finp_382.png,finp_382.png,finp_382,,,Observed from cached Buddy page-data item image; review before asset download or canonical promotion.
Swamp Puzzle,swamp puzzle,swamp-puzzle,https://buddy.farm/i/swamp-puzzle/,Swamp Puzzle,icon_found,observed,https://farmrpg.com/img/items/puzzle3.png,/img/items/puzzle3.png,puzzle3.png,puzzle3,,,Observed from cached Buddy page-data item image; review before asset download or canonical promotion.
Swamp Thistle,swamp thistle,swamp-thistle,https://buddy.farm/i/swamp-thistle/,Swamp Thistle,icon_found,observed,https://farmrpg.com/img/items/finp_634.png,/img/items/finp_634.png,finp_634.png,finp_634,,,Observed from cached Buddy page-data item image; review before asset download or canonical promotion.
Sweet Root,sweet root,sweet-root,https://buddy.farm/i/sweet-root/,Sweet Root,icon_found,observed,https://farmrpg.com/img/items/5685.png,/img/items/5685.png,5685.png,5685,5685,,Observed from cached Buddy page-data item image; review before asset download or canonical promotion.
Swordfish,swordfish,swordfish,https://buddy.farm/i/swordfish/,Swordfish,icon_found,observed,https://farmrpg.com/img/items/4899.png,/img/items/4899.png,4899.png,4899,4899,,Observed from cached Buddy page-data item image; review before asset download or canonical promotion.
Tackle Box,tackle box,tackle-box,https://buddy.farm/i/tackle-box/,Tackle Box,icon_found,observed,https://farmrpg.com/img/items/7847.png,/img/items/7847.png,7847.png,7847,7847,,Observed from cached Buddy page-data item image; review before asset download or canonical promotion.
Taco,taco,taco,https://buddy.farm/i/taco/,Taco,icon_found,observed,https://farmrpg.com/img/items/taco.png,/img/items/taco.png,taco.png,taco,,,Observed from cached Buddy page-data item image; review before asset download or canonical promotion.
Taffy,taffy,taffy,https://buddy.farm/i/taffy/,Taffy,icon_found,observed,https://farmrpg.com/img/items/candy_t_11.png,/img/items/candy_t_11.png,candy_t_11.png,candy_t_11,,,Observed from cached Buddy page-data item image; review before asset download or canonical promotion.
Tanooki Buddy Doll,tanooki buddy doll,tanooki-buddy-doll,https://buddy.farm/i/tanooki-buddy-doll/,Tanooki Buddy Doll,icon_found,observed,https://farmrpg.com/img/items/tanooki_buddy_doll.png,/img/items/tanooki_buddy_doll.png,tanooki_buddy_doll.png,tanooki_buddy_doll,,,Observed from cached Buddy page-data item image; review before asset download or canonical promotion.
Tea Leaves,tea leaves,tea-leaves,https://buddy.farm/i/tea-leaves/,Tea Leaves,icon_found,observed,https://farmrpg.com/img/items/5600.png,/img/items/5600.png,5600.png,5600,5600,,Observed from cached Buddy page-data item image; review before asset download or canonical promotion.
Teapot,teapot,teapot,https://buddy.farm/i/teapot/,Teapot,icon_found,observed,https://farmrpg.com/img/items/teapot.png,/img/items/teapot.png,teapot.png,teapot,,,Observed from cached Buddy page-data item image; review before asset download or canonical promotion.
Teddy Bear,teddy bear,teddy-bear,https://buddy.farm/i/teddy-bear/,Teddy Bear,icon_found,observed,https://farmrpg.com/img/items/17_sm.png,/img/items/17_sm.png,17_sm.png,17_sm,,,Observed from cached Buddy page-data item image; review before asset download or canonical promotion.
Tenfoo's Lost Sock,tenfoo s lost sock,tenfoo-s-lost-sock,https://buddy.farm/i/tenfoo-s-lost-sock/,Tenfoo's Lost Sock,icon_found,observed,https://farmrpg.com/img/items/sock.png,/img/items/sock.png,sock.png,sock,,,Observed from cached Buddy page-data item image; review before asset download or canonical promotion.
Thank You Card,thank you card,thank-you-card,https://buddy.farm/i/thank-you-card/,Thank You Card,icon_found,observed,https://farmrpg.com/img/items/card_thankyou.png,/img/items/card_thankyou.png,card_thankyou.png,card_thankyou,,,Observed from cached Buddy page-data item image; review before asset download or canonical promotion.
Thankful Notes,thankful notes,thankful-notes,https://buddy.farm/i/thankful-notes/,Thankful Notes,icon_found,observed,https://farmrpg.com/img/items/2379.png,/img/items/2379.png,2379.png,2379,2379,,Observed from cached Buddy page-data item image; review before asset download or canonical promotion.
Thomas Bobblehead,thomas bobblehead,thomas-bobblehead,https://buddy.farm/i/thomas-bobblehead/,Thomas Bobblehead,icon_found,observed,https://farmrpg.com/img/items/bobble_thomas.png,/img/items/bobble_thomas.png,bobble_thomas.png,bobble_thomas,,,Observed from cached Buddy page-data item image; review before asset download or canonical promotion.
Thomas's Cat's Meow,thomas s cat s meow,thomas-s-cat-s-meow,https://buddy.farm/i/thomas-s-cat-s-meow/,Thomas's Cat's Meow,icon_found,observed,https://farmrpg.com/img/items/recipe.png,/img/items/recipe.png,recipe.png,recipe,,,Observed from cached Buddy page-data item image; review before asset download or canonical promotion.
Thomas's Cup of PB,thomas s cup of pb,thomas-s-cup-of-pb,https://buddy.farm/i/thomas-s-cup-of-pb/,Thomas's Cup of PB,icon_found,observed,https://farmrpg.com/img/items/pbcup.png,/img/items/pbcup.png,pbcup.png,pbcup,,,Observed from cached Buddy page-data item image; review before asset download or canonical promotion.
Thomas's Red Velvet Cake,thomas s red velvet cake,thomas-s-red-velvet-cake,https://buddy.farm/i/thomas-s-red-velvet-cake/,Thomas's Red Velvet Cake,icon_found,observed,https://farmrpg.com/img/items/recipe.png,/img/items/recipe.png,recipe.png,recipe,,,Observed from cached Buddy page-data item image; review before asset download or canonical promotion.
Thomas's Tavern Tote,thomas s tavern tote,thomas-s-tavern-tote,https://buddy.farm/i/thomas-s-tavern-tote/,Thomas's Tavern Tote,icon_found,observed,https://farmrpg.com/img/items/7307.png,/img/items/7307.png,7307.png,7307,7307,,Observed from cached Buddy page-data item image; review before asset download or canonical promotion.
Thorns,thorns,thorns,https://buddy.farm/i/thorns/,Thorns,icon_found,observed,https://farmrpg.com/img/items/ForestIcons_15_t.png,/img/items/ForestIcons_15_t.png,ForestIcons_15_t.png,ForestIcons_15_t,,,Observed from cached Buddy page-data item image; review before asset download or canonical promotion.
Tie Dye Scarf,tie dye scarf,tie-dye-scarf,https://buddy.farm/i/tie-dye-scarf/,Tie Dye Scarf,icon_found,observed,https://farmrpg.com/img/items/tiedyescarf2.png,/img/items/tiedyescarf2.png,tiedyescarf2.png,tiedyescarf2,,,Observed from cached Buddy page-data item image; review before asset download or canonical promotion.
Time Egg,time egg,time-egg,https://buddy.farm/i/time-egg/,Time Egg,icon_found,observed,https://farmrpg.com/img/items/timeegg.png,/img/items/timeegg.png,timeegg.png,timeegg,,,Observed from cached Buddy page-data item image; review before asset download or canonical promotion.
Tin Can,tin can,tin-can,https://buddy.farm/i/tin-can/,Tin Can,icon_found,observed,https://farmrpg.com/img/items/198.png,/img/items/198.png,198.png,198,198,,Observed from cached Buddy page-data item image; review before asset download or canonical promotion.
Tin Scraps,tin scraps,tin-scraps,https://buddy.farm/i/tin-scraps/,Tin Scraps,icon_found,observed,https://farmrpg.com/img/items/tinscraps.png,/img/items/tinscraps.png,tinscraps.png,tinscraps,,,Observed from cached Buddy page-data item image; review before asset download or canonical promotion.
Toga Buddy Doll,toga buddy doll,toga-buddy-doll,https://buddy.farm/i/toga-buddy-doll/,Toga Buddy Doll,icon_found,observed,https://farmrpg.com/img/items/toga_buddy_doll.png,/img/items/toga_buddy_doll.png,toga_buddy_doll.png,toga_buddy_doll,,,Observed from cached Buddy page-data item image; review before asset download or canonical promotion.
Toilet Paper,toilet paper,toilet-paper,https://buddy.farm/i/toilet-paper/,Toilet Paper,icon_found,observed,https://farmrpg.com/img/items/bandages_t_01.png,/img/items/bandages_t_01.png,bandages_t_01.png,bandages_t_01,,,Observed from cached Buddy page-data item image; review before asset download or canonical promotion.
Tomato,tomato,tomato,https://buddy.farm/i/tomato/,Tomato,icon_found,observed,https://farmrpg.com/img/items/8290.png,/img/items/8290.png,8290.png,8290,8290,,Observed from cached Buddy page-data item image; review before asset download or canonical promotion.
Tomato Seeds,tomato seeds,tomato-seeds,https://buddy.farm/i/tomato-seeds/,Tomato Seeds,icon_found,observed,https://farmrpg.com/img/items/seeds_tomato.png,/img/items/seeds_tomato.png,seeds_tomato.png,seeds_tomato,,,Observed from cached Buddy page-data item image; review before asset download or canonical promotion.
Tombstone,tombstone,tombstone,https://buddy.farm/i/tombstone/,Tombstone,icon_found,observed,https://farmrpg.com/img/items/afk_9605.png,/img/items/afk_9605.png,afk_9605.png,afk_9605,,,Observed from cached Buddy page-data item image; review before asset download or canonical promotion.
Toothbrush,toothbrush,toothbrush,https://buddy.farm/i/toothbrush/,Toothbrush,icon_found,observed,https://farmrpg.com/img/items/brush_t_01.png,/img/items/brush_t_01.png,brush_t_01.png,brush_t_01,,,Observed from cached Buddy page-data item image; review before asset download or canonical promotion.
Torch Fish,torch fish,torch-fish,https://buddy.farm/i/torch-fish/,Torch Fish,icon_found,observed,https://farmrpg.com/img/items/5147-2.png,/img/items/5147-2.png,5147-2.png,5147-2,,,Observed from cached Buddy page-data item image; review before asset download or canonical promotion.
Tower Key,tower key,tower-key,https://buddy.farm/i/tower-key/,Tower Key,icon_found,observed,https://farmrpg.com/img/items/7140.png,/img/items/7140.png,7140.png,7140,7140,,Observed from cached Buddy page-data item image; review before asset download or canonical promotion.
Tower Prep Pack 01,tower prep pack 01,tower-prep-pack-01,https://buddy.farm/i/tower-prep-pack-01/,Tower Prep Pack 01,icon_found,observed,https://farmrpg.com/img/items/1570.png,/img/items/1570.png,1570.png,1570,1570,,Observed from cached Buddy page-data item image; review before asset download or canonical promotion.
Toxic Tendrils,toxic tendrils,toxic-tendrils,https://buddy.farm/i/toxic-tendrils/,Toxic Tendrils,icon_found,observed,https://farmrpg.com/img/items/finp_476.png,/img/items/finp_476.png,finp_476.png,finp_476,,,Observed from cached Buddy page-data item image; review before asset download or canonical promotion.
Transistor,transistor,transistor,https://buddy.farm/i/transistor/,Transistor,icon_found,observed,https://farmrpg.com/img/items/9319.png,/img/items/9319.png,9319.png,9319,9319,,Observed from cached Buddy page-data item image; review before asset download or canonical promotion.
Travel Voucher,travel voucher,travel-voucher,https://buddy.farm/i/travel-voucher/,Travel Voucher,icon_found,observed,https://farmrpg.com/img/items/4876.png,/img/items/4876.png,4876.png,4876,4876,,Observed from cached Buddy page-data item image; review before asset download or canonical promotion.
Traveler's Bag 01,traveler s bag 01,traveler-s-bag-01,https://buddy.farm/i/traveler-s-bag-01/,Traveler's Bag 01,icon_found,observed,https://farmrpg.com/img/items/Patches.png,/img/items/Patches.png,Patches.png,Patches,,,Observed from cached Buddy page-data item image; review before asset download or canonical promotion.
Treasure Chest,treasure chest,treasure-chest,https://buddy.farm/i/treasure-chest/,Treasure Chest,icon_found,observed,https://farmrpg.com/img/items/4917.png,/img/items/4917.png,4917.png,4917,4917,,Observed from cached Buddy page-data item image; review before asset download or canonical promotion.
Treasure Key,treasure key,treasure-key,https://buddy.farm/i/treasure-key/,Treasure Key,icon_found,observed,https://farmrpg.com/img/items/7148.png,/img/items/7148.png,7148.png,7148,7148,,Observed from cached Buddy page-data item image; review before asset download or canonical promotion.
Treat Bag 01,treat bag 01,treat-bag-01,https://buddy.farm/i/treat-bag-01/,Treat Bag 01,icon_found,observed,https://farmrpg.com/img/items/bag_t_03.png,/img/items/bag_t_03.png,bag_t_03.png,bag_t_03,,,Observed from cached Buddy page-data item image; review before asset download or canonical promotion.
Treat Bag 02,treat bag 02,treat-bag-02,https://buddy.farm/i/treat-bag-02/,Treat Bag 02,icon_found,observed,https://farmrpg.com/img/items/bag_t_03.png,/img/items/bag_t_03.png,bag_t_03.png,bag_t_03,,,Observed from cached Buddy page-data item image; review before asset download or canonical promotion.
Treat Bag 03,treat bag 03,treat-bag-03,https://buddy.farm/i/treat-bag-03/,Treat Bag 03,icon_found,observed,https://farmrpg.com/img/items/bag_t_03.png,/img/items/bag_t_03.png,bag_t_03.png,bag_t_03,,,Observed from cached Buddy page-data item image; review before asset download or canonical promotion.
Treat Bag 04,treat bag 04,treat-bag-04,https://buddy.farm/i/treat-bag-04/,Treat Bag 04,icon_found,observed,https://farmrpg.com/img/items/bag_t_03.png,/img/items/bag_t_03.png,bag_t_03.png,bag_t_03,,,Observed from cached Buddy page-data item image; review before asset download or canonical promotion.
Treat Bag 05,treat bag 05,treat-bag-05,https://buddy.farm/i/treat-bag-05/,Treat Bag 05,icon_found,observed,https://farmrpg.com/img/items/bag_t_03.png,/img/items/bag_t_03.png,bag_t_03.png,bag_t_03,,,Observed from cached Buddy page-data item image; review before asset download or canonical promotion.
Treat Bag 06,treat bag 06,treat-bag-06,https://buddy.farm/i/treat-bag-06/,Treat Bag 06,icon_found,observed,https://farmrpg.com/img/items/bag_t_03.png,/img/items/bag_t_03.png,bag_t_03.png,bag_t_03,,,Observed from cached Buddy page-data item image; review before asset download or canonical promotion.
Tribal Mask,tribal mask,tribal-mask,https://buddy.farm/i/tribal-mask/,Tribal Mask,icon_found,observed,https://farmrpg.com/img/items/ForestIcons_19_t.png,/img/items/ForestIcons_19_t.png,ForestIcons_19_t.png,ForestIcons_19_t,,,Observed from cached Buddy page-data item image; review before asset download or canonical promotion.
Tribal Staff,tribal staff,tribal-staff,https://buddy.farm/i/tribal-staff/,Tribal Staff,icon_found,observed,https://farmrpg.com/img/items/3972.png,/img/items/3972.png,3972.png,3972,3972,,Observed from cached Buddy page-data item image; review before asset download or canonical promotion.
Trident of Poseidon,trident of poseidon,trident-of-poseidon,https://buddy.farm/i/trident-of-poseidon/,Trident of Poseidon,icon_found,observed,https://farmrpg.com/img/items/trident.png,/img/items/trident.png,trident.png,trident,,,Observed from cached Buddy page-data item image; review before asset download or canonical promotion.
Trigon Knot,trigon knot,trigon-knot,https://buddy.farm/i/trigon-knot/,Trigon Knot,icon_found,observed,https://farmrpg.com/img/items/3179.png,/img/items/3179.png,3179.png,3179,3179,,Observed from cached Buddy page-data item image; review before asset download or canonical promotion.
Trout,trout,trout,https://buddy.farm/i/trout/,Trout,icon_found,observed,https://farmrpg.com/img/items/trout.png,/img/items/trout.png,trout.png,trout,,,Observed from cached Buddy page-data item image; review before asset download or canonical promotion.
Turkey Buddy Doll,turkey buddy doll,turkey-buddy-doll,https://buddy.farm/i/turkey-buddy-doll/,Turkey Buddy Doll,icon_found,observed,https://farmrpg.com/img/items/tbuddy.png,/img/items/tbuddy.png,tbuddy.png,tbuddy,,,Observed from cached Buddy page-data item image; review before asset download or canonical promotion.
Twine,twine,twine,https://buddy.farm/i/twine/,Twine,icon_found,observed,https://farmrpg.com/img/items/6172-1.png,/img/items/6172-1.png,6172-1.png,6172-1,,,Observed from cached Buddy page-data item image; review before asset download or canonical promotion.
Two Hearts Belt,two hearts belt,two-hearts-belt,https://buddy.farm/i/two-hearts-belt/,Two Hearts Belt,icon_found,observed,https://farmrpg.com/img/items/valbelt.png,/img/items/valbelt.png,valbelt.png,valbelt,,,Observed from cached Buddy page-data item image; review before asset download or canonical promotion.
U'ral Talisman,u ral talisman,u-ral-talisman,https://buddy.farm/i/u-ral-talisman/,U'ral Talisman,icon_found,observed,https://farmrpg.com/img/items/viri_3731.png,/img/items/viri_3731.png,viri_3731.png,viri_3731,,,Observed from cached Buddy page-data item image; review before asset download or canonical promotion.
Ugly Buddy Sweater,ugly buddy sweater,ugly-buddy-sweater,https://buddy.farm/i/ugly-buddy-sweater/,Ugly Buddy Sweater,icon_found,observed,https://farmrpg.com/img/items/ugly_sweater.png,/img/items/ugly_sweater.png,ugly_sweater.png,ugly_sweater,,,Observed from cached Buddy page-data item image; review before asset download or canonical promotion.
Uncle Sam Buddy Doll,uncle sam buddy doll,uncle-sam-buddy-doll,https://buddy.farm/i/uncle-sam-buddy-doll/,Uncle Sam Buddy Doll,icon_found,observed,https://farmrpg.com/img/items/unclesambuddydoll.png,/img/items/unclesambuddydoll.png,unclesambuddydoll.png,unclesambuddydoll,,,Observed from cached Buddy page-data item image; review before asset download or canonical promotion.
Unicorn Key,unicorn key,unicorn-key,https://buddy.farm/i/unicorn-key/,Unicorn Key,icon_found,observed,https://farmrpg.com/img/items/unicornkey.png,/img/items/unicornkey.png,unicornkey.png,unicornkey,,,Observed from cached Buddy page-data item image; review before asset download or canonical promotion.
Unpolished Aquacite,unpolished aquacite,unpolished-aquacite,https://buddy.farm/i/unpolished-aquacite/,Unpolished Aquacite,icon_found,observed,https://farmrpg.com/img/items/1525.PNG,/img/items/1525.PNG,1525.PNG,1525,1525,,Observed from cached Buddy page-data item image; review before asset download or canonical promotion.
Unpolished Emerald,unpolished emerald,unpolished-emerald,https://buddy.farm/i/unpolished-emerald/,Unpolished Emerald,icon_found,observed,https://farmrpg.com/img/items/uemerald.png,/img/items/uemerald.png,uemerald.png,uemerald,,,Observed from cached Buddy page-data item image; review before asset download or canonical promotion.
Unpolished Flarite,unpolished flarite,unpolished-flarite,https://buddy.farm/i/unpolished-flarite/,Unpolished Flarite,icon_found,observed,https://farmrpg.com/img/items/uflarite.png,/img/items/uflarite.png,uflarite.png,uflarite,,,Observed from cached Buddy page-data item image; review before asset download or canonical promotion.
Unpolished Garnet,unpolished garnet,unpolished-garnet,https://buddy.farm/i/unpolished-garnet/,Unpolished Garnet,icon_found,observed,https://farmrpg.com/img/items/8030.png,/img/items/8030.png,8030.png,8030,8030,,Observed from cached Buddy page-data item image; review before asset download or canonical promotion.
Unpolished Jade,unpolished jade,unpolished-jade,https://buddy.farm/i/unpolished-jade/,Unpolished Jade,icon_found,observed,https://farmrpg.com/img/items/ujade.png,/img/items/ujade.png,ujade.png,ujade,,,Observed from cached Buddy page-data item image; review before asset download or canonical promotion.
Unpolished Pyrite,unpolished pyrite,unpolished-pyrite,https://buddy.farm/i/unpolished-pyrite/,Unpolished Pyrite,icon_found,observed,https://farmrpg.com/img/items/upyrite.png,/img/items/upyrite.png,upyrite.png,upyrite,,,Observed from cached Buddy page-data item image; review before asset download or canonical promotion.
Unpolished Ruby,unpolished ruby,unpolished-ruby,https://buddy.farm/i/unpolished-ruby/,Unpolished Ruby,icon_found,observed,https://farmrpg.com/img/items/5992.png,/img/items/5992.png,5992.png,5992,5992,,Observed from cached Buddy page-data item image; review before asset download or canonical promotion.
Unpolished Shimmer Stone,unpolished shimmer stone,unpolished-shimmer-stone,https://buddy.farm/i/unpolished-shimmer-stone/,Unpolished Shimmer Stone,icon_found,observed,https://farmrpg.com/img/items/5782.PNG,/img/items/5782.PNG,5782.PNG,5782,5782,,Observed from cached Buddy page-data item image; review before asset download or canonical promotion.
Unrefined Sugar,unrefined sugar,unrefined-sugar,https://buddy.farm/i/unrefined-sugar/,Unrefined Sugar,icon_found,observed,https://farmrpg.com/img/items/unrefined_sugar.png,/img/items/unrefined_sugar.png,unrefined_sugar.png,unrefined_sugar,,,Observed from cached Buddy page-data item image; review before asset download or canonical promotion.
Unusual Gem,unusual gem,unusual-gem,https://buddy.farm/i/unusual-gem/,Unusual Gem,icon_found,observed,https://farmrpg.com/img/items/unusualgem.png,/img/items/unusualgem.png,unusualgem.png,unusualgem,,,Observed from cached Buddy page-data item image; review before asset download or canonical promotion.
Utal's Sabre,utal s sabre,utal-s-sabre,https://buddy.farm/i/utal-s-sabre/,Utal's Sabre,icon_found,observed,https://farmrpg.com/img/items/4902.png,/img/items/4902.png,4902.png,4902,4902,,Observed from cached Buddy page-data item image; review before asset download or canonical promotion.
Vacation Buddy Doll,vacation buddy doll,vacation-buddy-doll,https://buddy.farm/i/vacation-buddy-doll/,Vacation Buddy Doll,icon_found,observed,https://farmrpg.com/img/items/vacation_buddy_doll.png,/img/items/vacation_buddy_doll.png,vacation_buddy_doll.png,vacation_buddy_doll,,,Observed from cached Buddy page-data item image; review before asset download or canonical promotion.
Valentines Card,valentines card,valentines-card,https://buddy.farm/i/valentines-card/,Valentines Card,icon_found,observed,https://farmrpg.com/img/items/card_valentines.png,/img/items/card_valentines.png,card_valentines.png,card_valentines,,,Observed from cached Buddy page-data item image; review before asset download or canonical promotion.
Valve,valve,valve,https://buddy.farm/i/valve/,Valve,icon_found,observed,https://farmrpg.com/img/items/9330.png,/img/items/9330.png,9330.png,9330,9330,,Observed from cached Buddy page-data item image; review before asset download or canonical promotion.
Vampire Buddy Doll,vampire buddy doll,vampire-buddy-doll,https://buddy.farm/i/vampire-buddy-doll/,Vampire Buddy Doll,icon_found,observed,https://farmrpg.com/img/items/vbuddy.png,/img/items/vbuddy.png,vbuddy.png,vbuddy,,,Observed from cached Buddy page-data item image; review before asset download or canonical promotion.
Veggie Juice,veggie juice,veggie-juice,https://buddy.farm/i/veggie-juice/,Veggie Juice,icon_found,observed,https://farmrpg.com/img/items/8879.png,/img/items/8879.png,8879.png,8879,8879,,Observed from cached Buddy page-data item image; review before asset download or canonical promotion.
Velocity Belt,velocity belt,velocity-belt,https://buddy.farm/i/velocity-belt/,Velocity Belt,icon_found,observed,https://farmrpg.com/img/items/5310.png,/img/items/5310.png,5310.png,5310,5310,,Observed from cached Buddy page-data item image; review before asset download or canonical promotion.
Vincent Bobblehead,vincent bobblehead,vincent-bobblehead,https://buddy.farm/i/vincent-bobblehead/,Vincent Bobblehead,icon_found,observed,https://farmrpg.com/img/items/bobble_vincent.png,/img/items/bobble_vincent.png,bobble_vincent.png,bobble_vincent,,,Observed from cached Buddy page-data item image; review before asset download or canonical promotion.
Vincent's Sea Pincher Special,vincent s sea pincher special,vincent-s-sea-pincher-special,https://buddy.farm/i/vincent-s-sea-pincher-special/,Vincent's Sea Pincher Special,icon_found,observed,https://farmrpg.com/img/items/recipe.png,/img/items/recipe.png,recipe.png,recipe,,,Observed from cached Buddy page-data item image; review before asset download or canonical promotion.
VIP Card,vip card,vip-card,https://buddy.farm/i/vip-card/,VIP Card,icon_found,observed,https://farmrpg.com/img/items/vipcard.png,/img/items/vipcard.png,vipcard.png,vipcard,,,Observed from cached Buddy page-data item image; review before asset download or canonical promotion.
VIP Platinum Card,vip platinum card,vip-platinum-card,https://buddy.farm/i/vip-platinum-card/,VIP Platinum Card,icon_found,observed,https://farmrpg.com/img/items/vipcard2.png,/img/items/vipcard2.png,vipcard2.png,vipcard2,,,Observed from cached Buddy page-data item image; review before asset download or canonical promotion.
Vixen,vixen,vixen,https://buddy.farm/i/vixen/,Vixen,icon_found,observed,https://farmrpg.com/img/items/vixen.png,/img/items/vixen.png,vixen.png,vixen,,,Observed from cached Buddy page-data item image; review before asset download or canonical promotion.
Void Bag 01,void bag 01,void-bag-01,https://buddy.farm/i/void-bag-01/,Void Bag 01,icon_found,observed,https://farmrpg.com/img/items/voidbag.png,/img/items/voidbag.png,voidbag.png,voidbag,,,Observed from cached Buddy page-data item image; review before asset download or canonical promotion.
Waffle,waffle,waffle,https://buddy.farm/i/waffle/,Waffle,icon_found,observed,https://farmrpg.com/img/items/1588.png,/img/items/1588.png,1588.png,1588,1588,,Observed from cached Buddy page-data item image; review before asset download or canonical promotion.
Wagon Wheel,wagon wheel,wagon-wheel,https://buddy.farm/i/wagon-wheel/,Wagon Wheel,icon_found,observed,https://farmrpg.com/img/items/wheel.png,/img/items/wheel.png,wheel.png,wheel,,,Observed from cached Buddy page-data item image; review before asset download or canonical promotion.
Wampa Buddy Doll,wampa buddy doll,wampa-buddy-doll,https://buddy.farm/i/wampa-buddy-doll/,Wampa Buddy Doll,icon_found,observed,https://farmrpg.com/img/items/wampabuddydoll.png,/img/items/wampabuddydoll.png,wampabuddydoll.png,wampabuddydoll,,,Observed from cached Buddy page-data item image; review before asset download or canonical promotion.
Water Bottle,water bottle,water-bottle,https://buddy.farm/i/water-bottle/,Water Bottle,icon_found,observed,https://farmrpg.com/img/items/water_t_01.png,/img/items/water_t_01.png,water_t_01.png,water_t_01,,,Observed from cached Buddy page-data item image; review before asset download or canonical promotion.
Water Lily,water lily,water-lily,https://buddy.farm/i/water-lily/,Water Lily,icon_found,observed,https://farmrpg.com/img/items/3258.png,/img/items/3258.png,3258.png,3258,3258,,Observed from cached Buddy page-data item image; review before asset download or canonical promotion.
Water Orb,water orb,water-orb,https://buddy.farm/i/water-orb/,Water Orb,icon_found,observed,https://farmrpg.com/img/items/2324.png?1,/img/items/2324.png,2324.png,2324,2324,,Observed from cached Buddy page-data item image; review before asset download or canonical promotion.
Watermelon,watermelon,watermelon,https://buddy.farm/i/watermelon/,Watermelon,icon_found,observed,https://farmrpg.com/img/items/8293.png,/img/items/8293.png,8293.png,8293,8293,,Observed from cached Buddy page-data item image; review before asset download or canonical promotion.
Watermelon Seeds,watermelon seeds,watermelon-seeds,https://buddy.farm/i/watermelon-seeds/,Watermelon Seeds,icon_found,observed,https://farmrpg.com/img/items/seeds_watermelon.png,/img/items/seeds_watermelon.png,seeds_watermelon.png,seeds_watermelon,,,Observed from cached Buddy page-data item image; review before asset download or canonical promotion.
Wax Candle,wax candle,wax-candle,https://buddy.farm/i/wax-candle/,Wax Candle,icon_found,observed,https://farmrpg.com/img/items/candle.png,/img/items/candle.png,candle.png,candle,,,Observed from cached Buddy page-data item image; review before asset download or canonical promotion.
We Know Card,we know card,we-know-card,https://buddy.farm/i/we-know-card/,We Know Card,icon_found,observed,https://farmrpg.com/img/items/card_weknow.png?12,/img/items/card_weknow.png,card_weknow.png,card_weknow,,,Observed from cached Buddy page-data item image; review before asset download or canonical promotion.
Welcome Card,welcome card,welcome-card,https://buddy.farm/i/welcome-card/,Welcome Card,icon_found,observed,https://farmrpg.com/img/items/card_welcome.png,/img/items/card_welcome.png,card_welcome.png,card_welcome,,,Observed from cached Buddy page-data item image; review before asset download or canonical promotion.
Werewolf Buddy Doll,werewolf buddy doll,werewolf-buddy-doll,https://buddy.farm/i/werewolf-buddy-doll/,Werewolf Buddy Doll,icon_found,observed,https://farmrpg.com/img/items/wbuddy.png,/img/items/wbuddy.png,wbuddy.png,wbuddy,,,Observed from cached Buddy page-data item image; review before asset download or canonical promotion.
Wheat,wheat,wheat,https://buddy.farm/i/wheat/,Wheat,icon_found,observed,https://farmrpg.com/img/items/8249.png,/img/items/8249.png,8249.png,8249,8249,,Observed from cached Buddy page-data item image; review before asset download or canonical promotion.
Wheat Seeds,wheat seeds,wheat-seeds,https://buddy.farm/i/wheat-seeds/,Wheat Seeds,icon_found,observed,https://farmrpg.com/img/items/seeds_wheet.png,/img/items/seeds_wheet.png,seeds_wheet.png,seeds_wheet,,,Observed from cached Buddy page-data item image; review before asset download or canonical promotion.
Whistle,whistle,whistle,https://buddy.farm/i/whistle/,Whistle,icon_found,observed,https://farmrpg.com/img/items/whistle_t_01.PNG,/img/items/whistle_t_01.PNG,whistle_t_01.PNG,whistle_t_01,,,Observed from cached Buddy page-data item image; review before asset download or canonical promotion.
White Cloak,white cloak,white-cloak,https://buddy.farm/i/white-cloak/,White Cloak,icon_found,observed,https://farmrpg.com/img/items/whitecloak.png,/img/items/whitecloak.png,whitecloak.png,whitecloak,,,Observed from cached Buddy page-data item image; review before asset download or canonical promotion.
White Dye,white dye,white-dye,https://buddy.farm/i/white-dye/,White Dye,icon_found,observed,https://farmrpg.com/img/items/whitedye.png,/img/items/whitedye.png,whitedye.png,whitedye,,,Observed from cached Buddy page-data item image; review before asset download or canonical promotion.
White Flowers,white flowers,white-flowers,https://buddy.farm/i/white-flowers/,White Flowers,icon_found,observed,https://farmrpg.com/img/items/wflowers.png,/img/items/wflowers.png,wflowers.png,wflowers,,,Observed from cached Buddy page-data item image; review before asset download or canonical promotion.
White Parchment,white parchment,white-parchment,https://buddy.farm/i/white-parchment/,White Parchment,icon_found,observed,https://farmrpg.com/img/items/whiteparchment.png,/img/items/whiteparchment.png,whiteparchment.png,whiteparchment,,,Observed from cached Buddy page-data item image; review before asset download or canonical promotion.
White Purse,white purse,white-purse,https://buddy.farm/i/white-purse/,White Purse,icon_found,observed,https://farmrpg.com/img/items/whitepurse.png,/img/items/whitepurse.png,whitepurse.png,whitepurse,,,Observed from cached Buddy page-data item image; review before asset download or canonical promotion.
White Scarf,white scarf,white-scarf,https://buddy.farm/i/white-scarf/,White Scarf,icon_found,observed,https://farmrpg.com/img/items/whitescarf.png,/img/items/whitescarf.png,whitescarf.png,whitescarf,,,Observed from cached Buddy page-data item image; review before asset download or canonical promotion.
White Shirt,white shirt,white-shirt,https://buddy.farm/i/white-shirt/,White Shirt,icon_found,observed,https://farmrpg.com/img/items/whiteshirt.png,/img/items/whiteshirt.png,whiteshirt.png,whiteshirt,,,Observed from cached Buddy page-data item image; review before asset download or canonical promotion.
White Sugar,white sugar,white-sugar,https://buddy.farm/i/white-sugar/,White Sugar,icon_found,observed,https://farmrpg.com/img/items/sugar-white.png,/img/items/sugar-white.png,sugar-white.png,sugar-white,,,Observed from cached Buddy page-data item image; review before asset download or canonical promotion.
White Truffle,white truffle,white-truffle,https://buddy.farm/i/white-truffle/,White Truffle,icon_found,observed,https://farmrpg.com/img/items/whitetruffle.png,/img/items/whitetruffle.png,whitetruffle.png,whitetruffle,,,Observed from cached Buddy page-data item image; review before asset download or canonical promotion.
White Twine,white twine,white-twine,https://buddy.farm/i/white-twine/,White Twine,icon_found,observed,https://farmrpg.com/img/items/whitetwine.png,/img/items/whitetwine.png,whitetwine.png,whitetwine,,,Observed from cached Buddy page-data item image; review before asset download or canonical promotion.
Wine,wine,wine,https://buddy.farm/i/wine/,Wine,icon_found,observed,https://farmrpg.com/img/items/wine.png,/img/items/wine.png,wine.png,wine,,,Observed from cached Buddy page-data item image; review before asset download or canonical promotion.
Winged Amulet,winged amulet,winged-amulet,https://buddy.farm/i/winged-amulet/,Winged Amulet,icon_found,observed,https://farmrpg.com/img/items/7422.png,/img/items/7422.png,7422.png,7422,7422,,Observed from cached Buddy page-data item image; review before asset download or canonical promotion.
Winter Basket,winter basket,winter-basket,https://buddy.farm/i/winter-basket/,Winter Basket,icon_found,observed,https://farmrpg.com/img/items/winterbasket.png?2,/img/items/winterbasket.png,winterbasket.png,winterbasket,,,Observed from cached Buddy page-data item image; review before asset download or canonical promotion.
Wishbone Necklace,wishbone necklace,wishbone-necklace,https://buddy.farm/i/wishbone-necklace/,Wishbone Necklace,icon_found,observed,https://farmrpg.com/img/items/wishbone.png,/img/items/wishbone.png,wishbone.png,wishbone,,,Observed from cached Buddy page-data item image; review before asset download or canonical promotion.
Witch Hat,witch hat,witch-hat,https://buddy.farm/i/witch-hat/,Witch Hat,icon_found,observed,https://farmrpg.com/img/items/hat_t_02.png,/img/items/hat_t_02.png,hat_t_02.png,hat_t_02,,,Observed from cached Buddy page-data item image; review before asset download or canonical promotion.
Witch's Brew,witch s brew,witch-s-brew,https://buddy.farm/i/witch-s-brew/,Witch's Brew,icon_found,observed,https://farmrpg.com/img/items/pot_t_01.png,/img/items/pot_t_01.png,pot_t_01.png,pot_t_01,,,Observed from cached Buddy page-data item image; review before asset download or canonical promotion.
Witch's Broom,witch s broom,witch-s-broom,https://buddy.farm/i/witch-s-broom/,Witch's Broom,icon_found,observed,https://farmrpg.com/img/items/broom_t_01.png,/img/items/broom_t_01.png,broom_t_01.png,broom_t_01,,,Observed from cached Buddy page-data item image; review before asset download or canonical promotion.
Wizard Hat,wizard hat,wizard-hat,https://buddy.farm/i/wizard-hat/,Wizard Hat,icon_found,observed,https://farmrpg.com/img/items/4798.png,/img/items/4798.png,4798.png,4798,4798,,Observed from cached Buddy page-data item image; review before asset download or canonical promotion.
Wizard's Second Favorite Feather,wizard s second favorite feather,wizard-s-second-favorite-feather,https://buddy.farm/i/wizard-s-second-favorite-feather/,Wizard's Second Favorite Feather,icon_found,observed,https://farmrpg.com/img/items/magicfeather.png?1,/img/items/magicfeather.png,magicfeather.png,magicfeather,,,Observed from cached Buddy page-data item image; review before asset download or canonical promotion.
Wood,wood,wood,https://buddy.farm/i/wood/,Wood,icon_found,observed,https://farmrpg.com/img/items/6143.PNG,/img/items/6143.PNG,6143.PNG,6143,6143,,Observed from cached Buddy page-data item image; review before asset download or canonical promotion.
Wooden Barrel,wooden barrel,wooden-barrel,https://buddy.farm/i/wooden-barrel/,Wooden Barrel,icon_found,observed,https://farmrpg.com/img/items/5829.PNG,/img/items/5829.PNG,5829.PNG,5829,5829,,Observed from cached Buddy page-data item image; review before asset download or canonical promotion.
Wooden Bow,wooden bow,wooden-bow,https://buddy.farm/i/wooden-bow/,Wooden Bow,icon_found,observed,https://farmrpg.com/img/items/4764.png,/img/items/4764.png,4764.png,4764,4764,,Observed from cached Buddy page-data item image; review before asset download or canonical promotion.
Wooden Box,wooden box,wooden-box,https://buddy.farm/i/wooden-box/,Wooden Box,icon_found,observed,https://farmrpg.com/img/items/5736.PNG,/img/items/5736.PNG,5736.PNG,5736,5736,,Observed from cached Buddy page-data item image; review before asset download or canonical promotion.
Wooden Button,wooden button,wooden-button,https://buddy.farm/i/wooden-button/,Wooden Button,icon_found,observed,https://farmrpg.com/img/items/707.png,/img/items/707.png,707.png,707,707,,Observed from cached Buddy page-data item image; review before asset download or canonical promotion.
Wooden Mask,wooden mask,wooden-mask,https://buddy.farm/i/wooden-mask/,Wooden Mask,icon_found,observed,https://farmrpg.com/img/items/4880.png,/img/items/4880.png,4880.png,4880,4880,,Observed from cached Buddy page-data item image; review before asset download or canonical promotion.
Wooden Pipe,wooden pipe,wooden-pipe,https://buddy.farm/i/wooden-pipe/,Wooden Pipe,icon_found,observed,https://farmrpg.com/img/items/4910.png?1,/img/items/4910.png,4910.png,4910,4910,,Observed from cached Buddy page-data item image; review before asset download or canonical promotion.
Wooden Plank,wooden plank,wooden-plank,https://buddy.farm/i/wooden-plank/,Wooden Plank,icon_found,observed,https://farmrpg.com/img/items/5733.PNG,/img/items/5733.PNG,5733.PNG,5733,5733,,Observed from cached Buddy page-data item image; review before asset download or canonical promotion.
Wooden Shield,wooden shield,wooden-shield,https://buddy.farm/i/wooden-shield/,Wooden Shield,icon_found,observed,https://farmrpg.com/img/items/5822.PNG,/img/items/5822.PNG,5822.PNG,5822,5822,,Observed from cached Buddy page-data item image; review before asset download or canonical promotion.
Wooden Spear,wooden spear,wooden-spear,https://buddy.farm/i/wooden-spear/,Wooden Spear,icon_found,observed,https://farmrpg.com/img/items/spear.png,/img/items/spear.png,spear.png,spear,,,Observed from cached Buddy page-data item image; review before asset download or canonical promotion.
Wooden Sword,wooden sword,wooden-sword,https://buddy.farm/i/wooden-sword/,Wooden Sword,icon_found,observed,https://farmrpg.com/img/items/sword2.png,/img/items/sword2.png,sword2.png,sword2,,,Observed from cached Buddy page-data item image; review before asset download or canonical promotion.
Wooden Table,wooden table,wooden-table,https://buddy.farm/i/wooden-table/,Wooden Table,icon_found,observed,https://farmrpg.com/img/items/3826.png,/img/items/3826.png,3826.png,3826,3826,,Observed from cached Buddy page-data item image; review before asset download or canonical promotion.
World Globe,world globe,world-globe,https://buddy.farm/i/world-globe/,World Globe,icon_found,observed,https://farmrpg.com/img/items/globe.png,/img/items/globe.png,globe.png,globe,,,Observed from cached Buddy page-data item image; review before asset download or canonical promotion.
Worms,worms,worms,https://buddy.farm/i/worms/,Worms,icon_found,observed,https://farmrpg.com/img/items/7758.png,/img/items/7758.png,7758.png,7758,7758,,Observed from cached Buddy page-data item image; review before asset download or canonical promotion.
Wrench,wrench,wrench,https://buddy.farm/i/wrench/,Wrench,icon_found,observed,https://farmrpg.com/img/items/9310.png,/img/items/9310.png,9310.png,9310,9310,,Observed from cached Buddy page-data item image; review before asset download or canonical promotion.
Y73841 Blueprint,y73841 blueprint,y73841-blueprint,https://buddy.farm/i/y73841-blueprint/,Y73841 Blueprint,icon_found,observed,https://farmrpg.com/img/items/7793.png,/img/items/7793.png,7793.png,7793,7793,,Observed from cached Buddy page-data item image; review before asset download or canonical promotion.
Y73841 Detector,y73841 detector,y73841-detector,https://buddy.farm/i/y73841-detector/,Y73841 Detector,icon_found,observed,https://farmrpg.com/img/items/9304.png,/img/items/9304.png,9304.png,9304,9304,,Observed from cached Buddy page-data item image; review before asset download or canonical promotion.
Yarn,yarn,yarn,https://buddy.farm/i/yarn/,Yarn,icon_found,observed,https://farmrpg.com/img/items/pt_t_07.png,/img/items/pt_t_07.png,pt_t_07.png,pt_t_07,,,Observed from cached Buddy page-data item image; review before asset download or canonical promotion.
Yellow Bag,yellow bag,yellow-bag,https://buddy.farm/i/yellow-bag/,Yellow Bag,icon_found,observed,https://farmrpg.com/img/items/yellowbag.png,/img/items/yellowbag.png,yellowbag.png,yellowbag,,,Observed from cached Buddy page-data item image; review before asset download or canonical promotion.
Yellow Butterfly,yellow butterfly,yellow-butterfly,https://buddy.farm/i/yellow-butterfly/,Yellow Butterfly,icon_found,observed,https://farmrpg.com/img/items/yellowbutterfly.png,/img/items/yellowbutterfly.png,yellowbutterfly.png,yellowbutterfly,,,Observed from cached Buddy page-data item image; review before asset download or canonical promotion.
Yellow Dye,yellow dye,yellow-dye,https://buddy.farm/i/yellow-dye/,Yellow Dye,icon_found,observed,https://farmrpg.com/img/items/yellowdye.png,/img/items/yellowdye.png,yellowdye.png,yellowdye,,,Observed from cached Buddy page-data item image; review before asset download or canonical promotion.
Yellow Flowers,yellow flowers,yellow-flowers,https://buddy.farm/i/yellow-flowers/,Yellow Flowers,icon_found,observed,https://farmrpg.com/img/items/yflowers.png,/img/items/yflowers.png,yflowers.png,yflowers,,,Observed from cached Buddy page-data item image; review before asset download or canonical promotion.
Yellow Ornament,yellow ornament,yellow-ornament,https://buddy.farm/i/yellow-ornament/,Yellow Ornament,icon_found,observed,https://farmrpg.com/img/items/cr_t_03_e.png,/img/items/cr_t_03_e.png,cr_t_03_e.png,cr_t_03_e,,,Observed from cached Buddy page-data item image; review before asset download or canonical promotion.
Yellow Perch,yellow perch,yellow-perch,https://buddy.farm/i/yellow-perch/,Yellow Perch,icon_found,observed,https://farmrpg.com/img/items/yellowperch.png,/img/items/yellowperch.png,yellowperch.png,yellowperch,,,Observed from cached Buddy page-data item image; review before asset download or canonical promotion.
Yellow Purse,yellow purse,yellow-purse,https://buddy.farm/i/yellow-purse/,Yellow Purse,icon_found,observed,https://farmrpg.com/img/items/yellowpurse.png,/img/items/yellowpurse.png,yellowpurse.png,yellowpurse,,,Observed from cached Buddy page-data item image; review before asset download or canonical promotion.
Yellow Scarf,yellow scarf,yellow-scarf,https://buddy.farm/i/yellow-scarf/,Yellow Scarf,icon_found,observed,https://farmrpg.com/img/items/yellowscarf.png,/img/items/yellowscarf.png,yellowscarf.png,yellowscarf,,,Observed from cached Buddy page-data item image; review before asset download or canonical promotion.
Yellow Shirt,yellow shirt,yellow-shirt,https://buddy.farm/i/yellow-shirt/,Yellow Shirt,icon_found,observed,https://farmrpg.com/img/items/yellowshirt.png,/img/items/yellowshirt.png,yellowshirt.png,yellowshirt,,,Observed from cached Buddy page-data item image; review before asset download or canonical promotion.
Yellow Twine,yellow twine,yellow-twine,https://buddy.farm/i/yellow-twine/,Yellow Twine,icon_found,observed,https://farmrpg.com/img/items/yellowtwine.png,/img/items/yellowtwine.png,yellowtwine.png,yellowtwine,,,Observed from cached Buddy page-data item image; review before asset download or canonical promotion.
Yellow Watermelon,yellow watermelon,yellow-watermelon,https://buddy.farm/i/yellow-watermelon/,Yellow Watermelon,icon_found,observed,https://farmrpg.com/img/items/yellowwatermelon.png,/img/items/yellowwatermelon.png,yellowwatermelon.png,yellowwatermelon,,,Observed from cached Buddy page-data item image; review before asset download or canonical promotion.
You Rock Card,you rock card,you-rock-card,https://buddy.farm/i/you-rock-card/,You Rock Card,icon_found,observed,https://farmrpg.com/img/items/card_yourock.png,/img/items/card_yourock.png,card_yourock.png,card_yourock,,,Observed from cached Buddy page-data item image; review before asset download or canonical promotion.
YoYo,yoyo,yoyo,https://buddy.farm/i/yoyo/,YoYo,icon_found,observed,https://farmrpg.com/img/items/yoyo.png,/img/items/yoyo.png,yoyo.png,yoyo,,,Observed from cached Buddy page-data item image; review before asset download or canonical promotion.
Yule Goat,yule goat,yule-goat,https://buddy.farm/i/yule-goat/,Yule Goat,icon_found,observed,https://farmrpg.com/img/items/yulegoatsm.png,/img/items/yulegoatsm.png,yulegoatsm.png,yulegoatsm,,,Observed from cached Buddy page-data item image; review before asset download or canonical promotion.
Zho's Dagger,zho s dagger,zho-s-dagger,https://buddy.farm/i/zho-s-dagger/,Zho's Dagger,icon_found,observed,https://farmrpg.com/img/items/4773.png,/img/items/4773.png,4773.png,4773,4773,,Observed from cached Buddy page-data item image; review before asset download or canonical promotion.
Zombie Buddy Doll,zombie buddy doll,zombie-buddy-doll,https://buddy.farm/i/zombie-buddy-doll/,Zombie Buddy Doll,icon_found,observed,https://farmrpg.com/img/items/zbuddy.png,/img/items/zbuddy.png,zbuddy.png,zbuddy,,,Observed from cached Buddy page-data item image; review before asset download or canonical promotion.