output_canonical_key,output_item_name,input_order,input_item_name,input_canonical_key,quantity,source_url,page_data_url,cache_file_name,parser_version,flags,notes
acorn butter,Acorn Butter,1,Acorn,acorn,75,https://buddy.farm/i/acorn-butter/,https://buddy.farm/page-data/i/acorn-butter/page-data.json,acorn-butter__acorn-butter.json,buddy-item-multi-source-v1,,
acorn butter,Acorn Butter,2,Glass Bottle,glass bottle,1,https://buddy.farm/i/acorn-butter/,https://buddy.farm/page-data/i/acorn-butter/page-data.json,acorn-butter__acorn-butter.json,buddy-item-multi-source-v1,,
acorn pie,Acorn Pie,1,Brown Sugar,brown sugar,5,https://buddy.farm/i/acorn-pie/,https://buddy.farm/page-data/i/acorn-pie/page-data.json,acorn-pie__acorn-pie.json,buddy-item-multi-source-v1,,
acorn pie,Acorn Pie,2,Molasses,molasses,7,https://buddy.farm/i/acorn-pie/,https://buddy.farm/page-data/i/acorn-pie/page-data.json,acorn-pie__acorn-pie.json,buddy-item-multi-source-v1,,
acorn pie,Acorn Pie,3,Acorn,acorn,400,https://buddy.farm/i/acorn-pie/,https://buddy.farm/page-data/i/acorn-pie/page-data.json,acorn-pie__acorn-pie.json,buddy-item-multi-source-v1,,
acorn pie,Acorn Pie,4,Coal,coal,1500,https://buddy.farm/i/acorn-pie/,https://buddy.farm/page-data/i/acorn-pie/page-data.json,acorn-pie__acorn-pie.json,buddy-item-multi-source-v1,,
acorn pie,Acorn Pie,5,Salt,salt,10,https://buddy.farm/i/acorn-pie/,https://buddy.farm/page-data/i/acorn-pie/page-data.json,acorn-pie__acorn-pie.json,buddy-item-multi-source-v1,,
acorn pie,Acorn Pie,6,Butter,butter,25,https://buddy.farm/i/acorn-pie/,https://buddy.farm/page-data/i/acorn-pie/page-data.json,acorn-pie__acorn-pie.json,buddy-item-multi-source-v1,,
acorn pie,Acorn Pie,7,Pie Pan,pie pan,1,https://buddy.farm/i/acorn-pie/,https://buddy.farm/page-data/i/acorn-pie/page-data.json,acorn-pie__acorn-pie.json,buddy-item-multi-source-v1,,
acorn pie,Acorn Pie,8,Flour,flour,25,https://buddy.farm/i/acorn-pie/,https://buddy.farm/page-data/i/acorn-pie/page-data.json,acorn-pie__acorn-pie.json,buddy-item-multi-source-v1,,
amber cane,Amber Cane,1,Mushroom Paste,mushroom paste,1,https://buddy.farm/i/amber-cane/,https://buddy.farm/page-data/i/amber-cane/page-data.json,amber-cane__amber-cane.json,buddy-item-multi-source-v1,,
amber cane,Amber Cane,2,Iron Ring,iron ring,2,https://buddy.farm/i/amber-cane/,https://buddy.farm/page-data/i/amber-cane/page-data.json,amber-cane__amber-cane.json,buddy-item-multi-source-v1,,
amber cane,Amber Cane,3,Bone,bone,1,https://buddy.farm/i/amber-cane/,https://buddy.farm/page-data/i/amber-cane/page-data.json,amber-cane__amber-cane.json,buddy-item-multi-source-v1,,
amber cane,Amber Cane,4,Amber,amber,1,https://buddy.farm/i/amber-cane/,https://buddy.farm/page-data/i/amber-cane/page-data.json,amber-cane__amber-cane.json,buddy-item-multi-source-v1,,
amber cane,Amber Cane,5,Oak,oak,1,https://buddy.farm/i/amber-cane/,https://buddy.farm/page-data/i/amber-cane/page-data.json,amber-cane__amber-cane.json,buddy-item-multi-source-v1,,
amber cane,Amber Cane,6,Sand,sand,3,https://buddy.farm/i/amber-cane/,https://buddy.farm/page-data/i/amber-cane/page-data.json,amber-cane__amber-cane.json,buddy-item-multi-source-v1,,
amethyst necklace,Amethyst Necklace,1,Iron Ring,iron ring,2,https://buddy.farm/i/amethyst-necklace/,https://buddy.farm/page-data/i/amethyst-necklace/page-data.json,amethyst-necklace__amethyst-necklace.json,buddy-item-multi-source-v1,,
amethyst necklace,Amethyst Necklace,2,Amethyst,amethyst,1,https://buddy.farm/i/amethyst-necklace/,https://buddy.farm/page-data/i/amethyst-necklace/page-data.json,amethyst-necklace__amethyst-necklace.json,buddy-item-multi-source-v1,,
apple cider,Apple Cider,1,Apple,apple,40,https://buddy.farm/i/apple-cider/,https://buddy.farm/page-data/i/apple-cider/page-data.json,apple-cider__apple-cider.json,buddy-item-multi-source-v1,,
apple cider,Apple Cider,2,Glass Bottle,glass bottle,1,https://buddy.farm/i/apple-cider/,https://buddy.farm/page-data/i/apple-cider/page-data.json,apple-cider__apple-cider.json,buddy-item-multi-source-v1,,
apple cider,Apple Cider,3,Orange,orange,1,https://buddy.farm/i/apple-cider/,https://buddy.farm/page-data/i/apple-cider/page-data.json,apple-cider__apple-cider.json,buddy-item-multi-source-v1,,
aquacite,Aquacite,1,Unpolished Aquacite,unpolished aquacite,2,https://buddy.farm/i/aquacite/,https://buddy.farm/page-data/i/aquacite/page-data.json,aquacite__aquacite.json,buddy-item-multi-source-v1,,
aquamarine ring,Aquamarine Ring,1,Aquamarine,aquamarine,1,https://buddy.farm/i/aquamarine-ring/,https://buddy.farm/page-data/i/aquamarine-ring/page-data.json,aquamarine-ring__aquamarine-ring.json,buddy-item-multi-source-v1,,
aquamarine ring,Aquamarine Ring,2,Mushroom Paste,mushroom paste,1,https://buddy.farm/i/aquamarine-ring/,https://buddy.farm/page-data/i/aquamarine-ring/page-data.json,aquamarine-ring__aquamarine-ring.json,buddy-item-multi-source-v1,,
aquamarine ring,Aquamarine Ring,3,Iron Ring,iron ring,1,https://buddy.farm/i/aquamarine-ring/,https://buddy.farm/page-data/i/aquamarine-ring/page-data.json,aquamarine-ring__aquamarine-ring.json,buddy-item-multi-source-v1,,
arnold palmer,Arnold Palmer,1,Lemonade,lemonade,20,https://buddy.farm/i/arnold-palmer/,https://buddy.farm/page-data/i/arnold-palmer/page-data.json,arnold-palmer__arnold-palmer.json,buddy-item-multi-source-v1,,
arnold palmer,Arnold Palmer,2,Iced Tea,iced tea,1,https://buddy.farm/i/arnold-palmer/,https://buddy.farm/page-data/i/arnold-palmer/page-data.json,arnold-palmer__arnold-palmer.json,buddy-item-multi-source-v1,,
awl,Awl,1,Iron,iron,1,https://buddy.farm/i/awl/,https://buddy.farm/page-data/i/awl/page-data.json,awl__awl.json,buddy-item-multi-source-v1,,
awl,Awl,2,Iron Ring,iron ring,2,https://buddy.farm/i/awl/,https://buddy.farm/page-data/i/awl/page-data.json,awl__awl.json,buddy-item-multi-source-v1,,
awl,Awl,3,Wood,wood,1,https://buddy.farm/i/awl/,https://buddy.farm/page-data/i/awl/page-data.json,awl__awl.json,buddy-item-multi-source-v1,,
axe,Axe,1,Iron,iron,1,https://buddy.farm/i/axe/,https://buddy.farm/page-data/i/axe/page-data.json,axe__axe.json,buddy-item-multi-source-v1,,
axe,Axe,2,Nails,nails,2,https://buddy.farm/i/axe/,https://buddy.farm/page-data/i/axe/page-data.json,axe__axe.json,buddy-item-multi-source-v1,,
axe,Axe,3,Board,board,1,https://buddy.farm/i/axe/,https://buddy.farm/page-data/i/axe/page-data.json,axe__axe.json,buddy-item-multi-source-v1,,
axe,Axe,4,Stone,stone,1,https://buddy.farm/i/axe/,https://buddy.farm/page-data/i/axe/page-data.json,axe__axe.json,buddy-item-multi-source-v1,,
axe,Axe,5,Mushroom Paste,mushroom paste,1,https://buddy.farm/i/axe/,https://buddy.farm/page-data/i/axe/page-data.json,axe__axe.json,buddy-item-multi-source-v1,,
bamboo chair,Bamboo Chair,1,Twine,twine,15,https://buddy.farm/i/bamboo-chair/,https://buddy.farm/page-data/i/bamboo-chair/page-data.json,bamboo-chair__bamboo-chair.json,buddy-item-multi-source-v1,,
bamboo chair,Bamboo Chair,2,Bamboo,bamboo,30,https://buddy.farm/i/bamboo-chair/,https://buddy.farm/page-data/i/bamboo-chair/page-data.json,bamboo-chair__bamboo-chair.json,buddy-item-multi-source-v1,,
bamboo chair,Bamboo Chair,3,Basic Pillow,basic pillow,1,https://buddy.farm/i/bamboo-chair/,https://buddy.farm/page-data/i/bamboo-chair/page-data.json,bamboo-chair__bamboo-chair.json,buddy-item-multi-source-v1,,
bamboo fence,Bamboo Fence,1,Board,board,10,https://buddy.farm/i/bamboo-fence/,https://buddy.farm/page-data/i/bamboo-fence/page-data.json,bamboo-fence__bamboo-fence.json,buddy-item-multi-source-v1,,
bamboo fence,Bamboo Fence,2,Twine,twine,10,https://buddy.farm/i/bamboo-fence/,https://buddy.farm/page-data/i/bamboo-fence/page-data.json,bamboo-fence__bamboo-fence.json,buddy-item-multi-source-v1,,
bamboo fence,Bamboo Fence,3,Bamboo,bamboo,35,https://buddy.farm/i/bamboo-fence/,https://buddy.farm/page-data/i/bamboo-fence/page-data.json,bamboo-fence__bamboo-fence.json,buddy-item-multi-source-v1,,
bamboo flute,Bamboo Flute,1,Steel Wire,steel wire,1,https://buddy.farm/i/bamboo-flute/,https://buddy.farm/page-data/i/bamboo-flute/page-data.json,bamboo-flute__bamboo-flute.json,buddy-item-multi-source-v1,,
bamboo flute,Bamboo Flute,2,Awl,awl,1,https://buddy.farm/i/bamboo-flute/,https://buddy.farm/page-data/i/bamboo-flute/page-data.json,bamboo-flute__bamboo-flute.json,buddy-item-multi-source-v1,,
bamboo flute,Bamboo Flute,3,Bamboo,bamboo,2,https://buddy.farm/i/bamboo-flute/,https://buddy.farm/page-data/i/bamboo-flute/page-data.json,bamboo-flute__bamboo-flute.json,buddy-item-multi-source-v1,,
bamboo rope,Bamboo Rope,1,Bamboo,bamboo,4,https://buddy.farm/i/bamboo-rope/,https://buddy.farm/page-data/i/bamboo-rope/page-data.json,bamboo-rope__bamboo-rope.json,buddy-item-multi-source-v1,,
bamboo trellis,Bamboo Trellis,1,Twine,twine,10,https://buddy.farm/i/bamboo-trellis/,https://buddy.farm/page-data/i/bamboo-trellis/page-data.json,bamboo-trellis__bamboo-trellis.json,buddy-item-multi-source-v1,,
bamboo trellis,Bamboo Trellis,2,Bamboo,bamboo,20,https://buddy.farm/i/bamboo-trellis/,https://buddy.farm/page-data/i/bamboo-trellis/page-data.json,bamboo-trellis__bamboo-trellis.json,buddy-item-multi-source-v1,,
barbed wire,Barbed Wire,1,Thorns,thorns,5,https://buddy.farm/i/barbed-wire/,https://buddy.farm/page-data/i/barbed-wire/page-data.json,barbed-wire__barbed-wire.json,buddy-item-multi-source-v1,,
barbed wire,Barbed Wire,2,Steel Wire,steel wire,1,https://buddy.farm/i/barbed-wire/,https://buddy.farm/page-data/i/barbed-wire/page-data.json,barbed-wire__barbed-wire.json,buddy-item-multi-source-v1,,
basic pillow,Basic Pillow,1,Feathers,feathers,25,https://buddy.farm/i/basic-pillow/,https://buddy.farm/page-data/i/basic-pillow/page-data.json,basic-pillow__basic-pillow.json,buddy-item-multi-source-v1,,
basic pillow,Basic Pillow,2,Twine,twine,2,https://buddy.farm/i/basic-pillow/,https://buddy.farm/page-data/i/basic-pillow/page-data.json,basic-pillow__basic-pillow.json,buddy-item-multi-source-v1,,
basic pillow,Basic Pillow,3,Cloth,cloth,2,https://buddy.farm/i/basic-pillow/,https://buddy.farm/page-data/i/basic-pillow/page-data.json,basic-pillow__basic-pillow.json,buddy-item-multi-source-v1,,
belt drive,Belt Drive,1,Purple Dye,purple dye,1,https://buddy.farm/i/belt-drive/,https://buddy.farm/page-data/i/belt-drive/page-data.json,belt-drive__belt-drive.json,buddy-item-multi-source-v1,,
belt drive,Belt Drive,2,Rope,rope,1,https://buddy.farm/i/belt-drive/,https://buddy.farm/page-data/i/belt-drive/page-data.json,belt-drive__belt-drive.json,buddy-item-multi-source-v1,,
belt drive,Belt Drive,3,Pulley,pulley,2,https://buddy.farm/i/belt-drive/,https://buddy.farm/page-data/i/belt-drive/page-data.json,belt-drive__belt-drive.json,buddy-item-multi-source-v1,,
black bag,Black Bag,1,Leather Bag,leather bag,1,https://buddy.farm/i/black-bag/,https://buddy.farm/page-data/i/black-bag/page-data.json,black-bag__black-bag.json,buddy-item-multi-source-v1,,
black bag,Black Bag,2,Black Dye,black dye,1,https://buddy.farm/i/black-bag/,https://buddy.farm/page-data/i/black-bag/page-data.json,black-bag__black-bag.json,buddy-item-multi-source-v1,,
black cloak,Black Cloak,1,Leather,leather,5,https://buddy.farm/i/black-cloak/,https://buddy.farm/page-data/i/black-cloak/page-data.json,black-cloak__black-cloak.json,buddy-item-multi-source-v1,,
black cloak,Black Cloak,2,Cotton,cotton,1,https://buddy.farm/i/black-cloak/,https://buddy.farm/page-data/i/black-cloak/page-data.json,black-cloak__black-cloak.json,buddy-item-multi-source-v1,,
black cloak,Black Cloak,3,Black Twine,black twine,10,https://buddy.farm/i/black-cloak/,https://buddy.farm/page-data/i/black-cloak/page-data.json,black-cloak__black-cloak.json,buddy-item-multi-source-v1,,
black cloak,Black Cloak,4,Black Dye,black dye,10,https://buddy.farm/i/black-cloak/,https://buddy.farm/page-data/i/black-cloak/page-data.json,black-cloak__black-cloak.json,buddy-item-multi-source-v1,,
black dye,Black Dye,1,Glass Bottle,glass bottle,1,https://buddy.farm/i/black-dye/,https://buddy.farm/page-data/i/black-dye/page-data.json,black-dye__black-dye.json,buddy-item-multi-source-v1,,
black dye,Black Dye,2,Shadow Bloom,shadow bloom,3,https://buddy.farm/i/black-dye/,https://buddy.farm/page-data/i/black-dye/page-data.json,black-dye__black-dye.json,buddy-item-multi-source-v1,,
black powder,Black Powder,1,Coal,coal,3,https://buddy.farm/i/black-powder/,https://buddy.farm/page-data/i/black-powder/page-data.json,black-powder__black-powder.json,buddy-item-multi-source-v1,,
black purse,Black Purse,1,Coin Purse,coin purse,1,https://buddy.farm/i/black-purse/,https://buddy.farm/page-data/i/black-purse/page-data.json,black-purse__black-purse.json,buddy-item-multi-source-v1,,
black purse,Black Purse,2,Black Dye,black dye,1,https://buddy.farm/i/black-purse/,https://buddy.farm/page-data/i/black-purse/page-data.json,black-purse__black-purse.json,buddy-item-multi-source-v1,,
black scarf,Black Scarf,1,Yarn,yarn,2,https://buddy.farm/i/black-scarf/,https://buddy.farm/page-data/i/black-scarf/page-data.json,black-scarf__black-scarf.json,buddy-item-multi-source-v1,,
black scarf,Black Scarf,2,Black Dye,black dye,1,https://buddy.farm/i/black-scarf/,https://buddy.farm/page-data/i/black-scarf/page-data.json,black-scarf__black-scarf.json,buddy-item-multi-source-v1,,
black shield,Black Shield,1,Steel,steel,3,https://buddy.farm/i/black-shield/,https://buddy.farm/page-data/i/black-shield/page-data.json,black-shield__black-shield.json,buddy-item-multi-source-v1,,
black shield,Black Shield,2,Sturdy Shield,sturdy shield,1,https://buddy.farm/i/black-shield/,https://buddy.farm/page-data/i/black-shield/page-data.json,black-shield__black-shield.json,buddy-item-multi-source-v1,,
black shield,Black Shield,3,Black Dye,black dye,1,https://buddy.farm/i/black-shield/,https://buddy.farm/page-data/i/black-shield/page-data.json,black-shield__black-shield.json,buddy-item-multi-source-v1,,
black shirt,Black Shirt,1,Sewing Needle,sewing needle,1,https://buddy.farm/i/black-shirt/,https://buddy.farm/page-data/i/black-shirt/page-data.json,black-shirt__black-shirt.json,buddy-item-multi-source-v1,,
black shirt,Black Shirt,2,Black Dye,black dye,1,https://buddy.farm/i/black-shirt/,https://buddy.farm/page-data/i/black-shirt/page-data.json,black-shirt__black-shirt.json,buddy-item-multi-source-v1,,
black shirt,Black Shirt,3,Cloth,cloth,10,https://buddy.farm/i/black-shirt/,https://buddy.farm/page-data/i/black-shirt/page-data.json,black-shirt__black-shirt.json,buddy-item-multi-source-v1,,
black twine,Black Twine,1,Twine,twine,1,https://buddy.farm/i/black-twine/,https://buddy.farm/page-data/i/black-twine/page-data.json,black-twine__black-twine.json,buddy-item-multi-source-v1,,
black twine,Black Twine,2,Black Dye,black dye,1,https://buddy.farm/i/black-twine/,https://buddy.farm/page-data/i/black-twine/page-data.json,black-twine__black-twine.json,buddy-item-multi-source-v1,,
block of wood,Block of Wood,1,Axe,axe,1,https://buddy.farm/i/block-of-wood/,https://buddy.farm/page-data/i/block-of-wood/page-data.json,block-of-wood__block-of-wood.json,buddy-item-multi-source-v1,,
block of wood,Block of Wood,2,Pine Tree,pine tree,1,https://buddy.farm/i/block-of-wood/,https://buddy.farm/page-data/i/block-of-wood/page-data.json,block-of-wood__block-of-wood.json,buddy-item-multi-source-v1,,
block of wood,Block of Wood,3,Handsaw,handsaw,1,https://buddy.farm/i/block-of-wood/,https://buddy.farm/page-data/i/block-of-wood/page-data.json,block-of-wood__block-of-wood.json,buddy-item-multi-source-v1,,
blue butterfly,Blue Butterfly,1,Wood,wood,1,https://buddy.farm/i/blue-butterfly/,https://buddy.farm/page-data/i/blue-butterfly/page-data.json,blue-butterfly__blue-butterfly.json,buddy-item-multi-source-v1,,
blue butterfly,Blue Butterfly,2,Caterpillar,caterpillar,1,https://buddy.farm/i/blue-butterfly/,https://buddy.farm/page-data/i/blue-butterfly/page-data.json,blue-butterfly__blue-butterfly.json,buddy-item-multi-source-v1,,
blue butterfly,Blue Butterfly,3,Blue Dye,blue dye,1,https://buddy.farm/i/blue-butterfly/,https://buddy.farm/page-data/i/blue-butterfly/page-data.json,blue-butterfly__blue-butterfly.json,buddy-item-multi-source-v1,,
blue butterfly,Blue Butterfly,4,Silk,silk,3,https://buddy.farm/i/blue-butterfly/,https://buddy.farm/page-data/i/blue-butterfly/page-data.json,blue-butterfly__blue-butterfly.json,buddy-item-multi-source-v1,,
blue diary,Blue Diary,1,Mushroom Paste,mushroom paste,1,https://buddy.farm/i/blue-diary/,https://buddy.farm/page-data/i/blue-diary/page-data.json,blue-diary__blue-diary.json,buddy-item-multi-source-v1,,
blue diary,Blue Diary,2,White Parchment,white parchment,1,https://buddy.farm/i/blue-diary/,https://buddy.farm/page-data/i/blue-diary/page-data.json,blue-diary__blue-diary.json,buddy-item-multi-source-v1,,
blue diary,Blue Diary,3,Blue Parchment,blue parchment,1,https://buddy.farm/i/blue-diary/,https://buddy.farm/page-data/i/blue-diary/page-data.json,blue-diary__blue-diary.json,buddy-item-multi-source-v1,,
blue dye,Blue Dye,1,Glass Bottle,glass bottle,1,https://buddy.farm/i/blue-dye/,https://buddy.farm/page-data/i/blue-dye/page-data.json,blue-dye__blue-dye.json,buddy-item-multi-source-v1,,
blue dye,Blue Dye,2,Blue Feathers,blue feathers,3,https://buddy.farm/i/blue-dye/,https://buddy.farm/page-data/i/blue-dye/page-data.json,blue-dye__blue-dye.json,buddy-item-multi-source-v1,,
blue parchment,Blue Parchment,1,Blue Feathers,blue feathers,3,https://buddy.farm/i/blue-parchment/,https://buddy.farm/page-data/i/blue-parchment/page-data.json,blue-parchment__blue-parchment.json,buddy-item-multi-source-v1,,
blue purse,Blue Purse,1,Blue Dye,blue dye,1,https://buddy.farm/i/blue-purse/,https://buddy.farm/page-data/i/blue-purse/page-data.json,blue-purse__blue-purse.json,buddy-item-multi-source-v1,,
blue purse,Blue Purse,2,Coin Purse,coin purse,1,https://buddy.farm/i/blue-purse/,https://buddy.farm/page-data/i/blue-purse/page-data.json,blue-purse__blue-purse.json,buddy-item-multi-source-v1,,
blue shirt,Blue Shirt,1,Blue Dye,blue dye,1,https://buddy.farm/i/blue-shirt/,https://buddy.farm/page-data/i/blue-shirt/page-data.json,blue-shirt__blue-shirt.json,buddy-item-multi-source-v1,,
blue shirt,Blue Shirt,2,Sewing Needle,sewing needle,1,https://buddy.farm/i/blue-shirt/,https://buddy.farm/page-data/i/blue-shirt/page-data.json,blue-shirt__blue-shirt.json,buddy-item-multi-source-v1,,
blue shirt,Blue Shirt,3,Cloth,cloth,10,https://buddy.farm/i/blue-shirt/,https://buddy.farm/page-data/i/blue-shirt/page-data.json,blue-shirt__blue-shirt.json,buddy-item-multi-source-v1,,
blue twine,Blue Twine,1,Twine,twine,1,https://buddy.farm/i/blue-twine/,https://buddy.farm/page-data/i/blue-twine/page-data.json,blue-twine__blue-twine.json,buddy-item-multi-source-v1,,
blue twine,Blue Twine,2,Blue Dye,blue dye,1,https://buddy.farm/i/blue-twine/,https://buddy.farm/page-data/i/blue-twine/page-data.json,blue-twine__blue-twine.json,buddy-item-multi-source-v1,,
board,Board,1,Wood,wood,5,https://buddy.farm/i/board/,https://buddy.farm/page-data/i/board/page-data.json,board__board.json,buddy-item-multi-source-v1,,
bone broth,Bone Broth,1,Bone,bone,10,https://buddy.farm/i/bone-broth/,https://buddy.farm/page-data/i/bone-broth/page-data.json,bone-broth__bone-broth.json,buddy-item-multi-source-v1,,
bone broth,Bone Broth,2,Coal,coal,5,https://buddy.farm/i/bone-broth/,https://buddy.farm/page-data/i/bone-broth/page-data.json,bone-broth__bone-broth.json,buddy-item-multi-source-v1,,
bone broth,Bone Broth,3,Cooking Pot,cooking pot,1,https://buddy.farm/i/bone-broth/,https://buddy.farm/page-data/i/bone-broth/page-data.json,bone-broth__bone-broth.json,buddy-item-multi-source-v1,,
bone pickaxe,Bone Pickaxe,1,Mushroom Paste,mushroom paste,1,https://buddy.farm/i/bone-pickaxe/,https://buddy.farm/page-data/i/bone-pickaxe/page-data.json,bone-pickaxe__bone-pickaxe.json,buddy-item-multi-source-v1,,
bone pickaxe,Bone Pickaxe,2,Bone,bone,1,https://buddy.farm/i/bone-pickaxe/,https://buddy.farm/page-data/i/bone-pickaxe/page-data.json,bone-pickaxe__bone-pickaxe.json,buddy-item-multi-source-v1,,
bone pickaxe,Bone Pickaxe,3,Pickaxe,pickaxe,1,https://buddy.farm/i/bone-pickaxe/,https://buddy.farm/page-data/i/bone-pickaxe/page-data.json,bone-pickaxe__bone-pickaxe.json,buddy-item-multi-source-v1,,
bottle rocket,Bottle Rocket,1,Black Powder,black powder,1,https://buddy.farm/i/bottle-rocket/,https://buddy.farm/page-data/i/bottle-rocket/page-data.json,bottle-rocket__bottle-rocket.json,buddy-item-multi-source-v1,,
bottle rocket,Bottle Rocket,2,Wood,wood,3,https://buddy.farm/i/bottle-rocket/,https://buddy.farm/page-data/i/bottle-rocket/page-data.json,bottle-rocket__bottle-rocket.json,buddy-item-multi-source-v1,,
bottle rocket,Bottle Rocket,3,Feathers,feathers,2,https://buddy.farm/i/bottle-rocket/,https://buddy.farm/page-data/i/bottle-rocket/page-data.json,bottle-rocket__bottle-rocket.json,buddy-item-multi-source-v1,,
bouquet of flowers,Bouquet of Flowers,1,Red Flowers,red flowers,2,https://buddy.farm/i/bouquet-of-flowers/,https://buddy.farm/page-data/i/bouquet-of-flowers/page-data.json,bouquet-of-flowers__bouquet-of-flowers.json,buddy-item-multi-source-v1,,
bouquet of flowers,Bouquet of Flowers,2,White Parchment,white parchment,1,https://buddy.farm/i/bouquet-of-flowers/,https://buddy.farm/page-data/i/bouquet-of-flowers/page-data.json,bouquet-of-flowers__bouquet-of-flowers.json,buddy-item-multi-source-v1,,
bouquet of flowers,Bouquet of Flowers,3,Yellow Flowers,yellow flowers,2,https://buddy.farm/i/bouquet-of-flowers/,https://buddy.farm/page-data/i/bouquet-of-flowers/page-data.json,bouquet-of-flowers__bouquet-of-flowers.json,buddy-item-multi-source-v1,,
bouquet of flowers,Bouquet of Flowers,4,Blue Flowers,blue flowers,2,https://buddy.farm/i/bouquet-of-flowers/,https://buddy.farm/page-data/i/bouquet-of-flowers/page-data.json,bouquet-of-flowers__bouquet-of-flowers.json,buddy-item-multi-source-v1,,
bouquet of flowers,Bouquet of Flowers,5,Orange Flowers,orange flowers,2,https://buddy.farm/i/bouquet-of-flowers/,https://buddy.farm/page-data/i/bouquet-of-flowers/page-data.json,bouquet-of-flowers__bouquet-of-flowers.json,buddy-item-multi-source-v1,,
bouquet of flowers,Bouquet of Flowers,6,Twine,twine,1,https://buddy.farm/i/bouquet-of-flowers/,https://buddy.farm/page-data/i/bouquet-of-flowers/page-data.json,bouquet-of-flowers__bouquet-of-flowers.json,buddy-item-multi-source-v1,,
bouquet of flowers,Bouquet of Flowers,7,White Flowers,white flowers,2,https://buddy.farm/i/bouquet-of-flowers/,https://buddy.farm/page-data/i/bouquet-of-flowers/page-data.json,bouquet-of-flowers__bouquet-of-flowers.json,buddy-item-multi-source-v1,,
breakfast boost,Breakfast Boost,1,Eggs,eggs,3,https://buddy.farm/i/breakfast-boost/,https://buddy.farm/page-data/i/breakfast-boost/page-data.json,breakfast-boost__breakfast-boost.json,buddy-item-multi-source-v1,,
breakfast boost,Breakfast Boost,2,Cabbage,cabbage,2,https://buddy.farm/i/breakfast-boost/,https://buddy.farm/page-data/i/breakfast-boost/page-data.json,breakfast-boost__breakfast-boost.json,buddy-item-multi-source-v1,,
breakfast boost,Breakfast Boost,3,Coal,coal,120,https://buddy.farm/i/breakfast-boost/,https://buddy.farm/page-data/i/breakfast-boost/page-data.json,breakfast-boost__breakfast-boost.json,buddy-item-multi-source-v1,,
breakfast boost,Breakfast Boost,4,Grape Juice,grape juice,1,https://buddy.farm/i/breakfast-boost/,https://buddy.farm/page-data/i/breakfast-boost/page-data.json,breakfast-boost__breakfast-boost.json,buddy-item-multi-source-v1,,
breakfast boost,Breakfast Boost,5,Cheese,cheese,1,https://buddy.farm/i/breakfast-boost/,https://buddy.farm/page-data/i/breakfast-boost/page-data.json,breakfast-boost__breakfast-boost.json,buddy-item-multi-source-v1,,
breakfast boost,Breakfast Boost,6,Flour,flour,4,https://buddy.farm/i/breakfast-boost/,https://buddy.farm/page-data/i/breakfast-boost/page-data.json,breakfast-boost__breakfast-boost.json,buddy-item-multi-source-v1,,
breakfast boost,Breakfast Boost,7,Butter,butter,1,https://buddy.farm/i/breakfast-boost/,https://buddy.farm/page-data/i/breakfast-boost/page-data.json,breakfast-boost__breakfast-boost.json,buddy-item-multi-source-v1,,
broom,Broom,1,Board,board,1,https://buddy.farm/i/broom/,https://buddy.farm/page-data/i/broom/page-data.json,broom__broom.json,buddy-item-multi-source-v1,,
broom,Broom,2,Straw,straw,1,https://buddy.farm/i/broom/,https://buddy.farm/page-data/i/broom/page-data.json,broom__broom.json,buddy-item-multi-source-v1,,
brown bag,Brown Bag,1,Leather Bag,leather bag,1,https://buddy.farm/i/brown-bag/,https://buddy.farm/page-data/i/brown-bag/page-data.json,brown-bag__brown-bag.json,buddy-item-multi-source-v1,,
brown bag,Brown Bag,2,Brown Dye,brown dye,1,https://buddy.farm/i/brown-bag/,https://buddy.farm/page-data/i/brown-bag/page-data.json,brown-bag__brown-bag.json,buddy-item-multi-source-v1,,
brown cloak,Brown Cloak,1,Leather,leather,5,https://buddy.farm/i/brown-cloak/,https://buddy.farm/page-data/i/brown-cloak/page-data.json,brown-cloak__brown-cloak.json,buddy-item-multi-source-v1,,
brown cloak,Brown Cloak,2,Twine,twine,10,https://buddy.farm/i/brown-cloak/,https://buddy.farm/page-data/i/brown-cloak/page-data.json,brown-cloak__brown-cloak.json,buddy-item-multi-source-v1,,
brown cloak,Brown Cloak,3,Cotton,cotton,1,https://buddy.farm/i/brown-cloak/,https://buddy.farm/page-data/i/brown-cloak/page-data.json,brown-cloak__brown-cloak.json,buddy-item-multi-source-v1,,
brown cloak,Brown Cloak,4,Brown Dye,brown dye,10,https://buddy.farm/i/brown-cloak/,https://buddy.farm/page-data/i/brown-cloak/page-data.json,brown-cloak__brown-cloak.json,buddy-item-multi-source-v1,,
brown dye,Brown Dye,1,Glass Bottle,glass bottle,1,https://buddy.farm/i/brown-dye/,https://buddy.farm/page-data/i/brown-dye/page-data.json,brown-dye__brown-dye.json,buddy-item-multi-source-v1,,
brown dye,Brown Dye,2,Mudcap,mudcap,3,https://buddy.farm/i/brown-dye/,https://buddy.farm/page-data/i/brown-dye/page-data.json,brown-dye__brown-dye.json,buddy-item-multi-source-v1,,
brown twine,Brown Twine,1,Twine,twine,1,https://buddy.farm/i/brown-twine/,https://buddy.farm/page-data/i/brown-twine/page-data.json,brown-twine__brown-twine.json,buddy-item-multi-source-v1,,
brown twine,Brown Twine,2,Brown Dye,brown dye,1,https://buddy.farm/i/brown-twine/,https://buddy.farm/page-data/i/brown-twine/page-data.json,brown-twine__brown-twine.json,buddy-item-multi-source-v1,,
bucket,Bucket,1,Board,board,5,https://buddy.farm/i/bucket/,https://buddy.farm/page-data/i/bucket/page-data.json,bucket__bucket.json,buddy-item-multi-source-v1,,
bucket,Bucket,2,Iron,iron,1,https://buddy.farm/i/bucket/,https://buddy.farm/page-data/i/bucket/page-data.json,bucket__bucket.json,buddy-item-multi-source-v1,,
butter,Butter,1,Milk,milk,25,https://buddy.farm/i/butter/,https://buddy.farm/page-data/i/butter/page-data.json,butter__butter.json,buddy-item-multi-source-v1,,
butter,Butter,2,Salt,salt,1,https://buddy.farm/i/butter/,https://buddy.farm/page-data/i/butter/page-data.json,butter__butter.json,buddy-item-multi-source-v1,,
butter,Butter,3,Butter Churn,butter churn,1,https://buddy.farm/i/butter/,https://buddy.farm/page-data/i/butter/page-data.json,butter__butter.json,buddy-item-multi-source-v1,,
butter churn,Butter Churn,1,Board,board,1,https://buddy.farm/i/butter-churn/,https://buddy.farm/page-data/i/butter-churn/page-data.json,butter-churn__butter-churn.json,buddy-item-multi-source-v1,,
butter churn,Butter Churn,2,Wooden Barrel,wooden barrel,1,https://buddy.farm/i/butter-churn/,https://buddy.farm/page-data/i/butter-churn/page-data.json,butter-churn__butter-churn.json,buddy-item-multi-source-v1,,
cabbage stew,Cabbage Stew,1,Tomato,tomato,15,https://buddy.farm/i/cabbage-stew/,https://buddy.farm/page-data/i/cabbage-stew/page-data.json,cabbage-stew__cabbage-stew.json,buddy-item-multi-source-v1,,
cabbage stew,Cabbage Stew,2,Carrot,carrot,40,https://buddy.farm/i/cabbage-stew/,https://buddy.farm/page-data/i/cabbage-stew/page-data.json,cabbage-stew__cabbage-stew.json,buddy-item-multi-source-v1,,
cabbage stew,Cabbage Stew,3,Herbs,herbs,25,https://buddy.farm/i/cabbage-stew/,https://buddy.farm/page-data/i/cabbage-stew/page-data.json,cabbage-stew__cabbage-stew.json,buddy-item-multi-source-v1,,
cabbage stew,Cabbage Stew,4,Bone Broth,bone broth,5,https://buddy.farm/i/cabbage-stew/,https://buddy.farm/page-data/i/cabbage-stew/page-data.json,cabbage-stew__cabbage-stew.json,buddy-item-multi-source-v1,,
cabbage stew,Cabbage Stew,5,Cabbage,cabbage,250,https://buddy.farm/i/cabbage-stew/,https://buddy.farm/page-data/i/cabbage-stew/page-data.json,cabbage-stew__cabbage-stew.json,buddy-item-multi-source-v1,,
cabbage stew,Cabbage Stew,6,Coal,coal,480,https://buddy.farm/i/cabbage-stew/,https://buddy.farm/page-data/i/cabbage-stew/page-data.json,cabbage-stew__cabbage-stew.json,buddy-item-multi-source-v1,,
cabbage stew,Cabbage Stew,7,Salt,salt,50,https://buddy.farm/i/cabbage-stew/,https://buddy.farm/page-data/i/cabbage-stew/page-data.json,cabbage-stew__cabbage-stew.json,buddy-item-multi-source-v1,,
cabbage stew,Cabbage Stew,8,Leek,leek,25,https://buddy.farm/i/cabbage-stew/,https://buddy.farm/page-data/i/cabbage-stew/page-data.json,cabbage-stew__cabbage-stew.json,buddy-item-multi-source-v1,,
cabbage stew,Cabbage Stew,9,Potato,potato,40,https://buddy.farm/i/cabbage-stew/,https://buddy.farm/page-data/i/cabbage-stew/page-data.json,cabbage-stew__cabbage-stew.json,buddy-item-multi-source-v1,,
cabbage stew,Cabbage Stew,10,Onion,onion,25,https://buddy.farm/i/cabbage-stew/,https://buddy.farm/page-data/i/cabbage-stew/page-data.json,cabbage-stew__cabbage-stew.json,buddy-item-multi-source-v1,,
cannon,Cannon,1,Emberstone,emberstone,10,https://buddy.farm/i/cannon/,https://buddy.farm/page-data/i/cannon/page-data.json,cannon__cannon.json,buddy-item-multi-source-v1,,
cannon,Cannon,2,Wagon Wheel,wagon wheel,4,https://buddy.farm/i/cannon/,https://buddy.farm/page-data/i/cannon/page-data.json,cannon__cannon.json,buddy-item-multi-source-v1,,
cannon,Cannon,3,Board,board,12,https://buddy.farm/i/cannon/,https://buddy.farm/page-data/i/cannon/page-data.json,cannon__cannon.json,buddy-item-multi-source-v1,,
cannon,Cannon,4,Black Powder,black powder,10,https://buddy.farm/i/cannon/,https://buddy.farm/page-data/i/cannon/page-data.json,cannon__cannon.json,buddy-item-multi-source-v1,,
cannon,Cannon,5,Steel,steel,25,https://buddy.farm/i/cannon/,https://buddy.farm/page-data/i/cannon/page-data.json,cannon__cannon.json,buddy-item-multi-source-v1,,
cannon,Cannon,6,Machine Part,machine part,6,https://buddy.farm/i/cannon/,https://buddy.farm/page-data/i/cannon/page-data.json,cannon__cannon.json,buddy-item-multi-source-v1,,
cannon,Cannon,7,Scrap Metal,scrap metal,25,https://buddy.farm/i/cannon/,https://buddy.farm/page-data/i/cannon/page-data.json,cannon__cannon.json,buddy-item-multi-source-v1,,
canoe,Canoe,1,Blue Gel,blue gel,10,https://buddy.farm/i/canoe/,https://buddy.farm/page-data/i/canoe/page-data.json,canoe__canoe.json,buddy-item-multi-source-v1,,
canoe,Canoe,2,Board,board,4,https://buddy.farm/i/canoe/,https://buddy.farm/page-data/i/canoe/page-data.json,canoe__canoe.json,buddy-item-multi-source-v1,,
canoe,Canoe,3,Mushroom Paste,mushroom paste,5,https://buddy.farm/i/canoe/,https://buddy.farm/page-data/i/canoe/page-data.json,canoe__canoe.json,buddy-item-multi-source-v1,,
canoe,Canoe,4,Nails,nails,10,https://buddy.farm/i/canoe/,https://buddy.farm/page-data/i/canoe/page-data.json,canoe__canoe.json,buddy-item-multi-source-v1,,
canoe,Canoe,5,Rope,rope,2,https://buddy.farm/i/canoe/,https://buddy.farm/page-data/i/canoe/page-data.json,canoe__canoe.json,buddy-item-multi-source-v1,,
canoe,Canoe,6,Oak,oak,100,https://buddy.farm/i/canoe/,https://buddy.farm/page-data/i/canoe/page-data.json,canoe__canoe.json,buddy-item-multi-source-v1,,
cat s meow,Cat's Meow,1,Coal,coal,120,https://buddy.farm/i/cat-s-meow/,https://buddy.farm/page-data/i/cat-s-meow/page-data.json,cat-s-meow__cat-s-meow.json,buddy-item-multi-source-v1,,
cat s meow,Cat's Meow,2,Fish Bones,fish bones,25,https://buddy.farm/i/cat-s-meow/,https://buddy.farm/page-data/i/cat-s-meow/page-data.json,cat-s-meow__cat-s-meow.json,buddy-item-multi-source-v1,,
cat s meow,Cat's Meow,3,Essence of Slime,essence of slime,3,https://buddy.farm/i/cat-s-meow/,https://buddy.farm/page-data/i/cat-s-meow/page-data.json,cat-s-meow__cat-s-meow.json,buddy-item-multi-source-v1,,
cat s meow,Cat's Meow,4,Onion,onion,5,https://buddy.farm/i/cat-s-meow/,https://buddy.farm/page-data/i/cat-s-meow/page-data.json,cat-s-meow__cat-s-meow.json,buddy-item-multi-source-v1,,
cat s meow,Cat's Meow,5,Milk,milk,5,https://buddy.farm/i/cat-s-meow/,https://buddy.farm/page-data/i/cat-s-meow/page-data.json,cat-s-meow__cat-s-meow.json,buddy-item-multi-source-v1,,
cat s meow,Cat's Meow,6,Salt,salt,1,https://buddy.farm/i/cat-s-meow/,https://buddy.farm/page-data/i/cat-s-meow/page-data.json,cat-s-meow__cat-s-meow.json,buddy-item-multi-source-v1,,
cat s meow,Cat's Meow,7,Cooking Pot,cooking pot,1,https://buddy.farm/i/cat-s-meow/,https://buddy.farm/page-data/i/cat-s-meow/page-data.json,cat-s-meow__cat-s-meow.json,buddy-item-multi-source-v1,,
cat s meow,Cat's Meow,8,Bone Broth,bone broth,1,https://buddy.farm/i/cat-s-meow/,https://buddy.farm/page-data/i/cat-s-meow/page-data.json,cat-s-meow__cat-s-meow.json,buddy-item-multi-source-v1,,
chum,Chum,1,Minnows,minnows,4,https://buddy.farm/i/chum/,https://buddy.farm/page-data/i/chum/page-data.json,chum__chum.json,buddy-item-multi-source-v1,,
chum,Chum,2,Worms,worms,10,https://buddy.farm/i/chum/,https://buddy.farm/page-data/i/chum/page-data.json,chum__chum.json,buddy-item-multi-source-v1,,
chum,Chum,3,Bucket,bucket,1,https://buddy.farm/i/chum/,https://buddy.farm/page-data/i/chum/page-data.json,chum__chum.json,buddy-item-multi-source-v1,,
chum,Chum,4,Grubs,grubs,7,https://buddy.farm/i/chum/,https://buddy.farm/page-data/i/chum/page-data.json,chum__chum.json,buddy-item-multi-source-v1,,
cloth,Cloth,1,Scrap Cloth,scrap cloth,3,https://buddy.farm/i/cloth/,https://buddy.farm/page-data/i/cloth/page-data.json,cloth__cloth.json,buddy-item-multi-source-v1,,
coin purse,Coin Purse,1,Iron Ring,iron ring,1,https://buddy.farm/i/coin-purse/,https://buddy.farm/page-data/i/coin-purse/page-data.json,coin-purse__coin-purse.json,buddy-item-multi-source-v1,,
coin purse,Coin Purse,2,Leather,leather,2,https://buddy.farm/i/coin-purse/,https://buddy.farm/page-data/i/coin-purse/page-data.json,coin-purse__coin-purse.json,buddy-item-multi-source-v1,,
compass,Compass,1,Ruby,ruby,1,https://buddy.farm/i/compass/,https://buddy.farm/page-data/i/compass/page-data.json,compass__compass.json,buddy-item-multi-source-v1,,
compass,Compass,2,Aquamarine,aquamarine,1,https://buddy.farm/i/compass/,https://buddy.farm/page-data/i/compass/page-data.json,compass__compass.json,buddy-item-multi-source-v1,,
compass,Compass,3,Iron Ring,iron ring,1,https://buddy.farm/i/compass/,https://buddy.farm/page-data/i/compass/page-data.json,compass__compass.json,buddy-item-multi-source-v1,,
compass,Compass,4,Twine,twine,1,https://buddy.farm/i/compass/,https://buddy.farm/page-data/i/compass/page-data.json,compass__compass.json,buddy-item-multi-source-v1,,
compass,Compass,5,Small Screw,small screw,4,https://buddy.farm/i/compass/,https://buddy.farm/page-data/i/compass/page-data.json,compass__compass.json,buddy-item-multi-source-v1,,
compass,Compass,6,Magna Core,magna core,1,https://buddy.farm/i/compass/,https://buddy.farm/page-data/i/compass/page-data.json,compass__compass.json,buddy-item-multi-source-v1,,
compass,Compass,7,Wood,wood,2,https://buddy.farm/i/compass/,https://buddy.farm/page-data/i/compass/page-data.json,compass__compass.json,buddy-item-multi-source-v1,,
compass,Compass,8,Glass Orb,glass orb,1,https://buddy.farm/i/compass/,https://buddy.farm/page-data/i/compass/page-data.json,compass__compass.json,buddy-item-multi-source-v1,,
concord grape pie,Concord Grape Pie,1,Milk,milk,1,https://buddy.farm/i/concord-grape-pie/,https://buddy.farm/page-data/i/concord-grape-pie/page-data.json,concord-grape-pie__concord-grape-pie.json,buddy-item-multi-source-v1,,
concord grape pie,Concord Grape Pie,2,Grapes,grapes,100,https://buddy.farm/i/concord-grape-pie/,https://buddy.farm/page-data/i/concord-grape-pie/page-data.json,concord-grape-pie__concord-grape-pie.json,buddy-item-multi-source-v1,,
concord grape pie,Concord Grape Pie,3,Pie Pan,pie pan,1,https://buddy.farm/i/concord-grape-pie/,https://buddy.farm/page-data/i/concord-grape-pie/page-data.json,concord-grape-pie__concord-grape-pie.json,buddy-item-multi-source-v1,,
concord grape pie,Concord Grape Pie,4,Sweet Root,sweet root,100,https://buddy.farm/i/concord-grape-pie/,https://buddy.farm/page-data/i/concord-grape-pie/page-data.json,concord-grape-pie__concord-grape-pie.json,buddy-item-multi-source-v1,,
concord grape pie,Concord Grape Pie,5,Coal,coal,750,https://buddy.farm/i/concord-grape-pie/,https://buddy.farm/page-data/i/concord-grape-pie/page-data.json,concord-grape-pie__concord-grape-pie.json,buddy-item-multi-source-v1,,
concord grape pie,Concord Grape Pie,6,Flour,flour,25,https://buddy.farm/i/concord-grape-pie/,https://buddy.farm/page-data/i/concord-grape-pie/page-data.json,concord-grape-pie__concord-grape-pie.json,buddy-item-multi-source-v1,,
concord grape pie,Concord Grape Pie,7,Eggs,eggs,10,https://buddy.farm/i/concord-grape-pie/,https://buddy.farm/page-data/i/concord-grape-pie/page-data.json,concord-grape-pie__concord-grape-pie.json,buddy-item-multi-source-v1,,
concord grape pie,Concord Grape Pie,8,Salt,salt,10,https://buddy.farm/i/concord-grape-pie/,https://buddy.farm/page-data/i/concord-grape-pie/page-data.json,concord-grape-pie__concord-grape-pie.json,buddy-item-multi-source-v1,,
concord grape pie,Concord Grape Pie,9,Butter,butter,5,https://buddy.farm/i/concord-grape-pie/,https://buddy.farm/page-data/i/concord-grape-pie/page-data.json,concord-grape-pie__concord-grape-pie.json,buddy-item-multi-source-v1,,
control box,Control Box,1,Small Screw,small screw,2,https://buddy.farm/i/control-box/,https://buddy.farm/page-data/i/control-box/page-data.json,control-box__control-box.json,buddy-item-multi-source-v1,,
control box,Control Box,2,Steel Plate,steel plate,2,https://buddy.farm/i/control-box/,https://buddy.farm/page-data/i/control-box/page-data.json,control-box__control-box.json,buddy-item-multi-source-v1,,
control box,Control Box,3,Small Spring,small spring,3,https://buddy.farm/i/control-box/,https://buddy.farm/page-data/i/control-box/page-data.json,control-box__control-box.json,buddy-item-multi-source-v1,,
control box,Control Box,4,Broken Pipe,broken pipe,3,https://buddy.farm/i/control-box/,https://buddy.farm/page-data/i/control-box/page-data.json,control-box__control-box.json,buddy-item-multi-source-v1,,
control box,Control Box,5,Machine Part,machine part,10,https://buddy.farm/i/control-box/,https://buddy.farm/page-data/i/control-box/page-data.json,control-box__control-box.json,buddy-item-multi-source-v1,,
control box,Control Box,6,Moonstone,moonstone,3,https://buddy.farm/i/control-box/,https://buddy.farm/page-data/i/control-box/page-data.json,control-box__control-box.json,buddy-item-multi-source-v1,,
cooking pot,Cooking Pot,1,Moonstone,moonstone,1,https://buddy.farm/i/cooking-pot/,https://buddy.farm/page-data/i/cooking-pot/page-data.json,cooking-pot__cooking-pot.json,buddy-item-multi-source-v1,,
cooking pot,Cooking Pot,2,Iron,iron,25,https://buddy.farm/i/cooking-pot/,https://buddy.farm/page-data/i/cooking-pot/page-data.json,cooking-pot__cooking-pot.json,buddy-item-multi-source-v1,,
cooking pot,Cooking Pot,3,Emberstone,emberstone,25,https://buddy.farm/i/cooking-pot/,https://buddy.farm/page-data/i/cooking-pot/page-data.json,cooking-pot__cooking-pot.json,buddy-item-multi-source-v1,,
corn husk doll,Corn Husk Doll,1,Corn,corn,3,https://buddy.farm/i/corn-husk-doll/,https://buddy.farm/page-data/i/corn-husk-doll/page-data.json,corn-husk-doll__corn-husk-doll.json,buddy-item-multi-source-v1,,
corn husk doll,Corn Husk Doll,2,Red Twine,red twine,5,https://buddy.farm/i/corn-husk-doll/,https://buddy.farm/page-data/i/corn-husk-doll/page-data.json,corn-husk-doll__corn-husk-doll.json,buddy-item-multi-source-v1,,
corn husk doll,Corn Husk Doll,3,Wooden Button,wooden button,2,https://buddy.farm/i/corn-husk-doll/,https://buddy.farm/page-data/i/corn-husk-doll/page-data.json,corn-husk-doll__corn-husk-doll.json,buddy-item-multi-source-v1,,
corn oil,Corn Oil,1,Corn,corn,8,https://buddy.farm/i/corn-oil/,https://buddy.farm/page-data/i/corn-oil/page-data.json,corn-oil__corn-oil.json,buddy-item-multi-source-v1,,
corn oil,Corn Oil,2,Machine Press,machine press,1,https://buddy.farm/i/corn-oil/,https://buddy.farm/page-data/i/corn-oil/page-data.json,corn-oil__corn-oil.json,buddy-item-multi-source-v1,,
corn oil,Corn Oil,3,Glass Bottle,glass bottle,1,https://buddy.farm/i/corn-oil/,https://buddy.farm/page-data/i/corn-oil/page-data.json,corn-oil__corn-oil.json,buddy-item-multi-source-v1,,
crossbow,Crossbow,1,Arrowhead,arrowhead,1,https://buddy.farm/i/crossbow/,https://buddy.farm/page-data/i/crossbow/page-data.json,crossbow__crossbow.json,buddy-item-multi-source-v1,,
crossbow,Crossbow,2,Iron,iron,2,https://buddy.farm/i/crossbow/,https://buddy.farm/page-data/i/crossbow/page-data.json,crossbow__crossbow.json,buddy-item-multi-source-v1,,
crossbow,Crossbow,3,Iron Ring,iron ring,2,https://buddy.farm/i/crossbow/,https://buddy.farm/page-data/i/crossbow/page-data.json,crossbow__crossbow.json,buddy-item-multi-source-v1,,
crossbow,Crossbow,4,Steel Wire,steel wire,2,https://buddy.farm/i/crossbow/,https://buddy.farm/page-data/i/crossbow/page-data.json,crossbow__crossbow.json,buddy-item-multi-source-v1,,
crossbow,Crossbow,5,Oak,oak,3,https://buddy.farm/i/crossbow/,https://buddy.farm/page-data/i/crossbow/page-data.json,crossbow__crossbow.json,buddy-item-multi-source-v1,,
crown of clover,Crown of Clover,1,3-leaf Clover,3 leaf clover,20,https://buddy.farm/i/crown-of-clover/,https://buddy.farm/page-data/i/crown-of-clover/page-data.json,crown-of-clover__crown-of-clover.json,buddy-item-multi-source-v1,,
crown of clover,Crown of Clover,2,4-leaf Clover,4 leaf clover,2,https://buddy.farm/i/crown-of-clover/,https://buddy.farm/page-data/i/crown-of-clover/page-data.json,crown-of-clover__crown-of-clover.json,buddy-item-multi-source-v1,,
crown of clover,Crown of Clover,3,Steel Wire,steel wire,1,https://buddy.farm/i/crown-of-clover/,https://buddy.farm/page-data/i/crown-of-clover/page-data.json,crown-of-clover__crown-of-clover.json,buddy-item-multi-source-v1,,
crystal pickaxe,Crystal Pickaxe,1,Stone,stone,1,https://buddy.farm/i/crystal-pickaxe/,https://buddy.farm/page-data/i/crystal-pickaxe/page-data.json,crystal-pickaxe__crystal-pickaxe.json,buddy-item-multi-source-v1,,
crystal pickaxe,Crystal Pickaxe,2,Mushroom Paste,mushroom paste,1,https://buddy.farm/i/crystal-pickaxe/,https://buddy.farm/page-data/i/crystal-pickaxe/page-data.json,crystal-pickaxe__crystal-pickaxe.json,buddy-item-multi-source-v1,,
crystal pickaxe,Crystal Pickaxe,3,Pickaxe,pickaxe,1,https://buddy.farm/i/crystal-pickaxe/,https://buddy.farm/page-data/i/crystal-pickaxe/page-data.json,crystal-pickaxe__crystal-pickaxe.json,buddy-item-multi-source-v1,,
crystal pickaxe,Crystal Pickaxe,4,Fairy Crystal,fairy crystal,1,https://buddy.farm/i/crystal-pickaxe/,https://buddy.farm/page-data/i/crystal-pickaxe/page-data.json,crystal-pickaxe__crystal-pickaxe.json,buddy-item-multi-source-v1,,
crystal pickaxe,Crystal Pickaxe,5,Lapis Lazuli,lapis lazuli,1,https://buddy.farm/i/crystal-pickaxe/,https://buddy.farm/page-data/i/crystal-pickaxe/page-data.json,crystal-pickaxe__crystal-pickaxe.json,buddy-item-multi-source-v1,,
emerald,Emerald,1,Unpolished Emerald,unpolished emerald,2,https://buddy.farm/i/emerald/,https://buddy.farm/page-data/i/emerald/page-data.json,emerald__emerald.json,buddy-item-multi-source-v1,,
emerald,Emerald,2,Stone,stone,2,https://buddy.farm/i/emerald/,https://buddy.farm/page-data/i/emerald/page-data.json,emerald__emerald.json,buddy-item-multi-source-v1,,
emerald ring,Emerald Ring,1,Iron Ring,iron ring,1,https://buddy.farm/i/emerald-ring/,https://buddy.farm/page-data/i/emerald-ring/page-data.json,emerald-ring__emerald-ring.json,buddy-item-multi-source-v1,,
emerald ring,Emerald Ring,2,Mushroom Paste,mushroom paste,1,https://buddy.farm/i/emerald-ring/,https://buddy.farm/page-data/i/emerald-ring/page-data.json,emerald-ring__emerald-ring.json,buddy-item-multi-source-v1,,
emerald ring,Emerald Ring,3,Emerald,emerald,1,https://buddy.farm/i/emerald-ring/,https://buddy.farm/page-data/i/emerald-ring/page-data.json,emerald-ring__emerald-ring.json,buddy-item-multi-source-v1,,
energy coil,Energy Coil,1,Transistor,transistor,25,https://buddy.farm/i/energy-coil/,https://buddy.farm/page-data/i/energy-coil/page-data.json,energy-coil__energy-coil.json,buddy-item-multi-source-v1,,
energy coil,Energy Coil,2,Glass Orb,glass orb,1,https://buddy.farm/i/energy-coil/,https://buddy.farm/page-data/i/energy-coil/page-data.json,energy-coil__energy-coil.json,buddy-item-multi-source-v1,,
energy coil,Energy Coil,3,Steel,steel,2,https://buddy.farm/i/energy-coil/,https://buddy.farm/page-data/i/energy-coil/page-data.json,energy-coil__energy-coil.json,buddy-item-multi-source-v1,,
energy coil,Energy Coil,4,Wrench,wrench,1,https://buddy.farm/i/energy-coil/,https://buddy.farm/page-data/i/energy-coil/page-data.json,energy-coil__energy-coil.json,buddy-item-multi-source-v1,,
energy coil,Energy Coil,5,Scrap Wire,scrap wire,8,https://buddy.farm/i/energy-coil/,https://buddy.farm/page-data/i/energy-coil/page-data.json,energy-coil__energy-coil.json,buddy-item-multi-source-v1,,
energy coil,Energy Coil,6,Spool of Copper,spool of copper,1,https://buddy.farm/i/energy-coil/,https://buddy.farm/page-data/i/energy-coil/page-data.json,energy-coil__energy-coil.json,buddy-item-multi-source-v1,,
engine,Engine,1,Belt Drive,belt drive,1,https://buddy.farm/i/engine/,https://buddy.farm/page-data/i/engine/page-data.json,engine__engine.json,buddy-item-multi-source-v1,,
engine,Engine,2,Magicite,magicite,1,https://buddy.farm/i/engine/,https://buddy.farm/page-data/i/engine/page-data.json,engine__engine.json,buddy-item-multi-source-v1,,
engine,Engine,3,Pear Grease,pear grease,1,https://buddy.farm/i/engine/,https://buddy.farm/page-data/i/engine/page-data.json,engine__engine.json,buddy-item-multi-source-v1,,
engine,Engine,4,Energy Coil,energy coil,1,https://buddy.farm/i/engine/,https://buddy.farm/page-data/i/engine/page-data.json,engine__engine.json,buddy-item-multi-source-v1,,
engine,Engine,5,Power Monitor,power monitor,1,https://buddy.farm/i/engine/,https://buddy.farm/page-data/i/engine/page-data.json,engine__engine.json,buddy-item-multi-source-v1,,
engine,Engine,6,Kill Switch,kill switch,1,https://buddy.farm/i/engine/,https://buddy.farm/page-data/i/engine/page-data.json,engine__engine.json,buddy-item-multi-source-v1,,
engine,Engine,7,Control Box,control box,1,https://buddy.farm/i/engine/,https://buddy.farm/page-data/i/engine/page-data.json,engine__engine.json,buddy-item-multi-source-v1,,
engine,Engine,8,Steel Plate,steel plate,1,https://buddy.farm/i/engine/,https://buddy.farm/page-data/i/engine/page-data.json,engine__engine.json,buddy-item-multi-source-v1,,
engine,Engine,9,Flywheel,flywheel,1,https://buddy.farm/i/engine/,https://buddy.farm/page-data/i/engine/page-data.json,engine__engine.json,buddy-item-multi-source-v1,,
engine,Engine,10,Steel Wire,steel wire,50,https://buddy.farm/i/engine/,https://buddy.farm/page-data/i/engine/page-data.json,engine__engine.json,buddy-item-multi-source-v1,,
engine,Engine,11,Transistor,transistor,12,https://buddy.farm/i/engine/,https://buddy.farm/page-data/i/engine/page-data.json,engine__engine.json,buddy-item-multi-source-v1,,
engine,Engine,12,Steel,steel,20,https://buddy.farm/i/engine/,https://buddy.farm/page-data/i/engine/page-data.json,engine__engine.json,buddy-item-multi-source-v1,,
essence of slime,Essence of Slime,1,Glass Orb,glass orb,1,https://buddy.farm/i/essence-of-slime/,https://buddy.farm/page-data/i/essence-of-slime/page-data.json,essence-of-slime__essence-of-slime.json,buddy-item-multi-source-v1,,
essence of slime,Essence of Slime,2,Slimestone,slimestone,2,https://buddy.farm/i/essence-of-slime/,https://buddy.farm/page-data/i/essence-of-slime/page-data.json,essence-of-slime__essence-of-slime.json,buddy-item-multi-source-v1,,
essence of slime,Essence of Slime,3,Iron Ring,iron ring,1,https://buddy.farm/i/essence-of-slime/,https://buddy.farm/page-data/i/essence-of-slime/page-data.json,essence-of-slime__essence-of-slime.json,buddy-item-multi-source-v1,,
essence of slime,Essence of Slime,4,Hammer,hammer,1,https://buddy.farm/i/essence-of-slime/,https://buddy.farm/page-data/i/essence-of-slime/page-data.json,essence-of-slime__essence-of-slime.json,buddy-item-multi-source-v1,,
explosive,Explosive,1,Board,board,3,https://buddy.farm/i/explosive/,https://buddy.farm/page-data/i/explosive/page-data.json,explosive__explosive.json,buddy-item-multi-source-v1,,
explosive,Explosive,2,Nails,nails,6,https://buddy.farm/i/explosive/,https://buddy.farm/page-data/i/explosive/page-data.json,explosive__explosive.json,buddy-item-multi-source-v1,,
explosive,Explosive,3,Feathers,feathers,1,https://buddy.farm/i/explosive/,https://buddy.farm/page-data/i/explosive/page-data.json,explosive__explosive.json,buddy-item-multi-source-v1,,
explosive,Explosive,4,Black Powder,black powder,2,https://buddy.farm/i/explosive/,https://buddy.farm/page-data/i/explosive/page-data.json,explosive__explosive.json,buddy-item-multi-source-v1,,
fancy chair,Fancy Chair,1,Leather,leather,4,https://buddy.farm/i/fancy-chair/,https://buddy.farm/page-data/i/fancy-chair/page-data.json,fancy-chair__fancy-chair.json,buddy-item-multi-source-v1,,
fancy chair,Fancy Chair,2,Red Dye,red dye,1,https://buddy.farm/i/fancy-chair/,https://buddy.farm/page-data/i/fancy-chair/page-data.json,fancy-chair__fancy-chair.json,buddy-item-multi-source-v1,,
fancy chair,Fancy Chair,3,Nails,nails,8,https://buddy.farm/i/fancy-chair/,https://buddy.farm/page-data/i/fancy-chair/page-data.json,fancy-chair__fancy-chair.json,buddy-item-multi-source-v1,,
fancy chair,Fancy Chair,4,Twine,twine,8,https://buddy.farm/i/fancy-chair/,https://buddy.farm/page-data/i/fancy-chair/page-data.json,fancy-chair__fancy-chair.json,buddy-item-multi-source-v1,,
fancy chair,Fancy Chair,5,Green Dye,green dye,1,https://buddy.farm/i/fancy-chair/,https://buddy.farm/page-data/i/fancy-chair/page-data.json,fancy-chair__fancy-chair.json,buddy-item-multi-source-v1,,
fancy chair,Fancy Chair,6,Cotton,cotton,6,https://buddy.farm/i/fancy-chair/,https://buddy.farm/page-data/i/fancy-chair/page-data.json,fancy-chair__fancy-chair.json,buddy-item-multi-source-v1,,
fancy chair,Fancy Chair,7,Oak,oak,50,https://buddy.farm/i/fancy-chair/,https://buddy.farm/page-data/i/fancy-chair/page-data.json,fancy-chair__fancy-chair.json,buddy-item-multi-source-v1,,
fancy clock,Fancy Clock,1,Oak,oak,12,https://buddy.farm/i/fancy-clock/,https://buddy.farm/page-data/i/fancy-clock/page-data.json,fancy-clock__fancy-clock.json,buddy-item-multi-source-v1,,
fancy clock,Fancy Clock,2,Small Gear,small gear,4,https://buddy.farm/i/fancy-clock/,https://buddy.farm/page-data/i/fancy-clock/page-data.json,fancy-clock__fancy-clock.json,buddy-item-multi-source-v1,,
fancy clock,Fancy Clock,3,Steel Wire,steel wire,8,https://buddy.farm/i/fancy-clock/,https://buddy.farm/page-data/i/fancy-clock/page-data.json,fancy-clock__fancy-clock.json,buddy-item-multi-source-v1,,
fancy clock,Fancy Clock,4,Scrap Metal,scrap metal,4,https://buddy.farm/i/fancy-clock/,https://buddy.farm/page-data/i/fancy-clock/page-data.json,fancy-clock__fancy-clock.json,buddy-item-multi-source-v1,,
fancy clock,Fancy Clock,5,Cogwheel,cogwheel,2,https://buddy.farm/i/fancy-clock/,https://buddy.farm/page-data/i/fancy-clock/page-data.json,fancy-clock__fancy-clock.json,buddy-item-multi-source-v1,,
fancy clock,Fancy Clock,6,Glass Orb,glass orb,4,https://buddy.farm/i/fancy-clock/,https://buddy.farm/page-data/i/fancy-clock/page-data.json,fancy-clock__fancy-clock.json,buddy-item-multi-source-v1,,
fancy clock,Fancy Clock,7,Pocket Watch,pocket watch,1,https://buddy.farm/i/fancy-clock/,https://buddy.farm/page-data/i/fancy-clock/page-data.json,fancy-clock__fancy-clock.json,buddy-item-multi-source-v1,,
fancy drum,Fancy Drum,1,Yarn,yarn,4,https://buddy.farm/i/fancy-drum/,https://buddy.farm/page-data/i/fancy-drum/page-data.json,fancy-drum__fancy-drum.json,buddy-item-multi-source-v1,,
fancy drum,Fancy Drum,2,Mushroom Paste,mushroom paste,2,https://buddy.farm/i/fancy-drum/,https://buddy.farm/page-data/i/fancy-drum/page-data.json,fancy-drum__fancy-drum.json,buddy-item-multi-source-v1,,
fancy drum,Fancy Drum,3,Leather,leather,2,https://buddy.farm/i/fancy-drum/,https://buddy.farm/page-data/i/fancy-drum/page-data.json,fancy-drum__fancy-drum.json,buddy-item-multi-source-v1,,
fancy drum,Fancy Drum,4,Oak,oak,15,https://buddy.farm/i/fancy-drum/,https://buddy.farm/page-data/i/fancy-drum/page-data.json,fancy-drum__fancy-drum.json,buddy-item-multi-source-v1,,
fancy guitar,Fancy Guitar,1,Oak,oak,5,https://buddy.farm/i/fancy-guitar/,https://buddy.farm/page-data/i/fancy-guitar/page-data.json,fancy-guitar__fancy-guitar.json,buddy-item-multi-source-v1,,
fancy guitar,Fancy Guitar,2,Iron,iron,4,https://buddy.farm/i/fancy-guitar/,https://buddy.farm/page-data/i/fancy-guitar/page-data.json,fancy-guitar__fancy-guitar.json,buddy-item-multi-source-v1,,
fancy guitar,Fancy Guitar,3,Mushroom Paste,mushroom paste,3,https://buddy.farm/i/fancy-guitar/,https://buddy.farm/page-data/i/fancy-guitar/page-data.json,fancy-guitar__fancy-guitar.json,buddy-item-multi-source-v1,,
fancy guitar,Fancy Guitar,4,Steel Wire,steel wire,6,https://buddy.farm/i/fancy-guitar/,https://buddy.farm/page-data/i/fancy-guitar/page-data.json,fancy-guitar__fancy-guitar.json,buddy-item-multi-source-v1,,
fancy pan flute,Fancy Pan Flute,1,Blue Dye,blue dye,1,https://buddy.farm/i/fancy-pan-flute/,https://buddy.farm/page-data/i/fancy-pan-flute/page-data.json,fancy-pan-flute__fancy-pan-flute.json,buddy-item-multi-source-v1,,
fancy pan flute,Fancy Pan Flute,2,Leather,leather,1,https://buddy.farm/i/fancy-pan-flute/,https://buddy.farm/page-data/i/fancy-pan-flute/page-data.json,fancy-pan-flute__fancy-pan-flute.json,buddy-item-multi-source-v1,,
fancy pan flute,Fancy Pan Flute,3,Twine,twine,5,https://buddy.farm/i/fancy-pan-flute/,https://buddy.farm/page-data/i/fancy-pan-flute/page-data.json,fancy-pan-flute__fancy-pan-flute.json,buddy-item-multi-source-v1,,
fancy pan flute,Fancy Pan Flute,4,Wood,wood,9,https://buddy.farm/i/fancy-pan-flute/,https://buddy.farm/page-data/i/fancy-pan-flute/page-data.json,fancy-pan-flute__fancy-pan-flute.json,buddy-item-multi-source-v1,,
fancy pillow,Fancy Pillow,1,Duck Feather,duck feather,25,https://buddy.farm/i/fancy-pillow/,https://buddy.farm/page-data/i/fancy-pillow/page-data.json,fancy-pillow__fancy-pillow.json,buddy-item-multi-source-v1,,
fancy pillow,Fancy Pillow,2,Sewing Needle,sewing needle,1,https://buddy.farm/i/fancy-pillow/,https://buddy.farm/page-data/i/fancy-pillow/page-data.json,fancy-pillow__fancy-pillow.json,buddy-item-multi-source-v1,,
fancy pillow,Fancy Pillow,3,Silk,silk,2,https://buddy.farm/i/fancy-pillow/,https://buddy.farm/page-data/i/fancy-pillow/page-data.json,fancy-pillow__fancy-pillow.json,buddy-item-multi-source-v1,,
fancy pipe,Fancy Pipe,1,Wood,wood,2,https://buddy.farm/i/fancy-pipe/,https://buddy.farm/page-data/i/fancy-pipe/page-data.json,fancy-pipe__fancy-pipe.json,buddy-item-multi-source-v1,,
fancy pipe,Fancy Pipe,2,Iron Ring,iron ring,3,https://buddy.farm/i/fancy-pipe/,https://buddy.farm/page-data/i/fancy-pipe/page-data.json,fancy-pipe__fancy-pipe.json,buddy-item-multi-source-v1,,
fancy pipe,Fancy Pipe,3,Iron,iron,1,https://buddy.farm/i/fancy-pipe/,https://buddy.farm/page-data/i/fancy-pipe/page-data.json,fancy-pipe__fancy-pipe.json,buddy-item-multi-source-v1,,
fancy sword,Fancy Sword,1,Lemon Quartz,lemon quartz,2,https://buddy.farm/i/fancy-sword/,https://buddy.farm/page-data/i/fancy-sword/page-data.json,fancy-sword__fancy-sword.json,buddy-item-multi-source-v1,,
fancy sword,Fancy Sword,2,Steel Wire,steel wire,4,https://buddy.farm/i/fancy-sword/,https://buddy.farm/page-data/i/fancy-sword/page-data.json,fancy-sword__fancy-sword.json,buddy-item-multi-source-v1,,
fancy sword,Fancy Sword,3,Mushroom Paste,mushroom paste,2,https://buddy.farm/i/fancy-sword/,https://buddy.farm/page-data/i/fancy-sword/page-data.json,fancy-sword__fancy-sword.json,buddy-item-multi-source-v1,,
fancy sword,Fancy Sword,4,Gold Leaf,gold leaf,2,https://buddy.farm/i/fancy-sword/,https://buddy.farm/page-data/i/fancy-sword/page-data.json,fancy-sword__fancy-sword.json,buddy-item-multi-source-v1,,
fancy sword,Fancy Sword,5,Sturdy Sword,sturdy sword,1,https://buddy.farm/i/fancy-sword/,https://buddy.farm/page-data/i/fancy-sword/page-data.json,fancy-sword__fancy-sword.json,buddy-item-multi-source-v1,,
fancy table,Fancy Table,1,Glass Orb,glass orb,8,https://buddy.farm/i/fancy-table/,https://buddy.farm/page-data/i/fancy-table/page-data.json,fancy-table__fancy-table.json,buddy-item-multi-source-v1,,
fancy table,Fancy Table,2,Nails,nails,32,https://buddy.farm/i/fancy-table/,https://buddy.farm/page-data/i/fancy-table/page-data.json,fancy-table__fancy-table.json,buddy-item-multi-source-v1,,
fancy table,Fancy Table,3,Oak,oak,80,https://buddy.farm/i/fancy-table/,https://buddy.farm/page-data/i/fancy-table/page-data.json,fancy-table__fancy-table.json,buddy-item-multi-source-v1,,
fancy table,Fancy Table,4,Corn Oil,corn oil,1,https://buddy.farm/i/fancy-table/,https://buddy.farm/page-data/i/fancy-table/page-data.json,fancy-table__fancy-table.json,buddy-item-multi-source-v1,,
fancy table,Fancy Table,5,Steel Vise,steel vise,1,https://buddy.farm/i/fancy-table/,https://buddy.farm/page-data/i/fancy-table/page-data.json,fancy-table__fancy-table.json,buddy-item-multi-source-v1,,
fancy violin,Fancy Violin,1,Mushroom Paste,mushroom paste,8,https://buddy.farm/i/fancy-violin/,https://buddy.farm/page-data/i/fancy-violin/page-data.json,fancy-violin__fancy-violin.json,buddy-item-multi-source-v1,,
fancy violin,Fancy Violin,2,Steel,steel,4,https://buddy.farm/i/fancy-violin/,https://buddy.farm/page-data/i/fancy-violin/page-data.json,fancy-violin__fancy-violin.json,buddy-item-multi-source-v1,,
fancy violin,Fancy Violin,3,Moonstone,moonstone,4,https://buddy.farm/i/fancy-violin/,https://buddy.farm/page-data/i/fancy-violin/page-data.json,fancy-violin__fancy-violin.json,buddy-item-multi-source-v1,,
fancy violin,Fancy Violin,4,Steel Wire,steel wire,4,https://buddy.farm/i/fancy-violin/,https://buddy.farm/page-data/i/fancy-violin/page-data.json,fancy-violin__fancy-violin.json,buddy-item-multi-source-v1,,
fancy violin,Fancy Violin,5,Purple Dye,purple dye,3,https://buddy.farm/i/fancy-violin/,https://buddy.farm/page-data/i/fancy-violin/page-data.json,fancy-violin__fancy-violin.json,buddy-item-multi-source-v1,,
fancy violin,Fancy Violin,6,Steel Plate,steel plate,1,https://buddy.farm/i/fancy-violin/,https://buddy.farm/page-data/i/fancy-violin/page-data.json,fancy-violin__fancy-violin.json,buddy-item-multi-source-v1,,
fancy violin,Fancy Violin,7,Pine Board,pine board,5,https://buddy.farm/i/fancy-violin/,https://buddy.farm/page-data/i/fancy-violin/page-data.json,fancy-violin__fancy-violin.json,buddy-item-multi-source-v1,,
fire ant farm,Fire Ant Farm,1,Board,board,4,https://buddy.farm/i/fire-ant-farm/,https://buddy.farm/page-data/i/fire-ant-farm/page-data.json,fire-ant-farm__fire-ant-farm.json,buddy-item-multi-source-v1,,
fire ant farm,Fire Ant Farm,2,Nails,nails,4,https://buddy.farm/i/fire-ant-farm/,https://buddy.farm/page-data/i/fire-ant-farm/page-data.json,fire-ant-farm__fire-ant-farm.json,buddy-item-multi-source-v1,,
fire ant farm,Fire Ant Farm,3,Glass Orb,glass orb,3,https://buddy.farm/i/fire-ant-farm/,https://buddy.farm/page-data/i/fire-ant-farm/page-data.json,fire-ant-farm__fire-ant-farm.json,buddy-item-multi-source-v1,,
fire ant farm,Fire Ant Farm,4,Fire Ant,fire ant,25,https://buddy.farm/i/fire-ant-farm/,https://buddy.farm/page-data/i/fire-ant-farm/page-data.json,fire-ant-farm__fire-ant-farm.json,buddy-item-multi-source-v1,,
fire ant farm,Fire Ant Farm,5,Sand,sand,5,https://buddy.farm/i/fire-ant-farm/,https://buddy.farm/page-data/i/fire-ant-farm/page-data.json,fire-ant-farm__fire-ant-farm.json,buddy-item-multi-source-v1,,
fishing net,Fishing Net,1,Antler,antler,1,https://buddy.farm/i/fishing-net/,https://buddy.farm/page-data/i/fishing-net/page-data.json,fishing-net__fishing-net.json,buddy-item-multi-source-v1,,
fishing net,Fishing Net,2,Iron,iron,4,https://buddy.farm/i/fishing-net/,https://buddy.farm/page-data/i/fishing-net/page-data.json,fishing-net__fishing-net.json,buddy-item-multi-source-v1,,
fishing net,Fishing Net,3,Rope,rope,2,https://buddy.farm/i/fishing-net/,https://buddy.farm/page-data/i/fishing-net/page-data.json,fishing-net__fishing-net.json,buddy-item-multi-source-v1,,
flarite,Flarite,1,Unpolished Flarite,unpolished flarite,2,https://buddy.farm/i/flarite/,https://buddy.farm/page-data/i/flarite/page-data.json,flarite__flarite.json,buddy-item-multi-source-v1,,
flying machine,Flying Machine,1,Rope,rope,10,https://buddy.farm/i/flying-machine/,https://buddy.farm/page-data/i/flying-machine/page-data.json,flying-machine__flying-machine.json,buddy-item-multi-source-v1,,
flying machine,Flying Machine,2,Power Monitor,power monitor,1,https://buddy.farm/i/flying-machine/,https://buddy.farm/page-data/i/flying-machine/page-data.json,flying-machine__flying-machine.json,buddy-item-multi-source-v1,,
flying machine,Flying Machine,3,Magna Quartz,magna quartz,4,https://buddy.farm/i/flying-machine/,https://buddy.farm/page-data/i/flying-machine/page-data.json,flying-machine__flying-machine.json,buddy-item-multi-source-v1,,
flying machine,Flying Machine,4,Small Gear,small gear,4,https://buddy.farm/i/flying-machine/,https://buddy.farm/page-data/i/flying-machine/page-data.json,flying-machine__flying-machine.json,buddy-item-multi-source-v1,,
flying machine,Flying Machine,5,Steel Wire,steel wire,10,https://buddy.farm/i/flying-machine/,https://buddy.farm/page-data/i/flying-machine/page-data.json,flying-machine__flying-machine.json,buddy-item-multi-source-v1,,
flying machine,Flying Machine,6,Leather,leather,10,https://buddy.farm/i/flying-machine/,https://buddy.farm/page-data/i/flying-machine/page-data.json,flying-machine__flying-machine.json,buddy-item-multi-source-v1,,
flying machine,Flying Machine,7,Nailed Board,nailed board,10,https://buddy.farm/i/flying-machine/,https://buddy.farm/page-data/i/flying-machine/page-data.json,flying-machine__flying-machine.json,buddy-item-multi-source-v1,,
flying machine,Flying Machine,8,Steel Buckle,steel buckle,2,https://buddy.farm/i/flying-machine/,https://buddy.farm/page-data/i/flying-machine/page-data.json,flying-machine__flying-machine.json,buddy-item-multi-source-v1,,
flying machine,Flying Machine,9,Small Spring,small spring,6,https://buddy.farm/i/flying-machine/,https://buddy.farm/page-data/i/flying-machine/page-data.json,flying-machine__flying-machine.json,buddy-item-multi-source-v1,,
flying machine,Flying Machine,10,Pulley,pulley,4,https://buddy.farm/i/flying-machine/,https://buddy.farm/page-data/i/flying-machine/page-data.json,flying-machine__flying-machine.json,buddy-item-multi-source-v1,,
flywheel,Flywheel,1,Small Screw,small screw,7,https://buddy.farm/i/flywheel/,https://buddy.farm/page-data/i/flywheel/page-data.json,flywheel__flywheel.json,buddy-item-multi-source-v1,,
flywheel,Flywheel,2,Steel,steel,20,https://buddy.farm/i/flywheel/,https://buddy.farm/page-data/i/flywheel/page-data.json,flywheel__flywheel.json,buddy-item-multi-source-v1,,
flywheel,Flywheel,3,Small Gear,small gear,1,https://buddy.farm/i/flywheel/,https://buddy.farm/page-data/i/flywheel/page-data.json,flywheel__flywheel.json,buddy-item-multi-source-v1,,
frost shield,Frost Shield,1,Hammer,hammer,1,https://buddy.farm/i/frost-shield/,https://buddy.farm/page-data/i/frost-shield/page-data.json,frost-shield__frost-shield.json,buddy-item-multi-source-v1,,
frost shield,Frost Shield,2,Nails,nails,3,https://buddy.farm/i/frost-shield/,https://buddy.farm/page-data/i/frost-shield/page-data.json,frost-shield__frost-shield.json,buddy-item-multi-source-v1,,
frost shield,Frost Shield,3,Blue Gel,blue gel,3,https://buddy.farm/i/frost-shield/,https://buddy.farm/page-data/i/frost-shield/page-data.json,frost-shield__frost-shield.json,buddy-item-multi-source-v1,,
frost shield,Frost Shield,4,Red Shield,red shield,1,https://buddy.farm/i/frost-shield/,https://buddy.farm/page-data/i/frost-shield/page-data.json,frost-shield__frost-shield.json,buddy-item-multi-source-v1,,
frost shield,Frost Shield,5,Frost Snapper Shell,frost snapper shell,1,https://buddy.farm/i/frost-shield/,https://buddy.farm/page-data/i/frost-shield/page-data.json,frost-shield__frost-shield.json,buddy-item-multi-source-v1,,
fruit punch,Fruit Punch,1,Apple,apple,25,https://buddy.farm/i/fruit-punch/,https://buddy.farm/page-data/i/fruit-punch/page-data.json,fruit-punch__fruit-punch.json,buddy-item-multi-source-v1,,
fruit punch,Fruit Punch,2,Peach,peach,5,https://buddy.farm/i/fruit-punch/,https://buddy.farm/page-data/i/fruit-punch/page-data.json,fruit-punch__fruit-punch.json,buddy-item-multi-source-v1,,
fruit punch,Fruit Punch,3,Orange,orange,25,https://buddy.farm/i/fruit-punch/,https://buddy.farm/page-data/i/fruit-punch/page-data.json,fruit-punch__fruit-punch.json,buddy-item-multi-source-v1,,
fruit punch,Fruit Punch,4,Lemon,lemon,25,https://buddy.farm/i/fruit-punch/,https://buddy.farm/page-data/i/fruit-punch/page-data.json,fruit-punch__fruit-punch.json,buddy-item-multi-source-v1,,
fruit punch,Fruit Punch,5,Glass Bottle,glass bottle,1,https://buddy.farm/i/fruit-punch/,https://buddy.farm/page-data/i/fruit-punch/page-data.json,fruit-punch__fruit-punch.json,buddy-item-multi-source-v1,,
fruit punch,Fruit Punch,6,Grapes,grapes,25,https://buddy.farm/i/fruit-punch/,https://buddy.farm/page-data/i/fruit-punch/page-data.json,fruit-punch__fruit-punch.json,buddy-item-multi-source-v1,,
gainite,Gainite,1,Stone,stone,2000,https://buddy.farm/i/gainite/,https://buddy.farm/page-data/i/gainite/page-data.json,gainite__gainite.json,buddy-item-multi-source-v1,,
gainite,Gainite,2,Mushroom Paste,mushroom paste,2000,https://buddy.farm/i/gainite/,https://buddy.farm/page-data/i/gainite/page-data.json,gainite__gainite.json,buddy-item-multi-source-v1,,
gainite,Gainite,3,Steel,steel,2000,https://buddy.farm/i/gainite/,https://buddy.farm/page-data/i/gainite/page-data.json,gainite__gainite.json,buddy-item-multi-source-v1,,
gainite,Gainite,4,Green Dye,green dye,500,https://buddy.farm/i/gainite/,https://buddy.farm/page-data/i/gainite/page-data.json,gainite__gainite.json,buddy-item-multi-source-v1,,
gainite,Gainite,5,Painite,painite,5,https://buddy.farm/i/gainite/,https://buddy.farm/page-data/i/gainite/page-data.json,gainite__gainite.json,buddy-item-multi-source-v1,,
garnet,Garnet,1,Unpolished Garnet,unpolished garnet,2,https://buddy.farm/i/garnet/,https://buddy.farm/page-data/i/garnet/page-data.json,garnet__garnet.json,buddy-item-multi-source-v1,,
garnet,Garnet,2,Stone,stone,1,https://buddy.farm/i/garnet/,https://buddy.farm/page-data/i/garnet/page-data.json,garnet__garnet.json,buddy-item-multi-source-v1,,
garnet ring,Garnet Ring,1,Garnet,garnet,1,https://buddy.farm/i/garnet-ring/,https://buddy.farm/page-data/i/garnet-ring/page-data.json,garnet-ring__garnet-ring.json,buddy-item-multi-source-v1,,
garnet ring,Garnet Ring,2,Mushroom Paste,mushroom paste,1,https://buddy.farm/i/garnet-ring/,https://buddy.farm/page-data/i/garnet-ring/page-data.json,garnet-ring__garnet-ring.json,buddy-item-multi-source-v1,,
garnet ring,Garnet Ring,3,Iron Ring,iron ring,1,https://buddy.farm/i/garnet-ring/,https://buddy.farm/page-data/i/garnet-ring/page-data.json,garnet-ring__garnet-ring.json,buddy-item-multi-source-v1,,
gazebo,Gazebo,1,Nails,nails,120,https://buddy.farm/i/gazebo/,https://buddy.farm/page-data/i/gazebo/page-data.json,gazebo__gazebo.json,buddy-item-multi-source-v1,,
gazebo,Gazebo,2,Hammer,hammer,1,https://buddy.farm/i/gazebo/,https://buddy.farm/page-data/i/gazebo/page-data.json,gazebo__gazebo.json,buddy-item-multi-source-v1,,
gazebo,Gazebo,3,Oak,oak,120,https://buddy.farm/i/gazebo/,https://buddy.farm/page-data/i/gazebo/page-data.json,gazebo__gazebo.json,buddy-item-multi-source-v1,,
glass bottle,Glass Bottle,1,Stone,stone,1,https://buddy.farm/i/glass-bottle/,https://buddy.farm/page-data/i/glass-bottle/page-data.json,glass-bottle__glass-bottle.json,buddy-item-multi-source-v1,,
glass bottle,Glass Bottle,2,Glass Orb,glass orb,1,https://buddy.farm/i/glass-bottle/,https://buddy.farm/page-data/i/glass-bottle/page-data.json,glass-bottle__glass-bottle.json,buddy-item-multi-source-v1,,
glass jar,Glass Jar,1,Glass Orb,glass orb,3,https://buddy.farm/i/glass-jar/,https://buddy.farm/page-data/i/glass-jar/page-data.json,glass-jar__glass-jar.json,buddy-item-multi-source-v1,,
glass jar,Glass Jar,2,Shimmer Quartz,shimmer quartz,1,https://buddy.farm/i/glass-jar/,https://buddy.farm/page-data/i/glass-jar/page-data.json,glass-jar__glass-jar.json,buddy-item-multi-source-v1,,
glass jar,Glass Jar,3,Steel,steel,1,https://buddy.farm/i/glass-jar/,https://buddy.farm/page-data/i/glass-jar/page-data.json,glass-jar__glass-jar.json,buddy-item-multi-source-v1,,
glass orb,Glass Orb,1,Shimmer Stone,shimmer stone,2,https://buddy.farm/i/glass-orb/,https://buddy.farm/page-data/i/glass-orb/page-data.json,glass-orb__glass-orb.json,buddy-item-multi-source-v1,,
glass orb,Glass Orb,2,Stone,stone,1,https://buddy.farm/i/glass-orb/,https://buddy.farm/page-data/i/glass-orb/page-data.json,glass-orb__glass-orb.json,buddy-item-multi-source-v1,,
glowing lantern,Glowing Lantern,1,Iron Ring,iron ring,2,https://buddy.farm/i/glowing-lantern/,https://buddy.farm/page-data/i/glowing-lantern/page-data.json,glowing-lantern__glowing-lantern.json,buddy-item-multi-source-v1,,
glowing lantern,Glowing Lantern,2,Iron,iron,3,https://buddy.farm/i/glowing-lantern/,https://buddy.farm/page-data/i/glowing-lantern/page-data.json,glowing-lantern__glowing-lantern.json,buddy-item-multi-source-v1,,
glowing lantern,Glowing Lantern,3,Glass Bottle,glass bottle,1,https://buddy.farm/i/glowing-lantern/,https://buddy.farm/page-data/i/glowing-lantern/page-data.json,glowing-lantern__glowing-lantern.json,buddy-item-multi-source-v1,,
glowing lantern,Glowing Lantern,4,Green Twine,green twine,2,https://buddy.farm/i/glowing-lantern/,https://buddy.farm/page-data/i/glowing-lantern/page-data.json,glowing-lantern__glowing-lantern.json,buddy-item-multi-source-v1,,
glowing lantern,Glowing Lantern,5,Glowshroom,glowshroom,4,https://buddy.farm/i/glowing-lantern/,https://buddy.farm/page-data/i/glowing-lantern/page-data.json,glowing-lantern__glowing-lantern.json,buddy-item-multi-source-v1,,
gold aquamarine ring,Gold Aquamarine Ring,1,Aquamarine,aquamarine,1,https://buddy.farm/i/gold-aquamarine-ring/,https://buddy.farm/page-data/i/gold-aquamarine-ring/page-data.json,gold-aquamarine-ring__gold-aquamarine-ring.json,buddy-item-multi-source-v1,,
gold aquamarine ring,Gold Aquamarine Ring,2,Strong Paste,strong paste,1,https://buddy.farm/i/gold-aquamarine-ring/,https://buddy.farm/page-data/i/gold-aquamarine-ring/page-data.json,gold-aquamarine-ring__gold-aquamarine-ring.json,buddy-item-multi-source-v1,,
gold aquamarine ring,Gold Aquamarine Ring,3,Gold Ring,gold ring,1,https://buddy.farm/i/gold-aquamarine-ring/,https://buddy.farm/page-data/i/gold-aquamarine-ring/page-data.json,gold-aquamarine-ring__gold-aquamarine-ring.json,buddy-item-multi-source-v1,,
gold diamond ring,Gold Diamond Ring,1,Gold Ring,gold ring,1,https://buddy.farm/i/gold-diamond-ring/,https://buddy.farm/page-data/i/gold-diamond-ring/page-data.json,gold-diamond-ring__gold-diamond-ring.json,buddy-item-multi-source-v1,,
gold diamond ring,Gold Diamond Ring,2,Strong Paste,strong paste,1,https://buddy.farm/i/gold-diamond-ring/,https://buddy.farm/page-data/i/gold-diamond-ring/page-data.json,gold-diamond-ring__gold-diamond-ring.json,buddy-item-multi-source-v1,,
gold diamond ring,Gold Diamond Ring,3,Diamond,diamond,1,https://buddy.farm/i/gold-diamond-ring/,https://buddy.farm/page-data/i/gold-diamond-ring/page-data.json,gold-diamond-ring__gold-diamond-ring.json,buddy-item-multi-source-v1,,
gold emerald ring,Gold Emerald Ring,1,Emerald,emerald,1,https://buddy.farm/i/gold-emerald-ring/,https://buddy.farm/page-data/i/gold-emerald-ring/page-data.json,gold-emerald-ring__gold-emerald-ring.json,buddy-item-multi-source-v1,,
gold emerald ring,Gold Emerald Ring,2,Gold Ring,gold ring,1,https://buddy.farm/i/gold-emerald-ring/,https://buddy.farm/page-data/i/gold-emerald-ring/page-data.json,gold-emerald-ring__gold-emerald-ring.json,buddy-item-multi-source-v1,,
gold emerald ring,Gold Emerald Ring,3,Strong Paste,strong paste,1,https://buddy.farm/i/gold-emerald-ring/,https://buddy.farm/page-data/i/gold-emerald-ring/page-data.json,gold-emerald-ring__gold-emerald-ring.json,buddy-item-multi-source-v1,,
gold garnet ring,Gold Garnet Ring,1,Garnet,garnet,1,https://buddy.farm/i/gold-garnet-ring/,https://buddy.farm/page-data/i/gold-garnet-ring/page-data.json,gold-garnet-ring__gold-garnet-ring.json,buddy-item-multi-source-v1,,
gold garnet ring,Gold Garnet Ring,2,Gold Ring,gold ring,1,https://buddy.farm/i/gold-garnet-ring/,https://buddy.farm/page-data/i/gold-garnet-ring/page-data.json,gold-garnet-ring__gold-garnet-ring.json,buddy-item-multi-source-v1,,
gold garnet ring,Gold Garnet Ring,3,Strong Paste,strong paste,1,https://buddy.farm/i/gold-garnet-ring/,https://buddy.farm/page-data/i/gold-garnet-ring/page-data.json,gold-garnet-ring__gold-garnet-ring.json,buddy-item-multi-source-v1,,
gold jade ring,Gold Jade Ring,1,Jade,jade,1,https://buddy.farm/i/gold-jade-ring/,https://buddy.farm/page-data/i/gold-jade-ring/page-data.json,gold-jade-ring__gold-jade-ring.json,buddy-item-multi-source-v1,,
gold jade ring,Gold Jade Ring,2,Gold Ring,gold ring,1,https://buddy.farm/i/gold-jade-ring/,https://buddy.farm/page-data/i/gold-jade-ring/page-data.json,gold-jade-ring__gold-jade-ring.json,buddy-item-multi-source-v1,,
gold jade ring,Gold Jade Ring,3,Strong Paste,strong paste,1,https://buddy.farm/i/gold-jade-ring/,https://buddy.farm/page-data/i/gold-jade-ring/page-data.json,gold-jade-ring__gold-jade-ring.json,buddy-item-multi-source-v1,,
gold lemon quartz ring,Gold Lemon Quartz Ring,1,Gold Ring,gold ring,1,https://buddy.farm/i/gold-lemon-quartz-ring/,https://buddy.farm/page-data/i/gold-lemon-quartz-ring/page-data.json,gold-lemon-quartz-ring__gold-lemon-quartz-ring.json,buddy-item-multi-source-v1,,
gold lemon quartz ring,Gold Lemon Quartz Ring,2,Strong Paste,strong paste,1,https://buddy.farm/i/gold-lemon-quartz-ring/,https://buddy.farm/page-data/i/gold-lemon-quartz-ring/page-data.json,gold-lemon-quartz-ring__gold-lemon-quartz-ring.json,buddy-item-multi-source-v1,,
gold lemon quartz ring,Gold Lemon Quartz Ring,3,Lemon Quartz,lemon quartz,1,https://buddy.farm/i/gold-lemon-quartz-ring/,https://buddy.farm/page-data/i/gold-lemon-quartz-ring/page-data.json,gold-lemon-quartz-ring__gold-lemon-quartz-ring.json,buddy-item-multi-source-v1,,
gold ruby ring,Gold Ruby Ring,1,Ruby,ruby,1,https://buddy.farm/i/gold-ruby-ring/,https://buddy.farm/page-data/i/gold-ruby-ring/page-data.json,gold-ruby-ring__gold-ruby-ring.json,buddy-item-multi-source-v1,,
gold ruby ring,Gold Ruby Ring,2,Gold Ring,gold ring,1,https://buddy.farm/i/gold-ruby-ring/,https://buddy.farm/page-data/i/gold-ruby-ring/page-data.json,gold-ruby-ring__gold-ruby-ring.json,buddy-item-multi-source-v1,,
gold ruby ring,Gold Ruby Ring,3,Strong Paste,strong paste,1,https://buddy.farm/i/gold-ruby-ring/,https://buddy.farm/page-data/i/gold-ruby-ring/page-data.json,gold-ruby-ring__gold-ruby-ring.json,buddy-item-multi-source-v1,,
grand piano,Grand Piano,1,White Parchment,white parchment,10,https://buddy.farm/i/grand-piano/,https://buddy.farm/page-data/i/grand-piano/page-data.json,grand-piano__grand-piano.json,buddy-item-multi-source-v1,,
grand piano,Grand Piano,2,Green Dye,green dye,5,https://buddy.farm/i/grand-piano/,https://buddy.farm/page-data/i/grand-piano/page-data.json,grand-piano__grand-piano.json,buddy-item-multi-source-v1,,
grand piano,Grand Piano,3,Hammer,hammer,1,https://buddy.farm/i/grand-piano/,https://buddy.farm/page-data/i/grand-piano/page-data.json,grand-piano__grand-piano.json,buddy-item-multi-source-v1,,
grand piano,Grand Piano,4,Block of Wood,block of wood,8,https://buddy.farm/i/grand-piano/,https://buddy.farm/page-data/i/grand-piano/page-data.json,grand-piano__grand-piano.json,buddy-item-multi-source-v1,,
grand piano,Grand Piano,5,Handsaw,handsaw,1,https://buddy.farm/i/grand-piano/,https://buddy.farm/page-data/i/grand-piano/page-data.json,grand-piano__grand-piano.json,buddy-item-multi-source-v1,,
grand piano,Grand Piano,6,Horn,horn,88,https://buddy.farm/i/grand-piano/,https://buddy.farm/page-data/i/grand-piano/page-data.json,grand-piano__grand-piano.json,buddy-item-multi-source-v1,,
grand piano,Grand Piano,7,Wood,wood,88,https://buddy.farm/i/grand-piano/,https://buddy.farm/page-data/i/grand-piano/page-data.json,grand-piano__grand-piano.json,buddy-item-multi-source-v1,,
grand piano,Grand Piano,8,Steel Wire,steel wire,88,https://buddy.farm/i/grand-piano/,https://buddy.farm/page-data/i/grand-piano/page-data.json,grand-piano__grand-piano.json,buddy-item-multi-source-v1,,
grand piano,Grand Piano,9,Fancy Chair,fancy chair,1,https://buddy.farm/i/grand-piano/,https://buddy.farm/page-data/i/grand-piano/page-data.json,grand-piano__grand-piano.json,buddy-item-multi-source-v1,,
grand piano,Grand Piano,10,Steel,steel,10,https://buddy.farm/i/grand-piano/,https://buddy.farm/page-data/i/grand-piano/page-data.json,grand-piano__grand-piano.json,buddy-item-multi-source-v1,,
grand piano,Grand Piano,11,Wooden Plank,wooden plank,11,https://buddy.farm/i/grand-piano/,https://buddy.farm/page-data/i/grand-piano/page-data.json,grand-piano__grand-piano.json,buddy-item-multi-source-v1,,
grape juice,Grape Juice,1,Glass Bottle,glass bottle,1,https://buddy.farm/i/grape-juice/,https://buddy.farm/page-data/i/grape-juice/page-data.json,grape-juice__grape-juice.json,buddy-item-multi-source-v1,,
grape juice,Grape Juice,2,Grapes,grapes,200,https://buddy.farm/i/grape-juice/,https://buddy.farm/page-data/i/grape-juice/page-data.json,grape-juice__grape-juice.json,buddy-item-multi-source-v1,,
green butterfly,Green Butterfly,1,Wood,wood,1,https://buddy.farm/i/green-butterfly/,https://buddy.farm/page-data/i/green-butterfly/page-data.json,green-butterfly__green-butterfly.json,buddy-item-multi-source-v1,,
green butterfly,Green Butterfly,2,Green Dye,green dye,1,https://buddy.farm/i/green-butterfly/,https://buddy.farm/page-data/i/green-butterfly/page-data.json,green-butterfly__green-butterfly.json,buddy-item-multi-source-v1,,
green butterfly,Green Butterfly,3,Caterpillar,caterpillar,1,https://buddy.farm/i/green-butterfly/,https://buddy.farm/page-data/i/green-butterfly/page-data.json,green-butterfly__green-butterfly.json,buddy-item-multi-source-v1,,
green butterfly,Green Butterfly,4,Silk,silk,3,https://buddy.farm/i/green-butterfly/,https://buddy.farm/page-data/i/green-butterfly/page-data.json,green-butterfly__green-butterfly.json,buddy-item-multi-source-v1,,
green cloak,Green Cloak,1,Green Dye,green dye,10,https://buddy.farm/i/green-cloak/,https://buddy.farm/page-data/i/green-cloak/page-data.json,green-cloak__green-cloak.json,buddy-item-multi-source-v1,,
green cloak,Green Cloak,2,Cotton,cotton,1,https://buddy.farm/i/green-cloak/,https://buddy.farm/page-data/i/green-cloak/page-data.json,green-cloak__green-cloak.json,buddy-item-multi-source-v1,,
green cloak,Green Cloak,3,Leather,leather,5,https://buddy.farm/i/green-cloak/,https://buddy.farm/page-data/i/green-cloak/page-data.json,green-cloak__green-cloak.json,buddy-item-multi-source-v1,,
green cloak,Green Cloak,4,Twine,twine,10,https://buddy.farm/i/green-cloak/,https://buddy.farm/page-data/i/green-cloak/page-data.json,green-cloak__green-cloak.json,buddy-item-multi-source-v1,,
green diary,Green Diary,1,White Parchment,white parchment,1,https://buddy.farm/i/green-diary/,https://buddy.farm/page-data/i/green-diary/page-data.json,green-diary__green-diary.json,buddy-item-multi-source-v1,,
green diary,Green Diary,2,Mushroom Paste,mushroom paste,1,https://buddy.farm/i/green-diary/,https://buddy.farm/page-data/i/green-diary/page-data.json,green-diary__green-diary.json,buddy-item-multi-source-v1,,
green diary,Green Diary,3,Green Parchment,green parchment,1,https://buddy.farm/i/green-diary/,https://buddy.farm/page-data/i/green-diary/page-data.json,green-diary__green-diary.json,buddy-item-multi-source-v1,,
green dye,Green Dye,1,Glass Bottle,glass bottle,1,https://buddy.farm/i/green-dye/,https://buddy.farm/page-data/i/green-dye/page-data.json,green-dye__green-dye.json,buddy-item-multi-source-v1,,
green dye,Green Dye,2,Fern Leaf,fern leaf,6,https://buddy.farm/i/green-dye/,https://buddy.farm/page-data/i/green-dye/page-data.json,green-dye__green-dye.json,buddy-item-multi-source-v1,,
green parchment,Green Parchment,1,Fern Leaf,fern leaf,3,https://buddy.farm/i/green-parchment/,https://buddy.farm/page-data/i/green-parchment/page-data.json,green-parchment__green-parchment.json,buddy-item-multi-source-v1,,
green scarf,Green Scarf,1,Yarn,yarn,2,https://buddy.farm/i/green-scarf/,https://buddy.farm/page-data/i/green-scarf/page-data.json,green-scarf__green-scarf.json,buddy-item-multi-source-v1,,
green scarf,Green Scarf,2,Green Dye,green dye,1,https://buddy.farm/i/green-scarf/,https://buddy.farm/page-data/i/green-scarf/page-data.json,green-scarf__green-scarf.json,buddy-item-multi-source-v1,,
green shirt,Green Shirt,1,Green Dye,green dye,1,https://buddy.farm/i/green-shirt/,https://buddy.farm/page-data/i/green-shirt/page-data.json,green-shirt__green-shirt.json,buddy-item-multi-source-v1,,
green shirt,Green Shirt,2,Sewing Needle,sewing needle,1,https://buddy.farm/i/green-shirt/,https://buddy.farm/page-data/i/green-shirt/page-data.json,green-shirt__green-shirt.json,buddy-item-multi-source-v1,,
green shirt,Green Shirt,3,Cloth,cloth,10,https://buddy.farm/i/green-shirt/,https://buddy.farm/page-data/i/green-shirt/page-data.json,green-shirt__green-shirt.json,buddy-item-multi-source-v1,,
green twine,Green Twine,1,Green Dye,green dye,1,https://buddy.farm/i/green-twine/,https://buddy.farm/page-data/i/green-twine/page-data.json,green-twine__green-twine.json,buddy-item-multi-source-v1,,
green twine,Green Twine,2,Twine,twine,1,https://buddy.farm/i/green-twine/,https://buddy.farm/page-data/i/green-twine/page-data.json,green-twine__green-twine.json,buddy-item-multi-source-v1,,
hammer,Hammer,1,Iron,iron,1,https://buddy.farm/i/hammer/,https://buddy.farm/page-data/i/hammer/page-data.json,hammer__hammer.json,buddy-item-multi-source-v1,,
hammer,Hammer,2,Board,board,1,https://buddy.farm/i/hammer/,https://buddy.farm/page-data/i/hammer/page-data.json,hammer__hammer.json,buddy-item-multi-source-v1,,
hammer,Hammer,3,Mushroom Paste,mushroom paste,1,https://buddy.farm/i/hammer/,https://buddy.farm/page-data/i/hammer/page-data.json,hammer__hammer.json,buddy-item-multi-source-v1,,
handsaw,Handsaw,1,Wooden Plank,wooden plank,1,https://buddy.farm/i/handsaw/,https://buddy.farm/page-data/i/handsaw/page-data.json,handsaw__handsaw.json,buddy-item-multi-source-v1,,
handsaw,Handsaw,2,Mushroom Paste,mushroom paste,2,https://buddy.farm/i/handsaw/,https://buddy.farm/page-data/i/handsaw/page-data.json,handsaw__handsaw.json,buddy-item-multi-source-v1,,
handsaw,Handsaw,3,Steel,steel,2,https://buddy.farm/i/handsaw/,https://buddy.farm/page-data/i/handsaw/page-data.json,handsaw__handsaw.json,buddy-item-multi-source-v1,,
handsaw,Handsaw,4,Hammer,hammer,1,https://buddy.farm/i/handsaw/,https://buddy.farm/page-data/i/handsaw/page-data.json,handsaw__handsaw.json,buddy-item-multi-source-v1,,
handsaw,Handsaw,5,Awl,awl,1,https://buddy.farm/i/handsaw/,https://buddy.farm/page-data/i/handsaw/page-data.json,handsaw__handsaw.json,buddy-item-multi-source-v1,,
heart container,Heart Container,1,Piece of Heart,piece of heart,4,https://buddy.farm/i/heart-container/,https://buddy.farm/page-data/i/heart-container/page-data.json,heart-container__heart-container.json,buddy-item-multi-source-v1,,
hickory omelette,Hickory Omelette,1,Tomato,tomato,3,https://buddy.farm/i/hickory-omelette/,https://buddy.farm/page-data/i/hickory-omelette/page-data.json,hickory-omelette__hickory-omelette.json,buddy-item-multi-source-v1,,
hickory omelette,Hickory Omelette,2,Milk,milk,2,https://buddy.farm/i/hickory-omelette/,https://buddy.farm/page-data/i/hickory-omelette/page-data.json,hickory-omelette__hickory-omelette.json,buddy-item-multi-source-v1,,
hickory omelette,Hickory Omelette,3,Bird Egg,bird egg,500,https://buddy.farm/i/hickory-omelette/,https://buddy.farm/page-data/i/hickory-omelette/page-data.json,hickory-omelette__hickory-omelette.json,buddy-item-multi-source-v1,,
hickory omelette,Hickory Omelette,4,Herbs,herbs,2,https://buddy.farm/i/hickory-omelette/,https://buddy.farm/page-data/i/hickory-omelette/page-data.json,hickory-omelette__hickory-omelette.json,buddy-item-multi-source-v1,,
hickory omelette,Hickory Omelette,5,Coal,coal,240,https://buddy.farm/i/hickory-omelette/,https://buddy.farm/page-data/i/hickory-omelette/page-data.json,hickory-omelette__hickory-omelette.json,buddy-item-multi-source-v1,,
hickory omelette,Hickory Omelette,6,Cheese,cheese,2,https://buddy.farm/i/hickory-omelette/,https://buddy.farm/page-data/i/hickory-omelette/page-data.json,hickory-omelette__hickory-omelette.json,buddy-item-multi-source-v1,,
hickory omelette,Hickory Omelette,7,Peppers,peppers,6,https://buddy.farm/i/hickory-omelette/,https://buddy.farm/page-data/i/hickory-omelette/page-data.json,hickory-omelette__hickory-omelette.json,buddy-item-multi-source-v1,,
hickory omelette,Hickory Omelette,8,Salt,salt,3,https://buddy.farm/i/hickory-omelette/,https://buddy.farm/page-data/i/hickory-omelette/page-data.json,hickory-omelette__hickory-omelette.json,buddy-item-multi-source-v1,,
hickory omelette,Hickory Omelette,9,Butter,butter,1,https://buddy.farm/i/hickory-omelette/,https://buddy.farm/page-data/i/hickory-omelette/page-data.json,hickory-omelette__hickory-omelette.json,buddy-item-multi-source-v1,,
horn canteen,Horn Canteen,1,Iron Ring,iron ring,2,https://buddy.farm/i/horn-canteen/,https://buddy.farm/page-data/i/horn-canteen/page-data.json,horn-canteen__horn-canteen.json,buddy-item-multi-source-v1,,
horn canteen,Horn Canteen,2,Twine,twine,1,https://buddy.farm/i/horn-canteen/,https://buddy.farm/page-data/i/horn-canteen/page-data.json,horn-canteen__horn-canteen.json,buddy-item-multi-source-v1,,
horn canteen,Horn Canteen,3,Wood,wood,1,https://buddy.farm/i/horn-canteen/,https://buddy.farm/page-data/i/horn-canteen/page-data.json,horn-canteen__horn-canteen.json,buddy-item-multi-source-v1,,
horn canteen,Horn Canteen,4,Horn,horn,1,https://buddy.farm/i/horn-canteen/,https://buddy.farm/page-data/i/horn-canteen/page-data.json,horn-canteen__horn-canteen.json,buddy-item-multi-source-v1,,
horseshoe,Horseshoe,1,Iron,iron,5,https://buddy.farm/i/horseshoe/,https://buddy.farm/page-data/i/horseshoe/page-data.json,horseshoe__horseshoe.json,buddy-item-multi-source-v1,,
horseshoe,Horseshoe,2,Nails,nails,7,https://buddy.farm/i/horseshoe/,https://buddy.farm/page-data/i/horseshoe/page-data.json,horseshoe__horseshoe.json,buddy-item-multi-source-v1,,
horseshoe,Horseshoe,3,Stone,stone,2,https://buddy.farm/i/horseshoe/,https://buddy.farm/page-data/i/horseshoe/page-data.json,horseshoe__horseshoe.json,buddy-item-multi-source-v1,,
hourglass,Hourglass,1,Wood,wood,6,https://buddy.farm/i/hourglass/,https://buddy.farm/page-data/i/hourglass/page-data.json,hourglass__hourglass.json,buddy-item-multi-source-v1,,
hourglass,Hourglass,2,Glass Bottle,glass bottle,2,https://buddy.farm/i/hourglass/,https://buddy.farm/page-data/i/hourglass/page-data.json,hourglass__hourglass.json,buddy-item-multi-source-v1,,
hourglass,Hourglass,3,Sand,sand,1,https://buddy.farm/i/hourglass/,https://buddy.farm/page-data/i/hourglass/page-data.json,hourglass__hourglass.json,buddy-item-multi-source-v1,,
hourglass,Hourglass,4,Mushroom Paste,mushroom paste,2,https://buddy.farm/i/hourglass/,https://buddy.farm/page-data/i/hourglass/page-data.json,hourglass__hourglass.json,buddy-item-multi-source-v1,,
iced tea,Iced Tea,1,Glass Bottle,glass bottle,1,https://buddy.farm/i/iced-tea/,https://buddy.farm/page-data/i/iced-tea/page-data.json,iced-tea__iced-tea.json,buddy-item-multi-source-v1,,
iced tea,Iced Tea,2,Tea Leaves,tea leaves,3,https://buddy.farm/i/iced-tea/,https://buddy.farm/page-data/i/iced-tea/page-data.json,iced-tea__iced-tea.json,buddy-item-multi-source-v1,,
inferno sphere,Inferno Sphere,1,Runestone 04,runestone 04,1,https://buddy.farm/i/inferno-sphere/,https://buddy.farm/page-data/i/inferno-sphere/page-data.json,inferno-sphere__inferno-sphere.json,buddy-item-multi-source-v1,,
inferno sphere,Inferno Sphere,2,Runestone 05,runestone 05,1,https://buddy.farm/i/inferno-sphere/,https://buddy.farm/page-data/i/inferno-sphere/page-data.json,inferno-sphere__inferno-sphere.json,buddy-item-multi-source-v1,,
inferno sphere,Inferno Sphere,3,Runestone 09,runestone 09,1,https://buddy.farm/i/inferno-sphere/,https://buddy.farm/page-data/i/inferno-sphere/page-data.json,inferno-sphere__inferno-sphere.json,buddy-item-multi-source-v1,,
inferno sphere,Inferno Sphere,4,Runestone 10,runestone 10,1,https://buddy.farm/i/inferno-sphere/,https://buddy.farm/page-data/i/inferno-sphere/page-data.json,inferno-sphere__inferno-sphere.json,buddy-item-multi-source-v1,,
inferno sphere,Inferno Sphere,5,Runestone 08,runestone 08,1,https://buddy.farm/i/inferno-sphere/,https://buddy.farm/page-data/i/inferno-sphere/page-data.json,inferno-sphere__inferno-sphere.json,buddy-item-multi-source-v1,,
inferno sphere,Inferno Sphere,6,Runestone 07,runestone 07,1,https://buddy.farm/i/inferno-sphere/,https://buddy.farm/page-data/i/inferno-sphere/page-data.json,inferno-sphere__inferno-sphere.json,buddy-item-multi-source-v1,,
inferno sphere,Inferno Sphere,7,Runestone 01,runestone 01,1,https://buddy.farm/i/inferno-sphere/,https://buddy.farm/page-data/i/inferno-sphere/page-data.json,inferno-sphere__inferno-sphere.json,buddy-item-multi-source-v1,,
inferno sphere,Inferno Sphere,8,Runestone 06,runestone 06,1,https://buddy.farm/i/inferno-sphere/,https://buddy.farm/page-data/i/inferno-sphere/page-data.json,inferno-sphere__inferno-sphere.json,buddy-item-multi-source-v1,,
inferno sphere,Inferno Sphere,9,Runestone 03,runestone 03,1,https://buddy.farm/i/inferno-sphere/,https://buddy.farm/page-data/i/inferno-sphere/page-data.json,inferno-sphere__inferno-sphere.json,buddy-item-multi-source-v1,,
inferno sphere,Inferno Sphere,10,Runestone 02,runestone 02,1,https://buddy.farm/i/inferno-sphere/,https://buddy.farm/page-data/i/inferno-sphere/page-data.json,inferno-sphere__inferno-sphere.json,buddy-item-multi-source-v1,,
iron cup,Iron Cup,1,Iron,iron,3,https://buddy.farm/i/iron-cup/,https://buddy.farm/page-data/i/iron-cup/page-data.json,iron-cup__iron-cup.json,buddy-item-multi-source-v1,,
iron cup,Iron Cup,2,Stone,stone,1,https://buddy.farm/i/iron-cup/,https://buddy.farm/page-data/i/iron-cup/page-data.json,iron-cup__iron-cup.json,buddy-item-multi-source-v1,,
iron ring,Iron Ring,1,Iron,iron,2,https://buddy.farm/i/iron-ring/,https://buddy.farm/page-data/i/iron-ring/page-data.json,iron-ring__iron-ring.json,buddy-item-multi-source-v1,,
iron ring,Iron Ring,2,Stone,stone,1,https://buddy.farm/i/iron-ring/,https://buddy.farm/page-data/i/iron-ring/page-data.json,iron-ring__iron-ring.json,buddy-item-multi-source-v1,,
jade,Jade,1,Unpolished Jade,unpolished jade,2,https://buddy.farm/i/jade/,https://buddy.farm/page-data/i/jade/page-data.json,jade__jade.json,buddy-item-multi-source-v1,,
jade,Jade,2,Stone,stone,1,https://buddy.farm/i/jade/,https://buddy.farm/page-data/i/jade/page-data.json,jade__jade.json,buddy-item-multi-source-v1,,
jade charm,Jade Charm,1,Stone,stone,6,https://buddy.farm/i/jade-charm/,https://buddy.farm/page-data/i/jade-charm/page-data.json,jade-charm__jade-charm.json,buddy-item-multi-source-v1,,
jade charm,Jade Charm,2,Iron Ring,iron ring,1,https://buddy.farm/i/jade-charm/,https://buddy.farm/page-data/i/jade-charm/page-data.json,jade-charm__jade-charm.json,buddy-item-multi-source-v1,,
jade charm,Jade Charm,3,Steel,steel,2,https://buddy.farm/i/jade-charm/,https://buddy.farm/page-data/i/jade-charm/page-data.json,jade-charm__jade-charm.json,buddy-item-multi-source-v1,,
jade charm,Jade Charm,4,Jade,jade,1,https://buddy.farm/i/jade-charm/,https://buddy.farm/page-data/i/jade-charm/page-data.json,jade-charm__jade-charm.json,buddy-item-multi-source-v1,,
kill switch,Kill Switch,1,Broken Pipe,broken pipe,1,https://buddy.farm/i/kill-switch/,https://buddy.farm/page-data/i/kill-switch/page-data.json,kill-switch__kill-switch.json,buddy-item-multi-source-v1,,
kill switch,Kill Switch,2,Scrap Wire,scrap wire,2,https://buddy.farm/i/kill-switch/,https://buddy.farm/page-data/i/kill-switch/page-data.json,kill-switch__kill-switch.json,buddy-item-multi-source-v1,,
kill switch,Kill Switch,3,Scrap Metal,scrap metal,5,https://buddy.farm/i/kill-switch/,https://buddy.farm/page-data/i/kill-switch/page-data.json,kill-switch__kill-switch.json,buddy-item-multi-source-v1,,
kill switch,Kill Switch,4,Red Dye,red dye,1,https://buddy.farm/i/kill-switch/,https://buddy.farm/page-data/i/kill-switch/page-data.json,kill-switch__kill-switch.json,buddy-item-multi-source-v1,,
kill switch,Kill Switch,5,Emberstone,emberstone,3,https://buddy.farm/i/kill-switch/,https://buddy.farm/page-data/i/kill-switch/page-data.json,kill-switch__kill-switch.json,buddy-item-multi-source-v1,,
ladder,Ladder,1,Board,board,6,https://buddy.farm/i/ladder/,https://buddy.farm/page-data/i/ladder/page-data.json,ladder__ladder.json,buddy-item-multi-source-v1,,
ladder,Ladder,2,Nails,nails,8,https://buddy.farm/i/ladder/,https://buddy.farm/page-data/i/ladder/page-data.json,ladder__ladder.json,buddy-item-multi-source-v1,,
lantern,Lantern,1,Coal,coal,1,https://buddy.farm/i/lantern/,https://buddy.farm/page-data/i/lantern/page-data.json,lantern__lantern.json,buddy-item-multi-source-v1,,
lantern,Lantern,2,Twine,twine,2,https://buddy.farm/i/lantern/,https://buddy.farm/page-data/i/lantern/page-data.json,lantern__lantern.json,buddy-item-multi-source-v1,,
lantern,Lantern,3,Glass Bottle,glass bottle,1,https://buddy.farm/i/lantern/,https://buddy.farm/page-data/i/lantern/page-data.json,lantern__lantern.json,buddy-item-multi-source-v1,,
lantern,Lantern,4,Iron,iron,3,https://buddy.farm/i/lantern/,https://buddy.farm/page-data/i/lantern/page-data.json,lantern__lantern.json,buddy-item-multi-source-v1,,
lantern,Lantern,5,Iron Ring,iron ring,1,https://buddy.farm/i/lantern/,https://buddy.farm/page-data/i/lantern/page-data.json,lantern__lantern.json,buddy-item-multi-source-v1,,
large net,Large Net,1,Iron Ring,iron ring,25,https://buddy.farm/i/large-net/,https://buddy.farm/page-data/i/large-net/page-data.json,large-net__large-net.json,buddy-item-multi-source-v1,,
large net,Large Net,2,Fishing Net,fishing net,25,https://buddy.farm/i/large-net/,https://buddy.farm/page-data/i/large-net/page-data.json,large-net__large-net.json,buddy-item-multi-source-v1,,
lava sphere,Lava Sphere,1,Runestone 17,runestone 17,1,https://buddy.farm/i/lava-sphere/,https://buddy.farm/page-data/i/lava-sphere/page-data.json,lava-sphere__lava-sphere.json,buddy-item-multi-source-v1,,
lava sphere,Lava Sphere,2,Runestone 16,runestone 16,1,https://buddy.farm/i/lava-sphere/,https://buddy.farm/page-data/i/lava-sphere/page-data.json,lava-sphere__lava-sphere.json,buddy-item-multi-source-v1,,
lava sphere,Lava Sphere,3,Runestone 11,runestone 11,1,https://buddy.farm/i/lava-sphere/,https://buddy.farm/page-data/i/lava-sphere/page-data.json,lava-sphere__lava-sphere.json,buddy-item-multi-source-v1,,
lava sphere,Lava Sphere,4,Runestone 14,runestone 14,1,https://buddy.farm/i/lava-sphere/,https://buddy.farm/page-data/i/lava-sphere/page-data.json,lava-sphere__lava-sphere.json,buddy-item-multi-source-v1,,
lava sphere,Lava Sphere,5,Runestone 18,runestone 18,1,https://buddy.farm/i/lava-sphere/,https://buddy.farm/page-data/i/lava-sphere/page-data.json,lava-sphere__lava-sphere.json,buddy-item-multi-source-v1,,
lava sphere,Lava Sphere,6,Runestone 13,runestone 13,1,https://buddy.farm/i/lava-sphere/,https://buddy.farm/page-data/i/lava-sphere/page-data.json,lava-sphere__lava-sphere.json,buddy-item-multi-source-v1,,
lava sphere,Lava Sphere,7,Runestone 15,runestone 15,1,https://buddy.farm/i/lava-sphere/,https://buddy.farm/page-data/i/lava-sphere/page-data.json,lava-sphere__lava-sphere.json,buddy-item-multi-source-v1,,
lava sphere,Lava Sphere,8,Runestone 12,runestone 12,1,https://buddy.farm/i/lava-sphere/,https://buddy.farm/page-data/i/lava-sphere/page-data.json,lava-sphere__lava-sphere.json,buddy-item-multi-source-v1,,
lava sphere,Lava Sphere,9,Runestone 19,runestone 19,1,https://buddy.farm/i/lava-sphere/,https://buddy.farm/page-data/i/lava-sphere/page-data.json,lava-sphere__lava-sphere.json,buddy-item-multi-source-v1,,
lava sphere,Lava Sphere,10,Runestone 20,runestone 20,1,https://buddy.farm/i/lava-sphere/,https://buddy.farm/page-data/i/lava-sphere/page-data.json,lava-sphere__lava-sphere.json,buddy-item-multi-source-v1,,
leather,Leather,1,Hide,hide,2,https://buddy.farm/i/leather/,https://buddy.farm/page-data/i/leather/page-data.json,leather__leather.json,buddy-item-multi-source-v1,,
leather bag,Leather Bag,1,Twine,twine,2,https://buddy.farm/i/leather-bag/,https://buddy.farm/page-data/i/leather-bag/page-data.json,leather-bag__leather-bag.json,buddy-item-multi-source-v1,,
leather bag,Leather Bag,2,Leather,leather,2,https://buddy.farm/i/leather-bag/,https://buddy.farm/page-data/i/leather-bag/page-data.json,leather-bag__leather-bag.json,buddy-item-multi-source-v1,,
leather bag,Leather Bag,3,Iron Ring,iron ring,4,https://buddy.farm/i/leather-bag/,https://buddy.farm/page-data/i/leather-bag/page-data.json,leather-bag__leather-bag.json,buddy-item-multi-source-v1,,
leather belt,Leather Belt,1,Leather,leather,3,https://buddy.farm/i/leather-belt/,https://buddy.farm/page-data/i/leather-belt/page-data.json,leather-belt__leather-belt.json,buddy-item-multi-source-v1,,
leather belt,Leather Belt,2,Steel Buckle,steel buckle,1,https://buddy.farm/i/leather-belt/,https://buddy.farm/page-data/i/leather-belt/page-data.json,leather-belt__leather-belt.json,buddy-item-multi-source-v1,,
leather belt,Leather Belt,3,Awl,awl,1,https://buddy.farm/i/leather-belt/,https://buddy.farm/page-data/i/leather-belt/page-data.json,leather-belt__leather-belt.json,buddy-item-multi-source-v1,,
leather diary,Leather Diary,1,Mushroom Paste,mushroom paste,1,https://buddy.farm/i/leather-diary/,https://buddy.farm/page-data/i/leather-diary/page-data.json,leather-diary__leather-diary.json,buddy-item-multi-source-v1,,
leather diary,Leather Diary,2,White Parchment,white parchment,1,https://buddy.farm/i/leather-diary/,https://buddy.farm/page-data/i/leather-diary/page-data.json,leather-diary__leather-diary.json,buddy-item-multi-source-v1,,
leather diary,Leather Diary,3,Leather,leather,1,https://buddy.farm/i/leather-diary/,https://buddy.farm/page-data/i/leather-diary/page-data.json,leather-diary__leather-diary.json,buddy-item-multi-source-v1,,
leather helmet,Leather Helmet,1,Mushroom Paste,mushroom paste,1,https://buddy.farm/i/leather-helmet/,https://buddy.farm/page-data/i/leather-helmet/page-data.json,leather-helmet__leather-helmet.json,buddy-item-multi-source-v1,,
leather helmet,Leather Helmet,2,Hide,hide,2,https://buddy.farm/i/leather-helmet/,https://buddy.farm/page-data/i/leather-helmet/page-data.json,leather-helmet__leather-helmet.json,buddy-item-multi-source-v1,,
leather helmet,Leather Helmet,3,Steel Buckle,steel buckle,1,https://buddy.farm/i/leather-helmet/,https://buddy.farm/page-data/i/leather-helmet/page-data.json,leather-helmet__leather-helmet.json,buddy-item-multi-source-v1,,
leather helmet,Leather Helmet,4,Wooden Button,wooden button,2,https://buddy.farm/i/leather-helmet/,https://buddy.farm/page-data/i/leather-helmet/page-data.json,leather-helmet__leather-helmet.json,buddy-item-multi-source-v1,,
leather helmet,Leather Helmet,5,Leather,leather,3,https://buddy.farm/i/leather-helmet/,https://buddy.farm/page-data/i/leather-helmet/page-data.json,leather-helmet__leather-helmet.json,buddy-item-multi-source-v1,,
leather waterskin,Leather Waterskin,1,Iron Ring,iron ring,1,https://buddy.farm/i/leather-waterskin/,https://buddy.farm/page-data/i/leather-waterskin/page-data.json,leather-waterskin__leather-waterskin.json,buddy-item-multi-source-v1,,
leather waterskin,Leather Waterskin,2,Leather,leather,2,https://buddy.farm/i/leather-waterskin/,https://buddy.farm/page-data/i/leather-waterskin/page-data.json,leather-waterskin__leather-waterskin.json,buddy-item-multi-source-v1,,
leather waterskin,Leather Waterskin,3,Twine,twine,2,https://buddy.farm/i/leather-waterskin/,https://buddy.farm/page-data/i/leather-waterskin/page-data.json,leather-waterskin__leather-waterskin.json,buddy-item-multi-source-v1,,
lemon quartz ring,Lemon Quartz Ring,1,Mushroom Paste,mushroom paste,1,https://buddy.farm/i/lemon-quartz-ring/,https://buddy.farm/page-data/i/lemon-quartz-ring/page-data.json,lemon-quartz-ring__lemon-quartz-ring.json,buddy-item-multi-source-v1,,
lemon quartz ring,Lemon Quartz Ring,2,Lemon Quartz,lemon quartz,1,https://buddy.farm/i/lemon-quartz-ring/,https://buddy.farm/page-data/i/lemon-quartz-ring/page-data.json,lemon-quartz-ring__lemon-quartz-ring.json,buddy-item-multi-source-v1,,
lemon quartz ring,Lemon Quartz Ring,3,Iron Ring,iron ring,1,https://buddy.farm/i/lemon-quartz-ring/,https://buddy.farm/page-data/i/lemon-quartz-ring/page-data.json,lemon-quartz-ring__lemon-quartz-ring.json,buddy-item-multi-source-v1,,
lemonade,Lemonade,1,Lemon,lemon,6,https://buddy.farm/i/lemonade/,https://buddy.farm/page-data/i/lemonade/page-data.json,lemonade__lemonade.json,buddy-item-multi-source-v1,,
lemonade,Lemonade,2,Glass Bottle,glass bottle,1,https://buddy.farm/i/lemonade/,https://buddy.farm/page-data/i/lemonade/page-data.json,lemonade__lemonade.json,buddy-item-multi-source-v1,,
linked lantern,Linked Lantern,1,Lantern,lantern,1,https://buddy.farm/i/linked-lantern/,https://buddy.farm/page-data/i/linked-lantern/page-data.json,linked-lantern__linked-lantern.json,buddy-item-multi-source-v1,,
linked lantern,Linked Lantern,2,Aquamarine,aquamarine,1,https://buddy.farm/i/linked-lantern/,https://buddy.farm/page-data/i/linked-lantern/page-data.json,linked-lantern__linked-lantern.json,buddy-item-multi-source-v1,,
linked lantern,Linked Lantern,3,Amethyst,amethyst,1,https://buddy.farm/i/linked-lantern/,https://buddy.farm/page-data/i/linked-lantern/page-data.json,linked-lantern__linked-lantern.json,buddy-item-multi-source-v1,,
linked lantern,Linked Lantern,4,Ruby,ruby,1,https://buddy.farm/i/linked-lantern/,https://buddy.farm/page-data/i/linked-lantern/page-data.json,linked-lantern__linked-lantern.json,buddy-item-multi-source-v1,,
linked lantern,Linked Lantern,5,Magicite,magicite,1,https://buddy.farm/i/linked-lantern/,https://buddy.farm/page-data/i/linked-lantern/page-data.json,linked-lantern__linked-lantern.json,buddy-item-multi-source-v1,,
looking glass,Looking Glass,1,Glass Orb,glass orb,1,https://buddy.farm/i/looking-glass/,https://buddy.farm/page-data/i/looking-glass/page-data.json,looking-glass__looking-glass.json,buddy-item-multi-source-v1,,
looking glass,Looking Glass,2,Board,board,3,https://buddy.farm/i/looking-glass/,https://buddy.farm/page-data/i/looking-glass/page-data.json,looking-glass__looking-glass.json,buddy-item-multi-source-v1,,
looking glass,Looking Glass,3,Iron,iron,1,https://buddy.farm/i/looking-glass/,https://buddy.farm/page-data/i/looking-glass/page-data.json,looking-glass__looking-glass.json,buddy-item-multi-source-v1,,
machine press,Machine Press,1,Machine Part,machine part,6,https://buddy.farm/i/machine-press/,https://buddy.farm/page-data/i/machine-press/page-data.json,machine-press__machine-press.json,buddy-item-multi-source-v1,,
machine press,Machine Press,2,Steel Plate,steel plate,1,https://buddy.farm/i/machine-press/,https://buddy.farm/page-data/i/machine-press/page-data.json,machine-press__machine-press.json,buddy-item-multi-source-v1,,
machine press,Machine Press,3,Board,board,10,https://buddy.farm/i/machine-press/,https://buddy.farm/page-data/i/machine-press/page-data.json,machine-press__machine-press.json,buddy-item-multi-source-v1,,
machine press,Machine Press,4,Nails,nails,5,https://buddy.farm/i/machine-press/,https://buddy.farm/page-data/i/machine-press/page-data.json,machine-press__machine-press.json,buddy-item-multi-source-v1,,
machine press,Machine Press,5,Bucket,bucket,1,https://buddy.farm/i/machine-press/,https://buddy.farm/page-data/i/machine-press/page-data.json,machine-press__machine-press.json,buddy-item-multi-source-v1,,
magicite,Magicite,1,Prism Shard,prism shard,3,https://buddy.farm/i/magicite/,https://buddy.farm/page-data/i/magicite/page-data.json,magicite__magicite.json,buddy-item-multi-source-v1,,
magna core,Magna Core,1,Cogwheel,cogwheel,3,https://buddy.farm/i/magna-core/,https://buddy.farm/page-data/i/magna-core/page-data.json,magna-core__magna-core.json,buddy-item-multi-source-v1,,
magna core,Magna Core,2,Flywheel,flywheel,2,https://buddy.farm/i/magna-core/,https://buddy.farm/page-data/i/magna-core/page-data.json,magna-core__magna-core.json,buddy-item-multi-source-v1,,
magna core,Magna Core,3,Magna Quartz,magna quartz,25,https://buddy.farm/i/magna-core/,https://buddy.farm/page-data/i/magna-core/page-data.json,magna-core__magna-core.json,buddy-item-multi-source-v1,,
magna core,Magna Core,4,Small Spring,small spring,5,https://buddy.farm/i/magna-core/,https://buddy.farm/page-data/i/magna-core/page-data.json,magna-core__magna-core.json,buddy-item-multi-source-v1,,
magna core,Magna Core,5,Small Screw,small screw,10,https://buddy.farm/i/magna-core/,https://buddy.farm/page-data/i/magna-core/page-data.json,magna-core__magna-core.json,buddy-item-multi-source-v1,,
magna core,Magna Core,6,Seeing Stone,seeing stone,1,https://buddy.farm/i/magna-core/,https://buddy.farm/page-data/i/magna-core/page-data.json,magna-core__magna-core.json,buddy-item-multi-source-v1,,
magna core,Magna Core,7,Steel,steel,40,https://buddy.farm/i/magna-core/,https://buddy.farm/page-data/i/magna-core/page-data.json,magna-core__magna-core.json,buddy-item-multi-source-v1,,
magnifying glass,Magnifying Glass,1,Iron Ring,iron ring,1,https://buddy.farm/i/magnifying-glass/,https://buddy.farm/page-data/i/magnifying-glass/page-data.json,magnifying-glass__magnifying-glass.json,buddy-item-multi-source-v1,,
magnifying glass,Magnifying Glass,2,Board,board,1,https://buddy.farm/i/magnifying-glass/,https://buddy.farm/page-data/i/magnifying-glass/page-data.json,magnifying-glass__magnifying-glass.json,buddy-item-multi-source-v1,,
magnifying glass,Magnifying Glass,3,Iron,iron,3,https://buddy.farm/i/magnifying-glass/,https://buddy.farm/page-data/i/magnifying-glass/page-data.json,magnifying-glass__magnifying-glass.json,buddy-item-multi-source-v1,,
magnifying glass,Magnifying Glass,4,Glass Orb,glass orb,1,https://buddy.farm/i/magnifying-glass/,https://buddy.farm/page-data/i/magnifying-glass/page-data.json,magnifying-glass__magnifying-glass.json,buddy-item-multi-source-v1,,
magus hat,Magus Hat,1,Leather,leather,2,https://buddy.farm/i/magus-hat/,https://buddy.farm/page-data/i/magus-hat/page-data.json,magus-hat__magus-hat.json,buddy-item-multi-source-v1,,
magus hat,Magus Hat,2,Twine,twine,3,https://buddy.farm/i/magus-hat/,https://buddy.farm/page-data/i/magus-hat/page-data.json,magus-hat__magus-hat.json,buddy-item-multi-source-v1,,
magus hat,Magus Hat,3,Blue Feathers,blue feathers,10,https://buddy.farm/i/magus-hat/,https://buddy.farm/page-data/i/magus-hat/page-data.json,magus-hat__magus-hat.json,buddy-item-multi-source-v1,,
magus hat,Magus Hat,4,Gold Leaf,gold leaf,1,https://buddy.farm/i/magus-hat/,https://buddy.farm/page-data/i/magus-hat/page-data.json,magus-hat__magus-hat.json,buddy-item-multi-source-v1,,
mayonnaise,Mayonnaise,1,Sour Root,sour root,1,https://buddy.farm/i/mayonnaise/,https://buddy.farm/page-data/i/mayonnaise/page-data.json,mayonnaise__mayonnaise.json,buddy-item-multi-source-v1,,
mayonnaise,Mayonnaise,2,Corn Oil,corn oil,1,https://buddy.farm/i/mayonnaise/,https://buddy.farm/page-data/i/mayonnaise/page-data.json,mayonnaise__mayonnaise.json,buddy-item-multi-source-v1,,
mayonnaise,Mayonnaise,3,Glass Jar,glass jar,1,https://buddy.farm/i/mayonnaise/,https://buddy.farm/page-data/i/mayonnaise/page-data.json,mayonnaise__mayonnaise.json,buddy-item-multi-source-v1,,
mayonnaise,Mayonnaise,4,Eggs,eggs,25,https://buddy.farm/i/mayonnaise/,https://buddy.farm/page-data/i/mayonnaise/page-data.json,mayonnaise__mayonnaise.json,buddy-item-multi-source-v1,,
metal spool,Metal Spool,1,Nails,nails,2,https://buddy.farm/i/metal-spool/,https://buddy.farm/page-data/i/metal-spool/page-data.json,metal-spool__metal-spool.json,buddy-item-multi-source-v1,,
metal spool,Metal Spool,2,Coal,coal,5,https://buddy.farm/i/metal-spool/,https://buddy.farm/page-data/i/metal-spool/page-data.json,metal-spool__metal-spool.json,buddy-item-multi-source-v1,,
metal spool,Metal Spool,3,Broken Pipe,broken pipe,1,https://buddy.farm/i/metal-spool/,https://buddy.farm/page-data/i/metal-spool/page-data.json,metal-spool__metal-spool.json,buddy-item-multi-source-v1,,
metal spool,Metal Spool,4,Scrap Metal,scrap metal,12,https://buddy.farm/i/metal-spool/,https://buddy.farm/page-data/i/metal-spool/page-data.json,metal-spool__metal-spool.json,buddy-item-multi-source-v1,,
mushroom paste,Mushroom Paste,1,Mushroom,mushroom,3,https://buddy.farm/i/mushroom-paste/,https://buddy.farm/page-data/i/mushroom-paste/page-data.json,mushroom-paste__mushroom-paste.json,buddy-item-multi-source-v1,,
mushroom stew,Mushroom Stew,1,Peppers,peppers,60,https://buddy.farm/i/mushroom-stew/,https://buddy.farm/page-data/i/mushroom-stew/page-data.json,mushroom-stew__mushroom-stew.json,buddy-item-multi-source-v1,,
mushroom stew,Mushroom Stew,2,Onion,onion,20,https://buddy.farm/i/mushroom-stew/,https://buddy.farm/page-data/i/mushroom-stew/page-data.json,mushroom-stew__mushroom-stew.json,buddy-item-multi-source-v1,,
mushroom stew,Mushroom Stew,3,Coal,coal,180,https://buddy.farm/i/mushroom-stew/,https://buddy.farm/page-data/i/mushroom-stew/page-data.json,mushroom-stew__mushroom-stew.json,buddy-item-multi-source-v1,,
mushroom stew,Mushroom Stew,4,Carrot,carrot,60,https://buddy.farm/i/mushroom-stew/,https://buddy.farm/page-data/i/mushroom-stew/page-data.json,mushroom-stew__mushroom-stew.json,buddy-item-multi-source-v1,,
mushroom stew,Mushroom Stew,5,Mushroom,mushroom,100,https://buddy.farm/i/mushroom-stew/,https://buddy.farm/page-data/i/mushroom-stew/page-data.json,mushroom-stew__mushroom-stew.json,buddy-item-multi-source-v1,,
mushroom stew,Mushroom Stew,6,Leek,leek,32,https://buddy.farm/i/mushroom-stew/,https://buddy.farm/page-data/i/mushroom-stew/page-data.json,mushroom-stew__mushroom-stew.json,buddy-item-multi-source-v1,,
mushroom stew,Mushroom Stew,7,Cooking Pot,cooking pot,1,https://buddy.farm/i/mushroom-stew/,https://buddy.farm/page-data/i/mushroom-stew/page-data.json,mushroom-stew__mushroom-stew.json,buddy-item-multi-source-v1,,
mushroom stew,Mushroom Stew,8,Bone Broth,bone broth,1,https://buddy.farm/i/mushroom-stew/,https://buddy.farm/page-data/i/mushroom-stew/page-data.json,mushroom-stew__mushroom-stew.json,buddy-item-multi-source-v1,,
mystic ring,Mystic Ring,1,Mushroom Paste,mushroom paste,3,https://buddy.farm/i/mystic-ring/,https://buddy.farm/page-data/i/mystic-ring/page-data.json,mystic-ring__mystic-ring.json,buddy-item-multi-source-v1,,
mystic ring,Mystic Ring,2,Stone,stone,1,https://buddy.farm/i/mystic-ring/,https://buddy.farm/page-data/i/mystic-ring/page-data.json,mystic-ring__mystic-ring.json,buddy-item-multi-source-v1,,
mystic ring,Mystic Ring,3,Aquamarine,aquamarine,1,https://buddy.farm/i/mystic-ring/,https://buddy.farm/page-data/i/mystic-ring/page-data.json,mystic-ring__mystic-ring.json,buddy-item-multi-source-v1,,
mystic ring,Mystic Ring,4,Iron Ring,iron ring,1,https://buddy.farm/i/mystic-ring/,https://buddy.farm/page-data/i/mystic-ring/page-data.json,mystic-ring__mystic-ring.json,buddy-item-multi-source-v1,,
mystic ring,Mystic Ring,5,Emerald,emerald,2,https://buddy.farm/i/mystic-ring/,https://buddy.farm/page-data/i/mystic-ring/page-data.json,mystic-ring__mystic-ring.json,buddy-item-multi-source-v1,,
nailed board,Nailed Board,1,Board,board,1,https://buddy.farm/i/nailed-board/,https://buddy.farm/page-data/i/nailed-board/page-data.json,nailed-board__nailed-board.json,buddy-item-multi-source-v1,,
nailed board,Nailed Board,2,Nails,nails,1,https://buddy.farm/i/nailed-board/,https://buddy.farm/page-data/i/nailed-board/page-data.json,nailed-board__nailed-board.json,buddy-item-multi-source-v1,,
neigh,Neigh,1,Tomato,tomato,10,https://buddy.farm/i/neigh/,https://buddy.farm/page-data/i/neigh/page-data.json,neigh__neigh.json,buddy-item-multi-source-v1,,
neigh,Neigh,2,Cucumber,cucumber,30,https://buddy.farm/i/neigh/,https://buddy.farm/page-data/i/neigh/page-data.json,neigh__neigh.json,buddy-item-multi-source-v1,,
neigh,Neigh,3,Peas,peas,40,https://buddy.farm/i/neigh/,https://buddy.farm/page-data/i/neigh/page-data.json,neigh__neigh.json,buddy-item-multi-source-v1,,
neigh,Neigh,4,Carrot,carrot,50,https://buddy.farm/i/neigh/,https://buddy.farm/page-data/i/neigh/page-data.json,neigh__neigh.json,buddy-item-multi-source-v1,,
neigh,Neigh,5,Bone Broth,bone broth,1,https://buddy.farm/i/neigh/,https://buddy.farm/page-data/i/neigh/page-data.json,neigh__neigh.json,buddy-item-multi-source-v1,,
neigh,Neigh,6,Coal,coal,180,https://buddy.farm/i/neigh/,https://buddy.farm/page-data/i/neigh/page-data.json,neigh__neigh.json,buddy-item-multi-source-v1,,
neigh,Neigh,7,Peppers,peppers,45,https://buddy.farm/i/neigh/,https://buddy.farm/page-data/i/neigh/page-data.json,neigh__neigh.json,buddy-item-multi-source-v1,,
neigh,Neigh,8,Cooking Pot,cooking pot,1,https://buddy.farm/i/neigh/,https://buddy.farm/page-data/i/neigh/page-data.json,neigh__neigh.json,buddy-item-multi-source-v1,,
neigh,Neigh,9,Onion,onion,20,https://buddy.farm/i/neigh/,https://buddy.farm/page-data/i/neigh/page-data.json,neigh__neigh.json,buddy-item-multi-source-v1,,
oak table,Oak Table,1,Oak,oak,80,https://buddy.farm/i/oak-table/,https://buddy.farm/page-data/i/oak-table/page-data.json,oak-table__oak-table.json,buddy-item-multi-source-v1,,
oak table,Oak Table,2,Handsaw,handsaw,1,https://buddy.farm/i/oak-table/,https://buddy.farm/page-data/i/oak-table/page-data.json,oak-table__oak-table.json,buddy-item-multi-source-v1,,
oak table,Oak Table,3,Nails,nails,24,https://buddy.farm/i/oak-table/,https://buddy.farm/page-data/i/oak-table/page-data.json,oak-table__oak-table.json,buddy-item-multi-source-v1,,
onion soup,Onion Soup,1,Onion,onion,50,https://buddy.farm/i/onion-soup/,https://buddy.farm/page-data/i/onion-soup/page-data.json,onion-soup__onion-soup.json,buddy-item-multi-source-v1,,
onion soup,Onion Soup,2,Coal,coal,60,https://buddy.farm/i/onion-soup/,https://buddy.farm/page-data/i/onion-soup/page-data.json,onion-soup__onion-soup.json,buddy-item-multi-source-v1,,
onion soup,Onion Soup,3,Bone Broth,bone broth,1,https://buddy.farm/i/onion-soup/,https://buddy.farm/page-data/i/onion-soup/page-data.json,onion-soup__onion-soup.json,buddy-item-multi-source-v1,,
onion soup,Onion Soup,4,Cooking Pot,cooking pot,1,https://buddy.farm/i/onion-soup/,https://buddy.farm/page-data/i/onion-soup/page-data.json,onion-soup__onion-soup.json,buddy-item-multi-source-v1,,
orange butterfly,Orange Butterfly,1,Wood,wood,1,https://buddy.farm/i/orange-butterfly/,https://buddy.farm/page-data/i/orange-butterfly/page-data.json,orange-butterfly__orange-butterfly.json,buddy-item-multi-source-v1,,
orange butterfly,Orange Butterfly,2,Caterpillar,caterpillar,1,https://buddy.farm/i/orange-butterfly/,https://buddy.farm/page-data/i/orange-butterfly/page-data.json,orange-butterfly__orange-butterfly.json,buddy-item-multi-source-v1,,
orange butterfly,Orange Butterfly,3,Silk,silk,3,https://buddy.farm/i/orange-butterfly/,https://buddy.farm/page-data/i/orange-butterfly/page-data.json,orange-butterfly__orange-butterfly.json,buddy-item-multi-source-v1,,
orange butterfly,Orange Butterfly,4,Orange Dye,orange dye,1,https://buddy.farm/i/orange-butterfly/,https://buddy.farm/page-data/i/orange-butterfly/page-data.json,orange-butterfly__orange-butterfly.json,buddy-item-multi-source-v1,,
orange dye,Orange Dye,1,Amber Mire Bloom,amber mire bloom,4,https://buddy.farm/i/orange-dye/,https://buddy.farm/page-data/i/orange-dye/page-data.json,orange-dye__orange-dye.json,buddy-item-multi-source-v1,,
orange dye,Orange Dye,2,Glass Bottle,glass bottle,1,https://buddy.farm/i/orange-dye/,https://buddy.farm/page-data/i/orange-dye/page-data.json,orange-dye__orange-dye.json,buddy-item-multi-source-v1,,
orange juice,Orange Juice,1,Glass Bottle,glass bottle,1,https://buddy.farm/i/orange-juice/,https://buddy.farm/page-data/i/orange-juice/page-data.json,orange-juice__orange-juice.json,buddy-item-multi-source-v1,,
orange juice,Orange Juice,2,Orange,orange,6,https://buddy.farm/i/orange-juice/,https://buddy.farm/page-data/i/orange-juice/page-data.json,orange-juice__orange-juice.json,buddy-item-multi-source-v1,,
orange scarf,Orange Scarf,1,Yarn,yarn,2,https://buddy.farm/i/orange-scarf/,https://buddy.farm/page-data/i/orange-scarf/page-data.json,orange-scarf__orange-scarf.json,buddy-item-multi-source-v1,,
orange scarf,Orange Scarf,2,Orange Dye,orange dye,1,https://buddy.farm/i/orange-scarf/,https://buddy.farm/page-data/i/orange-scarf/page-data.json,orange-scarf__orange-scarf.json,buddy-item-multi-source-v1,,
orange shirt,Orange Shirt,1,Sewing Needle,sewing needle,1,https://buddy.farm/i/orange-shirt/,https://buddy.farm/page-data/i/orange-shirt/page-data.json,orange-shirt__orange-shirt.json,buddy-item-multi-source-v1,,
orange shirt,Orange Shirt,2,Orange Dye,orange dye,1,https://buddy.farm/i/orange-shirt/,https://buddy.farm/page-data/i/orange-shirt/page-data.json,orange-shirt__orange-shirt.json,buddy-item-multi-source-v1,,
orange shirt,Orange Shirt,3,Cloth,cloth,10,https://buddy.farm/i/orange-shirt/,https://buddy.farm/page-data/i/orange-shirt/page-data.json,orange-shirt__orange-shirt.json,buddy-item-multi-source-v1,,
orange twine,Orange Twine,1,Twine,twine,1,https://buddy.farm/i/orange-twine/,https://buddy.farm/page-data/i/orange-twine/page-data.json,orange-twine__orange-twine.json,buddy-item-multi-source-v1,,
orange twine,Orange Twine,2,Orange Dye,orange dye,1,https://buddy.farm/i/orange-twine/,https://buddy.farm/page-data/i/orange-twine/page-data.json,orange-twine__orange-twine.json,buddy-item-multi-source-v1,,
over the moon,Over The Moon,1,Herbs,herbs,1,https://buddy.farm/i/over-the-moon/,https://buddy.farm/page-data/i/over-the-moon/page-data.json,over-the-moon__over-the-moon.json,buddy-item-multi-source-v1,,
over the moon,Over The Moon,2,Leek,leek,3,https://buddy.farm/i/over-the-moon/,https://buddy.farm/page-data/i/over-the-moon/page-data.json,over-the-moon__over-the-moon.json,buddy-item-multi-source-v1,,
over the moon,Over The Moon,3,Corn,corn,3,https://buddy.farm/i/over-the-moon/,https://buddy.farm/page-data/i/over-the-moon/page-data.json,over-the-moon__over-the-moon.json,buddy-item-multi-source-v1,,
over the moon,Over The Moon,4,Coal,coal,120,https://buddy.farm/i/over-the-moon/,https://buddy.farm/page-data/i/over-the-moon/page-data.json,over-the-moon__over-the-moon.json,buddy-item-multi-source-v1,,
over the moon,Over The Moon,5,Steak,steak,3,https://buddy.farm/i/over-the-moon/,https://buddy.farm/page-data/i/over-the-moon/page-data.json,over-the-moon__over-the-moon.json,buddy-item-multi-source-v1,,
over the moon,Over The Moon,6,Salt,salt,1,https://buddy.farm/i/over-the-moon/,https://buddy.farm/page-data/i/over-the-moon/page-data.json,over-the-moon__over-the-moon.json,buddy-item-multi-source-v1,,
pair of boots,Pair of Boots,1,Polished Boot,polished boot,2,https://buddy.farm/i/pair-of-boots/,https://buddy.farm/page-data/i/pair-of-boots/page-data.json,pair-of-boots__pair-of-boots.json,buddy-item-multi-source-v1,,
pair of gold boots,Pair of Gold Boots,1,Gold Boot,gold boot,2,https://buddy.farm/i/pair-of-gold-boots/,https://buddy.farm/page-data/i/pair-of-gold-boots/page-data.json,pair-of-gold-boots__pair-of-gold-boots.json,buddy-item-multi-source-v1,,
peach juice,Peach Juice,1,Glass Bottle,glass bottle,1,https://buddy.farm/i/peach-juice/,https://buddy.farm/page-data/i/peach-juice/page-data.json,peach-juice__peach-juice.json,buddy-item-multi-source-v1,,
peach juice,Peach Juice,2,Peach,peach,10,https://buddy.farm/i/peach-juice/,https://buddy.farm/page-data/i/peach-juice/page-data.json,peach-juice__peach-juice.json,buddy-item-multi-source-v1,,
pear grease,Pear Grease,1,Glass Bottle,glass bottle,1,https://buddy.farm/i/pear-grease/,https://buddy.farm/page-data/i/pear-grease/page-data.json,pear-grease__pear-grease.json,buddy-item-multi-source-v1,,
pear grease,Pear Grease,2,Blue Gel,blue gel,5,https://buddy.farm/i/pear-grease/,https://buddy.farm/page-data/i/pear-grease/page-data.json,pear-grease__pear-grease.json,buddy-item-multi-source-v1,,
pear grease,Pear Grease,3,Prickly Pear,prickly pear,30,https://buddy.farm/i/pear-grease/,https://buddy.farm/page-data/i/pear-grease/page-data.json,pear-grease__pear-grease.json,buddy-item-multi-source-v1,,
pearl necklace,Pearl Necklace,1,Pearl,pearl,1,https://buddy.farm/i/pearl-necklace/,https://buddy.farm/page-data/i/pearl-necklace/page-data.json,pearl-necklace__pearl-necklace.json,buddy-item-multi-source-v1,,
pearl necklace,Pearl Necklace,2,Iron Ring,iron ring,1,https://buddy.farm/i/pearl-necklace/,https://buddy.farm/page-data/i/pearl-necklace/page-data.json,pearl-necklace__pearl-necklace.json,buddy-item-multi-source-v1,,
pearl necklace,Pearl Necklace,3,Twine,twine,1,https://buddy.farm/i/pearl-necklace/,https://buddy.farm/page-data/i/pearl-necklace/page-data.json,pearl-necklace__pearl-necklace.json,buddy-item-multi-source-v1,,
pickaxe,Pickaxe,1,Board,board,1,https://buddy.farm/i/pickaxe/,https://buddy.farm/page-data/i/pickaxe/page-data.json,pickaxe__pickaxe.json,buddy-item-multi-source-v1,,
pickaxe,Pickaxe,2,Iron,iron,2,https://buddy.farm/i/pickaxe/,https://buddy.farm/page-data/i/pickaxe/page-data.json,pickaxe__pickaxe.json,buddy-item-multi-source-v1,,
pickaxe,Pickaxe,3,Stone,stone,1,https://buddy.farm/i/pickaxe/,https://buddy.farm/page-data/i/pickaxe/page-data.json,pickaxe__pickaxe.json,buddy-item-multi-source-v1,,
pickaxe,Pickaxe,4,Mushroom Paste,mushroom paste,1,https://buddy.farm/i/pickaxe/,https://buddy.farm/page-data/i/pickaxe/page-data.json,pickaxe__pickaxe.json,buddy-item-multi-source-v1,,
pie pan,Pie Pan,1,Steel,steel,10,https://buddy.farm/i/pie-pan/,https://buddy.farm/page-data/i/pie-pan/page-data.json,pie-pan__pie-pan.json,buddy-item-multi-source-v1,,
pie pan,Pie Pan,2,Moonstone,moonstone,2,https://buddy.farm/i/pie-pan/,https://buddy.farm/page-data/i/pie-pan/page-data.json,pie-pan__pie-pan.json,buddy-item-multi-source-v1,,
pie pan,Pie Pan,3,Emberstone,emberstone,25,https://buddy.farm/i/pie-pan/,https://buddy.farm/page-data/i/pie-pan/page-data.json,pie-pan__pie-pan.json,buddy-item-multi-source-v1,,
pine shelf,Pine Shelf,1,Steel,steel,2,https://buddy.farm/i/pine-shelf/,https://buddy.farm/page-data/i/pine-shelf/page-data.json,pine-shelf__pine-shelf.json,buddy-item-multi-source-v1,,
pine shelf,Pine Shelf,2,Small Bolt,small bolt,4,https://buddy.farm/i/pine-shelf/,https://buddy.farm/page-data/i/pine-shelf/page-data.json,pine-shelf__pine-shelf.json,buddy-item-multi-source-v1,,
pine shelf,Pine Shelf,3,Pine Board,pine board,1,https://buddy.farm/i/pine-shelf/,https://buddy.farm/page-data/i/pine-shelf/page-data.json,pine-shelf__pine-shelf.json,buddy-item-multi-source-v1,,
pitchfork,Pitchfork,1,Mushroom Paste,mushroom paste,1,https://buddy.farm/i/pitchfork/,https://buddy.farm/page-data/i/pitchfork/page-data.json,pitchfork__pitchfork.json,buddy-item-multi-source-v1,,
pitchfork,Pitchfork,2,Iron Ring,iron ring,1,https://buddy.farm/i/pitchfork/,https://buddy.farm/page-data/i/pitchfork/page-data.json,pitchfork__pitchfork.json,buddy-item-multi-source-v1,,
pitchfork,Pitchfork,3,Steel,steel,2,https://buddy.farm/i/pitchfork/,https://buddy.farm/page-data/i/pitchfork/page-data.json,pitchfork__pitchfork.json,buddy-item-multi-source-v1,,
pitchfork,Pitchfork,4,Board,board,1,https://buddy.farm/i/pitchfork/,https://buddy.farm/page-data/i/pitchfork/page-data.json,pitchfork__pitchfork.json,buddy-item-multi-source-v1,,
pitchfork,Pitchfork,5,Emberstone,emberstone,1,https://buddy.farm/i/pitchfork/,https://buddy.farm/page-data/i/pitchfork/page-data.json,pitchfork__pitchfork.json,buddy-item-multi-source-v1,,
polished boot,Polished Boot,1,Corn Oil,corn oil,1,https://buddy.farm/i/polished-boot/,https://buddy.farm/page-data/i/polished-boot/page-data.json,polished-boot__polished-boot.json,buddy-item-multi-source-v1,,
polished boot,Polished Boot,2,Old Boot,old boot,1,https://buddy.farm/i/polished-boot/,https://buddy.farm/page-data/i/polished-boot/page-data.json,polished-boot__polished-boot.json,buddy-item-multi-source-v1,,
potato battery,Potato Battery,1,Steel Wire,steel wire,4,https://buddy.farm/i/potato-battery/,https://buddy.farm/page-data/i/potato-battery/page-data.json,potato-battery__potato-battery.json,buddy-item-multi-source-v1,,
potato battery,Potato Battery,2,Nails,nails,4,https://buddy.farm/i/potato-battery/,https://buddy.farm/page-data/i/potato-battery/page-data.json,potato-battery__potato-battery.json,buddy-item-multi-source-v1,,
potato battery,Potato Battery,3,Potato,potato,8,https://buddy.farm/i/potato-battery/,https://buddy.farm/page-data/i/potato-battery/page-data.json,potato-battery__potato-battery.json,buddy-item-multi-source-v1,,
potato battery,Potato Battery,4,Transistor,transistor,8,https://buddy.farm/i/potato-battery/,https://buddy.farm/page-data/i/potato-battery/page-data.json,potato-battery__potato-battery.json,buddy-item-multi-source-v1,,
potato battery,Potato Battery,5,Spool of Copper,spool of copper,1,https://buddy.farm/i/potato-battery/,https://buddy.farm/page-data/i/potato-battery/page-data.json,potato-battery__potato-battery.json,buddy-item-multi-source-v1,,
power monitor,Power Monitor,1,Pocket Watch,pocket watch,1,https://buddy.farm/i/power-monitor/,https://buddy.farm/page-data/i/power-monitor/page-data.json,power-monitor__power-monitor.json,buddy-item-multi-source-v1,,
power monitor,Power Monitor,2,Copper Wire,copper wire,1,https://buddy.farm/i/power-monitor/,https://buddy.farm/page-data/i/power-monitor/page-data.json,power-monitor__power-monitor.json,buddy-item-multi-source-v1,,
power monitor,Power Monitor,3,Broken Pipe,broken pipe,1,https://buddy.farm/i/power-monitor/,https://buddy.farm/page-data/i/power-monitor/page-data.json,power-monitor__power-monitor.json,buddy-item-multi-source-v1,,
power monitor,Power Monitor,4,Iron,iron,10,https://buddy.farm/i/power-monitor/,https://buddy.farm/page-data/i/power-monitor/page-data.json,power-monitor__power-monitor.json,buddy-item-multi-source-v1,,
power monitor,Power Monitor,5,Transistor,transistor,5,https://buddy.farm/i/power-monitor/,https://buddy.farm/page-data/i/power-monitor/page-data.json,power-monitor__power-monitor.json,buddy-item-multi-source-v1,,
propeller hat,Propeller Hat,1,Green Dye,green dye,2,https://buddy.farm/i/propeller-hat/,https://buddy.farm/page-data/i/propeller-hat/page-data.json,propeller-hat__propeller-hat.json,buddy-item-multi-source-v1,,
propeller hat,Propeller Hat,2,Hammer,hammer,1,https://buddy.farm/i/propeller-hat/,https://buddy.farm/page-data/i/propeller-hat/page-data.json,propeller-hat__propeller-hat.json,buddy-item-multi-source-v1,,
propeller hat,Propeller Hat,3,Blue Dye,blue dye,2,https://buddy.farm/i/propeller-hat/,https://buddy.farm/page-data/i/propeller-hat/page-data.json,propeller-hat__propeller-hat.json,buddy-item-multi-source-v1,,
propeller hat,Propeller Hat,4,Red Dye,red dye,2,https://buddy.farm/i/propeller-hat/,https://buddy.farm/page-data/i/propeller-hat/page-data.json,propeller-hat__propeller-hat.json,buddy-item-multi-source-v1,,
propeller hat,Propeller Hat,5,Yellow Dye,yellow dye,2,https://buddy.farm/i/propeller-hat/,https://buddy.farm/page-data/i/propeller-hat/page-data.json,propeller-hat__propeller-hat.json,buddy-item-multi-source-v1,,
propeller hat,Propeller Hat,6,Cloth,cloth,25,https://buddy.farm/i/propeller-hat/,https://buddy.farm/page-data/i/propeller-hat/page-data.json,propeller-hat__propeller-hat.json,buddy-item-multi-source-v1,,
propeller hat,Propeller Hat,7,Tin Scraps,tin scraps,2,https://buddy.farm/i/propeller-hat/,https://buddy.farm/page-data/i/propeller-hat/page-data.json,propeller-hat__propeller-hat.json,buddy-item-multi-source-v1,,
purple bag,Purple Bag,1,Leather Bag,leather bag,1,https://buddy.farm/i/purple-bag/,https://buddy.farm/page-data/i/purple-bag/page-data.json,purple-bag__purple-bag.json,buddy-item-multi-source-v1,,
purple bag,Purple Bag,2,Purple Dye,purple dye,1,https://buddy.farm/i/purple-bag/,https://buddy.farm/page-data/i/purple-bag/page-data.json,purple-bag__purple-bag.json,buddy-item-multi-source-v1,,
purple butterfly,Purple Butterfly,1,Wood,wood,1,https://buddy.farm/i/purple-butterfly/,https://buddy.farm/page-data/i/purple-butterfly/page-data.json,purple-butterfly__purple-butterfly.json,buddy-item-multi-source-v1,,
purple butterfly,Purple Butterfly,2,Caterpillar,caterpillar,1,https://buddy.farm/i/purple-butterfly/,https://buddy.farm/page-data/i/purple-butterfly/page-data.json,purple-butterfly__purple-butterfly.json,buddy-item-multi-source-v1,,
purple butterfly,Purple Butterfly,3,Purple Dye,purple dye,1,https://buddy.farm/i/purple-butterfly/,https://buddy.farm/page-data/i/purple-butterfly/page-data.json,purple-butterfly__purple-butterfly.json,buddy-item-multi-source-v1,,
purple butterfly,Purple Butterfly,4,Silk,silk,3,https://buddy.farm/i/purple-butterfly/,https://buddy.farm/page-data/i/purple-butterfly/page-data.json,purple-butterfly__purple-butterfly.json,buddy-item-multi-source-v1,,
purple diary,Purple Diary,1,Purple Parchment,purple parchment,1,https://buddy.farm/i/purple-diary/,https://buddy.farm/page-data/i/purple-diary/page-data.json,purple-diary__purple-diary.json,buddy-item-multi-source-v1,,
purple diary,Purple Diary,2,Mushroom Paste,mushroom paste,1,https://buddy.farm/i/purple-diary/,https://buddy.farm/page-data/i/purple-diary/page-data.json,purple-diary__purple-diary.json,buddy-item-multi-source-v1,,
purple diary,Purple Diary,3,White Parchment,white parchment,1,https://buddy.farm/i/purple-diary/,https://buddy.farm/page-data/i/purple-diary/page-data.json,purple-diary__purple-diary.json,buddy-item-multi-source-v1,,
purple dye,Purple Dye,1,Purple Flower,purple flower,10,https://buddy.farm/i/purple-dye/,https://buddy.farm/page-data/i/purple-dye/page-data.json,purple-dye__purple-dye.json,buddy-item-multi-source-v1,,
purple dye,Purple Dye,2,Glass Bottle,glass bottle,1,https://buddy.farm/i/purple-dye/,https://buddy.farm/page-data/i/purple-dye/page-data.json,purple-dye__purple-dye.json,buddy-item-multi-source-v1,,
purple parchment,Purple Parchment,1,Purple Flower,purple flower,3,https://buddy.farm/i/purple-parchment/,https://buddy.farm/page-data/i/purple-parchment/page-data.json,purple-parchment__purple-parchment.json,buddy-item-multi-source-v1,,
purple shirt,Purple Shirt,1,Purple Dye,purple dye,1,https://buddy.farm/i/purple-shirt/,https://buddy.farm/page-data/i/purple-shirt/page-data.json,purple-shirt__purple-shirt.json,buddy-item-multi-source-v1,,
purple shirt,Purple Shirt,2,Sewing Needle,sewing needle,1,https://buddy.farm/i/purple-shirt/,https://buddy.farm/page-data/i/purple-shirt/page-data.json,purple-shirt__purple-shirt.json,buddy-item-multi-source-v1,,
purple shirt,Purple Shirt,3,Cloth,cloth,10,https://buddy.farm/i/purple-shirt/,https://buddy.farm/page-data/i/purple-shirt/page-data.json,purple-shirt__purple-shirt.json,buddy-item-multi-source-v1,,
purple twine,Purple Twine,1,Twine,twine,1,https://buddy.farm/i/purple-twine/,https://buddy.farm/page-data/i/purple-twine/page-data.json,purple-twine__purple-twine.json,buddy-item-multi-source-v1,,
purple twine,Purple Twine,2,Purple Dye,purple dye,1,https://buddy.farm/i/purple-twine/,https://buddy.farm/page-data/i/purple-twine/page-data.json,purple-twine__purple-twine.json,buddy-item-multi-source-v1,,
pyrite,Pyrite,1,Unpolished Pyrite,unpolished pyrite,2,https://buddy.farm/i/pyrite/,https://buddy.farm/page-data/i/pyrite/page-data.json,pyrite__pyrite.json,buddy-item-multi-source-v1,,
quandary chowder,Quandary Chowder,1,Corn Oil,corn oil,1,https://buddy.farm/i/quandary-chowder/,https://buddy.farm/page-data/i/quandary-chowder/page-data.json,quandary-chowder__quandary-chowder.json,buddy-item-multi-source-v1,,
quandary chowder,Quandary Chowder,2,Milk,milk,10,https://buddy.farm/i/quandary-chowder/,https://buddy.farm/page-data/i/quandary-chowder/page-data.json,quandary-chowder__quandary-chowder.json,buddy-item-multi-source-v1,,
quandary chowder,Quandary Chowder,3,Bacon,bacon,2,https://buddy.farm/i/quandary-chowder/,https://buddy.farm/page-data/i/quandary-chowder/page-data.json,quandary-chowder__quandary-chowder.json,buddy-item-multi-source-v1,,
quandary chowder,Quandary Chowder,4,Carrot,carrot,3,https://buddy.farm/i/quandary-chowder/,https://buddy.farm/page-data/i/quandary-chowder/page-data.json,quandary-chowder__quandary-chowder.json,buddy-item-multi-source-v1,,
quandary chowder,Quandary Chowder,5,Red Berries,red berries,3,https://buddy.farm/i/quandary-chowder/,https://buddy.farm/page-data/i/quandary-chowder/page-data.json,quandary-chowder__quandary-chowder.json,buddy-item-multi-source-v1,,
quandary chowder,Quandary Chowder,6,Herbs,herbs,2,https://buddy.farm/i/quandary-chowder/,https://buddy.farm/page-data/i/quandary-chowder/page-data.json,quandary-chowder__quandary-chowder.json,buddy-item-multi-source-v1,,
quandary chowder,Quandary Chowder,7,Bone Broth,bone broth,1,https://buddy.farm/i/quandary-chowder/,https://buddy.farm/page-data/i/quandary-chowder/page-data.json,quandary-chowder__quandary-chowder.json,buddy-item-multi-source-v1,,
quandary chowder,Quandary Chowder,8,Coal,coal,240,https://buddy.farm/i/quandary-chowder/,https://buddy.farm/page-data/i/quandary-chowder/page-data.json,quandary-chowder__quandary-chowder.json,buddy-item-multi-source-v1,,
quandary chowder,Quandary Chowder,9,Corn,corn,16,https://buddy.farm/i/quandary-chowder/,https://buddy.farm/page-data/i/quandary-chowder/page-data.json,quandary-chowder__quandary-chowder.json,buddy-item-multi-source-v1,,
quandary chowder,Quandary Chowder,10,Salt,salt,1,https://buddy.farm/i/quandary-chowder/,https://buddy.farm/page-data/i/quandary-chowder/page-data.json,quandary-chowder__quandary-chowder.json,buddy-item-multi-source-v1,,
quandary chowder,Quandary Chowder,11,Potato,potato,5,https://buddy.farm/i/quandary-chowder/,https://buddy.farm/page-data/i/quandary-chowder/page-data.json,quandary-chowder__quandary-chowder.json,buddy-item-multi-source-v1,,
quandary chowder,Quandary Chowder,12,Cooking Pot,cooking pot,1,https://buddy.farm/i/quandary-chowder/,https://buddy.farm/page-data/i/quandary-chowder/page-data.json,quandary-chowder__quandary-chowder.json,buddy-item-multi-source-v1,,
re taw pail,Re'taw Pail,1,Bucket,bucket,1,https://buddy.farm/i/re-taw-pail/,https://buddy.farm/page-data/i/re-taw-pail/page-data.json,re-taw-pail__re-taw-pail.json,buddy-item-multi-source-v1,,
re taw pail,Re'taw Pail,2,Mushroom Paste,mushroom paste,4,https://buddy.farm/i/re-taw-pail/,https://buddy.farm/page-data/i/re-taw-pail/page-data.json,re-taw-pail__re-taw-pail.json,buddy-item-multi-source-v1,,
re taw pail,Re'taw Pail,3,Re'taw,re taw,5,https://buddy.farm/i/re-taw-pail/,https://buddy.farm/page-data/i/re-taw-pail/page-data.json,re-taw-pail__re-taw-pail.json,buddy-item-multi-source-v1,,
red berry pie,Red Berry Pie,1,Milk,milk,1,https://buddy.farm/i/red-berry-pie/,https://buddy.farm/page-data/i/red-berry-pie/page-data.json,red-berry-pie__red-berry-pie.json,buddy-item-multi-source-v1,,
red berry pie,Red Berry Pie,2,Red Berries,red berries,200,https://buddy.farm/i/red-berry-pie/,https://buddy.farm/page-data/i/red-berry-pie/page-data.json,red-berry-pie__red-berry-pie.json,buddy-item-multi-source-v1,,
red berry pie,Red Berry Pie,3,Pie Pan,pie pan,1,https://buddy.farm/i/red-berry-pie/,https://buddy.farm/page-data/i/red-berry-pie/page-data.json,red-berry-pie__red-berry-pie.json,buddy-item-multi-source-v1,,
red berry pie,Red Berry Pie,4,Sweet Root,sweet root,100,https://buddy.farm/i/red-berry-pie/,https://buddy.farm/page-data/i/red-berry-pie/page-data.json,red-berry-pie__red-berry-pie.json,buddy-item-multi-source-v1,,
red berry pie,Red Berry Pie,5,Coal,coal,750,https://buddy.farm/i/red-berry-pie/,https://buddy.farm/page-data/i/red-berry-pie/page-data.json,red-berry-pie__red-berry-pie.json,buddy-item-multi-source-v1,,
red berry pie,Red Berry Pie,6,Flour,flour,25,https://buddy.farm/i/red-berry-pie/,https://buddy.farm/page-data/i/red-berry-pie/page-data.json,red-berry-pie__red-berry-pie.json,buddy-item-multi-source-v1,,
red berry pie,Red Berry Pie,7,Eggs,eggs,10,https://buddy.farm/i/red-berry-pie/,https://buddy.farm/page-data/i/red-berry-pie/page-data.json,red-berry-pie__red-berry-pie.json,buddy-item-multi-source-v1,,
red berry pie,Red Berry Pie,8,Salt,salt,10,https://buddy.farm/i/red-berry-pie/,https://buddy.farm/page-data/i/red-berry-pie/page-data.json,red-berry-pie__red-berry-pie.json,buddy-item-multi-source-v1,,
red berry pie,Red Berry Pie,9,Butter,butter,5,https://buddy.farm/i/red-berry-pie/,https://buddy.farm/page-data/i/red-berry-pie/page-data.json,red-berry-pie__red-berry-pie.json,buddy-item-multi-source-v1,,
red brick,Red Brick,1,Straw,straw,50,https://buddy.farm/i/red-brick/,https://buddy.farm/page-data/i/red-brick/page-data.json,red-brick__red-brick.json,buddy-item-multi-source-v1,,
red brick,Red Brick,2,Sand,sand,50,https://buddy.farm/i/red-brick/,https://buddy.farm/page-data/i/red-brick/page-data.json,red-brick__red-brick.json,buddy-item-multi-source-v1,,
red brick,Red Brick,3,Red Dye,red dye,5,https://buddy.farm/i/red-brick/,https://buddy.farm/page-data/i/red-brick/page-data.json,red-brick__red-brick.json,buddy-item-multi-source-v1,,
red brick,Red Brick,4,Bucket,bucket,5,https://buddy.farm/i/red-brick/,https://buddy.farm/page-data/i/red-brick/page-data.json,red-brick__red-brick.json,buddy-item-multi-source-v1,,
red brick,Red Brick,5,Mushroom Paste,mushroom paste,3,https://buddy.farm/i/red-brick/,https://buddy.farm/page-data/i/red-brick/page-data.json,red-brick__red-brick.json,buddy-item-multi-source-v1,,
red butterfly,Red Butterfly,1,Caterpillar,caterpillar,1,https://buddy.farm/i/red-butterfly/,https://buddy.farm/page-data/i/red-butterfly/page-data.json,red-butterfly__red-butterfly.json,buddy-item-multi-source-v1,,
red butterfly,Red Butterfly,2,Red Dye,red dye,1,https://buddy.farm/i/red-butterfly/,https://buddy.farm/page-data/i/red-butterfly/page-data.json,red-butterfly__red-butterfly.json,buddy-item-multi-source-v1,,
red butterfly,Red Butterfly,3,Silk,silk,3,https://buddy.farm/i/red-butterfly/,https://buddy.farm/page-data/i/red-butterfly/page-data.json,red-butterfly__red-butterfly.json,buddy-item-multi-source-v1,,
red butterfly,Red Butterfly,4,Wood,wood,1,https://buddy.farm/i/red-butterfly/,https://buddy.farm/page-data/i/red-butterfly/page-data.json,red-butterfly__red-butterfly.json,buddy-item-multi-source-v1,,
red diary,Red Diary,1,Red Parchment,red parchment,1,https://buddy.farm/i/red-diary/,https://buddy.farm/page-data/i/red-diary/page-data.json,red-diary__red-diary.json,buddy-item-multi-source-v1,,
red diary,Red Diary,2,Mushroom Paste,mushroom paste,1,https://buddy.farm/i/red-diary/,https://buddy.farm/page-data/i/red-diary/page-data.json,red-diary__red-diary.json,buddy-item-multi-source-v1,,
red diary,Red Diary,3,White Parchment,white parchment,1,https://buddy.farm/i/red-diary/,https://buddy.farm/page-data/i/red-diary/page-data.json,red-diary__red-diary.json,buddy-item-multi-source-v1,,
red dye,Red Dye,1,Glass Bottle,glass bottle,1,https://buddy.farm/i/red-dye/,https://buddy.farm/page-data/i/red-dye/page-data.json,red-dye__red-dye.json,buddy-item-multi-source-v1,,
red dye,Red Dye,2,Striped Feather,striped feather,2,https://buddy.farm/i/red-dye/,https://buddy.farm/page-data/i/red-dye/page-data.json,red-dye__red-dye.json,buddy-item-multi-source-v1,,
red parchment,Red Parchment,1,Striped Feather,striped feather,3,https://buddy.farm/i/red-parchment/,https://buddy.farm/page-data/i/red-parchment/page-data.json,red-parchment__red-parchment.json,buddy-item-multi-source-v1,,
red scarf,Red Scarf,1,Yarn,yarn,2,https://buddy.farm/i/red-scarf/,https://buddy.farm/page-data/i/red-scarf/page-data.json,red-scarf__red-scarf.json,buddy-item-multi-source-v1,,
red scarf,Red Scarf,2,Red Dye,red dye,1,https://buddy.farm/i/red-scarf/,https://buddy.farm/page-data/i/red-scarf/page-data.json,red-scarf__red-scarf.json,buddy-item-multi-source-v1,,
red shield,Red Shield,1,Red Dye,red dye,1,https://buddy.farm/i/red-shield/,https://buddy.farm/page-data/i/red-shield/page-data.json,red-shield__red-shield.json,buddy-item-multi-source-v1,,
red shield,Red Shield,2,Steel,steel,3,https://buddy.farm/i/red-shield/,https://buddy.farm/page-data/i/red-shield/page-data.json,red-shield__red-shield.json,buddy-item-multi-source-v1,,
red shield,Red Shield,3,Wooden Shield,wooden shield,1,https://buddy.farm/i/red-shield/,https://buddy.farm/page-data/i/red-shield/page-data.json,red-shield__red-shield.json,buddy-item-multi-source-v1,,
red shirt,Red Shirt,1,Sewing Needle,sewing needle,1,https://buddy.farm/i/red-shirt/,https://buddy.farm/page-data/i/red-shirt/page-data.json,red-shirt__red-shirt.json,buddy-item-multi-source-v1,,
red shirt,Red Shirt,2,Cloth,cloth,10,https://buddy.farm/i/red-shirt/,https://buddy.farm/page-data/i/red-shirt/page-data.json,red-shirt__red-shirt.json,buddy-item-multi-source-v1,,
red shirt,Red Shirt,3,Red Dye,red dye,1,https://buddy.farm/i/red-shirt/,https://buddy.farm/page-data/i/red-shirt/page-data.json,red-shirt__red-shirt.json,buddy-item-multi-source-v1,,
red trunk,Red Trunk,1,Leather,leather,3,https://buddy.farm/i/red-trunk/,https://buddy.farm/page-data/i/red-trunk/page-data.json,red-trunk__red-trunk.json,buddy-item-multi-source-v1,,
red trunk,Red Trunk,2,Nails,nails,16,https://buddy.farm/i/red-trunk/,https://buddy.farm/page-data/i/red-trunk/page-data.json,red-trunk__red-trunk.json,buddy-item-multi-source-v1,,
red trunk,Red Trunk,3,Red Dye,red dye,4,https://buddy.farm/i/red-trunk/,https://buddy.farm/page-data/i/red-trunk/page-data.json,red-trunk__red-trunk.json,buddy-item-multi-source-v1,,
red trunk,Red Trunk,4,Wooden Plank,wooden plank,6,https://buddy.farm/i/red-trunk/,https://buddy.farm/page-data/i/red-trunk/page-data.json,red-trunk__red-trunk.json,buddy-item-multi-source-v1,,
red trunk,Red Trunk,5,Steel,steel,8,https://buddy.farm/i/red-trunk/,https://buddy.farm/page-data/i/red-trunk/page-data.json,red-trunk__red-trunk.json,buddy-item-multi-source-v1,,
red twine,Red Twine,1,Twine,twine,1,https://buddy.farm/i/red-twine/,https://buddy.farm/page-data/i/red-twine/page-data.json,red-twine__red-twine.json,buddy-item-multi-source-v1,,
red twine,Red Twine,2,Red Dye,red dye,1,https://buddy.farm/i/red-twine/,https://buddy.farm/page-data/i/red-twine/page-data.json,red-twine__red-twine.json,buddy-item-multi-source-v1,,
reinforced helmet,Reinforced Helmet,1,Hide,hide,4,https://buddy.farm/i/reinforced-helmet/,https://buddy.farm/page-data/i/reinforced-helmet/page-data.json,reinforced-helmet__reinforced-helmet.json,buddy-item-multi-source-v1,,
reinforced helmet,Reinforced Helmet,2,Steel,steel,4,https://buddy.farm/i/reinforced-helmet/,https://buddy.farm/page-data/i/reinforced-helmet/page-data.json,reinforced-helmet__reinforced-helmet.json,buddy-item-multi-source-v1,,
reinforced helmet,Reinforced Helmet,3,Leather Helmet,leather helmet,1,https://buddy.farm/i/reinforced-helmet/,https://buddy.farm/page-data/i/reinforced-helmet/page-data.json,reinforced-helmet__reinforced-helmet.json,buddy-item-multi-source-v1,,
rope,Rope,1,Twine,twine,3,https://buddy.farm/i/rope/,https://buddy.farm/page-data/i/rope/page-data.json,rope__rope.json,buddy-item-multi-source-v1,,
ruby,Ruby,1,Stone,stone,1,https://buddy.farm/i/ruby/,https://buddy.farm/page-data/i/ruby/page-data.json,ruby__ruby.json,buddy-item-multi-source-v1,,
ruby,Ruby,2,Unpolished Ruby,unpolished ruby,2,https://buddy.farm/i/ruby/,https://buddy.farm/page-data/i/ruby/page-data.json,ruby__ruby.json,buddy-item-multi-source-v1,,
ruby ring,Ruby Ring,1,Mushroom Paste,mushroom paste,1,https://buddy.farm/i/ruby-ring/,https://buddy.farm/page-data/i/ruby-ring/page-data.json,ruby-ring__ruby-ring.json,buddy-item-multi-source-v1,,
ruby ring,Ruby Ring,2,Ruby,ruby,1,https://buddy.farm/i/ruby-ring/,https://buddy.farm/page-data/i/ruby-ring/page-data.json,ruby-ring__ruby-ring.json,buddy-item-multi-source-v1,,
ruby ring,Ruby Ring,3,Iron Ring,iron ring,1,https://buddy.farm/i/ruby-ring/,https://buddy.farm/page-data/i/ruby-ring/page-data.json,ruby-ring__ruby-ring.json,buddy-item-multi-source-v1,,
rucksack,Rucksack,1,Horn Canteen,horn canteen,2,https://buddy.farm/i/rucksack/,https://buddy.farm/page-data/i/rucksack/page-data.json,rucksack__rucksack.json,buddy-item-multi-source-v1,,
rucksack,Rucksack,2,Scissors,scissors,1,https://buddy.farm/i/rucksack/,https://buddy.farm/page-data/i/rucksack/page-data.json,rucksack__rucksack.json,buddy-item-multi-source-v1,,
rucksack,Rucksack,3,Glass Jar,glass jar,3,https://buddy.farm/i/rucksack/,https://buddy.farm/page-data/i/rucksack/page-data.json,rucksack__rucksack.json,buddy-item-multi-source-v1,,
rucksack,Rucksack,4,Blue Twine,blue twine,4,https://buddy.farm/i/rucksack/,https://buddy.farm/page-data/i/rucksack/page-data.json,rucksack__rucksack.json,buddy-item-multi-source-v1,,
rucksack,Rucksack,5,Green Twine,green twine,4,https://buddy.farm/i/rucksack/,https://buddy.farm/page-data/i/rucksack/page-data.json,rucksack__rucksack.json,buddy-item-multi-source-v1,,
rucksack,Rucksack,6,Red Twine,red twine,4,https://buddy.farm/i/rucksack/,https://buddy.farm/page-data/i/rucksack/page-data.json,rucksack__rucksack.json,buddy-item-multi-source-v1,,
rucksack,Rucksack,7,Awl,awl,2,https://buddy.farm/i/rucksack/,https://buddy.farm/page-data/i/rucksack/page-data.json,rucksack__rucksack.json,buddy-item-multi-source-v1,,
rucksack,Rucksack,8,Leather,leather,8,https://buddy.farm/i/rucksack/,https://buddy.farm/page-data/i/rucksack/page-data.json,rucksack__rucksack.json,buddy-item-multi-source-v1,,
rucksack,Rucksack,9,Steel Buckle,steel buckle,1,https://buddy.farm/i/rucksack/,https://buddy.farm/page-data/i/rucksack/page-data.json,rucksack__rucksack.json,buddy-item-multi-source-v1,,
rucksack,Rucksack,10,Wooden Button,wooden button,4,https://buddy.farm/i/rucksack/,https://buddy.farm/page-data/i/rucksack/page-data.json,rucksack__rucksack.json,buddy-item-multi-source-v1,,
sail cloth,Sail Cloth,1,Cotton,cotton,5,https://buddy.farm/i/sail-cloth/,https://buddy.farm/page-data/i/sail-cloth/page-data.json,sail-cloth__sail-cloth.json,buddy-item-multi-source-v1,,
sail cloth,Sail Cloth,2,Sewing Needle,sewing needle,3,https://buddy.farm/i/sail-cloth/,https://buddy.farm/page-data/i/sail-cloth/page-data.json,sail-cloth__sail-cloth.json,buddy-item-multi-source-v1,,
salt,Salt,1,Hammer,hammer,1,https://buddy.farm/i/salt/,https://buddy.farm/page-data/i/salt/page-data.json,salt__salt.json,buddy-item-multi-source-v1,,
salt,Salt,2,Salt Rock,salt rock,50,https://buddy.farm/i/salt/,https://buddy.farm/page-data/i/salt/page-data.json,salt__salt.json,buddy-item-multi-source-v1,,
sand,Sand,1,Leather,leather,1,https://buddy.farm/i/sand/,https://buddy.farm/page-data/i/sand/page-data.json,sand__sand.json,buddy-item-multi-source-v1,,
sand,Sand,2,Sandstone,sandstone,5,https://buddy.farm/i/sand/,https://buddy.farm/page-data/i/sand/page-data.json,sand__sand.json,buddy-item-multi-source-v1,,
scissors,Scissors,1,Iron Ring,iron ring,1,https://buddy.farm/i/scissors/,https://buddy.farm/page-data/i/scissors/page-data.json,scissors__scissors.json,buddy-item-multi-source-v1,,
scissors,Scissors,2,Stone,stone,1,https://buddy.farm/i/scissors/,https://buddy.farm/page-data/i/scissors/page-data.json,scissors__scissors.json,buddy-item-multi-source-v1,,
scissors,Scissors,3,Wood,wood,2,https://buddy.farm/i/scissors/,https://buddy.farm/page-data/i/scissors/page-data.json,scissors__scissors.json,buddy-item-multi-source-v1,,
scissors,Scissors,4,Nails,nails,1,https://buddy.farm/i/scissors/,https://buddy.farm/page-data/i/scissors/page-data.json,scissors__scissors.json,buddy-item-multi-source-v1,,
scissors,Scissors,5,Steel,steel,2,https://buddy.farm/i/scissors/,https://buddy.farm/page-data/i/scissors/page-data.json,scissors__scissors.json,buddy-item-multi-source-v1,,
sea pincher special,Sea Pincher Special,1,Lemon,lemon,11,https://buddy.farm/i/sea-pincher-special/,https://buddy.farm/page-data/i/sea-pincher-special/page-data.json,sea-pincher-special__sea-pincher-special.json,buddy-item-multi-source-v1,,
sea pincher special,Sea Pincher Special,2,Crab,crab,3,https://buddy.farm/i/sea-pincher-special/,https://buddy.farm/page-data/i/sea-pincher-special/page-data.json,sea-pincher-special__sea-pincher-special.json,buddy-item-multi-source-v1,,
sea pincher special,Sea Pincher Special,3,Onion,onion,5,https://buddy.farm/i/sea-pincher-special/,https://buddy.farm/page-data/i/sea-pincher-special/page-data.json,sea-pincher-special__sea-pincher-special.json,buddy-item-multi-source-v1,,
sea pincher special,Sea Pincher Special,4,Milk,milk,7,https://buddy.farm/i/sea-pincher-special/,https://buddy.farm/page-data/i/sea-pincher-special/page-data.json,sea-pincher-special__sea-pincher-special.json,buddy-item-multi-source-v1,,
sea pincher special,Sea Pincher Special,5,Coal,coal,240,https://buddy.farm/i/sea-pincher-special/,https://buddy.farm/page-data/i/sea-pincher-special/page-data.json,sea-pincher-special__sea-pincher-special.json,buddy-item-multi-source-v1,,
sea pincher special,Sea Pincher Special,6,Honey,honey,10,https://buddy.farm/i/sea-pincher-special/,https://buddy.farm/page-data/i/sea-pincher-special/page-data.json,sea-pincher-special__sea-pincher-special.json,buddy-item-multi-source-v1,,
sea pincher special,Sea Pincher Special,7,Essence of Slime,essence of slime,1,https://buddy.farm/i/sea-pincher-special/,https://buddy.farm/page-data/i/sea-pincher-special/page-data.json,sea-pincher-special__sea-pincher-special.json,buddy-item-multi-source-v1,,
sea pincher special,Sea Pincher Special,8,Cooking Pot,cooking pot,1,https://buddy.farm/i/sea-pincher-special/,https://buddy.farm/page-data/i/sea-pincher-special/page-data.json,sea-pincher-special__sea-pincher-special.json,buddy-item-multi-source-v1,,
seashell necklace,Seashell Necklace,1,Blue Shell,blue shell,1,https://buddy.farm/i/seashell-necklace/,https://buddy.farm/page-data/i/seashell-necklace/page-data.json,seashell-necklace__seashell-necklace.json,buddy-item-multi-source-v1,,
seashell necklace,Seashell Necklace,2,Clam Shell,clam shell,1,https://buddy.farm/i/seashell-necklace/,https://buddy.farm/page-data/i/seashell-necklace/page-data.json,seashell-necklace__seashell-necklace.json,buddy-item-multi-source-v1,,
seashell necklace,Seashell Necklace,3,Pearl,pearl,10,https://buddy.farm/i/seashell-necklace/,https://buddy.farm/page-data/i/seashell-necklace/page-data.json,seashell-necklace__seashell-necklace.json,buddy-item-multi-source-v1,,
seashell necklace,Seashell Necklace,4,Conch Shell,conch shell,1,https://buddy.farm/i/seashell-necklace/,https://buddy.farm/page-data/i/seashell-necklace/page-data.json,seashell-necklace__seashell-necklace.json,buddy-item-multi-source-v1,,
seashell necklace,Seashell Necklace,5,Jade,jade,2,https://buddy.farm/i/seashell-necklace/,https://buddy.farm/page-data/i/seashell-necklace/page-data.json,seashell-necklace__seashell-necklace.json,buddy-item-multi-source-v1,,
seashell necklace,Seashell Necklace,6,Steel Wire,steel wire,4,https://buddy.farm/i/seashell-necklace/,https://buddy.farm/page-data/i/seashell-necklace/page-data.json,seashell-necklace__seashell-necklace.json,buddy-item-multi-source-v1,,
seashell necklace,Seashell Necklace,7,Yarn,yarn,4,https://buddy.farm/i/seashell-necklace/,https://buddy.farm/page-data/i/seashell-necklace/page-data.json,seashell-necklace__seashell-necklace.json,buddy-item-multi-source-v1,,
seashell necklace,Seashell Necklace,8,Spiked Shell,spiked shell,1,https://buddy.farm/i/seashell-necklace/,https://buddy.farm/page-data/i/seashell-necklace/page-data.json,seashell-necklace__seashell-necklace.json,buddy-item-multi-source-v1,,
sewing needle,Sewing Needle,1,Bone,bone,1,https://buddy.farm/i/sewing-needle/,https://buddy.farm/page-data/i/sewing-needle/page-data.json,sewing-needle__sewing-needle.json,buddy-item-multi-source-v1,,
sewing needle,Sewing Needle,2,Twine,twine,1,https://buddy.farm/i/sewing-needle/,https://buddy.farm/page-data/i/sewing-needle/page-data.json,sewing-needle__sewing-needle.json,buddy-item-multi-source-v1,,
sewing needle,Sewing Needle,3,Awl,awl,1,https://buddy.farm/i/sewing-needle/,https://buddy.farm/page-data/i/sewing-needle/page-data.json,sewing-needle__sewing-needle.json,buddy-item-multi-source-v1,,
shimmer ring,Shimmer Ring,1,Mushroom Paste,mushroom paste,1,https://buddy.farm/i/shimmer-ring/,https://buddy.farm/page-data/i/shimmer-ring/page-data.json,shimmer-ring__shimmer-ring.json,buddy-item-multi-source-v1,,
shimmer ring,Shimmer Ring,2,Iron Ring,iron ring,1,https://buddy.farm/i/shimmer-ring/,https://buddy.farm/page-data/i/shimmer-ring/page-data.json,shimmer-ring__shimmer-ring.json,buddy-item-multi-source-v1,,
shimmer ring,Shimmer Ring,3,Shimmer Topaz,shimmer topaz,1,https://buddy.farm/i/shimmer-ring/,https://buddy.farm/page-data/i/shimmer-ring/page-data.json,shimmer-ring__shimmer-ring.json,buddy-item-multi-source-v1,,
shimmer stone,Shimmer Stone,1,Unpolished Shimmer Stone,unpolished shimmer stone,2,https://buddy.farm/i/shimmer-stone/,https://buddy.farm/page-data/i/shimmer-stone/page-data.json,shimmer-stone__shimmer-stone.json,buddy-item-multi-source-v1,,
shimmer topaz,Shimmer Topaz,1,Shimmer Quartz,shimmer quartz,3,https://buddy.farm/i/shimmer-topaz/,https://buddy.farm/page-data/i/shimmer-topaz/page-data.json,shimmer-topaz__shimmer-topaz.json,buddy-item-multi-source-v1,,
ship in a bottle,Ship in a Bottle,1,Mushroom Paste,mushroom paste,3,https://buddy.farm/i/ship-in-a-bottle/,https://buddy.farm/page-data/i/ship-in-a-bottle/page-data.json,ship-in-a-bottle__ship-in-a-bottle.json,buddy-item-multi-source-v1,,
ship in a bottle,Ship in a Bottle,2,Sand,sand,2,https://buddy.farm/i/ship-in-a-bottle/,https://buddy.farm/page-data/i/ship-in-a-bottle/page-data.json,ship-in-a-bottle__ship-in-a-bottle.json,buddy-item-multi-source-v1,,
ship in a bottle,Ship in a Bottle,3,Oak,oak,2,https://buddy.farm/i/ship-in-a-bottle/,https://buddy.farm/page-data/i/ship-in-a-bottle/page-data.json,ship-in-a-bottle__ship-in-a-bottle.json,buddy-item-multi-source-v1,,
ship in a bottle,Ship in a Bottle,4,Glass Bottle,glass bottle,1,https://buddy.farm/i/ship-in-a-bottle/,https://buddy.farm/page-data/i/ship-in-a-bottle/page-data.json,ship-in-a-bottle__ship-in-a-bottle.json,buddy-item-multi-source-v1,,
ship in a bottle,Ship in a Bottle,5,Model Ship,model ship,1,https://buddy.farm/i/ship-in-a-bottle/,https://buddy.farm/page-data/i/ship-in-a-bottle/page-data.json,ship-in-a-bottle__ship-in-a-bottle.json,buddy-item-multi-source-v1,,
ship mast,Ship Mast,1,Board,board,24,https://buddy.farm/i/ship-mast/,https://buddy.farm/page-data/i/ship-mast/page-data.json,ship-mast__ship-mast.json,buddy-item-multi-source-v1,,
ship mast,Ship Mast,2,Nails,nails,120,https://buddy.farm/i/ship-mast/,https://buddy.farm/page-data/i/ship-mast/page-data.json,ship-mast__ship-mast.json,buddy-item-multi-source-v1,,
ship mast,Ship Mast,3,Looking Glass,looking glass,1,https://buddy.farm/i/ship-mast/,https://buddy.farm/page-data/i/ship-mast/page-data.json,ship-mast__ship-mast.json,buddy-item-multi-source-v1,,
ship mast,Ship Mast,4,Rope,rope,12,https://buddy.farm/i/ship-mast/,https://buddy.farm/page-data/i/ship-mast/page-data.json,ship-mast__ship-mast.json,buddy-item-multi-source-v1,,
ship mast,Ship Mast,5,Bucket,bucket,1,https://buddy.farm/i/ship-mast/,https://buddy.farm/page-data/i/ship-mast/page-data.json,ship-mast__ship-mast.json,buddy-item-multi-source-v1,,
ship mast,Ship Mast,6,Oak,oak,20,https://buddy.farm/i/ship-mast/,https://buddy.farm/page-data/i/ship-mast/page-data.json,ship-mast__ship-mast.json,buddy-item-multi-source-v1,,
ship mast,Ship Mast,7,Ladder,ladder,1,https://buddy.farm/i/ship-mast/,https://buddy.farm/page-data/i/ship-mast/page-data.json,ship-mast__ship-mast.json,buddy-item-multi-source-v1,,
ship mast,Ship Mast,8,Red Scarf,red scarf,4,https://buddy.farm/i/ship-mast/,https://buddy.farm/page-data/i/ship-mast/page-data.json,ship-mast__ship-mast.json,buddy-item-multi-source-v1,,
ship mast,Ship Mast,9,Sail Cloth,sail cloth,4,https://buddy.farm/i/ship-mast/,https://buddy.farm/page-data/i/ship-mast/page-data.json,ship-mast__ship-mast.json,buddy-item-multi-source-v1,,
ship mast,Ship Mast,10,Wooden Plank,wooden plank,12,https://buddy.farm/i/ship-mast/,https://buddy.farm/page-data/i/ship-mast/page-data.json,ship-mast__ship-mast.json,buddy-item-multi-source-v1,,
ship mast,Ship Mast,11,Pulley,pulley,4,https://buddy.farm/i/ship-mast/,https://buddy.farm/page-data/i/ship-mast/page-data.json,ship-mast__ship-mast.json,buddy-item-multi-source-v1,,
shovel,Shovel,1,Stone,stone,1,https://buddy.farm/i/shovel/,https://buddy.farm/page-data/i/shovel/page-data.json,shovel__shovel.json,buddy-item-multi-source-v1,,
shovel,Shovel,2,Board,board,1,https://buddy.farm/i/shovel/,https://buddy.farm/page-data/i/shovel/page-data.json,shovel__shovel.json,buddy-item-multi-source-v1,,
shovel,Shovel,3,Iron,iron,2,https://buddy.farm/i/shovel/,https://buddy.farm/page-data/i/shovel/page-data.json,shovel__shovel.json,buddy-item-multi-source-v1,,
shovel,Shovel,4,Mushroom Paste,mushroom paste,1,https://buddy.farm/i/shovel/,https://buddy.farm/page-data/i/shovel/page-data.json,shovel__shovel.json,buddy-item-multi-source-v1,,
shrimp a plenty,Shrimp-a-Plenty,1,Peas,peas,100,https://buddy.farm/i/shrimp-a-plenty/,https://buddy.farm/page-data/i/shrimp-a-plenty/page-data.json,shrimp-a-plenty__shrimp-a-plenty.json,buddy-item-multi-source-v1,,
shrimp a plenty,Shrimp-a-Plenty,2,Snail,snail,5,https://buddy.farm/i/shrimp-a-plenty/,https://buddy.farm/page-data/i/shrimp-a-plenty/page-data.json,shrimp-a-plenty__shrimp-a-plenty.json,buddy-item-multi-source-v1,,
shrimp a plenty,Shrimp-a-Plenty,3,Bone Broth,bone broth,1,https://buddy.farm/i/shrimp-a-plenty/,https://buddy.farm/page-data/i/shrimp-a-plenty/page-data.json,shrimp-a-plenty__shrimp-a-plenty.json,buddy-item-multi-source-v1,,
shrimp a plenty,Shrimp-a-Plenty,4,Coal,coal,240,https://buddy.farm/i/shrimp-a-plenty/,https://buddy.farm/page-data/i/shrimp-a-plenty/page-data.json,shrimp-a-plenty__shrimp-a-plenty.json,buddy-item-multi-source-v1,,
shrimp a plenty,Shrimp-a-Plenty,5,Small Prawn,small prawn,30,https://buddy.farm/i/shrimp-a-plenty/,https://buddy.farm/page-data/i/shrimp-a-plenty/page-data.json,shrimp-a-plenty__shrimp-a-plenty.json,buddy-item-multi-source-v1,,
shrimp a plenty,Shrimp-a-Plenty,6,Shrimp,shrimp,20,https://buddy.farm/i/shrimp-a-plenty/,https://buddy.farm/page-data/i/shrimp-a-plenty/page-data.json,shrimp-a-plenty__shrimp-a-plenty.json,buddy-item-multi-source-v1,,
shrimp a plenty,Shrimp-a-Plenty,7,Salt,salt,2,https://buddy.farm/i/shrimp-a-plenty/,https://buddy.farm/page-data/i/shrimp-a-plenty/page-data.json,shrimp-a-plenty__shrimp-a-plenty.json,buddy-item-multi-source-v1,,
shrimp a plenty,Shrimp-a-Plenty,8,Cooking Pot,cooking pot,1,https://buddy.farm/i/shrimp-a-plenty/,https://buddy.farm/page-data/i/shrimp-a-plenty/page-data.json,shrimp-a-plenty__shrimp-a-plenty.json,buddy-item-multi-source-v1,,
shrimp a plenty,Shrimp-a-Plenty,9,Rice,rice,10,https://buddy.farm/i/shrimp-a-plenty/,https://buddy.farm/page-data/i/shrimp-a-plenty/page-data.json,shrimp-a-plenty__shrimp-a-plenty.json,buddy-item-multi-source-v1,,
silk,Silk,1,Caterpillar,caterpillar,3,https://buddy.farm/i/silk/,https://buddy.farm/page-data/i/silk/page-data.json,silk__silk.json,buddy-item-multi-source-v1,,
silk,Silk,2,Spider,spider,2,https://buddy.farm/i/silk/,https://buddy.farm/page-data/i/silk/page-data.json,silk__silk.json,buddy-item-multi-source-v1,,
silk,Silk,3,Machine Press,machine press,1,https://buddy.farm/i/silk/,https://buddy.farm/page-data/i/silk/page-data.json,silk__silk.json,buddy-item-multi-source-v1,,
snow shoes,Snow Shoes,1,Handsaw,handsaw,1,https://buddy.farm/i/snow-shoes/,https://buddy.farm/page-data/i/snow-shoes/page-data.json,snow-shoes__snow-shoes.json,buddy-item-multi-source-v1,,
snow shoes,Snow Shoes,2,Straw,straw,24,https://buddy.farm/i/snow-shoes/,https://buddy.farm/page-data/i/snow-shoes/page-data.json,snow-shoes__snow-shoes.json,buddy-item-multi-source-v1,,
snow shoes,Snow Shoes,3,Leather,leather,5,https://buddy.farm/i/snow-shoes/,https://buddy.farm/page-data/i/snow-shoes/page-data.json,snow-shoes__snow-shoes.json,buddy-item-multi-source-v1,,
snow shoes,Snow Shoes,4,Yarn,yarn,32,https://buddy.farm/i/snow-shoes/,https://buddy.farm/page-data/i/snow-shoes/page-data.json,snow-shoes__snow-shoes.json,buddy-item-multi-source-v1,,
snow shoes,Snow Shoes,5,Oak,oak,20,https://buddy.farm/i/snow-shoes/,https://buddy.farm/page-data/i/snow-shoes/page-data.json,snow-shoes__snow-shoes.json,buddy-item-multi-source-v1,,
spiky bracelet,Spiky Bracelet,1,Mushroom Paste,mushroom paste,4,https://buddy.farm/i/spiky-bracelet/,https://buddy.farm/page-data/i/spiky-bracelet/page-data.json,spiky-bracelet__spiky-bracelet.json,buddy-item-multi-source-v1,,
spiky bracelet,Spiky Bracelet,2,Leather,leather,4,https://buddy.farm/i/spiky-bracelet/,https://buddy.farm/page-data/i/spiky-bracelet/page-data.json,spiky-bracelet__spiky-bracelet.json,buddy-item-multi-source-v1,,
spiky bracelet,Spiky Bracelet,3,Onyx Scorpion,onyx scorpion,12,https://buddy.farm/i/spiky-bracelet/,https://buddy.farm/page-data/i/spiky-bracelet/page-data.json,spiky-bracelet__spiky-bracelet.json,buddy-item-multi-source-v1,,
spiky bracelet,Spiky Bracelet,4,Monster Skull,monster skull,6,https://buddy.farm/i/spiky-bracelet/,https://buddy.farm/page-data/i/spiky-bracelet/page-data.json,spiky-bracelet__spiky-bracelet.json,buddy-item-multi-source-v1,,
spiky bracelet,Spiky Bracelet,5,Sewing Needle,sewing needle,1,https://buddy.farm/i/spiky-bracelet/,https://buddy.farm/page-data/i/spiky-bracelet/page-data.json,spiky-bracelet__spiky-bracelet.json,buddy-item-multi-source-v1,,
spool of copper,Spool of Copper,1,Copper Wire,copper wire,10,https://buddy.farm/i/spool-of-copper/,https://buddy.farm/page-data/i/spool-of-copper/page-data.json,spool-of-copper__spool-of-copper.json,buddy-item-multi-source-v1,,
spool of copper,Spool of Copper,2,Metal Spool,metal spool,1,https://buddy.farm/i/spool-of-copper/,https://buddy.farm/page-data/i/spool-of-copper/page-data.json,spool-of-copper__spool-of-copper.json,buddy-item-multi-source-v1,,
spoon,Spoon,1,Bone,bone,1,https://buddy.farm/i/spoon/,https://buddy.farm/page-data/i/spoon/page-data.json,spoon__spoon.json,buddy-item-multi-source-v1,,
spoon,Spoon,2,Twine,twine,1,https://buddy.farm/i/spoon/,https://buddy.farm/page-data/i/spoon/page-data.json,spoon__spoon.json,buddy-item-multi-source-v1,,
spoon,Spoon,3,Axe,axe,1,https://buddy.farm/i/spoon/,https://buddy.farm/page-data/i/spoon/page-data.json,spoon__spoon.json,buddy-item-multi-source-v1,,
steel,Steel,1,Carbon Sphere,carbon sphere,1,https://buddy.farm/i/steel/,https://buddy.farm/page-data/i/steel/page-data.json,steel__steel.json,buddy-item-multi-source-v1,,
steel,Steel,2,Glass Orb,glass orb,1,https://buddy.farm/i/steel/,https://buddy.farm/page-data/i/steel/page-data.json,steel__steel.json,buddy-item-multi-source-v1,,
steel,Steel,3,Iron,iron,10,https://buddy.farm/i/steel/,https://buddy.farm/page-data/i/steel/page-data.json,steel__steel.json,buddy-item-multi-source-v1,,
steel buckle,Steel Buckle,1,Emberstone,emberstone,2,https://buddy.farm/i/steel-buckle/,https://buddy.farm/page-data/i/steel-buckle/page-data.json,steel-buckle__steel-buckle.json,buddy-item-multi-source-v1,,
steel buckle,Steel Buckle,2,Steel,steel,1,https://buddy.farm/i/steel-buckle/,https://buddy.farm/page-data/i/steel-buckle/page-data.json,steel-buckle__steel-buckle.json,buddy-item-multi-source-v1,,
steel buckle,Steel Buckle,3,Hammer,hammer,1,https://buddy.farm/i/steel-buckle/,https://buddy.farm/page-data/i/steel-buckle/page-data.json,steel-buckle__steel-buckle.json,buddy-item-multi-source-v1,,
steel pickaxe,Steel Pickaxe,1,Steel,steel,5,https://buddy.farm/i/steel-pickaxe/,https://buddy.farm/page-data/i/steel-pickaxe/page-data.json,steel-pickaxe__steel-pickaxe.json,buddy-item-multi-source-v1,,
steel pickaxe,Steel Pickaxe,2,Pickaxe,pickaxe,1,https://buddy.farm/i/steel-pickaxe/,https://buddy.farm/page-data/i/steel-pickaxe/page-data.json,steel-pickaxe__steel-pickaxe.json,buddy-item-multi-source-v1,,
steel pickaxe,Steel Pickaxe,3,Flarite,flarite,1,https://buddy.farm/i/steel-pickaxe/,https://buddy.farm/page-data/i/steel-pickaxe/page-data.json,steel-pickaxe__steel-pickaxe.json,buddy-item-multi-source-v1,,
steel pickaxe,Steel Pickaxe,4,Mushroom Paste,mushroom paste,2,https://buddy.farm/i/steel-pickaxe/,https://buddy.farm/page-data/i/steel-pickaxe/page-data.json,steel-pickaxe__steel-pickaxe.json,buddy-item-multi-source-v1,,
steel plate,Steel Plate,1,Small Bolt,small bolt,4,https://buddy.farm/i/steel-plate/,https://buddy.farm/page-data/i/steel-plate/page-data.json,steel-plate__steel-plate.json,buddy-item-multi-source-v1,,
steel plate,Steel Plate,2,Steel,steel,2,https://buddy.farm/i/steel-plate/,https://buddy.farm/page-data/i/steel-plate/page-data.json,steel-plate__steel-plate.json,buddy-item-multi-source-v1,,
steel plate,Steel Plate,3,Emberstone,emberstone,2,https://buddy.farm/i/steel-plate/,https://buddy.farm/page-data/i/steel-plate/page-data.json,steel-plate__steel-plate.json,buddy-item-multi-source-v1,,
steel vise,Steel Vise,1,Blue Dye,blue dye,2,https://buddy.farm/i/steel-vise/,https://buddy.farm/page-data/i/steel-vise/page-data.json,steel-vise__steel-vise.json,buddy-item-multi-source-v1,,
steel vise,Steel Vise,2,Small Bolt,small bolt,2,https://buddy.farm/i/steel-vise/,https://buddy.farm/page-data/i/steel-vise/page-data.json,steel-vise__steel-vise.json,buddy-item-multi-source-v1,,
steel vise,Steel Vise,3,Wooden Plank,wooden plank,1,https://buddy.farm/i/steel-vise/,https://buddy.farm/page-data/i/steel-vise/page-data.json,steel-vise__steel-vise.json,buddy-item-multi-source-v1,,
steel vise,Steel Vise,4,Broken Pipe,broken pipe,1,https://buddy.farm/i/steel-vise/,https://buddy.farm/page-data/i/steel-vise/page-data.json,steel-vise__steel-vise.json,buddy-item-multi-source-v1,,
steel vise,Steel Vise,5,Glass Orb,glass orb,2,https://buddy.farm/i/steel-vise/,https://buddy.farm/page-data/i/steel-vise/page-data.json,steel-vise__steel-vise.json,buddy-item-multi-source-v1,,
steel vise,Steel Vise,6,Steel,steel,50,https://buddy.farm/i/steel-vise/,https://buddy.farm/page-data/i/steel-vise/page-data.json,steel-vise__steel-vise.json,buddy-item-multi-source-v1,,
steel wire,Steel Wire,1,Iron,iron,10,https://buddy.farm/i/steel-wire/,https://buddy.farm/page-data/i/steel-wire/page-data.json,steel-wire__steel-wire.json,buddy-item-multi-source-v1,,
steel wire,Steel Wire,2,Stone,stone,1,https://buddy.farm/i/steel-wire/,https://buddy.farm/page-data/i/steel-wire/page-data.json,steel-wire__steel-wire.json,buddy-item-multi-source-v1,,
steel wire,Steel Wire,3,Carbon Sphere,carbon sphere,1,https://buddy.farm/i/steel-wire/,https://buddy.farm/page-data/i/steel-wire/page-data.json,steel-wire__steel-wire.json,buddy-item-multi-source-v1,,
step ladder,Step Ladder,1,Ladder,ladder,2,https://buddy.farm/i/step-ladder/,https://buddy.farm/page-data/i/step-ladder/page-data.json,step-ladder__step-ladder.json,buddy-item-multi-source-v1,,
step ladder,Step Ladder,2,Small Bolt,small bolt,2,https://buddy.farm/i/step-ladder/,https://buddy.farm/page-data/i/step-ladder/page-data.json,step-ladder__step-ladder.json,buddy-item-multi-source-v1,,
step ladder,Step Ladder,3,Steel Plate,steel plate,2,https://buddy.farm/i/step-ladder/,https://buddy.farm/page-data/i/step-ladder/page-data.json,step-ladder__step-ladder.json,buddy-item-multi-source-v1,,
strong paste,Strong Paste,1,Mushroom Paste,mushroom paste,2,https://buddy.farm/i/strong-paste/,https://buddy.farm/page-data/i/strong-paste/page-data.json,strong-paste__strong-paste.json,buddy-item-multi-source-v1,,
strong paste,Strong Paste,2,Mudcap,mudcap,1,https://buddy.farm/i/strong-paste/,https://buddy.farm/page-data/i/strong-paste/page-data.json,strong-paste__strong-paste.json,buddy-item-multi-source-v1,,
strong paste,Strong Paste,3,Glowshroom,glowshroom,2,https://buddy.farm/i/strong-paste/,https://buddy.farm/page-data/i/strong-paste/page-data.json,strong-paste__strong-paste.json,buddy-item-multi-source-v1,,
sturdy bow,Sturdy Bow,1,Oak,oak,4,https://buddy.farm/i/sturdy-bow/,https://buddy.farm/page-data/i/sturdy-bow/page-data.json,sturdy-bow__sturdy-bow.json,buddy-item-multi-source-v1,,
sturdy bow,Sturdy Bow,2,Steel,steel,1,https://buddy.farm/i/sturdy-bow/,https://buddy.farm/page-data/i/sturdy-bow/page-data.json,sturdy-bow__sturdy-bow.json,buddy-item-multi-source-v1,,
sturdy bow,Sturdy Bow,3,Stone,stone,2,https://buddy.farm/i/sturdy-bow/,https://buddy.farm/page-data/i/sturdy-bow/page-data.json,sturdy-bow__sturdy-bow.json,buddy-item-multi-source-v1,,
sturdy bow,Sturdy Bow,4,Twine,twine,2,https://buddy.farm/i/sturdy-bow/,https://buddy.farm/page-data/i/sturdy-bow/page-data.json,sturdy-bow__sturdy-bow.json,buddy-item-multi-source-v1,,
sturdy bow,Sturdy Bow,5,Mushroom Paste,mushroom paste,2,https://buddy.farm/i/sturdy-bow/,https://buddy.farm/page-data/i/sturdy-bow/page-data.json,sturdy-bow__sturdy-bow.json,buddy-item-multi-source-v1,,
sturdy box,Sturdy Box,1,Iron,iron,2,https://buddy.farm/i/sturdy-box/,https://buddy.farm/page-data/i/sturdy-box/page-data.json,sturdy-box__sturdy-box.json,buddy-item-multi-source-v1,,
sturdy box,Sturdy Box,2,Wooden Plank,wooden plank,6,https://buddy.farm/i/sturdy-box/,https://buddy.farm/page-data/i/sturdy-box/page-data.json,sturdy-box__sturdy-box.json,buddy-item-multi-source-v1,,
sturdy box,Sturdy Box,3,Nails,nails,6,https://buddy.farm/i/sturdy-box/,https://buddy.farm/page-data/i/sturdy-box/page-data.json,sturdy-box__sturdy-box.json,buddy-item-multi-source-v1,,
sturdy pickaxe,Sturdy Pickaxe,1,Oak,oak,1,https://buddy.farm/i/sturdy-pickaxe/,https://buddy.farm/page-data/i/sturdy-pickaxe/page-data.json,sturdy-pickaxe__sturdy-pickaxe.json,buddy-item-multi-source-v1,,
sturdy pickaxe,Sturdy Pickaxe,2,Small Bolt,small bolt,1,https://buddy.farm/i/sturdy-pickaxe/,https://buddy.farm/page-data/i/sturdy-pickaxe/page-data.json,sturdy-pickaxe__sturdy-pickaxe.json,buddy-item-multi-source-v1,,
sturdy pickaxe,Sturdy Pickaxe,3,Pickaxe,pickaxe,1,https://buddy.farm/i/sturdy-pickaxe/,https://buddy.farm/page-data/i/sturdy-pickaxe/page-data.json,sturdy-pickaxe__sturdy-pickaxe.json,buddy-item-multi-source-v1,,
sturdy pickaxe,Sturdy Pickaxe,4,Stone Shell,stone shell,1,https://buddy.farm/i/sturdy-pickaxe/,https://buddy.farm/page-data/i/sturdy-pickaxe/page-data.json,sturdy-pickaxe__sturdy-pickaxe.json,buddy-item-multi-source-v1,,
sturdy shield,Sturdy Shield,1,Iron,iron,6,https://buddy.farm/i/sturdy-shield/,https://buddy.farm/page-data/i/sturdy-shield/page-data.json,sturdy-shield__sturdy-shield.json,buddy-item-multi-source-v1,,
sturdy shield,Sturdy Shield,2,Wooden Plank,wooden plank,1,https://buddy.farm/i/sturdy-shield/,https://buddy.farm/page-data/i/sturdy-shield/page-data.json,sturdy-shield__sturdy-shield.json,buddy-item-multi-source-v1,,
sturdy shield,Sturdy Shield,3,Nails,nails,6,https://buddy.farm/i/sturdy-shield/,https://buddy.farm/page-data/i/sturdy-shield/page-data.json,sturdy-shield__sturdy-shield.json,buddy-item-multi-source-v1,,
sturdy sword,Sturdy Sword,1,Steel,steel,1,https://buddy.farm/i/sturdy-sword/,https://buddy.farm/page-data/i/sturdy-sword/page-data.json,sturdy-sword__sturdy-sword.json,buddy-item-multi-source-v1,,
sturdy sword,Sturdy Sword,2,Leather,leather,1,https://buddy.farm/i/sturdy-sword/,https://buddy.farm/page-data/i/sturdy-sword/page-data.json,sturdy-sword__sturdy-sword.json,buddy-item-multi-source-v1,,
sturdy sword,Sturdy Sword,3,Iron,iron,2,https://buddy.farm/i/sturdy-sword/,https://buddy.farm/page-data/i/sturdy-sword/page-data.json,sturdy-sword__sturdy-sword.json,buddy-item-multi-source-v1,,
sturdy sword,Sturdy Sword,4,Mushroom Paste,mushroom paste,1,https://buddy.farm/i/sturdy-sword/,https://buddy.farm/page-data/i/sturdy-sword/page-data.json,sturdy-sword__sturdy-sword.json,buddy-item-multi-source-v1,,
sugar cube,Sugar Cube,1,Wooden Box,wooden box,1,https://buddy.farm/i/sugar-cube/,https://buddy.farm/page-data/i/sugar-cube/page-data.json,sugar-cube__sugar-cube.json,buddy-item-multi-source-v1,,
sugar cube,Sugar Cube,2,White Sugar,white sugar,1,https://buddy.farm/i/sugar-cube/,https://buddy.farm/page-data/i/sugar-cube/page-data.json,sugar-cube__sugar-cube.json,buddy-item-multi-source-v1,,
sugar cube,Sugar Cube,3,Re'taw,re taw,1,https://buddy.farm/i/sugar-cube/,https://buddy.farm/page-data/i/sugar-cube/page-data.json,sugar-cube__sugar-cube.json,buddy-item-multi-source-v1,,
sunflower oil,Sunflower Oil,1,Glass Bottle,glass bottle,1,https://buddy.farm/i/sunflower-oil/,https://buddy.farm/page-data/i/sunflower-oil/page-data.json,sunflower-oil__sunflower-oil.json,buddy-item-multi-source-v1,,
sunflower oil,Sunflower Oil,2,Twine,twine,1,https://buddy.farm/i/sunflower-oil/,https://buddy.farm/page-data/i/sunflower-oil/page-data.json,sunflower-oil__sunflower-oil.json,buddy-item-multi-source-v1,,
sunflower oil,Sunflower Oil,3,Sunflower,sunflower,6,https://buddy.farm/i/sunflower-oil/,https://buddy.farm/page-data/i/sunflower-oil/page-data.json,sunflower-oil__sunflower-oil.json,buddy-item-multi-source-v1,,
swamp puzzle,Swamp Puzzle,1,Piece 01,piece 01,1,https://buddy.farm/i/swamp-puzzle/,https://buddy.farm/page-data/i/swamp-puzzle/page-data.json,swamp-puzzle__swamp-puzzle.json,buddy-item-multi-source-v1,,
swamp puzzle,Swamp Puzzle,2,Piece 03,piece 03,1,https://buddy.farm/i/swamp-puzzle/,https://buddy.farm/page-data/i/swamp-puzzle/page-data.json,swamp-puzzle__swamp-puzzle.json,buddy-item-multi-source-v1,,
swamp puzzle,Swamp Puzzle,3,Piece 26,piece 26,1,https://buddy.farm/i/swamp-puzzle/,https://buddy.farm/page-data/i/swamp-puzzle/page-data.json,swamp-puzzle__swamp-puzzle.json,buddy-item-multi-source-v1,,
swamp puzzle,Swamp Puzzle,4,Piece 24,piece 24,1,https://buddy.farm/i/swamp-puzzle/,https://buddy.farm/page-data/i/swamp-puzzle/page-data.json,swamp-puzzle__swamp-puzzle.json,buddy-item-multi-source-v1,,
swamp puzzle,Swamp Puzzle,5,Piece 22,piece 22,1,https://buddy.farm/i/swamp-puzzle/,https://buddy.farm/page-data/i/swamp-puzzle/page-data.json,swamp-puzzle__swamp-puzzle.json,buddy-item-multi-source-v1,,
swamp puzzle,Swamp Puzzle,6,Piece 09,piece 09,1,https://buddy.farm/i/swamp-puzzle/,https://buddy.farm/page-data/i/swamp-puzzle/page-data.json,swamp-puzzle__swamp-puzzle.json,buddy-item-multi-source-v1,,
swamp puzzle,Swamp Puzzle,7,Piece 30,piece 30,1,https://buddy.farm/i/swamp-puzzle/,https://buddy.farm/page-data/i/swamp-puzzle/page-data.json,swamp-puzzle__swamp-puzzle.json,buddy-item-multi-source-v1,,
swamp puzzle,Swamp Puzzle,8,Piece 15,piece 15,1,https://buddy.farm/i/swamp-puzzle/,https://buddy.farm/page-data/i/swamp-puzzle/page-data.json,swamp-puzzle__swamp-puzzle.json,buddy-item-multi-source-v1,,
swamp puzzle,Swamp Puzzle,9,Piece 23,piece 23,1,https://buddy.farm/i/swamp-puzzle/,https://buddy.farm/page-data/i/swamp-puzzle/page-data.json,swamp-puzzle__swamp-puzzle.json,buddy-item-multi-source-v1,,
swamp puzzle,Swamp Puzzle,10,Piece 04,piece 04,1,https://buddy.farm/i/swamp-puzzle/,https://buddy.farm/page-data/i/swamp-puzzle/page-data.json,swamp-puzzle__swamp-puzzle.json,buddy-item-multi-source-v1,,
swamp puzzle,Swamp Puzzle,11,Piece 11,piece 11,1,https://buddy.farm/i/swamp-puzzle/,https://buddy.farm/page-data/i/swamp-puzzle/page-data.json,swamp-puzzle__swamp-puzzle.json,buddy-item-multi-source-v1,,
swamp puzzle,Swamp Puzzle,12,Piece 18,piece 18,1,https://buddy.farm/i/swamp-puzzle/,https://buddy.farm/page-data/i/swamp-puzzle/page-data.json,swamp-puzzle__swamp-puzzle.json,buddy-item-multi-source-v1,,
swamp puzzle,Swamp Puzzle,13,Piece 07,piece 07,1,https://buddy.farm/i/swamp-puzzle/,https://buddy.farm/page-data/i/swamp-puzzle/page-data.json,swamp-puzzle__swamp-puzzle.json,buddy-item-multi-source-v1,,
swamp puzzle,Swamp Puzzle,14,Piece 12,piece 12,1,https://buddy.farm/i/swamp-puzzle/,https://buddy.farm/page-data/i/swamp-puzzle/page-data.json,swamp-puzzle__swamp-puzzle.json,buddy-item-multi-source-v1,,
swamp puzzle,Swamp Puzzle,15,Piece 31,piece 31,1,https://buddy.farm/i/swamp-puzzle/,https://buddy.farm/page-data/i/swamp-puzzle/page-data.json,swamp-puzzle__swamp-puzzle.json,buddy-item-multi-source-v1,,
tie dye scarf,Tie Dye Scarf,1,Green Dye,green dye,1,https://buddy.farm/i/tie-dye-scarf/,https://buddy.farm/page-data/i/tie-dye-scarf/page-data.json,tie-dye-scarf__tie-dye-scarf.json,buddy-item-multi-source-v1,,
tie dye scarf,Tie Dye Scarf,2,Yarn,yarn,6,https://buddy.farm/i/tie-dye-scarf/,https://buddy.farm/page-data/i/tie-dye-scarf/page-data.json,tie-dye-scarf__tie-dye-scarf.json,buddy-item-multi-source-v1,,
tie dye scarf,Tie Dye Scarf,3,Blue Dye,blue dye,1,https://buddy.farm/i/tie-dye-scarf/,https://buddy.farm/page-data/i/tie-dye-scarf/page-data.json,tie-dye-scarf__tie-dye-scarf.json,buddy-item-multi-source-v1,,
tie dye scarf,Tie Dye Scarf,4,Red Dye,red dye,1,https://buddy.farm/i/tie-dye-scarf/,https://buddy.farm/page-data/i/tie-dye-scarf/page-data.json,tie-dye-scarf__tie-dye-scarf.json,buddy-item-multi-source-v1,,
tie dye scarf,Tie Dye Scarf,5,Purple Dye,purple dye,1,https://buddy.farm/i/tie-dye-scarf/,https://buddy.farm/page-data/i/tie-dye-scarf/page-data.json,tie-dye-scarf__tie-dye-scarf.json,buddy-item-multi-source-v1,,
tie dye scarf,Tie Dye Scarf,6,Yellow Dye,yellow dye,1,https://buddy.farm/i/tie-dye-scarf/,https://buddy.farm/page-data/i/tie-dye-scarf/page-data.json,tie-dye-scarf__tie-dye-scarf.json,buddy-item-multi-source-v1,,
tie dye scarf,Tie Dye Scarf,7,Orange Dye,orange dye,1,https://buddy.farm/i/tie-dye-scarf/,https://buddy.farm/page-data/i/tie-dye-scarf/page-data.json,tie-dye-scarf__tie-dye-scarf.json,buddy-item-multi-source-v1,,
tin scraps,Tin Scraps,1,Axe,axe,1,https://buddy.farm/i/tin-scraps/,https://buddy.farm/page-data/i/tin-scraps/page-data.json,tin-scraps__tin-scraps.json,buddy-item-multi-source-v1,,
tin scraps,Tin Scraps,2,Tin Can,tin can,1,https://buddy.farm/i/tin-scraps/,https://buddy.farm/page-data/i/tin-scraps/page-data.json,tin-scraps__tin-scraps.json,buddy-item-multi-source-v1,,
treasure chest,Treasure Chest,1,Iron,iron,12,https://buddy.farm/i/treasure-chest/,https://buddy.farm/page-data/i/treasure-chest/page-data.json,treasure-chest__treasure-chest.json,buddy-item-multi-source-v1,,
treasure chest,Treasure Chest,2,Wooden Plank,wooden plank,6,https://buddy.farm/i/treasure-chest/,https://buddy.farm/page-data/i/treasure-chest/page-data.json,treasure-chest__treasure-chest.json,buddy-item-multi-source-v1,,
treasure chest,Treasure Chest,3,Nails,nails,22,https://buddy.farm/i/treasure-chest/,https://buddy.farm/page-data/i/treasure-chest/page-data.json,treasure-chest__treasure-chest.json,buddy-item-multi-source-v1,,
twine,Twine,1,Wood,wood,1,https://buddy.farm/i/twine/,https://buddy.farm/page-data/i/twine/page-data.json,twine__twine.json,buddy-item-multi-source-v1,,
twine,Twine,2,Straw,straw,2,https://buddy.farm/i/twine/,https://buddy.farm/page-data/i/twine/page-data.json,twine__twine.json,buddy-item-multi-source-v1,,
unpolished shimmer stone,Unpolished Shimmer Stone,1,Emberstone,emberstone,1,https://buddy.farm/i/unpolished-shimmer-stone/,https://buddy.farm/page-data/i/unpolished-shimmer-stone/page-data.json,unpolished-shimmer-stone__unpolished-shimmer-stone.json,buddy-item-multi-source-v1,,
unpolished shimmer stone,Unpolished Shimmer Stone,2,Sandstone,sandstone,1,https://buddy.farm/i/unpolished-shimmer-stone/,https://buddy.farm/page-data/i/unpolished-shimmer-stone/page-data.json,unpolished-shimmer-stone__unpolished-shimmer-stone.json,buddy-item-multi-source-v1,,
valve,Valve,1,Steel,steel,1,https://buddy.farm/i/valve/,https://buddy.farm/page-data/i/valve/page-data.json,valve__valve.json,buddy-item-multi-source-v1,,
valve,Valve,2,Cogwheel,cogwheel,1,https://buddy.farm/i/valve/,https://buddy.farm/page-data/i/valve/page-data.json,valve__valve.json,buddy-item-multi-source-v1,,
valve,Valve,3,Hammer,hammer,1,https://buddy.farm/i/valve/,https://buddy.farm/page-data/i/valve/page-data.json,valve__valve.json,buddy-item-multi-source-v1,,
valve,Valve,4,Red Dye,red dye,1,https://buddy.farm/i/valve/,https://buddy.farm/page-data/i/valve/page-data.json,valve__valve.json,buddy-item-multi-source-v1,,
valve,Valve,5,Broken Pipe,broken pipe,1,https://buddy.farm/i/valve/,https://buddy.farm/page-data/i/valve/page-data.json,valve__valve.json,buddy-item-multi-source-v1,,
veggie juice,Veggie Juice,1,Peas,peas,7,https://buddy.farm/i/veggie-juice/,https://buddy.farm/page-data/i/veggie-juice/page-data.json,veggie-juice__veggie-juice.json,buddy-item-multi-source-v1,,
veggie juice,Veggie Juice,2,Cucumber,cucumber,7,https://buddy.farm/i/veggie-juice/,https://buddy.farm/page-data/i/veggie-juice/page-data.json,veggie-juice__veggie-juice.json,buddy-item-multi-source-v1,,
veggie juice,Veggie Juice,3,Tomato,tomato,2,https://buddy.farm/i/veggie-juice/,https://buddy.farm/page-data/i/veggie-juice/page-data.json,veggie-juice__veggie-juice.json,buddy-item-multi-source-v1,,
veggie juice,Veggie Juice,4,Glass Bottle,glass bottle,1,https://buddy.farm/i/veggie-juice/,https://buddy.farm/page-data/i/veggie-juice/page-data.json,veggie-juice__veggie-juice.json,buddy-item-multi-source-v1,,
veggie juice,Veggie Juice,5,Eggplant,eggplant,7,https://buddy.farm/i/veggie-juice/,https://buddy.farm/page-data/i/veggie-juice/page-data.json,veggie-juice__veggie-juice.json,buddy-item-multi-source-v1,,
veggie juice,Veggie Juice,6,Carrot,carrot,7,https://buddy.farm/i/veggie-juice/,https://buddy.farm/page-data/i/veggie-juice/page-data.json,veggie-juice__veggie-juice.json,buddy-item-multi-source-v1,,
veggie juice,Veggie Juice,7,Beet,beet,15,https://buddy.farm/i/veggie-juice/,https://buddy.farm/page-data/i/veggie-juice/page-data.json,veggie-juice__veggie-juice.json,buddy-item-multi-source-v1,,
veggie juice,Veggie Juice,8,Twine,twine,2,https://buddy.farm/i/veggie-juice/,https://buddy.farm/page-data/i/veggie-juice/page-data.json,veggie-juice__veggie-juice.json,buddy-item-multi-source-v1,,
veggie juice,Veggie Juice,9,Horn,horn,2,https://buddy.farm/i/veggie-juice/,https://buddy.farm/page-data/i/veggie-juice/page-data.json,veggie-juice__veggie-juice.json,buddy-item-multi-source-v1,,
veggie juice,Veggie Juice,10,Watermelon,watermelon,2,https://buddy.farm/i/veggie-juice/,https://buddy.farm/page-data/i/veggie-juice/page-data.json,veggie-juice__veggie-juice.json,buddy-item-multi-source-v1,,
veggie juice,Veggie Juice,11,Peppers,peppers,7,https://buddy.farm/i/veggie-juice/,https://buddy.farm/page-data/i/veggie-juice/page-data.json,veggie-juice__veggie-juice.json,buddy-item-multi-source-v1,,
wagon wheel,Wagon Wheel,1,Board,board,12,https://buddy.farm/i/wagon-wheel/,https://buddy.farm/page-data/i/wagon-wheel/page-data.json,wagon-wheel__wagon-wheel.json,buddy-item-multi-source-v1,,
wagon wheel,Wagon Wheel,2,Nails,nails,14,https://buddy.farm/i/wagon-wheel/,https://buddy.farm/page-data/i/wagon-wheel/page-data.json,wagon-wheel__wagon-wheel.json,buddy-item-multi-source-v1,,
white cloak,White Cloak,1,Leather,leather,5,https://buddy.farm/i/white-cloak/,https://buddy.farm/page-data/i/white-cloak/page-data.json,white-cloak__white-cloak.json,buddy-item-multi-source-v1,,
white cloak,White Cloak,2,Twine,twine,10,https://buddy.farm/i/white-cloak/,https://buddy.farm/page-data/i/white-cloak/page-data.json,white-cloak__white-cloak.json,buddy-item-multi-source-v1,,
white cloak,White Cloak,3,Cotton,cotton,1,https://buddy.farm/i/white-cloak/,https://buddy.farm/page-data/i/white-cloak/page-data.json,white-cloak__white-cloak.json,buddy-item-multi-source-v1,,
white cloak,White Cloak,4,White Dye,white dye,10,https://buddy.farm/i/white-cloak/,https://buddy.farm/page-data/i/white-cloak/page-data.json,white-cloak__white-cloak.json,buddy-item-multi-source-v1,,
white dye,White Dye,1,Glass Bottle,glass bottle,1,https://buddy.farm/i/white-dye/,https://buddy.farm/page-data/i/white-dye/page-data.json,white-dye__white-dye.json,buddy-item-multi-source-v1,,
white dye,White Dye,2,Mist Lily,mist lily,5,https://buddy.farm/i/white-dye/,https://buddy.farm/page-data/i/white-dye/page-data.json,white-dye__white-dye.json,buddy-item-multi-source-v1,,
white parchment,White Parchment,1,Feathers,feathers,3,https://buddy.farm/i/white-parchment/,https://buddy.farm/page-data/i/white-parchment/page-data.json,white-parchment__white-parchment.json,buddy-item-multi-source-v1,,
white purse,White Purse,1,Coin Purse,coin purse,1,https://buddy.farm/i/white-purse/,https://buddy.farm/page-data/i/white-purse/page-data.json,white-purse__white-purse.json,buddy-item-multi-source-v1,,
white purse,White Purse,2,White Dye,white dye,1,https://buddy.farm/i/white-purse/,https://buddy.farm/page-data/i/white-purse/page-data.json,white-purse__white-purse.json,buddy-item-multi-source-v1,,
white scarf,White Scarf,1,Yarn,yarn,2,https://buddy.farm/i/white-scarf/,https://buddy.farm/page-data/i/white-scarf/page-data.json,white-scarf__white-scarf.json,buddy-item-multi-source-v1,,
white scarf,White Scarf,2,White Dye,white dye,1,https://buddy.farm/i/white-scarf/,https://buddy.farm/page-data/i/white-scarf/page-data.json,white-scarf__white-scarf.json,buddy-item-multi-source-v1,,
white shirt,White Shirt,1,Sewing Needle,sewing needle,1,https://buddy.farm/i/white-shirt/,https://buddy.farm/page-data/i/white-shirt/page-data.json,white-shirt__white-shirt.json,buddy-item-multi-source-v1,,
white shirt,White Shirt,2,White Dye,white dye,1,https://buddy.farm/i/white-shirt/,https://buddy.farm/page-data/i/white-shirt/page-data.json,white-shirt__white-shirt.json,buddy-item-multi-source-v1,,
white shirt,White Shirt,3,Cloth,cloth,10,https://buddy.farm/i/white-shirt/,https://buddy.farm/page-data/i/white-shirt/page-data.json,white-shirt__white-shirt.json,buddy-item-multi-source-v1,,
white twine,White Twine,1,Twine,twine,1,https://buddy.farm/i/white-twine/,https://buddy.farm/page-data/i/white-twine/page-data.json,white-twine__white-twine.json,buddy-item-multi-source-v1,,
white twine,White Twine,2,White Dye,white dye,1,https://buddy.farm/i/white-twine/,https://buddy.farm/page-data/i/white-twine/page-data.json,white-twine__white-twine.json,buddy-item-multi-source-v1,,
wine,Wine,1,Glass Bottle,glass bottle,1,https://buddy.farm/i/wine/,https://buddy.farm/page-data/i/wine/page-data.json,wine__wine.json,buddy-item-multi-source-v1,,
wine,Wine,2,Grapes,grapes,100,https://buddy.farm/i/wine/,https://buddy.farm/page-data/i/wine/page-data.json,wine__wine.json,buddy-item-multi-source-v1,,
wizard hat,Wizard Hat,1,Purple Flower,purple flower,10,https://buddy.farm/i/wizard-hat/,https://buddy.farm/page-data/i/wizard-hat/page-data.json,wizard-hat__wizard-hat.json,buddy-item-multi-source-v1,,
wizard hat,Wizard Hat,2,Leather,leather,2,https://buddy.farm/i/wizard-hat/,https://buddy.farm/page-data/i/wizard-hat/page-data.json,wizard-hat__wizard-hat.json,buddy-item-multi-source-v1,,
wizard hat,Wizard Hat,3,Twine,twine,3,https://buddy.farm/i/wizard-hat/,https://buddy.farm/page-data/i/wizard-hat/page-data.json,wizard-hat__wizard-hat.json,buddy-item-multi-source-v1,,
wooden barrel,Wooden Barrel,1,Nails,nails,10,https://buddy.farm/i/wooden-barrel/,https://buddy.farm/page-data/i/wooden-barrel/page-data.json,wooden-barrel__wooden-barrel.json,buddy-item-multi-source-v1,,
wooden barrel,Wooden Barrel,2,Board,board,10,https://buddy.farm/i/wooden-barrel/,https://buddy.farm/page-data/i/wooden-barrel/page-data.json,wooden-barrel__wooden-barrel.json,buddy-item-multi-source-v1,,
wooden barrel,Wooden Barrel,3,Iron,iron,4,https://buddy.farm/i/wooden-barrel/,https://buddy.farm/page-data/i/wooden-barrel/page-data.json,wooden-barrel__wooden-barrel.json,buddy-item-multi-source-v1,,
wooden bow,Wooden Bow,1,Fern Leaf,fern leaf,1,https://buddy.farm/i/wooden-bow/,https://buddy.farm/page-data/i/wooden-bow/page-data.json,wooden-bow__wooden-bow.json,buddy-item-multi-source-v1,,
wooden bow,Wooden Bow,2,Iron,iron,2,https://buddy.farm/i/wooden-bow/,https://buddy.farm/page-data/i/wooden-bow/page-data.json,wooden-bow__wooden-bow.json,buddy-item-multi-source-v1,,
wooden bow,Wooden Bow,3,Twine,twine,2,https://buddy.farm/i/wooden-bow/,https://buddy.farm/page-data/i/wooden-bow/page-data.json,wooden-bow__wooden-bow.json,buddy-item-multi-source-v1,,
wooden bow,Wooden Bow,4,Wood,wood,4,https://buddy.farm/i/wooden-bow/,https://buddy.farm/page-data/i/wooden-bow/page-data.json,wooden-bow__wooden-bow.json,buddy-item-multi-source-v1,,
wooden box,Wooden Box,1,Nails,nails,6,https://buddy.farm/i/wooden-box/,https://buddy.farm/page-data/i/wooden-box/page-data.json,wooden-box__wooden-box.json,buddy-item-multi-source-v1,,
wooden box,Wooden Box,2,Wooden Plank,wooden plank,6,https://buddy.farm/i/wooden-box/,https://buddy.farm/page-data/i/wooden-box/page-data.json,wooden-box__wooden-box.json,buddy-item-multi-source-v1,,
wooden button,Wooden Button,1,Wood,wood,1,https://buddy.farm/i/wooden-button/,https://buddy.farm/page-data/i/wooden-button/page-data.json,wooden-button__wooden-button.json,buddy-item-multi-source-v1,,
wooden button,Wooden Button,2,Awl,awl,1,https://buddy.farm/i/wooden-button/,https://buddy.farm/page-data/i/wooden-button/page-data.json,wooden-button__wooden-button.json,buddy-item-multi-source-v1,,
wooden plank,Wooden Plank,1,Nails,nails,4,https://buddy.farm/i/wooden-plank/,https://buddy.farm/page-data/i/wooden-plank/page-data.json,wooden-plank__wooden-plank.json,buddy-item-multi-source-v1,,
wooden plank,Wooden Plank,2,Board,board,4,https://buddy.farm/i/wooden-plank/,https://buddy.farm/page-data/i/wooden-plank/page-data.json,wooden-plank__wooden-plank.json,buddy-item-multi-source-v1,,
wooden shield,Wooden Shield,1,Iron,iron,1,https://buddy.farm/i/wooden-shield/,https://buddy.farm/page-data/i/wooden-shield/page-data.json,wooden-shield__wooden-shield.json,buddy-item-multi-source-v1,,
wooden shield,Wooden Shield,2,Nails,nails,4,https://buddy.farm/i/wooden-shield/,https://buddy.farm/page-data/i/wooden-shield/page-data.json,wooden-shield__wooden-shield.json,buddy-item-multi-source-v1,,
wooden shield,Wooden Shield,3,Wooden Plank,wooden plank,1,https://buddy.farm/i/wooden-shield/,https://buddy.farm/page-data/i/wooden-shield/page-data.json,wooden-shield__wooden-shield.json,buddy-item-multi-source-v1,,
wooden spear,Wooden Spear,1,Arrowhead,arrowhead,1,https://buddy.farm/i/wooden-spear/,https://buddy.farm/page-data/i/wooden-spear/page-data.json,wooden-spear__wooden-spear.json,buddy-item-multi-source-v1,,
wooden spear,Wooden Spear,2,Wood,wood,1,https://buddy.farm/i/wooden-spear/,https://buddy.farm/page-data/i/wooden-spear/page-data.json,wooden-spear__wooden-spear.json,buddy-item-multi-source-v1,,
wooden spear,Wooden Spear,3,Twine,twine,2,https://buddy.farm/i/wooden-spear/,https://buddy.farm/page-data/i/wooden-spear/page-data.json,wooden-spear__wooden-spear.json,buddy-item-multi-source-v1,,
wooden sword,Wooden Sword,1,Iron,iron,2,https://buddy.farm/i/wooden-sword/,https://buddy.farm/page-data/i/wooden-sword/page-data.json,wooden-sword__wooden-sword.json,buddy-item-multi-source-v1,,
wooden sword,Wooden Sword,2,Twine,twine,4,https://buddy.farm/i/wooden-sword/,https://buddy.farm/page-data/i/wooden-sword/page-data.json,wooden-sword__wooden-sword.json,buddy-item-multi-source-v1,,
wooden sword,Wooden Sword,3,Board,board,1,https://buddy.farm/i/wooden-sword/,https://buddy.farm/page-data/i/wooden-sword/page-data.json,wooden-sword__wooden-sword.json,buddy-item-multi-source-v1,,
wooden table,Wooden Table,1,Board,board,8,https://buddy.farm/i/wooden-table/,https://buddy.farm/page-data/i/wooden-table/page-data.json,wooden-table__wooden-table.json,buddy-item-multi-source-v1,,
wooden table,Wooden Table,2,Wooden Plank,wooden plank,1,https://buddy.farm/i/wooden-table/,https://buddy.farm/page-data/i/wooden-table/page-data.json,wooden-table__wooden-table.json,buddy-item-multi-source-v1,,
wooden table,Wooden Table,3,Nails,nails,12,https://buddy.farm/i/wooden-table/,https://buddy.farm/page-data/i/wooden-table/page-data.json,wooden-table__wooden-table.json,buddy-item-multi-source-v1,,
wrench,Wrench,1,Emberstone,emberstone,5,https://buddy.farm/i/wrench/,https://buddy.farm/page-data/i/wrench/page-data.json,wrench__wrench.json,buddy-item-multi-source-v1,,
wrench,Wrench,2,Steel,steel,1,https://buddy.farm/i/wrench/,https://buddy.farm/page-data/i/wrench/page-data.json,wrench__wrench.json,buddy-item-multi-source-v1,,
y73841 detector,Y73841 Detector,1,Scrap Wire,scrap wire,50,https://buddy.farm/i/y73841-detector/,https://buddy.farm/page-data/i/y73841-detector/page-data.json,y73841-detector__y73841-detector.json,buddy-item-multi-source-v1,,
y73841 detector,Y73841 Detector,2,Compass,compass,1,https://buddy.farm/i/y73841-detector/,https://buddy.farm/page-data/i/y73841-detector/page-data.json,y73841-detector__y73841-detector.json,buddy-item-multi-source-v1,,
y73841 detector,Y73841 Detector,3,Pocket Watch,pocket watch,1,https://buddy.farm/i/y73841-detector/,https://buddy.farm/page-data/i/y73841-detector/page-data.json,y73841-detector__y73841-detector.json,buddy-item-multi-source-v1,,
y73841 detector,Y73841 Detector,4,Runestone 17,runestone 17,1,https://buddy.farm/i/y73841-detector/,https://buddy.farm/page-data/i/y73841-detector/page-data.json,y73841-detector__y73841-detector.json,buddy-item-multi-source-v1,,
y73841 detector,Y73841 Detector,5,Y73841 Blueprint,y73841 blueprint,1,https://buddy.farm/i/y73841-detector/,https://buddy.farm/page-data/i/y73841-detector/page-data.json,y73841-detector__y73841-detector.json,buddy-item-multi-source-v1,,
y73841 detector,Y73841 Detector,6,Transistor,transistor,50,https://buddy.farm/i/y73841-detector/,https://buddy.farm/page-data/i/y73841-detector/page-data.json,y73841-detector__y73841-detector.json,buddy-item-multi-source-v1,,
y73841 detector,Y73841 Detector,7,Small Gear,small gear,3,https://buddy.farm/i/y73841-detector/,https://buddy.farm/page-data/i/y73841-detector/page-data.json,y73841-detector__y73841-detector.json,buddy-item-multi-source-v1,,
yarn,Yarn,1,Twine,twine,4,https://buddy.farm/i/yarn/,https://buddy.farm/page-data/i/yarn/page-data.json,yarn__yarn.json,buddy-item-multi-source-v1,,
yellow bag,Yellow Bag,1,Yellow Dye,yellow dye,1,https://buddy.farm/i/yellow-bag/,https://buddy.farm/page-data/i/yellow-bag/page-data.json,yellow-bag__yellow-bag.json,buddy-item-multi-source-v1,,
yellow bag,Yellow Bag,2,Leather Bag,leather bag,1,https://buddy.farm/i/yellow-bag/,https://buddy.farm/page-data/i/yellow-bag/page-data.json,yellow-bag__yellow-bag.json,buddy-item-multi-source-v1,,
yellow butterfly,Yellow Butterfly,1,Wood,wood,1,https://buddy.farm/i/yellow-butterfly/,https://buddy.farm/page-data/i/yellow-butterfly/page-data.json,yellow-butterfly__yellow-butterfly.json,buddy-item-multi-source-v1,,
yellow butterfly,Yellow Butterfly,2,Caterpillar,caterpillar,1,https://buddy.farm/i/yellow-butterfly/,https://buddy.farm/page-data/i/yellow-butterfly/page-data.json,yellow-butterfly__yellow-butterfly.json,buddy-item-multi-source-v1,,
yellow butterfly,Yellow Butterfly,3,Yellow Dye,yellow dye,1,https://buddy.farm/i/yellow-butterfly/,https://buddy.farm/page-data/i/yellow-butterfly/page-data.json,yellow-butterfly__yellow-butterfly.json,buddy-item-multi-source-v1,,
yellow butterfly,Yellow Butterfly,4,Silk,silk,3,https://buddy.farm/i/yellow-butterfly/,https://buddy.farm/page-data/i/yellow-butterfly/page-data.json,yellow-butterfly__yellow-butterfly.json,buddy-item-multi-source-v1,,
yellow dye,Yellow Dye,1,Glass Bottle,glass bottle,1,https://buddy.farm/i/yellow-dye/,https://buddy.farm/page-data/i/yellow-dye/page-data.json,yellow-dye__yellow-dye.json,buddy-item-multi-source-v1,,
yellow dye,Yellow Dye,2,Swamp Thistle,swamp thistle,4,https://buddy.farm/i/yellow-dye/,https://buddy.farm/page-data/i/yellow-dye/page-data.json,yellow-dye__yellow-dye.json,buddy-item-multi-source-v1,,
yellow purse,Yellow Purse,1,Yellow Dye,yellow dye,1,https://buddy.farm/i/yellow-purse/,https://buddy.farm/page-data/i/yellow-purse/page-data.json,yellow-purse__yellow-purse.json,buddy-item-multi-source-v1,,
yellow purse,Yellow Purse,2,Coin Purse,coin purse,1,https://buddy.farm/i/yellow-purse/,https://buddy.farm/page-data/i/yellow-purse/page-data.json,yellow-purse__yellow-purse.json,buddy-item-multi-source-v1,,
yellow scarf,Yellow Scarf,1,Yarn,yarn,2,https://buddy.farm/i/yellow-scarf/,https://buddy.farm/page-data/i/yellow-scarf/page-data.json,yellow-scarf__yellow-scarf.json,buddy-item-multi-source-v1,,
yellow scarf,Yellow Scarf,2,Yellow Dye,yellow dye,1,https://buddy.farm/i/yellow-scarf/,https://buddy.farm/page-data/i/yellow-scarf/page-data.json,yellow-scarf__yellow-scarf.json,buddy-item-multi-source-v1,,
yellow shirt,Yellow Shirt,1,Sewing Needle,sewing needle,1,https://buddy.farm/i/yellow-shirt/,https://buddy.farm/page-data/i/yellow-shirt/page-data.json,yellow-shirt__yellow-shirt.json,buddy-item-multi-source-v1,,
yellow shirt,Yellow Shirt,2,Yellow Dye,yellow dye,1,https://buddy.farm/i/yellow-shirt/,https://buddy.farm/page-data/i/yellow-shirt/page-data.json,yellow-shirt__yellow-shirt.json,buddy-item-multi-source-v1,,
yellow shirt,Yellow Shirt,3,Cloth,cloth,10,https://buddy.farm/i/yellow-shirt/,https://buddy.farm/page-data/i/yellow-shirt/page-data.json,yellow-shirt__yellow-shirt.json,buddy-item-multi-source-v1,,
yellow twine,Yellow Twine,1,Twine,twine,1,https://buddy.farm/i/yellow-twine/,https://buddy.farm/page-data/i/yellow-twine/page-data.json,yellow-twine__yellow-twine.json,buddy-item-multi-source-v1,,
yellow twine,Yellow Twine,2,Yellow Dye,yellow dye,1,https://buddy.farm/i/yellow-twine/,https://buddy.farm/page-data/i/yellow-twine/page-data.json,yellow-twine__yellow-twine.json,buddy-item-multi-source-v1,,