source_type,item_name,canonical_key,source_name,source_canonical_key,detail,source_url,page_data_url,cache_file_name,parser_version,flags,notes
openable_reverse,3-leaf Clover,3 leaf clover,Spring Basket 01,spring basket 01,10-10,https://buddy.farm/i/3-leaf-clover/,https://buddy.farm/page-data/i/3-leaf-clover/page-data.json,,buddy-item-multi-source-v1,,
openable_reverse,3-leaf Clover,3 leaf clover,Spring Basket 03,spring basket 03,200-200,https://buddy.farm/i/3-leaf-clover/,https://buddy.farm/page-data/i/3-leaf-clover/page-data.json,,buddy-item-multi-source-v1,,
openable_reverse,3-leaf Clover,3 leaf clover,Green Backpack,green backpack,100-100,https://buddy.farm/i/3-leaf-clover/,https://buddy.farm/page-data/i/3-leaf-clover/page-data.json,,buddy-item-multi-source-v1,,
openable_reverse,3-leaf Clover,3 leaf clover,Christmas Present 04,christmas present 04,40-40,https://buddy.farm/i/3-leaf-clover/,https://buddy.farm/page-data/i/3-leaf-clover/page-data.json,,buddy-item-multi-source-v1,,
openable_reverse,3-leaf Clover,3 leaf clover,Grab Bag 01,grab bag 01,10-50,https://buddy.farm/i/3-leaf-clover/,https://buddy.farm/page-data/i/3-leaf-clover/page-data.json,,buddy-item-multi-source-v1,,
openable_reverse,3-leaf Clover,3 leaf clover,Spring Basket 02,spring basket 02,100-100,https://buddy.farm/i/3-leaf-clover/,https://buddy.farm/page-data/i/3-leaf-clover/page-data.json,,buddy-item-multi-source-v1,,
openable_reverse,4-leaf Clover,4 leaf clover,Spring Basket 03,spring basket 03,50-50,https://buddy.farm/i/4-leaf-clover/,https://buddy.farm/page-data/i/4-leaf-clover/page-data.json,,buddy-item-multi-source-v1,,
openable_reverse,4-leaf Clover,4 leaf clover,Spring Basket 01,spring basket 01,3-3,https://buddy.farm/i/4-leaf-clover/,https://buddy.farm/page-data/i/4-leaf-clover/page-data.json,,buddy-item-multi-source-v1,,
openable_reverse,4-leaf Clover,4 leaf clover,Spring Basket 02,spring basket 02,10-10,https://buddy.farm/i/4-leaf-clover/,https://buddy.farm/page-data/i/4-leaf-clover/page-data.json,,buddy-item-multi-source-v1,,
openable_reverse,4-leaf Clover,4 leaf clover,Green Backpack,green backpack,10-10,https://buddy.farm/i/4-leaf-clover/,https://buddy.farm/page-data/i/4-leaf-clover/page-data.json,,buddy-item-multi-source-v1,,
openable_reverse,Acorn,acorn,Cornucopia 01,cornucopia 01,50-50,https://buddy.farm/i/acorn/,https://buddy.farm/page-data/i/acorn/page-data.json,,buddy-item-multi-source-v1,,
openable_reverse,Amethyst,amethyst,Small Chest 01,small chest 01,10-10,https://buddy.farm/i/amethyst/,https://buddy.farm/page-data/i/amethyst/page-data.json,,buddy-item-multi-source-v1,,
openable_reverse,Amethyst Necklace,amethyst necklace,Medium Chest 02,medium chest 02,5-5,https://buddy.farm/i/amethyst-necklace/,https://buddy.farm/page-data/i/amethyst-necklace/page-data.json,,buddy-item-multi-source-v1,,
openable_reverse,Ancient Coin,ancient coin,Grab Bag 02,grab bag 02,10-25,https://buddy.farm/i/ancient-coin/,https://buddy.farm/page-data/i/ancient-coin/page-data.json,,buddy-item-multi-source-v1,,
openable_reverse,Ancient Coin,ancient coin,Red Envelope,red envelope,10-10,https://buddy.farm/i/ancient-coin/,https://buddy.farm/page-data/i/ancient-coin/page-data.json,,buddy-item-multi-source-v1,,
openable_reverse,Ancient Coin,ancient coin,Christmas Present 05,christmas present 05,50-50,https://buddy.farm/i/ancient-coin/,https://buddy.farm/page-data/i/ancient-coin/page-data.json,,buddy-item-multi-source-v1,,
openable_reverse,Ancient Coin,ancient coin,Treat Bag 03,treat bag 03,10-10,https://buddy.farm/i/ancient-coin/,https://buddy.farm/page-data/i/ancient-coin/page-data.json,,buddy-item-multi-source-v1,,
openable_reverse,Ancient Coin,ancient coin,Grab Bag 06,grab bag 06,10-150,https://buddy.farm/i/ancient-coin/,https://buddy.farm/page-data/i/ancient-coin/page-data.json,,buddy-item-multi-source-v1,,
openable_reverse,Ancient Coin,ancient coin,Present 01,present 01,20-20,https://buddy.farm/i/ancient-coin/,https://buddy.farm/page-data/i/ancient-coin/page-data.json,,buddy-item-multi-source-v1,,
openable_reverse,Ancient Coin,ancient coin,Present 02,present 02,500-500,https://buddy.farm/i/ancient-coin/,https://buddy.farm/page-data/i/ancient-coin/page-data.json,,buddy-item-multi-source-v1,,
openable_reverse,Ancient Coin,ancient coin,Christmas Present 09,christmas present 09,90-90,https://buddy.farm/i/ancient-coin/,https://buddy.farm/page-data/i/ancient-coin/page-data.json,,buddy-item-multi-source-v1,,
openable_reverse,Ancient Coin,ancient coin,Gift Basket 02,gift basket 02,100-100,https://buddy.farm/i/ancient-coin/,https://buddy.farm/page-data/i/ancient-coin/page-data.json,,buddy-item-multi-source-v1,,
openable_reverse,Ancient Coin,ancient coin,Medium Chest 01,medium chest 01,50-50,https://buddy.farm/i/ancient-coin/,https://buddy.farm/page-data/i/ancient-coin/page-data.json,,buddy-item-multi-source-v1,,
openable_reverse,Ancient Coin,ancient coin,Gift Basket 01,gift basket 01,50-50,https://buddy.farm/i/ancient-coin/,https://buddy.farm/page-data/i/ancient-coin/page-data.json,,buddy-item-multi-source-v1,,
openable_reverse,Ancient Coin,ancient coin,Large Chest 01,large chest 01,100-100,https://buddy.farm/i/ancient-coin/,https://buddy.farm/page-data/i/ancient-coin/page-data.json,,buddy-item-multi-source-v1,,
openable_reverse,Ancient Coin,ancient coin,Corn Prize Bag,corn prize bag,100-100,https://buddy.farm/i/ancient-coin/,https://buddy.farm/page-data/i/ancient-coin/page-data.json,,buddy-item-multi-source-v1,,
openable_reverse,Antler,antler,Grab Bag 02,grab bag 02,10-25,https://buddy.farm/i/antler/,https://buddy.farm/page-data/i/antler/page-data.json,,buddy-item-multi-source-v1,,
openable_reverse,Antler,antler,Christmas Present 04,christmas present 04,40-40,https://buddy.farm/i/antler/,https://buddy.farm/page-data/i/antler/page-data.json,,buddy-item-multi-source-v1,,
openable_reverse,Antler,antler,Small Chest 02,small chest 02,10-10,https://buddy.farm/i/antler/,https://buddy.farm/page-data/i/antler/page-data.json,,buddy-item-multi-source-v1,,
openable_reverse,Antler,antler,Christmas Present 09,christmas present 09,90-90,https://buddy.farm/i/antler/,https://buddy.farm/page-data/i/antler/page-data.json,,buddy-item-multi-source-v1,,
openable_reverse,Apple,apple,Cornucopia 01,cornucopia 01,25-25,https://buddy.farm/i/apple/,https://buddy.farm/page-data/i/apple/page-data.json,,buddy-item-multi-source-v1,,
openable_reverse,Apple,apple,Christmas Present 10,christmas present 10,100-100,https://buddy.farm/i/apple/,https://buddy.farm/page-data/i/apple/page-data.json,,buddy-item-multi-source-v1,,
openable_reverse,Apple,apple,Spring Basket 01,spring basket 01,20-20,https://buddy.farm/i/apple/,https://buddy.farm/page-data/i/apple/page-data.json,,buddy-item-multi-source-v1,,
openable_reverse,Apple,apple,frank's Basket,frank s basket,25-25,https://buddy.farm/i/apple/,https://buddy.farm/page-data/i/apple/page-data.json,,buddy-item-multi-source-v1,,
openable_reverse,Apple,apple,Box of Chocolate 01,box of chocolate 01,5-5,https://buddy.farm/i/apple/,https://buddy.farm/page-data/i/apple/page-data.json,,buddy-item-multi-source-v1,,
openable_reverse,Apple,apple,Spring Basket 02,spring basket 02,50-50,https://buddy.farm/i/apple/,https://buddy.farm/page-data/i/apple/page-data.json,,buddy-item-multi-source-v1,,
openable_reverse,Apple,apple,Treat Bag 04,treat bag 04,25-25,https://buddy.farm/i/apple/,https://buddy.farm/page-data/i/apple/page-data.json,,buddy-item-multi-source-v1,,
openable_reverse,Apple,apple,Apple Crate 01,apple crate 01,200-200,https://buddy.farm/i/apple/,https://buddy.farm/page-data/i/apple/page-data.json,,buddy-item-multi-source-v1,,
openable_reverse,Apple,apple,Box of Chocolate 02,box of chocolate 02,50-50,https://buddy.farm/i/apple/,https://buddy.farm/page-data/i/apple/page-data.json,,buddy-item-multi-source-v1,,
openable_reverse,Apple,apple,Treat Bag 01,treat bag 01,3-3,https://buddy.farm/i/apple/,https://buddy.farm/page-data/i/apple/page-data.json,,buddy-item-multi-source-v1,,
openable_reverse,Apple,apple,Christmas Present 03,christmas present 03,30-30,https://buddy.farm/i/apple/,https://buddy.farm/page-data/i/apple/page-data.json,,buddy-item-multi-source-v1,,
openable_reverse,Apple,apple,Gift Basket 02,gift basket 02,100-100,https://buddy.farm/i/apple/,https://buddy.farm/page-data/i/apple/page-data.json,,buddy-item-multi-source-v1,,
openable_reverse,Apple,apple,Apple Basket,apple basket,200-200,https://buddy.farm/i/apple/,https://buddy.farm/page-data/i/apple/page-data.json,,buddy-item-multi-source-v1,,
openable_reverse,Apple,apple,Medium Chest 01,medium chest 01,100-100,https://buddy.farm/i/apple/,https://buddy.farm/page-data/i/apple/page-data.json,,buddy-item-multi-source-v1,,
openable_reverse,Apple,apple,Gift Basket 01,gift basket 01,25-25,https://buddy.farm/i/apple/,https://buddy.farm/page-data/i/apple/page-data.json,,buddy-item-multi-source-v1,,
openable_reverse,Apple,apple,Treat Bag 05,treat bag 05,25-25,https://buddy.farm/i/apple/,https://buddy.farm/page-data/i/apple/page-data.json,,buddy-item-multi-source-v1,,
openable_reverse,Apple,apple,Cornucopia 02,cornucopia 02,100-100,https://buddy.farm/i/apple/,https://buddy.farm/page-data/i/apple/page-data.json,,buddy-item-multi-source-v1,,
openable_reverse,Apple,apple,Backpack,backpack,25-25,https://buddy.farm/i/apple/,https://buddy.farm/page-data/i/apple/page-data.json,,buddy-item-multi-source-v1,,
openable_reverse,Apple,apple,Heart-shaped Box 01,heart shaped box 01,50-50,https://buddy.farm/i/apple/,https://buddy.farm/page-data/i/apple/page-data.json,,buddy-item-multi-source-v1,,
openable_reverse,Apple,apple,Buddy's School Bag,buddy s school bag,50-50,https://buddy.farm/i/apple/,https://buddy.farm/page-data/i/apple/page-data.json,,buddy-item-multi-source-v1,,
openable_reverse,Apple,apple,Christmas Stocking,christmas stocking,3-3,https://buddy.farm/i/apple/,https://buddy.farm/page-data/i/apple/page-data.json,,buddy-item-multi-source-v1,,
openable_reverse,Apple,apple,Heart-shaped Box 02,heart shaped box 02,100-100,https://buddy.farm/i/apple/,https://buddy.farm/page-data/i/apple/page-data.json,,buddy-item-multi-source-v1,,
openable_reverse,Apple,apple,Fall Basket,fall basket,50-50,https://buddy.farm/i/apple/,https://buddy.farm/page-data/i/apple/page-data.json,,buddy-item-multi-source-v1,,
openable_reverse,Apple,apple,Birthday Present,birthday present,200-200,https://buddy.farm/i/apple/,https://buddy.farm/page-data/i/apple/page-data.json,,buddy-item-multi-source-v1,,
openable_reverse,Apple,apple,Treat Bag 06,treat bag 06,50-50,https://buddy.farm/i/apple/,https://buddy.farm/page-data/i/apple/page-data.json,,buddy-item-multi-source-v1,,
openable_reverse,Apple,apple,Apple Crate 02,apple crate 02,200-200,https://buddy.farm/i/apple/,https://buddy.farm/page-data/i/apple/page-data.json,,buddy-item-multi-source-v1,,
openable_reverse,Apple,apple,Spring Basket 03,spring basket 03,200-200,https://buddy.farm/i/apple/,https://buddy.farm/page-data/i/apple/page-data.json,,buddy-item-multi-source-v1,,
openable_reverse,Apple Ant,apple ant,Apple Crate 02,apple crate 02,5-5,https://buddy.farm/i/apple-ant/,https://buddy.farm/page-data/i/apple-ant/page-data.json,,buddy-item-multi-source-v1,,
openable_reverse,Apple Basket,apple basket,Birthday Surprise Box 04,birthday surprise box 04,1-2,https://buddy.farm/i/apple-basket/,https://buddy.farm/page-data/i/apple-basket/page-data.json,,buddy-item-multi-source-v1,,
openable_reverse,Apple Basket,apple basket,Birthday Surprise Box 03,birthday surprise box 03,1-2,https://buddy.farm/i/apple-basket/,https://buddy.farm/page-data/i/apple-basket/page-data.json,,buddy-item-multi-source-v1,,
openable_reverse,Apple Basket,apple basket,Birthday Surprise Box 05,birthday surprise box 05,1-2,https://buddy.farm/i/apple-basket/,https://buddy.farm/page-data/i/apple-basket/page-data.json,,buddy-item-multi-source-v1,,
openable_reverse,Apple Cider,apple cider,Winter Basket,winter basket,5-5,https://buddy.farm/i/apple-cider/,https://buddy.farm/page-data/i/apple-cider/page-data.json,,buddy-item-multi-source-v1,,
openable_reverse,Apple Cider,apple cider,Giving Box 01,giving box 01,250-250,https://buddy.farm/i/apple-cider/,https://buddy.farm/page-data/i/apple-cider/page-data.json,,buddy-item-multi-source-v1,,
openable_reverse,Apple Cider,apple cider,Lovely Present,lovely present,10-10,https://buddy.farm/i/apple-cider/,https://buddy.farm/page-data/i/apple-cider/page-data.json,,buddy-item-multi-source-v1,,
openable_reverse,Apple Cider,apple cider,Spring Basket 02,spring basket 02,15-15,https://buddy.farm/i/apple-cider/,https://buddy.farm/page-data/i/apple-cider/page-data.json,,buddy-item-multi-source-v1,,
openable_reverse,Apple Cider,apple cider,Apple Crate 01,apple crate 01,25-25,https://buddy.farm/i/apple-cider/,https://buddy.farm/page-data/i/apple-cider/page-data.json,,buddy-item-multi-source-v1,,
openable_reverse,Apple Cider,apple cider,Box of Chocolate 02,box of chocolate 02,5-5,https://buddy.farm/i/apple-cider/,https://buddy.farm/page-data/i/apple-cider/page-data.json,,buddy-item-multi-source-v1,,
openable_reverse,Apple Cider,apple cider,Present 02,present 02,50-50,https://buddy.farm/i/apple-cider/,https://buddy.farm/page-data/i/apple-cider/page-data.json,,buddy-item-multi-source-v1,,
openable_reverse,Apple Cider,apple cider,Buddy's Beach Bag,buddy s beach bag,25-25,https://buddy.farm/i/apple-cider/,https://buddy.farm/page-data/i/apple-cider/page-data.json,,buddy-item-multi-source-v1,,
openable_reverse,Apple Cider,apple cider,Apple Basket,apple basket,10-10,https://buddy.farm/i/apple-cider/,https://buddy.farm/page-data/i/apple-cider/page-data.json,,buddy-item-multi-source-v1,,
openable_reverse,Apple Cider,apple cider,Rosalie's Beach Tote,rosalie s beach tote,3-3,https://buddy.farm/i/apple-cider/,https://buddy.farm/page-data/i/apple-cider/page-data.json,,buddy-item-multi-source-v1,,
openable_reverse,Apple Cider,apple cider,Drink Bundle,drink bundle,10-10,https://buddy.farm/i/apple-cider/,https://buddy.farm/page-data/i/apple-cider/page-data.json,,buddy-item-multi-source-v1,,
openable_reverse,Apple Cider,apple cider,Fancy Present,fancy present,10-10,https://buddy.farm/i/apple-cider/,https://buddy.farm/page-data/i/apple-cider/page-data.json,,buddy-item-multi-source-v1,,
openable_reverse,Apple Cider,apple cider,Frozen Chest 02,frozen chest 02,5-5,https://buddy.farm/i/apple-cider/,https://buddy.farm/page-data/i/apple-cider/page-data.json,,buddy-item-multi-source-v1,,
openable_reverse,Apple Cider,apple cider,Thomas's Tavern Tote,thomas s tavern tote,25-25,https://buddy.farm/i/apple-cider/,https://buddy.farm/page-data/i/apple-cider/page-data.json,,buddy-item-multi-source-v1,,
openable_reverse,Apple Cider,apple cider,Birthday Present,birthday present,25-25,https://buddy.farm/i/apple-cider/,https://buddy.farm/page-data/i/apple-cider/page-data.json,,buddy-item-multi-source-v1,,
openable_reverse,Apple Cider,apple cider,Tower Prep Pack 01,tower prep pack 01,250-250,https://buddy.farm/i/apple-cider/,https://buddy.farm/page-data/i/apple-cider/page-data.json,,buddy-item-multi-source-v1,,
openable_reverse,Apple Cider,apple cider,Frozen Chest 03,frozen chest 03,125-125,https://buddy.farm/i/apple-cider/,https://buddy.farm/page-data/i/apple-cider/page-data.json,,buddy-item-multi-source-v1,,
openable_reverse,Apple Cider,apple cider,Shiny Present,shiny present,10-10,https://buddy.farm/i/apple-cider/,https://buddy.farm/page-data/i/apple-cider/page-data.json,,buddy-item-multi-source-v1,,
openable_reverse,Apple Cider,apple cider,Apple Crate 02,apple crate 02,50-50,https://buddy.farm/i/apple-cider/,https://buddy.farm/page-data/i/apple-cider/page-data.json,,buddy-item-multi-source-v1,,
openable_reverse,Apple Core,apple core,Apple Crate 02,apple crate 02,5-5,https://buddy.farm/i/apple-core/,https://buddy.farm/page-data/i/apple-core/page-data.json,,buddy-item-multi-source-v1,,
openable_reverse,Apple Core,apple core,Apple Crate 01,apple crate 01,3-3,https://buddy.farm/i/apple-core/,https://buddy.farm/page-data/i/apple-core/page-data.json,,buddy-item-multi-source-v1,,
openable_reverse,Apple Core,apple core,Apple Basket,apple basket,2-2,https://buddy.farm/i/apple-core/,https://buddy.farm/page-data/i/apple-core/page-data.json,,buddy-item-multi-source-v1,,
openable_reverse,Apple Crate 01,apple crate 01,Birthday Surprise Box 04,birthday surprise box 04,1-2,https://buddy.farm/i/apple-crate-01/,https://buddy.farm/page-data/i/apple-crate-01/page-data.json,,buddy-item-multi-source-v1,,
openable_reverse,Apple Crate 01,apple crate 01,Birthday Surprise Box 05,birthday surprise box 05,1-2,https://buddy.farm/i/apple-crate-01/,https://buddy.farm/page-data/i/apple-crate-01/page-data.json,,buddy-item-multi-source-v1,,
openable_reverse,Apple Crate 02,apple crate 02,Birthday Surprise Box 05,birthday surprise box 05,1-2,https://buddy.farm/i/apple-crate-02/,https://buddy.farm/page-data/i/apple-crate-02/page-data.json,,buddy-item-multi-source-v1,,
openable_reverse,Apple Picker,apple picker,Apple Crate 02,apple crate 02,1-1,https://buddy.farm/i/apple-picker/,https://buddy.farm/page-data/i/apple-picker/page-data.json,,buddy-item-multi-source-v1,,
openable_reverse,Apple Pie,apple pie,Apple Crate 02,apple crate 02,1-1,https://buddy.farm/i/apple-pie/,https://buddy.farm/page-data/i/apple-pie/page-data.json,,buddy-item-multi-source-v1,,
openable_reverse,Apple Pie,apple pie,Tower Prep Pack 01,tower prep pack 01,1-1,https://buddy.farm/i/apple-pie/,https://buddy.farm/page-data/i/apple-pie/page-data.json,,buddy-item-multi-source-v1,,
openable_reverse,Apple Pie,apple pie,Holiday Cheer Bundle 01,holiday cheer bundle 01,1-1,https://buddy.farm/i/apple-pie/,https://buddy.farm/page-data/i/apple-pie/page-data.json,,buddy-item-multi-source-v1,,
openable_reverse,Apple Pie,apple pie,Apple Basket,apple basket,1-1,https://buddy.farm/i/apple-pie/,https://buddy.farm/page-data/i/apple-pie/page-data.json,,buddy-item-multi-source-v1,,
openable_reverse,Apple Pie,apple pie,Apple Crate 01,apple crate 01,1-1,https://buddy.farm/i/apple-pie/,https://buddy.farm/page-data/i/apple-pie/page-data.json,,buddy-item-multi-source-v1,,
openable_reverse,Apple Slicer,apple slicer,Apple Crate 01,apple crate 01,1-1,https://buddy.farm/i/apple-slicer/,https://buddy.farm/page-data/i/apple-slicer/page-data.json,,buddy-item-multi-source-v1,,
openable_reverse,Apple Slicer,apple slicer,Apple Crate 02,apple crate 02,1-1,https://buddy.farm/i/apple-slicer/,https://buddy.farm/page-data/i/apple-slicer/page-data.json,,buddy-item-multi-source-v1,,
openable_reverse,Apple Turnover,apple turnover,Apple Crate 01,apple crate 01,3-3,https://buddy.farm/i/apple-turnover/,https://buddy.farm/page-data/i/apple-turnover/page-data.json,,buddy-item-multi-source-v1,,
openable_reverse,Apple Turnover,apple turnover,Apple Crate 02,apple crate 02,3-3,https://buddy.farm/i/apple-turnover/,https://buddy.farm/page-data/i/apple-turnover/page-data.json,,buddy-item-multi-source-v1,,
openable_reverse,Aquamarine,aquamarine,Grab Bag 01,grab bag 01,10-50,https://buddy.farm/i/aquamarine/,https://buddy.farm/page-data/i/aquamarine/page-data.json,,buddy-item-multi-source-v1,,
openable_reverse,Aquamarine,aquamarine,Small Chest 01,small chest 01,10-10,https://buddy.farm/i/aquamarine/,https://buddy.farm/page-data/i/aquamarine/page-data.json,,buddy-item-multi-source-v1,,
openable_reverse,Aquamarine,aquamarine,Christmas Present 10,christmas present 10,100-100,https://buddy.farm/i/aquamarine/,https://buddy.farm/page-data/i/aquamarine/page-data.json,,buddy-item-multi-source-v1,,
openable_reverse,Aquamarine Ring,aquamarine ring,Medium Chest 02,medium chest 02,5-5,https://buddy.farm/i/aquamarine-ring/,https://buddy.farm/page-data/i/aquamarine-ring/page-data.json,,buddy-item-multi-source-v1,,
openable_reverse,Arnold Palmer,arnold palmer,Winter Basket,winter basket,5-5,https://buddy.farm/i/arnold-palmer/,https://buddy.farm/page-data/i/arnold-palmer/page-data.json,,buddy-item-multi-source-v1,,
openable_reverse,Arnold Palmer,arnold palmer,Cornucopia 03,cornucopia 03,50-50,https://buddy.farm/i/arnold-palmer/,https://buddy.farm/page-data/i/arnold-palmer/page-data.json,,buddy-item-multi-source-v1,,
openable_reverse,Arnold Palmer,arnold palmer,Giving Box 01,giving box 01,250-250,https://buddy.farm/i/arnold-palmer/,https://buddy.farm/page-data/i/arnold-palmer/page-data.json,,buddy-item-multi-source-v1,,
openable_reverse,Arnold Palmer,arnold palmer,Lovely Present,lovely present,10-10,https://buddy.farm/i/arnold-palmer/,https://buddy.farm/page-data/i/arnold-palmer/page-data.json,,buddy-item-multi-source-v1,,
openable_reverse,Arnold Palmer,arnold palmer,Bag of Presents 02,bag of presents 02,10-10,https://buddy.farm/i/arnold-palmer/,https://buddy.farm/page-data/i/arnold-palmer/page-data.json,,buddy-item-multi-source-v1,,
openable_reverse,Arnold Palmer,arnold palmer,Present 02,present 02,50-50,https://buddy.farm/i/arnold-palmer/,https://buddy.farm/page-data/i/arnold-palmer/page-data.json,,buddy-item-multi-source-v1,,
openable_reverse,Arnold Palmer,arnold palmer,Picnic Basket 01,picnic basket 01,100-100,https://buddy.farm/i/arnold-palmer/,https://buddy.farm/page-data/i/arnold-palmer/page-data.json,,buddy-item-multi-source-v1,,
openable_reverse,Arnold Palmer,arnold palmer,Borgen Bag 01,borgen bag 01,10-600,https://buddy.farm/i/arnold-palmer/,https://buddy.farm/page-data/i/arnold-palmer/page-data.json,,buddy-item-multi-source-v1,,
openable_reverse,Arnold Palmer,arnold palmer,Frozen Chest 01,frozen chest 01,5-5,https://buddy.farm/i/arnold-palmer/,https://buddy.farm/page-data/i/arnold-palmer/page-data.json,,buddy-item-multi-source-v1,,
openable_reverse,Arnold Palmer,arnold palmer,Traveler's Bag 01,traveler s bag 01,100-100,https://buddy.farm/i/arnold-palmer/,https://buddy.farm/page-data/i/arnold-palmer/page-data.json,,buddy-item-multi-source-v1,,
openable_reverse,Arnold Palmer,arnold palmer,Drink Bundle,drink bundle,5-5,https://buddy.farm/i/arnold-palmer/,https://buddy.farm/page-data/i/arnold-palmer/page-data.json,,buddy-item-multi-source-v1,,
openable_reverse,Arnold Palmer,arnold palmer,Backpack,backpack,10-10,https://buddy.farm/i/arnold-palmer/,https://buddy.farm/page-data/i/arnold-palmer/page-data.json,,buddy-item-multi-source-v1,,
openable_reverse,Arnold Palmer,arnold palmer,Summer Basket,summer basket,5-5,https://buddy.farm/i/arnold-palmer/,https://buddy.farm/page-data/i/arnold-palmer/page-data.json,,buddy-item-multi-source-v1,,
openable_reverse,Arnold Palmer,arnold palmer,Fancy Present,fancy present,10-10,https://buddy.farm/i/arnold-palmer/,https://buddy.farm/page-data/i/arnold-palmer/page-data.json,,buddy-item-multi-source-v1,,
openable_reverse,Arnold Palmer,arnold palmer,Supply Crate 01,supply crate 01,100-100,https://buddy.farm/i/arnold-palmer/,https://buddy.farm/page-data/i/arnold-palmer/page-data.json,,buddy-item-multi-source-v1,,
openable_reverse,Arnold Palmer,arnold palmer,Birthday Present,birthday present,10-10,https://buddy.farm/i/arnold-palmer/,https://buddy.farm/page-data/i/arnold-palmer/page-data.json,,buddy-item-multi-source-v1,,
openable_reverse,Arnold Palmer,arnold palmer,Tower Prep Pack 01,tower prep pack 01,250-250,https://buddy.farm/i/arnold-palmer/,https://buddy.farm/page-data/i/arnold-palmer/page-data.json,,buddy-item-multi-source-v1,,
openable_reverse,Arnold Palmer,arnold palmer,Frozen Chest 03,frozen chest 03,125-125,https://buddy.farm/i/arnold-palmer/,https://buddy.farm/page-data/i/arnold-palmer/page-data.json,,buddy-item-multi-source-v1,,
openable_reverse,Arnold Palmer,arnold palmer,Supply Bag 01,supply bag 01,30-30,https://buddy.farm/i/arnold-palmer/,https://buddy.farm/page-data/i/arnold-palmer/page-data.json,,buddy-item-multi-source-v1,,
openable_reverse,Arnold Palmer,arnold palmer,Shiny Present,shiny present,10-10,https://buddy.farm/i/arnold-palmer/,https://buddy.farm/page-data/i/arnold-palmer/page-data.json,,buddy-item-multi-source-v1,,
openable_reverse,Arnold Palmer,arnold palmer,Heart-shaped Box 03,heart shaped box 03,125-125,https://buddy.farm/i/arnold-palmer/,https://buddy.farm/page-data/i/arnold-palmer/page-data.json,,buddy-item-multi-source-v1,,
openable_reverse,Asteroid Egg,asteroid egg,Galactic Egg Basket,galactic egg basket,1-3,https://buddy.farm/i/asteroid-egg/,https://buddy.farm/page-data/i/asteroid-egg/page-data.json,,buddy-item-multi-source-v1,,
openable_reverse,Baba Cola,baba cola,Baba's Snack Pack,baba s snack pack,3-3,https://buddy.farm/i/baba-cola/,https://buddy.farm/page-data/i/baba-cola/page-data.json,,buddy-item-multi-source-v1,,
openable_reverse,Baba Cola,baba cola,Thomas's Tavern Tote,thomas s tavern tote,3-3,https://buddy.farm/i/baba-cola/,https://buddy.farm/page-data/i/baba-cola/page-data.json,,buddy-item-multi-source-v1,,
openable_reverse,Baba's Snack Pack,baba s snack pack,Birthday Surprise Box 04,birthday surprise box 04,1-2,https://buddy.farm/i/baba-s-snack-pack/,https://buddy.farm/page-data/i/baba-s-snack-pack/page-data.json,,buddy-item-multi-source-v1,,
openable_reverse,Baba's Snack Pack,baba s snack pack,Birthday Surprise Box 05,birthday surprise box 05,1-2,https://buddy.farm/i/baba-s-snack-pack/,https://buddy.farm/page-data/i/baba-s-snack-pack/page-data.json,,buddy-item-multi-source-v1,,
openable_reverse,Backpack,backpack,Birthday Surprise Box 03,birthday surprise box 03,1-2,https://buddy.farm/i/backpack/,https://buddy.farm/page-data/i/backpack/page-data.json,,buddy-item-multi-source-v1,,
openable_reverse,Backpack,backpack,Birthday Surprise Box 05,birthday surprise box 05,1-2,https://buddy.farm/i/backpack/,https://buddy.farm/page-data/i/backpack/page-data.json,,buddy-item-multi-source-v1,,
openable_reverse,Backpack,backpack,Birthday Surprise Box 04,birthday surprise box 04,1-2,https://buddy.farm/i/backpack/,https://buddy.farm/page-data/i/backpack/page-data.json,,buddy-item-multi-source-v1,,
openable_reverse,Bacon,bacon,Treat Bag 01,treat bag 01,1-1,https://buddy.farm/i/bacon/,https://buddy.farm/page-data/i/bacon/page-data.json,,buddy-item-multi-source-v1,,
openable_reverse,Bacon,bacon,Present 01,present 01,1-1,https://buddy.farm/i/bacon/,https://buddy.farm/page-data/i/bacon/page-data.json,,buddy-item-multi-source-v1,,
openable_reverse,Bacon,bacon,Christmas Present 03,christmas present 03,30-30,https://buddy.farm/i/bacon/,https://buddy.farm/page-data/i/bacon/page-data.json,,buddy-item-multi-source-v1,,
openable_reverse,Bag of Spring Seeds,bag of spring seeds,Spring Basket 03,spring basket 03,10-10,https://buddy.farm/i/bag-of-spring-seeds/,https://buddy.farm/page-data/i/bag-of-spring-seeds/page-data.json,,buddy-item-multi-source-v1,,
openable_reverse,Bar of Silver,bar of silver,Apple Crate 02,apple crate 02,1-1,https://buddy.farm/i/bar-of-silver/,https://buddy.farm/page-data/i/bar-of-silver/page-data.json,,buddy-item-multi-source-v1,,
openable_reverse,Beatrix's Big Box of Boom,beatrix s big box of boom,Birthday Surprise Box 04,birthday surprise box 04,1-2,https://buddy.farm/i/beatrix-s-big-box-of-boom/,https://buddy.farm/page-data/i/beatrix-s-big-box-of-boom/page-data.json,,buddy-item-multi-source-v1,,
openable_reverse,Beatrix's Big Box of Boom,beatrix s big box of boom,Birthday Surprise Box 03,birthday surprise box 03,1-2,https://buddy.farm/i/beatrix-s-big-box-of-boom/,https://buddy.farm/page-data/i/beatrix-s-big-box-of-boom/page-data.json,,buddy-item-multi-source-v1,,
openable_reverse,Beatrix's Big Box of Boom,beatrix s big box of boom,Birthday Surprise Box 05,birthday surprise box 05,1-2,https://buddy.farm/i/beatrix-s-big-box-of-boom/,https://buddy.farm/page-data/i/beatrix-s-big-box-of-boom/page-data.json,,buddy-item-multi-source-v1,,
openable_reverse,Beatrix's Booming Brawl Box 01,beatrix s booming brawl box 01,Birthday Surprise Box 04,birthday surprise box 04,1-2,https://buddy.farm/i/beatrix-s-booming-brawl-box-01/,https://buddy.farm/page-data/i/beatrix-s-booming-brawl-box-01/page-data.json,,buddy-item-multi-source-v1,,
openable_reverse,Beatrix's Booming Brawl Box 01,beatrix s booming brawl box 01,Birthday Surprise Box 05,birthday surprise box 05,1-2,https://buddy.farm/i/beatrix-s-booming-brawl-box-01/,https://buddy.farm/page-data/i/beatrix-s-booming-brawl-box-01/page-data.json,,buddy-item-multi-source-v1,,
openable_reverse,Beatrix's Booming Brawl Box 02,beatrix s booming brawl box 02,Birthday Surprise Box 05,birthday surprise box 05,1-2,https://buddy.farm/i/beatrix-s-booming-brawl-box-02/,https://buddy.farm/page-data/i/beatrix-s-booming-brawl-box-02/page-data.json,,buddy-item-multi-source-v1,,
openable_reverse,Birthday Surprise Box 03,birthday surprise box 03,Birthday Surprise Box 03,birthday surprise box 03,1-1,https://buddy.farm/i/birthday-surprise-box-03/,https://buddy.farm/page-data/i/birthday-surprise-box-03/page-data.json,,buddy-item-multi-source-v1,,
openable_reverse,Birthday Surprise Box 04,birthday surprise box 04,Birthday Surprise Box 04,birthday surprise box 04,1-1,https://buddy.farm/i/birthday-surprise-box-04/,https://buddy.farm/page-data/i/birthday-surprise-box-04/page-data.json,,buddy-item-multi-source-v1,,
openable_reverse,Birthday Surprise Box 05,birthday surprise box 05,Birthday Surprise Box 05,birthday surprise box 05,1-1,https://buddy.farm/i/birthday-surprise-box-05/,https://buddy.farm/page-data/i/birthday-surprise-box-05/page-data.json,,buddy-item-multi-source-v1,,
openable_reverse,Black Hole Egg,black hole egg,Garden Crate 01,garden crate 01,1-1,https://buddy.farm/i/black-hole-egg/,https://buddy.farm/page-data/i/black-hole-egg/page-data.json,,buddy-item-multi-source-v1,,
openable_reverse,Black Hole Egg,black hole egg,Galactic Egg Basket,galactic egg basket,1-3,https://buddy.farm/i/black-hole-egg/,https://buddy.farm/page-data/i/black-hole-egg/page-data.json,,buddy-item-multi-source-v1,,
openable_reverse,Black Powder,black powder,Beatrix's Big Box of Boom,beatrix s big box of boom,200-200,https://buddy.farm/i/black-powder/,https://buddy.farm/page-data/i/black-powder/page-data.json,,buddy-item-multi-source-v1,,
openable_reverse,Blue Dye,blue dye,Summer Basket,summer basket,5-5,https://buddy.farm/i/blue-dye/,https://buddy.farm/page-data/i/blue-dye/page-data.json,,buddy-item-multi-source-v1,,
openable_reverse,Blue Feathers,blue feathers,frank's Basket,frank s basket,5-5,https://buddy.farm/i/blue-feathers/,https://buddy.farm/page-data/i/blue-feathers/page-data.json,,buddy-item-multi-source-v1,,
openable_reverse,Blue Sea Bass,blue sea bass,Christmas Present 08,christmas present 08,80-80,https://buddy.farm/i/blue-sea-bass/,https://buddy.farm/page-data/i/blue-sea-bass/page-data.json,,buddy-item-multi-source-v1,,
openable_reverse,Blue Shell,blue shell,Rosalie's Beach Tote,rosalie s beach tote,1-1,https://buddy.farm/i/blue-shell/,https://buddy.farm/page-data/i/blue-shell/page-data.json,,buddy-item-multi-source-v1,,
openable_reverse,Blue Star Stomper,blue star stomper,Beatrix's Big Box of Boom,beatrix s big box of boom,25-25,https://buddy.farm/i/blue-star-stomper/,https://buddy.farm/page-data/i/blue-star-stomper/page-data.json,,buddy-item-multi-source-v1,,
openable_reverse,Blue Star Stomper,blue star stomper,Beatrix's Booming Brawl Box 01,beatrix s booming brawl box 01,30-30,https://buddy.farm/i/blue-star-stomper/,https://buddy.farm/page-data/i/blue-star-stomper/page-data.json,,buddy-item-multi-source-v1,,
openable_reverse,Blue Star Stomper,blue star stomper,Beatrix's Booming Brawl Box 02,beatrix s booming brawl box 02,40-40,https://buddy.farm/i/blue-star-stomper/,https://buddy.farm/page-data/i/blue-star-stomper/page-data.json,,buddy-item-multi-source-v1,,
openable_reverse,Boltonic Love Potion 4,boltonic love potion 4,Heart-shaped Box 01,heart shaped box 01,2-2,https://buddy.farm/i/boltonic-love-potion-4/,https://buddy.farm/page-data/i/boltonic-love-potion-4/page-data.json,,buddy-item-multi-source-v1,,
openable_reverse,Bomb,bomb,Beatrix's Big Box of Boom,beatrix s big box of boom,10-10,https://buddy.farm/i/bomb/,https://buddy.farm/page-data/i/bomb/page-data.json,,buddy-item-multi-source-v1,,
openable_reverse,Bomb,bomb,Beatrix's Booming Brawl Box 02,beatrix s booming brawl box 02,5-5,https://buddy.farm/i/bomb/,https://buddy.farm/page-data/i/bomb/page-data.json,,buddy-item-multi-source-v1,,
openable_reverse,Bone,bone,Grab Bag 01,grab bag 01,10-50,https://buddy.farm/i/bone/,https://buddy.farm/page-data/i/bone/page-data.json,,buddy-item-multi-source-v1,,
openable_reverse,Borgen Buck,borgen buck,Borgen Bag 01,borgen bag 01,1-10,https://buddy.farm/i/borgen-buck/,https://buddy.farm/page-data/i/borgen-buck/page-data.json,,buddy-item-multi-source-v1,,
openable_reverse,Borgen Buck,borgen buck,Fancy Present,fancy present,1-1,https://buddy.farm/i/borgen-buck/,https://buddy.farm/page-data/i/borgen-buck/page-data.json,,buddy-item-multi-source-v1,,
openable_reverse,Bottle Rocket,bottle rocket,Beatrix's Big Box of Boom,beatrix s big box of boom,200-200,https://buddy.farm/i/bottle-rocket/,https://buddy.farm/page-data/i/bottle-rocket/page-data.json,,buddy-item-multi-source-v1,,
openable_reverse,Bottle Rocket,bottle rocket,Beatrix's Booming Brawl Box 01,beatrix s booming brawl box 01,250-250,https://buddy.farm/i/bottle-rocket/,https://buddy.farm/page-data/i/bottle-rocket/page-data.json,,buddy-item-multi-source-v1,,
openable_reverse,Box of Chocolate 01,box of chocolate 01,Birthday Surprise Box 03,birthday surprise box 03,1-2,https://buddy.farm/i/box-of-chocolate-01/,https://buddy.farm/page-data/i/box-of-chocolate-01/page-data.json,,buddy-item-multi-source-v1,,
openable_reverse,Box of Chocolate 01,box of chocolate 01,Birthday Surprise Box 04,birthday surprise box 04,1-2,https://buddy.farm/i/box-of-chocolate-01/,https://buddy.farm/page-data/i/box-of-chocolate-01/page-data.json,,buddy-item-multi-source-v1,,
openable_reverse,Box of Chocolate 01,box of chocolate 01,Birthday Surprise Box 05,birthday surprise box 05,1-2,https://buddy.farm/i/box-of-chocolate-01/,https://buddy.farm/page-data/i/box-of-chocolate-01/page-data.json,,buddy-item-multi-source-v1,,
openable_reverse,Box of Chocolate 02,box of chocolate 02,Birthday Surprise Box 03,birthday surprise box 03,1-2,https://buddy.farm/i/box-of-chocolate-02/,https://buddy.farm/page-data/i/box-of-chocolate-02/page-data.json,,buddy-item-multi-source-v1,,
openable_reverse,Box of Chocolate 02,box of chocolate 02,Birthday Surprise Box 04,birthday surprise box 04,1-2,https://buddy.farm/i/box-of-chocolate-02/,https://buddy.farm/page-data/i/box-of-chocolate-02/page-data.json,,buddy-item-multi-source-v1,,
openable_reverse,Box of Chocolate 02,box of chocolate 02,Birthday Surprise Box 05,birthday surprise box 05,1-2,https://buddy.farm/i/box-of-chocolate-02/,https://buddy.farm/page-data/i/box-of-chocolate-02/page-data.json,,buddy-item-multi-source-v1,,
openable_reverse,Box of Holiday Cakes,box of holiday cakes,Holiday Cheer Bundle 01,holiday cheer bundle 01,2-2,https://buddy.farm/i/box-of-holiday-cakes/,https://buddy.farm/page-data/i/box-of-holiday-cakes/page-data.json,,buddy-item-multi-source-v1,,
openable_reverse,Bread,bread,Thomas's Tavern Tote,thomas s tavern tote,3-3,https://buddy.farm/i/bread/,https://buddy.farm/page-data/i/bread/page-data.json,,buddy-item-multi-source-v1,,
openable_reverse,Breakfast Boost,breakfast boost,Harvest Bundle 01,harvest bundle 01,10-10,https://buddy.farm/i/breakfast-boost/,https://buddy.farm/page-data/i/breakfast-boost/page-data.json,,buddy-item-multi-source-v1,,
openable_reverse,Breakfast Boost,breakfast boost,Picnic Basket 01,picnic basket 01,7-7,https://buddy.farm/i/breakfast-boost/,https://buddy.farm/page-data/i/breakfast-boost/page-data.json,,buddy-item-multi-source-v1,,
openable_reverse,Buddy Doll,buddy doll,Apple Crate 02,apple crate 02,1-1,https://buddy.farm/i/buddy-doll/,https://buddy.farm/page-data/i/buddy-doll/page-data.json,,buddy-item-multi-source-v1,,
openable_reverse,Buddy Doll,buddy doll,Frozen Chest 02,frozen chest 02,1-1,https://buddy.farm/i/buddy-doll/,https://buddy.farm/page-data/i/buddy-doll/page-data.json,,buddy-item-multi-source-v1,,
openable_reverse,Buddy Doll,buddy doll,Frozen Chest 03,frozen chest 03,1-1,https://buddy.farm/i/buddy-doll/,https://buddy.farm/page-data/i/buddy-doll/page-data.json,,buddy-item-multi-source-v1,,
openable_reverse,Buddy Elf on a Shelf,buddy elf on a shelf,Holiday Cheer Bundle 01,holiday cheer bundle 01,1-1,https://buddy.farm/i/buddy-elf-on-a-shelf/,https://buddy.farm/page-data/i/buddy-elf-on-a-shelf/page-data.json,,buddy-item-multi-source-v1,,
openable_reverse,Buddy's Beach Bag,buddy s beach bag,Birthday Surprise Box 05,birthday surprise box 05,1-2,https://buddy.farm/i/buddy-s-beach-bag/,https://buddy.farm/page-data/i/buddy-s-beach-bag/page-data.json,,buddy-item-multi-source-v1,,
openable_reverse,Buddy's School Bag,buddy s school bag,Birthday Surprise Box 04,birthday surprise box 04,1-2,https://buddy.farm/i/buddy-s-school-bag/,https://buddy.farm/page-data/i/buddy-s-school-bag/page-data.json,,buddy-item-multi-source-v1,,
openable_reverse,Buddy's School Bag,buddy s school bag,Birthday Surprise Box 03,birthday surprise box 03,1-2,https://buddy.farm/i/buddy-s-school-bag/,https://buddy.farm/page-data/i/buddy-s-school-bag/page-data.json,,buddy-item-multi-source-v1,,
openable_reverse,Buddy's School Bag,buddy s school bag,Birthday Surprise Box 05,birthday surprise box 05,1-2,https://buddy.farm/i/buddy-s-school-bag/,https://buddy.farm/page-data/i/buddy-s-school-bag/page-data.json,,buddy-item-multi-source-v1,,
openable_reverse,Bunny Ears,bunny ears,frank's Basket,frank s basket,1-1,https://buddy.farm/i/bunny-ears/,https://buddy.farm/page-data/i/bunny-ears/page-data.json,,buddy-item-multi-source-v1,,
openable_reverse,Cabbage,cabbage,Baba's Snack Pack,baba s snack pack,30-30,https://buddy.farm/i/cabbage/,https://buddy.farm/page-data/i/cabbage/page-data.json,,buddy-item-multi-source-v1,,
openable_reverse,Cabbage Stew,cabbage stew,Baba's Snack Pack,baba s snack pack,1-1,https://buddy.farm/i/cabbage-stew/,https://buddy.farm/page-data/i/cabbage-stew/page-data.json,,buddy-item-multi-source-v1,,
openable_reverse,Candy,candy,Treat Bag 01,treat bag 01,5-5,https://buddy.farm/i/candy/,https://buddy.farm/page-data/i/candy/page-data.json,,buddy-item-multi-source-v1,,
openable_reverse,Candy,candy,Treat Bag 02,treat bag 02,5-5,https://buddy.farm/i/candy/,https://buddy.farm/page-data/i/candy/page-data.json,,buddy-item-multi-source-v1,,
openable_reverse,Candy,candy,Treat Bag 04,treat bag 04,5-5,https://buddy.farm/i/candy/,https://buddy.farm/page-data/i/candy/page-data.json,,buddy-item-multi-source-v1,,
openable_reverse,Candy,candy,Treat Bag 05,treat bag 05,25-25,https://buddy.farm/i/candy/,https://buddy.farm/page-data/i/candy/page-data.json,,buddy-item-multi-source-v1,,
openable_reverse,Candy Cane,candy cane,Christmas Stocking,christmas stocking,3-3,https://buddy.farm/i/candy-cane/,https://buddy.farm/page-data/i/candy-cane/page-data.json,,buddy-item-multi-source-v1,,
openable_reverse,Candy Corn,candy corn,Treat Bag 04,treat bag 04,2-2,https://buddy.farm/i/candy-corn/,https://buddy.farm/page-data/i/candy-corn/page-data.json,,buddy-item-multi-source-v1,,
openable_reverse,Candy Roll,candy roll,Christmas Stocking,christmas stocking,3-3,https://buddy.farm/i/candy-roll/,https://buddy.farm/page-data/i/candy-roll/page-data.json,,buddy-item-multi-source-v1,,
openable_reverse,Candy Roll,candy roll,Christmas Present 05,christmas present 05,50-50,https://buddy.farm/i/candy-roll/,https://buddy.farm/page-data/i/candy-roll/page-data.json,,buddy-item-multi-source-v1,,
openable_reverse,Carrot,carrot,Christmas Present 06,christmas present 06,60-60,https://buddy.farm/i/carrot/,https://buddy.farm/page-data/i/carrot/page-data.json,,buddy-item-multi-source-v1,,
openable_reverse,Carrot Seeds,carrot seeds,frank's Basket,frank s basket,12-12,https://buddy.farm/i/carrot-seeds/,https://buddy.farm/page-data/i/carrot-seeds/page-data.json,,buddy-item-multi-source-v1,,
openable_reverse,Carrot Seeds,carrot seeds,Welcome Card,welcome card,8-8,https://buddy.farm/i/carrot-seeds/,https://buddy.farm/page-data/i/carrot-seeds/page-data.json,,buddy-item-multi-source-v1,,
openable_reverse,Cat's Meow,cat s meow,Holger's Lunch Box,holger s lunch box,5-5,https://buddy.farm/i/cat-s-meow/,https://buddy.farm/page-data/i/cat-s-meow/page-data.json,,buddy-item-multi-source-v1,,
openable_reverse,Cat's Meow,cat s meow,Picnic Basket 01,picnic basket 01,7-7,https://buddy.farm/i/cat-s-meow/,https://buddy.farm/page-data/i/cat-s-meow/page-data.json,,buddy-item-multi-source-v1,,
openable_reverse,Caterpillar,caterpillar,Christmas Present 10,christmas present 10,100-100,https://buddy.farm/i/caterpillar/,https://buddy.farm/page-data/i/caterpillar/page-data.json,,buddy-item-multi-source-v1,,
openable_reverse,Caterpillar,caterpillar,Bug Bag 01,bug bag 01,1-10,https://buddy.farm/i/caterpillar/,https://buddy.farm/page-data/i/caterpillar/page-data.json,,buddy-item-multi-source-v1,,
openable_reverse,Catfish,catfish,Grab Bag 01,grab bag 01,10-25,https://buddy.farm/i/catfish/,https://buddy.farm/page-data/i/catfish/page-data.json,,buddy-item-multi-source-v1,,
openable_reverse,Chattering Teeth,chattering teeth,Treat Bag 03,treat bag 03,1-1,https://buddy.farm/i/chattering-teeth/,https://buddy.farm/page-data/i/chattering-teeth/page-data.json,,buddy-item-multi-source-v1,,
openable_reverse,Cheese,cheese,Corn Prize Bag,corn prize bag,5-5,https://buddy.farm/i/cheese/,https://buddy.farm/page-data/i/cheese/page-data.json,,buddy-item-multi-source-v1,,
openable_reverse,Cheese,cheese,Baba's Snack Pack,baba s snack pack,3-3,https://buddy.farm/i/cheese/,https://buddy.farm/page-data/i/cheese/page-data.json,,buddy-item-multi-source-v1,,
openable_reverse,Christmas Card,christmas card,Lovely Present,lovely present,3-3,https://buddy.farm/i/christmas-card/,https://buddy.farm/page-data/i/christmas-card/page-data.json,,buddy-item-multi-source-v1,,
openable_reverse,Christmas Card,christmas card,Shiny Present,shiny present,3-3,https://buddy.farm/i/christmas-card/,https://buddy.farm/page-data/i/christmas-card/page-data.json,,buddy-item-multi-source-v1,,
openable_reverse,Christmas Card,christmas card,Fancy Present,fancy present,3-3,https://buddy.farm/i/christmas-card/,https://buddy.farm/page-data/i/christmas-card/page-data.json,,buddy-item-multi-source-v1,,
openable_reverse,Clownfish,clownfish,Christmas Present 08,christmas present 08,80-80,https://buddy.farm/i/clownfish/,https://buddy.farm/page-data/i/clownfish/page-data.json,,buddy-item-multi-source-v1,,
openable_reverse,Clubs,clubs,Backpack,backpack,1-1,https://buddy.farm/i/clubs/,https://buddy.farm/page-data/i/clubs/page-data.json,,buddy-item-multi-source-v1,,
openable_reverse,Clubs,clubs,Stack of Cards,stack of cards,1-1,https://buddy.farm/i/clubs/,https://buddy.farm/page-data/i/clubs/page-data.json,,buddy-item-multi-source-v1,,
openable_reverse,Coconut Water,coconut water,Traveler's Bag 01,traveler s bag 01,1-1,https://buddy.farm/i/coconut-water/,https://buddy.farm/page-data/i/coconut-water/page-data.json,,buddy-item-multi-source-v1,,
openable_reverse,Cogwheel,cogwheel,Large Chest 02,large chest 02,2-2,https://buddy.farm/i/cogwheel/,https://buddy.farm/page-data/i/cogwheel/page-data.json,,buddy-item-multi-source-v1,,
openable_reverse,Comet Egg,comet egg,Galactic Egg Basket,galactic egg basket,1-3,https://buddy.farm/i/comet-egg/,https://buddy.farm/page-data/i/comet-egg/page-data.json,,buddy-item-multi-source-v1,,
openable_reverse,Conch Shell,conch shell,Christmas Present 08,christmas present 08,80-80,https://buddy.farm/i/conch-shell/,https://buddy.farm/page-data/i/conch-shell/page-data.json,,buddy-item-multi-source-v1,,
openable_reverse,Conch Shell,conch shell,Rosalie's Beach Tote,rosalie s beach tote,1-1,https://buddy.farm/i/conch-shell/,https://buddy.farm/page-data/i/conch-shell/page-data.json,,buddy-item-multi-source-v1,,
openable_reverse,Corn,corn,Christmas Present 04,christmas present 04,40-40,https://buddy.farm/i/corn/,https://buddy.farm/page-data/i/corn/page-data.json,,buddy-item-multi-source-v1,,
openable_reverse,Corn,corn,Cornucopia 01,cornucopia 01,25-25,https://buddy.farm/i/corn/,https://buddy.farm/page-data/i/corn/page-data.json,,buddy-item-multi-source-v1,,
openable_reverse,Corn,corn,Large Chest 03,large chest 03,10-10,https://buddy.farm/i/corn/,https://buddy.farm/page-data/i/corn/page-data.json,,buddy-item-multi-source-v1,,
openable_reverse,Corn,corn,Cornucopia 03,cornucopia 03,100-100,https://buddy.farm/i/corn/,https://buddy.farm/page-data/i/corn/page-data.json,,buddy-item-multi-source-v1,,
openable_reverse,Corn,corn,Cornucopia 02,cornucopia 02,100-100,https://buddy.farm/i/corn/,https://buddy.farm/page-data/i/corn/page-data.json,,buddy-item-multi-source-v1,,
openable_reverse,Cornucopia 01,cornucopia 01,Birthday Surprise Box 03,birthday surprise box 03,1-2,https://buddy.farm/i/cornucopia-01/,https://buddy.farm/page-data/i/cornucopia-01/page-data.json,,buddy-item-multi-source-v1,,
openable_reverse,Cornucopia 01,cornucopia 01,Birthday Surprise Box 04,birthday surprise box 04,1-2,https://buddy.farm/i/cornucopia-01/,https://buddy.farm/page-data/i/cornucopia-01/page-data.json,,buddy-item-multi-source-v1,,
openable_reverse,Cornucopia 01,cornucopia 01,Birthday Surprise Box 05,birthday surprise box 05,1-2,https://buddy.farm/i/cornucopia-01/,https://buddy.farm/page-data/i/cornucopia-01/page-data.json,,buddy-item-multi-source-v1,,
openable_reverse,Cornucopia 02,cornucopia 02,Birthday Surprise Box 04,birthday surprise box 04,1-2,https://buddy.farm/i/cornucopia-02/,https://buddy.farm/page-data/i/cornucopia-02/page-data.json,,buddy-item-multi-source-v1,,
openable_reverse,Cornucopia 02,cornucopia 02,Birthday Surprise Box 03,birthday surprise box 03,1-2,https://buddy.farm/i/cornucopia-02/,https://buddy.farm/page-data/i/cornucopia-02/page-data.json,,buddy-item-multi-source-v1,,
openable_reverse,Cornucopia 02,cornucopia 02,Birthday Surprise Box 05,birthday surprise box 05,1-2,https://buddy.farm/i/cornucopia-02/,https://buddy.farm/page-data/i/cornucopia-02/page-data.json,,buddy-item-multi-source-v1,,
openable_reverse,Cornucopia 03,cornucopia 03,Birthday Surprise Box 05,birthday surprise box 05,1-2,https://buddy.farm/i/cornucopia-03/,https://buddy.farm/page-data/i/cornucopia-03/page-data.json,,buddy-item-multi-source-v1,,
openable_reverse,Cotton,cotton,Lovely Present,lovely present,2-2,https://buddy.farm/i/cotton/,https://buddy.farm/page-data/i/cotton/page-data.json,,buddy-item-multi-source-v1,,
openable_reverse,Cotton,cotton,Fall Basket,fall basket,2-2,https://buddy.farm/i/cotton/,https://buddy.farm/page-data/i/cotton/page-data.json,,buddy-item-multi-source-v1,,
openable_reverse,Crab Claw,crab claw,Corn Prize Bag,corn prize bag,10-10,https://buddy.farm/i/crab-claw/,https://buddy.farm/page-data/i/crab-claw/page-data.json,,buddy-item-multi-source-v1,,
openable_reverse,Cranberry Juice,cranberry juice,Tower Prep Pack 01,tower prep pack 01,1-1,https://buddy.farm/i/cranberry-juice/,https://buddy.farm/page-data/i/cranberry-juice/page-data.json,,buddy-item-multi-source-v1,,
openable_reverse,Cranberry Juice,cranberry juice,Spring Basket 02,spring basket 02,1-1,https://buddy.farm/i/cranberry-juice/,https://buddy.farm/page-data/i/cranberry-juice/page-data.json,,buddy-item-multi-source-v1,,
openable_reverse,Cranberry Juice,cranberry juice,Cornucopia 03,cornucopia 03,1-1,https://buddy.farm/i/cranberry-juice/,https://buddy.farm/page-data/i/cranberry-juice/page-data.json,,buddy-item-multi-source-v1,,
openable_reverse,Cranberry Juice,cranberry juice,Thomas's Tavern Tote,thomas s tavern tote,1-1,https://buddy.farm/i/cranberry-juice/,https://buddy.farm/page-data/i/cranberry-juice/page-data.json,,buddy-item-multi-source-v1,,
openable_reverse,Cranberry Juice,cranberry juice,Cornucopia 02,cornucopia 02,1-1,https://buddy.farm/i/cranberry-juice/,https://buddy.farm/page-data/i/cranberry-juice/page-data.json,,buddy-item-multi-source-v1,,
openable_reverse,Cranberry Juice,cranberry juice,Traveler's Bag 01,traveler s bag 01,1-1,https://buddy.farm/i/cranberry-juice/,https://buddy.farm/page-data/i/cranberry-juice/page-data.json,,buddy-item-multi-source-v1,,
openable_reverse,Cricket,cricket,Bug Bag 01,bug bag 01,1-10,https://buddy.farm/i/cricket/,https://buddy.farm/page-data/i/cricket/page-data.json,,buddy-item-multi-source-v1,,
openable_reverse,Crunchy Omelette,crunchy omelette,Magical Chest 02,magical chest 02,3-3,https://buddy.farm/i/crunchy-omelette/,https://buddy.farm/page-data/i/crunchy-omelette/page-data.json,,buddy-item-multi-source-v1,,
openable_reverse,Crunchy Omelette,crunchy omelette,Magical Chest 01,magical chest 01,1-1,https://buddy.farm/i/crunchy-omelette/,https://buddy.farm/page-data/i/crunchy-omelette/page-data.json,,buddy-item-multi-source-v1,,
openable_reverse,Cucumber,cucumber,Christmas Present 06,christmas present 06,60-60,https://buddy.farm/i/cucumber/,https://buddy.farm/page-data/i/cucumber/page-data.json,,buddy-item-multi-source-v1,,
openable_reverse,Cupid Buddy Doll,cupid buddy doll,Buddy Doll Bag 02,buddy doll bag 02,1-1,https://buddy.farm/i/cupid-buddy-doll/,https://buddy.farm/page-data/i/cupid-buddy-doll/page-data.json,,buddy-item-multi-source-v1,,
openable_reverse,Cyclops Spider,cyclops spider,Bug Bag 01,bug bag 01,1-10,https://buddy.farm/i/cyclops-spider/,https://buddy.farm/page-data/i/cyclops-spider/page-data.json,,buddy-item-multi-source-v1,,
openable_reverse,Diamonds,diamonds,Backpack,backpack,1-1,https://buddy.farm/i/diamonds/,https://buddy.farm/page-data/i/diamonds/page-data.json,,buddy-item-multi-source-v1,,
openable_reverse,Diamonds,diamonds,Stack of Cards,stack of cards,1-1,https://buddy.farm/i/diamonds/,https://buddy.farm/page-data/i/diamonds/page-data.json,,buddy-item-multi-source-v1,,
openable_reverse,Donner,donner,Christmas Stocking,christmas stocking,1-1,https://buddy.farm/i/donner/,https://buddy.farm/page-data/i/donner/page-data.json,,buddy-item-multi-source-v1,,
openable_reverse,Dragonfly,dragonfly,Bug Bag 01,bug bag 01,1-10,https://buddy.farm/i/dragonfly/,https://buddy.farm/page-data/i/dragonfly/page-data.json,,buddy-item-multi-source-v1,,
openable_reverse,Drink Bundle,drink bundle,Beatrix's Booming Brawl Box 02,beatrix s booming brawl box 02,5-5,https://buddy.farm/i/drink-bundle/,https://buddy.farm/page-data/i/drink-bundle/page-data.json,,buddy-item-multi-source-v1,,
openable_reverse,Egg 01,egg 01,Egg Basket,egg basket,1-5,https://buddy.farm/i/egg-01/,https://buddy.farm/page-data/i/egg-01/page-data.json,,buddy-item-multi-source-v1,,
openable_reverse,Egg 02,egg 02,Egg Basket,egg basket,1-5,https://buddy.farm/i/egg-02/,https://buddy.farm/page-data/i/egg-02/page-data.json,,buddy-item-multi-source-v1,,
openable_reverse,Egg 03,egg 03,Egg Basket,egg basket,1-5,https://buddy.farm/i/egg-03/,https://buddy.farm/page-data/i/egg-03/page-data.json,,buddy-item-multi-source-v1,,
openable_reverse,Egg 04,egg 04,Egg Basket,egg basket,1-5,https://buddy.farm/i/egg-04/,https://buddy.farm/page-data/i/egg-04/page-data.json,,buddy-item-multi-source-v1,,
openable_reverse,Egg 05,egg 05,Egg Basket,egg basket,1-5,https://buddy.farm/i/egg-05/,https://buddy.farm/page-data/i/egg-05/page-data.json,,buddy-item-multi-source-v1,,
openable_reverse,Egg 06,egg 06,frank's Basket,frank s basket,1-1,https://buddy.farm/i/egg-06/,https://buddy.farm/page-data/i/egg-06/page-data.json,,buddy-item-multi-source-v1,,
openable_reverse,Egg 06,egg 06,Egg Basket,egg basket,1-5,https://buddy.farm/i/egg-06/,https://buddy.farm/page-data/i/egg-06/page-data.json,,buddy-item-multi-source-v1,,
openable_reverse,Egg 07,egg 07,Egg Basket,egg basket,1-5,https://buddy.farm/i/egg-07/,https://buddy.farm/page-data/i/egg-07/page-data.json,,buddy-item-multi-source-v1,,
openable_reverse,Egg 08,egg 08,Egg Basket,egg basket,1-5,https://buddy.farm/i/egg-08/,https://buddy.farm/page-data/i/egg-08/page-data.json,,buddy-item-multi-source-v1,,
openable_reverse,Egg 09,egg 09,Egg Basket,egg basket,1-5,https://buddy.farm/i/egg-09/,https://buddy.farm/page-data/i/egg-09/page-data.json,,buddy-item-multi-source-v1,,
openable_reverse,Egg 10,egg 10,Egg Basket,egg basket,1-5,https://buddy.farm/i/egg-10/,https://buddy.farm/page-data/i/egg-10/page-data.json,,buddy-item-multi-source-v1,,
openable_reverse,Egg 11,egg 11,Egg Basket,egg basket,1-5,https://buddy.farm/i/egg-11/,https://buddy.farm/page-data/i/egg-11/page-data.json,,buddy-item-multi-source-v1,,
openable_reverse,Egg 12,egg 12,Egg Basket,egg basket,1-5,https://buddy.farm/i/egg-12/,https://buddy.farm/page-data/i/egg-12/page-data.json,,buddy-item-multi-source-v1,,
openable_reverse,Egg Basket,egg basket,Magical Chest 01,magical chest 01,3-3,https://buddy.farm/i/egg-basket/,https://buddy.farm/page-data/i/egg-basket/page-data.json,,buddy-item-multi-source-v1,,
openable_reverse,Egg Basket,egg basket,Magical Chest 02,magical chest 02,5-5,https://buddy.farm/i/egg-basket/,https://buddy.farm/page-data/i/egg-basket/page-data.json,,buddy-item-multi-source-v1,,
openable_reverse,Egg Basket,egg basket,Garden Crate 01,garden crate 01,10-10,https://buddy.farm/i/egg-basket/,https://buddy.farm/page-data/i/egg-basket/page-data.json,,buddy-item-multi-source-v1,,
openable_reverse,Egg of Ages,egg of ages,Magical Egg Basket,magical egg basket,1-3,https://buddy.farm/i/egg-of-ages/,https://buddy.farm/page-data/i/egg-of-ages/page-data.json,,buddy-item-multi-source-v1,,
openable_reverse,Egg of Air,egg of air,Magical Egg Basket,magical egg basket,1-3,https://buddy.farm/i/egg-of-air/,https://buddy.farm/page-data/i/egg-of-air/page-data.json,,buddy-item-multi-source-v1,,
openable_reverse,Egg of Chaos,egg of chaos,Magical Egg Basket,magical egg basket,1-3,https://buddy.farm/i/egg-of-chaos/,https://buddy.farm/page-data/i/egg-of-chaos/page-data.json,,buddy-item-multi-source-v1,,
openable_reverse,Egg of Chaos,egg of chaos,Magical Chest 01,magical chest 01,1-1,https://buddy.farm/i/egg-of-chaos/,https://buddy.farm/page-data/i/egg-of-chaos/page-data.json,,buddy-item-multi-source-v1,,
openable_reverse,Egg of Earth,egg of earth,Magical Egg Basket,magical egg basket,1-3,https://buddy.farm/i/egg-of-earth/,https://buddy.farm/page-data/i/egg-of-earth/page-data.json,,buddy-item-multi-source-v1,,
openable_reverse,Egg of Fire,egg of fire,Magical Egg Basket,magical egg basket,1-3,https://buddy.farm/i/egg-of-fire/,https://buddy.farm/page-data/i/egg-of-fire/page-data.json,,buddy-item-multi-source-v1,,
openable_reverse,Egg of Life,egg of life,Magical Egg Basket,magical egg basket,1-3,https://buddy.farm/i/egg-of-life/,https://buddy.farm/page-data/i/egg-of-life/page-data.json,,buddy-item-multi-source-v1,,
openable_reverse,Egg of Light,egg of light,Magical Egg Basket,magical egg basket,1-3,https://buddy.farm/i/egg-of-light/,https://buddy.farm/page-data/i/egg-of-light/page-data.json,,buddy-item-multi-source-v1,,
openable_reverse,Egg of Shadow,egg of shadow,Magical Egg Basket,magical egg basket,1-3,https://buddy.farm/i/egg-of-shadow/,https://buddy.farm/page-data/i/egg-of-shadow/page-data.json,,buddy-item-multi-source-v1,,
openable_reverse,Egg of Space,egg of space,Magical Egg Basket,magical egg basket,1-3,https://buddy.farm/i/egg-of-space/,https://buddy.farm/page-data/i/egg-of-space/page-data.json,,buddy-item-multi-source-v1,,
openable_reverse,Egg of Tree,egg of tree,Spring Basket 03,spring basket 03,50-50,https://buddy.farm/i/egg-of-tree/,https://buddy.farm/page-data/i/egg-of-tree/page-data.json,,buddy-item-multi-source-v1,,
openable_reverse,Egg of Water,egg of water,Magical Egg Basket,magical egg basket,1-3,https://buddy.farm/i/egg-of-water/,https://buddy.farm/page-data/i/egg-of-water/page-data.json,,buddy-item-multi-source-v1,,
openable_reverse,Eggplant,eggplant,Christmas Present 06,christmas present 06,60-60,https://buddy.farm/i/eggplant/,https://buddy.farm/page-data/i/eggplant/page-data.json,,buddy-item-multi-source-v1,,
openable_reverse,Egyptian Necklace,egyptian necklace,Mystical Chest 01,mystical chest 01,1-1,https://buddy.farm/i/egyptian-necklace/,https://buddy.farm/page-data/i/egyptian-necklace/page-data.json,,buddy-item-multi-source-v1,,
openable_reverse,Emerald,emerald,Large Chest 01,large chest 01,50-50,https://buddy.farm/i/emerald/,https://buddy.farm/page-data/i/emerald/page-data.json,,buddy-item-multi-source-v1,,
openable_reverse,Emerald,emerald,Small Chest 01,small chest 01,10-10,https://buddy.farm/i/emerald/,https://buddy.farm/page-data/i/emerald/page-data.json,,buddy-item-multi-source-v1,,
openable_reverse,Emerald Ring,emerald ring,Medium Chest 02,medium chest 02,5-5,https://buddy.farm/i/emerald-ring/,https://buddy.farm/page-data/i/emerald-ring/page-data.json,,buddy-item-multi-source-v1,,
openable_reverse,Event Token,event token,Event Token Purse,event token purse,200-200,https://buddy.farm/i/event-token/,https://buddy.farm/page-data/i/event-token/page-data.json,,buddy-item-multi-source-v1,,
openable_reverse,Event Token Purse,event token purse,Beatrix's Booming Brawl Box 02,beatrix s booming brawl box 02,3-3,https://buddy.farm/i/event-token-purse/,https://buddy.farm/page-data/i/event-token-purse/page-data.json,,buddy-item-multi-source-v1,,
openable_reverse,Explosive,explosive,Beatrix's Big Box of Boom,beatrix s big box of boom,200-200,https://buddy.farm/i/explosive/,https://buddy.farm/page-data/i/explosive/page-data.json,,buddy-item-multi-source-v1,,
openable_reverse,Explosive,explosive,Beatrix's Booming Brawl Box 01,beatrix s booming brawl box 01,250-250,https://buddy.farm/i/explosive/,https://buddy.farm/page-data/i/explosive/page-data.json,,buddy-item-multi-source-v1,,
openable_reverse,Fall Basket,fall basket,Birthday Surprise Box 03,birthday surprise box 03,1-2,https://buddy.farm/i/fall-basket/,https://buddy.farm/page-data/i/fall-basket/page-data.json,,buddy-item-multi-source-v1,,
openable_reverse,Fall Basket,fall basket,Birthday Surprise Box 04,birthday surprise box 04,1-2,https://buddy.farm/i/fall-basket/,https://buddy.farm/page-data/i/fall-basket/page-data.json,,buddy-item-multi-source-v1,,
openable_reverse,Fall Basket,fall basket,Birthday Surprise Box 05,birthday surprise box 05,1-2,https://buddy.farm/i/fall-basket/,https://buddy.farm/page-data/i/fall-basket/page-data.json,,buddy-item-multi-source-v1,,
openable_reverse,Fancy Present,fancy present,Birthday Surprise Box 04,birthday surprise box 04,1-2,https://buddy.farm/i/fancy-present/,https://buddy.farm/page-data/i/fancy-present/page-data.json,,buddy-item-multi-source-v1,,
openable_reverse,Fancy Present,fancy present,Birthday Surprise Box 03,birthday surprise box 03,1-2,https://buddy.farm/i/fancy-present/,https://buddy.farm/page-data/i/fancy-present/page-data.json,,buddy-item-multi-source-v1,,
openable_reverse,Fancy Present,fancy present,Birthday Surprise Box 05,birthday surprise box 05,1-2,https://buddy.farm/i/fancy-present/,https://buddy.farm/page-data/i/fancy-present/page-data.json,,buddy-item-multi-source-v1,,
openable_reverse,Festive Eggnog,festive eggnog,Box of Holiday Cakes,box of holiday cakes,1-1,https://buddy.farm/i/festive-eggnog/,https://buddy.farm/page-data/i/festive-eggnog/page-data.json,,buddy-item-multi-source-v1,,
openable_reverse,Fire Ant,fire ant,Grab Bag 02,grab bag 02,10-25,https://buddy.farm/i/fire-ant/,https://buddy.farm/page-data/i/fire-ant/page-data.json,,buddy-item-multi-source-v1,,
openable_reverse,Fire Ant,fire ant,Bug Bag 01,bug bag 01,1-10,https://buddy.farm/i/fire-ant/,https://buddy.farm/page-data/i/fire-ant/page-data.json,,buddy-item-multi-source-v1,,
openable_reverse,Fireworks,fireworks,Summer Basket,summer basket,2-2,https://buddy.farm/i/fireworks/,https://buddy.farm/page-data/i/fireworks/page-data.json,,buddy-item-multi-source-v1,,
openable_reverse,Fireworks,fireworks,Beatrix's Big Box of Boom,beatrix s big box of boom,100-100,https://buddy.farm/i/fireworks/,https://buddy.farm/page-data/i/fireworks/page-data.json,,buddy-item-multi-source-v1,,
openable_reverse,Fireworks,fireworks,Beatrix's Booming Brawl Box 01,beatrix s booming brawl box 01,150-150,https://buddy.farm/i/fireworks/,https://buddy.farm/page-data/i/fireworks/page-data.json,,buddy-item-multi-source-v1,,
openable_reverse,Fireworks,fireworks,Beatrix's Booming Brawl Box 02,beatrix s booming brawl box 02,150-150,https://buddy.farm/i/fireworks/,https://buddy.farm/page-data/i/fireworks/page-data.json,,buddy-item-multi-source-v1,,
openable_reverse,Fish and Chips,fish and chips,Thomas's Tavern Tote,thomas s tavern tote,5-5,https://buddy.farm/i/fish-and-chips/,https://buddy.farm/page-data/i/fish-and-chips/page-data.json,,buddy-item-multi-source-v1,,
openable_reverse,Fish Biscuit,fish biscuit,Frozen Chest 02,frozen chest 02,1-1,https://buddy.farm/i/fish-biscuit/,https://buddy.farm/page-data/i/fish-biscuit/page-data.json,,buddy-item-multi-source-v1,,
openable_reverse,Fish Biscuit,fish biscuit,Frozen Chest 03,frozen chest 03,1-1,https://buddy.farm/i/fish-biscuit/,https://buddy.farm/page-data/i/fish-biscuit/page-data.json,,buddy-item-multi-source-v1,,
openable_reverse,Fish Flakes,fish flakes,Traveler's Bag 01,traveler s bag 01,10-10,https://buddy.farm/i/fish-flakes/,https://buddy.farm/page-data/i/fish-flakes/page-data.json,,buddy-item-multi-source-v1,,
openable_reverse,Fishing Net,fishing net,Winter Basket,winter basket,25-25,https://buddy.farm/i/fishing-net/,https://buddy.farm/page-data/i/fishing-net/page-data.json,,buddy-item-multi-source-v1,,
openable_reverse,Fishing Net,fishing net,Christmas Present 05,christmas present 05,50-50,https://buddy.farm/i/fishing-net/,https://buddy.farm/page-data/i/fishing-net/page-data.json,,buddy-item-multi-source-v1,,
openable_reverse,Fishing Net,fishing net,Grab Bag 06,grab bag 06,10-20,https://buddy.farm/i/fishing-net/,https://buddy.farm/page-data/i/fishing-net/page-data.json,,buddy-item-multi-source-v1,,
openable_reverse,Fishing Net,fishing net,Christmas Present 03,christmas present 03,30-30,https://buddy.farm/i/fishing-net/,https://buddy.farm/page-data/i/fishing-net/page-data.json,,buddy-item-multi-source-v1,,
openable_reverse,Fishing Net,fishing net,Gift Basket 02,gift basket 02,100-100,https://buddy.farm/i/fishing-net/,https://buddy.farm/page-data/i/fishing-net/page-data.json,,buddy-item-multi-source-v1,,
openable_reverse,Fishing Net,fishing net,Gift Basket 01,gift basket 01,25-25,https://buddy.farm/i/fishing-net/,https://buddy.farm/page-data/i/fishing-net/page-data.json,,buddy-item-multi-source-v1,,
openable_reverse,Fishing Net,fishing net,Medium Chest 03,medium chest 03,2-2,https://buddy.farm/i/fishing-net/,https://buddy.farm/page-data/i/fishing-net/page-data.json,,buddy-item-multi-source-v1,,
openable_reverse,Fishing Net,fishing net,Birthday Present,birthday present,100-100,https://buddy.farm/i/fishing-net/,https://buddy.farm/page-data/i/fishing-net/page-data.json,,buddy-item-multi-source-v1,,
openable_reverse,Fishing Net,fishing net,Tackle Box,tackle box,25-25,https://buddy.farm/i/fishing-net/,https://buddy.farm/page-data/i/fishing-net/page-data.json,,buddy-item-multi-source-v1,,
openable_reverse,Five Point Mace,five point mace,Friendship Bag 01,friendship bag 01,1-3,https://buddy.farm/i/five-point-mace/,https://buddy.farm/page-data/i/five-point-mace/page-data.json,,buddy-item-multi-source-v1,,
openable_reverse,Flier,flier,Christmas Present 08,christmas present 08,80-80,https://buddy.farm/i/flier/,https://buddy.farm/page-data/i/flier/page-data.json,,buddy-item-multi-source-v1,,
openable_reverse,frank's Basket,frank s basket,Birthday Surprise Box 03,birthday surprise box 03,1-2,https://buddy.farm/i/frank-s-basket/,https://buddy.farm/page-data/i/frank-s-basket/page-data.json,,buddy-item-multi-source-v1,,
openable_reverse,frank's Basket,frank s basket,Birthday Surprise Box 04,birthday surprise box 04,1-2,https://buddy.farm/i/frank-s-basket/,https://buddy.farm/page-data/i/frank-s-basket/page-data.json,,buddy-item-multi-source-v1,,
openable_reverse,frank's Basket,frank s basket,Birthday Surprise Box 05,birthday surprise box 05,1-2,https://buddy.farm/i/frank-s-basket/,https://buddy.farm/page-data/i/frank-s-basket/page-data.json,,buddy-item-multi-source-v1,,
openable_reverse,frank's Bunny Mask,frank s bunny mask,Magical Chest 02,magical chest 02,1-1,https://buddy.farm/i/frank-s-bunny-mask/,https://buddy.farm/page-data/i/frank-s-bunny-mask/page-data.json,,buddy-item-multi-source-v1,,
openable_reverse,Frozen Bouquet,frozen bouquet,Frozen Chest 01,frozen chest 01,2-2,https://buddy.farm/i/frozen-bouquet/,https://buddy.farm/page-data/i/frozen-bouquet/page-data.json,,buddy-item-multi-source-v1,,
openable_reverse,Frozen Buddy Doll,frozen buddy doll,Buddy Doll Bag 02,buddy doll bag 02,1-1,https://buddy.farm/i/frozen-buddy-doll/,https://buddy.farm/page-data/i/frozen-buddy-doll/page-data.json,,buddy-item-multi-source-v1,,
openable_reverse,Frozen Cabbage,frozen cabbage,Winter Basket,winter basket,4-4,https://buddy.farm/i/frozen-cabbage/,https://buddy.farm/page-data/i/frozen-cabbage/page-data.json,,buddy-item-multi-source-v1,,
openable_reverse,Frozen Cabbage,frozen cabbage,Frozen Chest 02,frozen chest 02,10-10,https://buddy.farm/i/frozen-cabbage/,https://buddy.farm/page-data/i/frozen-cabbage/page-data.json,,buddy-item-multi-source-v1,,
openable_reverse,Frozen Cabbage,frozen cabbage,Frozen Chest 01,frozen chest 01,10-10,https://buddy.farm/i/frozen-cabbage/,https://buddy.farm/page-data/i/frozen-cabbage/page-data.json,,buddy-item-multi-source-v1,,
openable_reverse,Frozen Chest 01,frozen chest 01,Birthday Surprise Box 04,birthday surprise box 04,1-2,https://buddy.farm/i/frozen-chest-01/,https://buddy.farm/page-data/i/frozen-chest-01/page-data.json,,buddy-item-multi-source-v1,,
openable_reverse,Frozen Chest 01,frozen chest 01,Birthday Surprise Box 03,birthday surprise box 03,1-2,https://buddy.farm/i/frozen-chest-01/,https://buddy.farm/page-data/i/frozen-chest-01/page-data.json,,buddy-item-multi-source-v1,,
openable_reverse,Frozen Chest 01,frozen chest 01,Birthday Surprise Box 05,birthday surprise box 05,1-2,https://buddy.farm/i/frozen-chest-01/,https://buddy.farm/page-data/i/frozen-chest-01/page-data.json,,buddy-item-multi-source-v1,,
openable_reverse,Frozen Chest 02,frozen chest 02,Birthday Surprise Box 04,birthday surprise box 04,1-2,https://buddy.farm/i/frozen-chest-02/,https://buddy.farm/page-data/i/frozen-chest-02/page-data.json,,buddy-item-multi-source-v1,,
openable_reverse,Frozen Chest 02,frozen chest 02,Birthday Surprise Box 05,birthday surprise box 05,1-2,https://buddy.farm/i/frozen-chest-02/,https://buddy.farm/page-data/i/frozen-chest-02/page-data.json,,buddy-item-multi-source-v1,,
openable_reverse,Frozen Chest 03,frozen chest 03,Birthday Surprise Box 05,birthday surprise box 05,1-2,https://buddy.farm/i/frozen-chest-03/,https://buddy.farm/page-data/i/frozen-chest-03/page-data.json,,buddy-item-multi-source-v1,,
openable_reverse,Frozen Corn,frozen corn,Frozen Chest 01,frozen chest 01,3-3,https://buddy.farm/i/frozen-corn/,https://buddy.farm/page-data/i/frozen-corn/page-data.json,,buddy-item-multi-source-v1,,
openable_reverse,Frozen Hops,frozen hops,Frozen Chest 03,frozen chest 03,50-50,https://buddy.farm/i/frozen-hops/,https://buddy.farm/page-data/i/frozen-hops/page-data.json,,buddy-item-multi-source-v1,,
openable_reverse,Frozen Peas,frozen peas,Winter Basket,winter basket,10-10,https://buddy.farm/i/frozen-peas/,https://buddy.farm/page-data/i/frozen-peas/page-data.json,,buddy-item-multi-source-v1,,
openable_reverse,Frozen Peas,frozen peas,Frozen Chest 01,frozen chest 01,50-50,https://buddy.farm/i/frozen-peas/,https://buddy.farm/page-data/i/frozen-peas/page-data.json,,buddy-item-multi-source-v1,,
openable_reverse,Frozen Pine,frozen pine,Winter Basket,winter basket,3-3,https://buddy.farm/i/frozen-pine/,https://buddy.farm/page-data/i/frozen-pine/page-data.json,,buddy-item-multi-source-v1,,
openable_reverse,Frozen Pine,frozen pine,Frozen Chest 01,frozen chest 01,5-5,https://buddy.farm/i/frozen-pine/,https://buddy.farm/page-data/i/frozen-pine/page-data.json,,buddy-item-multi-source-v1,,
openable_reverse,Frozen Radish,frozen radish,Frozen Chest 02,frozen chest 02,50-50,https://buddy.farm/i/frozen-radish/,https://buddy.farm/page-data/i/frozen-radish/page-data.json,,buddy-item-multi-source-v1,,
openable_reverse,Frozen Tomato,frozen tomato,Frozen Chest 02,frozen chest 02,30-30,https://buddy.farm/i/frozen-tomato/,https://buddy.farm/page-data/i/frozen-tomato/page-data.json,,buddy-item-multi-source-v1,,
openable_reverse,Frozen Tomato,frozen tomato,Frozen Chest 01,frozen chest 01,30-30,https://buddy.farm/i/frozen-tomato/,https://buddy.farm/page-data/i/frozen-tomato/page-data.json,,buddy-item-multi-source-v1,,
openable_reverse,Fruit Punch,fruit punch,Tower Prep Pack 01,tower prep pack 01,6-6,https://buddy.farm/i/fruit-punch/,https://buddy.farm/page-data/i/fruit-punch/page-data.json,,buddy-item-multi-source-v1,,
openable_reverse,Fruit Punch,fruit punch,Holger's Lunch Box,holger s lunch box,3-3,https://buddy.farm/i/fruit-punch/,https://buddy.farm/page-data/i/fruit-punch/page-data.json,,buddy-item-multi-source-v1,,
openable_reverse,Fuzzy Chick 01,fuzzy chick 01,Fuzzy Egg,fuzzy egg,1-3,https://buddy.farm/i/fuzzy-chick-01/,https://buddy.farm/page-data/i/fuzzy-chick-01/page-data.json,,buddy-item-multi-source-v1,,
openable_reverse,Fuzzy Chick 02,fuzzy chick 02,Fuzzy Egg,fuzzy egg,1-3,https://buddy.farm/i/fuzzy-chick-02/,https://buddy.farm/page-data/i/fuzzy-chick-02/page-data.json,,buddy-item-multi-source-v1,,
openable_reverse,Fuzzy Chick 03,fuzzy chick 03,Fuzzy Egg,fuzzy egg,1-3,https://buddy.farm/i/fuzzy-chick-03/,https://buddy.farm/page-data/i/fuzzy-chick-03/page-data.json,,buddy-item-multi-source-v1,,
openable_reverse,Fuzzy Chick 04,fuzzy chick 04,Fuzzy Egg,fuzzy egg,1-3,https://buddy.farm/i/fuzzy-chick-04/,https://buddy.farm/page-data/i/fuzzy-chick-04/page-data.json,,buddy-item-multi-source-v1,,
openable_reverse,Fuzzy Chick 05,fuzzy chick 05,Fuzzy Egg,fuzzy egg,1-3,https://buddy.farm/i/fuzzy-chick-05/,https://buddy.farm/page-data/i/fuzzy-chick-05/page-data.json,,buddy-item-multi-source-v1,,
openable_reverse,Fuzzy Chick 06,fuzzy chick 06,Fuzzy Egg,fuzzy egg,1-3,https://buddy.farm/i/fuzzy-chick-06/,https://buddy.farm/page-data/i/fuzzy-chick-06/page-data.json,,buddy-item-multi-source-v1,,
openable_reverse,Fuzzy Chick 07,fuzzy chick 07,Fuzzy Egg,fuzzy egg,1-3,https://buddy.farm/i/fuzzy-chick-07/,https://buddy.farm/page-data/i/fuzzy-chick-07/page-data.json,,buddy-item-multi-source-v1,,
openable_reverse,Fuzzy Chick 08,fuzzy chick 08,Fuzzy Egg,fuzzy egg,1-3,https://buddy.farm/i/fuzzy-chick-08/,https://buddy.farm/page-data/i/fuzzy-chick-08/page-data.json,,buddy-item-multi-source-v1,,
openable_reverse,Fuzzy Chick 09,fuzzy chick 09,Fuzzy Egg,fuzzy egg,1-3,https://buddy.farm/i/fuzzy-chick-09/,https://buddy.farm/page-data/i/fuzzy-chick-09/page-data.json,,buddy-item-multi-source-v1,,
openable_reverse,Fuzzy Chick 10,fuzzy chick 10,Fuzzy Egg,fuzzy egg,1-3,https://buddy.farm/i/fuzzy-chick-10/,https://buddy.farm/page-data/i/fuzzy-chick-10/page-data.json,,buddy-item-multi-source-v1,,
openable_reverse,Fuzzy Chick 11,fuzzy chick 11,Fuzzy Egg,fuzzy egg,1-3,https://buddy.farm/i/fuzzy-chick-11/,https://buddy.farm/page-data/i/fuzzy-chick-11/page-data.json,,buddy-item-multi-source-v1,,
openable_reverse,Fuzzy Chick 12,fuzzy chick 12,Magical Chest 02,magical chest 02,3-3,https://buddy.farm/i/fuzzy-chick-12/,https://buddy.farm/page-data/i/fuzzy-chick-12/page-data.json,,buddy-item-multi-source-v1,,
openable_reverse,Fuzzy Chick 12,fuzzy chick 12,Fuzzy Egg,fuzzy egg,1-3,https://buddy.farm/i/fuzzy-chick-12/,https://buddy.farm/page-data/i/fuzzy-chick-12/page-data.json,,buddy-item-multi-source-v1,,
openable_reverse,Fuzzy Egg,fuzzy egg,Garden Crate 01,garden crate 01,10-10,https://buddy.farm/i/fuzzy-egg/,https://buddy.farm/page-data/i/fuzzy-egg/page-data.json,,buddy-item-multi-source-v1,,
openable_reverse,Garden Claw,garden claw,Garden Crate 01,garden crate 01,1-1,https://buddy.farm/i/garden-claw/,https://buddy.farm/page-data/i/garden-claw/page-data.json,,buddy-item-multi-source-v1,,
openable_reverse,Garden Crate 01,garden crate 01,Birthday Surprise Box 05,birthday surprise box 05,1-2,https://buddy.farm/i/garden-crate-01/,https://buddy.farm/page-data/i/garden-crate-01/page-data.json,,buddy-item-multi-source-v1,,
openable_reverse,Garden Trowel,garden trowel,Garden Crate 01,garden crate 01,1-1,https://buddy.farm/i/garden-trowel/,https://buddy.farm/page-data/i/garden-trowel/page-data.json,,buddy-item-multi-source-v1,,
openable_reverse,Gare Bear,gare bear,Heart-shaped Box 02,heart shaped box 02,1-1,https://buddy.farm/i/gare-bear/,https://buddy.farm/page-data/i/gare-bear/page-data.json,,buddy-item-multi-source-v1,,
openable_reverse,Gare Bear,gare bear,Heart-shaped Box 03,heart shaped box 03,1-1,https://buddy.farm/i/gare-bear/,https://buddy.farm/page-data/i/gare-bear/page-data.json,,buddy-item-multi-source-v1,,
openable_reverse,Garnet Ring,garnet ring,Box of Chocolate 01,box of chocolate 01,1-1,https://buddy.farm/i/garnet-ring/,https://buddy.farm/page-data/i/garnet-ring/page-data.json,,buddy-item-multi-source-v1,,
openable_reverse,Ghost Buddy Doll,ghost buddy doll,Buddy Doll Bag 01,buddy doll bag 01,1-1,https://buddy.farm/i/ghost-buddy-doll/,https://buddy.farm/page-data/i/ghost-buddy-doll/page-data.json,,buddy-item-multi-source-v1,,
openable_reverse,Ghost Candy,ghost candy,Bag of Ghost Candy,bag of ghost candy,100-100,https://buddy.farm/i/ghost-candy/,https://buddy.farm/page-data/i/ghost-candy/page-data.json,,buddy-item-multi-source-v1,,
openable_reverse,Ghost Candy,ghost candy,Pillow Case 01,pillow case 01,250-250,https://buddy.farm/i/ghost-candy/,https://buddy.farm/page-data/i/ghost-candy/page-data.json,,buddy-item-multi-source-v1,,
openable_reverse,Giant Centipede,giant centipede,Grab Bag 02,grab bag 02,10-25,https://buddy.farm/i/giant-centipede/,https://buddy.farm/page-data/i/giant-centipede/page-data.json,,buddy-item-multi-source-v1,,
openable_reverse,Giant Centipede,giant centipede,Bug Bag 01,bug bag 01,1-10,https://buddy.farm/i/giant-centipede/,https://buddy.farm/page-data/i/giant-centipede/page-data.json,,buddy-item-multi-source-v1,,
openable_reverse,Glass Bottle,glass bottle,Birthday Present,birthday present,200-200,https://buddy.farm/i/glass-bottle/,https://buddy.farm/page-data/i/glass-bottle/page-data.json,,buddy-item-multi-source-v1,,
openable_reverse,Glass Bottle,glass bottle,Backpack,backpack,50-50,https://buddy.farm/i/glass-bottle/,https://buddy.farm/page-data/i/glass-bottle/page-data.json,,buddy-item-multi-source-v1,,
openable_reverse,Glass Bottle,glass bottle,Large Chest 03,large chest 03,5-5,https://buddy.farm/i/glass-bottle/,https://buddy.farm/page-data/i/glass-bottle/page-data.json,,buddy-item-multi-source-v1,,
openable_reverse,Glass Orb,glass orb,Small Chest 02,small chest 02,10-10,https://buddy.farm/i/glass-orb/,https://buddy.farm/page-data/i/glass-orb/page-data.json,,buddy-item-multi-source-v1,,
openable_reverse,Globber,globber,Grab Bag 02,grab bag 02,1-10,https://buddy.farm/i/globber/,https://buddy.farm/page-data/i/globber/page-data.json,,buddy-item-multi-source-v1,,
openable_reverse,Gold Carrot,gold carrot,Grab Bag 03,grab bag 03,10-25,https://buddy.farm/i/gold-carrot/,https://buddy.farm/page-data/i/gold-carrot/page-data.json,,buddy-item-multi-source-v1,,
openable_reverse,Gold Carrot Seeds,gold carrot seeds,Gold Seed Bag 01,gold seed bag 01,100-100,https://buddy.farm/i/gold-carrot-seeds/,https://buddy.farm/page-data/i/gold-carrot-seeds/page-data.json,,buddy-item-multi-source-v1,,
openable_reverse,Gold Catfish,gold catfish,Grab Bag 07,grab bag 07,1-5,https://buddy.farm/i/gold-catfish/,https://buddy.farm/page-data/i/gold-catfish/page-data.json,,buddy-item-multi-source-v1,,
openable_reverse,Gold Coral,gold coral,Mystical Chest 01,mystical chest 01,3-3,https://buddy.farm/i/gold-coral/,https://buddy.farm/page-data/i/gold-coral/page-data.json,,buddy-item-multi-source-v1,,
openable_reverse,Gold Coral,gold coral,Grab Bag 07,grab bag 07,1-5,https://buddy.farm/i/gold-coral/,https://buddy.farm/page-data/i/gold-coral/page-data.json,,buddy-item-multi-source-v1,,
openable_reverse,Gold Crab,gold crab,Bag of Presents 01,bag of presents 01,1-1,https://buddy.farm/i/gold-crab/,https://buddy.farm/page-data/i/gold-crab/page-data.json,,buddy-item-multi-source-v1,,
openable_reverse,Gold Cucumber,gold cucumber,Grab Bag 01,grab bag 01,10-50,https://buddy.farm/i/gold-cucumber/,https://buddy.farm/page-data/i/gold-cucumber/page-data.json,,buddy-item-multi-source-v1,,
openable_reverse,Gold Cucumber,gold cucumber,Grab Bag 03,grab bag 03,10-25,https://buddy.farm/i/gold-cucumber/,https://buddy.farm/page-data/i/gold-cucumber/page-data.json,,buddy-item-multi-source-v1,,
openable_reverse,Gold Cucumber Seeds,gold cucumber seeds,Gold Seed Bag 01,gold seed bag 01,50-50,https://buddy.farm/i/gold-cucumber-seeds/,https://buddy.farm/page-data/i/gold-cucumber-seeds/page-data.json,,buddy-item-multi-source-v1,,
openable_reverse,Gold Drum,gold drum,Grab Bag 07,grab bag 07,1-5,https://buddy.farm/i/gold-drum/,https://buddy.farm/page-data/i/gold-drum/page-data.json,,buddy-item-multi-source-v1,,
openable_reverse,Gold Eggplant,gold eggplant,Grab Bag 03,grab bag 03,10-25,https://buddy.farm/i/gold-eggplant/,https://buddy.farm/page-data/i/gold-eggplant/page-data.json,,buddy-item-multi-source-v1,,
openable_reverse,Gold Eggplant Seeds,gold eggplant seeds,Gold Seed Bag 01,gold seed bag 01,40-40,https://buddy.farm/i/gold-eggplant-seeds/,https://buddy.farm/page-data/i/gold-eggplant-seeds/page-data.json,,buddy-item-multi-source-v1,,
openable_reverse,Gold Feather,gold feather,Bag of Presents 01,bag of presents 01,5-5,https://buddy.farm/i/gold-feather/,https://buddy.farm/page-data/i/gold-feather/page-data.json,,buddy-item-multi-source-v1,,
openable_reverse,Gold Feather,gold feather,Grab Bag 03,grab bag 03,10-25,https://buddy.farm/i/gold-feather/,https://buddy.farm/page-data/i/gold-feather/page-data.json,,buddy-item-multi-source-v1,,
openable_reverse,Gold Flier,gold flier,Grab Bag 07,grab bag 07,1-5,https://buddy.farm/i/gold-flier/,https://buddy.farm/page-data/i/gold-flier/page-data.json,,buddy-item-multi-source-v1,,
openable_reverse,Gold Jelly,gold jelly,Grab Bag 07,grab bag 07,1-5,https://buddy.farm/i/gold-jelly/,https://buddy.farm/page-data/i/gold-jelly/page-data.json,,buddy-item-multi-source-v1,,
openable_reverse,Gold Leaf,gold leaf,Fall Basket,fall basket,5-5,https://buddy.farm/i/gold-leaf/,https://buddy.farm/page-data/i/gold-leaf/page-data.json,,buddy-item-multi-source-v1,,
openable_reverse,Gold Leaf,gold leaf,Cornucopia 01,cornucopia 01,3-3,https://buddy.farm/i/gold-leaf/,https://buddy.farm/page-data/i/gold-leaf/page-data.json,,buddy-item-multi-source-v1,,
openable_reverse,Gold Leaf,gold leaf,Grab Bag 03,grab bag 03,10-25,https://buddy.farm/i/gold-leaf/,https://buddy.farm/page-data/i/gold-leaf/page-data.json,,buddy-item-multi-source-v1,,
openable_reverse,Gold Leaf,gold leaf,Cornucopia 02,cornucopia 02,25-25,https://buddy.farm/i/gold-leaf/,https://buddy.farm/page-data/i/gold-leaf/page-data.json,,buddy-item-multi-source-v1,,
openable_reverse,Gold Pea Seeds,gold pea seeds,Gold Seed Bag 01,gold seed bag 01,80-80,https://buddy.farm/i/gold-pea-seeds/,https://buddy.farm/page-data/i/gold-pea-seeds/page-data.json,,buddy-item-multi-source-v1,,
openable_reverse,Gold Peas,gold peas,Grab Bag 03,grab bag 03,10-25,https://buddy.farm/i/gold-peas/,https://buddy.farm/page-data/i/gold-peas/page-data.json,,buddy-item-multi-source-v1,,
openable_reverse,Gold Pepper Seeds,gold pepper seeds,Gold Seed Bag 01,gold seed bag 01,200-200,https://buddy.farm/i/gold-pepper-seeds/,https://buddy.farm/page-data/i/gold-pepper-seeds/page-data.json,,buddy-item-multi-source-v1,,
openable_reverse,Gold Peppers,gold peppers,Grab Bag 03,grab bag 03,10-50,https://buddy.farm/i/gold-peppers/,https://buddy.farm/page-data/i/gold-peppers/page-data.json,,buddy-item-multi-source-v1,,
openable_reverse,Gold Sea Bass,gold sea bass,Grab Bag 07,grab bag 07,1-5,https://buddy.farm/i/gold-sea-bass/,https://buddy.farm/page-data/i/gold-sea-bass/page-data.json,,buddy-item-multi-source-v1,,
openable_reverse,Gold Sea Crest,gold sea crest,Grab Bag 07,grab bag 07,1-5,https://buddy.farm/i/gold-sea-crest/,https://buddy.farm/page-data/i/gold-sea-crest/page-data.json,,buddy-item-multi-source-v1,,
openable_reverse,Gold Shamrock,gold shamrock,Spring Basket 03,spring basket 03,1-1,https://buddy.farm/i/gold-shamrock/,https://buddy.farm/page-data/i/gold-shamrock/page-data.json,,buddy-item-multi-source-v1,,
openable_reverse,Gold Shamrock,gold shamrock,Spring Basket 02,spring basket 02,1-1,https://buddy.farm/i/gold-shamrock/,https://buddy.farm/page-data/i/gold-shamrock/page-data.json,,buddy-item-multi-source-v1,,
openable_reverse,Gold Shamrock,gold shamrock,Green Backpack,green backpack,1-1,https://buddy.farm/i/gold-shamrock/,https://buddy.farm/page-data/i/gold-shamrock/page-data.json,,buddy-item-multi-source-v1,,
openable_reverse,Gold Trout,gold trout,Grab Bag 07,grab bag 07,1-5,https://buddy.farm/i/gold-trout/,https://buddy.farm/page-data/i/gold-trout/page-data.json,,buddy-item-multi-source-v1,,
openable_reverse,Goldfin,goldfin,Grab Bag 07,grab bag 07,1-5,https://buddy.farm/i/goldfin/,https://buddy.farm/page-data/i/goldfin/page-data.json,,buddy-item-multi-source-v1,,
openable_reverse,Goldgill,goldgill,Grab Bag 07,grab bag 07,1-5,https://buddy.farm/i/goldgill/,https://buddy.farm/page-data/i/goldgill/page-data.json,,buddy-item-multi-source-v1,,
openable_reverse,Goldgill,goldgill,Mystical Chest 01,mystical chest 01,5-5,https://buddy.farm/i/goldgill/,https://buddy.farm/page-data/i/goldgill/page-data.json,,buddy-item-multi-source-v1,,
openable_reverse,Goldjack,goldjack,Grab Bag 07,grab bag 07,1-5,https://buddy.farm/i/goldjack/,https://buddy.farm/page-data/i/goldjack/page-data.json,,buddy-item-multi-source-v1,,
openable_reverse,Goldray,goldray,Grab Bag 07,grab bag 07,1-5,https://buddy.farm/i/goldray/,https://buddy.farm/page-data/i/goldray/page-data.json,,buddy-item-multi-source-v1,,
openable_reverse,Grab Bag 04,grab bag 04,Bag of Presents 02,bag of presents 02,3-3,https://buddy.farm/i/grab-bag-04/,https://buddy.farm/page-data/i/grab-bag-04/page-data.json,,buddy-item-multi-source-v1,,
openable_reverse,Grab Bag 05,grab bag 05,Bag of Presents 02,bag of presents 02,3-3,https://buddy.farm/i/grab-bag-05/,https://buddy.farm/page-data/i/grab-bag-05/page-data.json,,buddy-item-multi-source-v1,,
openable_reverse,Grab Bag 08,grab bag 08,Medium Chest 03,medium chest 03,1-1,https://buddy.farm/i/grab-bag-08/,https://buddy.farm/page-data/i/grab-bag-08/page-data.json,,buddy-item-multi-source-v1,,
openable_reverse,Grape Juice,grape juice,Harvest Bundle 01,harvest bundle 01,100-100,https://buddy.farm/i/grape-juice/,https://buddy.farm/page-data/i/grape-juice/page-data.json,,buddy-item-multi-source-v1,,
openable_reverse,Grape Juice,grape juice,Giving Box 01,giving box 01,25-25,https://buddy.farm/i/grape-juice/,https://buddy.farm/page-data/i/grape-juice/page-data.json,,buddy-item-multi-source-v1,,
openable_reverse,Grape Juice,grape juice,Grab Bag 06,grab bag 06,1-10,https://buddy.farm/i/grape-juice/,https://buddy.farm/page-data/i/grape-juice/page-data.json,,buddy-item-multi-source-v1,,
openable_reverse,Grape Juice,grape juice,Christmas Present 11,christmas present 11,11-11,https://buddy.farm/i/grape-juice/,https://buddy.farm/page-data/i/grape-juice/page-data.json,,buddy-item-multi-source-v1,,
openable_reverse,Grape Juice,grape juice,Box of Chocolate 01,box of chocolate 01,1-1,https://buddy.farm/i/grape-juice/,https://buddy.farm/page-data/i/grape-juice/page-data.json,,buddy-item-multi-source-v1,,
openable_reverse,Grape Juice,grape juice,Medium Chest 01,medium chest 01,1-1,https://buddy.farm/i/grape-juice/,https://buddy.farm/page-data/i/grape-juice/page-data.json,,buddy-item-multi-source-v1,,
openable_reverse,Grape Juice,grape juice,Picnic Basket 01,picnic basket 01,15-15,https://buddy.farm/i/grape-juice/,https://buddy.farm/page-data/i/grape-juice/page-data.json,,buddy-item-multi-source-v1,,
openable_reverse,Grape Juice,grape juice,Rosalie's Beach Tote,rosalie s beach tote,3-3,https://buddy.farm/i/grape-juice/,https://buddy.farm/page-data/i/grape-juice/page-data.json,,buddy-item-multi-source-v1,,
openable_reverse,Grape Juice,grape juice,Drink Bundle,drink bundle,5-5,https://buddy.farm/i/grape-juice/,https://buddy.farm/page-data/i/grape-juice/page-data.json,,buddy-item-multi-source-v1,,
openable_reverse,Grape Juice,grape juice,Summer Basket,summer basket,2-2,https://buddy.farm/i/grape-juice/,https://buddy.farm/page-data/i/grape-juice/page-data.json,,buddy-item-multi-source-v1,,
openable_reverse,Grape Juice,grape juice,Beatrix's Booming Brawl Box 01,beatrix s booming brawl box 01,10-10,https://buddy.farm/i/grape-juice/,https://buddy.farm/page-data/i/grape-juice/page-data.json,,buddy-item-multi-source-v1,,
openable_reverse,Grape Juice,grape juice,Corn Prize Bag,corn prize bag,2-2,https://buddy.farm/i/grape-juice/,https://buddy.farm/page-data/i/grape-juice/page-data.json,,buddy-item-multi-source-v1,,
openable_reverse,Grapes,grapes,Gift Basket 01,gift basket 01,25-25,https://buddy.farm/i/grapes/,https://buddy.farm/page-data/i/grapes/page-data.json,,buddy-item-multi-source-v1,,
openable_reverse,Grapes,grapes,Cornucopia 01,cornucopia 01,10-10,https://buddy.farm/i/grapes/,https://buddy.farm/page-data/i/grapes/page-data.json,,buddy-item-multi-source-v1,,
openable_reverse,Grapes,grapes,Birthday Present,birthday present,200-200,https://buddy.farm/i/grapes/,https://buddy.farm/page-data/i/grapes/page-data.json,,buddy-item-multi-source-v1,,
openable_reverse,Grapes,grapes,Gift Basket 02,gift basket 02,100-100,https://buddy.farm/i/grapes/,https://buddy.farm/page-data/i/grapes/page-data.json,,buddy-item-multi-source-v1,,
openable_reverse,Grapes,grapes,Christmas Present 10,christmas present 10,100-100,https://buddy.farm/i/grapes/,https://buddy.farm/page-data/i/grapes/page-data.json,,buddy-item-multi-source-v1,,
openable_reverse,Grasshopper,grasshopper,Bug Bag 01,bug bag 01,1-10,https://buddy.farm/i/grasshopper/,https://buddy.farm/page-data/i/grasshopper/page-data.json,,buddy-item-multi-source-v1,,
openable_reverse,Gravy Boat,gravy boat,Cornucopia 03,cornucopia 03,2-2,https://buddy.farm/i/gravy-boat/,https://buddy.farm/page-data/i/gravy-boat/page-data.json,,buddy-item-multi-source-v1,,
openable_reverse,Green Cloak,green cloak,Mystical Chest 02,mystical chest 02,3-3,https://buddy.farm/i/green-cloak/,https://buddy.farm/page-data/i/green-cloak/page-data.json,,buddy-item-multi-source-v1,,
openable_reverse,Green Torpedo,green torpedo,Beatrix's Booming Brawl Box 01,beatrix s booming brawl box 01,5-5,https://buddy.farm/i/green-torpedo/,https://buddy.farm/page-data/i/green-torpedo/page-data.json,,buddy-item-multi-source-v1,,
openable_reverse,Green Torpedo,green torpedo,Beatrix's Booming Brawl Box 02,beatrix s booming brawl box 02,10-10,https://buddy.farm/i/green-torpedo/,https://buddy.farm/page-data/i/green-torpedo/page-data.json,,buddy-item-multi-source-v1,,
openable_reverse,Groundhog Buddy Doll,groundhog buddy doll,Buddy Doll Bag 02,buddy doll bag 02,1-1,https://buddy.farm/i/groundhog-buddy-doll/,https://buddy.farm/page-data/i/groundhog-buddy-doll/page-data.json,,buddy-item-multi-source-v1,,
openable_reverse,Grubs,grubs,Tackle Box,tackle box,100-100,https://buddy.farm/i/grubs/,https://buddy.farm/page-data/i/grubs/page-data.json,,buddy-item-multi-source-v1,,
openable_reverse,Grubs,grubs,Bait Bag 01,bait bag 01,10-250,https://buddy.farm/i/grubs/,https://buddy.farm/page-data/i/grubs/page-data.json,,buddy-item-multi-source-v1,,
openable_reverse,Gummy Globber,gummy globber,Treat Bag 06,treat bag 06,10-10,https://buddy.farm/i/gummy-globber/,https://buddy.farm/page-data/i/gummy-globber/page-data.json,,buddy-item-multi-source-v1,,
openable_reverse,Gummy Worms,gummy worms,Treat Bag 02,treat bag 02,24-24,https://buddy.farm/i/gummy-worms/,https://buddy.farm/page-data/i/gummy-worms/page-data.json,,buddy-item-multi-source-v1,,
openable_reverse,Gummy Worms,gummy worms,Grab Bag 02,grab bag 02,10-25,https://buddy.farm/i/gummy-worms/,https://buddy.farm/page-data/i/gummy-worms/page-data.json,,buddy-item-multi-source-v1,,
openable_reverse,Gummy Worms,gummy worms,Bait Bag 01,bait bag 01,10-250,https://buddy.farm/i/gummy-worms/,https://buddy.farm/page-data/i/gummy-worms/page-data.json,,buddy-item-multi-source-v1,,
openable_reverse,Gummy Worms,gummy worms,Tackle Box,tackle box,100-100,https://buddy.farm/i/gummy-worms/,https://buddy.farm/page-data/i/gummy-worms/page-data.json,,buddy-item-multi-source-v1,,
openable_reverse,Gummy Worms,gummy worms,Bug Bag 01,bug bag 01,1-10,https://buddy.farm/i/gummy-worms/,https://buddy.farm/page-data/i/gummy-worms/page-data.json,,buddy-item-multi-source-v1,,
openable_reverse,Gummy Worms,gummy worms,Welcome Card,welcome card,8-8,https://buddy.farm/i/gummy-worms/,https://buddy.farm/page-data/i/gummy-worms/page-data.json,,buddy-item-multi-source-v1,,
openable_reverse,Hammer,hammer,Large Chest 02,large chest 02,1-1,https://buddy.farm/i/hammer/,https://buddy.farm/page-data/i/hammer/page-data.json,,buddy-item-multi-source-v1,,
openable_reverse,Happy Cookies,happy cookies,Bag of Presents 02,bag of presents 02,2-2,https://buddy.farm/i/happy-cookies/,https://buddy.farm/page-data/i/happy-cookies/page-data.json,,buddy-item-multi-source-v1,,
openable_reverse,Happy Cookies,happy cookies,Tower Prep Pack 01,tower prep pack 01,3-3,https://buddy.farm/i/happy-cookies/,https://buddy.farm/page-data/i/happy-cookies/page-data.json,,buddy-item-multi-source-v1,,
openable_reverse,Happy Cookies,happy cookies,Harvest Bundle 01,harvest bundle 01,3-3,https://buddy.farm/i/happy-cookies/,https://buddy.farm/page-data/i/happy-cookies/page-data.json,,buddy-item-multi-source-v1,,
openable_reverse,Happy Cookies,happy cookies,Holiday Cheer Bundle 01,holiday cheer bundle 01,5-5,https://buddy.farm/i/happy-cookies/,https://buddy.farm/page-data/i/happy-cookies/page-data.json,,buddy-item-multi-source-v1,,
openable_reverse,Happy Cookies,happy cookies,Borgen Bag 01,borgen bag 01,1-1,https://buddy.farm/i/happy-cookies/,https://buddy.farm/page-data/i/happy-cookies/page-data.json,,buddy-item-multi-source-v1,,
openable_reverse,Harvest Bundle 01,harvest bundle 01,Garden Crate 01,garden crate 01,1-1,https://buddy.farm/i/harvest-bundle-01/,https://buddy.farm/page-data/i/harvest-bundle-01/page-data.json,,buddy-item-multi-source-v1,,
openable_reverse,Heart Candies,heart candies,Heart-shaped Box 02,heart shaped box 02,3-3,https://buddy.farm/i/heart-candies/,https://buddy.farm/page-data/i/heart-candies/page-data.json,,buddy-item-multi-source-v1,,
openable_reverse,Heart Candies,heart candies,Heart-shaped Box 03,heart shaped box 03,3-3,https://buddy.farm/i/heart-candies/,https://buddy.farm/page-data/i/heart-candies/page-data.json,,buddy-item-multi-source-v1,,
openable_reverse,Heart Container,heart container,Friendship Bag 01,friendship bag 01,1-3,https://buddy.farm/i/heart-container/,https://buddy.farm/page-data/i/heart-container/page-data.json,,buddy-item-multi-source-v1,,
openable_reverse,Heart-shaped Box 01,heart shaped box 01,Birthday Surprise Box 04,birthday surprise box 04,1-2,https://buddy.farm/i/heart-shaped-box-01/,https://buddy.farm/page-data/i/heart-shaped-box-01/page-data.json,,buddy-item-multi-source-v1,,
openable_reverse,Heart-shaped Box 01,heart shaped box 01,Birthday Surprise Box 03,birthday surprise box 03,1-2,https://buddy.farm/i/heart-shaped-box-01/,https://buddy.farm/page-data/i/heart-shaped-box-01/page-data.json,,buddy-item-multi-source-v1,,
openable_reverse,Heart-shaped Box 01,heart shaped box 01,Birthday Surprise Box 05,birthday surprise box 05,1-2,https://buddy.farm/i/heart-shaped-box-01/,https://buddy.farm/page-data/i/heart-shaped-box-01/page-data.json,,buddy-item-multi-source-v1,,
openable_reverse,Heart-shaped Box 02,heart shaped box 02,Birthday Surprise Box 04,birthday surprise box 04,1-2,https://buddy.farm/i/heart-shaped-box-02/,https://buddy.farm/page-data/i/heart-shaped-box-02/page-data.json,,buddy-item-multi-source-v1,,
openable_reverse,Heart-shaped Box 02,heart shaped box 02,Birthday Surprise Box 05,birthday surprise box 05,1-2,https://buddy.farm/i/heart-shaped-box-02/,https://buddy.farm/page-data/i/heart-shaped-box-02/page-data.json,,buddy-item-multi-source-v1,,
openable_reverse,Heart-shaped Box 03,heart shaped box 03,Birthday Surprise Box 05,birthday surprise box 05,1-2,https://buddy.farm/i/heart-shaped-box-03/,https://buddy.farm/page-data/i/heart-shaped-box-03/page-data.json,,buddy-item-multi-source-v1,,
openable_reverse,Heart-shaped Gem,heart shaped gem,Heart-shaped Box 02,heart shaped box 02,1-1,https://buddy.farm/i/heart-shaped-gem/,https://buddy.farm/page-data/i/heart-shaped-gem/page-data.json,,buddy-item-multi-source-v1,,
openable_reverse,Heart-shaped Gem,heart shaped gem,Heart-shaped Box 03,heart shaped box 03,1-1,https://buddy.farm/i/heart-shaped-gem/,https://buddy.farm/page-data/i/heart-shaped-gem/page-data.json,,buddy-item-multi-source-v1,,
openable_reverse,Heart-shaped Gem,heart shaped gem,Heart-shaped Box 01,heart shaped box 01,1-1,https://buddy.farm/i/heart-shaped-gem/,https://buddy.farm/page-data/i/heart-shaped-gem/page-data.json,,buddy-item-multi-source-v1,,
openable_reverse,Hearts,hearts,Backpack,backpack,1-1,https://buddy.farm/i/hearts/,https://buddy.farm/page-data/i/hearts/page-data.json,,buddy-item-multi-source-v1,,
openable_reverse,Hearts,hearts,Stack of Cards,stack of cards,1-1,https://buddy.farm/i/hearts/,https://buddy.farm/page-data/i/hearts/page-data.json,,buddy-item-multi-source-v1,,
openable_reverse,Hearts,hearts,Heart-shaped Box 01,heart shaped box 01,1-1,https://buddy.farm/i/hearts/,https://buddy.farm/page-data/i/hearts/page-data.json,,buddy-item-multi-source-v1,,
openable_reverse,Herbs,herbs,Spring Basket 01,spring basket 01,2-2,https://buddy.farm/i/herbs/,https://buddy.farm/page-data/i/herbs/page-data.json,,buddy-item-multi-source-v1,,
openable_reverse,Hickory Omelette,hickory omelette,Thomas's Tavern Tote,thomas s tavern tote,5-5,https://buddy.farm/i/hickory-omelette/,https://buddy.farm/page-data/i/hickory-omelette/page-data.json,,buddy-item-multi-source-v1,,
openable_reverse,Holger's Lunch Box,holger s lunch box,Birthday Surprise Box 03,birthday surprise box 03,1-2,https://buddy.farm/i/holger-s-lunch-box/,https://buddy.farm/page-data/i/holger-s-lunch-box/page-data.json,,buddy-item-multi-source-v1,,
openable_reverse,Holger's Lunch Box,holger s lunch box,Birthday Surprise Box 04,birthday surprise box 04,1-2,https://buddy.farm/i/holger-s-lunch-box/,https://buddy.farm/page-data/i/holger-s-lunch-box/page-data.json,,buddy-item-multi-source-v1,,
openable_reverse,Holger's Lunch Box,holger s lunch box,Birthday Surprise Box 05,birthday surprise box 05,1-2,https://buddy.farm/i/holger-s-lunch-box/,https://buddy.farm/page-data/i/holger-s-lunch-box/page-data.json,,buddy-item-multi-source-v1,,
openable_reverse,Holiday Cake,holiday cake,Box of Holiday Cakes,box of holiday cakes,10-10,https://buddy.farm/i/holiday-cake/,https://buddy.farm/page-data/i/holiday-cake/page-data.json,,buddy-item-multi-source-v1,,
openable_reverse,Holiday Cake,holiday cake,Holiday Cheer Bundle 01,holiday cheer bundle 01,3-3,https://buddy.farm/i/holiday-cake/,https://buddy.farm/page-data/i/holiday-cake/page-data.json,,buddy-item-multi-source-v1,,
openable_reverse,Holiday Candles,holiday candles,Holiday Cheer Bundle 01,holiday cheer bundle 01,2-2,https://buddy.farm/i/holiday-candles/,https://buddy.farm/page-data/i/holiday-candles/page-data.json,,buddy-item-multi-source-v1,,
openable_reverse,Holiday Cheer Bundle 01,holiday cheer bundle 01,Birthday Surprise Box 05,birthday surprise box 05,1-2,https://buddy.farm/i/holiday-cheer-bundle-01/,https://buddy.farm/page-data/i/holiday-cheer-bundle-01/page-data.json,,buddy-item-multi-source-v1,,
openable_reverse,Holiday Garland,holiday garland,Shiny Present,shiny present,2-2,https://buddy.farm/i/holiday-garland/,https://buddy.farm/page-data/i/holiday-garland/page-data.json,,buddy-item-multi-source-v1,,
openable_reverse,Holiday Garland,holiday garland,Holiday Cheer Bundle 01,holiday cheer bundle 01,2-2,https://buddy.farm/i/holiday-garland/,https://buddy.farm/page-data/i/holiday-garland/page-data.json,,buddy-item-multi-source-v1,,
openable_reverse,Honey,honey,Large Chest 03,large chest 03,1-1,https://buddy.farm/i/honey/,https://buddy.farm/page-data/i/honey/page-data.json,,buddy-item-multi-source-v1,,
openable_reverse,Hops,hops,Spring Basket 01,spring basket 01,15-15,https://buddy.farm/i/hops/,https://buddy.farm/page-data/i/hops/page-data.json,,buddy-item-multi-source-v1,,
openable_reverse,Hops,hops,Christmas Present 04,christmas present 04,40-40,https://buddy.farm/i/hops/,https://buddy.farm/page-data/i/hops/page-data.json,,buddy-item-multi-source-v1,,
openable_reverse,Horn,horn,Grab Bag 02,grab bag 02,10-25,https://buddy.farm/i/horn/,https://buddy.farm/page-data/i/horn/page-data.json,,buddy-item-multi-source-v1,,
openable_reverse,Horned Beetle,horned beetle,Bug Bag 01,bug bag 01,1-10,https://buddy.farm/i/horned-beetle/,https://buddy.farm/page-data/i/horned-beetle/page-data.json,,buddy-item-multi-source-v1,,
openable_reverse,Hot Cocoa,hot cocoa,Holiday Cheer Bundle 01,holiday cheer bundle 01,1-1,https://buddy.farm/i/hot-cocoa/,https://buddy.farm/page-data/i/hot-cocoa/page-data.json,,buddy-item-multi-source-v1,,
openable_reverse,Hummingbird Feeder,hummingbird feeder,Spring Basket 03,spring basket 03,1-1,https://buddy.farm/i/hummingbird-feeder/,https://buddy.farm/page-data/i/hummingbird-feeder/page-data.json,,buddy-item-multi-source-v1,,
openable_reverse,Hummingbird Feeder,hummingbird feeder,Spring Basket 02,spring basket 02,2-2,https://buddy.farm/i/hummingbird-feeder/,https://buddy.farm/page-data/i/hummingbird-feeder/page-data.json,,buddy-item-multi-source-v1,,
openable_reverse,Ice Scraper,ice scraper,Frozen Chest 03,frozen chest 03,2-2,https://buddy.farm/i/ice-scraper/,https://buddy.farm/page-data/i/ice-scraper/page-data.json,,buddy-item-multi-source-v1,,
openable_reverse,Iced Tea,iced tea,Tackle Box,tackle box,3-3,https://buddy.farm/i/iced-tea/,https://buddy.farm/page-data/i/iced-tea/page-data.json,,buddy-item-multi-source-v1,,
openable_reverse,Iced Tea,iced tea,Drink Bundle,drink bundle,10-10,https://buddy.farm/i/iced-tea/,https://buddy.farm/page-data/i/iced-tea/page-data.json,,buddy-item-multi-source-v1,,
openable_reverse,Iron,iron,Welcome Card,welcome card,8-8,https://buddy.farm/i/iron/,https://buddy.farm/page-data/i/iron/page-data.json,,buddy-item-multi-source-v1,,
openable_reverse,Iron Ring,iron ring,Backpack,backpack,50-50,https://buddy.farm/i/iron-ring/,https://buddy.farm/page-data/i/iron-ring/page-data.json,,buddy-item-multi-source-v1,,
openable_reverse,Jack-o-lantern,jack o lantern,Treat Bag 05,treat bag 05,3-3,https://buddy.farm/i/jack-o-lantern/,https://buddy.farm/page-data/i/jack-o-lantern/page-data.json,,buddy-item-multi-source-v1,,
openable_reverse,Jack-o-lantern,jack o lantern,Treat Bag 04,treat bag 04,1-1,https://buddy.farm/i/jack-o-lantern/,https://buddy.farm/page-data/i/jack-o-lantern/page-data.json,,buddy-item-multi-source-v1,,
openable_reverse,Jack-o-lantern,jack o lantern,Treat Bag 06,treat bag 06,3-3,https://buddy.farm/i/jack-o-lantern/,https://buddy.farm/page-data/i/jack-o-lantern/page-data.json,,buddy-item-multi-source-v1,,
openable_reverse,Jade,jade,Large Chest 01,large chest 01,50-50,https://buddy.farm/i/jade/,https://buddy.farm/page-data/i/jade/page-data.json,,buddy-item-multi-source-v1,,
openable_reverse,Jade,jade,Small Chest 01,small chest 01,10-10,https://buddy.farm/i/jade/,https://buddy.farm/page-data/i/jade/page-data.json,,buddy-item-multi-source-v1,,
openable_reverse,Jellyfish,jellyfish,Christmas Present 08,christmas present 08,80-80,https://buddy.farm/i/jellyfish/,https://buddy.farm/page-data/i/jellyfish/page-data.json,,buddy-item-multi-source-v1,,
openable_reverse,Joker,joker,Stack of Cards,stack of cards,1-1,https://buddy.farm/i/joker/,https://buddy.farm/page-data/i/joker/page-data.json,,buddy-item-multi-source-v1,,
openable_reverse,Joker,joker,Borgen Bag 01,borgen bag 01,1-1,https://buddy.farm/i/joker/,https://buddy.farm/page-data/i/joker/page-data.json,,buddy-item-multi-source-v1,,
openable_reverse,Kite Kite,kite kite,Magical Chest 01,magical chest 01,2-2,https://buddy.farm/i/kite-kite/,https://buddy.farm/page-data/i/kite-kite/page-data.json,,buddy-item-multi-source-v1,,
openable_reverse,Krampus Buddy Doll,krampus buddy doll,Buddy Doll Bag 01,buddy doll bag 01,1-1,https://buddy.farm/i/krampus-buddy-doll/,https://buddy.farm/page-data/i/krampus-buddy-doll/page-data.json,,buddy-item-multi-source-v1,,
openable_reverse,Large Chest 01,large chest 01,Borgen Bag 01,borgen bag 01,10-100,https://buddy.farm/i/large-chest-01/,https://buddy.farm/page-data/i/large-chest-01/page-data.json,,buddy-item-multi-source-v1,,
openable_reverse,Large Chest 02,large chest 02,Borgen Bag 01,borgen bag 01,10-100,https://buddy.farm/i/large-chest-02/,https://buddy.farm/page-data/i/large-chest-02/page-data.json,,buddy-item-multi-source-v1,,
openable_reverse,Large Chest 03,large chest 03,Borgen Bag 01,borgen bag 01,10-100,https://buddy.farm/i/large-chest-03/,https://buddy.farm/page-data/i/large-chest-03/page-data.json,,buddy-item-multi-source-v1,,
openable_reverse,Large Net,large net,Winter Basket,winter basket,5-5,https://buddy.farm/i/large-net/,https://buddy.farm/page-data/i/large-net/page-data.json,,buddy-item-multi-source-v1,,
openable_reverse,Large Net,large net,Cornucopia 03,cornucopia 03,50-50,https://buddy.farm/i/large-net/,https://buddy.farm/page-data/i/large-net/page-data.json,,buddy-item-multi-source-v1,,
openable_reverse,Large Net,large net,Giving Box 01,giving box 01,250-250,https://buddy.farm/i/large-net/,https://buddy.farm/page-data/i/large-net/page-data.json,,buddy-item-multi-source-v1,,
openable_reverse,Large Net,large net,Mystical Chest 02,mystical chest 02,3-3,https://buddy.farm/i/large-net/,https://buddy.farm/page-data/i/large-net/page-data.json,,buddy-item-multi-source-v1,,
openable_reverse,Large Net,large net,Lovely Present,lovely present,10-10,https://buddy.farm/i/large-net/,https://buddy.farm/page-data/i/large-net/page-data.json,,buddy-item-multi-source-v1,,
openable_reverse,Large Net,large net,Bag of Presents 02,bag of presents 02,10-10,https://buddy.farm/i/large-net/,https://buddy.farm/page-data/i/large-net/page-data.json,,buddy-item-multi-source-v1,,
openable_reverse,Large Net,large net,Box of Chocolate 02,box of chocolate 02,5-5,https://buddy.farm/i/large-net/,https://buddy.farm/page-data/i/large-net/page-data.json,,buddy-item-multi-source-v1,,
openable_reverse,Large Net,large net,Present 02,present 02,50-50,https://buddy.farm/i/large-net/,https://buddy.farm/page-data/i/large-net/page-data.json,,buddy-item-multi-source-v1,,
openable_reverse,Large Net,large net,Buddy's Beach Bag,buddy s beach bag,25-25,https://buddy.farm/i/large-net/,https://buddy.farm/page-data/i/large-net/page-data.json,,buddy-item-multi-source-v1,,
openable_reverse,Large Net,large net,Picnic Basket 01,picnic basket 01,100-100,https://buddy.farm/i/large-net/,https://buddy.farm/page-data/i/large-net/page-data.json,,buddy-item-multi-source-v1,,
openable_reverse,Large Net,large net,Frozen Chest 01,frozen chest 01,5-5,https://buddy.farm/i/large-net/,https://buddy.farm/page-data/i/large-net/page-data.json,,buddy-item-multi-source-v1,,
openable_reverse,Large Net,large net,Traveler's Bag 01,traveler s bag 01,100-100,https://buddy.farm/i/large-net/,https://buddy.farm/page-data/i/large-net/page-data.json,,buddy-item-multi-source-v1,,
openable_reverse,Large Net,large net,Summer Basket,summer basket,5-5,https://buddy.farm/i/large-net/,https://buddy.farm/page-data/i/large-net/page-data.json,,buddy-item-multi-source-v1,,
openable_reverse,Large Net,large net,Supply Bag 02,supply bag 02,30-30,https://buddy.farm/i/large-net/,https://buddy.farm/page-data/i/large-net/page-data.json,,buddy-item-multi-source-v1,,
openable_reverse,Large Net,large net,Supply Crate 02,supply crate 02,100-100,https://buddy.farm/i/large-net/,https://buddy.farm/page-data/i/large-net/page-data.json,,buddy-item-multi-source-v1,,
openable_reverse,Large Net,large net,Fancy Present,fancy present,10-10,https://buddy.farm/i/large-net/,https://buddy.farm/page-data/i/large-net/page-data.json,,buddy-item-multi-source-v1,,
openable_reverse,Large Net,large net,Tower Prep Pack 01,tower prep pack 01,250-250,https://buddy.farm/i/large-net/,https://buddy.farm/page-data/i/large-net/page-data.json,,buddy-item-multi-source-v1,,
openable_reverse,Large Net,large net,Frozen Chest 03,frozen chest 03,125-125,https://buddy.farm/i/large-net/,https://buddy.farm/page-data/i/large-net/page-data.json,,buddy-item-multi-source-v1,,
openable_reverse,Large Net,large net,Shiny Present,shiny present,10-10,https://buddy.farm/i/large-net/,https://buddy.farm/page-data/i/large-net/page-data.json,,buddy-item-multi-source-v1,,
openable_reverse,Large Net,large net,Heart-shaped Box 03,heart shaped box 03,125-125,https://buddy.farm/i/large-net/,https://buddy.farm/page-data/i/large-net/page-data.json,,buddy-item-multi-source-v1,,
openable_reverse,Large Net,large net,Tackle Box,tackle box,5-5,https://buddy.farm/i/large-net/,https://buddy.farm/page-data/i/large-net/page-data.json,,buddy-item-multi-source-v1,,
openable_reverse,Leather,leather,Christmas Present 10,christmas present 10,100-100,https://buddy.farm/i/leather/,https://buddy.farm/page-data/i/leather/page-data.json,,buddy-item-multi-source-v1,,
openable_reverse,Leather,leather,Small Chest 02,small chest 02,10-10,https://buddy.farm/i/leather/,https://buddy.farm/page-data/i/leather/page-data.json,,buddy-item-multi-source-v1,,
openable_reverse,Lemon,lemon,Gift Basket 02,gift basket 02,100-100,https://buddy.farm/i/lemon/,https://buddy.farm/page-data/i/lemon/page-data.json,,buddy-item-multi-source-v1,,
openable_reverse,Lemon,lemon,Gift Basket 01,gift basket 01,25-25,https://buddy.farm/i/lemon/,https://buddy.farm/page-data/i/lemon/page-data.json,,buddy-item-multi-source-v1,,
openable_reverse,Lemon,lemon,Birthday Present,birthday present,200-200,https://buddy.farm/i/lemon/,https://buddy.farm/page-data/i/lemon/page-data.json,,buddy-item-multi-source-v1,,
openable_reverse,Lemon,lemon,Christmas Present 10,christmas present 10,100-100,https://buddy.farm/i/lemon/,https://buddy.farm/page-data/i/lemon/page-data.json,,buddy-item-multi-source-v1,,
openable_reverse,Lemon Cream Pie,lemon cream pie,Holger's Lunch Box,holger s lunch box,5-5,https://buddy.farm/i/lemon-cream-pie/,https://buddy.farm/page-data/i/lemon-cream-pie/page-data.json,,buddy-item-multi-source-v1,,
openable_reverse,Lemon Quartz,lemon quartz,Small Chest 01,small chest 01,10-10,https://buddy.farm/i/lemon-quartz/,https://buddy.farm/page-data/i/lemon-quartz/page-data.json,,buddy-item-multi-source-v1,,
openable_reverse,Lemon Seltzer,lemon seltzer,Tower Prep Pack 01,tower prep pack 01,5-5,https://buddy.farm/i/lemon-seltzer/,https://buddy.farm/page-data/i/lemon-seltzer/page-data.json,,buddy-item-multi-source-v1,,
openable_reverse,Lemon Seltzer,lemon seltzer,Garden Crate 01,garden crate 01,10-10,https://buddy.farm/i/lemon-seltzer/,https://buddy.farm/page-data/i/lemon-seltzer/page-data.json,,buddy-item-multi-source-v1,,
openable_reverse,Lemon Seltzer,lemon seltzer,Magical Chest 02,magical chest 02,2-2,https://buddy.farm/i/lemon-seltzer/,https://buddy.farm/page-data/i/lemon-seltzer/page-data.json,,buddy-item-multi-source-v1,,
openable_reverse,Lemonade,lemonade,Winter Basket,winter basket,25-25,https://buddy.farm/i/lemonade/,https://buddy.farm/page-data/i/lemonade/page-data.json,,buddy-item-multi-source-v1,,
openable_reverse,Lemonade,lemonade,Christmas Present 02,christmas present 02,20-20,https://buddy.farm/i/lemonade/,https://buddy.farm/page-data/i/lemonade/page-data.json,,buddy-item-multi-source-v1,,
openable_reverse,Lemonade,lemonade,Christmas Present 05,christmas present 05,50-50,https://buddy.farm/i/lemonade/,https://buddy.farm/page-data/i/lemonade/page-data.json,,buddy-item-multi-source-v1,,
openable_reverse,Lemonade,lemonade,Drink Bundle,drink bundle,50-50,https://buddy.farm/i/lemonade/,https://buddy.farm/page-data/i/lemonade/page-data.json,,buddy-item-multi-source-v1,,
openable_reverse,Lemonade,lemonade,Grab Bag 06,grab bag 06,10-20,https://buddy.farm/i/lemonade/,https://buddy.farm/page-data/i/lemonade/page-data.json,,buddy-item-multi-source-v1,,
openable_reverse,Lemonade,lemonade,Summer Basket,summer basket,10-10,https://buddy.farm/i/lemonade/,https://buddy.farm/page-data/i/lemonade/page-data.json,,buddy-item-multi-source-v1,,
openable_reverse,Leprechaun Buddy Doll,leprechaun buddy doll,Buddy Doll Bag 02,buddy doll bag 02,1-1,https://buddy.farm/i/leprechaun-buddy-doll/,https://buddy.farm/page-data/i/leprechaun-buddy-doll/page-data.json,,buddy-item-multi-source-v1,,
openable_reverse,Leprechaun Hat,leprechaun hat,Spring Basket 03,spring basket 03,1-1,https://buddy.farm/i/leprechaun-hat/,https://buddy.farm/page-data/i/leprechaun-hat/page-data.json,,buddy-item-multi-source-v1,,
openable_reverse,Lollipop,lollipop,Treat Bag 01,treat bag 01,5-5,https://buddy.farm/i/lollipop/,https://buddy.farm/page-data/i/lollipop/page-data.json,,buddy-item-multi-source-v1,,
openable_reverse,Lollipop,lollipop,Treat Bag 02,treat bag 02,5-5,https://buddy.farm/i/lollipop/,https://buddy.farm/page-data/i/lollipop/page-data.json,,buddy-item-multi-source-v1,,
openable_reverse,Lollipop,lollipop,Treat Bag 04,treat bag 04,5-5,https://buddy.farm/i/lollipop/,https://buddy.farm/page-data/i/lollipop/page-data.json,,buddy-item-multi-source-v1,,
openable_reverse,Lollipop,lollipop,Treat Bag 05,treat bag 05,25-25,https://buddy.farm/i/lollipop/,https://buddy.farm/page-data/i/lollipop/page-data.json,,buddy-item-multi-source-v1,,
openable_reverse,Lovely Cookies,lovely cookies,Box of Chocolate 02,box of chocolate 02,1-1,https://buddy.farm/i/lovely-cookies/,https://buddy.farm/page-data/i/lovely-cookies/page-data.json,,buddy-item-multi-source-v1,,
openable_reverse,Lovely Cookies,lovely cookies,Borgen Bag 01,borgen bag 01,1-1,https://buddy.farm/i/lovely-cookies/,https://buddy.farm/page-data/i/lovely-cookies/page-data.json,,buddy-item-multi-source-v1,,
openable_reverse,Lovely Cookies,lovely cookies,Harvest Bundle 01,harvest bundle 01,3-3,https://buddy.farm/i/lovely-cookies/,https://buddy.farm/page-data/i/lovely-cookies/page-data.json,,buddy-item-multi-source-v1,,
openable_reverse,Lovely Cookies,lovely cookies,Baba's Snack Pack,baba s snack pack,1-1,https://buddy.farm/i/lovely-cookies/,https://buddy.farm/page-data/i/lovely-cookies/page-data.json,,buddy-item-multi-source-v1,,
openable_reverse,Lovely Cookies,lovely cookies,Heart-shaped Box 02,heart shaped box 02,1-1,https://buddy.farm/i/lovely-cookies/,https://buddy.farm/page-data/i/lovely-cookies/page-data.json,,buddy-item-multi-source-v1,,
openable_reverse,Lovely Cookies,lovely cookies,Heart-shaped Box 01,heart shaped box 01,1-1,https://buddy.farm/i/lovely-cookies/,https://buddy.farm/page-data/i/lovely-cookies/page-data.json,,buddy-item-multi-source-v1,,
openable_reverse,Lovely Cookies,lovely cookies,Heart-shaped Box 03,heart shaped box 03,3-3,https://buddy.farm/i/lovely-cookies/,https://buddy.farm/page-data/i/lovely-cookies/page-data.json,,buddy-item-multi-source-v1,,
openable_reverse,Lovely Present,lovely present,Birthday Surprise Box 03,birthday surprise box 03,1-2,https://buddy.farm/i/lovely-present/,https://buddy.farm/page-data/i/lovely-present/page-data.json,,buddy-item-multi-source-v1,,
openable_reverse,Lovely Present,lovely present,Birthday Surprise Box 04,birthday surprise box 04,1-2,https://buddy.farm/i/lovely-present/,https://buddy.farm/page-data/i/lovely-present/page-data.json,,buddy-item-multi-source-v1,,
openable_reverse,Lovely Present,lovely present,Birthday Surprise Box 05,birthday surprise box 05,1-2,https://buddy.farm/i/lovely-present/,https://buddy.farm/page-data/i/lovely-present/page-data.json,,buddy-item-multi-source-v1,,
openable_reverse,Lovely Rose,lovely rose,Heart-shaped Box 03,heart shaped box 03,1-1,https://buddy.farm/i/lovely-rose/,https://buddy.farm/page-data/i/lovely-rose/page-data.json,,buddy-item-multi-source-v1,,
openable_reverse,Lucky Cat Buddy Doll,lucky cat buddy doll,Buddy Doll Bag 02,buddy doll bag 02,1-1,https://buddy.farm/i/lucky-cat-buddy-doll/,https://buddy.farm/page-data/i/lucky-cat-buddy-doll/page-data.json,,buddy-item-multi-source-v1,,
openable_reverse,Magical Chest 01,magical chest 01,Birthday Surprise Box 04,birthday surprise box 04,1-2,https://buddy.farm/i/magical-chest-01/,https://buddy.farm/page-data/i/magical-chest-01/page-data.json,,buddy-item-multi-source-v1,,
openable_reverse,Magical Chest 01,magical chest 01,Birthday Surprise Box 03,birthday surprise box 03,1-2,https://buddy.farm/i/magical-chest-01/,https://buddy.farm/page-data/i/magical-chest-01/page-data.json,,buddy-item-multi-source-v1,,
openable_reverse,Magical Chest 01,magical chest 01,Birthday Surprise Box 05,birthday surprise box 05,1-2,https://buddy.farm/i/magical-chest-01/,https://buddy.farm/page-data/i/magical-chest-01/page-data.json,,buddy-item-multi-source-v1,,
openable_reverse,Magical Chest 02,magical chest 02,Birthday Surprise Box 04,birthday surprise box 04,1-2,https://buddy.farm/i/magical-chest-02/,https://buddy.farm/page-data/i/magical-chest-02/page-data.json,,buddy-item-multi-source-v1,,
openable_reverse,Magical Chest 02,magical chest 02,Birthday Surprise Box 05,birthday surprise box 05,1-2,https://buddy.farm/i/magical-chest-02/,https://buddy.farm/page-data/i/magical-chest-02/page-data.json,,buddy-item-multi-source-v1,,
openable_reverse,Magical Egg Basket,magical egg basket,Garden Crate 01,garden crate 01,10-10,https://buddy.farm/i/magical-egg-basket/,https://buddy.farm/page-data/i/magical-egg-basket/page-data.json,,buddy-item-multi-source-v1,,
openable_reverse,Magical Egg Basket,magical egg basket,Magical Chest 02,magical chest 02,3-3,https://buddy.farm/i/magical-egg-basket/,https://buddy.farm/page-data/i/magical-egg-basket/page-data.json,,buddy-item-multi-source-v1,,
openable_reverse,Magical Egg Basket,magical egg basket,Magical Chest 01,magical chest 01,1-1,https://buddy.farm/i/magical-egg-basket/,https://buddy.farm/page-data/i/magical-egg-basket/page-data.json,,buddy-item-multi-source-v1,,
openable_reverse,Magicite,magicite,Mystical Chest 01,mystical chest 01,4-4,https://buddy.farm/i/magicite/,https://buddy.farm/page-data/i/magicite/page-data.json,,buddy-item-multi-source-v1,,
openable_reverse,Magicite,magicite,Magical Chest 01,magical chest 01,10-10,https://buddy.farm/i/magicite/,https://buddy.farm/page-data/i/magicite/page-data.json,,buddy-item-multi-source-v1,,
openable_reverse,Magicite,magicite,Magical Chest 02,magical chest 02,10-10,https://buddy.farm/i/magicite/,https://buddy.farm/page-data/i/magicite/page-data.json,,buddy-item-multi-source-v1,,
openable_reverse,Magna Quartz,magna quartz,Bag of Presents 01,bag of presents 01,5-5,https://buddy.farm/i/magna-quartz/,https://buddy.farm/page-data/i/magna-quartz/page-data.json,,buddy-item-multi-source-v1,,
openable_reverse,Maverick Chip,maverick chip,Frozen Chest 02,frozen chest 02,5-5,https://buddy.farm/i/maverick-chip/,https://buddy.farm/page-data/i/maverick-chip/page-data.json,,buddy-item-multi-source-v1,,
openable_reverse,Mealworms,mealworms,Bait Bag 01,bait bag 01,10-250,https://buddy.farm/i/mealworms/,https://buddy.farm/page-data/i/mealworms/page-data.json,,buddy-item-multi-source-v1,,
openable_reverse,Mealworms,mealworms,Tackle Box,tackle box,100-100,https://buddy.farm/i/mealworms/,https://buddy.farm/page-data/i/mealworms/page-data.json,,buddy-item-multi-source-v1,,
openable_reverse,Mealworms,mealworms,Bug Bag 01,bug bag 01,1-10,https://buddy.farm/i/mealworms/,https://buddy.farm/page-data/i/mealworms/page-data.json,,buddy-item-multi-source-v1,,
openable_reverse,Milk,milk,Christmas Present 09,christmas present 09,90-90,https://buddy.farm/i/milk/,https://buddy.farm/page-data/i/milk/page-data.json,,buddy-item-multi-source-v1,,
openable_reverse,Mini Time Egg,mini time egg,Frozen Chest 03,frozen chest 03,1-1,https://buddy.farm/i/mini-time-egg/,https://buddy.farm/page-data/i/mini-time-egg/page-data.json,,buddy-item-multi-source-v1,,
openable_reverse,Mini Time Egg,mini time egg,Picnic Basket 01,picnic basket 01,1-1,https://buddy.farm/i/mini-time-egg/,https://buddy.farm/page-data/i/mini-time-egg/page-data.json,,buddy-item-multi-source-v1,,
openable_reverse,Minnows,minnows,Tackle Box,tackle box,100-100,https://buddy.farm/i/minnows/,https://buddy.farm/page-data/i/minnows/page-data.json,,buddy-item-multi-source-v1,,
openable_reverse,Minnows,minnows,Bait Bag 01,bait bag 01,10-250,https://buddy.farm/i/minnows/,https://buddy.farm/page-data/i/minnows/page-data.json,,buddy-item-multi-source-v1,,
openable_reverse,Mixed Nuts,mixed nuts,Baba's Snack Pack,baba s snack pack,1-1,https://buddy.farm/i/mixed-nuts/,https://buddy.farm/page-data/i/mixed-nuts/page-data.json,,buddy-item-multi-source-v1,,
openable_reverse,Mixed Nuts,mixed nuts,Thomas's Tavern Tote,thomas s tavern tote,1-1,https://buddy.farm/i/mixed-nuts/,https://buddy.farm/page-data/i/mixed-nuts/page-data.json,,buddy-item-multi-source-v1,,
openable_reverse,Moon Egg,moon egg,Galactic Egg Basket,galactic egg basket,1-3,https://buddy.farm/i/moon-egg/,https://buddy.farm/page-data/i/moon-egg/page-data.json,,buddy-item-multi-source-v1,,
openable_reverse,Moonbreaker,moonbreaker,Beatrix's Booming Brawl Box 02,beatrix s booming brawl box 02,20-20,https://buddy.farm/i/moonbreaker/,https://buddy.farm/page-data/i/moonbreaker/page-data.json,,buddy-item-multi-source-v1,,
openable_reverse,Moonbreaker,moonbreaker,Beatrix's Big Box of Boom,beatrix s big box of boom,10-10,https://buddy.farm/i/moonbreaker/,https://buddy.farm/page-data/i/moonbreaker/page-data.json,,buddy-item-multi-source-v1,,
openable_reverse,Moonbreaker,moonbreaker,Beatrix's Booming Brawl Box 01,beatrix s booming brawl box 01,15-15,https://buddy.farm/i/moonbreaker/,https://buddy.farm/page-data/i/moonbreaker/page-data.json,,buddy-item-multi-source-v1,,
openable_reverse,Moonstone,moonstone,Corn Prize Bag,corn prize bag,25-25,https://buddy.farm/i/moonstone/,https://buddy.farm/page-data/i/moonstone/page-data.json,,buddy-item-multi-source-v1,,
openable_reverse,Movember Buddy Doll,movember buddy doll,Buddy Doll Bag 01,buddy doll bag 01,1-1,https://buddy.farm/i/movember-buddy-doll/,https://buddy.farm/page-data/i/movember-buddy-doll/page-data.json,,buddy-item-multi-source-v1,,
openable_reverse,Mug of Beer,mug of beer,Thomas's Tavern Tote,thomas s tavern tote,5-5,https://buddy.farm/i/mug-of-beer/,https://buddy.farm/page-data/i/mug-of-beer/page-data.json,,buddy-item-multi-source-v1,,
openable_reverse,Mushroom,mushroom,Grab Bag 01,grab bag 01,10-50,https://buddy.farm/i/mushroom/,https://buddy.farm/page-data/i/mushroom/page-data.json,,buddy-item-multi-source-v1,,
openable_reverse,Mushroom,mushroom,Christmas Present 10,christmas present 10,100-100,https://buddy.farm/i/mushroom/,https://buddy.farm/page-data/i/mushroom/page-data.json,,buddy-item-multi-source-v1,,
openable_reverse,Mushroom Paste,mushroom paste,Backpack,backpack,100-100,https://buddy.farm/i/mushroom-paste/,https://buddy.farm/page-data/i/mushroom-paste/page-data.json,,buddy-item-multi-source-v1,,
openable_reverse,Mushroom Paste,mushroom paste,Christmas Present 09,christmas present 09,90-90,https://buddy.farm/i/mushroom-paste/,https://buddy.farm/page-data/i/mushroom-paste/page-data.json,,buddy-item-multi-source-v1,,
openable_reverse,Mushroom Stew,mushroom stew,Fall Basket,fall basket,2-2,https://buddy.farm/i/mushroom-stew/,https://buddy.farm/page-data/i/mushroom-stew/page-data.json,,buddy-item-multi-source-v1,,
openable_reverse,Mushroom Stew,mushroom stew,Supply Bag 01,supply bag 01,1-1,https://buddy.farm/i/mushroom-stew/,https://buddy.farm/page-data/i/mushroom-stew/page-data.json,,buddy-item-multi-source-v1,,
openable_reverse,Mushroom Stew,mushroom stew,Supply Bag 02,supply bag 02,1-1,https://buddy.farm/i/mushroom-stew/,https://buddy.farm/page-data/i/mushroom-stew/page-data.json,,buddy-item-multi-source-v1,,
openable_reverse,Mushroom Stew,mushroom stew,Supply Crate 02,supply crate 02,2-2,https://buddy.farm/i/mushroom-stew/,https://buddy.farm/page-data/i/mushroom-stew/page-data.json,,buddy-item-multi-source-v1,,
openable_reverse,Mushroom Stew,mushroom stew,Supply Crate 01,supply crate 01,2-2,https://buddy.farm/i/mushroom-stew/,https://buddy.farm/page-data/i/mushroom-stew/page-data.json,,buddy-item-multi-source-v1,,
openable_reverse,Mystic Ring,mystic ring,Mystical Chest 01,mystical chest 01,10-10,https://buddy.farm/i/mystic-ring/,https://buddy.farm/page-data/i/mystic-ring/page-data.json,,buddy-item-multi-source-v1,,
openable_reverse,Nails,nails,Welcome Card,welcome card,8-8,https://buddy.farm/i/nails/,https://buddy.farm/page-data/i/nails/page-data.json,,buddy-item-multi-source-v1,,
openable_reverse,Nebula Egg,nebula egg,Galactic Egg Basket,galactic egg basket,1-3,https://buddy.farm/i/nebula-egg/,https://buddy.farm/page-data/i/nebula-egg/page-data.json,,buddy-item-multi-source-v1,,
openable_reverse,Nirumdivar,nirumdivar,Magical Chest 02,magical chest 02,1-1,https://buddy.farm/i/nirumdivar/,https://buddy.farm/page-data/i/nirumdivar/page-data.json,,buddy-item-multi-source-v1,,
openable_reverse,Notebook,notebook,Buddy's School Bag,buddy s school bag,1-1,https://buddy.farm/i/notebook/,https://buddy.farm/page-data/i/notebook/page-data.json,,buddy-item-multi-source-v1,,
openable_reverse,Nut Cracker Buddy,nut cracker buddy,Shiny Present,shiny present,2-2,https://buddy.farm/i/nut-cracker-buddy/,https://buddy.farm/page-data/i/nut-cracker-buddy/page-data.json,,buddy-item-multi-source-v1,,
openable_reverse,Nut Cracker Buddy Doll,nut cracker buddy doll,Buddy Doll Bag 01,buddy doll bag 01,1-1,https://buddy.farm/i/nut-cracker-buddy-doll/,https://buddy.farm/page-data/i/nut-cracker-buddy-doll/page-data.json,,buddy-item-multi-source-v1,,
openable_reverse,Onion Soup,onion soup,Fall Basket,fall basket,3-3,https://buddy.farm/i/onion-soup/,https://buddy.farm/page-data/i/onion-soup/page-data.json,,buddy-item-multi-source-v1,,
openable_reverse,Onion Soup,onion soup,Picnic Basket 01,picnic basket 01,7-7,https://buddy.farm/i/onion-soup/,https://buddy.farm/page-data/i/onion-soup/page-data.json,,buddy-item-multi-source-v1,,
openable_reverse,Onyx Scorpion,onyx scorpion,Bug Bag 01,bug bag 01,1-10,https://buddy.farm/i/onyx-scorpion/,https://buddy.farm/page-data/i/onyx-scorpion/page-data.json,,buddy-item-multi-source-v1,,
openable_reverse,Orange,orange,Gift Basket 02,gift basket 02,100-100,https://buddy.farm/i/orange/,https://buddy.farm/page-data/i/orange/page-data.json,,buddy-item-multi-source-v1,,
openable_reverse,Orange,orange,Christmas Present 10,christmas present 10,100-100,https://buddy.farm/i/orange/,https://buddy.farm/page-data/i/orange/page-data.json,,buddy-item-multi-source-v1,,
openable_reverse,Orange,orange,Birthday Present,birthday present,200-200,https://buddy.farm/i/orange/,https://buddy.farm/page-data/i/orange/page-data.json,,buddy-item-multi-source-v1,,
openable_reverse,Orange,orange,Gift Basket 01,gift basket 01,25-25,https://buddy.farm/i/orange/,https://buddy.farm/page-data/i/orange/page-data.json,,buddy-item-multi-source-v1,,
openable_reverse,Orange,orange,Cornucopia 01,cornucopia 01,10-10,https://buddy.farm/i/orange/,https://buddy.farm/page-data/i/orange/page-data.json,,buddy-item-multi-source-v1,,
openable_reverse,Orange Juice,orange juice,Winter Basket,winter basket,25-25,https://buddy.farm/i/orange-juice/,https://buddy.farm/page-data/i/orange-juice/page-data.json,,buddy-item-multi-source-v1,,
openable_reverse,Orange Juice,orange juice,Spring Basket 01,spring basket 01,10-10,https://buddy.farm/i/orange-juice/,https://buddy.farm/page-data/i/orange-juice/page-data.json,,buddy-item-multi-source-v1,,
openable_reverse,Orange Juice,orange juice,Christmas Present 05,christmas present 05,50-50,https://buddy.farm/i/orange-juice/,https://buddy.farm/page-data/i/orange-juice/page-data.json,,buddy-item-multi-source-v1,,
openable_reverse,Orange Juice,orange juice,Giving Box 01,giving box 01,250-250,https://buddy.farm/i/orange-juice/,https://buddy.farm/page-data/i/orange-juice/page-data.json,,buddy-item-multi-source-v1,,
openable_reverse,Orange Juice,orange juice,Grab Bag 06,grab bag 06,10-20,https://buddy.farm/i/orange-juice/,https://buddy.farm/page-data/i/orange-juice/page-data.json,,buddy-item-multi-source-v1,,
openable_reverse,Orange Juice,orange juice,Lovely Present,lovely present,100-100,https://buddy.farm/i/orange-juice/,https://buddy.farm/page-data/i/orange-juice/page-data.json,,buddy-item-multi-source-v1,,
openable_reverse,Orange Juice,orange juice,Spring Basket 02,spring basket 02,150-150,https://buddy.farm/i/orange-juice/,https://buddy.farm/page-data/i/orange-juice/page-data.json,,buddy-item-multi-source-v1,,
openable_reverse,Orange Juice,orange juice,Buddy's Beach Bag,buddy s beach bag,100-100,https://buddy.farm/i/orange-juice/,https://buddy.farm/page-data/i/orange-juice/page-data.json,,buddy-item-multi-source-v1,,
openable_reverse,Orange Juice,orange juice,Picnic Basket 01,picnic basket 01,250-250,https://buddy.farm/i/orange-juice/,https://buddy.farm/page-data/i/orange-juice/page-data.json,,buddy-item-multi-source-v1,,
openable_reverse,Orange Juice,orange juice,Rosalie's Beach Tote,rosalie s beach tote,30-30,https://buddy.farm/i/orange-juice/,https://buddy.farm/page-data/i/orange-juice/page-data.json,,buddy-item-multi-source-v1,,
openable_reverse,Orange Juice,orange juice,Drink Bundle,drink bundle,100-100,https://buddy.farm/i/orange-juice/,https://buddy.farm/page-data/i/orange-juice/page-data.json,,buddy-item-multi-source-v1,,
openable_reverse,Orange Juice,orange juice,Summer Basket,summer basket,25-25,https://buddy.farm/i/orange-juice/,https://buddy.farm/page-data/i/orange-juice/page-data.json,,buddy-item-multi-source-v1,,
openable_reverse,Orange Juice,orange juice,Fancy Present,fancy present,100-100,https://buddy.farm/i/orange-juice/,https://buddy.farm/page-data/i/orange-juice/page-data.json,,buddy-item-multi-source-v1,,
openable_reverse,Orange Juice,orange juice,Frozen Chest 02,frozen chest 02,25-25,https://buddy.farm/i/orange-juice/,https://buddy.farm/page-data/i/orange-juice/page-data.json,,buddy-item-multi-source-v1,,
openable_reverse,Orange Juice,orange juice,Christmas Present 02,christmas present 02,20-20,https://buddy.farm/i/orange-juice/,https://buddy.farm/page-data/i/orange-juice/page-data.json,,buddy-item-multi-source-v1,,
openable_reverse,Orange Juice,orange juice,Frozen Chest 03,frozen chest 03,125-125,https://buddy.farm/i/orange-juice/,https://buddy.farm/page-data/i/orange-juice/page-data.json,,buddy-item-multi-source-v1,,
openable_reverse,Orange Juice,orange juice,Shiny Present,shiny present,100-100,https://buddy.farm/i/orange-juice/,https://buddy.farm/page-data/i/orange-juice/page-data.json,,buddy-item-multi-source-v1,,
openable_reverse,Orange Juice,orange juice,Spring Basket 03,spring basket 03,200-200,https://buddy.farm/i/orange-juice/,https://buddy.farm/page-data/i/orange-juice/page-data.json,,buddy-item-multi-source-v1,,
openable_reverse,Over The Moon,over the moon,Holger's Lunch Box,holger s lunch box,5-5,https://buddy.farm/i/over-the-moon/,https://buddy.farm/page-data/i/over-the-moon/page-data.json,,buddy-item-multi-source-v1,,
openable_reverse,Peach Juice,peach juice,Summer Basket,summer basket,2-2,https://buddy.farm/i/peach-juice/,https://buddy.farm/page-data/i/peach-juice/page-data.json,,buddy-item-multi-source-v1,,
openable_reverse,Peach Juice,peach juice,Holger's Lunch Box,holger s lunch box,3-3,https://buddy.farm/i/peach-juice/,https://buddy.farm/page-data/i/peach-juice/page-data.json,,buddy-item-multi-source-v1,,
openable_reverse,Pearl,pearl,Large Chest 01,large chest 01,50-50,https://buddy.farm/i/pearl/,https://buddy.farm/page-data/i/pearl/page-data.json,,buddy-item-multi-source-v1,,
openable_reverse,Pearl,pearl,Christmas Present 08,christmas present 08,80-80,https://buddy.farm/i/pearl/,https://buddy.farm/page-data/i/pearl/page-data.json,,buddy-item-multi-source-v1,,
openable_reverse,Peas,peas,Christmas Present 06,christmas present 06,60-60,https://buddy.farm/i/peas/,https://buddy.farm/page-data/i/peas/page-data.json,,buddy-item-multi-source-v1,,
openable_reverse,Pencil,pencil,Buddy's School Bag,buddy s school bag,1-1,https://buddy.farm/i/pencil/,https://buddy.farm/page-data/i/pencil/page-data.json,,buddy-item-multi-source-v1,,
openable_reverse,Pepper Seeds,pepper seeds,Welcome Card,welcome card,8-8,https://buddy.farm/i/pepper-seeds/,https://buddy.farm/page-data/i/pepper-seeds/page-data.json,,buddy-item-multi-source-v1,,
openable_reverse,Peppers,peppers,Christmas Present 06,christmas present 06,60-60,https://buddy.farm/i/peppers/,https://buddy.farm/page-data/i/peppers/page-data.json,,buddy-item-multi-source-v1,,
openable_reverse,Perfect Paint Palette,perfect paint palette,Friendship Bag 01,friendship bag 01,1-3,https://buddy.farm/i/perfect-paint-palette/,https://buddy.farm/page-data/i/perfect-paint-palette/page-data.json,,buddy-item-multi-source-v1,,
openable_reverse,Pet Treat,pet treat,Buddy's Beach Bag,buddy s beach bag,12-12,https://buddy.farm/i/pet-treat/,https://buddy.farm/page-data/i/pet-treat/page-data.json,,buddy-item-multi-source-v1,,
openable_reverse,Pet Treat,pet treat,Frozen Chest 03,frozen chest 03,12-12,https://buddy.farm/i/pet-treat/,https://buddy.farm/page-data/i/pet-treat/page-data.json,,buddy-item-multi-source-v1,,
openable_reverse,Pet Treat,pet treat,Traveler's Bag 01,traveler s bag 01,12-12,https://buddy.farm/i/pet-treat/,https://buddy.farm/page-data/i/pet-treat/page-data.json,,buddy-item-multi-source-v1,,
openable_reverse,PHR Voucher,phr voucher,Heart-shaped Box 03,heart shaped box 03,3-3,https://buddy.farm/i/phr-voucher/,https://buddy.farm/page-data/i/phr-voucher/page-data.json,,buddy-item-multi-source-v1,,
openable_reverse,PHR Voucher,phr voucher,Traveler's Bag 01,traveler s bag 01,3-3,https://buddy.farm/i/phr-voucher/,https://buddy.farm/page-data/i/phr-voucher/page-data.json,,buddy-item-multi-source-v1,,
openable_reverse,Picnic Basket 01,picnic basket 01,Garden Crate 01,garden crate 01,1-1,https://buddy.farm/i/picnic-basket-01/,https://buddy.farm/page-data/i/picnic-basket-01/page-data.json,,buddy-item-multi-source-v1,,
openable_reverse,Piece of Heart,piece of heart,Borgen Bag 01,borgen bag 01,1-3,https://buddy.farm/i/piece-of-heart/,https://buddy.farm/page-data/i/piece-of-heart/page-data.json,,buddy-item-multi-source-v1,,
openable_reverse,Piece of Heart,piece of heart,Heart-shaped Box 02,heart shaped box 02,1-1,https://buddy.farm/i/piece-of-heart/,https://buddy.farm/page-data/i/piece-of-heart/page-data.json,,buddy-item-multi-source-v1,,
openable_reverse,Piece of Heart,piece of heart,Heart-shaped Box 03,heart shaped box 03,1-1,https://buddy.farm/i/piece-of-heart/,https://buddy.farm/page-data/i/piece-of-heart/page-data.json,,buddy-item-multi-source-v1,,
openable_reverse,Planet Egg,planet egg,Galactic Egg Basket,galactic egg basket,1-3,https://buddy.farm/i/planet-egg/,https://buddy.farm/page-data/i/planet-egg/page-data.json,,buddy-item-multi-source-v1,,
openable_reverse,Popcorn,popcorn,Corn Prize Bag,corn prize bag,1-1,https://buddy.farm/i/popcorn/,https://buddy.farm/page-data/i/popcorn/page-data.json,,buddy-item-multi-source-v1,,
openable_reverse,Potato,potato,Grab Bag 01,grab bag 01,10-50,https://buddy.farm/i/potato/,https://buddy.farm/page-data/i/potato/page-data.json,,buddy-item-multi-source-v1,,
openable_reverse,Prism Shell,prism shell,Friendship Bag 01,friendship bag 01,1-3,https://buddy.farm/i/prism-shell/,https://buddy.farm/page-data/i/prism-shell/page-data.json,,buddy-item-multi-source-v1,,
openable_reverse,Protein Bar,protein bar,Frozen Chest 02,frozen chest 02,1-1,https://buddy.farm/i/protein-bar/,https://buddy.farm/page-data/i/protein-bar/page-data.json,,buddy-item-multi-source-v1,,
openable_reverse,Protein Bar,protein bar,Tower Prep Pack 01,tower prep pack 01,2-2,https://buddy.farm/i/protein-bar/,https://buddy.farm/page-data/i/protein-bar/page-data.json,,buddy-item-multi-source-v1,,
openable_reverse,Protein Bar,protein bar,Buddy's School Bag,buddy s school bag,3-3,https://buddy.farm/i/protein-bar/,https://buddy.farm/page-data/i/protein-bar/page-data.json,,buddy-item-multi-source-v1,,
openable_reverse,Protein Bar,protein bar,Baba's Snack Pack,baba s snack pack,2-2,https://buddy.farm/i/protein-bar/,https://buddy.farm/page-data/i/protein-bar/page-data.json,,buddy-item-multi-source-v1,,
openable_reverse,Protein Bar,protein bar,Thomas's Tavern Tote,thomas s tavern tote,1-1,https://buddy.farm/i/protein-bar/,https://buddy.farm/page-data/i/protein-bar/page-data.json,,buddy-item-multi-source-v1,,
openable_reverse,Protein Bar,protein bar,Traveler's Bag 01,traveler s bag 01,2-2,https://buddy.farm/i/protein-bar/,https://buddy.farm/page-data/i/protein-bar/page-data.json,,buddy-item-multi-source-v1,,
openable_reverse,Prune Juice,prune juice,Tower Prep Pack 01,tower prep pack 01,1-1,https://buddy.farm/i/prune-juice/,https://buddy.farm/page-data/i/prune-juice/page-data.json,,buddy-item-multi-source-v1,,
openable_reverse,Prune Juice,prune juice,Harvest Bundle 01,harvest bundle 01,3-3,https://buddy.farm/i/prune-juice/,https://buddy.farm/page-data/i/prune-juice/page-data.json,,buddy-item-multi-source-v1,,
openable_reverse,Prune Juice,prune juice,Beatrix's Booming Brawl Box 01,beatrix s booming brawl box 01,4-4,https://buddy.farm/i/prune-juice/,https://buddy.farm/page-data/i/prune-juice/page-data.json,,buddy-item-multi-source-v1,,
openable_reverse,Prune Juice,prune juice,Beatrix's Booming Brawl Box 02,beatrix s booming brawl box 02,5-5,https://buddy.farm/i/prune-juice/,https://buddy.farm/page-data/i/prune-juice/page-data.json,,buddy-item-multi-source-v1,,
openable_reverse,Prune Juice,prune juice,Giving Box 01,giving box 01,2-2,https://buddy.farm/i/prune-juice/,https://buddy.farm/page-data/i/prune-juice/page-data.json,,buddy-item-multi-source-v1,,
openable_reverse,Prune Juice,prune juice,Traveler's Bag 01,traveler s bag 01,3-3,https://buddy.farm/i/prune-juice/,https://buddy.farm/page-data/i/prune-juice/page-data.json,,buddy-item-multi-source-v1,,
openable_reverse,Pumpkin,pumpkin,Fall Basket,fall basket,2-2,https://buddy.farm/i/pumpkin/,https://buddy.farm/page-data/i/pumpkin/page-data.json,,buddy-item-multi-source-v1,,
openable_reverse,Pumpkin,pumpkin,Cornucopia 01,cornucopia 01,1-1,https://buddy.farm/i/pumpkin/,https://buddy.farm/page-data/i/pumpkin/page-data.json,,buddy-item-multi-source-v1,,
openable_reverse,Pumpkin,pumpkin,Cornucopia 02,cornucopia 02,75-75,https://buddy.farm/i/pumpkin/,https://buddy.farm/page-data/i/pumpkin/page-data.json,,buddy-item-multi-source-v1,,
openable_reverse,Pumpkin Juice,pumpkin juice,Tower Prep Pack 01,tower prep pack 01,1-1,https://buddy.farm/i/pumpkin-juice/,https://buddy.farm/page-data/i/pumpkin-juice/page-data.json,,buddy-item-multi-source-v1,,
openable_reverse,Pumpkin Juice,pumpkin juice,Treat Bag 06,treat bag 06,2-2,https://buddy.farm/i/pumpkin-juice/,https://buddy.farm/page-data/i/pumpkin-juice/page-data.json,,buddy-item-multi-source-v1,,
openable_reverse,Pumpkin Juice,pumpkin juice,Traveler's Bag 01,traveler s bag 01,2-2,https://buddy.farm/i/pumpkin-juice/,https://buddy.farm/page-data/i/pumpkin-juice/page-data.json,,buddy-item-multi-source-v1,,
openable_reverse,Purple Flower,purple flower,frank's Basket,frank s basket,3-3,https://buddy.farm/i/purple-flower/,https://buddy.farm/page-data/i/purple-flower/page-data.json,,buddy-item-multi-source-v1,,
openable_reverse,Purple Flower,purple flower,Christmas Present 09,christmas present 09,90-90,https://buddy.farm/i/purple-flower/,https://buddy.farm/page-data/i/purple-flower/page-data.json,,buddy-item-multi-source-v1,,
openable_reverse,Quandary Chowder,quandary chowder,Holger's Lunch Box,holger s lunch box,5-5,https://buddy.farm/i/quandary-chowder/,https://buddy.farm/page-data/i/quandary-chowder/page-data.json,,buddy-item-multi-source-v1,,
openable_reverse,Quandary Chowder,quandary chowder,Supply Bag 01,supply bag 01,1-1,https://buddy.farm/i/quandary-chowder/,https://buddy.farm/page-data/i/quandary-chowder/page-data.json,,buddy-item-multi-source-v1,,
openable_reverse,Quandary Chowder,quandary chowder,Supply Crate 01,supply crate 01,2-2,https://buddy.farm/i/quandary-chowder/,https://buddy.farm/page-data/i/quandary-chowder/page-data.json,,buddy-item-multi-source-v1,,
openable_reverse,Quandary Chowder,quandary chowder,Picnic Basket 01,picnic basket 01,3-3,https://buddy.farm/i/quandary-chowder/,https://buddy.farm/page-data/i/quandary-chowder/page-data.json,,buddy-item-multi-source-v1,,
openable_reverse,Radish,radish,Christmas Present 06,christmas present 06,60-60,https://buddy.farm/i/radish/,https://buddy.farm/page-data/i/radish/page-data.json,,buddy-item-multi-source-v1,,
openable_reverse,Raffle Ticket,raffle ticket,Apple Crate 02,apple crate 02,10-10,https://buddy.farm/i/raffle-ticket/,https://buddy.farm/page-data/i/raffle-ticket/page-data.json,,buddy-item-multi-source-v1,,
openable_reverse,Raffle Ticket,raffle ticket,Apple Crate 01,apple crate 01,10-10,https://buddy.farm/i/raffle-ticket/,https://buddy.farm/page-data/i/raffle-ticket/page-data.json,,buddy-item-multi-source-v1,,
openable_reverse,Raffle Ticket,raffle ticket,Apple Basket,apple basket,10-10,https://buddy.farm/i/raffle-ticket/,https://buddy.farm/page-data/i/raffle-ticket/page-data.json,,buddy-item-multi-source-v1,,
openable_reverse,Ramjoram's Mask,ramjoram s mask,Friendship Bag 01,friendship bag 01,1-3,https://buddy.farm/i/ramjoram-s-mask/,https://buddy.farm/page-data/i/ramjoram-s-mask/page-data.json,,buddy-item-multi-source-v1,,
openable_reverse,Raptor Claw,raptor claw,Borgen Bag 01,borgen bag 01,10-100,https://buddy.farm/i/raptor-claw/,https://buddy.farm/page-data/i/raptor-claw/page-data.json,,buddy-item-multi-source-v1,,
openable_reverse,Re'taw,re taw,Frozen Chest 01,frozen chest 01,10-10,https://buddy.farm/i/re-taw/,https://buddy.farm/page-data/i/re-taw/page-data.json,,buddy-item-multi-source-v1,,
openable_reverse,Red Dye,red dye,Box of Chocolate 02,box of chocolate 02,5-5,https://buddy.farm/i/red-dye/,https://buddy.farm/page-data/i/red-dye/page-data.json,,buddy-item-multi-source-v1,,
openable_reverse,Red Dye,red dye,Summer Basket,summer basket,5-5,https://buddy.farm/i/red-dye/,https://buddy.farm/page-data/i/red-dye/page-data.json,,buddy-item-multi-source-v1,,
openable_reverse,Red Rocket,red rocket,Beatrix's Booming Brawl Box 02,beatrix s booming brawl box 02,2-2,https://buddy.farm/i/red-rocket/,https://buddy.farm/page-data/i/red-rocket/page-data.json,,buddy-item-multi-source-v1,,
openable_reverse,Red Shield,red shield,Mystical Chest 02,mystical chest 02,3-3,https://buddy.farm/i/red-shield/,https://buddy.farm/page-data/i/red-shield/page-data.json,,buddy-item-multi-source-v1,,
openable_reverse,Red Shield,red shield,Box of Chocolate 02,box of chocolate 02,3-3,https://buddy.farm/i/red-shield/,https://buddy.farm/page-data/i/red-shield/page-data.json,,buddy-item-multi-source-v1,,
openable_reverse,Refined Corn Quartz,refined corn quartz,Friendship Bag 01,friendship bag 01,1-3,https://buddy.farm/i/refined-corn-quartz/,https://buddy.farm/page-data/i/refined-corn-quartz/page-data.json,,buddy-item-multi-source-v1,,
openable_reverse,Reindeer Headband,reindeer headband,Fancy Present,fancy present,2-2,https://buddy.farm/i/reindeer-headband/,https://buddy.farm/page-data/i/reindeer-headband/page-data.json,,buddy-item-multi-source-v1,,
openable_reverse,Rope,rope,Small Chest 02,small chest 02,10-10,https://buddy.farm/i/rope/,https://buddy.farm/page-data/i/rope/page-data.json,,buddy-item-multi-source-v1,,
openable_reverse,Rosalie's Beach Tote,rosalie s beach tote,Birthday Surprise Box 04,birthday surprise box 04,1-2,https://buddy.farm/i/rosalie-s-beach-tote/,https://buddy.farm/page-data/i/rosalie-s-beach-tote/page-data.json,,buddy-item-multi-source-v1,,
openable_reverse,Rosalie's Beach Tote,rosalie s beach tote,Birthday Surprise Box 05,birthday surprise box 05,1-2,https://buddy.farm/i/rosalie-s-beach-tote/,https://buddy.farm/page-data/i/rosalie-s-beach-tote/page-data.json,,buddy-item-multi-source-v1,,
openable_reverse,Ruby,ruby,Large Chest 01,large chest 01,50-50,https://buddy.farm/i/ruby/,https://buddy.farm/page-data/i/ruby/page-data.json,,buddy-item-multi-source-v1,,
openable_reverse,Ruby,ruby,Christmas Present 10,christmas present 10,100-100,https://buddy.farm/i/ruby/,https://buddy.farm/page-data/i/ruby/page-data.json,,buddy-item-multi-source-v1,,
openable_reverse,Ruby,ruby,Small Chest 01,small chest 01,10-10,https://buddy.farm/i/ruby/,https://buddy.farm/page-data/i/ruby/page-data.json,,buddy-item-multi-source-v1,,
openable_reverse,Ruby Ring,ruby ring,Medium Chest 02,medium chest 02,5-5,https://buddy.farm/i/ruby-ring/,https://buddy.farm/page-data/i/ruby-ring/page-data.json,,buddy-item-multi-source-v1,,
openable_reverse,Ruby Scorpion,ruby scorpion,Bug Bag 01,bug bag 01,1-10,https://buddy.farm/i/ruby-scorpion/,https://buddy.farm/page-data/i/ruby-scorpion/page-data.json,,buddy-item-multi-source-v1,,
openable_reverse,Rudolph Buddy Doll,rudolph buddy doll,Buddy Doll Bag 01,buddy doll bag 01,1-1,https://buddy.farm/i/rudolph-buddy-doll/,https://buddy.farm/page-data/i/rudolph-buddy-doll/page-data.json,,buddy-item-multi-source-v1,,
openable_reverse,Runestone 01,runestone 01,Grab Bag 04,grab bag 04,1-2,https://buddy.farm/i/runestone-01/,https://buddy.farm/page-data/i/runestone-01/page-data.json,,buddy-item-multi-source-v1,,
openable_reverse,Runestone 02,runestone 02,Grab Bag 04,grab bag 04,1-2,https://buddy.farm/i/runestone-02/,https://buddy.farm/page-data/i/runestone-02/page-data.json,,buddy-item-multi-source-v1,,
openable_reverse,Runestone 03,runestone 03,Grab Bag 04,grab bag 04,1-2,https://buddy.farm/i/runestone-03/,https://buddy.farm/page-data/i/runestone-03/page-data.json,,buddy-item-multi-source-v1,,
openable_reverse,Runestone 04,runestone 04,Bag of Presents 01,bag of presents 01,1-1,https://buddy.farm/i/runestone-04/,https://buddy.farm/page-data/i/runestone-04/page-data.json,,buddy-item-multi-source-v1,,
openable_reverse,Runestone 04,runestone 04,Grab Bag 04,grab bag 04,1-2,https://buddy.farm/i/runestone-04/,https://buddy.farm/page-data/i/runestone-04/page-data.json,,buddy-item-multi-source-v1,,
openable_reverse,Runestone 05,runestone 05,Grab Bag 04,grab bag 04,1-2,https://buddy.farm/i/runestone-05/,https://buddy.farm/page-data/i/runestone-05/page-data.json,,buddy-item-multi-source-v1,,
openable_reverse,Runestone 06,runestone 06,Grab Bag 04,grab bag 04,1-2,https://buddy.farm/i/runestone-06/,https://buddy.farm/page-data/i/runestone-06/page-data.json,,buddy-item-multi-source-v1,,
openable_reverse,Runestone 07,runestone 07,Grab Bag 04,grab bag 04,1-2,https://buddy.farm/i/runestone-07/,https://buddy.farm/page-data/i/runestone-07/page-data.json,,buddy-item-multi-source-v1,,
openable_reverse,Runestone 08,runestone 08,Grab Bag 04,grab bag 04,1-2,https://buddy.farm/i/runestone-08/,https://buddy.farm/page-data/i/runestone-08/page-data.json,,buddy-item-multi-source-v1,,
openable_reverse,Runestone 09,runestone 09,Grab Bag 04,grab bag 04,1-2,https://buddy.farm/i/runestone-09/,https://buddy.farm/page-data/i/runestone-09/page-data.json,,buddy-item-multi-source-v1,,
openable_reverse,Runestone 10,runestone 10,Grab Bag 04,grab bag 04,1-2,https://buddy.farm/i/runestone-10/,https://buddy.farm/page-data/i/runestone-10/page-data.json,,buddy-item-multi-source-v1,,
openable_reverse,Runestone 11,runestone 11,Corn Prize Bag,corn prize bag,1-1,https://buddy.farm/i/runestone-11/,https://buddy.farm/page-data/i/runestone-11/page-data.json,,buddy-item-multi-source-v1,,
openable_reverse,Runestone 11,runestone 11,Grab Bag 05,grab bag 05,1-2,https://buddy.farm/i/runestone-11/,https://buddy.farm/page-data/i/runestone-11/page-data.json,,buddy-item-multi-source-v1,,
openable_reverse,Runestone 12,runestone 12,Grab Bag 05,grab bag 05,1-2,https://buddy.farm/i/runestone-12/,https://buddy.farm/page-data/i/runestone-12/page-data.json,,buddy-item-multi-source-v1,,
openable_reverse,Runestone 13,runestone 13,Grab Bag 05,grab bag 05,1-2,https://buddy.farm/i/runestone-13/,https://buddy.farm/page-data/i/runestone-13/page-data.json,,buddy-item-multi-source-v1,,
openable_reverse,Runestone 14,runestone 14,Grab Bag 05,grab bag 05,1-2,https://buddy.farm/i/runestone-14/,https://buddy.farm/page-data/i/runestone-14/page-data.json,,buddy-item-multi-source-v1,,
openable_reverse,Runestone 15,runestone 15,Grab Bag 05,grab bag 05,1-2,https://buddy.farm/i/runestone-15/,https://buddy.farm/page-data/i/runestone-15/page-data.json,,buddy-item-multi-source-v1,,
openable_reverse,Runestone 16,runestone 16,Grab Bag 05,grab bag 05,1-2,https://buddy.farm/i/runestone-16/,https://buddy.farm/page-data/i/runestone-16/page-data.json,,buddy-item-multi-source-v1,,
openable_reverse,Runestone 17,runestone 17,Grab Bag 05,grab bag 05,1-2,https://buddy.farm/i/runestone-17/,https://buddy.farm/page-data/i/runestone-17/page-data.json,,buddy-item-multi-source-v1,,
openable_reverse,Runestone 18,runestone 18,Grab Bag 05,grab bag 05,1-2,https://buddy.farm/i/runestone-18/,https://buddy.farm/page-data/i/runestone-18/page-data.json,,buddy-item-multi-source-v1,,
openable_reverse,Runestone 18,runestone 18,Bag of Presents 01,bag of presents 01,1-1,https://buddy.farm/i/runestone-18/,https://buddy.farm/page-data/i/runestone-18/page-data.json,,buddy-item-multi-source-v1,,
openable_reverse,Runestone 19,runestone 19,Grab Bag 05,grab bag 05,1-2,https://buddy.farm/i/runestone-19/,https://buddy.farm/page-data/i/runestone-19/page-data.json,,buddy-item-multi-source-v1,,
openable_reverse,Runestone 20,runestone 20,Grab Bag 05,grab bag 05,1-2,https://buddy.farm/i/runestone-20/,https://buddy.farm/page-data/i/runestone-20/page-data.json,,buddy-item-multi-source-v1,,
openable_reverse,Safety Goggles,safety goggles,Beatrix's Booming Brawl Box 01,beatrix s booming brawl box 01,2-2,https://buddy.farm/i/safety-goggles/,https://buddy.farm/page-data/i/safety-goggles/page-data.json,,buddy-item-multi-source-v1,,
openable_reverse,Safety Mask,safety mask,Beatrix's Booming Brawl Box 02,beatrix s booming brawl box 02,1-1,https://buddy.farm/i/safety-mask/,https://buddy.farm/page-data/i/safety-mask/page-data.json,,buddy-item-multi-source-v1,,
openable_reverse,Salt,salt,Large Chest 03,large chest 03,10-10,https://buddy.farm/i/salt/,https://buddy.farm/page-data/i/salt/page-data.json,,buddy-item-multi-source-v1,,
openable_reverse,Salt,salt,Corn Prize Bag,corn prize bag,25-25,https://buddy.farm/i/salt/,https://buddy.farm/page-data/i/salt/page-data.json,,buddy-item-multi-source-v1,,
openable_reverse,Sand,sand,Rosalie's Beach Tote,rosalie s beach tote,1-1,https://buddy.farm/i/sand/,https://buddy.farm/page-data/i/sand/page-data.json,,buddy-item-multi-source-v1,,
openable_reverse,Sand Castle Bucket,sand castle bucket,Buddy's Beach Bag,buddy s beach bag,1-1,https://buddy.farm/i/sand-castle-bucket/,https://buddy.farm/page-data/i/sand-castle-bucket/page-data.json,,buddy-item-multi-source-v1,,
openable_reverse,Sand Castle Bucket,sand castle bucket,Rosalie's Beach Tote,rosalie s beach tote,2-2,https://buddy.farm/i/sand-castle-bucket/,https://buddy.farm/page-data/i/sand-castle-bucket/page-data.json,,buddy-item-multi-source-v1,,
openable_reverse,Sand Dollar,sand dollar,Summer Basket,summer basket,3-3,https://buddy.farm/i/sand-dollar/,https://buddy.farm/page-data/i/sand-dollar/page-data.json,,buddy-item-multi-source-v1,,
openable_reverse,Sand Dollar,sand dollar,Rosalie's Beach Tote,rosalie s beach tote,1-1,https://buddy.farm/i/sand-dollar/,https://buddy.farm/page-data/i/sand-dollar/page-data.json,,buddy-item-multi-source-v1,,
openable_reverse,Sand Shovel,sand shovel,Rosalie's Beach Tote,rosalie s beach tote,2-2,https://buddy.farm/i/sand-shovel/,https://buddy.farm/page-data/i/sand-shovel/page-data.json,,buddy-item-multi-source-v1,,
openable_reverse,Sand Shovel,sand shovel,Buddy's Beach Bag,buddy s beach bag,1-1,https://buddy.farm/i/sand-shovel/,https://buddy.farm/page-data/i/sand-shovel/page-data.json,,buddy-item-multi-source-v1,,
openable_reverse,Santa Buddy Doll,santa buddy doll,Buddy Doll Bag 01,buddy doll bag 01,1-1,https://buddy.farm/i/santa-buddy-doll/,https://buddy.farm/page-data/i/santa-buddy-doll/page-data.json,,buddy-item-multi-source-v1,,
openable_reverse,Scissors,scissors,Christmas Present 09,christmas present 09,90-90,https://buddy.farm/i/scissors/,https://buddy.farm/page-data/i/scissors/page-data.json,,buddy-item-multi-source-v1,,
openable_reverse,Sea Pincher Special,sea pincher special,Supply Bag 02,supply bag 02,1-1,https://buddy.farm/i/sea-pincher-special/,https://buddy.farm/page-data/i/sea-pincher-special/page-data.json,,buddy-item-multi-source-v1,,
openable_reverse,Sea Pincher Special,sea pincher special,Supply Crate 02,supply crate 02,2-2,https://buddy.farm/i/sea-pincher-special/,https://buddy.farm/page-data/i/sea-pincher-special/page-data.json,,buddy-item-multi-source-v1,,
openable_reverse,Sea Pincher Special,sea pincher special,Picnic Basket 01,picnic basket 01,3-3,https://buddy.farm/i/sea-pincher-special/,https://buddy.farm/page-data/i/sea-pincher-special/page-data.json,,buddy-item-multi-source-v1,,
openable_reverse,Shamrock Milk,shamrock milk,Spring Basket 03,spring basket 03,4-4,https://buddy.farm/i/shamrock-milk/,https://buddy.farm/page-data/i/shamrock-milk/page-data.json,,buddy-item-multi-source-v1,,
openable_reverse,Shark Jaws,shark jaws,Buddy's Beach Bag,buddy s beach bag,1-1,https://buddy.farm/i/shark-jaws/,https://buddy.farm/page-data/i/shark-jaws/page-data.json,,buddy-item-multi-source-v1,,
openable_reverse,Shark Jaws,shark jaws,Traveler's Bag 01,traveler s bag 01,1-1,https://buddy.farm/i/shark-jaws/,https://buddy.farm/page-data/i/shark-jaws/page-data.json,,buddy-item-multi-source-v1,,
openable_reverse,Shark Tooth,shark tooth,Rosalie's Beach Tote,rosalie s beach tote,2-2,https://buddy.farm/i/shark-tooth/,https://buddy.farm/page-data/i/shark-tooth/page-data.json,,buddy-item-multi-source-v1,,
openable_reverse,Shillelagh,shillelagh,Green Backpack,green backpack,2-2,https://buddy.farm/i/shillelagh/,https://buddy.farm/page-data/i/shillelagh/page-data.json,,buddy-item-multi-source-v1,,
openable_reverse,Shimmer Ring,shimmer ring,Medium Chest 02,medium chest 02,5-5,https://buddy.farm/i/shimmer-ring/,https://buddy.farm/page-data/i/shimmer-ring/page-data.json,,buddy-item-multi-source-v1,,
openable_reverse,Shimmer Ring,shimmer ring,Mystical Chest 01,mystical chest 01,10-10,https://buddy.farm/i/shimmer-ring/,https://buddy.farm/page-data/i/shimmer-ring/page-data.json,,buddy-item-multi-source-v1,,
openable_reverse,Shimmer Topaz,shimmer topaz,Large Chest 01,large chest 01,50-50,https://buddy.farm/i/shimmer-topaz/,https://buddy.farm/page-data/i/shimmer-topaz/page-data.json,,buddy-item-multi-source-v1,,
openable_reverse,Shinefish,shinefish,Large Chest 03,large chest 03,1-1,https://buddy.farm/i/shinefish/,https://buddy.farm/page-data/i/shinefish/page-data.json,,buddy-item-multi-source-v1,,
openable_reverse,Shiny Beetle,shiny beetle,Christmas Present 10,christmas present 10,100-100,https://buddy.farm/i/shiny-beetle/,https://buddy.farm/page-data/i/shiny-beetle/page-data.json,,buddy-item-multi-source-v1,,
openable_reverse,Shiny Beetle,shiny beetle,Grab Bag 02,grab bag 02,10-25,https://buddy.farm/i/shiny-beetle/,https://buddy.farm/page-data/i/shiny-beetle/page-data.json,,buddy-item-multi-source-v1,,
openable_reverse,Shiny Beetle,shiny beetle,Bug Bag 01,bug bag 01,1-10,https://buddy.farm/i/shiny-beetle/,https://buddy.farm/page-data/i/shiny-beetle/page-data.json,,buddy-item-multi-source-v1,,
openable_reverse,Shiny Present,shiny present,Birthday Surprise Box 04,birthday surprise box 04,1-2,https://buddy.farm/i/shiny-present/,https://buddy.farm/page-data/i/shiny-present/page-data.json,,buddy-item-multi-source-v1,,
openable_reverse,Shiny Present,shiny present,Birthday Surprise Box 05,birthday surprise box 05,1-2,https://buddy.farm/i/shiny-present/,https://buddy.farm/page-data/i/shiny-present/page-data.json,,buddy-item-multi-source-v1,,
openable_reverse,Shrimp,shrimp,Christmas Present 08,christmas present 08,80-80,https://buddy.farm/i/shrimp/,https://buddy.farm/page-data/i/shrimp/page-data.json,,buddy-item-multi-source-v1,,
openable_reverse,Shrimp-a-Plenty,shrimp a plenty,Holger's Lunch Box,holger s lunch box,5-5,https://buddy.farm/i/shrimp-a-plenty/,https://buddy.farm/page-data/i/shrimp-a-plenty/page-data.json,,buddy-item-multi-source-v1,,
openable_reverse,Shrimp-a-Plenty,shrimp a plenty,Supply Crate 01,supply crate 01,1-1,https://buddy.farm/i/shrimp-a-plenty/,https://buddy.farm/page-data/i/shrimp-a-plenty/page-data.json,,buddy-item-multi-source-v1,,
openable_reverse,Shrimp-a-Plenty,shrimp a plenty,Supply Crate 02,supply crate 02,1-1,https://buddy.farm/i/shrimp-a-plenty/,https://buddy.farm/page-data/i/shrimp-a-plenty/page-data.json,,buddy-item-multi-source-v1,,
openable_reverse,Skeleton Key,skeleton key,Grab Bag 08,grab bag 08,1-1,https://buddy.farm/i/skeleton-key/,https://buddy.farm/page-data/i/skeleton-key/page-data.json,,buddy-item-multi-source-v1,,
openable_reverse,Skull Coin,skull coin,Mystical Chest 02,mystical chest 02,1-1,https://buddy.farm/i/skull-coin/,https://buddy.farm/page-data/i/skull-coin/page-data.json,,buddy-item-multi-source-v1,,
openable_reverse,Skull Coin,skull coin,Grab Bag 06,grab bag 06,1-1,https://buddy.farm/i/skull-coin/,https://buddy.farm/page-data/i/skull-coin/page-data.json,,buddy-item-multi-source-v1,,
openable_reverse,Small Gear,small gear,Large Chest 02,large chest 02,3-3,https://buddy.farm/i/small-gear/,https://buddy.farm/page-data/i/small-gear/page-data.json,,buddy-item-multi-source-v1,,
openable_reverse,Small Key,small key,Grab Bag 08,grab bag 08,1-5,https://buddy.farm/i/small-key/,https://buddy.farm/page-data/i/small-key/page-data.json,,buddy-item-multi-source-v1,,
openable_reverse,Small Screw,small screw,Large Chest 02,large chest 02,8-8,https://buddy.farm/i/small-screw/,https://buddy.farm/page-data/i/small-screw/page-data.json,,buddy-item-multi-source-v1,,
openable_reverse,Small Spring,small spring,Large Chest 02,large chest 02,2-2,https://buddy.farm/i/small-spring/,https://buddy.farm/page-data/i/small-spring/page-data.json,,buddy-item-multi-source-v1,,
openable_reverse,Snail,snail,Grab Bag 02,grab bag 02,10-25,https://buddy.farm/i/snail/,https://buddy.farm/page-data/i/snail/page-data.json,,buddy-item-multi-source-v1,,
openable_reverse,Snail,snail,Bug Bag 01,bug bag 01,1-10,https://buddy.farm/i/snail/,https://buddy.farm/page-data/i/snail/page-data.json,,buddy-item-multi-source-v1,,
openable_reverse,Snow Globe,snow globe,Lovely Present,lovely present,1-1,https://buddy.farm/i/snow-globe/,https://buddy.farm/page-data/i/snow-globe/page-data.json,,buddy-item-multi-source-v1,,
openable_reverse,Snowball,snowball,Frozen Chest 02,frozen chest 02,100-100,https://buddy.farm/i/snowball/,https://buddy.farm/page-data/i/snowball/page-data.json,,buddy-item-multi-source-v1,,
openable_reverse,Snowball,snowball,Christmas Present 09,christmas present 09,90-90,https://buddy.farm/i/snowball/,https://buddy.farm/page-data/i/snowball/page-data.json,,buddy-item-multi-source-v1,,
openable_reverse,Snowball,snowball,Frozen Chest 03,frozen chest 03,100-100,https://buddy.farm/i/snowball/,https://buddy.farm/page-data/i/snowball/page-data.json,,buddy-item-multi-source-v1,,
openable_reverse,Snowball,snowball,Bag of Snowballs,bag of snowballs,400-400,https://buddy.farm/i/snowball/,https://buddy.farm/page-data/i/snowball/page-data.json,,buddy-item-multi-source-v1,,
openable_reverse,Snowball,snowball,Frozen Chest 01,frozen chest 01,100-100,https://buddy.farm/i/snowball/,https://buddy.farm/page-data/i/snowball/page-data.json,,buddy-item-multi-source-v1,,
openable_reverse,Snowflakes,snowflakes,Shiny Present,shiny present,100-100,https://buddy.farm/i/snowflakes/,https://buddy.farm/page-data/i/snowflakes/page-data.json,,buddy-item-multi-source-v1,,
openable_reverse,Snowflakes,snowflakes,Holiday Cheer Bundle 01,holiday cheer bundle 01,100-100,https://buddy.farm/i/snowflakes/,https://buddy.farm/page-data/i/snowflakes/page-data.json,,buddy-item-multi-source-v1,,
openable_reverse,Snowflakes,snowflakes,Fancy Present,fancy present,100-100,https://buddy.farm/i/snowflakes/,https://buddy.farm/page-data/i/snowflakes/page-data.json,,buddy-item-multi-source-v1,,
openable_reverse,Snowman Buddy Doll,snowman buddy doll,Buddy Doll Bag 02,buddy doll bag 02,1-1,https://buddy.farm/i/snowman-buddy-doll/,https://buddy.farm/page-data/i/snowman-buddy-doll/page-data.json,,buddy-item-multi-source-v1,,
openable_reverse,Spades,spades,Stack of Cards,stack of cards,1-1,https://buddy.farm/i/spades/,https://buddy.farm/page-data/i/spades/page-data.json,,buddy-item-multi-source-v1,,
openable_reverse,Spades,spades,Backpack,backpack,1-1,https://buddy.farm/i/spades/,https://buddy.farm/page-data/i/spades/page-data.json,,buddy-item-multi-source-v1,,
openable_reverse,Spider,spider,Treat Bag 02,treat bag 02,1-1,https://buddy.farm/i/spider/,https://buddy.farm/page-data/i/spider/page-data.json,,buddy-item-multi-source-v1,,
openable_reverse,Spider,spider,Treat Bag 05,treat bag 05,1-1,https://buddy.farm/i/spider/,https://buddy.farm/page-data/i/spider/page-data.json,,buddy-item-multi-source-v1,,
openable_reverse,Spider,spider,Bug Bag 01,bug bag 01,1-10,https://buddy.farm/i/spider/,https://buddy.farm/page-data/i/spider/page-data.json,,buddy-item-multi-source-v1,,
openable_reverse,Spooky Cookies,spooky cookies,Treat Bag 04,treat bag 04,2-2,https://buddy.farm/i/spooky-cookies/,https://buddy.farm/page-data/i/spooky-cookies/page-data.json,,buddy-item-multi-source-v1,,
openable_reverse,Spooky Cookies,spooky cookies,Harvest Bundle 01,harvest bundle 01,3-3,https://buddy.farm/i/spooky-cookies/,https://buddy.farm/page-data/i/spooky-cookies/page-data.json,,buddy-item-multi-source-v1,,
openable_reverse,Spooky Cookies,spooky cookies,Treat Bag 06,treat bag 06,1-1,https://buddy.farm/i/spooky-cookies/,https://buddy.farm/page-data/i/spooky-cookies/page-data.json,,buddy-item-multi-source-v1,,
openable_reverse,Spooky Cookies,spooky cookies,Treat Bag 05,treat bag 05,1-1,https://buddy.farm/i/spooky-cookies/,https://buddy.farm/page-data/i/spooky-cookies/page-data.json,,buddy-item-multi-source-v1,,
openable_reverse,Spooky Cookies,spooky cookies,Borgen Bag 01,borgen bag 01,1-1,https://buddy.farm/i/spooky-cookies/,https://buddy.farm/page-data/i/spooky-cookies/page-data.json,,buddy-item-multi-source-v1,,
openable_reverse,Spooky Doll,spooky doll,Treat Bag 05,treat bag 05,2-2,https://buddy.farm/i/spooky-doll/,https://buddy.farm/page-data/i/spooky-doll/page-data.json,,buddy-item-multi-source-v1,,
openable_reverse,Spooky Pie,spooky pie,Harvest Bundle 01,harvest bundle 01,3-3,https://buddy.farm/i/spooky-pie/,https://buddy.farm/page-data/i/spooky-pie/page-data.json,,buddy-item-multi-source-v1,,
openable_reverse,Spooky Pie,spooky pie,Treat Bag 06,treat bag 06,1-1,https://buddy.farm/i/spooky-pie/,https://buddy.farm/page-data/i/spooky-pie/page-data.json,,buddy-item-multi-source-v1,,
openable_reverse,Spooky Pie,spooky pie,Treat Bag 05,treat bag 05,1-1,https://buddy.farm/i/spooky-pie/,https://buddy.farm/page-data/i/spooky-pie/page-data.json,,buddy-item-multi-source-v1,,
openable_reverse,Spring Basket 01,spring basket 01,Birthday Surprise Box 03,birthday surprise box 03,1-2,https://buddy.farm/i/spring-basket-01/,https://buddy.farm/page-data/i/spring-basket-01/page-data.json,,buddy-item-multi-source-v1,,
openable_reverse,Spring Basket 01,spring basket 01,Birthday Surprise Box 04,birthday surprise box 04,1-2,https://buddy.farm/i/spring-basket-01/,https://buddy.farm/page-data/i/spring-basket-01/page-data.json,,buddy-item-multi-source-v1,,
openable_reverse,Spring Basket 01,spring basket 01,Birthday Surprise Box 05,birthday surprise box 05,1-2,https://buddy.farm/i/spring-basket-01/,https://buddy.farm/page-data/i/spring-basket-01/page-data.json,,buddy-item-multi-source-v1,,
openable_reverse,Spring Basket 02,spring basket 02,Birthday Surprise Box 04,birthday surprise box 04,1-2,https://buddy.farm/i/spring-basket-02/,https://buddy.farm/page-data/i/spring-basket-02/page-data.json,,buddy-item-multi-source-v1,,
openable_reverse,Spring Basket 02,spring basket 02,Birthday Surprise Box 05,birthday surprise box 05,1-2,https://buddy.farm/i/spring-basket-02/,https://buddy.farm/page-data/i/spring-basket-02/page-data.json,,buddy-item-multi-source-v1,,
openable_reverse,Spring Basket 03,spring basket 03,Birthday Surprise Box 05,birthday surprise box 05,1-2,https://buddy.farm/i/spring-basket-03/,https://buddy.farm/page-data/i/spring-basket-03/page-data.json,,buddy-item-multi-source-v1,,
openable_reverse,Spring Seeds,spring seeds,Bag of Spring Seeds,bag of spring seeds,25-25,https://buddy.farm/i/spring-seeds/,https://buddy.farm/page-data/i/spring-seeds/page-data.json,,buddy-item-multi-source-v1,,
openable_reverse,Spring Seeds,spring seeds,Spring Basket 02,spring basket 02,200-200,https://buddy.farm/i/spring-seeds/,https://buddy.farm/page-data/i/spring-seeds/page-data.json,,buddy-item-multi-source-v1,,
openable_reverse,Square Key,square key,Mystical Chest 01,mystical chest 01,3-3,https://buddy.farm/i/square-key/,https://buddy.farm/page-data/i/square-key/page-data.json,,buddy-item-multi-source-v1,,
openable_reverse,Square Key,square key,Grab Bag 08,grab bag 08,1-5,https://buddy.farm/i/square-key/,https://buddy.farm/page-data/i/square-key/page-data.json,,buddy-item-multi-source-v1,,
openable_reverse,Square Key,square key,Treat Bag 03,treat bag 03,1-1,https://buddy.farm/i/square-key/,https://buddy.farm/page-data/i/square-key/page-data.json,,buddy-item-multi-source-v1,,
openable_reverse,Stack of Cards,stack of cards,Birthday Surprise Box 04,birthday surprise box 04,1-2,https://buddy.farm/i/stack-of-cards/,https://buddy.farm/page-data/i/stack-of-cards/page-data.json,,buddy-item-multi-source-v1,,
openable_reverse,Stack of Cards,stack of cards,Birthday Surprise Box 03,birthday surprise box 03,1-2,https://buddy.farm/i/stack-of-cards/,https://buddy.farm/page-data/i/stack-of-cards/page-data.json,,buddy-item-multi-source-v1,,
openable_reverse,Stack of Cards,stack of cards,Birthday Surprise Box 05,birthday surprise box 05,1-2,https://buddy.farm/i/stack-of-cards/,https://buddy.farm/page-data/i/stack-of-cards/page-data.json,,buddy-item-multi-source-v1,,
openable_reverse,Starfish,starfish,Christmas Present 08,christmas present 08,80-80,https://buddy.farm/i/starfish/,https://buddy.farm/page-data/i/starfish/page-data.json,,buddy-item-multi-source-v1,,
openable_reverse,Steak,steak,Grab Bag 06,grab bag 06,1-3,https://buddy.farm/i/steak/,https://buddy.farm/page-data/i/steak/page-data.json,,buddy-item-multi-source-v1,,
openable_reverse,Steak,steak,Christmas Present 11,christmas present 11,11-11,https://buddy.farm/i/steak/,https://buddy.farm/page-data/i/steak/page-data.json,,buddy-item-multi-source-v1,,
openable_reverse,Steak Kabob,steak kabob,Present 01,present 01,3-3,https://buddy.farm/i/steak-kabob/,https://buddy.farm/page-data/i/steak-kabob/page-data.json,,buddy-item-multi-source-v1,,
openable_reverse,Steak Kabob,steak kabob,Christmas Present 11,christmas present 11,11-11,https://buddy.farm/i/steak-kabob/,https://buddy.farm/page-data/i/steak-kabob/page-data.json,,buddy-item-multi-source-v1,,
openable_reverse,Steel,steel,Backpack,backpack,10-10,https://buddy.farm/i/steel/,https://buddy.farm/page-data/i/steel/page-data.json,,buddy-item-multi-source-v1,,
openable_reverse,Steel,steel,Large Chest 02,large chest 02,5-5,https://buddy.farm/i/steel/,https://buddy.farm/page-data/i/steel/page-data.json,,buddy-item-multi-source-v1,,
openable_reverse,Steel Wire,steel wire,Backpack,backpack,10-10,https://buddy.farm/i/steel-wire/,https://buddy.farm/page-data/i/steel-wire/page-data.json,,buddy-item-multi-source-v1,,
openable_reverse,Stone,stone,Welcome Card,welcome card,8-8,https://buddy.farm/i/stone/,https://buddy.farm/page-data/i/stone/page-data.json,,buddy-item-multi-source-v1,,
openable_reverse,Summer Basket,summer basket,Birthday Surprise Box 03,birthday surprise box 03,1-2,https://buddy.farm/i/summer-basket/,https://buddy.farm/page-data/i/summer-basket/page-data.json,,buddy-item-multi-source-v1,,
openable_reverse,Summer Basket,summer basket,Birthday Surprise Box 05,birthday surprise box 05,1-2,https://buddy.farm/i/summer-basket/,https://buddy.farm/page-data/i/summer-basket/page-data.json,,buddy-item-multi-source-v1,,
openable_reverse,Summer Basket,summer basket,Birthday Surprise Box 04,birthday surprise box 04,1-2,https://buddy.farm/i/summer-basket/,https://buddy.farm/page-data/i/summer-basket/page-data.json,,buddy-item-multi-source-v1,,
openable_reverse,Sun Egg,sun egg,Galactic Egg Basket,galactic egg basket,1-3,https://buddy.farm/i/sun-egg/,https://buddy.farm/page-data/i/sun-egg/page-data.json,,buddy-item-multi-source-v1,,
openable_reverse,Sun Shades,sun shades,Buddy's Beach Bag,buddy s beach bag,1-1,https://buddy.farm/i/sun-shades/,https://buddy.farm/page-data/i/sun-shades/page-data.json,,buddy-item-multi-source-v1,,
openable_reverse,Sunflower,sunflower,Mystical Chest 02,mystical chest 02,2-2,https://buddy.farm/i/sunflower/,https://buddy.farm/page-data/i/sunflower/page-data.json,,buddy-item-multi-source-v1,,
openable_reverse,Sunflower,sunflower,Fall Basket,fall basket,2-2,https://buddy.farm/i/sunflower/,https://buddy.farm/page-data/i/sunflower/page-data.json,,buddy-item-multi-source-v1,,
openable_reverse,Sunflower,sunflower,Cornucopia 01,cornucopia 01,1-1,https://buddy.farm/i/sunflower/,https://buddy.farm/page-data/i/sunflower/page-data.json,,buddy-item-multi-source-v1,,
openable_reverse,Sunflower,sunflower,Cornucopia 03,cornucopia 03,10-10,https://buddy.farm/i/sunflower/,https://buddy.farm/page-data/i/sunflower/page-data.json,,buddy-item-multi-source-v1,,
openable_reverse,Sunflower,sunflower,Cornucopia 02,cornucopia 02,3-3,https://buddy.farm/i/sunflower/,https://buddy.farm/page-data/i/sunflower/page-data.json,,buddy-item-multi-source-v1,,
openable_reverse,Sunscreen,sunscreen,Buddy's Beach Bag,buddy s beach bag,1-1,https://buddy.farm/i/sunscreen/,https://buddy.farm/page-data/i/sunscreen/page-data.json,,buddy-item-multi-source-v1,,
openable_reverse,Supply Crate 01,supply crate 01,Holiday Cheer Bundle 01,holiday cheer bundle 01,1-1,https://buddy.farm/i/supply-crate-01/,https://buddy.farm/page-data/i/supply-crate-01/page-data.json,,buddy-item-multi-source-v1,,
openable_reverse,Supply Crate 02,supply crate 02,Holiday Cheer Bundle 01,holiday cheer bundle 01,1-1,https://buddy.farm/i/supply-crate-02/,https://buddy.farm/page-data/i/supply-crate-02/page-data.json,,buddy-item-multi-source-v1,,
openable_reverse,Supply Voucher,supply voucher,Rosalie's Beach Tote,rosalie s beach tote,1-1,https://buddy.farm/i/supply-voucher/,https://buddy.farm/page-data/i/supply-voucher/page-data.json,,buddy-item-multi-source-v1,,
openable_reverse,Supply Voucher,supply voucher,Buddy's Beach Bag,buddy s beach bag,1-1,https://buddy.farm/i/supply-voucher/,https://buddy.farm/page-data/i/supply-voucher/page-data.json,,buddy-item-multi-source-v1,,
openable_reverse,Supply Voucher,supply voucher,Cornucopia 03,cornucopia 03,1-1,https://buddy.farm/i/supply-voucher/,https://buddy.farm/page-data/i/supply-voucher/page-data.json,,buddy-item-multi-source-v1,,
openable_reverse,Tackle Box,tackle box,Beatrix's Booming Brawl Box 02,beatrix s booming brawl box 02,5-5,https://buddy.farm/i/tackle-box/,https://buddy.farm/page-data/i/tackle-box/page-data.json,,buddy-item-multi-source-v1,,
openable_reverse,Taffy,taffy,Treat Bag 03,treat bag 03,3-3,https://buddy.farm/i/taffy/,https://buddy.farm/page-data/i/taffy/page-data.json,,buddy-item-multi-source-v1,,
openable_reverse,Taffy,taffy,Treat Bag 05,treat bag 05,25-25,https://buddy.farm/i/taffy/,https://buddy.farm/page-data/i/taffy/page-data.json,,buddy-item-multi-source-v1,,
openable_reverse,Taffy,taffy,Bag of Ghost Candy,bag of ghost candy,1-1,https://buddy.farm/i/taffy/,https://buddy.farm/page-data/i/taffy/page-data.json,,buddy-item-multi-source-v1,,
openable_reverse,Tanooki Buddy Doll,tanooki buddy doll,Buddy Doll Bag 02,buddy doll bag 02,1-1,https://buddy.farm/i/tanooki-buddy-doll/,https://buddy.farm/page-data/i/tanooki-buddy-doll/page-data.json,,buddy-item-multi-source-v1,,
openable_reverse,Thank You Card,thank you card,Cornucopia 02,cornucopia 02,5-5,https://buddy.farm/i/thank-you-card/,https://buddy.farm/page-data/i/thank-you-card/page-data.json,,buddy-item-multi-source-v1,,
openable_reverse,Thankful Notes,thankful notes,Cornucopia 03,cornucopia 03,2-2,https://buddy.farm/i/thankful-notes/,https://buddy.farm/page-data/i/thankful-notes/page-data.json,,buddy-item-multi-source-v1,,
openable_reverse,Thankful Notes,thankful notes,Cornucopia 02,cornucopia 02,2-2,https://buddy.farm/i/thankful-notes/,https://buddy.farm/page-data/i/thankful-notes/page-data.json,,buddy-item-multi-source-v1,,
openable_reverse,Thomas's Cup of PB,thomas s cup of pb,Treat Bag 06,treat bag 06,10-10,https://buddy.farm/i/thomas-s-cup-of-pb/,https://buddy.farm/page-data/i/thomas-s-cup-of-pb/page-data.json,,buddy-item-multi-source-v1,,
openable_reverse,Thomas's Tavern Tote,thomas s tavern tote,Birthday Surprise Box 05,birthday surprise box 05,1-2,https://buddy.farm/i/thomas-s-tavern-tote/,https://buddy.farm/page-data/i/thomas-s-tavern-tote/page-data.json,,buddy-item-multi-source-v1,,
openable_reverse,Time Egg,time egg,Tower Prep Pack 01,tower prep pack 01,1-1,https://buddy.farm/i/time-egg/,https://buddy.farm/page-data/i/time-egg/page-data.json,,buddy-item-multi-source-v1,,
openable_reverse,Tomato,tomato,Christmas Present 09,christmas present 09,90-90,https://buddy.farm/i/tomato/,https://buddy.farm/page-data/i/tomato/page-data.json,,buddy-item-multi-source-v1,,
openable_reverse,Toothbrush,toothbrush,Buddy's School Bag,buddy s school bag,2-2,https://buddy.farm/i/toothbrush/,https://buddy.farm/page-data/i/toothbrush/page-data.json,,buddy-item-multi-source-v1,,
openable_reverse,Travel Voucher,travel voucher,Cornucopia 03,cornucopia 03,3-3,https://buddy.farm/i/travel-voucher/,https://buddy.farm/page-data/i/travel-voucher/page-data.json,,buddy-item-multi-source-v1,,
openable_reverse,Travel Voucher,travel voucher,Heart-shaped Box 03,heart shaped box 03,2-2,https://buddy.farm/i/travel-voucher/,https://buddy.farm/page-data/i/travel-voucher/page-data.json,,buddy-item-multi-source-v1,,
openable_reverse,Travel Voucher,travel voucher,Traveler's Bag 01,traveler s bag 01,2-2,https://buddy.farm/i/travel-voucher/,https://buddy.farm/page-data/i/travel-voucher/page-data.json,,buddy-item-multi-source-v1,,
openable_reverse,Treasure Key,treasure key,Grab Bag 08,grab bag 08,1-3,https://buddy.farm/i/treasure-key/,https://buddy.farm/page-data/i/treasure-key/page-data.json,,buddy-item-multi-source-v1,,
openable_reverse,Treasure Key,treasure key,Grab Bag 03,grab bag 03,1-7,https://buddy.farm/i/treasure-key/,https://buddy.farm/page-data/i/treasure-key/page-data.json,,buddy-item-multi-source-v1,,
openable_reverse,Treasure Key,treasure key,Borgen Bag 01,borgen bag 01,10-400,https://buddy.farm/i/treasure-key/,https://buddy.farm/page-data/i/treasure-key/page-data.json,,buddy-item-multi-source-v1,,
openable_reverse,Treat Bag 01,treat bag 01,Pillow Case 01,pillow case 01,1-1,https://buddy.farm/i/treat-bag-01/,https://buddy.farm/page-data/i/treat-bag-01/page-data.json,,buddy-item-multi-source-v1,,
openable_reverse,Treat Bag 02,treat bag 02,Pillow Case 01,pillow case 01,1-1,https://buddy.farm/i/treat-bag-02/,https://buddy.farm/page-data/i/treat-bag-02/page-data.json,,buddy-item-multi-source-v1,,
openable_reverse,Treat Bag 03,treat bag 03,Pillow Case 01,pillow case 01,1-1,https://buddy.farm/i/treat-bag-03/,https://buddy.farm/page-data/i/treat-bag-03/page-data.json,,buddy-item-multi-source-v1,,
openable_reverse,Treat Bag 04,treat bag 04,Birthday Surprise Box 03,birthday surprise box 03,1-2,https://buddy.farm/i/treat-bag-04/,https://buddy.farm/page-data/i/treat-bag-04/page-data.json,,buddy-item-multi-source-v1,,
openable_reverse,Treat Bag 04,treat bag 04,Birthday Surprise Box 04,birthday surprise box 04,1-2,https://buddy.farm/i/treat-bag-04/,https://buddy.farm/page-data/i/treat-bag-04/page-data.json,,buddy-item-multi-source-v1,,
openable_reverse,Treat Bag 04,treat bag 04,Pillow Case 01,pillow case 01,1-1,https://buddy.farm/i/treat-bag-04/,https://buddy.farm/page-data/i/treat-bag-04/page-data.json,,buddy-item-multi-source-v1,,
openable_reverse,Treat Bag 04,treat bag 04,Birthday Surprise Box 05,birthday surprise box 05,1-2,https://buddy.farm/i/treat-bag-04/,https://buddy.farm/page-data/i/treat-bag-04/page-data.json,,buddy-item-multi-source-v1,,
openable_reverse,Treat Bag 05,treat bag 05,Birthday Surprise Box 03,birthday surprise box 03,1-2,https://buddy.farm/i/treat-bag-05/,https://buddy.farm/page-data/i/treat-bag-05/page-data.json,,buddy-item-multi-source-v1,,
openable_reverse,Treat Bag 05,treat bag 05,Birthday Surprise Box 04,birthday surprise box 04,1-2,https://buddy.farm/i/treat-bag-05/,https://buddy.farm/page-data/i/treat-bag-05/page-data.json,,buddy-item-multi-source-v1,,
openable_reverse,Treat Bag 05,treat bag 05,Pillow Case 01,pillow case 01,1-1,https://buddy.farm/i/treat-bag-05/,https://buddy.farm/page-data/i/treat-bag-05/page-data.json,,buddy-item-multi-source-v1,,
openable_reverse,Treat Bag 05,treat bag 05,Birthday Surprise Box 05,birthday surprise box 05,1-2,https://buddy.farm/i/treat-bag-05/,https://buddy.farm/page-data/i/treat-bag-05/page-data.json,,buddy-item-multi-source-v1,,
openable_reverse,Treat Bag 06,treat bag 06,Pillow Case 01,pillow case 01,1-1,https://buddy.farm/i/treat-bag-06/,https://buddy.farm/page-data/i/treat-bag-06/page-data.json,,buddy-item-multi-source-v1,,
openable_reverse,Treat Bag 06,treat bag 06,Birthday Surprise Box 04,birthday surprise box 04,1-2,https://buddy.farm/i/treat-bag-06/,https://buddy.farm/page-data/i/treat-bag-06/page-data.json,,buddy-item-multi-source-v1,,
openable_reverse,Treat Bag 06,treat bag 06,Birthday Surprise Box 05,birthday surprise box 05,1-2,https://buddy.farm/i/treat-bag-06/,https://buddy.farm/page-data/i/treat-bag-06/page-data.json,,buddy-item-multi-source-v1,,
openable_reverse,Trout,trout,Christmas Present 09,christmas present 09,90-90,https://buddy.farm/i/trout/,https://buddy.farm/page-data/i/trout/page-data.json,,buddy-item-multi-source-v1,,
openable_reverse,Turkey Buddy Doll,turkey buddy doll,Buddy Doll Bag 01,buddy doll bag 01,1-1,https://buddy.farm/i/turkey-buddy-doll/,https://buddy.farm/page-data/i/turkey-buddy-doll/page-data.json,,buddy-item-multi-source-v1,,
openable_reverse,Twine,twine,Medium Chest 03,medium chest 03,25-25,https://buddy.farm/i/twine/,https://buddy.farm/page-data/i/twine/page-data.json,,buddy-item-multi-source-v1,,
openable_reverse,Valentines Card,valentines card,Box of Chocolate 02,box of chocolate 02,5-5,https://buddy.farm/i/valentines-card/,https://buddy.farm/page-data/i/valentines-card/page-data.json,,buddy-item-multi-source-v1,,
openable_reverse,Valentines Card,valentines card,Heart-shaped Box 02,heart shaped box 02,5-5,https://buddy.farm/i/valentines-card/,https://buddy.farm/page-data/i/valentines-card/page-data.json,,buddy-item-multi-source-v1,,
openable_reverse,Valentines Card,valentines card,Heart-shaped Box 03,heart shaped box 03,5-5,https://buddy.farm/i/valentines-card/,https://buddy.farm/page-data/i/valentines-card/page-data.json,,buddy-item-multi-source-v1,,
openable_reverse,Valentines Card,valentines card,Heart-shaped Box 01,heart shaped box 01,5-5,https://buddy.farm/i/valentines-card/,https://buddy.farm/page-data/i/valentines-card/page-data.json,,buddy-item-multi-source-v1,,
openable_reverse,Vampire Buddy Doll,vampire buddy doll,Buddy Doll Bag 01,buddy doll bag 01,1-1,https://buddy.farm/i/vampire-buddy-doll/,https://buddy.farm/page-data/i/vampire-buddy-doll/page-data.json,,buddy-item-multi-source-v1,,
openable_reverse,Veggie Juice,veggie juice,Harvest Bundle 01,harvest bundle 01,100-100,https://buddy.farm/i/veggie-juice/,https://buddy.farm/page-data/i/veggie-juice/page-data.json,,buddy-item-multi-source-v1,,
openable_reverse,Void Bag 01,void bag 01,Spring Basket 03,spring basket 03,25-25,https://buddy.farm/i/void-bag-01/,https://buddy.farm/page-data/i/void-bag-01/page-data.json,,buddy-item-multi-source-v1,,
openable_reverse,Void Bag 01,void bag 01,Magical Chest 02,magical chest 02,5-5,https://buddy.farm/i/void-bag-01/,https://buddy.farm/page-data/i/void-bag-01/page-data.json,,buddy-item-multi-source-v1,,
openable_reverse,Void Bag 01,void bag 01,Garden Crate 01,garden crate 01,25-25,https://buddy.farm/i/void-bag-01/,https://buddy.farm/page-data/i/void-bag-01/page-data.json,,buddy-item-multi-source-v1,,
openable_reverse,Void Bag 01,void bag 01,Baba's Snack Pack,baba s snack pack,3-3,https://buddy.farm/i/void-bag-01/,https://buddy.farm/page-data/i/void-bag-01/page-data.json,,buddy-item-multi-source-v1,,
openable_reverse,Void Bag 01,void bag 01,Magical Chest 01,magical chest 01,5-5,https://buddy.farm/i/void-bag-01/,https://buddy.farm/page-data/i/void-bag-01/page-data.json,,buddy-item-multi-source-v1,,
openable_reverse,Void Bag 01,void bag 01,Holiday Cheer Bundle 01,holiday cheer bundle 01,10-10,https://buddy.farm/i/void-bag-01/,https://buddy.farm/page-data/i/void-bag-01/page-data.json,,buddy-item-multi-source-v1,,
openable_reverse,Void Bag 01,void bag 01,Heart-shaped Box 01,heart shaped box 01,10-10,https://buddy.farm/i/void-bag-01/,https://buddy.farm/page-data/i/void-bag-01/page-data.json,,buddy-item-multi-source-v1,,
openable_reverse,Water Bottle,water bottle,Buddy's School Bag,buddy s school bag,1-1,https://buddy.farm/i/water-bottle/,https://buddy.farm/page-data/i/water-bottle/page-data.json,,buddy-item-multi-source-v1,,
openable_reverse,Wax Candle,wax candle,Box of Chocolate 01,box of chocolate 01,1-1,https://buddy.farm/i/wax-candle/,https://buddy.farm/page-data/i/wax-candle/page-data.json,,buddy-item-multi-source-v1,,
openable_reverse,Werewolf Buddy Doll,werewolf buddy doll,Buddy Doll Bag 01,buddy doll bag 01,1-1,https://buddy.farm/i/werewolf-buddy-doll/,https://buddy.farm/page-data/i/werewolf-buddy-doll/page-data.json,,buddy-item-multi-source-v1,,
openable_reverse,Wheat,wheat,Fall Basket,fall basket,5-5,https://buddy.farm/i/wheat/,https://buddy.farm/page-data/i/wheat/page-data.json,,buddy-item-multi-source-v1,,
openable_reverse,Wheat,wheat,Cornucopia 01,cornucopia 01,3-3,https://buddy.farm/i/wheat/,https://buddy.farm/page-data/i/wheat/page-data.json,,buddy-item-multi-source-v1,,
openable_reverse,Wheat,wheat,Cornucopia 02,cornucopia 02,50-50,https://buddy.farm/i/wheat/,https://buddy.farm/page-data/i/wheat/page-data.json,,buddy-item-multi-source-v1,,
openable_reverse,Wine,wine,Grab Bag 06,grab bag 06,1-4,https://buddy.farm/i/wine/,https://buddy.farm/page-data/i/wine/page-data.json,,buddy-item-multi-source-v1,,
openable_reverse,Wine,wine,Box of Chocolate 01,box of chocolate 01,1-1,https://buddy.farm/i/wine/,https://buddy.farm/page-data/i/wine/page-data.json,,buddy-item-multi-source-v1,,
openable_reverse,Wine,wine,Medium Chest 03,medium chest 03,1-1,https://buddy.farm/i/wine/,https://buddy.farm/page-data/i/wine/page-data.json,,buddy-item-multi-source-v1,,
openable_reverse,Wine,wine,Christmas Present 11,christmas present 11,11-11,https://buddy.farm/i/wine/,https://buddy.farm/page-data/i/wine/page-data.json,,buddy-item-multi-source-v1,,
openable_reverse,Winged Amulet,winged amulet,Mystical Chest 01,mystical chest 01,1-1,https://buddy.farm/i/winged-amulet/,https://buddy.farm/page-data/i/winged-amulet/page-data.json,,buddy-item-multi-source-v1,,
openable_reverse,Winter Basket,winter basket,Birthday Surprise Box 03,birthday surprise box 03,1-2,https://buddy.farm/i/winter-basket/,https://buddy.farm/page-data/i/winter-basket/page-data.json,,buddy-item-multi-source-v1,,
openable_reverse,Winter Basket,winter basket,Birthday Surprise Box 04,birthday surprise box 04,1-2,https://buddy.farm/i/winter-basket/,https://buddy.farm/page-data/i/winter-basket/page-data.json,,buddy-item-multi-source-v1,,
openable_reverse,Winter Basket,winter basket,Birthday Surprise Box 05,birthday surprise box 05,1-2,https://buddy.farm/i/winter-basket/,https://buddy.farm/page-data/i/winter-basket/page-data.json,,buddy-item-multi-source-v1,,
openable_reverse,Witch's Broom,witch s broom,Treat Bag 06,treat bag 06,1-1,https://buddy.farm/i/witch-s-broom/,https://buddy.farm/page-data/i/witch-s-broom/page-data.json,,buddy-item-multi-source-v1,,
openable_reverse,Wizard Hat,wizard hat,Mystical Chest 01,mystical chest 01,1-1,https://buddy.farm/i/wizard-hat/,https://buddy.farm/page-data/i/wizard-hat/page-data.json,,buddy-item-multi-source-v1,,
openable_reverse,Wood,wood,Welcome Card,welcome card,8-8,https://buddy.farm/i/wood/,https://buddy.farm/page-data/i/wood/page-data.json,,buddy-item-multi-source-v1,,
openable_reverse,Wooden Plank,wooden plank,Small Chest 02,small chest 02,10-10,https://buddy.farm/i/wooden-plank/,https://buddy.farm/page-data/i/wooden-plank/page-data.json,,buddy-item-multi-source-v1,,
openable_reverse,Worms,worms,Tackle Box,tackle box,100-100,https://buddy.farm/i/worms/,https://buddy.farm/page-data/i/worms/page-data.json,,buddy-item-multi-source-v1,,
openable_reverse,Worms,worms,Bait Bag 01,bait bag 01,10-250,https://buddy.farm/i/worms/,https://buddy.farm/page-data/i/worms/page-data.json,,buddy-item-multi-source-v1,,
openable_reverse,Worms,worms,Welcome Card,welcome card,8-8,https://buddy.farm/i/worms/,https://buddy.farm/page-data/i/worms/page-data.json,,buddy-item-multi-source-v1,,
openable_reverse,Yarn,yarn,Backpack,backpack,10-10,https://buddy.farm/i/yarn/,https://buddy.farm/page-data/i/yarn/page-data.json,,buddy-item-multi-source-v1,,
openable_reverse,YoYo,yoyo,Baba's Snack Pack,baba s snack pack,1-1,https://buddy.farm/i/yoyo/,https://buddy.farm/page-data/i/yoyo/page-data.json,,buddy-item-multi-source-v1,,
openable_reverse,Zombie Buddy Doll,zombie buddy doll,Buddy Doll Bag 01,buddy doll bag 01,1-1,https://buddy.farm/i/zombie-buddy-doll/,https://buddy.farm/page-data/i/zombie-buddy-doll/page-data.json,,buddy-item-multi-source-v1,,
wishing_well_reverse,4-leaf Clover,4 leaf clover,Old Boot,old boot,0.3333333333333333,https://buddy.farm/i/4-leaf-clover/,https://buddy.farm/page-data/i/4-leaf-clover/page-data.json,,buddy-item-multi-source-v1,reverse_relation; reward_quantity_defaulted,Reverse Wishing Well relation from reward page; candidate export defaults quantity to 1 for review.
wishing_well_reverse,4-leaf Clover,4 leaf clover,Shark Tooth,shark tooth,0.3333333333333333,https://buddy.farm/i/4-leaf-clover/,https://buddy.farm/page-data/i/4-leaf-clover/page-data.json,,buddy-item-multi-source-v1,reverse_relation; reward_quantity_defaulted,Reverse Wishing Well relation from reward page; candidate export defaults quantity to 1 for review.
wishing_well_reverse,Amethyst,amethyst,Aquamarine,aquamarine,0.25,https://buddy.farm/i/amethyst/,https://buddy.farm/page-data/i/amethyst/page-data.json,,buddy-item-multi-source-v1,reverse_relation; reward_quantity_defaulted,Reverse Wishing Well relation from reward page; candidate export defaults quantity to 1 for review.
wishing_well_reverse,Amethyst,amethyst,Jade,jade,0.25,https://buddy.farm/i/amethyst/,https://buddy.farm/page-data/i/amethyst/page-data.json,,buddy-item-multi-source-v1,reverse_relation; reward_quantity_defaulted,Reverse Wishing Well relation from reward page; candidate export defaults quantity to 1 for review.
wishing_well_reverse,Ancient Coin,ancient coin,Taffy,taffy,0.3333333333333333,https://buddy.farm/i/ancient-coin/,https://buddy.farm/page-data/i/ancient-coin/page-data.json,,buddy-item-multi-source-v1,reverse_relation; reward_quantity_defaulted,Reverse Wishing Well relation from reward page; candidate export defaults quantity to 1 for review.
wishing_well_reverse,Ancient Coin,ancient coin,Old Boot,old boot,0.3333333333333333,https://buddy.farm/i/ancient-coin/,https://buddy.farm/page-data/i/ancient-coin/page-data.json,,buddy-item-multi-source-v1,reverse_relation; reward_quantity_defaulted,Reverse Wishing Well relation from reward page; candidate export defaults quantity to 1 for review.
wishing_well_reverse,Antler,antler,Pine Cone,pine cone,0.3333333333333333,https://buddy.farm/i/antler/,https://buddy.farm/page-data/i/antler/page-data.json,,buddy-item-multi-source-v1,reverse_relation; reward_quantity_defaulted,Reverse Wishing Well relation from reward page; candidate export defaults quantity to 1 for review.
wishing_well_reverse,Apple,apple,Candy,candy,0.25,https://buddy.farm/i/apple/,https://buddy.farm/page-data/i/apple/page-data.json,,buddy-item-multi-source-v1,reverse_relation; reward_quantity_defaulted,Reverse Wishing Well relation from reward page; candidate export defaults quantity to 1 for review.
wishing_well_reverse,Aquamarine,aquamarine,Jade,jade,0.25,https://buddy.farm/i/aquamarine/,https://buddy.farm/page-data/i/aquamarine/page-data.json,,buddy-item-multi-source-v1,reverse_relation; reward_quantity_defaulted,Reverse Wishing Well relation from reward page; candidate export defaults quantity to 1 for review.
wishing_well_reverse,Arrowhead,arrowhead,Antler,antler,0.3333333333333333,https://buddy.farm/i/arrowhead/,https://buddy.farm/page-data/i/arrowhead/page-data.json,,buddy-item-multi-source-v1,reverse_relation; reward_quantity_defaulted,Reverse Wishing Well relation from reward page; candidate export defaults quantity to 1 for review.
wishing_well_reverse,Bacon,bacon,Dice,dice,0.25,https://buddy.farm/i/bacon/,https://buddy.farm/page-data/i/bacon/page-data.json,,buddy-item-multi-source-v1,reverse_relation; reward_quantity_defaulted,Reverse Wishing Well relation from reward page; candidate export defaults quantity to 1 for review.
wishing_well_reverse,Bacon,bacon,Gold Cucumber,gold cucumber,0.3333333333333333,https://buddy.farm/i/bacon/,https://buddy.farm/page-data/i/bacon/page-data.json,,buddy-item-multi-source-v1,reverse_relation; reward_quantity_defaulted,Reverse Wishing Well relation from reward page; candidate export defaults quantity to 1 for review.
wishing_well_reverse,Bacon,bacon,Shark Tooth,shark tooth,0.3333333333333333,https://buddy.farm/i/bacon/,https://buddy.farm/page-data/i/bacon/page-data.json,,buddy-item-multi-source-v1,reverse_relation; reward_quantity_defaulted,Reverse Wishing Well relation from reward page; candidate export defaults quantity to 1 for review.
wishing_well_reverse,Bacon,bacon,Gold Feather,gold feather,0.3333333333333333,https://buddy.farm/i/bacon/,https://buddy.farm/page-data/i/bacon/page-data.json,,buddy-item-multi-source-v1,reverse_relation; reward_quantity_defaulted,Reverse Wishing Well relation from reward page; candidate export defaults quantity to 1 for review.
wishing_well_reverse,Bacon,bacon,Gold Eggplant,gold eggplant,0.25,https://buddy.farm/i/bacon/,https://buddy.farm/page-data/i/bacon/page-data.json,,buddy-item-multi-source-v1,reverse_relation; reward_quantity_defaulted,Reverse Wishing Well relation from reward page; candidate export defaults quantity to 1 for review.
wishing_well_reverse,Bell,bell,Grasshopper,grasshopper,0.5,https://buddy.farm/i/bell/,https://buddy.farm/page-data/i/bell/page-data.json,,buddy-item-multi-source-v1,reverse_relation; reward_quantity_defaulted,Reverse Wishing Well relation from reward page; candidate export defaults quantity to 1 for review.
wishing_well_reverse,Bird Egg,bird egg,Antler,antler,0.3333333333333333,https://buddy.farm/i/bird-egg/,https://buddy.farm/page-data/i/bird-egg/page-data.json,,buddy-item-multi-source-v1,reverse_relation; reward_quantity_defaulted,Reverse Wishing Well relation from reward page; candidate export defaults quantity to 1 for review.
wishing_well_reverse,Blue Purse,blue purse,Red Dye,red dye,0.3333333333333333,https://buddy.farm/i/blue-purse/,https://buddy.farm/page-data/i/blue-purse/page-data.json,,buddy-item-multi-source-v1,reverse_relation; reward_quantity_defaulted,Reverse Wishing Well relation from reward page; candidate export defaults quantity to 1 for review.
wishing_well_reverse,Blue Purse,blue purse,Steel Plate,steel plate,0.3333333333333333,https://buddy.farm/i/blue-purse/,https://buddy.farm/page-data/i/blue-purse/page-data.json,,buddy-item-multi-source-v1,reverse_relation; reward_quantity_defaulted,Reverse Wishing Well relation from reward page; candidate export defaults quantity to 1 for review.
wishing_well_reverse,Borgen Bag 01,borgen bag 01,Hummingbird Feeder,hummingbird feeder,1,https://buddy.farm/i/borgen-bag-01/,https://buddy.farm/page-data/i/borgen-bag-01/page-data.json,,buddy-item-multi-source-v1,reverse_relation; reward_quantity_defaulted,Reverse Wishing Well relation from reward page; candidate export defaults quantity to 1 for review.
wishing_well_reverse,Borgen Bag 01,borgen bag 01,Fish Biscuit,fish biscuit,1,https://buddy.farm/i/borgen-bag-01/,https://buddy.farm/page-data/i/borgen-bag-01/page-data.json,,buddy-item-multi-source-v1,reverse_relation; reward_quantity_defaulted,Reverse Wishing Well relation from reward page; candidate export defaults quantity to 1 for review.
wishing_well_reverse,Broccoli,broccoli,Salt,salt,0.5,https://buddy.farm/i/broccoli/,https://buddy.farm/page-data/i/broccoli/page-data.json,,buddy-item-multi-source-v1,reverse_relation; reward_quantity_defaulted,Reverse Wishing Well relation from reward page; candidate export defaults quantity to 1 for review.
wishing_well_reverse,Candy,candy,Lollipop,lollipop,0.3333333333333333,https://buddy.farm/i/candy/,https://buddy.farm/page-data/i/candy/page-data.json,,buddy-item-multi-source-v1,reverse_relation; reward_quantity_defaulted,Reverse Wishing Well relation from reward page; candidate export defaults quantity to 1 for review.
wishing_well_reverse,Candy,candy,Chattering Teeth,chattering teeth,0.25,https://buddy.farm/i/candy/,https://buddy.farm/page-data/i/candy/page-data.json,,buddy-item-multi-source-v1,reverse_relation; reward_quantity_defaulted,Reverse Wishing Well relation from reward page; candidate export defaults quantity to 1 for review.
wishing_well_reverse,Candy,candy,Taffy,taffy,0.3333333333333333,https://buddy.farm/i/candy/,https://buddy.farm/page-data/i/candy/page-data.json,,buddy-item-multi-source-v1,reverse_relation; reward_quantity_defaulted,Reverse Wishing Well relation from reward page; candidate export defaults quantity to 1 for review.
wishing_well_reverse,Candy Corn,candy corn,Jack-o-lantern,jack o lantern,0.3333333333333333,https://buddy.farm/i/candy-corn/,https://buddy.farm/page-data/i/candy-corn/page-data.json,,buddy-item-multi-source-v1,reverse_relation; reward_quantity_defaulted,Reverse Wishing Well relation from reward page; candidate export defaults quantity to 1 for review.
wishing_well_reverse,Candy Corn,candy corn,Gouda,gouda,0.3333333333333333,https://buddy.farm/i/candy-corn/,https://buddy.farm/page-data/i/candy-corn/page-data.json,,buddy-item-multi-source-v1,reverse_relation; reward_quantity_defaulted,Reverse Wishing Well relation from reward page; candidate export defaults quantity to 1 for review.
wishing_well_reverse,Candy Corn,candy corn,Treat Bag 03,treat bag 03,0.3333333333333333,https://buddy.farm/i/candy-corn/,https://buddy.farm/page-data/i/candy-corn/page-data.json,,buddy-item-multi-source-v1,reverse_relation; reward_quantity_defaulted,Reverse Wishing Well relation from reward page; candidate export defaults quantity to 1 for review.
wishing_well_reverse,Candy Corn,candy corn,R.O.A.S.,r o a s,0.3333333333333333,https://buddy.farm/i/candy-corn/,https://buddy.farm/page-data/i/candy-corn/page-data.json,,buddy-item-multi-source-v1,reverse_relation; reward_quantity_defaulted,Reverse Wishing Well relation from reward page; candidate export defaults quantity to 1 for review.
wishing_well_reverse,Canoe,canoe,Spoon,spoon,0.3333333333333333,https://buddy.farm/i/canoe/,https://buddy.farm/page-data/i/canoe/page-data.json,,buddy-item-multi-source-v1,reverse_relation; reward_quantity_defaulted,Reverse Wishing Well relation from reward page; candidate export defaults quantity to 1 for review.
wishing_well_reverse,Captains Log,captains log,Ancient Coin,ancient coin,0.08333333333333333,https://buddy.farm/i/captains-log/,https://buddy.farm/page-data/i/captains-log/page-data.json,,buddy-item-multi-source-v1,reverse_relation; reward_quantity_defaulted,Reverse Wishing Well relation from reward page; candidate export defaults quantity to 1 for review.
wishing_well_reverse,Captains Log,captains log,Pirate Bandana,pirate bandana,0.25,https://buddy.farm/i/captains-log/,https://buddy.farm/page-data/i/captains-log/page-data.json,,buddy-item-multi-source-v1,reverse_relation; reward_quantity_defaulted,Reverse Wishing Well relation from reward page; candidate export defaults quantity to 1 for review.
wishing_well_reverse,Captains Log,captains log,Teapot,teapot,0.14285714285714285,https://buddy.farm/i/captains-log/,https://buddy.farm/page-data/i/captains-log/page-data.json,,buddy-item-multi-source-v1,reverse_relation; reward_quantity_defaulted,Reverse Wishing Well relation from reward page; candidate export defaults quantity to 1 for review.
wishing_well_reverse,Captains Log,captains log,Small Flute,small flute,0.2,https://buddy.farm/i/captains-log/,https://buddy.farm/page-data/i/captains-log/page-data.json,,buddy-item-multi-source-v1,reverse_relation; reward_quantity_defaulted,Reverse Wishing Well relation from reward page; candidate export defaults quantity to 1 for review.
wishing_well_reverse,Carved Bear,carved bear,Pirate Bandana,pirate bandana,0.25,https://buddy.farm/i/carved-bear/,https://buddy.farm/page-data/i/carved-bear/page-data.json,,buddy-item-multi-source-v1,reverse_relation; reward_quantity_defaulted,Reverse Wishing Well relation from reward page; candidate export defaults quantity to 1 for review.
wishing_well_reverse,Carved Bear,carved bear,Block of Wood,block of wood,0.0625,https://buddy.farm/i/carved-bear/,https://buddy.farm/page-data/i/carved-bear/page-data.json,,buddy-item-multi-source-v1,reverse_relation; reward_quantity_defaulted,Reverse Wishing Well relation from reward page; candidate export defaults quantity to 1 for review.
wishing_well_reverse,Carved Camel,carved camel,Carved Owl,carved owl,0.3333333333333333,https://buddy.farm/i/carved-camel/,https://buddy.farm/page-data/i/carved-camel/page-data.json,,buddy-item-multi-source-v1,reverse_relation; reward_quantity_defaulted,Reverse Wishing Well relation from reward page; candidate export defaults quantity to 1 for review.
wishing_well_reverse,Carved Camel,carved camel,Block of Wood,block of wood,0.0625,https://buddy.farm/i/carved-camel/,https://buddy.farm/page-data/i/carved-camel/page-data.json,,buddy-item-multi-source-v1,reverse_relation; reward_quantity_defaulted,Reverse Wishing Well relation from reward page; candidate export defaults quantity to 1 for review.
wishing_well_reverse,Carved Chicken,carved chicken,Block of Wood,block of wood,0.0625,https://buddy.farm/i/carved-chicken/,https://buddy.farm/page-data/i/carved-chicken/page-data.json,,buddy-item-multi-source-v1,reverse_relation; reward_quantity_defaulted,Reverse Wishing Well relation from reward page; candidate export defaults quantity to 1 for review.
wishing_well_reverse,Carved Chicken,carved chicken,Wooden Box,wooden box,0.25,https://buddy.farm/i/carved-chicken/,https://buddy.farm/page-data/i/carved-chicken/page-data.json,,buddy-item-multi-source-v1,reverse_relation; reward_quantity_defaulted,Reverse Wishing Well relation from reward page; candidate export defaults quantity to 1 for review.
wishing_well_reverse,Carved Cow,carved cow,Block of Wood,block of wood,0.0625,https://buddy.farm/i/carved-cow/,https://buddy.farm/page-data/i/carved-cow/page-data.json,,buddy-item-multi-source-v1,reverse_relation; reward_quantity_defaulted,Reverse Wishing Well relation from reward page; candidate export defaults quantity to 1 for review.
wishing_well_reverse,Carved Cow,carved cow,Carved Bear,carved bear,0.25,https://buddy.farm/i/carved-cow/,https://buddy.farm/page-data/i/carved-cow/page-data.json,,buddy-item-multi-source-v1,reverse_relation; reward_quantity_defaulted,Reverse Wishing Well relation from reward page; candidate export defaults quantity to 1 for review.
wishing_well_reverse,Carved Dragon,carved dragon,Block of Wood,block of wood,0.0625,https://buddy.farm/i/carved-dragon/,https://buddy.farm/page-data/i/carved-dragon/page-data.json,,buddy-item-multi-source-v1,reverse_relation; reward_quantity_defaulted,Reverse Wishing Well relation from reward page; candidate export defaults quantity to 1 for review.
wishing_well_reverse,Carved Fox,carved fox,Block of Wood,block of wood,0.0625,https://buddy.farm/i/carved-fox/,https://buddy.farm/page-data/i/carved-fox/page-data.json,,buddy-item-multi-source-v1,reverse_relation; reward_quantity_defaulted,Reverse Wishing Well relation from reward page; candidate export defaults quantity to 1 for review.
wishing_well_reverse,Carved Fox,carved fox,Carved Bear,carved bear,0.25,https://buddy.farm/i/carved-fox/,https://buddy.farm/page-data/i/carved-fox/page-data.json,,buddy-item-multi-source-v1,reverse_relation; reward_quantity_defaulted,Reverse Wishing Well relation from reward page; candidate export defaults quantity to 1 for review.
wishing_well_reverse,Carved Fox,carved fox,Wooden Box,wooden box,0.25,https://buddy.farm/i/carved-fox/,https://buddy.farm/page-data/i/carved-fox/page-data.json,,buddy-item-multi-source-v1,reverse_relation; reward_quantity_defaulted,Reverse Wishing Well relation from reward page; candidate export defaults quantity to 1 for review.
wishing_well_reverse,Carved Kitty,carved kitty,Block of Wood,block of wood,0.0625,https://buddy.farm/i/carved-kitty/,https://buddy.farm/page-data/i/carved-kitty/page-data.json,,buddy-item-multi-source-v1,reverse_relation; reward_quantity_defaulted,Reverse Wishing Well relation from reward page; candidate export defaults quantity to 1 for review.
wishing_well_reverse,Carved Kitty,carved kitty,Carved Rabbit,carved rabbit,0.25,https://buddy.farm/i/carved-kitty/,https://buddy.farm/page-data/i/carved-kitty/page-data.json,,buddy-item-multi-source-v1,reverse_relation; reward_quantity_defaulted,Reverse Wishing Well relation from reward page; candidate export defaults quantity to 1 for review.
wishing_well_reverse,Carved Moose,carved moose,Carved Warthog,carved warthog,0.25,https://buddy.farm/i/carved-moose/,https://buddy.farm/page-data/i/carved-moose/page-data.json,,buddy-item-multi-source-v1,reverse_relation; reward_quantity_defaulted,Reverse Wishing Well relation from reward page; candidate export defaults quantity to 1 for review.
wishing_well_reverse,Carved Moose,carved moose,Block of Wood,block of wood,0.0625,https://buddy.farm/i/carved-moose/,https://buddy.farm/page-data/i/carved-moose/page-data.json,,buddy-item-multi-source-v1,reverse_relation; reward_quantity_defaulted,Reverse Wishing Well relation from reward page; candidate export defaults quantity to 1 for review.
wishing_well_reverse,Carved Moose,carved moose,Carved Bear,carved bear,0.25,https://buddy.farm/i/carved-moose/,https://buddy.farm/page-data/i/carved-moose/page-data.json,,buddy-item-multi-source-v1,reverse_relation; reward_quantity_defaulted,Reverse Wishing Well relation from reward page; candidate export defaults quantity to 1 for review.
wishing_well_reverse,Carved Mouse,carved mouse,Block of Wood,block of wood,0.0625,https://buddy.farm/i/carved-mouse/,https://buddy.farm/page-data/i/carved-mouse/page-data.json,,buddy-item-multi-source-v1,reverse_relation; reward_quantity_defaulted,Reverse Wishing Well relation from reward page; candidate export defaults quantity to 1 for review.
wishing_well_reverse,Carved Mouse,carved mouse,Carved Rabbit,carved rabbit,0.25,https://buddy.farm/i/carved-mouse/,https://buddy.farm/page-data/i/carved-mouse/page-data.json,,buddy-item-multi-source-v1,reverse_relation; reward_quantity_defaulted,Reverse Wishing Well relation from reward page; candidate export defaults quantity to 1 for review.
wishing_well_reverse,Carved Owl,carved owl,Block of Wood,block of wood,0.0625,https://buddy.farm/i/carved-owl/,https://buddy.farm/page-data/i/carved-owl/page-data.json,,buddy-item-multi-source-v1,reverse_relation; reward_quantity_defaulted,Reverse Wishing Well relation from reward page; candidate export defaults quantity to 1 for review.
wishing_well_reverse,Carved Owl,carved owl,Carved Rabbit,carved rabbit,0.25,https://buddy.farm/i/carved-owl/,https://buddy.farm/page-data/i/carved-owl/page-data.json,,buddy-item-multi-source-v1,reverse_relation; reward_quantity_defaulted,Reverse Wishing Well relation from reward page; candidate export defaults quantity to 1 for review.
wishing_well_reverse,Carved Owl,carved owl,Teapot,teapot,0.14285714285714285,https://buddy.farm/i/carved-owl/,https://buddy.farm/page-data/i/carved-owl/page-data.json,,buddy-item-multi-source-v1,reverse_relation; reward_quantity_defaulted,Reverse Wishing Well relation from reward page; candidate export defaults quantity to 1 for review.
wishing_well_reverse,Carved Owl,carved owl,Wooden Mask,wooden mask,0.3333333333333333,https://buddy.farm/i/carved-owl/,https://buddy.farm/page-data/i/carved-owl/page-data.json,,buddy-item-multi-source-v1,reverse_relation; reward_quantity_defaulted,Reverse Wishing Well relation from reward page; candidate export defaults quantity to 1 for review.
wishing_well_reverse,Carved Pig,carved pig,Block of Wood,block of wood,0.0625,https://buddy.farm/i/carved-pig/,https://buddy.farm/page-data/i/carved-pig/page-data.json,,buddy-item-multi-source-v1,reverse_relation; reward_quantity_defaulted,Reverse Wishing Well relation from reward page; candidate export defaults quantity to 1 for review.
wishing_well_reverse,Carved Rabbit,carved rabbit,Carved Warthog,carved warthog,0.25,https://buddy.farm/i/carved-rabbit/,https://buddy.farm/page-data/i/carved-rabbit/page-data.json,,buddy-item-multi-source-v1,reverse_relation; reward_quantity_defaulted,Reverse Wishing Well relation from reward page; candidate export defaults quantity to 1 for review.
wishing_well_reverse,Carved Rabbit,carved rabbit,Block of Wood,block of wood,0.0625,https://buddy.farm/i/carved-rabbit/,https://buddy.farm/page-data/i/carved-rabbit/page-data.json,,buddy-item-multi-source-v1,reverse_relation; reward_quantity_defaulted,Reverse Wishing Well relation from reward page; candidate export defaults quantity to 1 for review.
wishing_well_reverse,Carved Rhino,carved rhino,Carved Owl,carved owl,0.3333333333333333,https://buddy.farm/i/carved-rhino/,https://buddy.farm/page-data/i/carved-rhino/page-data.json,,buddy-item-multi-source-v1,reverse_relation; reward_quantity_defaulted,Reverse Wishing Well relation from reward page; candidate export defaults quantity to 1 for review.
wishing_well_reverse,Carved Rhino,carved rhino,Carved Bear,carved bear,0.25,https://buddy.farm/i/carved-rhino/,https://buddy.farm/page-data/i/carved-rhino/page-data.json,,buddy-item-multi-source-v1,reverse_relation; reward_quantity_defaulted,Reverse Wishing Well relation from reward page; candidate export defaults quantity to 1 for review.
wishing_well_reverse,Carved Rhino,carved rhino,Teapot,teapot,0.14285714285714285,https://buddy.farm/i/carved-rhino/,https://buddy.farm/page-data/i/carved-rhino/page-data.json,,buddy-item-multi-source-v1,reverse_relation; reward_quantity_defaulted,Reverse Wishing Well relation from reward page; candidate export defaults quantity to 1 for review.
wishing_well_reverse,Carved Rhino,carved rhino,Block of Wood,block of wood,0.0625,https://buddy.farm/i/carved-rhino/,https://buddy.farm/page-data/i/carved-rhino/page-data.json,,buddy-item-multi-source-v1,reverse_relation; reward_quantity_defaulted,Reverse Wishing Well relation from reward page; candidate export defaults quantity to 1 for review.
wishing_well_reverse,Carved Squirrel,carved squirrel,Carved Warthog,carved warthog,0.25,https://buddy.farm/i/carved-squirrel/,https://buddy.farm/page-data/i/carved-squirrel/page-data.json,,buddy-item-multi-source-v1,reverse_relation; reward_quantity_defaulted,Reverse Wishing Well relation from reward page; candidate export defaults quantity to 1 for review.
wishing_well_reverse,Carved Squirrel,carved squirrel,Block of Wood,block of wood,0.0625,https://buddy.farm/i/carved-squirrel/,https://buddy.farm/page-data/i/carved-squirrel/page-data.json,,buddy-item-multi-source-v1,reverse_relation; reward_quantity_defaulted,Reverse Wishing Well relation from reward page; candidate export defaults quantity to 1 for review.
wishing_well_reverse,Carved Squirrel,carved squirrel,Spectacles,spectacles,0.2,https://buddy.farm/i/carved-squirrel/,https://buddy.farm/page-data/i/carved-squirrel/page-data.json,,buddy-item-multi-source-v1,reverse_relation; reward_quantity_defaulted,Reverse Wishing Well relation from reward page; candidate export defaults quantity to 1 for review.
wishing_well_reverse,Carved Squisquatch,carved squisquatch,Block of Wood,block of wood,0.0625,https://buddy.farm/i/carved-squisquatch/,https://buddy.farm/page-data/i/carved-squisquatch/page-data.json,,buddy-item-multi-source-v1,reverse_relation; reward_quantity_defaulted,Reverse Wishing Well relation from reward page; candidate export defaults quantity to 1 for review.
wishing_well_reverse,Carved Squisquatch,carved squisquatch,Carved Warthog,carved warthog,0.25,https://buddy.farm/i/carved-squisquatch/,https://buddy.farm/page-data/i/carved-squisquatch/page-data.json,,buddy-item-multi-source-v1,reverse_relation; reward_quantity_defaulted,Reverse Wishing Well relation from reward page; candidate export defaults quantity to 1 for review.
wishing_well_reverse,Carved Warthog,carved warthog,Carved Owl,carved owl,0.3333333333333333,https://buddy.farm/i/carved-warthog/,https://buddy.farm/page-data/i/carved-warthog/page-data.json,,buddy-item-multi-source-v1,reverse_relation; reward_quantity_defaulted,Reverse Wishing Well relation from reward page; candidate export defaults quantity to 1 for review.
wishing_well_reverse,Carved Warthog,carved warthog,Block of Wood,block of wood,0.0625,https://buddy.farm/i/carved-warthog/,https://buddy.farm/page-data/i/carved-warthog/page-data.json,,buddy-item-multi-source-v1,reverse_relation; reward_quantity_defaulted,Reverse Wishing Well relation from reward page; candidate export defaults quantity to 1 for review.
wishing_well_reverse,Carved Warthog,carved warthog,Carved Rabbit,carved rabbit,0.25,https://buddy.farm/i/carved-warthog/,https://buddy.farm/page-data/i/carved-warthog/page-data.json,,buddy-item-multi-source-v1,reverse_relation; reward_quantity_defaulted,Reverse Wishing Well relation from reward page; candidate export defaults quantity to 1 for review.
wishing_well_reverse,Carved Warthog,carved warthog,Small Flute,small flute,0.2,https://buddy.farm/i/carved-warthog/,https://buddy.farm/page-data/i/carved-warthog/page-data.json,,buddy-item-multi-source-v1,reverse_relation; reward_quantity_defaulted,Reverse Wishing Well relation from reward page; candidate export defaults quantity to 1 for review.
wishing_well_reverse,Carved Warthog,carved warthog,Teapot,teapot,0.14285714285714285,https://buddy.farm/i/carved-warthog/,https://buddy.farm/page-data/i/carved-warthog/page-data.json,,buddy-item-multi-source-v1,reverse_relation; reward_quantity_defaulted,Reverse Wishing Well relation from reward page; candidate export defaults quantity to 1 for review.
wishing_well_reverse,Caterpillar,caterpillar,Fire Ant,fire ant,0.25,https://buddy.farm/i/caterpillar/,https://buddy.farm/page-data/i/caterpillar/page-data.json,,buddy-item-multi-source-v1,reverse_relation; reward_quantity_defaulted,Reverse Wishing Well relation from reward page; candidate export defaults quantity to 1 for review.
wishing_well_reverse,Caterpillar,caterpillar,Shiny Beetle,shiny beetle,0.25,https://buddy.farm/i/caterpillar/,https://buddy.farm/page-data/i/caterpillar/page-data.json,,buddy-item-multi-source-v1,reverse_relation; reward_quantity_defaulted,Reverse Wishing Well relation from reward page; candidate export defaults quantity to 1 for review.
wishing_well_reverse,Caterpillar,caterpillar,Snail,snail,0.25,https://buddy.farm/i/caterpillar/,https://buddy.farm/page-data/i/caterpillar/page-data.json,,buddy-item-multi-source-v1,reverse_relation; reward_quantity_defaulted,Reverse Wishing Well relation from reward page; candidate export defaults quantity to 1 for review.
wishing_well_reverse,Chattering Teeth,chattering teeth,Gouda,gouda,0.3333333333333333,https://buddy.farm/i/chattering-teeth/,https://buddy.farm/page-data/i/chattering-teeth/page-data.json,,buddy-item-multi-source-v1,reverse_relation; reward_quantity_defaulted,Reverse Wishing Well relation from reward page; candidate export defaults quantity to 1 for review.
wishing_well_reverse,Chattering Teeth,chattering teeth,Witch Hat,witch hat,0.3333333333333333,https://buddy.farm/i/chattering-teeth/,https://buddy.farm/page-data/i/chattering-teeth/page-data.json,,buddy-item-multi-source-v1,reverse_relation; reward_quantity_defaulted,Reverse Wishing Well relation from reward page; candidate export defaults quantity to 1 for review.
wishing_well_reverse,Chum,chum,Essence of Slime,essence of slime,0.5,https://buddy.farm/i/chum/,https://buddy.farm/page-data/i/chum/page-data.json,,buddy-item-multi-source-v1,reverse_relation; reward_quantity_defaulted,Reverse Wishing Well relation from reward page; candidate export defaults quantity to 1 for review.
wishing_well_reverse,Coal,coal,Dragonfly,dragonfly,0.3333333333333333,https://buddy.farm/i/coal/,https://buddy.farm/page-data/i/coal/page-data.json,,buddy-item-multi-source-v1,reverse_relation; reward_quantity_defaulted,Reverse Wishing Well relation from reward page; candidate export defaults quantity to 1 for review.
wishing_well_reverse,Cogwheel,cogwheel,Ancient Coin,ancient coin,0.08333333333333333,https://buddy.farm/i/cogwheel/,https://buddy.farm/page-data/i/cogwheel/page-data.json,,buddy-item-multi-source-v1,reverse_relation; reward_quantity_defaulted,Reverse Wishing Well relation from reward page; candidate export defaults quantity to 1 for review.
wishing_well_reverse,Cogwheel,cogwheel,Pocket Watch,pocket watch,0.3333333333333333,https://buddy.farm/i/cogwheel/,https://buddy.farm/page-data/i/cogwheel/page-data.json,,buddy-item-multi-source-v1,reverse_relation; reward_quantity_defaulted,Reverse Wishing Well relation from reward page; candidate export defaults quantity to 1 for review.
wishing_well_reverse,Corn,corn,Herbs,herbs,0.16666666666666666,https://buddy.farm/i/corn/,https://buddy.farm/page-data/i/corn/page-data.json,,buddy-item-multi-source-v1,reverse_relation; reward_quantity_defaulted,Reverse Wishing Well relation from reward page; candidate export defaults quantity to 1 for review.
wishing_well_reverse,Crab Claw,crab claw,Frog,frog,0.3333333333333333,https://buddy.farm/i/crab-claw/,https://buddy.farm/page-data/i/crab-claw/page-data.json,,buddy-item-multi-source-v1,reverse_relation; reward_quantity_defaulted,Reverse Wishing Well relation from reward page; candidate export defaults quantity to 1 for review.
wishing_well_reverse,Crab Claw,crab claw,Orange Gecko,orange gecko,0.3333333333333333,https://buddy.farm/i/crab-claw/,https://buddy.farm/page-data/i/crab-claw/page-data.json,,buddy-item-multi-source-v1,reverse_relation; reward_quantity_defaulted,Reverse Wishing Well relation from reward page; candidate export defaults quantity to 1 for review.
wishing_well_reverse,Dancer,dancer,Milk and Cookies,milk and cookies,0.25,https://buddy.farm/i/dancer/,https://buddy.farm/page-data/i/dancer/page-data.json,,buddy-item-multi-source-v1,reverse_relation; reward_quantity_defaulted,Reverse Wishing Well relation from reward page; candidate export defaults quantity to 1 for review.
wishing_well_reverse,Dice,dice,Spectacles,spectacles,0.2,https://buddy.farm/i/dice/,https://buddy.farm/page-data/i/dice/page-data.json,,buddy-item-multi-source-v1,reverse_relation; reward_quantity_defaulted,Reverse Wishing Well relation from reward page; candidate export defaults quantity to 1 for review.
wishing_well_reverse,Dice,dice,Strange Letter,strange letter,0.25,https://buddy.farm/i/dice/,https://buddy.farm/page-data/i/dice/page-data.json,,buddy-item-multi-source-v1,reverse_relation; reward_quantity_defaulted,Reverse Wishing Well relation from reward page; candidate export defaults quantity to 1 for review.
wishing_well_reverse,Dice,dice,Small Flute,small flute,0.2,https://buddy.farm/i/dice/,https://buddy.farm/page-data/i/dice/page-data.json,,buddy-item-multi-source-v1,reverse_relation; reward_quantity_defaulted,Reverse Wishing Well relation from reward page; candidate export defaults quantity to 1 for review.
wishing_well_reverse,Dice,dice,Wooden Pipe,wooden pipe,0.25,https://buddy.farm/i/dice/,https://buddy.farm/page-data/i/dice/page-data.json,,buddy-item-multi-source-v1,reverse_relation; reward_quantity_defaulted,Reverse Wishing Well relation from reward page; candidate export defaults quantity to 1 for review.
wishing_well_reverse,Egg 02,egg 02,Dragonfly,dragonfly,0.3333333333333333,https://buddy.farm/i/egg-02/,https://buddy.farm/page-data/i/egg-02/page-data.json,,buddy-item-multi-source-v1,reverse_relation; reward_quantity_defaulted,Reverse Wishing Well relation from reward page; candidate export defaults quantity to 1 for review.
wishing_well_reverse,Egyptian Necklace,egyptian necklace,Candy Corn,candy corn,0.3333333333333333,https://buddy.farm/i/egyptian-necklace/,https://buddy.farm/page-data/i/egyptian-necklace/page-data.json,,buddy-item-multi-source-v1,reverse_relation; reward_quantity_defaulted,Reverse Wishing Well relation from reward page; candidate export defaults quantity to 1 for review.
wishing_well_reverse,Egyptian Necklace,egyptian necklace,Treat Bag 02,treat bag 02,0.3333333333333333,https://buddy.farm/i/egyptian-necklace/,https://buddy.farm/page-data/i/egyptian-necklace/page-data.json,,buddy-item-multi-source-v1,reverse_relation; reward_quantity_defaulted,Reverse Wishing Well relation from reward page; candidate export defaults quantity to 1 for review.
wishing_well_reverse,Emberstone,emberstone,Jade,jade,0.25,https://buddy.farm/i/emberstone/,https://buddy.farm/page-data/i/emberstone/page-data.json,,buddy-item-multi-source-v1,reverse_relation; reward_quantity_defaulted,Reverse Wishing Well relation from reward page; candidate export defaults quantity to 1 for review.
wishing_well_reverse,Emerald,emerald,Aquamarine,aquamarine,0.25,https://buddy.farm/i/emerald/,https://buddy.farm/page-data/i/emerald/page-data.json,,buddy-item-multi-source-v1,reverse_relation; reward_quantity_defaulted,Reverse Wishing Well relation from reward page; candidate export defaults quantity to 1 for review.
wishing_well_reverse,Energy Coil,energy coil,Belt Drive,belt drive,0.3333333333333333,https://buddy.farm/i/energy-coil/,https://buddy.farm/page-data/i/energy-coil/page-data.json,,buddy-item-multi-source-v1,reverse_relation; reward_quantity_defaulted,Reverse Wishing Well relation from reward page; candidate export defaults quantity to 1 for review.
wishing_well_reverse,Eye Patch,eye patch,Captains Log,captains log,0.25,https://buddy.farm/i/eye-patch/,https://buddy.farm/page-data/i/eye-patch/page-data.json,,buddy-item-multi-source-v1,reverse_relation; reward_quantity_defaulted,Reverse Wishing Well relation from reward page; candidate export defaults quantity to 1 for review.
wishing_well_reverse,Eye Patch,eye patch,Ancient Coin,ancient coin,0.08333333333333333,https://buddy.farm/i/eye-patch/,https://buddy.farm/page-data/i/eye-patch/page-data.json,,buddy-item-multi-source-v1,reverse_relation; reward_quantity_defaulted,Reverse Wishing Well relation from reward page; candidate export defaults quantity to 1 for review.
wishing_well_reverse,Eye Patch,eye patch,Pirate Bandana,pirate bandana,0.25,https://buddy.farm/i/eye-patch/,https://buddy.farm/page-data/i/eye-patch/page-data.json,,buddy-item-multi-source-v1,reverse_relation; reward_quantity_defaulted,Reverse Wishing Well relation from reward page; candidate export defaults quantity to 1 for review.
wishing_well_reverse,Fancy Box,fancy box,Small Gear,small gear,0.3333333333333333,https://buddy.farm/i/fancy-box/,https://buddy.farm/page-data/i/fancy-box/page-data.json,,buddy-item-multi-source-v1,reverse_relation; reward_quantity_defaulted,Reverse Wishing Well relation from reward page; candidate export defaults quantity to 1 for review.
wishing_well_reverse,Fancy Drum,fancy drum,Sea Dragon,sea dragon,0.3333333333333333,https://buddy.farm/i/fancy-drum/,https://buddy.farm/page-data/i/fancy-drum/page-data.json,,buddy-item-multi-source-v1,reverse_relation; reward_quantity_defaulted,Reverse Wishing Well relation from reward page; candidate export defaults quantity to 1 for review.
wishing_well_reverse,Fancy Drum,fancy drum,Sturdy Bow,sturdy bow,0.3333333333333333,https://buddy.farm/i/fancy-drum/,https://buddy.farm/page-data/i/fancy-drum/page-data.json,,buddy-item-multi-source-v1,reverse_relation; reward_quantity_defaulted,Reverse Wishing Well relation from reward page; candidate export defaults quantity to 1 for review.
wishing_well_reverse,Fancy Guitar,fancy guitar,Sturdy Bow,sturdy bow,0.3333333333333333,https://buddy.farm/i/fancy-guitar/,https://buddy.farm/page-data/i/fancy-guitar/page-data.json,,buddy-item-multi-source-v1,reverse_relation; reward_quantity_defaulted,Reverse Wishing Well relation from reward page; candidate export defaults quantity to 1 for review.
wishing_well_reverse,Fancy Pipe,fancy pipe,Wooden Pipe,wooden pipe,0.25,https://buddy.farm/i/fancy-pipe/,https://buddy.farm/page-data/i/fancy-pipe/page-data.json,,buddy-item-multi-source-v1,reverse_relation; reward_quantity_defaulted,Reverse Wishing Well relation from reward page; candidate export defaults quantity to 1 for review.
wishing_well_reverse,Fire Ant,fire ant,Caterpillar,caterpillar,0.25,https://buddy.farm/i/fire-ant/,https://buddy.farm/page-data/i/fire-ant/page-data.json,,buddy-item-multi-source-v1,reverse_relation; reward_quantity_defaulted,Reverse Wishing Well relation from reward page; candidate export defaults quantity to 1 for review.
wishing_well_reverse,Fire Ant,fire ant,Horned Beetle,horned beetle,0.25,https://buddy.farm/i/fire-ant/,https://buddy.farm/page-data/i/fire-ant/page-data.json,,buddy-item-multi-source-v1,reverse_relation; reward_quantity_defaulted,Reverse Wishing Well relation from reward page; candidate export defaults quantity to 1 for review.
wishing_well_reverse,Flamejack,flamejack,Herbs,herbs,0.16666666666666666,https://buddy.farm/i/flamejack/,https://buddy.farm/page-data/i/flamejack/page-data.json,,buddy-item-multi-source-v1,reverse_relation; reward_quantity_defaulted,Reverse Wishing Well relation from reward page; candidate export defaults quantity to 1 for review.
wishing_well_reverse,Freaky Picture,freaky picture,Ancient Coin,ancient coin,0.08333333333333333,https://buddy.farm/i/freaky-picture/,https://buddy.farm/page-data/i/freaky-picture/page-data.json,,buddy-item-multi-source-v1,reverse_relation; reward_quantity_defaulted,Reverse Wishing Well relation from reward page; candidate export defaults quantity to 1 for review.
wishing_well_reverse,Freaky Picture,freaky picture,Strange Letter,strange letter,0.25,https://buddy.farm/i/freaky-picture/,https://buddy.farm/page-data/i/freaky-picture/page-data.json,,buddy-item-multi-source-v1,reverse_relation; reward_quantity_defaulted,Reverse Wishing Well relation from reward page; candidate export defaults quantity to 1 for review.
wishing_well_reverse,Freaky Picture,freaky picture,Teapot,teapot,0.14285714285714285,https://buddy.farm/i/freaky-picture/,https://buddy.farm/page-data/i/freaky-picture/page-data.json,,buddy-item-multi-source-v1,reverse_relation; reward_quantity_defaulted,Reverse Wishing Well relation from reward page; candidate export defaults quantity to 1 for review.
wishing_well_reverse,Frog,frog,Orange Gecko,orange gecko,0.3333333333333333,https://buddy.farm/i/frog/,https://buddy.farm/page-data/i/frog/page-data.json,,buddy-item-multi-source-v1,reverse_relation; reward_quantity_defaulted,Reverse Wishing Well relation from reward page; candidate export defaults quantity to 1 for review.
wishing_well_reverse,Frog,frog,Sea Dragon,sea dragon,0.3333333333333333,https://buddy.farm/i/frog/,https://buddy.farm/page-data/i/frog/page-data.json,,buddy-item-multi-source-v1,reverse_relation; reward_quantity_defaulted,Reverse Wishing Well relation from reward page; candidate export defaults quantity to 1 for review.
wishing_well_reverse,Frog,frog,Crab Claw,crab claw,0.3333333333333333,https://buddy.farm/i/frog/,https://buddy.farm/page-data/i/frog/page-data.json,,buddy-item-multi-source-v1,reverse_relation; reward_quantity_defaulted,Reverse Wishing Well relation from reward page; candidate export defaults quantity to 1 for review.
wishing_well_reverse,Giant Centipede,giant centipede,Caterpillar,caterpillar,0.25,https://buddy.farm/i/giant-centipede/,https://buddy.farm/page-data/i/giant-centipede/page-data.json,,buddy-item-multi-source-v1,reverse_relation; reward_quantity_defaulted,Reverse Wishing Well relation from reward page; candidate export defaults quantity to 1 for review.
wishing_well_reverse,Giant Centipede,giant centipede,Fire Ant,fire ant,0.25,https://buddy.farm/i/giant-centipede/,https://buddy.farm/page-data/i/giant-centipede/page-data.json,,buddy-item-multi-source-v1,reverse_relation; reward_quantity_defaulted,Reverse Wishing Well relation from reward page; candidate export defaults quantity to 1 for review.
wishing_well_reverse,Giant Centipede,giant centipede,Ancient Coin,ancient coin,0.08333333333333333,https://buddy.farm/i/giant-centipede/,https://buddy.farm/page-data/i/giant-centipede/page-data.json,,buddy-item-multi-source-v1,reverse_relation; reward_quantity_defaulted,Reverse Wishing Well relation from reward page; candidate export defaults quantity to 1 for review.
wishing_well_reverse,Giant Centipede,giant centipede,Horned Beetle,horned beetle,0.25,https://buddy.farm/i/giant-centipede/,https://buddy.farm/page-data/i/giant-centipede/page-data.json,,buddy-item-multi-source-v1,reverse_relation; reward_quantity_defaulted,Reverse Wishing Well relation from reward page; candidate export defaults quantity to 1 for review.
wishing_well_reverse,Glass Bottle,glass bottle,Old Boot,old boot,0.3333333333333333,https://buddy.farm/i/glass-bottle/,https://buddy.farm/page-data/i/glass-bottle/page-data.json,,buddy-item-multi-source-v1,reverse_relation; reward_quantity_defaulted,Reverse Wishing Well relation from reward page; candidate export defaults quantity to 1 for review.
wishing_well_reverse,Gold Carrot,gold carrot,Gold Cucumber,gold cucumber,0.3333333333333333,https://buddy.farm/i/gold-carrot/,https://buddy.farm/page-data/i/gold-carrot/page-data.json,,buddy-item-multi-source-v1,reverse_relation; reward_quantity_defaulted,Reverse Wishing Well relation from reward page; candidate export defaults quantity to 1 for review.
wishing_well_reverse,Gold Carrot,gold carrot,Gold Peppers,gold peppers,0.2,https://buddy.farm/i/gold-carrot/,https://buddy.farm/page-data/i/gold-carrot/page-data.json,,buddy-item-multi-source-v1,reverse_relation; reward_quantity_defaulted,Reverse Wishing Well relation from reward page; candidate export defaults quantity to 1 for review.
wishing_well_reverse,Gold Carrot,gold carrot,Gold Eggplant,gold eggplant,0.25,https://buddy.farm/i/gold-carrot/,https://buddy.farm/page-data/i/gold-carrot/page-data.json,,buddy-item-multi-source-v1,reverse_relation; reward_quantity_defaulted,Reverse Wishing Well relation from reward page; candidate export defaults quantity to 1 for review.
wishing_well_reverse,Gold Catfish,gold catfish,Gold Drum,gold drum,0.3333333333333333,https://buddy.farm/i/gold-catfish/,https://buddy.farm/page-data/i/gold-catfish/page-data.json,,buddy-item-multi-source-v1,reverse_relation; reward_quantity_defaulted,Reverse Wishing Well relation from reward page; candidate export defaults quantity to 1 for review.
wishing_well_reverse,Gold Catfish,gold catfish,Goldgill,goldgill,0.3333333333333333,https://buddy.farm/i/gold-catfish/,https://buddy.farm/page-data/i/gold-catfish/page-data.json,,buddy-item-multi-source-v1,reverse_relation; reward_quantity_defaulted,Reverse Wishing Well relation from reward page; candidate export defaults quantity to 1 for review.
wishing_well_reverse,Gold Catfish,gold catfish,Gold Flier,gold flier,0.3333333333333333,https://buddy.farm/i/gold-catfish/,https://buddy.farm/page-data/i/gold-catfish/page-data.json,,buddy-item-multi-source-v1,reverse_relation; reward_quantity_defaulted,Reverse Wishing Well relation from reward page; candidate export defaults quantity to 1 for review.
wishing_well_reverse,Gold Catfish,gold catfish,Goldfin,goldfin,0.3333333333333333,https://buddy.farm/i/gold-catfish/,https://buddy.farm/page-data/i/gold-catfish/page-data.json,,buddy-item-multi-source-v1,reverse_relation; reward_quantity_defaulted,Reverse Wishing Well relation from reward page; candidate export defaults quantity to 1 for review.
wishing_well_reverse,Gold Coral,gold coral,Gold Sea Bass,gold sea bass,0.3333333333333333,https://buddy.farm/i/gold-coral/,https://buddy.farm/page-data/i/gold-coral/page-data.json,,buddy-item-multi-source-v1,reverse_relation; reward_quantity_defaulted,Reverse Wishing Well relation from reward page; candidate export defaults quantity to 1 for review.
wishing_well_reverse,Gold Cucumber,gold cucumber,Gold Carrot,gold carrot,0.25,https://buddy.farm/i/gold-cucumber/,https://buddy.farm/page-data/i/gold-cucumber/page-data.json,,buddy-item-multi-source-v1,reverse_relation; reward_quantity_defaulted,Reverse Wishing Well relation from reward page; candidate export defaults quantity to 1 for review.
wishing_well_reverse,Gold Cucumber,gold cucumber,Gold Peas,gold peas,0.25,https://buddy.farm/i/gold-cucumber/,https://buddy.farm/page-data/i/gold-cucumber/page-data.json,,buddy-item-multi-source-v1,reverse_relation; reward_quantity_defaulted,Reverse Wishing Well relation from reward page; candidate export defaults quantity to 1 for review.
wishing_well_reverse,Gold Cucumber,gold cucumber,Gold Peppers,gold peppers,0.2,https://buddy.farm/i/gold-cucumber/,https://buddy.farm/page-data/i/gold-cucumber/page-data.json,,buddy-item-multi-source-v1,reverse_relation; reward_quantity_defaulted,Reverse Wishing Well relation from reward page; candidate export defaults quantity to 1 for review.
wishing_well_reverse,Gold Drum,gold drum,Goldray,goldray,0.3333333333333333,https://buddy.farm/i/gold-drum/,https://buddy.farm/page-data/i/gold-drum/page-data.json,,buddy-item-multi-source-v1,reverse_relation; reward_quantity_defaulted,Reverse Wishing Well relation from reward page; candidate export defaults quantity to 1 for review.
wishing_well_reverse,Gold Eggplant,gold eggplant,Gold Carrot,gold carrot,0.25,https://buddy.farm/i/gold-eggplant/,https://buddy.farm/page-data/i/gold-eggplant/page-data.json,,buddy-item-multi-source-v1,reverse_relation; reward_quantity_defaulted,Reverse Wishing Well relation from reward page; candidate export defaults quantity to 1 for review.
wishing_well_reverse,Gold Eggplant,gold eggplant,Gold Cucumber,gold cucumber,0.3333333333333333,https://buddy.farm/i/gold-eggplant/,https://buddy.farm/page-data/i/gold-eggplant/page-data.json,,buddy-item-multi-source-v1,reverse_relation; reward_quantity_defaulted,Reverse Wishing Well relation from reward page; candidate export defaults quantity to 1 for review.
wishing_well_reverse,Gold Eggplant,gold eggplant,Gold Peppers,gold peppers,0.2,https://buddy.farm/i/gold-eggplant/,https://buddy.farm/page-data/i/gold-eggplant/page-data.json,,buddy-item-multi-source-v1,reverse_relation; reward_quantity_defaulted,Reverse Wishing Well relation from reward page; candidate export defaults quantity to 1 for review.
wishing_well_reverse,Gold Eggplant,gold eggplant,Gold Peas,gold peas,0.25,https://buddy.farm/i/gold-eggplant/,https://buddy.farm/page-data/i/gold-eggplant/page-data.json,,buddy-item-multi-source-v1,reverse_relation; reward_quantity_defaulted,Reverse Wishing Well relation from reward page; candidate export defaults quantity to 1 for review.
wishing_well_reverse,Gold Feather,gold feather,Bacon,bacon,0.3333333333333333,https://buddy.farm/i/gold-feather/,https://buddy.farm/page-data/i/gold-feather/page-data.json,,buddy-item-multi-source-v1,reverse_relation; reward_quantity_defaulted,Reverse Wishing Well relation from reward page; candidate export defaults quantity to 1 for review.
wishing_well_reverse,Gold Feather,gold feather,Gold Leaf,gold leaf,0.3333333333333333,https://buddy.farm/i/gold-feather/,https://buddy.farm/page-data/i/gold-feather/page-data.json,,buddy-item-multi-source-v1,reverse_relation; reward_quantity_defaulted,Reverse Wishing Well relation from reward page; candidate export defaults quantity to 1 for review.
wishing_well_reverse,Gold Feather,gold feather,Gold Peas,gold peas,0.25,https://buddy.farm/i/gold-feather/,https://buddy.farm/page-data/i/gold-feather/page-data.json,,buddy-item-multi-source-v1,reverse_relation; reward_quantity_defaulted,Reverse Wishing Well relation from reward page; candidate export defaults quantity to 1 for review.
wishing_well_reverse,Gold Feather,gold feather,Runestone 04,runestone 04,0.3333333333333333,https://buddy.farm/i/gold-feather/,https://buddy.farm/page-data/i/gold-feather/page-data.json,,buddy-item-multi-source-v1,reverse_relation; reward_quantity_defaulted,Reverse Wishing Well relation from reward page; candidate export defaults quantity to 1 for review.
wishing_well_reverse,Gold Feather,gold feather,Runestone 08,runestone 08,0.3333333333333333,https://buddy.farm/i/gold-feather/,https://buddy.farm/page-data/i/gold-feather/page-data.json,,buddy-item-multi-source-v1,reverse_relation; reward_quantity_defaulted,Reverse Wishing Well relation from reward page; candidate export defaults quantity to 1 for review.
wishing_well_reverse,Gold Feather,gold feather,Runestone 06,runestone 06,0.25,https://buddy.farm/i/gold-feather/,https://buddy.farm/page-data/i/gold-feather/page-data.json,,buddy-item-multi-source-v1,reverse_relation; reward_quantity_defaulted,Reverse Wishing Well relation from reward page; candidate export defaults quantity to 1 for review.
wishing_well_reverse,Gold Feather,gold feather,Runestone 09,runestone 09,0.3333333333333333,https://buddy.farm/i/gold-feather/,https://buddy.farm/page-data/i/gold-feather/page-data.json,,buddy-item-multi-source-v1,reverse_relation; reward_quantity_defaulted,Reverse Wishing Well relation from reward page; candidate export defaults quantity to 1 for review.
wishing_well_reverse,Gold Flier,gold flier,Gold Sea Bass,gold sea bass,0.3333333333333333,https://buddy.farm/i/gold-flier/,https://buddy.farm/page-data/i/gold-flier/page-data.json,,buddy-item-multi-source-v1,reverse_relation; reward_quantity_defaulted,Reverse Wishing Well relation from reward page; candidate export defaults quantity to 1 for review.
wishing_well_reverse,Gold Flier,gold flier,Goldray,goldray,0.3333333333333333,https://buddy.farm/i/gold-flier/,https://buddy.farm/page-data/i/gold-flier/page-data.json,,buddy-item-multi-source-v1,reverse_relation; reward_quantity_defaulted,Reverse Wishing Well relation from reward page; candidate export defaults quantity to 1 for review.
wishing_well_reverse,Gold Flier,gold flier,Gold Trout,gold trout,0.3333333333333333,https://buddy.farm/i/gold-flier/,https://buddy.farm/page-data/i/gold-flier/page-data.json,,buddy-item-multi-source-v1,reverse_relation; reward_quantity_defaulted,Reverse Wishing Well relation from reward page; candidate export defaults quantity to 1 for review.
wishing_well_reverse,Gold Leaf,gold leaf,Bacon,bacon,0.3333333333333333,https://buddy.farm/i/gold-leaf/,https://buddy.farm/page-data/i/gold-leaf/page-data.json,,buddy-item-multi-source-v1,reverse_relation; reward_quantity_defaulted,Reverse Wishing Well relation from reward page; candidate export defaults quantity to 1 for review.
wishing_well_reverse,Gold Leaf,gold leaf,Magicite,magicite,0.25,https://buddy.farm/i/gold-leaf/,https://buddy.farm/page-data/i/gold-leaf/page-data.json,,buddy-item-multi-source-v1,reverse_relation; reward_quantity_defaulted,Reverse Wishing Well relation from reward page; candidate export defaults quantity to 1 for review.
wishing_well_reverse,Gold Leaf,gold leaf,Runestone 04,runestone 04,0.3333333333333333,https://buddy.farm/i/gold-leaf/,https://buddy.farm/page-data/i/gold-leaf/page-data.json,,buddy-item-multi-source-v1,reverse_relation; reward_quantity_defaulted,Reverse Wishing Well relation from reward page; candidate export defaults quantity to 1 for review.
wishing_well_reverse,Gold Leaf,gold leaf,Runestone 06,runestone 06,0.25,https://buddy.farm/i/gold-leaf/,https://buddy.farm/page-data/i/gold-leaf/page-data.json,,buddy-item-multi-source-v1,reverse_relation; reward_quantity_defaulted,Reverse Wishing Well relation from reward page; candidate export defaults quantity to 1 for review.
wishing_well_reverse,Gold Leaf,gold leaf,Runestone 07,runestone 07,0.3333333333333333,https://buddy.farm/i/gold-leaf/,https://buddy.farm/page-data/i/gold-leaf/page-data.json,,buddy-item-multi-source-v1,reverse_relation; reward_quantity_defaulted,Reverse Wishing Well relation from reward page; candidate export defaults quantity to 1 for review.
wishing_well_reverse,Gold Leaf,gold leaf,Gold Eggplant,gold eggplant,0.25,https://buddy.farm/i/gold-leaf/,https://buddy.farm/page-data/i/gold-leaf/page-data.json,,buddy-item-multi-source-v1,reverse_relation; reward_quantity_defaulted,Reverse Wishing Well relation from reward page; candidate export defaults quantity to 1 for review.
wishing_well_reverse,Gold Leaf,gold leaf,Gold Feather,gold feather,0.3333333333333333,https://buddy.farm/i/gold-leaf/,https://buddy.farm/page-data/i/gold-leaf/page-data.json,,buddy-item-multi-source-v1,reverse_relation; reward_quantity_defaulted,Reverse Wishing Well relation from reward page; candidate export defaults quantity to 1 for review.
wishing_well_reverse,Gold Peas,gold peas,Gold Peppers,gold peppers,0.2,https://buddy.farm/i/gold-peas/,https://buddy.farm/page-data/i/gold-peas/page-data.json,,buddy-item-multi-source-v1,reverse_relation; reward_quantity_defaulted,Reverse Wishing Well relation from reward page; candidate export defaults quantity to 1 for review.
wishing_well_reverse,Gold Peas,gold peas,Gold Carrot,gold carrot,0.25,https://buddy.farm/i/gold-peas/,https://buddy.farm/page-data/i/gold-peas/page-data.json,,buddy-item-multi-source-v1,reverse_relation; reward_quantity_defaulted,Reverse Wishing Well relation from reward page; candidate export defaults quantity to 1 for review.
wishing_well_reverse,Gold Peas,gold peas,Gold Eggplant,gold eggplant,0.25,https://buddy.farm/i/gold-peas/,https://buddy.farm/page-data/i/gold-peas/page-data.json,,buddy-item-multi-source-v1,reverse_relation; reward_quantity_defaulted,Reverse Wishing Well relation from reward page; candidate export defaults quantity to 1 for review.
wishing_well_reverse,Gold Peppers,gold peppers,Gold Peas,gold peas,0.25,https://buddy.farm/i/gold-peppers/,https://buddy.farm/page-data/i/gold-peppers/page-data.json,,buddy-item-multi-source-v1,reverse_relation; reward_quantity_defaulted,Reverse Wishing Well relation from reward page; candidate export defaults quantity to 1 for review.
wishing_well_reverse,Gold Sea Bass,gold sea bass,Goldjack,goldjack,0.3333333333333333,https://buddy.farm/i/gold-sea-bass/,https://buddy.farm/page-data/i/gold-sea-bass/page-data.json,,buddy-item-multi-source-v1,reverse_relation; reward_quantity_defaulted,Reverse Wishing Well relation from reward page; candidate export defaults quantity to 1 for review.
wishing_well_reverse,Gold Sea Bass,gold sea bass,Gold Flier,gold flier,0.3333333333333333,https://buddy.farm/i/gold-sea-bass/,https://buddy.farm/page-data/i/gold-sea-bass/page-data.json,,buddy-item-multi-source-v1,reverse_relation; reward_quantity_defaulted,Reverse Wishing Well relation from reward page; candidate export defaults quantity to 1 for review.
wishing_well_reverse,Gold Sea Bass,gold sea bass,Herbs,herbs,0.16666666666666666,https://buddy.farm/i/gold-sea-bass/,https://buddy.farm/page-data/i/gold-sea-bass/page-data.json,,buddy-item-multi-source-v1,reverse_relation; reward_quantity_defaulted,Reverse Wishing Well relation from reward page; candidate export defaults quantity to 1 for review.
wishing_well_reverse,Gold Trout,gold trout,Goldray,goldray,0.3333333333333333,https://buddy.farm/i/gold-trout/,https://buddy.farm/page-data/i/gold-trout/page-data.json,,buddy-item-multi-source-v1,reverse_relation; reward_quantity_defaulted,Reverse Wishing Well relation from reward page; candidate export defaults quantity to 1 for review.
wishing_well_reverse,Gold Trout,gold trout,Gold Drum,gold drum,0.3333333333333333,https://buddy.farm/i/gold-trout/,https://buddy.farm/page-data/i/gold-trout/page-data.json,,buddy-item-multi-source-v1,reverse_relation; reward_quantity_defaulted,Reverse Wishing Well relation from reward page; candidate export defaults quantity to 1 for review.
wishing_well_reverse,Gold Trout,gold trout,Goldfin,goldfin,0.3333333333333333,https://buddy.farm/i/gold-trout/,https://buddy.farm/page-data/i/gold-trout/page-data.json,,buddy-item-multi-source-v1,reverse_relation; reward_quantity_defaulted,Reverse Wishing Well relation from reward page; candidate export defaults quantity to 1 for review.
wishing_well_reverse,Goldfin,goldfin,Gold Coral,gold coral,0.5,https://buddy.farm/i/goldfin/,https://buddy.farm/page-data/i/goldfin/page-data.json,,buddy-item-multi-source-v1,reverse_relation; reward_quantity_defaulted,Reverse Wishing Well relation from reward page; candidate export defaults quantity to 1 for review.
wishing_well_reverse,Goldfin,goldfin,Gold Sea Bass,gold sea bass,0.3333333333333333,https://buddy.farm/i/goldfin/,https://buddy.farm/page-data/i/goldfin/page-data.json,,buddy-item-multi-source-v1,reverse_relation; reward_quantity_defaulted,Reverse Wishing Well relation from reward page; candidate export defaults quantity to 1 for review.
wishing_well_reverse,Goldfin,goldfin,Goldgill,goldgill,0.3333333333333333,https://buddy.farm/i/goldfin/,https://buddy.farm/page-data/i/goldfin/page-data.json,,buddy-item-multi-source-v1,reverse_relation; reward_quantity_defaulted,Reverse Wishing Well relation from reward page; candidate export defaults quantity to 1 for review.
wishing_well_reverse,Goldfish,goldfish,Jack-o-lantern,jack o lantern,0.3333333333333333,https://buddy.farm/i/goldfish/,https://buddy.farm/page-data/i/goldfish/page-data.json,,buddy-item-multi-source-v1,reverse_relation; reward_quantity_defaulted,Reverse Wishing Well relation from reward page; candidate export defaults quantity to 1 for review.
wishing_well_reverse,Goldgill,goldgill,Gold Flier,gold flier,0.3333333333333333,https://buddy.farm/i/goldgill/,https://buddy.farm/page-data/i/goldgill/page-data.json,,buddy-item-multi-source-v1,reverse_relation; reward_quantity_defaulted,Reverse Wishing Well relation from reward page; candidate export defaults quantity to 1 for review.
wishing_well_reverse,Goldgill,goldgill,Gold Catfish,gold catfish,0.3333333333333333,https://buddy.farm/i/goldgill/,https://buddy.farm/page-data/i/goldgill/page-data.json,,buddy-item-multi-source-v1,reverse_relation; reward_quantity_defaulted,Reverse Wishing Well relation from reward page; candidate export defaults quantity to 1 for review.
wishing_well_reverse,Goldgill,goldgill,Goldjack,goldjack,0.3333333333333333,https://buddy.farm/i/goldgill/,https://buddy.farm/page-data/i/goldgill/page-data.json,,buddy-item-multi-source-v1,reverse_relation; reward_quantity_defaulted,Reverse Wishing Well relation from reward page; candidate export defaults quantity to 1 for review.
wishing_well_reverse,Goldgill,goldgill,Gold Trout,gold trout,0.3333333333333333,https://buddy.farm/i/goldgill/,https://buddy.farm/page-data/i/goldgill/page-data.json,,buddy-item-multi-source-v1,reverse_relation; reward_quantity_defaulted,Reverse Wishing Well relation from reward page; candidate export defaults quantity to 1 for review.
wishing_well_reverse,Goldjack,goldjack,Goldfin,goldfin,0.3333333333333333,https://buddy.farm/i/goldjack/,https://buddy.farm/page-data/i/goldjack/page-data.json,,buddy-item-multi-source-v1,reverse_relation; reward_quantity_defaulted,Reverse Wishing Well relation from reward page; candidate export defaults quantity to 1 for review.
wishing_well_reverse,Goldjack,goldjack,Gold Catfish,gold catfish,0.3333333333333333,https://buddy.farm/i/goldjack/,https://buddy.farm/page-data/i/goldjack/page-data.json,,buddy-item-multi-source-v1,reverse_relation; reward_quantity_defaulted,Reverse Wishing Well relation from reward page; candidate export defaults quantity to 1 for review.
wishing_well_reverse,Goldjack,goldjack,Goldgill,goldgill,0.3333333333333333,https://buddy.farm/i/goldjack/,https://buddy.farm/page-data/i/goldjack/page-data.json,,buddy-item-multi-source-v1,reverse_relation; reward_quantity_defaulted,Reverse Wishing Well relation from reward page; candidate export defaults quantity to 1 for review.
wishing_well_reverse,Goldray,goldray,Goldjack,goldjack,0.3333333333333333,https://buddy.farm/i/goldray/,https://buddy.farm/page-data/i/goldray/page-data.json,,buddy-item-multi-source-v1,reverse_relation; reward_quantity_defaulted,Reverse Wishing Well relation from reward page; candidate export defaults quantity to 1 for review.
wishing_well_reverse,Goldray,goldray,Gold Trout,gold trout,0.3333333333333333,https://buddy.farm/i/goldray/,https://buddy.farm/page-data/i/goldray/page-data.json,,buddy-item-multi-source-v1,reverse_relation; reward_quantity_defaulted,Reverse Wishing Well relation from reward page; candidate export defaults quantity to 1 for review.
wishing_well_reverse,Gouda,gouda,Small Gear,small gear,0.3333333333333333,https://buddy.farm/i/gouda/,https://buddy.farm/page-data/i/gouda/page-data.json,,buddy-item-multi-source-v1,reverse_relation; reward_quantity_defaulted,Reverse Wishing Well relation from reward page; candidate export defaults quantity to 1 for review.
wishing_well_reverse,Gouda,gouda,Wax Candle,wax candle,0.3333333333333333,https://buddy.farm/i/gouda/,https://buddy.farm/page-data/i/gouda/page-data.json,,buddy-item-multi-source-v1,reverse_relation; reward_quantity_defaulted,Reverse Wishing Well relation from reward page; candidate export defaults quantity to 1 for review.
wishing_well_reverse,Grab Bag 02,grab bag 02,Water Lily,water lily,0.3333333333333333,https://buddy.farm/i/grab-bag-02/,https://buddy.farm/page-data/i/grab-bag-02/page-data.json,,buddy-item-multi-source-v1,reverse_relation; reward_quantity_defaulted,Reverse Wishing Well relation from reward page; candidate export defaults quantity to 1 for review.
wishing_well_reverse,Grab Bag 07,grab bag 07,Milk and Cookies,milk and cookies,0.25,https://buddy.farm/i/grab-bag-07/,https://buddy.farm/page-data/i/grab-bag-07/page-data.json,,buddy-item-multi-source-v1,reverse_relation; reward_quantity_defaulted,Reverse Wishing Well relation from reward page; candidate export defaults quantity to 1 for review.
wishing_well_reverse,Green Jellyfish,green jellyfish,Herbs,herbs,0.16666666666666666,https://buddy.farm/i/green-jellyfish/,https://buddy.farm/page-data/i/green-jellyfish/page-data.json,,buddy-item-multi-source-v1,reverse_relation; reward_quantity_defaulted,Reverse Wishing Well relation from reward page; candidate export defaults quantity to 1 for review.
wishing_well_reverse,Holiday Wreath,holiday wreath,Milk and Cookies,milk and cookies,0.25,https://buddy.farm/i/holiday-wreath/,https://buddy.farm/page-data/i/holiday-wreath/page-data.json,,buddy-item-multi-source-v1,reverse_relation; reward_quantity_defaulted,Reverse Wishing Well relation from reward page; candidate export defaults quantity to 1 for review.
wishing_well_reverse,Honey,honey,Herbs,herbs,0.16666666666666666,https://buddy.farm/i/honey/,https://buddy.farm/page-data/i/honey/page-data.json,,buddy-item-multi-source-v1,reverse_relation; reward_quantity_defaulted,Reverse Wishing Well relation from reward page; candidate export defaults quantity to 1 for review.
wishing_well_reverse,Horn,horn,Pine Cone,pine cone,0.3333333333333333,https://buddy.farm/i/horn/,https://buddy.farm/page-data/i/horn/page-data.json,,buddy-item-multi-source-v1,reverse_relation; reward_quantity_defaulted,Reverse Wishing Well relation from reward page; candidate export defaults quantity to 1 for review.
wishing_well_reverse,Horned Beetle,horned beetle,Fire Ant,fire ant,0.25,https://buddy.farm/i/horned-beetle/,https://buddy.farm/page-data/i/horned-beetle/page-data.json,,buddy-item-multi-source-v1,reverse_relation; reward_quantity_defaulted,Reverse Wishing Well relation from reward page; candidate export defaults quantity to 1 for review.
wishing_well_reverse,Horned Beetle,horned beetle,Shiny Beetle,shiny beetle,0.25,https://buddy.farm/i/horned-beetle/,https://buddy.farm/page-data/i/horned-beetle/page-data.json,,buddy-item-multi-source-v1,reverse_relation; reward_quantity_defaulted,Reverse Wishing Well relation from reward page; candidate export defaults quantity to 1 for review.
wishing_well_reverse,Horned Beetle,horned beetle,Giant Centipede,giant centipede,0.25,https://buddy.farm/i/horned-beetle/,https://buddy.farm/page-data/i/horned-beetle/page-data.json,,buddy-item-multi-source-v1,reverse_relation; reward_quantity_defaulted,Reverse Wishing Well relation from reward page; candidate export defaults quantity to 1 for review.
wishing_well_reverse,Horned Beetle,horned beetle,Snail,snail,0.25,https://buddy.farm/i/horned-beetle/,https://buddy.farm/page-data/i/horned-beetle/page-data.json,,buddy-item-multi-source-v1,reverse_relation; reward_quantity_defaulted,Reverse Wishing Well relation from reward page; candidate export defaults quantity to 1 for review.
wishing_well_reverse,Iced Tea,iced tea,Apple Cider,apple cider,0.3333333333333333,https://buddy.farm/i/iced-tea/,https://buddy.farm/page-data/i/iced-tea/page-data.json,,buddy-item-multi-source-v1,reverse_relation; reward_quantity_defaulted,Reverse Wishing Well relation from reward page; candidate export defaults quantity to 1 for review.
wishing_well_reverse,Jack-o-lantern,jack o lantern,Treat Bag 03,treat bag 03,0.3333333333333333,https://buddy.farm/i/jack-o-lantern/,https://buddy.farm/page-data/i/jack-o-lantern/page-data.json,,buddy-item-multi-source-v1,reverse_relation; reward_quantity_defaulted,Reverse Wishing Well relation from reward page; candidate export defaults quantity to 1 for review.
wishing_well_reverse,Lemon Quartz,lemon quartz,Aquamarine,aquamarine,0.25,https://buddy.farm/i/lemon-quartz/,https://buddy.farm/page-data/i/lemon-quartz/page-data.json,,buddy-item-multi-source-v1,reverse_relation; reward_quantity_defaulted,Reverse Wishing Well relation from reward page; candidate export defaults quantity to 1 for review.
wishing_well_reverse,Lemonade,lemonade,Apple Cider,apple cider,0.3333333333333333,https://buddy.farm/i/lemonade/,https://buddy.farm/page-data/i/lemonade/page-data.json,,buddy-item-multi-source-v1,reverse_relation; reward_quantity_defaulted,Reverse Wishing Well relation from reward page; candidate export defaults quantity to 1 for review.
wishing_well_reverse,Lollipop,lollipop,Chattering Teeth,chattering teeth,0.25,https://buddy.farm/i/lollipop/,https://buddy.farm/page-data/i/lollipop/page-data.json,,buddy-item-multi-source-v1,reverse_relation; reward_quantity_defaulted,Reverse Wishing Well relation from reward page; candidate export defaults quantity to 1 for review.
wishing_well_reverse,Lollipop,lollipop,Taffy,taffy,0.3333333333333333,https://buddy.farm/i/lollipop/,https://buddy.farm/page-data/i/lollipop/page-data.json,,buddy-item-multi-source-v1,reverse_relation; reward_quantity_defaulted,Reverse Wishing Well relation from reward page; candidate export defaults quantity to 1 for review.
wishing_well_reverse,Lollipop,lollipop,Candy,candy,0.25,https://buddy.farm/i/lollipop/,https://buddy.farm/page-data/i/lollipop/page-data.json,,buddy-item-multi-source-v1,reverse_relation; reward_quantity_defaulted,Reverse Wishing Well relation from reward page; candidate export defaults quantity to 1 for review.
wishing_well_reverse,Machine Press,machine press,Sturdy Bow,sturdy bow,0.3333333333333333,https://buddy.farm/i/machine-press/,https://buddy.farm/page-data/i/machine-press/page-data.json,,buddy-item-multi-source-v1,reverse_relation; reward_quantity_defaulted,Reverse Wishing Well relation from reward page; candidate export defaults quantity to 1 for review.
wishing_well_reverse,Magicite,magicite,Gold Leaf,gold leaf,0.3333333333333333,https://buddy.farm/i/magicite/,https://buddy.farm/page-data/i/magicite/page-data.json,,buddy-item-multi-source-v1,reverse_relation; reward_quantity_defaulted,Reverse Wishing Well relation from reward page; candidate export defaults quantity to 1 for review.
wishing_well_reverse,Magicite,magicite,Bacon,bacon,0.3333333333333333,https://buddy.farm/i/magicite/,https://buddy.farm/page-data/i/magicite/page-data.json,,buddy-item-multi-source-v1,reverse_relation; reward_quantity_defaulted,Reverse Wishing Well relation from reward page; candidate export defaults quantity to 1 for review.
wishing_well_reverse,Magicite,magicite,Runestone 05,runestone 05,0.25,https://buddy.farm/i/magicite/,https://buddy.farm/page-data/i/magicite/page-data.json,,buddy-item-multi-source-v1,reverse_relation; reward_quantity_defaulted,Reverse Wishing Well relation from reward page; candidate export defaults quantity to 1 for review.
wishing_well_reverse,Magicite,magicite,Runestone 02,runestone 02,0.25,https://buddy.farm/i/magicite/,https://buddy.farm/page-data/i/magicite/page-data.json,,buddy-item-multi-source-v1,reverse_relation; reward_quantity_defaulted,Reverse Wishing Well relation from reward page; candidate export defaults quantity to 1 for review.
wishing_well_reverse,Magna Core,magna core,Compass,compass,1,https://buddy.farm/i/magna-core/,https://buddy.farm/page-data/i/magna-core/page-data.json,,buddy-item-multi-source-v1,reverse_relation; reward_quantity_defaulted,Reverse Wishing Well relation from reward page; candidate export defaults quantity to 1 for review.
wishing_well_reverse,Magna Quartz,magna quartz,Runestone 05,runestone 05,0.25,https://buddy.farm/i/magna-quartz/,https://buddy.farm/page-data/i/magna-quartz/page-data.json,,buddy-item-multi-source-v1,reverse_relation; reward_quantity_defaulted,Reverse Wishing Well relation from reward page; candidate export defaults quantity to 1 for review.
wishing_well_reverse,Magna Quartz,magna quartz,Runestone 02,runestone 02,0.25,https://buddy.farm/i/magna-quartz/,https://buddy.farm/page-data/i/magna-quartz/page-data.json,,buddy-item-multi-source-v1,reverse_relation; reward_quantity_defaulted,Reverse Wishing Well relation from reward page; candidate export defaults quantity to 1 for review.
wishing_well_reverse,Metal Spool,metal spool,Belt Drive,belt drive,0.3333333333333333,https://buddy.farm/i/metal-spool/,https://buddy.farm/page-data/i/metal-spool/page-data.json,,buddy-item-multi-source-v1,reverse_relation; reward_quantity_defaulted,Reverse Wishing Well relation from reward page; candidate export defaults quantity to 1 for review.
wishing_well_reverse,MIAB,miab,4-leaf Clover,4 leaf clover,0.3333333333333333,https://buddy.farm/i/miab/,https://buddy.farm/page-data/i/miab/page-data.json,,buddy-item-multi-source-v1,reverse_relation; reward_quantity_defaulted,Reverse Wishing Well relation from reward page; candidate export defaults quantity to 1 for review.
wishing_well_reverse,Monster Skull,monster skull,Steel Plate,steel plate,0.3333333333333333,https://buddy.farm/i/monster-skull/,https://buddy.farm/page-data/i/monster-skull/page-data.json,,buddy-item-multi-source-v1,reverse_relation; reward_quantity_defaulted,Reverse Wishing Well relation from reward page; candidate export defaults quantity to 1 for review.
wishing_well_reverse,Moonstone,moonstone,Captains Log,captains log,0.25,https://buddy.farm/i/moonstone/,https://buddy.farm/page-data/i/moonstone/page-data.json,,buddy-item-multi-source-v1,reverse_relation; reward_quantity_defaulted,Reverse Wishing Well relation from reward page; candidate export defaults quantity to 1 for review.
wishing_well_reverse,Moonstone,moonstone,Eye Patch,eye patch,0.25,https://buddy.farm/i/moonstone/,https://buddy.farm/page-data/i/moonstone/page-data.json,,buddy-item-multi-source-v1,reverse_relation; reward_quantity_defaulted,Reverse Wishing Well relation from reward page; candidate export defaults quantity to 1 for review.
wishing_well_reverse,Moonstone,moonstone,Shark Tooth,shark tooth,0.3333333333333333,https://buddy.farm/i/moonstone/,https://buddy.farm/page-data/i/moonstone/page-data.json,,buddy-item-multi-source-v1,reverse_relation; reward_quantity_defaulted,Reverse Wishing Well relation from reward page; candidate export defaults quantity to 1 for review.
wishing_well_reverse,Moonstone,moonstone,Treat Bag 03,treat bag 03,0.3333333333333333,https://buddy.farm/i/moonstone/,https://buddy.farm/page-data/i/moonstone/page-data.json,,buddy-item-multi-source-v1,reverse_relation; reward_quantity_defaulted,Reverse Wishing Well relation from reward page; candidate export defaults quantity to 1 for review.
wishing_well_reverse,Moonstone,moonstone,Runestone 01,runestone 01,0.3333333333333333,https://buddy.farm/i/moonstone/,https://buddy.farm/page-data/i/moonstone/page-data.json,,buddy-item-multi-source-v1,reverse_relation; reward_quantity_defaulted,Reverse Wishing Well relation from reward page; candidate export defaults quantity to 1 for review.
wishing_well_reverse,Moonstone,moonstone,Runestone 03,runestone 03,0.3333333333333333,https://buddy.farm/i/moonstone/,https://buddy.farm/page-data/i/moonstone/page-data.json,,buddy-item-multi-source-v1,reverse_relation; reward_quantity_defaulted,Reverse Wishing Well relation from reward page; candidate export defaults quantity to 1 for review.
wishing_well_reverse,Mug of Beer,mug of beer,Cutlass,cutlass,0.3333333333333333,https://buddy.farm/i/mug-of-beer/,https://buddy.farm/page-data/i/mug-of-beer/page-data.json,,buddy-item-multi-source-v1,reverse_relation; reward_quantity_defaulted,Reverse Wishing Well relation from reward page; candidate export defaults quantity to 1 for review.
wishing_well_reverse,Mushroom Paste,mushroom paste,Water Lily,water lily,0.3333333333333333,https://buddy.farm/i/mushroom-paste/,https://buddy.farm/page-data/i/mushroom-paste/page-data.json,,buddy-item-multi-source-v1,reverse_relation; reward_quantity_defaulted,Reverse Wishing Well relation from reward page; candidate export defaults quantity to 1 for review.
wishing_well_reverse,Octopus,octopus,Ancient Coin,ancient coin,0.08333333333333333,https://buddy.farm/i/octopus/,https://buddy.farm/page-data/i/octopus/page-data.json,,buddy-item-multi-source-v1,reverse_relation; reward_quantity_defaulted,Reverse Wishing Well relation from reward page; candidate export defaults quantity to 1 for review.
wishing_well_reverse,Octopus,octopus,Herbs,herbs,0.16666666666666666,https://buddy.farm/i/octopus/,https://buddy.farm/page-data/i/octopus/page-data.json,,buddy-item-multi-source-v1,reverse_relation; reward_quantity_defaulted,Reverse Wishing Well relation from reward page; candidate export defaults quantity to 1 for review.
wishing_well_reverse,Onyx Scorpion,onyx scorpion,Spoon,spoon,0.3333333333333333,https://buddy.farm/i/onyx-scorpion/,https://buddy.farm/page-data/i/onyx-scorpion/page-data.json,,buddy-item-multi-source-v1,reverse_relation; reward_quantity_defaulted,Reverse Wishing Well relation from reward page; candidate export defaults quantity to 1 for review.
wishing_well_reverse,Orange Gecko,orange gecko,Ancient Coin,ancient coin,0.08333333333333333,https://buddy.farm/i/orange-gecko/,https://buddy.farm/page-data/i/orange-gecko/page-data.json,,buddy-item-multi-source-v1,reverse_relation; reward_quantity_defaulted,Reverse Wishing Well relation from reward page; candidate export defaults quantity to 1 for review.
wishing_well_reverse,Orange Gecko,orange gecko,Frog,frog,0.3333333333333333,https://buddy.farm/i/orange-gecko/,https://buddy.farm/page-data/i/orange-gecko/page-data.json,,buddy-item-multi-source-v1,reverse_relation; reward_quantity_defaulted,Reverse Wishing Well relation from reward page; candidate export defaults quantity to 1 for review.
wishing_well_reverse,Orange Gecko,orange gecko,Sea Dragon,sea dragon,0.3333333333333333,https://buddy.farm/i/orange-gecko/,https://buddy.farm/page-data/i/orange-gecko/page-data.json,,buddy-item-multi-source-v1,reverse_relation; reward_quantity_defaulted,Reverse Wishing Well relation from reward page; candidate export defaults quantity to 1 for review.
wishing_well_reverse,Orange Gecko,orange gecko,Crab Claw,crab claw,0.3333333333333333,https://buddy.farm/i/orange-gecko/,https://buddy.farm/page-data/i/orange-gecko/page-data.json,,buddy-item-multi-source-v1,reverse_relation; reward_quantity_defaulted,Reverse Wishing Well relation from reward page; candidate export defaults quantity to 1 for review.
wishing_well_reverse,Orange Juice,orange juice,Apple Cider,apple cider,0.3333333333333333,https://buddy.farm/i/orange-juice/,https://buddy.farm/page-data/i/orange-juice/page-data.json,,buddy-item-multi-source-v1,reverse_relation; reward_quantity_defaulted,Reverse Wishing Well relation from reward page; candidate export defaults quantity to 1 for review.
wishing_well_reverse,Pine Cone,pine cone,Antler,antler,0.3333333333333333,https://buddy.farm/i/pine-cone/,https://buddy.farm/page-data/i/pine-cone/page-data.json,,buddy-item-multi-source-v1,reverse_relation; reward_quantity_defaulted,Reverse Wishing Well relation from reward page; candidate export defaults quantity to 1 for review.
wishing_well_reverse,Pirate Bandana,pirate bandana,Pocket Watch,pocket watch,0.3333333333333333,https://buddy.farm/i/pirate-bandana/,https://buddy.farm/page-data/i/pirate-bandana/page-data.json,,buddy-item-multi-source-v1,reverse_relation; reward_quantity_defaulted,Reverse Wishing Well relation from reward page; candidate export defaults quantity to 1 for review.
wishing_well_reverse,Pirate Bandana,pirate bandana,Spectacles,spectacles,0.2,https://buddy.farm/i/pirate-bandana/,https://buddy.farm/page-data/i/pirate-bandana/page-data.json,,buddy-item-multi-source-v1,reverse_relation; reward_quantity_defaulted,Reverse Wishing Well relation from reward page; candidate export defaults quantity to 1 for review.
wishing_well_reverse,Pirate Flag,pirate flag,Captains Log,captains log,0.25,https://buddy.farm/i/pirate-flag/,https://buddy.farm/page-data/i/pirate-flag/page-data.json,,buddy-item-multi-source-v1,reverse_relation; reward_quantity_defaulted,Reverse Wishing Well relation from reward page; candidate export defaults quantity to 1 for review.
wishing_well_reverse,Pirate Flag,pirate flag,Freaky Picture,freaky picture,0.25,https://buddy.farm/i/pirate-flag/,https://buddy.farm/page-data/i/pirate-flag/page-data.json,,buddy-item-multi-source-v1,reverse_relation; reward_quantity_defaulted,Reverse Wishing Well relation from reward page; candidate export defaults quantity to 1 for review.
wishing_well_reverse,Pirate Flag,pirate flag,Pirate Bandana,pirate bandana,0.25,https://buddy.farm/i/pirate-flag/,https://buddy.farm/page-data/i/pirate-flag/page-data.json,,buddy-item-multi-source-v1,reverse_relation; reward_quantity_defaulted,Reverse Wishing Well relation from reward page; candidate export defaults quantity to 1 for review.
wishing_well_reverse,Pirate Flag,pirate flag,Teapot,teapot,0.14285714285714285,https://buddy.farm/i/pirate-flag/,https://buddy.farm/page-data/i/pirate-flag/page-data.json,,buddy-item-multi-source-v1,reverse_relation; reward_quantity_defaulted,Reverse Wishing Well relation from reward page; candidate export defaults quantity to 1 for review.
wishing_well_reverse,Pocket Watch,pocket watch,Cogwheel,cogwheel,0.25,https://buddy.farm/i/pocket-watch/,https://buddy.farm/page-data/i/pocket-watch/page-data.json,,buddy-item-multi-source-v1,reverse_relation; reward_quantity_defaulted,Reverse Wishing Well relation from reward page; candidate export defaults quantity to 1 for review.
wishing_well_reverse,Popcorn,popcorn,Water Lily,water lily,0.3333333333333333,https://buddy.farm/i/popcorn/,https://buddy.farm/page-data/i/popcorn/page-data.json,,buddy-item-multi-source-v1,reverse_relation; reward_quantity_defaulted,Reverse Wishing Well relation from reward page; candidate export defaults quantity to 1 for review.
wishing_well_reverse,Prism Shard,prism shard,Pine Cone,pine cone,0.3333333333333333,https://buddy.farm/i/prism-shard/,https://buddy.farm/page-data/i/prism-shard/page-data.json,,buddy-item-multi-source-v1,reverse_relation; reward_quantity_defaulted,Reverse Wishing Well relation from reward page; candidate export defaults quantity to 1 for review.
wishing_well_reverse,Purple Bag,purple bag,Red Dye,red dye,0.3333333333333333,https://buddy.farm/i/purple-bag/,https://buddy.farm/page-data/i/purple-bag/page-data.json,,buddy-item-multi-source-v1,reverse_relation; reward_quantity_defaulted,Reverse Wishing Well relation from reward page; candidate export defaults quantity to 1 for review.
wishing_well_reverse,Red Shield,red shield,Red Dye,red dye,0.3333333333333333,https://buddy.farm/i/red-shield/,https://buddy.farm/page-data/i/red-shield/page-data.json,,buddy-item-multi-source-v1,reverse_relation; reward_quantity_defaulted,Reverse Wishing Well relation from reward page; candidate export defaults quantity to 1 for review.
wishing_well_reverse,Rubber Duckie,rubber duckie,Cutlass,cutlass,0.3333333333333333,https://buddy.farm/i/rubber-duckie/,https://buddy.farm/page-data/i/rubber-duckie/page-data.json,,buddy-item-multi-source-v1,reverse_relation; reward_quantity_defaulted,Reverse Wishing Well relation from reward page; candidate export defaults quantity to 1 for review.
wishing_well_reverse,Ruby,ruby,Aquamarine,aquamarine,0.25,https://buddy.farm/i/ruby/,https://buddy.farm/page-data/i/ruby/page-data.json,,buddy-item-multi-source-v1,reverse_relation; reward_quantity_defaulted,Reverse Wishing Well relation from reward page; candidate export defaults quantity to 1 for review.
wishing_well_reverse,Ruby,ruby,Jade,jade,0.25,https://buddy.farm/i/ruby/,https://buddy.farm/page-data/i/ruby/page-data.json,,buddy-item-multi-source-v1,reverse_relation; reward_quantity_defaulted,Reverse Wishing Well relation from reward page; candidate export defaults quantity to 1 for review.
wishing_well_reverse,Runestone 01,runestone 01,Eye Patch,eye patch,0.25,https://buddy.farm/i/runestone-01/,https://buddy.farm/page-data/i/runestone-01/page-data.json,,buddy-item-multi-source-v1,reverse_relation; reward_quantity_defaulted,Reverse Wishing Well relation from reward page; candidate export defaults quantity to 1 for review.
wishing_well_reverse,Runestone 01,runestone 01,Gold Peppers,gold peppers,0.2,https://buddy.farm/i/runestone-01/,https://buddy.farm/page-data/i/runestone-01/page-data.json,,buddy-item-multi-source-v1,reverse_relation; reward_quantity_defaulted,Reverse Wishing Well relation from reward page; candidate export defaults quantity to 1 for review.
wishing_well_reverse,Runestone 01,runestone 01,Runestone 02,runestone 02,0.25,https://buddy.farm/i/runestone-01/,https://buddy.farm/page-data/i/runestone-01/page-data.json,,buddy-item-multi-source-v1,reverse_relation; reward_quantity_defaulted,Reverse Wishing Well relation from reward page; candidate export defaults quantity to 1 for review.
wishing_well_reverse,Runestone 01,runestone 01,Magicite,magicite,0.25,https://buddy.farm/i/runestone-01/,https://buddy.farm/page-data/i/runestone-01/page-data.json,,buddy-item-multi-source-v1,reverse_relation; reward_quantity_defaulted,Reverse Wishing Well relation from reward page; candidate export defaults quantity to 1 for review.
wishing_well_reverse,Runestone 01,runestone 01,Moonstone,moonstone,0.25,https://buddy.farm/i/runestone-01/,https://buddy.farm/page-data/i/runestone-01/page-data.json,,buddy-item-multi-source-v1,reverse_relation; reward_quantity_defaulted,Reverse Wishing Well relation from reward page; candidate export defaults quantity to 1 for review.
wishing_well_reverse,Runestone 02,runestone 02,Eye Patch,eye patch,0.25,https://buddy.farm/i/runestone-02/,https://buddy.farm/page-data/i/runestone-02/page-data.json,,buddy-item-multi-source-v1,reverse_relation; reward_quantity_defaulted,Reverse Wishing Well relation from reward page; candidate export defaults quantity to 1 for review.
wishing_well_reverse,Runestone 02,runestone 02,Magicite,magicite,0.25,https://buddy.farm/i/runestone-02/,https://buddy.farm/page-data/i/runestone-02/page-data.json,,buddy-item-multi-source-v1,reverse_relation; reward_quantity_defaulted,Reverse Wishing Well relation from reward page; candidate export defaults quantity to 1 for review.
wishing_well_reverse,Runestone 02,runestone 02,Moonstone,moonstone,0.25,https://buddy.farm/i/runestone-02/,https://buddy.farm/page-data/i/runestone-02/page-data.json,,buddy-item-multi-source-v1,reverse_relation; reward_quantity_defaulted,Reverse Wishing Well relation from reward page; candidate export defaults quantity to 1 for review.
wishing_well_reverse,Runestone 02,runestone 02,Runestone 01,runestone 01,0.3333333333333333,https://buddy.farm/i/runestone-02/,https://buddy.farm/page-data/i/runestone-02/page-data.json,,buddy-item-multi-source-v1,reverse_relation; reward_quantity_defaulted,Reverse Wishing Well relation from reward page; candidate export defaults quantity to 1 for review.
wishing_well_reverse,Runestone 02,runestone 02,Teapot,teapot,0.14285714285714285,https://buddy.farm/i/runestone-02/,https://buddy.farm/page-data/i/runestone-02/page-data.json,,buddy-item-multi-source-v1,reverse_relation; reward_quantity_defaulted,Reverse Wishing Well relation from reward page; candidate export defaults quantity to 1 for review.
wishing_well_reverse,Runestone 03,runestone 03,Runestone 02,runestone 02,0.25,https://buddy.farm/i/runestone-03/,https://buddy.farm/page-data/i/runestone-03/page-data.json,,buddy-item-multi-source-v1,reverse_relation; reward_quantity_defaulted,Reverse Wishing Well relation from reward page; candidate export defaults quantity to 1 for review.
wishing_well_reverse,Runestone 03,runestone 03,Runestone 04,runestone 04,0.3333333333333333,https://buddy.farm/i/runestone-03/,https://buddy.farm/page-data/i/runestone-03/page-data.json,,buddy-item-multi-source-v1,reverse_relation; reward_quantity_defaulted,Reverse Wishing Well relation from reward page; candidate export defaults quantity to 1 for review.
wishing_well_reverse,Runestone 04,runestone 04,Runestone 03,runestone 03,0.3333333333333333,https://buddy.farm/i/runestone-04/,https://buddy.farm/page-data/i/runestone-04/page-data.json,,buddy-item-multi-source-v1,reverse_relation; reward_quantity_defaulted,Reverse Wishing Well relation from reward page; candidate export defaults quantity to 1 for review.
wishing_well_reverse,Runestone 04,runestone 04,Runestone 05,runestone 05,0.25,https://buddy.farm/i/runestone-04/,https://buddy.farm/page-data/i/runestone-04/page-data.json,,buddy-item-multi-source-v1,reverse_relation; reward_quantity_defaulted,Reverse Wishing Well relation from reward page; candidate export defaults quantity to 1 for review.
wishing_well_reverse,Runestone 05,runestone 05,Runestone 03,runestone 03,0.3333333333333333,https://buddy.farm/i/runestone-05/,https://buddy.farm/page-data/i/runestone-05/page-data.json,,buddy-item-multi-source-v1,reverse_relation; reward_quantity_defaulted,Reverse Wishing Well relation from reward page; candidate export defaults quantity to 1 for review.
wishing_well_reverse,Runestone 05,runestone 05,Shiny Beetle,shiny beetle,0.25,https://buddy.farm/i/runestone-05/,https://buddy.farm/page-data/i/runestone-05/page-data.json,,buddy-item-multi-source-v1,reverse_relation; reward_quantity_defaulted,Reverse Wishing Well relation from reward page; candidate export defaults quantity to 1 for review.
wishing_well_reverse,Runestone 05,runestone 05,Gold Feather,gold feather,0.3333333333333333,https://buddy.farm/i/runestone-05/,https://buddy.farm/page-data/i/runestone-05/page-data.json,,buddy-item-multi-source-v1,reverse_relation; reward_quantity_defaulted,Reverse Wishing Well relation from reward page; candidate export defaults quantity to 1 for review.
wishing_well_reverse,Runestone 06,runestone 06,Runestone 05,runestone 05,0.25,https://buddy.farm/i/runestone-06/,https://buddy.farm/page-data/i/runestone-06/page-data.json,,buddy-item-multi-source-v1,reverse_relation; reward_quantity_defaulted,Reverse Wishing Well relation from reward page; candidate export defaults quantity to 1 for review.
wishing_well_reverse,Runestone 06,runestone 06,Runestone 10,runestone 10,0.3333333333333333,https://buddy.farm/i/runestone-06/,https://buddy.farm/page-data/i/runestone-06/page-data.json,,buddy-item-multi-source-v1,reverse_relation; reward_quantity_defaulted,Reverse Wishing Well relation from reward page; candidate export defaults quantity to 1 for review.
wishing_well_reverse,Runestone 06,runestone 06,Horned Beetle,horned beetle,0.25,https://buddy.farm/i/runestone-06/,https://buddy.farm/page-data/i/runestone-06/page-data.json,,buddy-item-multi-source-v1,reverse_relation; reward_quantity_defaulted,Reverse Wishing Well relation from reward page; candidate export defaults quantity to 1 for review.
wishing_well_reverse,Runestone 07,runestone 07,Giant Centipede,giant centipede,0.25,https://buddy.farm/i/runestone-07/,https://buddy.farm/page-data/i/runestone-07/page-data.json,,buddy-item-multi-source-v1,reverse_relation; reward_quantity_defaulted,Reverse Wishing Well relation from reward page; candidate export defaults quantity to 1 for review.
wishing_well_reverse,Runestone 07,runestone 07,Gold Leaf,gold leaf,0.3333333333333333,https://buddy.farm/i/runestone-07/,https://buddy.farm/page-data/i/runestone-07/page-data.json,,buddy-item-multi-source-v1,reverse_relation; reward_quantity_defaulted,Reverse Wishing Well relation from reward page; candidate export defaults quantity to 1 for review.
wishing_well_reverse,Runestone 07,runestone 07,Moonstone,moonstone,0.25,https://buddy.farm/i/runestone-07/,https://buddy.farm/page-data/i/runestone-07/page-data.json,,buddy-item-multi-source-v1,reverse_relation; reward_quantity_defaulted,Reverse Wishing Well relation from reward page; candidate export defaults quantity to 1 for review.
wishing_well_reverse,Runestone 07,runestone 07,Runestone 06,runestone 06,0.25,https://buddy.farm/i/runestone-07/,https://buddy.farm/page-data/i/runestone-07/page-data.json,,buddy-item-multi-source-v1,reverse_relation; reward_quantity_defaulted,Reverse Wishing Well relation from reward page; candidate export defaults quantity to 1 for review.
wishing_well_reverse,Runestone 08,runestone 08,Fire Ant,fire ant,0.25,https://buddy.farm/i/runestone-08/,https://buddy.farm/page-data/i/runestone-08/page-data.json,,buddy-item-multi-source-v1,reverse_relation; reward_quantity_defaulted,Reverse Wishing Well relation from reward page; candidate export defaults quantity to 1 for review.
wishing_well_reverse,Runestone 08,runestone 08,Runestone 07,runestone 07,0.3333333333333333,https://buddy.farm/i/runestone-08/,https://buddy.farm/page-data/i/runestone-08/page-data.json,,buddy-item-multi-source-v1,reverse_relation; reward_quantity_defaulted,Reverse Wishing Well relation from reward page; candidate export defaults quantity to 1 for review.
wishing_well_reverse,Runestone 08,runestone 08,Runestone 10,runestone 10,0.3333333333333333,https://buddy.farm/i/runestone-08/,https://buddy.farm/page-data/i/runestone-08/page-data.json,,buddy-item-multi-source-v1,reverse_relation; reward_quantity_defaulted,Reverse Wishing Well relation from reward page; candidate export defaults quantity to 1 for review.
wishing_well_reverse,Runestone 08,runestone 08,Runestone 09,runestone 09,0.3333333333333333,https://buddy.farm/i/runestone-08/,https://buddy.farm/page-data/i/runestone-08/page-data.json,,buddy-item-multi-source-v1,reverse_relation; reward_quantity_defaulted,Reverse Wishing Well relation from reward page; candidate export defaults quantity to 1 for review.
wishing_well_reverse,Runestone 09,runestone 09,Caterpillar,caterpillar,0.25,https://buddy.farm/i/runestone-09/,https://buddy.farm/page-data/i/runestone-09/page-data.json,,buddy-item-multi-source-v1,reverse_relation; reward_quantity_defaulted,Reverse Wishing Well relation from reward page; candidate export defaults quantity to 1 for review.
wishing_well_reverse,Runestone 09,runestone 09,Runestone 08,runestone 08,0.3333333333333333,https://buddy.farm/i/runestone-09/,https://buddy.farm/page-data/i/runestone-09/page-data.json,,buddy-item-multi-source-v1,reverse_relation; reward_quantity_defaulted,Reverse Wishing Well relation from reward page; candidate export defaults quantity to 1 for review.
wishing_well_reverse,Runestone 09,runestone 09,Runestone 10,runestone 10,0.3333333333333333,https://buddy.farm/i/runestone-09/,https://buddy.farm/page-data/i/runestone-09/page-data.json,,buddy-item-multi-source-v1,reverse_relation; reward_quantity_defaulted,Reverse Wishing Well relation from reward page; candidate export defaults quantity to 1 for review.
wishing_well_reverse,Runestone 10,runestone 10,Runestone 06,runestone 06,0.25,https://buddy.farm/i/runestone-10/,https://buddy.farm/page-data/i/runestone-10/page-data.json,,buddy-item-multi-source-v1,reverse_relation; reward_quantity_defaulted,Reverse Wishing Well relation from reward page; candidate export defaults quantity to 1 for review.
wishing_well_reverse,Runestone 10,runestone 10,Runestone 07,runestone 07,0.3333333333333333,https://buddy.farm/i/runestone-10/,https://buddy.farm/page-data/i/runestone-10/page-data.json,,buddy-item-multi-source-v1,reverse_relation; reward_quantity_defaulted,Reverse Wishing Well relation from reward page; candidate export defaults quantity to 1 for review.
wishing_well_reverse,Runestone 10,runestone 10,Runestone 09,runestone 09,0.3333333333333333,https://buddy.farm/i/runestone-10/,https://buddy.farm/page-data/i/runestone-10/page-data.json,,buddy-item-multi-source-v1,reverse_relation; reward_quantity_defaulted,Reverse Wishing Well relation from reward page; candidate export defaults quantity to 1 for review.
wishing_well_reverse,Runestone 10,runestone 10,Snail,snail,0.25,https://buddy.farm/i/runestone-10/,https://buddy.farm/page-data/i/runestone-10/page-data.json,,buddy-item-multi-source-v1,reverse_relation; reward_quantity_defaulted,Reverse Wishing Well relation from reward page; candidate export defaults quantity to 1 for review.
wishing_well_reverse,Runestone 10,runestone 10,Runestone 08,runestone 08,0.3333333333333333,https://buddy.farm/i/runestone-10/,https://buddy.farm/page-data/i/runestone-10/page-data.json,,buddy-item-multi-source-v1,reverse_relation; reward_quantity_defaulted,Reverse Wishing Well relation from reward page; candidate export defaults quantity to 1 for review.
wishing_well_reverse,Sea Dragon,sea dragon,Orange Gecko,orange gecko,0.3333333333333333,https://buddy.farm/i/sea-dragon/,https://buddy.farm/page-data/i/sea-dragon/page-data.json,,buddy-item-multi-source-v1,reverse_relation; reward_quantity_defaulted,Reverse Wishing Well relation from reward page; candidate export defaults quantity to 1 for review.
wishing_well_reverse,Sea Dragon,sea dragon,Frog,frog,0.3333333333333333,https://buddy.farm/i/sea-dragon/,https://buddy.farm/page-data/i/sea-dragon/page-data.json,,buddy-item-multi-source-v1,reverse_relation; reward_quantity_defaulted,Reverse Wishing Well relation from reward page; candidate export defaults quantity to 1 for review.
wishing_well_reverse,Sea Dragon,sea dragon,Crab Claw,crab claw,0.3333333333333333,https://buddy.farm/i/sea-dragon/,https://buddy.farm/page-data/i/sea-dragon/page-data.json,,buddy-item-multi-source-v1,reverse_relation; reward_quantity_defaulted,Reverse Wishing Well relation from reward page; candidate export defaults quantity to 1 for review.
wishing_well_reverse,Sealed Letter,sealed letter,Pirate Flag,pirate flag,0.25,https://buddy.farm/i/sealed-letter/,https://buddy.farm/page-data/i/sealed-letter/page-data.json,,buddy-item-multi-source-v1,reverse_relation; reward_quantity_defaulted,Reverse Wishing Well relation from reward page; candidate export defaults quantity to 1 for review.
wishing_well_reverse,Shark Tooth,shark tooth,Cutlass,cutlass,0.3333333333333333,https://buddy.farm/i/shark-tooth/,https://buddy.farm/page-data/i/shark-tooth/page-data.json,,buddy-item-multi-source-v1,reverse_relation; reward_quantity_defaulted,Reverse Wishing Well relation from reward page; candidate export defaults quantity to 1 for review.
wishing_well_reverse,Shiny Beetle,shiny beetle,Caterpillar,caterpillar,0.25,https://buddy.farm/i/shiny-beetle/,https://buddy.farm/page-data/i/shiny-beetle/page-data.json,,buddy-item-multi-source-v1,reverse_relation; reward_quantity_defaulted,Reverse Wishing Well relation from reward page; candidate export defaults quantity to 1 for review.
wishing_well_reverse,Shiny Beetle,shiny beetle,Giant Centipede,giant centipede,0.25,https://buddy.farm/i/shiny-beetle/,https://buddy.farm/page-data/i/shiny-beetle/page-data.json,,buddy-item-multi-source-v1,reverse_relation; reward_quantity_defaulted,Reverse Wishing Well relation from reward page; candidate export defaults quantity to 1 for review.
wishing_well_reverse,Shiny Beetle,shiny beetle,Ancient Coin,ancient coin,0.08333333333333333,https://buddy.farm/i/shiny-beetle/,https://buddy.farm/page-data/i/shiny-beetle/page-data.json,,buddy-item-multi-source-v1,reverse_relation; reward_quantity_defaulted,Reverse Wishing Well relation from reward page; candidate export defaults quantity to 1 for review.
wishing_well_reverse,Shiny Beetle,shiny beetle,Horned Beetle,horned beetle,0.25,https://buddy.farm/i/shiny-beetle/,https://buddy.farm/page-data/i/shiny-beetle/page-data.json,,buddy-item-multi-source-v1,reverse_relation; reward_quantity_defaulted,Reverse Wishing Well relation from reward page; candidate export defaults quantity to 1 for review.
wishing_well_reverse,Shiny Beetle,shiny beetle,Snail,snail,0.25,https://buddy.farm/i/shiny-beetle/,https://buddy.farm/page-data/i/shiny-beetle/page-data.json,,buddy-item-multi-source-v1,reverse_relation; reward_quantity_defaulted,Reverse Wishing Well relation from reward page; candidate export defaults quantity to 1 for review.
wishing_well_reverse,Small Flute,small flute,Wooden Mask,wooden mask,0.3333333333333333,https://buddy.farm/i/small-flute/,https://buddy.farm/page-data/i/small-flute/page-data.json,,buddy-item-multi-source-v1,reverse_relation; reward_quantity_defaulted,Reverse Wishing Well relation from reward page; candidate export defaults quantity to 1 for review.
wishing_well_reverse,Small Flute,small flute,4-leaf Clover,4 leaf clover,0.3333333333333333,https://buddy.farm/i/small-flute/,https://buddy.farm/page-data/i/small-flute/page-data.json,,buddy-item-multi-source-v1,reverse_relation; reward_quantity_defaulted,Reverse Wishing Well relation from reward page; candidate export defaults quantity to 1 for review.
wishing_well_reverse,Small Flute,small flute,Pirate Flag,pirate flag,0.25,https://buddy.farm/i/small-flute/,https://buddy.farm/page-data/i/small-flute/page-data.json,,buddy-item-multi-source-v1,reverse_relation; reward_quantity_defaulted,Reverse Wishing Well relation from reward page; candidate export defaults quantity to 1 for review.
wishing_well_reverse,Small Flute,small flute,Wooden Pipe,wooden pipe,0.25,https://buddy.farm/i/small-flute/,https://buddy.farm/page-data/i/small-flute/page-data.json,,buddy-item-multi-source-v1,reverse_relation; reward_quantity_defaulted,Reverse Wishing Well relation from reward page; candidate export defaults quantity to 1 for review.
wishing_well_reverse,Small Flute,small flute,Cogwheel,cogwheel,0.25,https://buddy.farm/i/small-flute/,https://buddy.farm/page-data/i/small-flute/page-data.json,,buddy-item-multi-source-v1,reverse_relation; reward_quantity_defaulted,Reverse Wishing Well relation from reward page; candidate export defaults quantity to 1 for review.
wishing_well_reverse,Small Flute,small flute,Dice,dice,0.25,https://buddy.farm/i/small-flute/,https://buddy.farm/page-data/i/small-flute/page-data.json,,buddy-item-multi-source-v1,reverse_relation; reward_quantity_defaulted,Reverse Wishing Well relation from reward page; candidate export defaults quantity to 1 for review.
wishing_well_reverse,Small Gear,small gear,Freaky Picture,freaky picture,0.25,https://buddy.farm/i/small-gear/,https://buddy.farm/page-data/i/small-gear/page-data.json,,buddy-item-multi-source-v1,reverse_relation; reward_quantity_defaulted,Reverse Wishing Well relation from reward page; candidate export defaults quantity to 1 for review.
wishing_well_reverse,Small Gear,small gear,Pirate Flag,pirate flag,0.25,https://buddy.farm/i/small-gear/,https://buddy.farm/page-data/i/small-gear/page-data.json,,buddy-item-multi-source-v1,reverse_relation; reward_quantity_defaulted,Reverse Wishing Well relation from reward page; candidate export defaults quantity to 1 for review.
wishing_well_reverse,Small Gear,small gear,Wooden Pipe,wooden pipe,0.25,https://buddy.farm/i/small-gear/,https://buddy.farm/page-data/i/small-gear/page-data.json,,buddy-item-multi-source-v1,reverse_relation; reward_quantity_defaulted,Reverse Wishing Well relation from reward page; candidate export defaults quantity to 1 for review.
wishing_well_reverse,Small Gear,small gear,Ancient Coin,ancient coin,0.08333333333333333,https://buddy.farm/i/small-gear/,https://buddy.farm/page-data/i/small-gear/page-data.json,,buddy-item-multi-source-v1,reverse_relation; reward_quantity_defaulted,Reverse Wishing Well relation from reward page; candidate export defaults quantity to 1 for review.
wishing_well_reverse,Small Key,small key,Large Chest 01,large chest 01,0.3333333333333333,https://buddy.farm/i/small-key/,https://buddy.farm/page-data/i/small-key/page-data.json,,buddy-item-multi-source-v1,reverse_relation; reward_quantity_defaulted,Reverse Wishing Well relation from reward page; candidate export defaults quantity to 1 for review.
wishing_well_reverse,Small Key,small key,Large Chest 02,large chest 02,0.3333333333333333,https://buddy.farm/i/small-key/,https://buddy.farm/page-data/i/small-key/page-data.json,,buddy-item-multi-source-v1,reverse_relation; reward_quantity_defaulted,Reverse Wishing Well relation from reward page; candidate export defaults quantity to 1 for review.
wishing_well_reverse,Small Screw,small screw,Ancient Coin,ancient coin,0.08333333333333333,https://buddy.farm/i/small-screw/,https://buddy.farm/page-data/i/small-screw/page-data.json,,buddy-item-multi-source-v1,reverse_relation; reward_quantity_defaulted,Reverse Wishing Well relation from reward page; candidate export defaults quantity to 1 for review.
wishing_well_reverse,Small Screw,small screw,Small Flute,small flute,0.2,https://buddy.farm/i/small-screw/,https://buddy.farm/page-data/i/small-screw/page-data.json,,buddy-item-multi-source-v1,reverse_relation; reward_quantity_defaulted,Reverse Wishing Well relation from reward page; candidate export defaults quantity to 1 for review.
wishing_well_reverse,Small Screw,small screw,Small Spring,small spring,0.25,https://buddy.farm/i/small-screw/,https://buddy.farm/page-data/i/small-screw/page-data.json,,buddy-item-multi-source-v1,reverse_relation; reward_quantity_defaulted,Reverse Wishing Well relation from reward page; candidate export defaults quantity to 1 for review.
wishing_well_reverse,Small Screw,small screw,Spectacles,spectacles,0.2,https://buddy.farm/i/small-screw/,https://buddy.farm/page-data/i/small-screw/page-data.json,,buddy-item-multi-source-v1,reverse_relation; reward_quantity_defaulted,Reverse Wishing Well relation from reward page; candidate export defaults quantity to 1 for review.
wishing_well_reverse,Small Screw,small screw,Strange Letter,strange letter,0.25,https://buddy.farm/i/small-screw/,https://buddy.farm/page-data/i/small-screw/page-data.json,,buddy-item-multi-source-v1,reverse_relation; reward_quantity_defaulted,Reverse Wishing Well relation from reward page; candidate export defaults quantity to 1 for review.
wishing_well_reverse,Small Screw,small screw,Cogwheel,cogwheel,0.25,https://buddy.farm/i/small-screw/,https://buddy.farm/page-data/i/small-screw/page-data.json,,buddy-item-multi-source-v1,reverse_relation; reward_quantity_defaulted,Reverse Wishing Well relation from reward page; candidate export defaults quantity to 1 for review.
wishing_well_reverse,Small Spring,small spring,Freaky Picture,freaky picture,0.25,https://buddy.farm/i/small-spring/,https://buddy.farm/page-data/i/small-spring/page-data.json,,buddy-item-multi-source-v1,reverse_relation; reward_quantity_defaulted,Reverse Wishing Well relation from reward page; candidate export defaults quantity to 1 for review.
wishing_well_reverse,Snail,snail,Shiny Beetle,shiny beetle,0.25,https://buddy.farm/i/snail/,https://buddy.farm/page-data/i/snail/page-data.json,,buddy-item-multi-source-v1,reverse_relation; reward_quantity_defaulted,Reverse Wishing Well relation from reward page; candidate export defaults quantity to 1 for review.
wishing_well_reverse,Snail,snail,Ancient Coin,ancient coin,0.08333333333333333,https://buddy.farm/i/snail/,https://buddy.farm/page-data/i/snail/page-data.json,,buddy-item-multi-source-v1,reverse_relation; reward_quantity_defaulted,Reverse Wishing Well relation from reward page; candidate export defaults quantity to 1 for review.
wishing_well_reverse,Snail,snail,Giant Centipede,giant centipede,0.25,https://buddy.farm/i/snail/,https://buddy.farm/page-data/i/snail/page-data.json,,buddy-item-multi-source-v1,reverse_relation; reward_quantity_defaulted,Reverse Wishing Well relation from reward page; candidate export defaults quantity to 1 for review.
wishing_well_reverse,Spectacles,spectacles,Eye Patch,eye patch,0.25,https://buddy.farm/i/spectacles/,https://buddy.farm/page-data/i/spectacles/page-data.json,,buddy-item-multi-source-v1,reverse_relation; reward_quantity_defaulted,Reverse Wishing Well relation from reward page; candidate export defaults quantity to 1 for review.
wishing_well_reverse,Spectacles,spectacles,Pirate Flag,pirate flag,0.25,https://buddy.farm/i/spectacles/,https://buddy.farm/page-data/i/spectacles/page-data.json,,buddy-item-multi-source-v1,reverse_relation; reward_quantity_defaulted,Reverse Wishing Well relation from reward page; candidate export defaults quantity to 1 for review.
wishing_well_reverse,Spectacles,spectacles,Small Spring,small spring,0.25,https://buddy.farm/i/spectacles/,https://buddy.farm/page-data/i/spectacles/page-data.json,,buddy-item-multi-source-v1,reverse_relation; reward_quantity_defaulted,Reverse Wishing Well relation from reward page; candidate export defaults quantity to 1 for review.
wishing_well_reverse,Spectacles,spectacles,Strange Letter,strange letter,0.25,https://buddy.farm/i/spectacles/,https://buddy.farm/page-data/i/spectacles/page-data.json,,buddy-item-multi-source-v1,reverse_relation; reward_quantity_defaulted,Reverse Wishing Well relation from reward page; candidate export defaults quantity to 1 for review.
wishing_well_reverse,Spectacles,spectacles,Wooden Mask,wooden mask,0.3333333333333333,https://buddy.farm/i/spectacles/,https://buddy.farm/page-data/i/spectacles/page-data.json,,buddy-item-multi-source-v1,reverse_relation; reward_quantity_defaulted,Reverse Wishing Well relation from reward page; candidate export defaults quantity to 1 for review.
wishing_well_reverse,Spectacles,spectacles,Dice,dice,0.25,https://buddy.farm/i/spectacles/,https://buddy.farm/page-data/i/spectacles/page-data.json,,buddy-item-multi-source-v1,reverse_relation; reward_quantity_defaulted,Reverse Wishing Well relation from reward page; candidate export defaults quantity to 1 for review.
wishing_well_reverse,Spider,spider,Candy,candy,0.25,https://buddy.farm/i/spider/,https://buddy.farm/page-data/i/spider/page-data.json,,buddy-item-multi-source-v1,reverse_relation; reward_quantity_defaulted,Reverse Wishing Well relation from reward page; candidate export defaults quantity to 1 for review.
wishing_well_reverse,Spider,spider,Grasshopper,grasshopper,0.5,https://buddy.farm/i/spider/,https://buddy.farm/page-data/i/spider/page-data.json,,buddy-item-multi-source-v1,reverse_relation; reward_quantity_defaulted,Reverse Wishing Well relation from reward page; candidate export defaults quantity to 1 for review.
wishing_well_reverse,Spider,spider,Lollipop,lollipop,0.3333333333333333,https://buddy.farm/i/spider/,https://buddy.farm/page-data/i/spider/page-data.json,,buddy-item-multi-source-v1,reverse_relation; reward_quantity_defaulted,Reverse Wishing Well relation from reward page; candidate export defaults quantity to 1 for review.
wishing_well_reverse,Spider,spider,Jack-o-lantern,jack o lantern,0.3333333333333333,https://buddy.farm/i/spider/,https://buddy.farm/page-data/i/spider/page-data.json,,buddy-item-multi-source-v1,reverse_relation; reward_quantity_defaulted,Reverse Wishing Well relation from reward page; candidate export defaults quantity to 1 for review.
wishing_well_reverse,Spiked Shell,spiked shell,Salt,salt,0.5,https://buddy.farm/i/spiked-shell/,https://buddy.farm/page-data/i/spiked-shell/page-data.json,,buddy-item-multi-source-v1,reverse_relation; reward_quantity_defaulted,Reverse Wishing Well relation from reward page; candidate export defaults quantity to 1 for review.
wishing_well_reverse,Spool of Copper,spool of copper,Belt Drive,belt drive,0.3333333333333333,https://buddy.farm/i/spool-of-copper/,https://buddy.farm/page-data/i/spool-of-copper/page-data.json,,buddy-item-multi-source-v1,reverse_relation; reward_quantity_defaulted,Reverse Wishing Well relation from reward page; candidate export defaults quantity to 1 for review.
wishing_well_reverse,Square Key,square key,Large Chest 02,large chest 02,0.3333333333333333,https://buddy.farm/i/square-key/,https://buddy.farm/page-data/i/square-key/page-data.json,,buddy-item-multi-source-v1,reverse_relation; reward_quantity_defaulted,Reverse Wishing Well relation from reward page; candidate export defaults quantity to 1 for review.
wishing_well_reverse,Square Key,square key,Treat Bag 02,treat bag 02,0.3333333333333333,https://buddy.farm/i/square-key/,https://buddy.farm/page-data/i/square-key/page-data.json,,buddy-item-multi-source-v1,reverse_relation; reward_quantity_defaulted,Reverse Wishing Well relation from reward page; candidate export defaults quantity to 1 for review.
wishing_well_reverse,Square Key,square key,R.O.A.S.,r o a s,0.3333333333333333,https://buddy.farm/i/square-key/,https://buddy.farm/page-data/i/square-key/page-data.json,,buddy-item-multi-source-v1,reverse_relation; reward_quantity_defaulted,Reverse Wishing Well relation from reward page; candidate export defaults quantity to 1 for review.
wishing_well_reverse,Square Key,square key,Large Chest 01,large chest 01,0.3333333333333333,https://buddy.farm/i/square-key/,https://buddy.farm/page-data/i/square-key/page-data.json,,buddy-item-multi-source-v1,reverse_relation; reward_quantity_defaulted,Reverse Wishing Well relation from reward page; candidate export defaults quantity to 1 for review.
wishing_well_reverse,Stone,stone,Dragonfly,dragonfly,0.3333333333333333,https://buddy.farm/i/stone/,https://buddy.farm/page-data/i/stone/page-data.json,,buddy-item-multi-source-v1,reverse_relation; reward_quantity_defaulted,Reverse Wishing Well relation from reward page; candidate export defaults quantity to 1 for review.
wishing_well_reverse,Strange Letter,strange letter,Captains Log,captains log,0.25,https://buddy.farm/i/strange-letter/,https://buddy.farm/page-data/i/strange-letter/page-data.json,,buddy-item-multi-source-v1,reverse_relation; reward_quantity_defaulted,Reverse Wishing Well relation from reward page; candidate export defaults quantity to 1 for review.
wishing_well_reverse,Strange Letter,strange letter,Magicite,magicite,0.25,https://buddy.farm/i/strange-letter/,https://buddy.farm/page-data/i/strange-letter/page-data.json,,buddy-item-multi-source-v1,reverse_relation; reward_quantity_defaulted,Reverse Wishing Well relation from reward page; candidate export defaults quantity to 1 for review.
wishing_well_reverse,Strange Letter,strange letter,Moonstone,moonstone,0.25,https://buddy.farm/i/strange-letter/,https://buddy.farm/page-data/i/strange-letter/page-data.json,,buddy-item-multi-source-v1,reverse_relation; reward_quantity_defaulted,Reverse Wishing Well relation from reward page; candidate export defaults quantity to 1 for review.
wishing_well_reverse,Strange Letter,strange letter,Gold Carrot,gold carrot,0.25,https://buddy.farm/i/strange-letter/,https://buddy.farm/page-data/i/strange-letter/page-data.json,,buddy-item-multi-source-v1,reverse_relation; reward_quantity_defaulted,Reverse Wishing Well relation from reward page; candidate export defaults quantity to 1 for review.
wishing_well_reverse,Strange Letter,strange letter,Small Flute,small flute,0.2,https://buddy.farm/i/strange-letter/,https://buddy.farm/page-data/i/strange-letter/page-data.json,,buddy-item-multi-source-v1,reverse_relation; reward_quantity_defaulted,Reverse Wishing Well relation from reward page; candidate export defaults quantity to 1 for review.
wishing_well_reverse,Strange Letter,strange letter,Small Spring,small spring,0.25,https://buddy.farm/i/strange-letter/,https://buddy.farm/page-data/i/strange-letter/page-data.json,,buddy-item-multi-source-v1,reverse_relation; reward_quantity_defaulted,Reverse Wishing Well relation from reward page; candidate export defaults quantity to 1 for review.
wishing_well_reverse,Strange Letter,strange letter,Runestone 01,runestone 01,0.3333333333333333,https://buddy.farm/i/strange-letter/,https://buddy.farm/page-data/i/strange-letter/page-data.json,,buddy-item-multi-source-v1,reverse_relation; reward_quantity_defaulted,Reverse Wishing Well relation from reward page; candidate export defaults quantity to 1 for review.
wishing_well_reverse,Sturdy Bow,sturdy bow,Gold Coral,gold coral,0.5,https://buddy.farm/i/sturdy-bow/,https://buddy.farm/page-data/i/sturdy-bow/page-data.json,,buddy-item-multi-source-v1,reverse_relation; reward_quantity_defaulted,Reverse Wishing Well relation from reward page; candidate export defaults quantity to 1 for review.
wishing_well_reverse,Sturdy Bow,sturdy bow,Gold Drum,gold drum,0.3333333333333333,https://buddy.farm/i/sturdy-bow/,https://buddy.farm/page-data/i/sturdy-bow/page-data.json,,buddy-item-multi-source-v1,reverse_relation; reward_quantity_defaulted,Reverse Wishing Well relation from reward page; candidate export defaults quantity to 1 for review.
wishing_well_reverse,Taffy,taffy,Candy,candy,0.25,https://buddy.farm/i/taffy/,https://buddy.farm/page-data/i/taffy/page-data.json,,buddy-item-multi-source-v1,reverse_relation; reward_quantity_defaulted,Reverse Wishing Well relation from reward page; candidate export defaults quantity to 1 for review.
wishing_well_reverse,Taffy,taffy,Candy Corn,candy corn,0.3333333333333333,https://buddy.farm/i/taffy/,https://buddy.farm/page-data/i/taffy/page-data.json,,buddy-item-multi-source-v1,reverse_relation; reward_quantity_defaulted,Reverse Wishing Well relation from reward page; candidate export defaults quantity to 1 for review.
wishing_well_reverse,Taffy,taffy,Lollipop,lollipop,0.3333333333333333,https://buddy.farm/i/taffy/,https://buddy.farm/page-data/i/taffy/page-data.json,,buddy-item-multi-source-v1,reverse_relation; reward_quantity_defaulted,Reverse Wishing Well relation from reward page; candidate export defaults quantity to 1 for review.
wishing_well_reverse,Taffy,taffy,Treat Bag 02,treat bag 02,0.3333333333333333,https://buddy.farm/i/taffy/,https://buddy.farm/page-data/i/taffy/page-data.json,,buddy-item-multi-source-v1,reverse_relation; reward_quantity_defaulted,Reverse Wishing Well relation from reward page; candidate export defaults quantity to 1 for review.
wishing_well_reverse,Taffy,taffy,R.O.A.S.,r o a s,0.3333333333333333,https://buddy.farm/i/taffy/,https://buddy.farm/page-data/i/taffy/page-data.json,,buddy-item-multi-source-v1,reverse_relation; reward_quantity_defaulted,Reverse Wishing Well relation from reward page; candidate export defaults quantity to 1 for review.
wishing_well_reverse,Teapot,teapot,Freaky Picture,freaky picture,0.25,https://buddy.farm/i/teapot/,https://buddy.farm/page-data/i/teapot/page-data.json,,buddy-item-multi-source-v1,reverse_relation; reward_quantity_defaulted,Reverse Wishing Well relation from reward page; candidate export defaults quantity to 1 for review.
wishing_well_reverse,Teapot,teapot,Dice,dice,0.25,https://buddy.farm/i/teapot/,https://buddy.farm/page-data/i/teapot/page-data.json,,buddy-item-multi-source-v1,reverse_relation; reward_quantity_defaulted,Reverse Wishing Well relation from reward page; candidate export defaults quantity to 1 for review.
wishing_well_reverse,Treasure Chest,treasure chest,Wooden Box,wooden box,0.25,https://buddy.farm/i/treasure-chest/,https://buddy.farm/page-data/i/treasure-chest/page-data.json,,buddy-item-multi-source-v1,reverse_relation; reward_quantity_defaulted,Reverse Wishing Well relation from reward page; candidate export defaults quantity to 1 for review.
wishing_well_reverse,Treasure Key,treasure key,Large Chest 01,large chest 01,0.3333333333333333,https://buddy.farm/i/treasure-key/,https://buddy.farm/page-data/i/treasure-key/page-data.json,,buddy-item-multi-source-v1,reverse_relation; reward_quantity_defaulted,Reverse Wishing Well relation from reward page; candidate export defaults quantity to 1 for review.
wishing_well_reverse,Treasure Key,treasure key,Large Chest 02,large chest 02,0.3333333333333333,https://buddy.farm/i/treasure-key/,https://buddy.farm/page-data/i/treasure-key/page-data.json,,buddy-item-multi-source-v1,reverse_relation; reward_quantity_defaulted,Reverse Wishing Well relation from reward page; candidate export defaults quantity to 1 for review.
wishing_well_reverse,Treat Bag 01,treat bag 01,Chattering Teeth,chattering teeth,0.25,https://buddy.farm/i/treat-bag-01/,https://buddy.farm/page-data/i/treat-bag-01/page-data.json,,buddy-item-multi-source-v1,reverse_relation; reward_quantity_defaulted,Reverse Wishing Well relation from reward page; candidate export defaults quantity to 1 for review.
wishing_well_reverse,Vixen,vixen,Milk and Cookies,milk and cookies,0.25,https://buddy.farm/i/vixen/,https://buddy.farm/page-data/i/vixen/page-data.json,,buddy-item-multi-source-v1,reverse_relation; reward_quantity_defaulted,Reverse Wishing Well relation from reward page; candidate export defaults quantity to 1 for review.
wishing_well_reverse,Wax Candle,wax candle,Ancient Coin,ancient coin,0.08333333333333333,https://buddy.farm/i/wax-candle/,https://buddy.farm/page-data/i/wax-candle/page-data.json,,buddy-item-multi-source-v1,reverse_relation; reward_quantity_defaulted,Reverse Wishing Well relation from reward page; candidate export defaults quantity to 1 for review.
wishing_well_reverse,Wax Candle,wax candle,Gouda,gouda,0.3333333333333333,https://buddy.farm/i/wax-candle/,https://buddy.farm/page-data/i/wax-candle/page-data.json,,buddy-item-multi-source-v1,reverse_relation; reward_quantity_defaulted,Reverse Wishing Well relation from reward page; candidate export defaults quantity to 1 for review.
wishing_well_reverse,Wax Candle,wax candle,Small Gear,small gear,0.3333333333333333,https://buddy.farm/i/wax-candle/,https://buddy.farm/page-data/i/wax-candle/page-data.json,,buddy-item-multi-source-v1,reverse_relation; reward_quantity_defaulted,Reverse Wishing Well relation from reward page; candidate export defaults quantity to 1 for review.
wishing_well_reverse,Wax Candle,wax candle,Witch Hat,witch hat,0.3333333333333333,https://buddy.farm/i/wax-candle/,https://buddy.farm/page-data/i/wax-candle/page-data.json,,buddy-item-multi-source-v1,reverse_relation; reward_quantity_defaulted,Reverse Wishing Well relation from reward page; candidate export defaults quantity to 1 for review.
wishing_well_reverse,Witch Hat,witch hat,Chattering Teeth,chattering teeth,0.25,https://buddy.farm/i/witch-hat/,https://buddy.farm/page-data/i/witch-hat/page-data.json,,buddy-item-multi-source-v1,reverse_relation; reward_quantity_defaulted,Reverse Wishing Well relation from reward page; candidate export defaults quantity to 1 for review.
wishing_well_reverse,Witch Hat,witch hat,Wax Candle,wax candle,0.3333333333333333,https://buddy.farm/i/witch-hat/,https://buddy.farm/page-data/i/witch-hat/page-data.json,,buddy-item-multi-source-v1,reverse_relation; reward_quantity_defaulted,Reverse Wishing Well relation from reward page; candidate export defaults quantity to 1 for review.
wishing_well_reverse,Wizard Hat,wizard hat,Witch Hat,witch hat,0.3333333333333333,https://buddy.farm/i/wizard-hat/,https://buddy.farm/page-data/i/wizard-hat/page-data.json,,buddy-item-multi-source-v1,reverse_relation; reward_quantity_defaulted,Reverse Wishing Well relation from reward page; candidate export defaults quantity to 1 for review.
wishing_well_reverse,Wooden Bow,wooden bow,Gold Catfish,gold catfish,0.3333333333333333,https://buddy.farm/i/wooden-bow/,https://buddy.farm/page-data/i/wooden-bow/page-data.json,,buddy-item-multi-source-v1,reverse_relation; reward_quantity_defaulted,Reverse Wishing Well relation from reward page; candidate export defaults quantity to 1 for review.
wishing_well_reverse,Wooden Bow,wooden bow,Essence of Slime,essence of slime,0.5,https://buddy.farm/i/wooden-bow/,https://buddy.farm/page-data/i/wooden-bow/page-data.json,,buddy-item-multi-source-v1,reverse_relation; reward_quantity_defaulted,Reverse Wishing Well relation from reward page; candidate export defaults quantity to 1 for review.
wishing_well_reverse,Wooden Mask,wooden mask,4-leaf Clover,4 leaf clover,0.3333333333333333,https://buddy.farm/i/wooden-mask/,https://buddy.farm/page-data/i/wooden-mask/page-data.json,,buddy-item-multi-source-v1,reverse_relation; reward_quantity_defaulted,Reverse Wishing Well relation from reward page; candidate export defaults quantity to 1 for review.
wishing_well_reverse,Wooden Mask,wooden mask,Pocket Watch,pocket watch,0.3333333333333333,https://buddy.farm/i/wooden-mask/,https://buddy.farm/page-data/i/wooden-mask/page-data.json,,buddy-item-multi-source-v1,reverse_relation; reward_quantity_defaulted,Reverse Wishing Well relation from reward page; candidate export defaults quantity to 1 for review.
wishing_well_reverse,Wooden Mask,wooden mask,Wooden Box,wooden box,0.25,https://buddy.farm/i/wooden-mask/,https://buddy.farm/page-data/i/wooden-mask/page-data.json,,buddy-item-multi-source-v1,reverse_relation; reward_quantity_defaulted,Reverse Wishing Well relation from reward page; candidate export defaults quantity to 1 for review.
wishing_well_reverse,Wooden Mask,wooden mask,Cogwheel,cogwheel,0.25,https://buddy.farm/i/wooden-mask/,https://buddy.farm/page-data/i/wooden-mask/page-data.json,,buddy-item-multi-source-v1,reverse_relation; reward_quantity_defaulted,Reverse Wishing Well relation from reward page; candidate export defaults quantity to 1 for review.
wishing_well_reverse,Wooden Pipe,wooden pipe,Spectacles,spectacles,0.2,https://buddy.farm/i/wooden-pipe/,https://buddy.farm/page-data/i/wooden-pipe/page-data.json,,buddy-item-multi-source-v1,reverse_relation; reward_quantity_defaulted,Reverse Wishing Well relation from reward page; candidate export defaults quantity to 1 for review.
wishing_well_reverse,Wooden Pipe,wooden pipe,Small Spring,small spring,0.25,https://buddy.farm/i/wooden-pipe/,https://buddy.farm/page-data/i/wooden-pipe/page-data.json,,buddy-item-multi-source-v1,reverse_relation; reward_quantity_defaulted,Reverse Wishing Well relation from reward page; candidate export defaults quantity to 1 for review.
wishing_well_reverse,Wrench,wrench,Spoon,spoon,0.3333333333333333,https://buddy.farm/i/wrench/,https://buddy.farm/page-data/i/wrench/page-data.json,,buddy-item-multi-source-v1,reverse_relation; reward_quantity_defaulted,Reverse Wishing Well relation from reward page; candidate export defaults quantity to 1 for review.
wishing_well_reverse,Wrench,wrench,Steel Plate,steel plate,0.3333333333333333,https://buddy.farm/i/wrench/,https://buddy.farm/page-data/i/wrench/page-data.json,,buddy-item-multi-source-v1,reverse_relation; reward_quantity_defaulted,Reverse Wishing Well relation from reward page; candidate export defaults quantity to 1 for review.