thrown_item_name,thrown_canonical_key,reward_item_name,reward_canonical_key,reward_chance,reward_quantity,evidence,notes,source_url,page_data_url,cache_file_name,parser_version,flags
4-leaf Clover,4 leaf clover,Wooden Mask,wooden mask,0.3333333333333333,1,thrown_to_reward,Candidate from cached Buddy page-data; review before canonical promotion. Buddy page data exposes reward chance but not reward quantity; candidate export defaults quantity to 1 for review.,https://buddy.farm/i/4-leaf-clover/,https://buddy.farm/page-data/i/4-leaf-clover/page-data.json,4-leaf-clover__4-leaf-clover.json,buddy-item-multi-source-v1,reward_quantity_defaulted
4-leaf Clover,4 leaf clover,MIAB,miab,0.3333333333333333,1,thrown_to_reward,Candidate from cached Buddy page-data; review before canonical promotion. Buddy page data exposes reward chance but not reward quantity; candidate export defaults quantity to 1 for review.,https://buddy.farm/i/4-leaf-clover/,https://buddy.farm/page-data/i/4-leaf-clover/page-data.json,4-leaf-clover__4-leaf-clover.json,buddy-item-multi-source-v1,reward_quantity_defaulted
4-leaf Clover,4 leaf clover,Small Flute,small flute,0.3333333333333333,1,thrown_to_reward,Candidate from cached Buddy page-data; review before canonical promotion. Buddy page data exposes reward chance but not reward quantity; candidate export defaults quantity to 1 for review.,https://buddy.farm/i/4-leaf-clover/,https://buddy.farm/page-data/i/4-leaf-clover/page-data.json,4-leaf-clover__4-leaf-clover.json,buddy-item-multi-source-v1,reward_quantity_defaulted
Ancient Coin,ancient coin,Eye Patch,eye patch,0.08333333333333333,1,thrown_to_reward,Candidate from cached Buddy page-data; review before canonical promotion. Buddy page data exposes reward chance but not reward quantity; candidate export defaults quantity to 1 for review.,https://buddy.farm/i/ancient-coin/,https://buddy.farm/page-data/i/ancient-coin/page-data.json,ancient-coin__ancient-coin.json,buddy-item-multi-source-v1,reward_quantity_defaulted
Ancient Coin,ancient coin,Shiny Beetle,shiny beetle,0.08333333333333333,1,thrown_to_reward,Candidate from cached Buddy page-data; review before canonical promotion. Buddy page data exposes reward chance but not reward quantity; candidate export defaults quantity to 1 for review.,https://buddy.farm/i/ancient-coin/,https://buddy.farm/page-data/i/ancient-coin/page-data.json,ancient-coin__ancient-coin.json,buddy-item-multi-source-v1,reward_quantity_defaulted
Ancient Coin,ancient coin,Snail,snail,0.08333333333333333,1,thrown_to_reward,Candidate from cached Buddy page-data; review before canonical promotion. Buddy page data exposes reward chance but not reward quantity; candidate export defaults quantity to 1 for review.,https://buddy.farm/i/ancient-coin/,https://buddy.farm/page-data/i/ancient-coin/page-data.json,ancient-coin__ancient-coin.json,buddy-item-multi-source-v1,reward_quantity_defaulted
Ancient Coin,ancient coin,Captains Log,captains log,0.08333333333333333,1,thrown_to_reward,Candidate from cached Buddy page-data; review before canonical promotion. Buddy page data exposes reward chance but not reward quantity; candidate export defaults quantity to 1 for review.,https://buddy.farm/i/ancient-coin/,https://buddy.farm/page-data/i/ancient-coin/page-data.json,ancient-coin__ancient-coin.json,buddy-item-multi-source-v1,reward_quantity_defaulted
Ancient Coin,ancient coin,Small Screw,small screw,0.08333333333333333,1,thrown_to_reward,Candidate from cached Buddy page-data; review before canonical promotion. Buddy page data exposes reward chance but not reward quantity; candidate export defaults quantity to 1 for review.,https://buddy.farm/i/ancient-coin/,https://buddy.farm/page-data/i/ancient-coin/page-data.json,ancient-coin__ancient-coin.json,buddy-item-multi-source-v1,reward_quantity_defaulted
Ancient Coin,ancient coin,Octopus,octopus,0.08333333333333333,1,thrown_to_reward,Candidate from cached Buddy page-data; review before canonical promotion. Buddy page data exposes reward chance but not reward quantity; candidate export defaults quantity to 1 for review.,https://buddy.farm/i/ancient-coin/,https://buddy.farm/page-data/i/ancient-coin/page-data.json,ancient-coin__ancient-coin.json,buddy-item-multi-source-v1,reward_quantity_defaulted
Ancient Coin,ancient coin,Wax Candle,wax candle,0.08333333333333333,1,thrown_to_reward,Candidate from cached Buddy page-data; review before canonical promotion. Buddy page data exposes reward chance but not reward quantity; candidate export defaults quantity to 1 for review.,https://buddy.farm/i/ancient-coin/,https://buddy.farm/page-data/i/ancient-coin/page-data.json,ancient-coin__ancient-coin.json,buddy-item-multi-source-v1,reward_quantity_defaulted
Ancient Coin,ancient coin,Small Gear,small gear,0.08333333333333333,1,thrown_to_reward,Candidate from cached Buddy page-data; review before canonical promotion. Buddy page data exposes reward chance but not reward quantity; candidate export defaults quantity to 1 for review.,https://buddy.farm/i/ancient-coin/,https://buddy.farm/page-data/i/ancient-coin/page-data.json,ancient-coin__ancient-coin.json,buddy-item-multi-source-v1,reward_quantity_defaulted
Ancient Coin,ancient coin,Giant Centipede,giant centipede,0.08333333333333333,1,thrown_to_reward,Candidate from cached Buddy page-data; review before canonical promotion. Buddy page data exposes reward chance but not reward quantity; candidate export defaults quantity to 1 for review.,https://buddy.farm/i/ancient-coin/,https://buddy.farm/page-data/i/ancient-coin/page-data.json,ancient-coin__ancient-coin.json,buddy-item-multi-source-v1,reward_quantity_defaulted
Ancient Coin,ancient coin,Cogwheel,cogwheel,0.08333333333333333,1,thrown_to_reward,Candidate from cached Buddy page-data; review before canonical promotion. Buddy page data exposes reward chance but not reward quantity; candidate export defaults quantity to 1 for review.,https://buddy.farm/i/ancient-coin/,https://buddy.farm/page-data/i/ancient-coin/page-data.json,ancient-coin__ancient-coin.json,buddy-item-multi-source-v1,reward_quantity_defaulted
Ancient Coin,ancient coin,Orange Gecko,orange gecko,0.08333333333333333,1,thrown_to_reward,Candidate from cached Buddy page-data; review before canonical promotion. Buddy page data exposes reward chance but not reward quantity; candidate export defaults quantity to 1 for review.,https://buddy.farm/i/ancient-coin/,https://buddy.farm/page-data/i/ancient-coin/page-data.json,ancient-coin__ancient-coin.json,buddy-item-multi-source-v1,reward_quantity_defaulted
Ancient Coin,ancient coin,Freaky Picture,freaky picture,0.08333333333333333,1,thrown_to_reward,Candidate from cached Buddy page-data; review before canonical promotion. Buddy page data exposes reward chance but not reward quantity; candidate export defaults quantity to 1 for review.,https://buddy.farm/i/ancient-coin/,https://buddy.farm/page-data/i/ancient-coin/page-data.json,ancient-coin__ancient-coin.json,buddy-item-multi-source-v1,reward_quantity_defaulted
Antler,antler,Arrowhead,arrowhead,0.3333333333333333,1,thrown_to_reward,Candidate from cached Buddy page-data; review before canonical promotion. Buddy page data exposes reward chance but not reward quantity; candidate export defaults quantity to 1 for review.,https://buddy.farm/i/antler/,https://buddy.farm/page-data/i/antler/page-data.json,antler__antler.json,buddy-item-multi-source-v1,reward_quantity_defaulted
Antler,antler,Bird Egg,bird egg,0.3333333333333333,1,thrown_to_reward,Candidate from cached Buddy page-data; review before canonical promotion. Buddy page data exposes reward chance but not reward quantity; candidate export defaults quantity to 1 for review.,https://buddy.farm/i/antler/,https://buddy.farm/page-data/i/antler/page-data.json,antler__antler.json,buddy-item-multi-source-v1,reward_quantity_defaulted
Antler,antler,Pine Cone,pine cone,0.3333333333333333,1,thrown_to_reward,Candidate from cached Buddy page-data; review before canonical promotion. Buddy page data exposes reward chance but not reward quantity; candidate export defaults quantity to 1 for review.,https://buddy.farm/i/antler/,https://buddy.farm/page-data/i/antler/page-data.json,antler__antler.json,buddy-item-multi-source-v1,reward_quantity_defaulted
Apple Cider,apple cider,Lemonade,lemonade,0.3333333333333333,1,thrown_to_reward,Candidate from cached Buddy page-data; review before canonical promotion. Buddy page data exposes reward chance but not reward quantity; candidate export defaults quantity to 1 for review.,https://buddy.farm/i/apple-cider/,https://buddy.farm/page-data/i/apple-cider/page-data.json,apple-cider__apple-cider.json,buddy-item-multi-source-v1,reward_quantity_defaulted
Apple Cider,apple cider,Orange Juice,orange juice,0.3333333333333333,1,thrown_to_reward,Candidate from cached Buddy page-data; review before canonical promotion. Buddy page data exposes reward chance but not reward quantity; candidate export defaults quantity to 1 for review.,https://buddy.farm/i/apple-cider/,https://buddy.farm/page-data/i/apple-cider/page-data.json,apple-cider__apple-cider.json,buddy-item-multi-source-v1,reward_quantity_defaulted
Apple Cider,apple cider,Iced Tea,iced tea,0.3333333333333333,1,thrown_to_reward,Candidate from cached Buddy page-data; review before canonical promotion. Buddy page data exposes reward chance but not reward quantity; candidate export defaults quantity to 1 for review.,https://buddy.farm/i/apple-cider/,https://buddy.farm/page-data/i/apple-cider/page-data.json,apple-cider__apple-cider.json,buddy-item-multi-source-v1,reward_quantity_defaulted
Aquamarine,aquamarine,Emerald,emerald,0.25,1,thrown_to_reward,Candidate from cached Buddy page-data; review before canonical promotion. Buddy page data exposes reward chance but not reward quantity; candidate export defaults quantity to 1 for review.,https://buddy.farm/i/aquamarine/,https://buddy.farm/page-data/i/aquamarine/page-data.json,aquamarine__aquamarine.json,buddy-item-multi-source-v1,reward_quantity_defaulted
Aquamarine,aquamarine,Lemon Quartz,lemon quartz,0.25,1,thrown_to_reward,Candidate from cached Buddy page-data; review before canonical promotion. Buddy page data exposes reward chance but not reward quantity; candidate export defaults quantity to 1 for review.,https://buddy.farm/i/aquamarine/,https://buddy.farm/page-data/i/aquamarine/page-data.json,aquamarine__aquamarine.json,buddy-item-multi-source-v1,reward_quantity_defaulted
Aquamarine,aquamarine,Ruby,ruby,0.25,1,thrown_to_reward,Candidate from cached Buddy page-data; review before canonical promotion. Buddy page data exposes reward chance but not reward quantity; candidate export defaults quantity to 1 for review.,https://buddy.farm/i/aquamarine/,https://buddy.farm/page-data/i/aquamarine/page-data.json,aquamarine__aquamarine.json,buddy-item-multi-source-v1,reward_quantity_defaulted
Aquamarine,aquamarine,Amethyst,amethyst,0.25,1,thrown_to_reward,Candidate from cached Buddy page-data; review before canonical promotion. Buddy page data exposes reward chance but not reward quantity; candidate export defaults quantity to 1 for review.,https://buddy.farm/i/aquamarine/,https://buddy.farm/page-data/i/aquamarine/page-data.json,aquamarine__aquamarine.json,buddy-item-multi-source-v1,reward_quantity_defaulted
Bacon,bacon,Gold Feather,gold feather,0.3333333333333333,1,thrown_to_reward,Candidate from cached Buddy page-data; review before canonical promotion. Buddy page data exposes reward chance but not reward quantity; candidate export defaults quantity to 1 for review.,https://buddy.farm/i/bacon/,https://buddy.farm/page-data/i/bacon/page-data.json,bacon__bacon.json,buddy-item-multi-source-v1,reward_quantity_defaulted
Bacon,bacon,Gold Leaf,gold leaf,0.3333333333333333,1,thrown_to_reward,Candidate from cached Buddy page-data; review before canonical promotion. Buddy page data exposes reward chance but not reward quantity; candidate export defaults quantity to 1 for review.,https://buddy.farm/i/bacon/,https://buddy.farm/page-data/i/bacon/page-data.json,bacon__bacon.json,buddy-item-multi-source-v1,reward_quantity_defaulted
Bacon,bacon,Magicite,magicite,0.3333333333333333,1,thrown_to_reward,Candidate from cached Buddy page-data; review before canonical promotion. Buddy page data exposes reward chance but not reward quantity; candidate export defaults quantity to 1 for review.,https://buddy.farm/i/bacon/,https://buddy.farm/page-data/i/bacon/page-data.json,bacon__bacon.json,buddy-item-multi-source-v1,reward_quantity_defaulted
Belt Drive,belt drive,Energy Coil,energy coil,0.3333333333333333,1,thrown_to_reward,Candidate from cached Buddy page-data; review before canonical promotion. Buddy page data exposes reward chance but not reward quantity; candidate export defaults quantity to 1 for review.,https://buddy.farm/i/belt-drive/,https://buddy.farm/page-data/i/belt-drive/page-data.json,belt-drive__belt-drive.json,buddy-item-multi-source-v1,reward_quantity_defaulted
Belt Drive,belt drive,Spool of Copper,spool of copper,0.3333333333333333,1,thrown_to_reward,Candidate from cached Buddy page-data; review before canonical promotion. Buddy page data exposes reward chance but not reward quantity; candidate export defaults quantity to 1 for review.,https://buddy.farm/i/belt-drive/,https://buddy.farm/page-data/i/belt-drive/page-data.json,belt-drive__belt-drive.json,buddy-item-multi-source-v1,reward_quantity_defaulted
Belt Drive,belt drive,Metal Spool,metal spool,0.3333333333333333,1,thrown_to_reward,Candidate from cached Buddy page-data; review before canonical promotion. Buddy page data exposes reward chance but not reward quantity; candidate export defaults quantity to 1 for review.,https://buddy.farm/i/belt-drive/,https://buddy.farm/page-data/i/belt-drive/page-data.json,belt-drive__belt-drive.json,buddy-item-multi-source-v1,reward_quantity_defaulted
Block of Wood,block of wood,Carved Rhino,carved rhino,0.0625,1,thrown_to_reward,Candidate from cached Buddy page-data; review before canonical promotion. Buddy page data exposes reward chance but not reward quantity; candidate export defaults quantity to 1 for review.,https://buddy.farm/i/block-of-wood/,https://buddy.farm/page-data/i/block-of-wood/page-data.json,block-of-wood__block-of-wood.json,buddy-item-multi-source-v1,reward_quantity_defaulted
Block of Wood,block of wood,Carved Owl,carved owl,0.0625,1,thrown_to_reward,Candidate from cached Buddy page-data; review before canonical promotion. Buddy page data exposes reward chance but not reward quantity; candidate export defaults quantity to 1 for review.,https://buddy.farm/i/block-of-wood/,https://buddy.farm/page-data/i/block-of-wood/page-data.json,block-of-wood__block-of-wood.json,buddy-item-multi-source-v1,reward_quantity_defaulted
Block of Wood,block of wood,Carved Squirrel,carved squirrel,0.0625,1,thrown_to_reward,Candidate from cached Buddy page-data; review before canonical promotion. Buddy page data exposes reward chance but not reward quantity; candidate export defaults quantity to 1 for review.,https://buddy.farm/i/block-of-wood/,https://buddy.farm/page-data/i/block-of-wood/page-data.json,block-of-wood__block-of-wood.json,buddy-item-multi-source-v1,reward_quantity_defaulted
Block of Wood,block of wood,Carved Bear,carved bear,0.0625,1,thrown_to_reward,Candidate from cached Buddy page-data; review before canonical promotion. Buddy page data exposes reward chance but not reward quantity; candidate export defaults quantity to 1 for review.,https://buddy.farm/i/block-of-wood/,https://buddy.farm/page-data/i/block-of-wood/page-data.json,block-of-wood__block-of-wood.json,buddy-item-multi-source-v1,reward_quantity_defaulted
Block of Wood,block of wood,Carved Chicken,carved chicken,0.0625,1,thrown_to_reward,Candidate from cached Buddy page-data; review before canonical promotion. Buddy page data exposes reward chance but not reward quantity; candidate export defaults quantity to 1 for review.,https://buddy.farm/i/block-of-wood/,https://buddy.farm/page-data/i/block-of-wood/page-data.json,block-of-wood__block-of-wood.json,buddy-item-multi-source-v1,reward_quantity_defaulted
Block of Wood,block of wood,Carved Kitty,carved kitty,0.0625,1,thrown_to_reward,Candidate from cached Buddy page-data; review before canonical promotion. Buddy page data exposes reward chance but not reward quantity; candidate export defaults quantity to 1 for review.,https://buddy.farm/i/block-of-wood/,https://buddy.farm/page-data/i/block-of-wood/page-data.json,block-of-wood__block-of-wood.json,buddy-item-multi-source-v1,reward_quantity_defaulted
Block of Wood,block of wood,Carved Dragon,carved dragon,0.0625,1,thrown_to_reward,Candidate from cached Buddy page-data; review before canonical promotion. Buddy page data exposes reward chance but not reward quantity; candidate export defaults quantity to 1 for review.,https://buddy.farm/i/block-of-wood/,https://buddy.farm/page-data/i/block-of-wood/page-data.json,block-of-wood__block-of-wood.json,buddy-item-multi-source-v1,reward_quantity_defaulted
Block of Wood,block of wood,Carved Cow,carved cow,0.0625,1,thrown_to_reward,Candidate from cached Buddy page-data; review before canonical promotion. Buddy page data exposes reward chance but not reward quantity; candidate export defaults quantity to 1 for review.,https://buddy.farm/i/block-of-wood/,https://buddy.farm/page-data/i/block-of-wood/page-data.json,block-of-wood__block-of-wood.json,buddy-item-multi-source-v1,reward_quantity_defaulted
Block of Wood,block of wood,Carved Mouse,carved mouse,0.0625,1,thrown_to_reward,Candidate from cached Buddy page-data; review before canonical promotion. Buddy page data exposes reward chance but not reward quantity; candidate export defaults quantity to 1 for review.,https://buddy.farm/i/block-of-wood/,https://buddy.farm/page-data/i/block-of-wood/page-data.json,block-of-wood__block-of-wood.json,buddy-item-multi-source-v1,reward_quantity_defaulted
Block of Wood,block of wood,Carved Fox,carved fox,0.0625,1,thrown_to_reward,Candidate from cached Buddy page-data; review before canonical promotion. Buddy page data exposes reward chance but not reward quantity; candidate export defaults quantity to 1 for review.,https://buddy.farm/i/block-of-wood/,https://buddy.farm/page-data/i/block-of-wood/page-data.json,block-of-wood__block-of-wood.json,buddy-item-multi-source-v1,reward_quantity_defaulted
Block of Wood,block of wood,Carved Squisquatch,carved squisquatch,0.0625,1,thrown_to_reward,Candidate from cached Buddy page-data; review before canonical promotion. Buddy page data exposes reward chance but not reward quantity; candidate export defaults quantity to 1 for review.,https://buddy.farm/i/block-of-wood/,https://buddy.farm/page-data/i/block-of-wood/page-data.json,block-of-wood__block-of-wood.json,buddy-item-multi-source-v1,reward_quantity_defaulted
Block of Wood,block of wood,Carved Rabbit,carved rabbit,0.0625,1,thrown_to_reward,Candidate from cached Buddy page-data; review before canonical promotion. Buddy page data exposes reward chance but not reward quantity; candidate export defaults quantity to 1 for review.,https://buddy.farm/i/block-of-wood/,https://buddy.farm/page-data/i/block-of-wood/page-data.json,block-of-wood__block-of-wood.json,buddy-item-multi-source-v1,reward_quantity_defaulted
Block of Wood,block of wood,Carved Warthog,carved warthog,0.0625,1,thrown_to_reward,Candidate from cached Buddy page-data; review before canonical promotion. Buddy page data exposes reward chance but not reward quantity; candidate export defaults quantity to 1 for review.,https://buddy.farm/i/block-of-wood/,https://buddy.farm/page-data/i/block-of-wood/page-data.json,block-of-wood__block-of-wood.json,buddy-item-multi-source-v1,reward_quantity_defaulted
Block of Wood,block of wood,Carved Moose,carved moose,0.0625,1,thrown_to_reward,Candidate from cached Buddy page-data; review before canonical promotion. Buddy page data exposes reward chance but not reward quantity; candidate export defaults quantity to 1 for review.,https://buddy.farm/i/block-of-wood/,https://buddy.farm/page-data/i/block-of-wood/page-data.json,block-of-wood__block-of-wood.json,buddy-item-multi-source-v1,reward_quantity_defaulted
Block of Wood,block of wood,Carved Camel,carved camel,0.0625,1,thrown_to_reward,Candidate from cached Buddy page-data; review before canonical promotion. Buddy page data exposes reward chance but not reward quantity; candidate export defaults quantity to 1 for review.,https://buddy.farm/i/block-of-wood/,https://buddy.farm/page-data/i/block-of-wood/page-data.json,block-of-wood__block-of-wood.json,buddy-item-multi-source-v1,reward_quantity_defaulted
Block of Wood,block of wood,Carved Pig,carved pig,0.0625,1,thrown_to_reward,Candidate from cached Buddy page-data; review before canonical promotion. Buddy page data exposes reward chance but not reward quantity; candidate export defaults quantity to 1 for review.,https://buddy.farm/i/block-of-wood/,https://buddy.farm/page-data/i/block-of-wood/page-data.json,block-of-wood__block-of-wood.json,buddy-item-multi-source-v1,reward_quantity_defaulted
Candy,candy,Taffy,taffy,0.25,1,thrown_to_reward,Candidate from cached Buddy page-data; review before canonical promotion. Buddy page data exposes reward chance but not reward quantity; candidate export defaults quantity to 1 for review.,https://buddy.farm/i/candy/,https://buddy.farm/page-data/i/candy/page-data.json,candy__candy.json,buddy-item-multi-source-v1,reward_quantity_defaulted
Candy,candy,Spider,spider,0.25,1,thrown_to_reward,Candidate from cached Buddy page-data; review before canonical promotion. Buddy page data exposes reward chance but not reward quantity; candidate export defaults quantity to 1 for review.,https://buddy.farm/i/candy/,https://buddy.farm/page-data/i/candy/page-data.json,candy__candy.json,buddy-item-multi-source-v1,reward_quantity_defaulted
Candy,candy,Apple,apple,0.25,1,thrown_to_reward,Candidate from cached Buddy page-data; review before canonical promotion. Buddy page data exposes reward chance but not reward quantity; candidate export defaults quantity to 1 for review.,https://buddy.farm/i/candy/,https://buddy.farm/page-data/i/candy/page-data.json,candy__candy.json,buddy-item-multi-source-v1,reward_quantity_defaulted
Candy,candy,Lollipop,lollipop,0.25,1,thrown_to_reward,Candidate from cached Buddy page-data; review before canonical promotion. Buddy page data exposes reward chance but not reward quantity; candidate export defaults quantity to 1 for review.,https://buddy.farm/i/candy/,https://buddy.farm/page-data/i/candy/page-data.json,candy__candy.json,buddy-item-multi-source-v1,reward_quantity_defaulted
Candy Corn,candy corn,Egyptian Necklace,egyptian necklace,0.3333333333333333,1,thrown_to_reward,Candidate from cached Buddy page-data; review before canonical promotion. Buddy page data exposes reward chance but not reward quantity; candidate export defaults quantity to 1 for review.,https://buddy.farm/i/candy-corn/,https://buddy.farm/page-data/i/candy-corn/page-data.json,candy-corn__candy-corn.json,buddy-item-multi-source-v1,reward_quantity_defaulted
Candy Corn,candy corn,R.O.A.S.,r o a s,0.3333333333333333,1,thrown_to_reward,Candidate from cached Buddy page-data; review before canonical promotion. Buddy page data exposes reward chance but not reward quantity; candidate export defaults quantity to 1 for review.,https://buddy.farm/i/candy-corn/,https://buddy.farm/page-data/i/candy-corn/page-data.json,candy-corn__candy-corn.json,buddy-item-multi-source-v1,reward_quantity_defaulted
Candy Corn,candy corn,Taffy,taffy,0.3333333333333333,1,thrown_to_reward,Candidate from cached Buddy page-data; review before canonical promotion. Buddy page data exposes reward chance but not reward quantity; candidate export defaults quantity to 1 for review.,https://buddy.farm/i/candy-corn/,https://buddy.farm/page-data/i/candy-corn/page-data.json,candy-corn__candy-corn.json,buddy-item-multi-source-v1,reward_quantity_defaulted
Captains Log,captains log,Moonstone,moonstone,0.25,1,thrown_to_reward,Candidate from cached Buddy page-data; review before canonical promotion. Buddy page data exposes reward chance but not reward quantity; candidate export defaults quantity to 1 for review.,https://buddy.farm/i/captains-log/,https://buddy.farm/page-data/i/captains-log/page-data.json,captains-log__captains-log.json,buddy-item-multi-source-v1,reward_quantity_defaulted
Captains Log,captains log,Pirate Flag,pirate flag,0.25,1,thrown_to_reward,Candidate from cached Buddy page-data; review before canonical promotion. Buddy page data exposes reward chance but not reward quantity; candidate export defaults quantity to 1 for review.,https://buddy.farm/i/captains-log/,https://buddy.farm/page-data/i/captains-log/page-data.json,captains-log__captains-log.json,buddy-item-multi-source-v1,reward_quantity_defaulted
Captains Log,captains log,Strange Letter,strange letter,0.25,1,thrown_to_reward,Candidate from cached Buddy page-data; review before canonical promotion. Buddy page data exposes reward chance but not reward quantity; candidate export defaults quantity to 1 for review.,https://buddy.farm/i/captains-log/,https://buddy.farm/page-data/i/captains-log/page-data.json,captains-log__captains-log.json,buddy-item-multi-source-v1,reward_quantity_defaulted
Captains Log,captains log,Eye Patch,eye patch,0.25,1,thrown_to_reward,Candidate from cached Buddy page-data; review before canonical promotion. Buddy page data exposes reward chance but not reward quantity; candidate export defaults quantity to 1 for review.,https://buddy.farm/i/captains-log/,https://buddy.farm/page-data/i/captains-log/page-data.json,captains-log__captains-log.json,buddy-item-multi-source-v1,reward_quantity_defaulted
Carved Bear,carved bear,Carved Cow,carved cow,0.25,1,thrown_to_reward,Candidate from cached Buddy page-data; review before canonical promotion. Buddy page data exposes reward chance but not reward quantity; candidate export defaults quantity to 1 for review.,https://buddy.farm/i/carved-bear/,https://buddy.farm/page-data/i/carved-bear/page-data.json,carved-bear__carved-bear.json,buddy-item-multi-source-v1,reward_quantity_defaulted
Carved Bear,carved bear,Carved Fox,carved fox,0.25,1,thrown_to_reward,Candidate from cached Buddy page-data; review before canonical promotion. Buddy page data exposes reward chance but not reward quantity; candidate export defaults quantity to 1 for review.,https://buddy.farm/i/carved-bear/,https://buddy.farm/page-data/i/carved-bear/page-data.json,carved-bear__carved-bear.json,buddy-item-multi-source-v1,reward_quantity_defaulted
Carved Bear,carved bear,Carved Moose,carved moose,0.25,1,thrown_to_reward,Candidate from cached Buddy page-data; review before canonical promotion. Buddy page data exposes reward chance but not reward quantity; candidate export defaults quantity to 1 for review.,https://buddy.farm/i/carved-bear/,https://buddy.farm/page-data/i/carved-bear/page-data.json,carved-bear__carved-bear.json,buddy-item-multi-source-v1,reward_quantity_defaulted
Carved Bear,carved bear,Carved Rhino,carved rhino,0.25,1,thrown_to_reward,Candidate from cached Buddy page-data; review before canonical promotion. Buddy page data exposes reward chance but not reward quantity; candidate export defaults quantity to 1 for review.,https://buddy.farm/i/carved-bear/,https://buddy.farm/page-data/i/carved-bear/page-data.json,carved-bear__carved-bear.json,buddy-item-multi-source-v1,reward_quantity_defaulted
Carved Owl,carved owl,Carved Camel,carved camel,0.3333333333333333,1,thrown_to_reward,Candidate from cached Buddy page-data; review before canonical promotion. Buddy page data exposes reward chance but not reward quantity; candidate export defaults quantity to 1 for review.,https://buddy.farm/i/carved-owl/,https://buddy.farm/page-data/i/carved-owl/page-data.json,carved-owl__carved-owl.json,buddy-item-multi-source-v1,reward_quantity_defaulted
Carved Owl,carved owl,Carved Rhino,carved rhino,0.3333333333333333,1,thrown_to_reward,Candidate from cached Buddy page-data; review before canonical promotion. Buddy page data exposes reward chance but not reward quantity; candidate export defaults quantity to 1 for review.,https://buddy.farm/i/carved-owl/,https://buddy.farm/page-data/i/carved-owl/page-data.json,carved-owl__carved-owl.json,buddy-item-multi-source-v1,reward_quantity_defaulted
Carved Owl,carved owl,Carved Warthog,carved warthog,0.3333333333333333,1,thrown_to_reward,Candidate from cached Buddy page-data; review before canonical promotion. Buddy page data exposes reward chance but not reward quantity; candidate export defaults quantity to 1 for review.,https://buddy.farm/i/carved-owl/,https://buddy.farm/page-data/i/carved-owl/page-data.json,carved-owl__carved-owl.json,buddy-item-multi-source-v1,reward_quantity_defaulted
Carved Rabbit,carved rabbit,Carved Mouse,carved mouse,0.25,1,thrown_to_reward,Candidate from cached Buddy page-data; review before canonical promotion. Buddy page data exposes reward chance but not reward quantity; candidate export defaults quantity to 1 for review.,https://buddy.farm/i/carved-rabbit/,https://buddy.farm/page-data/i/carved-rabbit/page-data.json,carved-rabbit__carved-rabbit.json,buddy-item-multi-source-v1,reward_quantity_defaulted
Carved Rabbit,carved rabbit,Carved Owl,carved owl,0.25,1,thrown_to_reward,Candidate from cached Buddy page-data; review before canonical promotion. Buddy page data exposes reward chance but not reward quantity; candidate export defaults quantity to 1 for review.,https://buddy.farm/i/carved-rabbit/,https://buddy.farm/page-data/i/carved-rabbit/page-data.json,carved-rabbit__carved-rabbit.json,buddy-item-multi-source-v1,reward_quantity_defaulted
Carved Rabbit,carved rabbit,Carved Warthog,carved warthog,0.25,1,thrown_to_reward,Candidate from cached Buddy page-data; review before canonical promotion. Buddy page data exposes reward chance but not reward quantity; candidate export defaults quantity to 1 for review.,https://buddy.farm/i/carved-rabbit/,https://buddy.farm/page-data/i/carved-rabbit/page-data.json,carved-rabbit__carved-rabbit.json,buddy-item-multi-source-v1,reward_quantity_defaulted
Carved Rabbit,carved rabbit,Carved Kitty,carved kitty,0.25,1,thrown_to_reward,Candidate from cached Buddy page-data; review before canonical promotion. Buddy page data exposes reward chance but not reward quantity; candidate export defaults quantity to 1 for review.,https://buddy.farm/i/carved-rabbit/,https://buddy.farm/page-data/i/carved-rabbit/page-data.json,carved-rabbit__carved-rabbit.json,buddy-item-multi-source-v1,reward_quantity_defaulted
Carved Warthog,carved warthog,Carved Moose,carved moose,0.25,1,thrown_to_reward,Candidate from cached Buddy page-data; review before canonical promotion. Buddy page data exposes reward chance but not reward quantity; candidate export defaults quantity to 1 for review.,https://buddy.farm/i/carved-warthog/,https://buddy.farm/page-data/i/carved-warthog/page-data.json,carved-warthog__carved-warthog.json,buddy-item-multi-source-v1,reward_quantity_defaulted
Carved Warthog,carved warthog,Carved Rabbit,carved rabbit,0.25,1,thrown_to_reward,Candidate from cached Buddy page-data; review before canonical promotion. Buddy page data exposes reward chance but not reward quantity; candidate export defaults quantity to 1 for review.,https://buddy.farm/i/carved-warthog/,https://buddy.farm/page-data/i/carved-warthog/page-data.json,carved-warthog__carved-warthog.json,buddy-item-multi-source-v1,reward_quantity_defaulted
Carved Warthog,carved warthog,Carved Squirrel,carved squirrel,0.25,1,thrown_to_reward,Candidate from cached Buddy page-data; review before canonical promotion. Buddy page data exposes reward chance but not reward quantity; candidate export defaults quantity to 1 for review.,https://buddy.farm/i/carved-warthog/,https://buddy.farm/page-data/i/carved-warthog/page-data.json,carved-warthog__carved-warthog.json,buddy-item-multi-source-v1,reward_quantity_defaulted
Carved Warthog,carved warthog,Carved Squisquatch,carved squisquatch,0.25,1,thrown_to_reward,Candidate from cached Buddy page-data; review before canonical promotion. Buddy page data exposes reward chance but not reward quantity; candidate export defaults quantity to 1 for review.,https://buddy.farm/i/carved-warthog/,https://buddy.farm/page-data/i/carved-warthog/page-data.json,carved-warthog__carved-warthog.json,buddy-item-multi-source-v1,reward_quantity_defaulted
Caterpillar,caterpillar,Giant Centipede,giant centipede,0.25,1,thrown_to_reward,Candidate from cached Buddy page-data; review before canonical promotion. Buddy page data exposes reward chance but not reward quantity; candidate export defaults quantity to 1 for review.,https://buddy.farm/i/caterpillar/,https://buddy.farm/page-data/i/caterpillar/page-data.json,caterpillar__caterpillar.json,buddy-item-multi-source-v1,reward_quantity_defaulted
Caterpillar,caterpillar,Shiny Beetle,shiny beetle,0.25,1,thrown_to_reward,Candidate from cached Buddy page-data; review before canonical promotion. Buddy page data exposes reward chance but not reward quantity; candidate export defaults quantity to 1 for review.,https://buddy.farm/i/caterpillar/,https://buddy.farm/page-data/i/caterpillar/page-data.json,caterpillar__caterpillar.json,buddy-item-multi-source-v1,reward_quantity_defaulted
Caterpillar,caterpillar,Runestone 09,runestone 09,0.25,1,thrown_to_reward,Candidate from cached Buddy page-data; review before canonical promotion. Buddy page data exposes reward chance but not reward quantity; candidate export defaults quantity to 1 for review.,https://buddy.farm/i/caterpillar/,https://buddy.farm/page-data/i/caterpillar/page-data.json,caterpillar__caterpillar.json,buddy-item-multi-source-v1,reward_quantity_defaulted
Caterpillar,caterpillar,Fire Ant,fire ant,0.25,1,thrown_to_reward,Candidate from cached Buddy page-data; review before canonical promotion. Buddy page data exposes reward chance but not reward quantity; candidate export defaults quantity to 1 for review.,https://buddy.farm/i/caterpillar/,https://buddy.farm/page-data/i/caterpillar/page-data.json,caterpillar__caterpillar.json,buddy-item-multi-source-v1,reward_quantity_defaulted
Chattering Teeth,chattering teeth,Lollipop,lollipop,0.25,1,thrown_to_reward,Candidate from cached Buddy page-data; review before canonical promotion. Buddy page data exposes reward chance but not reward quantity; candidate export defaults quantity to 1 for review.,https://buddy.farm/i/chattering-teeth/,https://buddy.farm/page-data/i/chattering-teeth/page-data.json,chattering-teeth__chattering-teeth.json,buddy-item-multi-source-v1,reward_quantity_defaulted
Chattering Teeth,chattering teeth,Treat Bag 01,treat bag 01,0.25,1,thrown_to_reward,Candidate from cached Buddy page-data; review before canonical promotion. Buddy page data exposes reward chance but not reward quantity; candidate export defaults quantity to 1 for review.,https://buddy.farm/i/chattering-teeth/,https://buddy.farm/page-data/i/chattering-teeth/page-data.json,chattering-teeth__chattering-teeth.json,buddy-item-multi-source-v1,reward_quantity_defaulted
Chattering Teeth,chattering teeth,Witch Hat,witch hat,0.25,1,thrown_to_reward,Candidate from cached Buddy page-data; review before canonical promotion. Buddy page data exposes reward chance but not reward quantity; candidate export defaults quantity to 1 for review.,https://buddy.farm/i/chattering-teeth/,https://buddy.farm/page-data/i/chattering-teeth/page-data.json,chattering-teeth__chattering-teeth.json,buddy-item-multi-source-v1,reward_quantity_defaulted
Chattering Teeth,chattering teeth,Candy,candy,0.25,1,thrown_to_reward,Candidate from cached Buddy page-data; review before canonical promotion. Buddy page data exposes reward chance but not reward quantity; candidate export defaults quantity to 1 for review.,https://buddy.farm/i/chattering-teeth/,https://buddy.farm/page-data/i/chattering-teeth/page-data.json,chattering-teeth__chattering-teeth.json,buddy-item-multi-source-v1,reward_quantity_defaulted
Cogwheel,cogwheel,Pocket Watch,pocket watch,0.25,1,thrown_to_reward,Candidate from cached Buddy page-data; review before canonical promotion. Buddy page data exposes reward chance but not reward quantity; candidate export defaults quantity to 1 for review.,https://buddy.farm/i/cogwheel/,https://buddy.farm/page-data/i/cogwheel/page-data.json,cogwheel__cogwheel.json,buddy-item-multi-source-v1,reward_quantity_defaulted
Cogwheel,cogwheel,Small Flute,small flute,0.25,1,thrown_to_reward,Candidate from cached Buddy page-data; review before canonical promotion. Buddy page data exposes reward chance but not reward quantity; candidate export defaults quantity to 1 for review.,https://buddy.farm/i/cogwheel/,https://buddy.farm/page-data/i/cogwheel/page-data.json,cogwheel__cogwheel.json,buddy-item-multi-source-v1,reward_quantity_defaulted
Cogwheel,cogwheel,Small Screw,small screw,0.25,1,thrown_to_reward,Candidate from cached Buddy page-data; review before canonical promotion. Buddy page data exposes reward chance but not reward quantity; candidate export defaults quantity to 1 for review.,https://buddy.farm/i/cogwheel/,https://buddy.farm/page-data/i/cogwheel/page-data.json,cogwheel__cogwheel.json,buddy-item-multi-source-v1,reward_quantity_defaulted
Cogwheel,cogwheel,Wooden Mask,wooden mask,0.25,1,thrown_to_reward,Candidate from cached Buddy page-data; review before canonical promotion. Buddy page data exposes reward chance but not reward quantity; candidate export defaults quantity to 1 for review.,https://buddy.farm/i/cogwheel/,https://buddy.farm/page-data/i/cogwheel/page-data.json,cogwheel__cogwheel.json,buddy-item-multi-source-v1,reward_quantity_defaulted
Compass,compass,Magna Core,magna core,1,1,thrown_to_reward,Candidate from cached Buddy page-data; review before canonical promotion. Buddy page data exposes reward chance but not reward quantity; candidate export defaults quantity to 1 for review.,https://buddy.farm/i/compass/,https://buddy.farm/page-data/i/compass/page-data.json,compass__compass.json,buddy-item-multi-source-v1,reward_quantity_defaulted
Crab Claw,crab claw,Orange Gecko,orange gecko,0.3333333333333333,1,thrown_to_reward,Candidate from cached Buddy page-data; review before canonical promotion. Buddy page data exposes reward chance but not reward quantity; candidate export defaults quantity to 1 for review.,https://buddy.farm/i/crab-claw/,https://buddy.farm/page-data/i/crab-claw/page-data.json,crab-claw__crab-claw.json,buddy-item-multi-source-v1,reward_quantity_defaulted
Crab Claw,crab claw,Sea Dragon,sea dragon,0.3333333333333333,1,thrown_to_reward,Candidate from cached Buddy page-data; review before canonical promotion. Buddy page data exposes reward chance but not reward quantity; candidate export defaults quantity to 1 for review.,https://buddy.farm/i/crab-claw/,https://buddy.farm/page-data/i/crab-claw/page-data.json,crab-claw__crab-claw.json,buddy-item-multi-source-v1,reward_quantity_defaulted
Crab Claw,crab claw,Frog,frog,0.3333333333333333,1,thrown_to_reward,Candidate from cached Buddy page-data; review before canonical promotion. Buddy page data exposes reward chance but not reward quantity; candidate export defaults quantity to 1 for review.,https://buddy.farm/i/crab-claw/,https://buddy.farm/page-data/i/crab-claw/page-data.json,crab-claw__crab-claw.json,buddy-item-multi-source-v1,reward_quantity_defaulted
Cutlass,cutlass,Shark Tooth,shark tooth,0.3333333333333333,1,thrown_to_reward,Candidate from cached Buddy page-data; review before canonical promotion. Buddy page data exposes reward chance but not reward quantity; candidate export defaults quantity to 1 for review.,https://buddy.farm/i/cutlass/,https://buddy.farm/page-data/i/cutlass/page-data.json,cutlass__cutlass.json,buddy-item-multi-source-v1,reward_quantity_defaulted
Cutlass,cutlass,Mug of Beer,mug of beer,0.3333333333333333,1,thrown_to_reward,Candidate from cached Buddy page-data; review before canonical promotion. Buddy page data exposes reward chance but not reward quantity; candidate export defaults quantity to 1 for review.,https://buddy.farm/i/cutlass/,https://buddy.farm/page-data/i/cutlass/page-data.json,cutlass__cutlass.json,buddy-item-multi-source-v1,reward_quantity_defaulted
Cutlass,cutlass,Rubber Duckie,rubber duckie,0.3333333333333333,1,thrown_to_reward,Candidate from cached Buddy page-data; review before canonical promotion. Buddy page data exposes reward chance but not reward quantity; candidate export defaults quantity to 1 for review.,https://buddy.farm/i/cutlass/,https://buddy.farm/page-data/i/cutlass/page-data.json,cutlass__cutlass.json,buddy-item-multi-source-v1,reward_quantity_defaulted
Dice,dice,Bacon,bacon,0.25,1,thrown_to_reward,Candidate from cached Buddy page-data; review before canonical promotion. Buddy page data exposes reward chance but not reward quantity; candidate export defaults quantity to 1 for review.,https://buddy.farm/i/dice/,https://buddy.farm/page-data/i/dice/page-data.json,dice__dice.json,buddy-item-multi-source-v1,reward_quantity_defaulted
Dice,dice,Small Flute,small flute,0.25,1,thrown_to_reward,Candidate from cached Buddy page-data; review before canonical promotion. Buddy page data exposes reward chance but not reward quantity; candidate export defaults quantity to 1 for review.,https://buddy.farm/i/dice/,https://buddy.farm/page-data/i/dice/page-data.json,dice__dice.json,buddy-item-multi-source-v1,reward_quantity_defaulted
Dice,dice,Spectacles,spectacles,0.25,1,thrown_to_reward,Candidate from cached Buddy page-data; review before canonical promotion. Buddy page data exposes reward chance but not reward quantity; candidate export defaults quantity to 1 for review.,https://buddy.farm/i/dice/,https://buddy.farm/page-data/i/dice/page-data.json,dice__dice.json,buddy-item-multi-source-v1,reward_quantity_defaulted
Dice,dice,Teapot,teapot,0.25,1,thrown_to_reward,Candidate from cached Buddy page-data; review before canonical promotion. Buddy page data exposes reward chance but not reward quantity; candidate export defaults quantity to 1 for review.,https://buddy.farm/i/dice/,https://buddy.farm/page-data/i/dice/page-data.json,dice__dice.json,buddy-item-multi-source-v1,reward_quantity_defaulted
Dragonfly,dragonfly,Coal,coal,0.3333333333333333,1,thrown_to_reward,Candidate from cached Buddy page-data; review before canonical promotion. Buddy page data exposes reward chance but not reward quantity; candidate export defaults quantity to 1 for review.,https://buddy.farm/i/dragonfly/,https://buddy.farm/page-data/i/dragonfly/page-data.json,dragonfly__dragonfly.json,buddy-item-multi-source-v1,reward_quantity_defaulted
Dragonfly,dragonfly,Egg 02,egg 02,0.3333333333333333,1,thrown_to_reward,Candidate from cached Buddy page-data; review before canonical promotion. Buddy page data exposes reward chance but not reward quantity; candidate export defaults quantity to 1 for review.,https://buddy.farm/i/dragonfly/,https://buddy.farm/page-data/i/dragonfly/page-data.json,dragonfly__dragonfly.json,buddy-item-multi-source-v1,reward_quantity_defaulted
Dragonfly,dragonfly,Stone,stone,0.3333333333333333,1,thrown_to_reward,Candidate from cached Buddy page-data; review before canonical promotion. Buddy page data exposes reward chance but not reward quantity; candidate export defaults quantity to 1 for review.,https://buddy.farm/i/dragonfly/,https://buddy.farm/page-data/i/dragonfly/page-data.json,dragonfly__dragonfly.json,buddy-item-multi-source-v1,reward_quantity_defaulted
Essence of Slime,essence of slime,Chum,chum,0.5,1,thrown_to_reward,Candidate from cached Buddy page-data; review before canonical promotion. Buddy page data exposes reward chance but not reward quantity; candidate export defaults quantity to 1 for review.,https://buddy.farm/i/essence-of-slime/,https://buddy.farm/page-data/i/essence-of-slime/page-data.json,essence-of-slime__essence-of-slime.json,buddy-item-multi-source-v1,reward_quantity_defaulted
Essence of Slime,essence of slime,Wooden Bow,wooden bow,0.5,1,thrown_to_reward,Candidate from cached Buddy page-data; review before canonical promotion. Buddy page data exposes reward chance but not reward quantity; candidate export defaults quantity to 1 for review.,https://buddy.farm/i/essence-of-slime/,https://buddy.farm/page-data/i/essence-of-slime/page-data.json,essence-of-slime__essence-of-slime.json,buddy-item-multi-source-v1,reward_quantity_defaulted
Eye Patch,eye patch,Moonstone,moonstone,0.25,1,thrown_to_reward,Candidate from cached Buddy page-data; review before canonical promotion. Buddy page data exposes reward chance but not reward quantity; candidate export defaults quantity to 1 for review.,https://buddy.farm/i/eye-patch/,https://buddy.farm/page-data/i/eye-patch/page-data.json,eye-patch__eye-patch.json,buddy-item-multi-source-v1,reward_quantity_defaulted
Eye Patch,eye patch,Spectacles,spectacles,0.25,1,thrown_to_reward,Candidate from cached Buddy page-data; review before canonical promotion. Buddy page data exposes reward chance but not reward quantity; candidate export defaults quantity to 1 for review.,https://buddy.farm/i/eye-patch/,https://buddy.farm/page-data/i/eye-patch/page-data.json,eye-patch__eye-patch.json,buddy-item-multi-source-v1,reward_quantity_defaulted
Eye Patch,eye patch,Runestone 01,runestone 01,0.25,1,thrown_to_reward,Candidate from cached Buddy page-data; review before canonical promotion. Buddy page data exposes reward chance but not reward quantity; candidate export defaults quantity to 1 for review.,https://buddy.farm/i/eye-patch/,https://buddy.farm/page-data/i/eye-patch/page-data.json,eye-patch__eye-patch.json,buddy-item-multi-source-v1,reward_quantity_defaulted
Eye Patch,eye patch,Runestone 02,runestone 02,0.25,1,thrown_to_reward,Candidate from cached Buddy page-data; review before canonical promotion. Buddy page data exposes reward chance but not reward quantity; candidate export defaults quantity to 1 for review.,https://buddy.farm/i/eye-patch/,https://buddy.farm/page-data/i/eye-patch/page-data.json,eye-patch__eye-patch.json,buddy-item-multi-source-v1,reward_quantity_defaulted
Fire Ant,fire ant,Giant Centipede,giant centipede,0.25,1,thrown_to_reward,Candidate from cached Buddy page-data; review before canonical promotion. Buddy page data exposes reward chance but not reward quantity; candidate export defaults quantity to 1 for review.,https://buddy.farm/i/fire-ant/,https://buddy.farm/page-data/i/fire-ant/page-data.json,fire-ant__fire-ant.json,buddy-item-multi-source-v1,reward_quantity_defaulted
Fire Ant,fire ant,Caterpillar,caterpillar,0.25,1,thrown_to_reward,Candidate from cached Buddy page-data; review before canonical promotion. Buddy page data exposes reward chance but not reward quantity; candidate export defaults quantity to 1 for review.,https://buddy.farm/i/fire-ant/,https://buddy.farm/page-data/i/fire-ant/page-data.json,fire-ant__fire-ant.json,buddy-item-multi-source-v1,reward_quantity_defaulted
Fire Ant,fire ant,Horned Beetle,horned beetle,0.25,1,thrown_to_reward,Candidate from cached Buddy page-data; review before canonical promotion. Buddy page data exposes reward chance but not reward quantity; candidate export defaults quantity to 1 for review.,https://buddy.farm/i/fire-ant/,https://buddy.farm/page-data/i/fire-ant/page-data.json,fire-ant__fire-ant.json,buddy-item-multi-source-v1,reward_quantity_defaulted
Fire Ant,fire ant,Runestone 08,runestone 08,0.25,1,thrown_to_reward,Candidate from cached Buddy page-data; review before canonical promotion. Buddy page data exposes reward chance but not reward quantity; candidate export defaults quantity to 1 for review.,https://buddy.farm/i/fire-ant/,https://buddy.farm/page-data/i/fire-ant/page-data.json,fire-ant__fire-ant.json,buddy-item-multi-source-v1,reward_quantity_defaulted
Fish Biscuit,fish biscuit,Borgen Bag 01,borgen bag 01,1,1,thrown_to_reward,Candidate from cached Buddy page-data; review before canonical promotion. Buddy page data exposes reward chance but not reward quantity; candidate export defaults quantity to 1 for review.,https://buddy.farm/i/fish-biscuit/,https://buddy.farm/page-data/i/fish-biscuit/page-data.json,fish-biscuit__fish-biscuit.json,buddy-item-multi-source-v1,reward_quantity_defaulted
Freaky Picture,freaky picture,Small Gear,small gear,0.25,1,thrown_to_reward,Candidate from cached Buddy page-data; review before canonical promotion. Buddy page data exposes reward chance but not reward quantity; candidate export defaults quantity to 1 for review.,https://buddy.farm/i/freaky-picture/,https://buddy.farm/page-data/i/freaky-picture/page-data.json,freaky-picture__freaky-picture.json,buddy-item-multi-source-v1,reward_quantity_defaulted
Freaky Picture,freaky picture,Teapot,teapot,0.25,1,thrown_to_reward,Candidate from cached Buddy page-data; review before canonical promotion. Buddy page data exposes reward chance but not reward quantity; candidate export defaults quantity to 1 for review.,https://buddy.farm/i/freaky-picture/,https://buddy.farm/page-data/i/freaky-picture/page-data.json,freaky-picture__freaky-picture.json,buddy-item-multi-source-v1,reward_quantity_defaulted
Freaky Picture,freaky picture,Pirate Flag,pirate flag,0.25,1,thrown_to_reward,Candidate from cached Buddy page-data; review before canonical promotion. Buddy page data exposes reward chance but not reward quantity; candidate export defaults quantity to 1 for review.,https://buddy.farm/i/freaky-picture/,https://buddy.farm/page-data/i/freaky-picture/page-data.json,freaky-picture__freaky-picture.json,buddy-item-multi-source-v1,reward_quantity_defaulted
Freaky Picture,freaky picture,Small Spring,small spring,0.25,1,thrown_to_reward,Candidate from cached Buddy page-data; review before canonical promotion. Buddy page data exposes reward chance but not reward quantity; candidate export defaults quantity to 1 for review.,https://buddy.farm/i/freaky-picture/,https://buddy.farm/page-data/i/freaky-picture/page-data.json,freaky-picture__freaky-picture.json,buddy-item-multi-source-v1,reward_quantity_defaulted
Frog,frog,Orange Gecko,orange gecko,0.3333333333333333,1,thrown_to_reward,Candidate from cached Buddy page-data; review before canonical promotion. Buddy page data exposes reward chance but not reward quantity; candidate export defaults quantity to 1 for review.,https://buddy.farm/i/frog/,https://buddy.farm/page-data/i/frog/page-data.json,frog__frog.json,buddy-item-multi-source-v1,reward_quantity_defaulted
Frog,frog,Crab Claw,crab claw,0.3333333333333333,1,thrown_to_reward,Candidate from cached Buddy page-data; review before canonical promotion. Buddy page data exposes reward chance but not reward quantity; candidate export defaults quantity to 1 for review.,https://buddy.farm/i/frog/,https://buddy.farm/page-data/i/frog/page-data.json,frog__frog.json,buddy-item-multi-source-v1,reward_quantity_defaulted
Frog,frog,Sea Dragon,sea dragon,0.3333333333333333,1,thrown_to_reward,Candidate from cached Buddy page-data; review before canonical promotion. Buddy page data exposes reward chance but not reward quantity; candidate export defaults quantity to 1 for review.,https://buddy.farm/i/frog/,https://buddy.farm/page-data/i/frog/page-data.json,frog__frog.json,buddy-item-multi-source-v1,reward_quantity_defaulted
Giant Centipede,giant centipede,Shiny Beetle,shiny beetle,0.25,1,thrown_to_reward,Candidate from cached Buddy page-data; review before canonical promotion. Buddy page data exposes reward chance but not reward quantity; candidate export defaults quantity to 1 for review.,https://buddy.farm/i/giant-centipede/,https://buddy.farm/page-data/i/giant-centipede/page-data.json,giant-centipede__giant-centipede.json,buddy-item-multi-source-v1,reward_quantity_defaulted
Giant Centipede,giant centipede,Runestone 07,runestone 07,0.25,1,thrown_to_reward,Candidate from cached Buddy page-data; review before canonical promotion. Buddy page data exposes reward chance but not reward quantity; candidate export defaults quantity to 1 for review.,https://buddy.farm/i/giant-centipede/,https://buddy.farm/page-data/i/giant-centipede/page-data.json,giant-centipede__giant-centipede.json,buddy-item-multi-source-v1,reward_quantity_defaulted
Giant Centipede,giant centipede,Horned Beetle,horned beetle,0.25,1,thrown_to_reward,Candidate from cached Buddy page-data; review before canonical promotion. Buddy page data exposes reward chance but not reward quantity; candidate export defaults quantity to 1 for review.,https://buddy.farm/i/giant-centipede/,https://buddy.farm/page-data/i/giant-centipede/page-data.json,giant-centipede__giant-centipede.json,buddy-item-multi-source-v1,reward_quantity_defaulted
Giant Centipede,giant centipede,Snail,snail,0.25,1,thrown_to_reward,Candidate from cached Buddy page-data; review before canonical promotion. Buddy page data exposes reward chance but not reward quantity; candidate export defaults quantity to 1 for review.,https://buddy.farm/i/giant-centipede/,https://buddy.farm/page-data/i/giant-centipede/page-data.json,giant-centipede__giant-centipede.json,buddy-item-multi-source-v1,reward_quantity_defaulted
Gold Carrot,gold carrot,Gold Cucumber,gold cucumber,0.25,1,thrown_to_reward,Candidate from cached Buddy page-data; review before canonical promotion. Buddy page data exposes reward chance but not reward quantity; candidate export defaults quantity to 1 for review.,https://buddy.farm/i/gold-carrot/,https://buddy.farm/page-data/i/gold-carrot/page-data.json,gold-carrot__gold-carrot.json,buddy-item-multi-source-v1,reward_quantity_defaulted
Gold Carrot,gold carrot,Gold Eggplant,gold eggplant,0.25,1,thrown_to_reward,Candidate from cached Buddy page-data; review before canonical promotion. Buddy page data exposes reward chance but not reward quantity; candidate export defaults quantity to 1 for review.,https://buddy.farm/i/gold-carrot/,https://buddy.farm/page-data/i/gold-carrot/page-data.json,gold-carrot__gold-carrot.json,buddy-item-multi-source-v1,reward_quantity_defaulted
Gold Carrot,gold carrot,Strange Letter,strange letter,0.25,1,thrown_to_reward,Candidate from cached Buddy page-data; review before canonical promotion. Buddy page data exposes reward chance but not reward quantity; candidate export defaults quantity to 1 for review.,https://buddy.farm/i/gold-carrot/,https://buddy.farm/page-data/i/gold-carrot/page-data.json,gold-carrot__gold-carrot.json,buddy-item-multi-source-v1,reward_quantity_defaulted
Gold Carrot,gold carrot,Gold Peas,gold peas,0.25,1,thrown_to_reward,Candidate from cached Buddy page-data; review before canonical promotion. Buddy page data exposes reward chance but not reward quantity; candidate export defaults quantity to 1 for review.,https://buddy.farm/i/gold-carrot/,https://buddy.farm/page-data/i/gold-carrot/page-data.json,gold-carrot__gold-carrot.json,buddy-item-multi-source-v1,reward_quantity_defaulted
Gold Catfish,gold catfish,Goldgill,goldgill,0.3333333333333333,1,thrown_to_reward,Candidate from cached Buddy page-data; review before canonical promotion. Buddy page data exposes reward chance but not reward quantity; candidate export defaults quantity to 1 for review.,https://buddy.farm/i/gold-catfish/,https://buddy.farm/page-data/i/gold-catfish/page-data.json,gold-catfish__gold-catfish.json,buddy-item-multi-source-v1,reward_quantity_defaulted
Gold Catfish,gold catfish,Wooden Bow,wooden bow,0.3333333333333333,1,thrown_to_reward,Candidate from cached Buddy page-data; review before canonical promotion. Buddy page data exposes reward chance but not reward quantity; candidate export defaults quantity to 1 for review.,https://buddy.farm/i/gold-catfish/,https://buddy.farm/page-data/i/gold-catfish/page-data.json,gold-catfish__gold-catfish.json,buddy-item-multi-source-v1,reward_quantity_defaulted
Gold Catfish,gold catfish,Goldjack,goldjack,0.3333333333333333,1,thrown_to_reward,Candidate from cached Buddy page-data; review before canonical promotion. Buddy page data exposes reward chance but not reward quantity; candidate export defaults quantity to 1 for review.,https://buddy.farm/i/gold-catfish/,https://buddy.farm/page-data/i/gold-catfish/page-data.json,gold-catfish__gold-catfish.json,buddy-item-multi-source-v1,reward_quantity_defaulted
Gold Coral,gold coral,Sturdy Bow,sturdy bow,0.5,1,thrown_to_reward,Candidate from cached Buddy page-data; review before canonical promotion. Buddy page data exposes reward chance but not reward quantity; candidate export defaults quantity to 1 for review.,https://buddy.farm/i/gold-coral/,https://buddy.farm/page-data/i/gold-coral/page-data.json,gold-coral__gold-coral.json,buddy-item-multi-source-v1,reward_quantity_defaulted
Gold Coral,gold coral,Goldfin,goldfin,0.5,1,thrown_to_reward,Candidate from cached Buddy page-data; review before canonical promotion. Buddy page data exposes reward chance but not reward quantity; candidate export defaults quantity to 1 for review.,https://buddy.farm/i/gold-coral/,https://buddy.farm/page-data/i/gold-coral/page-data.json,gold-coral__gold-coral.json,buddy-item-multi-source-v1,reward_quantity_defaulted
Gold Cucumber,gold cucumber,Bacon,bacon,0.3333333333333333,1,thrown_to_reward,Candidate from cached Buddy page-data; review before canonical promotion. Buddy page data exposes reward chance but not reward quantity; candidate export defaults quantity to 1 for review.,https://buddy.farm/i/gold-cucumber/,https://buddy.farm/page-data/i/gold-cucumber/page-data.json,gold-cucumber__gold-cucumber.json,buddy-item-multi-source-v1,reward_quantity_defaulted
Gold Cucumber,gold cucumber,Gold Carrot,gold carrot,0.3333333333333333,1,thrown_to_reward,Candidate from cached Buddy page-data; review before canonical promotion. Buddy page data exposes reward chance but not reward quantity; candidate export defaults quantity to 1 for review.,https://buddy.farm/i/gold-cucumber/,https://buddy.farm/page-data/i/gold-cucumber/page-data.json,gold-cucumber__gold-cucumber.json,buddy-item-multi-source-v1,reward_quantity_defaulted
Gold Cucumber,gold cucumber,Gold Eggplant,gold eggplant,0.3333333333333333,1,thrown_to_reward,Candidate from cached Buddy page-data; review before canonical promotion. Buddy page data exposes reward chance but not reward quantity; candidate export defaults quantity to 1 for review.,https://buddy.farm/i/gold-cucumber/,https://buddy.farm/page-data/i/gold-cucumber/page-data.json,gold-cucumber__gold-cucumber.json,buddy-item-multi-source-v1,reward_quantity_defaulted
Gold Drum,gold drum,Gold Catfish,gold catfish,0.3333333333333333,1,thrown_to_reward,Candidate from cached Buddy page-data; review before canonical promotion. Buddy page data exposes reward chance but not reward quantity; candidate export defaults quantity to 1 for review.,https://buddy.farm/i/gold-drum/,https://buddy.farm/page-data/i/gold-drum/page-data.json,gold-drum__gold-drum.json,buddy-item-multi-source-v1,reward_quantity_defaulted
Gold Drum,gold drum,Gold Trout,gold trout,0.3333333333333333,1,thrown_to_reward,Candidate from cached Buddy page-data; review before canonical promotion. Buddy page data exposes reward chance but not reward quantity; candidate export defaults quantity to 1 for review.,https://buddy.farm/i/gold-drum/,https://buddy.farm/page-data/i/gold-drum/page-data.json,gold-drum__gold-drum.json,buddy-item-multi-source-v1,reward_quantity_defaulted
Gold Drum,gold drum,Sturdy Bow,sturdy bow,0.3333333333333333,1,thrown_to_reward,Candidate from cached Buddy page-data; review before canonical promotion. Buddy page data exposes reward chance but not reward quantity; candidate export defaults quantity to 1 for review.,https://buddy.farm/i/gold-drum/,https://buddy.farm/page-data/i/gold-drum/page-data.json,gold-drum__gold-drum.json,buddy-item-multi-source-v1,reward_quantity_defaulted
Gold Eggplant,gold eggplant,Gold Carrot,gold carrot,0.25,1,thrown_to_reward,Candidate from cached Buddy page-data; review before canonical promotion. Buddy page data exposes reward chance but not reward quantity; candidate export defaults quantity to 1 for review.,https://buddy.farm/i/gold-eggplant/,https://buddy.farm/page-data/i/gold-eggplant/page-data.json,gold-eggplant__gold-eggplant.json,buddy-item-multi-source-v1,reward_quantity_defaulted
Gold Eggplant,gold eggplant,Bacon,bacon,0.25,1,thrown_to_reward,Candidate from cached Buddy page-data; review before canonical promotion. Buddy page data exposes reward chance but not reward quantity; candidate export defaults quantity to 1 for review.,https://buddy.farm/i/gold-eggplant/,https://buddy.farm/page-data/i/gold-eggplant/page-data.json,gold-eggplant__gold-eggplant.json,buddy-item-multi-source-v1,reward_quantity_defaulted
Gold Eggplant,gold eggplant,Gold Peas,gold peas,0.25,1,thrown_to_reward,Candidate from cached Buddy page-data; review before canonical promotion. Buddy page data exposes reward chance but not reward quantity; candidate export defaults quantity to 1 for review.,https://buddy.farm/i/gold-eggplant/,https://buddy.farm/page-data/i/gold-eggplant/page-data.json,gold-eggplant__gold-eggplant.json,buddy-item-multi-source-v1,reward_quantity_defaulted
Gold Eggplant,gold eggplant,Gold Leaf,gold leaf,0.25,1,thrown_to_reward,Candidate from cached Buddy page-data; review before canonical promotion. Buddy page data exposes reward chance but not reward quantity; candidate export defaults quantity to 1 for review.,https://buddy.farm/i/gold-eggplant/,https://buddy.farm/page-data/i/gold-eggplant/page-data.json,gold-eggplant__gold-eggplant.json,buddy-item-multi-source-v1,reward_quantity_defaulted
Gold Feather,gold feather,Bacon,bacon,0.3333333333333333,1,thrown_to_reward,Candidate from cached Buddy page-data; review before canonical promotion. Buddy page data exposes reward chance but not reward quantity; candidate export defaults quantity to 1 for review.,https://buddy.farm/i/gold-feather/,https://buddy.farm/page-data/i/gold-feather/page-data.json,gold-feather__gold-feather.json,buddy-item-multi-source-v1,reward_quantity_defaulted
Gold Feather,gold feather,Gold Leaf,gold leaf,0.3333333333333333,1,thrown_to_reward,Candidate from cached Buddy page-data; review before canonical promotion. Buddy page data exposes reward chance but not reward quantity; candidate export defaults quantity to 1 for review.,https://buddy.farm/i/gold-feather/,https://buddy.farm/page-data/i/gold-feather/page-data.json,gold-feather__gold-feather.json,buddy-item-multi-source-v1,reward_quantity_defaulted
Gold Feather,gold feather,Runestone 05,runestone 05,0.3333333333333333,1,thrown_to_reward,Candidate from cached Buddy page-data; review before canonical promotion. Buddy page data exposes reward chance but not reward quantity; candidate export defaults quantity to 1 for review.,https://buddy.farm/i/gold-feather/,https://buddy.farm/page-data/i/gold-feather/page-data.json,gold-feather__gold-feather.json,buddy-item-multi-source-v1,reward_quantity_defaulted
Gold Flier,gold flier,Goldgill,goldgill,0.3333333333333333,1,thrown_to_reward,Candidate from cached Buddy page-data; review before canonical promotion. Buddy page data exposes reward chance but not reward quantity; candidate export defaults quantity to 1 for review.,https://buddy.farm/i/gold-flier/,https://buddy.farm/page-data/i/gold-flier/page-data.json,gold-flier__gold-flier.json,buddy-item-multi-source-v1,reward_quantity_defaulted
Gold Flier,gold flier,Gold Catfish,gold catfish,0.3333333333333333,1,thrown_to_reward,Candidate from cached Buddy page-data; review before canonical promotion. Buddy page data exposes reward chance but not reward quantity; candidate export defaults quantity to 1 for review.,https://buddy.farm/i/gold-flier/,https://buddy.farm/page-data/i/gold-flier/page-data.json,gold-flier__gold-flier.json,buddy-item-multi-source-v1,reward_quantity_defaulted
Gold Flier,gold flier,Gold Sea Bass,gold sea bass,0.3333333333333333,1,thrown_to_reward,Candidate from cached Buddy page-data; review before canonical promotion. Buddy page data exposes reward chance but not reward quantity; candidate export defaults quantity to 1 for review.,https://buddy.farm/i/gold-flier/,https://buddy.farm/page-data/i/gold-flier/page-data.json,gold-flier__gold-flier.json,buddy-item-multi-source-v1,reward_quantity_defaulted
Gold Leaf,gold leaf,Gold Feather,gold feather,0.3333333333333333,1,thrown_to_reward,Candidate from cached Buddy page-data; review before canonical promotion. Buddy page data exposes reward chance but not reward quantity; candidate export defaults quantity to 1 for review.,https://buddy.farm/i/gold-leaf/,https://buddy.farm/page-data/i/gold-leaf/page-data.json,gold-leaf__gold-leaf.json,buddy-item-multi-source-v1,reward_quantity_defaulted
Gold Leaf,gold leaf,Magicite,magicite,0.3333333333333333,1,thrown_to_reward,Candidate from cached Buddy page-data; review before canonical promotion. Buddy page data exposes reward chance but not reward quantity; candidate export defaults quantity to 1 for review.,https://buddy.farm/i/gold-leaf/,https://buddy.farm/page-data/i/gold-leaf/page-data.json,gold-leaf__gold-leaf.json,buddy-item-multi-source-v1,reward_quantity_defaulted
Gold Leaf,gold leaf,Runestone 07,runestone 07,0.3333333333333333,1,thrown_to_reward,Candidate from cached Buddy page-data; review before canonical promotion. Buddy page data exposes reward chance but not reward quantity; candidate export defaults quantity to 1 for review.,https://buddy.farm/i/gold-leaf/,https://buddy.farm/page-data/i/gold-leaf/page-data.json,gold-leaf__gold-leaf.json,buddy-item-multi-source-v1,reward_quantity_defaulted
Gold Peas,gold peas,Gold Cucumber,gold cucumber,0.25,1,thrown_to_reward,Candidate from cached Buddy page-data; review before canonical promotion. Buddy page data exposes reward chance but not reward quantity; candidate export defaults quantity to 1 for review.,https://buddy.farm/i/gold-peas/,https://buddy.farm/page-data/i/gold-peas/page-data.json,gold-peas__gold-peas.json,buddy-item-multi-source-v1,reward_quantity_defaulted
Gold Peas,gold peas,Gold Peppers,gold peppers,0.25,1,thrown_to_reward,Candidate from cached Buddy page-data; review before canonical promotion. Buddy page data exposes reward chance but not reward quantity; candidate export defaults quantity to 1 for review.,https://buddy.farm/i/gold-peas/,https://buddy.farm/page-data/i/gold-peas/page-data.json,gold-peas__gold-peas.json,buddy-item-multi-source-v1,reward_quantity_defaulted
Gold Peas,gold peas,Gold Feather,gold feather,0.25,1,thrown_to_reward,Candidate from cached Buddy page-data; review before canonical promotion. Buddy page data exposes reward chance but not reward quantity; candidate export defaults quantity to 1 for review.,https://buddy.farm/i/gold-peas/,https://buddy.farm/page-data/i/gold-peas/page-data.json,gold-peas__gold-peas.json,buddy-item-multi-source-v1,reward_quantity_defaulted
Gold Peas,gold peas,Gold Eggplant,gold eggplant,0.25,1,thrown_to_reward,Candidate from cached Buddy page-data; review before canonical promotion. Buddy page data exposes reward chance but not reward quantity; candidate export defaults quantity to 1 for review.,https://buddy.farm/i/gold-peas/,https://buddy.farm/page-data/i/gold-peas/page-data.json,gold-peas__gold-peas.json,buddy-item-multi-source-v1,reward_quantity_defaulted
Gold Peppers,gold peppers,Gold Carrot,gold carrot,0.2,1,thrown_to_reward,Candidate from cached Buddy page-data; review before canonical promotion. Buddy page data exposes reward chance but not reward quantity; candidate export defaults quantity to 1 for review.,https://buddy.farm/i/gold-peppers/,https://buddy.farm/page-data/i/gold-peppers/page-data.json,gold-peppers__gold-peppers.json,buddy-item-multi-source-v1,reward_quantity_defaulted
Gold Peppers,gold peppers,Gold Eggplant,gold eggplant,0.2,1,thrown_to_reward,Candidate from cached Buddy page-data; review before canonical promotion. Buddy page data exposes reward chance but not reward quantity; candidate export defaults quantity to 1 for review.,https://buddy.farm/i/gold-peppers/,https://buddy.farm/page-data/i/gold-peppers/page-data.json,gold-peppers__gold-peppers.json,buddy-item-multi-source-v1,reward_quantity_defaulted
Gold Peppers,gold peppers,Gold Peas,gold peas,0.2,1,thrown_to_reward,Candidate from cached Buddy page-data; review before canonical promotion. Buddy page data exposes reward chance but not reward quantity; candidate export defaults quantity to 1 for review.,https://buddy.farm/i/gold-peppers/,https://buddy.farm/page-data/i/gold-peppers/page-data.json,gold-peppers__gold-peppers.json,buddy-item-multi-source-v1,reward_quantity_defaulted
Gold Peppers,gold peppers,Runestone 01,runestone 01,0.2,1,thrown_to_reward,Candidate from cached Buddy page-data; review before canonical promotion. Buddy page data exposes reward chance but not reward quantity; candidate export defaults quantity to 1 for review.,https://buddy.farm/i/gold-peppers/,https://buddy.farm/page-data/i/gold-peppers/page-data.json,gold-peppers__gold-peppers.json,buddy-item-multi-source-v1,reward_quantity_defaulted
Gold Peppers,gold peppers,Gold Cucumber,gold cucumber,0.2,1,thrown_to_reward,Candidate from cached Buddy page-data; review before canonical promotion. Buddy page data exposes reward chance but not reward quantity; candidate export defaults quantity to 1 for review.,https://buddy.farm/i/gold-peppers/,https://buddy.farm/page-data/i/gold-peppers/page-data.json,gold-peppers__gold-peppers.json,buddy-item-multi-source-v1,reward_quantity_defaulted
Gold Sea Bass,gold sea bass,Goldfin,goldfin,0.3333333333333333,1,thrown_to_reward,Candidate from cached Buddy page-data; review before canonical promotion. Buddy page data exposes reward chance but not reward quantity; candidate export defaults quantity to 1 for review.,https://buddy.farm/i/gold-sea-bass/,https://buddy.farm/page-data/i/gold-sea-bass/page-data.json,gold-sea-bass__gold-sea-bass.json,buddy-item-multi-source-v1,reward_quantity_defaulted
Gold Sea Bass,gold sea bass,Gold Flier,gold flier,0.3333333333333333,1,thrown_to_reward,Candidate from cached Buddy page-data; review before canonical promotion. Buddy page data exposes reward chance but not reward quantity; candidate export defaults quantity to 1 for review.,https://buddy.farm/i/gold-sea-bass/,https://buddy.farm/page-data/i/gold-sea-bass/page-data.json,gold-sea-bass__gold-sea-bass.json,buddy-item-multi-source-v1,reward_quantity_defaulted
Gold Sea Bass,gold sea bass,Gold Coral,gold coral,0.3333333333333333,1,thrown_to_reward,Candidate from cached Buddy page-data; review before canonical promotion. Buddy page data exposes reward chance but not reward quantity; candidate export defaults quantity to 1 for review.,https://buddy.farm/i/gold-sea-bass/,https://buddy.farm/page-data/i/gold-sea-bass/page-data.json,gold-sea-bass__gold-sea-bass.json,buddy-item-multi-source-v1,reward_quantity_defaulted
Gold Trout,gold trout,Goldgill,goldgill,0.3333333333333333,1,thrown_to_reward,Candidate from cached Buddy page-data; review before canonical promotion. Buddy page data exposes reward chance but not reward quantity; candidate export defaults quantity to 1 for review.,https://buddy.farm/i/gold-trout/,https://buddy.farm/page-data/i/gold-trout/page-data.json,gold-trout__gold-trout.json,buddy-item-multi-source-v1,reward_quantity_defaulted
Gold Trout,gold trout,Goldray,goldray,0.3333333333333333,1,thrown_to_reward,Candidate from cached Buddy page-data; review before canonical promotion. Buddy page data exposes reward chance but not reward quantity; candidate export defaults quantity to 1 for review.,https://buddy.farm/i/gold-trout/,https://buddy.farm/page-data/i/gold-trout/page-data.json,gold-trout__gold-trout.json,buddy-item-multi-source-v1,reward_quantity_defaulted
Gold Trout,gold trout,Gold Flier,gold flier,0.3333333333333333,1,thrown_to_reward,Candidate from cached Buddy page-data; review before canonical promotion. Buddy page data exposes reward chance but not reward quantity; candidate export defaults quantity to 1 for review.,https://buddy.farm/i/gold-trout/,https://buddy.farm/page-data/i/gold-trout/page-data.json,gold-trout__gold-trout.json,buddy-item-multi-source-v1,reward_quantity_defaulted
Goldfin,goldfin,Goldjack,goldjack,0.3333333333333333,1,thrown_to_reward,Candidate from cached Buddy page-data; review before canonical promotion. Buddy page data exposes reward chance but not reward quantity; candidate export defaults quantity to 1 for review.,https://buddy.farm/i/goldfin/,https://buddy.farm/page-data/i/goldfin/page-data.json,goldfin__goldfin.json,buddy-item-multi-source-v1,reward_quantity_defaulted
Goldfin,goldfin,Gold Trout,gold trout,0.3333333333333333,1,thrown_to_reward,Candidate from cached Buddy page-data; review before canonical promotion. Buddy page data exposes reward chance but not reward quantity; candidate export defaults quantity to 1 for review.,https://buddy.farm/i/goldfin/,https://buddy.farm/page-data/i/goldfin/page-data.json,goldfin__goldfin.json,buddy-item-multi-source-v1,reward_quantity_defaulted
Goldfin,goldfin,Gold Catfish,gold catfish,0.3333333333333333,1,thrown_to_reward,Candidate from cached Buddy page-data; review before canonical promotion. Buddy page data exposes reward chance but not reward quantity; candidate export defaults quantity to 1 for review.,https://buddy.farm/i/goldfin/,https://buddy.farm/page-data/i/goldfin/page-data.json,goldfin__goldfin.json,buddy-item-multi-source-v1,reward_quantity_defaulted
Goldgill,goldgill,Gold Catfish,gold catfish,0.3333333333333333,1,thrown_to_reward,Candidate from cached Buddy page-data; review before canonical promotion. Buddy page data exposes reward chance but not reward quantity; candidate export defaults quantity to 1 for review.,https://buddy.farm/i/goldgill/,https://buddy.farm/page-data/i/goldgill/page-data.json,goldgill__goldgill.json,buddy-item-multi-source-v1,reward_quantity_defaulted
Goldgill,goldgill,Goldfin,goldfin,0.3333333333333333,1,thrown_to_reward,Candidate from cached Buddy page-data; review before canonical promotion. Buddy page data exposes reward chance but not reward quantity; candidate export defaults quantity to 1 for review.,https://buddy.farm/i/goldgill/,https://buddy.farm/page-data/i/goldgill/page-data.json,goldgill__goldgill.json,buddy-item-multi-source-v1,reward_quantity_defaulted
Goldgill,goldgill,Goldjack,goldjack,0.3333333333333333,1,thrown_to_reward,Candidate from cached Buddy page-data; review before canonical promotion. Buddy page data exposes reward chance but not reward quantity; candidate export defaults quantity to 1 for review.,https://buddy.farm/i/goldgill/,https://buddy.farm/page-data/i/goldgill/page-data.json,goldgill__goldgill.json,buddy-item-multi-source-v1,reward_quantity_defaulted
Goldjack,goldjack,Goldgill,goldgill,0.3333333333333333,1,thrown_to_reward,Candidate from cached Buddy page-data; review before canonical promotion. Buddy page data exposes reward chance but not reward quantity; candidate export defaults quantity to 1 for review.,https://buddy.farm/i/goldjack/,https://buddy.farm/page-data/i/goldjack/page-data.json,goldjack__goldjack.json,buddy-item-multi-source-v1,reward_quantity_defaulted
Goldjack,goldjack,Goldray,goldray,0.3333333333333333,1,thrown_to_reward,Candidate from cached Buddy page-data; review before canonical promotion. Buddy page data exposes reward chance but not reward quantity; candidate export defaults quantity to 1 for review.,https://buddy.farm/i/goldjack/,https://buddy.farm/page-data/i/goldjack/page-data.json,goldjack__goldjack.json,buddy-item-multi-source-v1,reward_quantity_defaulted
Goldjack,goldjack,Gold Sea Bass,gold sea bass,0.3333333333333333,1,thrown_to_reward,Candidate from cached Buddy page-data; review before canonical promotion. Buddy page data exposes reward chance but not reward quantity; candidate export defaults quantity to 1 for review.,https://buddy.farm/i/goldjack/,https://buddy.farm/page-data/i/goldjack/page-data.json,goldjack__goldjack.json,buddy-item-multi-source-v1,reward_quantity_defaulted
Goldray,goldray,Gold Drum,gold drum,0.3333333333333333,1,thrown_to_reward,Candidate from cached Buddy page-data; review before canonical promotion. Buddy page data exposes reward chance but not reward quantity; candidate export defaults quantity to 1 for review.,https://buddy.farm/i/goldray/,https://buddy.farm/page-data/i/goldray/page-data.json,goldray__goldray.json,buddy-item-multi-source-v1,reward_quantity_defaulted
Goldray,goldray,Gold Trout,gold trout,0.3333333333333333,1,thrown_to_reward,Candidate from cached Buddy page-data; review before canonical promotion. Buddy page data exposes reward chance but not reward quantity; candidate export defaults quantity to 1 for review.,https://buddy.farm/i/goldray/,https://buddy.farm/page-data/i/goldray/page-data.json,goldray__goldray.json,buddy-item-multi-source-v1,reward_quantity_defaulted
Goldray,goldray,Gold Flier,gold flier,0.3333333333333333,1,thrown_to_reward,Candidate from cached Buddy page-data; review before canonical promotion. Buddy page data exposes reward chance but not reward quantity; candidate export defaults quantity to 1 for review.,https://buddy.farm/i/goldray/,https://buddy.farm/page-data/i/goldray/page-data.json,goldray__goldray.json,buddy-item-multi-source-v1,reward_quantity_defaulted
Gouda,gouda,Candy Corn,candy corn,0.3333333333333333,1,thrown_to_reward,Candidate from cached Buddy page-data; review before canonical promotion. Buddy page data exposes reward chance but not reward quantity; candidate export defaults quantity to 1 for review.,https://buddy.farm/i/gouda/,https://buddy.farm/page-data/i/gouda/page-data.json,gouda__gouda.json,buddy-item-multi-source-v1,reward_quantity_defaulted
Gouda,gouda,Chattering Teeth,chattering teeth,0.3333333333333333,1,thrown_to_reward,Candidate from cached Buddy page-data; review before canonical promotion. Buddy page data exposes reward chance but not reward quantity; candidate export defaults quantity to 1 for review.,https://buddy.farm/i/gouda/,https://buddy.farm/page-data/i/gouda/page-data.json,gouda__gouda.json,buddy-item-multi-source-v1,reward_quantity_defaulted
Gouda,gouda,Wax Candle,wax candle,0.3333333333333333,1,thrown_to_reward,Candidate from cached Buddy page-data; review before canonical promotion. Buddy page data exposes reward chance but not reward quantity; candidate export defaults quantity to 1 for review.,https://buddy.farm/i/gouda/,https://buddy.farm/page-data/i/gouda/page-data.json,gouda__gouda.json,buddy-item-multi-source-v1,reward_quantity_defaulted
Grasshopper,grasshopper,Bell,bell,0.5,1,thrown_to_reward,Candidate from cached Buddy page-data; review before canonical promotion. Buddy page data exposes reward chance but not reward quantity; candidate export defaults quantity to 1 for review.,https://buddy.farm/i/grasshopper/,https://buddy.farm/page-data/i/grasshopper/page-data.json,grasshopper__grasshopper.json,buddy-item-multi-source-v1,reward_quantity_defaulted
Grasshopper,grasshopper,Spider,spider,0.5,1,thrown_to_reward,Candidate from cached Buddy page-data; review before canonical promotion. Buddy page data exposes reward chance but not reward quantity; candidate export defaults quantity to 1 for review.,https://buddy.farm/i/grasshopper/,https://buddy.farm/page-data/i/grasshopper/page-data.json,grasshopper__grasshopper.json,buddy-item-multi-source-v1,reward_quantity_defaulted
Herbs,herbs,Flamejack,flamejack,0.16666666666666666,1,thrown_to_reward,Candidate from cached Buddy page-data; review before canonical promotion. Buddy page data exposes reward chance but not reward quantity; candidate export defaults quantity to 1 for review.,https://buddy.farm/i/herbs/,https://buddy.farm/page-data/i/herbs/page-data.json,herbs__herbs.json,buddy-item-multi-source-v1,reward_quantity_defaulted
Herbs,herbs,Honey,honey,0.16666666666666666,1,thrown_to_reward,Candidate from cached Buddy page-data; review before canonical promotion. Buddy page data exposes reward chance but not reward quantity; candidate export defaults quantity to 1 for review.,https://buddy.farm/i/herbs/,https://buddy.farm/page-data/i/herbs/page-data.json,herbs__herbs.json,buddy-item-multi-source-v1,reward_quantity_defaulted
Herbs,herbs,Green Jellyfish,green jellyfish,0.16666666666666666,1,thrown_to_reward,Candidate from cached Buddy page-data; review before canonical promotion. Buddy page data exposes reward chance but not reward quantity; candidate export defaults quantity to 1 for review.,https://buddy.farm/i/herbs/,https://buddy.farm/page-data/i/herbs/page-data.json,herbs__herbs.json,buddy-item-multi-source-v1,reward_quantity_defaulted
Herbs,herbs,Octopus,octopus,0.16666666666666666,1,thrown_to_reward,Candidate from cached Buddy page-data; review before canonical promotion. Buddy page data exposes reward chance but not reward quantity; candidate export defaults quantity to 1 for review.,https://buddy.farm/i/herbs/,https://buddy.farm/page-data/i/herbs/page-data.json,herbs__herbs.json,buddy-item-multi-source-v1,reward_quantity_defaulted
Herbs,herbs,Gold Sea Bass,gold sea bass,0.16666666666666666,1,thrown_to_reward,Candidate from cached Buddy page-data; review before canonical promotion. Buddy page data exposes reward chance but not reward quantity; candidate export defaults quantity to 1 for review.,https://buddy.farm/i/herbs/,https://buddy.farm/page-data/i/herbs/page-data.json,herbs__herbs.json,buddy-item-multi-source-v1,reward_quantity_defaulted
Herbs,herbs,Corn,corn,0.16666666666666666,1,thrown_to_reward,Candidate from cached Buddy page-data; review before canonical promotion. Buddy page data exposes reward chance but not reward quantity; candidate export defaults quantity to 1 for review.,https://buddy.farm/i/herbs/,https://buddy.farm/page-data/i/herbs/page-data.json,herbs__herbs.json,buddy-item-multi-source-v1,reward_quantity_defaulted
Horned Beetle,horned beetle,Shiny Beetle,shiny beetle,0.25,1,thrown_to_reward,Candidate from cached Buddy page-data; review before canonical promotion. Buddy page data exposes reward chance but not reward quantity; candidate export defaults quantity to 1 for review.,https://buddy.farm/i/horned-beetle/,https://buddy.farm/page-data/i/horned-beetle/page-data.json,horned-beetle__horned-beetle.json,buddy-item-multi-source-v1,reward_quantity_defaulted
Horned Beetle,horned beetle,Runestone 06,runestone 06,0.25,1,thrown_to_reward,Candidate from cached Buddy page-data; review before canonical promotion. Buddy page data exposes reward chance but not reward quantity; candidate export defaults quantity to 1 for review.,https://buddy.farm/i/horned-beetle/,https://buddy.farm/page-data/i/horned-beetle/page-data.json,horned-beetle__horned-beetle.json,buddy-item-multi-source-v1,reward_quantity_defaulted
Horned Beetle,horned beetle,Giant Centipede,giant centipede,0.25,1,thrown_to_reward,Candidate from cached Buddy page-data; review before canonical promotion. Buddy page data exposes reward chance but not reward quantity; candidate export defaults quantity to 1 for review.,https://buddy.farm/i/horned-beetle/,https://buddy.farm/page-data/i/horned-beetle/page-data.json,horned-beetle__horned-beetle.json,buddy-item-multi-source-v1,reward_quantity_defaulted
Horned Beetle,horned beetle,Fire Ant,fire ant,0.25,1,thrown_to_reward,Candidate from cached Buddy page-data; review before canonical promotion. Buddy page data exposes reward chance but not reward quantity; candidate export defaults quantity to 1 for review.,https://buddy.farm/i/horned-beetle/,https://buddy.farm/page-data/i/horned-beetle/page-data.json,horned-beetle__horned-beetle.json,buddy-item-multi-source-v1,reward_quantity_defaulted
Hummingbird Feeder,hummingbird feeder,Borgen Bag 01,borgen bag 01,1,1,thrown_to_reward,Candidate from cached Buddy page-data; review before canonical promotion. Buddy page data exposes reward chance but not reward quantity; candidate export defaults quantity to 1 for review.,https://buddy.farm/i/hummingbird-feeder/,https://buddy.farm/page-data/i/hummingbird-feeder/page-data.json,hummingbird-feeder__hummingbird-feeder.json,buddy-item-multi-source-v1,reward_quantity_defaulted
Jack-o-lantern,jack o lantern,Candy Corn,candy corn,0.3333333333333333,1,thrown_to_reward,Candidate from cached Buddy page-data; review before canonical promotion. Buddy page data exposes reward chance but not reward quantity; candidate export defaults quantity to 1 for review.,https://buddy.farm/i/jack-o-lantern/,https://buddy.farm/page-data/i/jack-o-lantern/page-data.json,jack-o-lantern__jack-o-lantern.json,buddy-item-multi-source-v1,reward_quantity_defaulted
Jack-o-lantern,jack o lantern,Goldfish,goldfish,0.3333333333333333,1,thrown_to_reward,Candidate from cached Buddy page-data; review before canonical promotion. Buddy page data exposes reward chance but not reward quantity; candidate export defaults quantity to 1 for review.,https://buddy.farm/i/jack-o-lantern/,https://buddy.farm/page-data/i/jack-o-lantern/page-data.json,jack-o-lantern__jack-o-lantern.json,buddy-item-multi-source-v1,reward_quantity_defaulted
Jack-o-lantern,jack o lantern,Spider,spider,0.3333333333333333,1,thrown_to_reward,Candidate from cached Buddy page-data; review before canonical promotion. Buddy page data exposes reward chance but not reward quantity; candidate export defaults quantity to 1 for review.,https://buddy.farm/i/jack-o-lantern/,https://buddy.farm/page-data/i/jack-o-lantern/page-data.json,jack-o-lantern__jack-o-lantern.json,buddy-item-multi-source-v1,reward_quantity_defaulted
Jade,jade,Aquamarine,aquamarine,0.25,1,thrown_to_reward,Candidate from cached Buddy page-data; review before canonical promotion. Buddy page data exposes reward chance but not reward quantity; candidate export defaults quantity to 1 for review.,https://buddy.farm/i/jade/,https://buddy.farm/page-data/i/jade/page-data.json,jade__jade.json,buddy-item-multi-source-v1,reward_quantity_defaulted
Jade,jade,Ruby,ruby,0.25,1,thrown_to_reward,Candidate from cached Buddy page-data; review before canonical promotion. Buddy page data exposes reward chance but not reward quantity; candidate export defaults quantity to 1 for review.,https://buddy.farm/i/jade/,https://buddy.farm/page-data/i/jade/page-data.json,jade__jade.json,buddy-item-multi-source-v1,reward_quantity_defaulted
Jade,jade,Emberstone,emberstone,0.25,1,thrown_to_reward,Candidate from cached Buddy page-data; review before canonical promotion. Buddy page data exposes reward chance but not reward quantity; candidate export defaults quantity to 1 for review.,https://buddy.farm/i/jade/,https://buddy.farm/page-data/i/jade/page-data.json,jade__jade.json,buddy-item-multi-source-v1,reward_quantity_defaulted
Jade,jade,Amethyst,amethyst,0.25,1,thrown_to_reward,Candidate from cached Buddy page-data; review before canonical promotion. Buddy page data exposes reward chance but not reward quantity; candidate export defaults quantity to 1 for review.,https://buddy.farm/i/jade/,https://buddy.farm/page-data/i/jade/page-data.json,jade__jade.json,buddy-item-multi-source-v1,reward_quantity_defaulted
Large Chest 01,large chest 01,Treasure Key,treasure key,0.3333333333333333,1,thrown_to_reward,Candidate from cached Buddy page-data; review before canonical promotion. Buddy page data exposes reward chance but not reward quantity; candidate export defaults quantity to 1 for review.,https://buddy.farm/i/large-chest-01/,https://buddy.farm/page-data/i/large-chest-01/page-data.json,large-chest-01__large-chest-01.json,buddy-item-multi-source-v1,reward_quantity_defaulted
Large Chest 01,large chest 01,Small Key,small key,0.3333333333333333,1,thrown_to_reward,Candidate from cached Buddy page-data; review before canonical promotion. Buddy page data exposes reward chance but not reward quantity; candidate export defaults quantity to 1 for review.,https://buddy.farm/i/large-chest-01/,https://buddy.farm/page-data/i/large-chest-01/page-data.json,large-chest-01__large-chest-01.json,buddy-item-multi-source-v1,reward_quantity_defaulted
Large Chest 01,large chest 01,Square Key,square key,0.3333333333333333,1,thrown_to_reward,Candidate from cached Buddy page-data; review before canonical promotion. Buddy page data exposes reward chance but not reward quantity; candidate export defaults quantity to 1 for review.,https://buddy.farm/i/large-chest-01/,https://buddy.farm/page-data/i/large-chest-01/page-data.json,large-chest-01__large-chest-01.json,buddy-item-multi-source-v1,reward_quantity_defaulted
Large Chest 02,large chest 02,Treasure Key,treasure key,0.3333333333333333,1,thrown_to_reward,Candidate from cached Buddy page-data; review before canonical promotion. Buddy page data exposes reward chance but not reward quantity; candidate export defaults quantity to 1 for review.,https://buddy.farm/i/large-chest-02/,https://buddy.farm/page-data/i/large-chest-02/page-data.json,large-chest-02__large-chest-02.json,buddy-item-multi-source-v1,reward_quantity_defaulted
Large Chest 02,large chest 02,Square Key,square key,0.3333333333333333,1,thrown_to_reward,Candidate from cached Buddy page-data; review before canonical promotion. Buddy page data exposes reward chance but not reward quantity; candidate export defaults quantity to 1 for review.,https://buddy.farm/i/large-chest-02/,https://buddy.farm/page-data/i/large-chest-02/page-data.json,large-chest-02__large-chest-02.json,buddy-item-multi-source-v1,reward_quantity_defaulted
Large Chest 02,large chest 02,Small Key,small key,0.3333333333333333,1,thrown_to_reward,Candidate from cached Buddy page-data; review before canonical promotion. Buddy page data exposes reward chance but not reward quantity; candidate export defaults quantity to 1 for review.,https://buddy.farm/i/large-chest-02/,https://buddy.farm/page-data/i/large-chest-02/page-data.json,large-chest-02__large-chest-02.json,buddy-item-multi-source-v1,reward_quantity_defaulted
Lollipop,lollipop,Candy,candy,0.3333333333333333,1,thrown_to_reward,Candidate from cached Buddy page-data; review before canonical promotion. Buddy page data exposes reward chance but not reward quantity; candidate export defaults quantity to 1 for review.,https://buddy.farm/i/lollipop/,https://buddy.farm/page-data/i/lollipop/page-data.json,lollipop__lollipop.json,buddy-item-multi-source-v1,reward_quantity_defaulted
Lollipop,lollipop,Spider,spider,0.3333333333333333,1,thrown_to_reward,Candidate from cached Buddy page-data; review before canonical promotion. Buddy page data exposes reward chance but not reward quantity; candidate export defaults quantity to 1 for review.,https://buddy.farm/i/lollipop/,https://buddy.farm/page-data/i/lollipop/page-data.json,lollipop__lollipop.json,buddy-item-multi-source-v1,reward_quantity_defaulted
Lollipop,lollipop,Taffy,taffy,0.3333333333333333,1,thrown_to_reward,Candidate from cached Buddy page-data; review before canonical promotion. Buddy page data exposes reward chance but not reward quantity; candidate export defaults quantity to 1 for review.,https://buddy.farm/i/lollipop/,https://buddy.farm/page-data/i/lollipop/page-data.json,lollipop__lollipop.json,buddy-item-multi-source-v1,reward_quantity_defaulted
Magicite,magicite,Strange Letter,strange letter,0.25,1,thrown_to_reward,Candidate from cached Buddy page-data; review before canonical promotion. Buddy page data exposes reward chance but not reward quantity; candidate export defaults quantity to 1 for review.,https://buddy.farm/i/magicite/,https://buddy.farm/page-data/i/magicite/page-data.json,magicite__magicite.json,buddy-item-multi-source-v1,reward_quantity_defaulted
Magicite,magicite,Gold Leaf,gold leaf,0.25,1,thrown_to_reward,Candidate from cached Buddy page-data; review before canonical promotion. Buddy page data exposes reward chance but not reward quantity; candidate export defaults quantity to 1 for review.,https://buddy.farm/i/magicite/,https://buddy.farm/page-data/i/magicite/page-data.json,magicite__magicite.json,buddy-item-multi-source-v1,reward_quantity_defaulted
Magicite,magicite,Runestone 02,runestone 02,0.25,1,thrown_to_reward,Candidate from cached Buddy page-data; review before canonical promotion. Buddy page data exposes reward chance but not reward quantity; candidate export defaults quantity to 1 for review.,https://buddy.farm/i/magicite/,https://buddy.farm/page-data/i/magicite/page-data.json,magicite__magicite.json,buddy-item-multi-source-v1,reward_quantity_defaulted
Magicite,magicite,Runestone 01,runestone 01,0.25,1,thrown_to_reward,Candidate from cached Buddy page-data; review before canonical promotion. Buddy page data exposes reward chance but not reward quantity; candidate export defaults quantity to 1 for review.,https://buddy.farm/i/magicite/,https://buddy.farm/page-data/i/magicite/page-data.json,magicite__magicite.json,buddy-item-multi-source-v1,reward_quantity_defaulted
Milk and Cookies,milk and cookies,Holiday Wreath,holiday wreath,0.25,1,thrown_to_reward,Candidate from cached Buddy page-data; review before canonical promotion. Buddy page data exposes reward chance but not reward quantity; candidate export defaults quantity to 1 for review.,https://buddy.farm/i/milk-and-cookies/,https://buddy.farm/page-data/i/milk-and-cookies/page-data.json,milk-and-cookies__milk-and-cookies.json,buddy-item-multi-source-v1,reward_quantity_defaulted
Milk and Cookies,milk and cookies,Dancer,dancer,0.25,1,thrown_to_reward,Candidate from cached Buddy page-data; review before canonical promotion. Buddy page data exposes reward chance but not reward quantity; candidate export defaults quantity to 1 for review.,https://buddy.farm/i/milk-and-cookies/,https://buddy.farm/page-data/i/milk-and-cookies/page-data.json,milk-and-cookies__milk-and-cookies.json,buddy-item-multi-source-v1,reward_quantity_defaulted
Milk and Cookies,milk and cookies,Vixen,vixen,0.25,1,thrown_to_reward,Candidate from cached Buddy page-data; review before canonical promotion. Buddy page data exposes reward chance but not reward quantity; candidate export defaults quantity to 1 for review.,https://buddy.farm/i/milk-and-cookies/,https://buddy.farm/page-data/i/milk-and-cookies/page-data.json,milk-and-cookies__milk-and-cookies.json,buddy-item-multi-source-v1,reward_quantity_defaulted
Milk and Cookies,milk and cookies,Grab Bag 07,grab bag 07,0.25,1,thrown_to_reward,Candidate from cached Buddy page-data; review before canonical promotion. Buddy page data exposes reward chance but not reward quantity; candidate export defaults quantity to 1 for review.,https://buddy.farm/i/milk-and-cookies/,https://buddy.farm/page-data/i/milk-and-cookies/page-data.json,milk-and-cookies__milk-and-cookies.json,buddy-item-multi-source-v1,reward_quantity_defaulted
Moonstone,moonstone,Runestone 07,runestone 07,0.25,1,thrown_to_reward,Candidate from cached Buddy page-data; review before canonical promotion. Buddy page data exposes reward chance but not reward quantity; candidate export defaults quantity to 1 for review.,https://buddy.farm/i/moonstone/,https://buddy.farm/page-data/i/moonstone/page-data.json,moonstone__moonstone.json,buddy-item-multi-source-v1,reward_quantity_defaulted
Moonstone,moonstone,Strange Letter,strange letter,0.25,1,thrown_to_reward,Candidate from cached Buddy page-data; review before canonical promotion. Buddy page data exposes reward chance but not reward quantity; candidate export defaults quantity to 1 for review.,https://buddy.farm/i/moonstone/,https://buddy.farm/page-data/i/moonstone/page-data.json,moonstone__moonstone.json,buddy-item-multi-source-v1,reward_quantity_defaulted
Moonstone,moonstone,Runestone 02,runestone 02,0.25,1,thrown_to_reward,Candidate from cached Buddy page-data; review before canonical promotion. Buddy page data exposes reward chance but not reward quantity; candidate export defaults quantity to 1 for review.,https://buddy.farm/i/moonstone/,https://buddy.farm/page-data/i/moonstone/page-data.json,moonstone__moonstone.json,buddy-item-multi-source-v1,reward_quantity_defaulted
Moonstone,moonstone,Runestone 01,runestone 01,0.25,1,thrown_to_reward,Candidate from cached Buddy page-data; review before canonical promotion. Buddy page data exposes reward chance but not reward quantity; candidate export defaults quantity to 1 for review.,https://buddy.farm/i/moonstone/,https://buddy.farm/page-data/i/moonstone/page-data.json,moonstone__moonstone.json,buddy-item-multi-source-v1,reward_quantity_defaulted
Old Boot,old boot,4-leaf Clover,4 leaf clover,0.3333333333333333,1,thrown_to_reward,Candidate from cached Buddy page-data; review before canonical promotion. Buddy page data exposes reward chance but not reward quantity; candidate export defaults quantity to 1 for review.,https://buddy.farm/i/old-boot/,https://buddy.farm/page-data/i/old-boot/page-data.json,old-boot__old-boot.json,buddy-item-multi-source-v1,reward_quantity_defaulted
Old Boot,old boot,Glass Bottle,glass bottle,0.3333333333333333,1,thrown_to_reward,Candidate from cached Buddy page-data; review before canonical promotion. Buddy page data exposes reward chance but not reward quantity; candidate export defaults quantity to 1 for review.,https://buddy.farm/i/old-boot/,https://buddy.farm/page-data/i/old-boot/page-data.json,old-boot__old-boot.json,buddy-item-multi-source-v1,reward_quantity_defaulted
Old Boot,old boot,Ancient Coin,ancient coin,0.3333333333333333,1,thrown_to_reward,Candidate from cached Buddy page-data; review before canonical promotion. Buddy page data exposes reward chance but not reward quantity; candidate export defaults quantity to 1 for review.,https://buddy.farm/i/old-boot/,https://buddy.farm/page-data/i/old-boot/page-data.json,old-boot__old-boot.json,buddy-item-multi-source-v1,reward_quantity_defaulted
Orange Gecko,orange gecko,Frog,frog,0.3333333333333333,1,thrown_to_reward,Candidate from cached Buddy page-data; review before canonical promotion. Buddy page data exposes reward chance but not reward quantity; candidate export defaults quantity to 1 for review.,https://buddy.farm/i/orange-gecko/,https://buddy.farm/page-data/i/orange-gecko/page-data.json,orange-gecko__orange-gecko.json,buddy-item-multi-source-v1,reward_quantity_defaulted
Orange Gecko,orange gecko,Crab Claw,crab claw,0.3333333333333333,1,thrown_to_reward,Candidate from cached Buddy page-data; review before canonical promotion. Buddy page data exposes reward chance but not reward quantity; candidate export defaults quantity to 1 for review.,https://buddy.farm/i/orange-gecko/,https://buddy.farm/page-data/i/orange-gecko/page-data.json,orange-gecko__orange-gecko.json,buddy-item-multi-source-v1,reward_quantity_defaulted
Orange Gecko,orange gecko,Sea Dragon,sea dragon,0.3333333333333333,1,thrown_to_reward,Candidate from cached Buddy page-data; review before canonical promotion. Buddy page data exposes reward chance but not reward quantity; candidate export defaults quantity to 1 for review.,https://buddy.farm/i/orange-gecko/,https://buddy.farm/page-data/i/orange-gecko/page-data.json,orange-gecko__orange-gecko.json,buddy-item-multi-source-v1,reward_quantity_defaulted
Pine Cone,pine cone,Antler,antler,0.3333333333333333,1,thrown_to_reward,Candidate from cached Buddy page-data; review before canonical promotion. Buddy page data exposes reward chance but not reward quantity; candidate export defaults quantity to 1 for review.,https://buddy.farm/i/pine-cone/,https://buddy.farm/page-data/i/pine-cone/page-data.json,pine-cone__pine-cone.json,buddy-item-multi-source-v1,reward_quantity_defaulted
Pine Cone,pine cone,Horn,horn,0.3333333333333333,1,thrown_to_reward,Candidate from cached Buddy page-data; review before canonical promotion. Buddy page data exposes reward chance but not reward quantity; candidate export defaults quantity to 1 for review.,https://buddy.farm/i/pine-cone/,https://buddy.farm/page-data/i/pine-cone/page-data.json,pine-cone__pine-cone.json,buddy-item-multi-source-v1,reward_quantity_defaulted
Pine Cone,pine cone,Prism Shard,prism shard,0.3333333333333333,1,thrown_to_reward,Candidate from cached Buddy page-data; review before canonical promotion. Buddy page data exposes reward chance but not reward quantity; candidate export defaults quantity to 1 for review.,https://buddy.farm/i/pine-cone/,https://buddy.farm/page-data/i/pine-cone/page-data.json,pine-cone__pine-cone.json,buddy-item-multi-source-v1,reward_quantity_defaulted
Pirate Bandana,pirate bandana,Carved Bear,carved bear,0.25,1,thrown_to_reward,Candidate from cached Buddy page-data; review before canonical promotion. Buddy page data exposes reward chance but not reward quantity; candidate export defaults quantity to 1 for review.,https://buddy.farm/i/pirate-bandana/,https://buddy.farm/page-data/i/pirate-bandana/page-data.json,pirate-bandana__pirate-bandana.json,buddy-item-multi-source-v1,reward_quantity_defaulted
Pirate Bandana,pirate bandana,Eye Patch,eye patch,0.25,1,thrown_to_reward,Candidate from cached Buddy page-data; review before canonical promotion. Buddy page data exposes reward chance but not reward quantity; candidate export defaults quantity to 1 for review.,https://buddy.farm/i/pirate-bandana/,https://buddy.farm/page-data/i/pirate-bandana/page-data.json,pirate-bandana__pirate-bandana.json,buddy-item-multi-source-v1,reward_quantity_defaulted
Pirate Bandana,pirate bandana,Pirate Flag,pirate flag,0.25,1,thrown_to_reward,Candidate from cached Buddy page-data; review before canonical promotion. Buddy page data exposes reward chance but not reward quantity; candidate export defaults quantity to 1 for review.,https://buddy.farm/i/pirate-bandana/,https://buddy.farm/page-data/i/pirate-bandana/page-data.json,pirate-bandana__pirate-bandana.json,buddy-item-multi-source-v1,reward_quantity_defaulted
Pirate Bandana,pirate bandana,Captains Log,captains log,0.25,1,thrown_to_reward,Candidate from cached Buddy page-data; review before canonical promotion. Buddy page data exposes reward chance but not reward quantity; candidate export defaults quantity to 1 for review.,https://buddy.farm/i/pirate-bandana/,https://buddy.farm/page-data/i/pirate-bandana/page-data.json,pirate-bandana__pirate-bandana.json,buddy-item-multi-source-v1,reward_quantity_defaulted
Pirate Flag,pirate flag,Sealed Letter,sealed letter,0.25,1,thrown_to_reward,Candidate from cached Buddy page-data; review before canonical promotion. Buddy page data exposes reward chance but not reward quantity; candidate export defaults quantity to 1 for review.,https://buddy.farm/i/pirate-flag/,https://buddy.farm/page-data/i/pirate-flag/page-data.json,pirate-flag__pirate-flag.json,buddy-item-multi-source-v1,reward_quantity_defaulted
Pirate Flag,pirate flag,Small Gear,small gear,0.25,1,thrown_to_reward,Candidate from cached Buddy page-data; review before canonical promotion. Buddy page data exposes reward chance but not reward quantity; candidate export defaults quantity to 1 for review.,https://buddy.farm/i/pirate-flag/,https://buddy.farm/page-data/i/pirate-flag/page-data.json,pirate-flag__pirate-flag.json,buddy-item-multi-source-v1,reward_quantity_defaulted
Pirate Flag,pirate flag,Spectacles,spectacles,0.25,1,thrown_to_reward,Candidate from cached Buddy page-data; review before canonical promotion. Buddy page data exposes reward chance but not reward quantity; candidate export defaults quantity to 1 for review.,https://buddy.farm/i/pirate-flag/,https://buddy.farm/page-data/i/pirate-flag/page-data.json,pirate-flag__pirate-flag.json,buddy-item-multi-source-v1,reward_quantity_defaulted
Pirate Flag,pirate flag,Small Flute,small flute,0.25,1,thrown_to_reward,Candidate from cached Buddy page-data; review before canonical promotion. Buddy page data exposes reward chance but not reward quantity; candidate export defaults quantity to 1 for review.,https://buddy.farm/i/pirate-flag/,https://buddy.farm/page-data/i/pirate-flag/page-data.json,pirate-flag__pirate-flag.json,buddy-item-multi-source-v1,reward_quantity_defaulted
Pocket Watch,pocket watch,Cogwheel,cogwheel,0.3333333333333333,1,thrown_to_reward,Candidate from cached Buddy page-data; review before canonical promotion. Buddy page data exposes reward chance but not reward quantity; candidate export defaults quantity to 1 for review.,https://buddy.farm/i/pocket-watch/,https://buddy.farm/page-data/i/pocket-watch/page-data.json,pocket-watch__pocket-watch.json,buddy-item-multi-source-v1,reward_quantity_defaulted
Pocket Watch,pocket watch,Pirate Bandana,pirate bandana,0.3333333333333333,1,thrown_to_reward,Candidate from cached Buddy page-data; review before canonical promotion. Buddy page data exposes reward chance but not reward quantity; candidate export defaults quantity to 1 for review.,https://buddy.farm/i/pocket-watch/,https://buddy.farm/page-data/i/pocket-watch/page-data.json,pocket-watch__pocket-watch.json,buddy-item-multi-source-v1,reward_quantity_defaulted
Pocket Watch,pocket watch,Wooden Mask,wooden mask,0.3333333333333333,1,thrown_to_reward,Candidate from cached Buddy page-data; review before canonical promotion. Buddy page data exposes reward chance but not reward quantity; candidate export defaults quantity to 1 for review.,https://buddy.farm/i/pocket-watch/,https://buddy.farm/page-data/i/pocket-watch/page-data.json,pocket-watch__pocket-watch.json,buddy-item-multi-source-v1,reward_quantity_defaulted
R.O.A.S.,r o a s,Square Key,square key,0.3333333333333333,1,thrown_to_reward,Candidate from cached Buddy page-data; review before canonical promotion. Buddy page data exposes reward chance but not reward quantity; candidate export defaults quantity to 1 for review.,https://buddy.farm/i/r-o-a-s-/,https://buddy.farm/page-data/i/r-o-a-s-/page-data.json,r-o-a-s__r-o-a-s.json,buddy-item-multi-source-v1,reward_quantity_defaulted
R.O.A.S.,r o a s,Taffy,taffy,0.3333333333333333,1,thrown_to_reward,Candidate from cached Buddy page-data; review before canonical promotion. Buddy page data exposes reward chance but not reward quantity; candidate export defaults quantity to 1 for review.,https://buddy.farm/i/r-o-a-s-/,https://buddy.farm/page-data/i/r-o-a-s-/page-data.json,r-o-a-s__r-o-a-s.json,buddy-item-multi-source-v1,reward_quantity_defaulted
R.O.A.S.,r o a s,Candy Corn,candy corn,0.3333333333333333,1,thrown_to_reward,Candidate from cached Buddy page-data; review before canonical promotion. Buddy page data exposes reward chance but not reward quantity; candidate export defaults quantity to 1 for review.,https://buddy.farm/i/r-o-a-s-/,https://buddy.farm/page-data/i/r-o-a-s-/page-data.json,r-o-a-s__r-o-a-s.json,buddy-item-multi-source-v1,reward_quantity_defaulted
Red Dye,red dye,Blue Purse,blue purse,0.3333333333333333,1,thrown_to_reward,Candidate from cached Buddy page-data; review before canonical promotion. Buddy page data exposes reward chance but not reward quantity; candidate export defaults quantity to 1 for review.,https://buddy.farm/i/red-dye/,https://buddy.farm/page-data/i/red-dye/page-data.json,red-dye__red-dye.json,buddy-item-multi-source-v1,reward_quantity_defaulted
Red Dye,red dye,Red Shield,red shield,0.3333333333333333,1,thrown_to_reward,Candidate from cached Buddy page-data; review before canonical promotion. Buddy page data exposes reward chance but not reward quantity; candidate export defaults quantity to 1 for review.,https://buddy.farm/i/red-dye/,https://buddy.farm/page-data/i/red-dye/page-data.json,red-dye__red-dye.json,buddy-item-multi-source-v1,reward_quantity_defaulted
Red Dye,red dye,Purple Bag,purple bag,0.3333333333333333,1,thrown_to_reward,Candidate from cached Buddy page-data; review before canonical promotion. Buddy page data exposes reward chance but not reward quantity; candidate export defaults quantity to 1 for review.,https://buddy.farm/i/red-dye/,https://buddy.farm/page-data/i/red-dye/page-data.json,red-dye__red-dye.json,buddy-item-multi-source-v1,reward_quantity_defaulted
Runestone 01,runestone 01,Runestone 02,runestone 02,0.3333333333333333,1,thrown_to_reward,Candidate from cached Buddy page-data; review before canonical promotion. Buddy page data exposes reward chance but not reward quantity; candidate export defaults quantity to 1 for review.,https://buddy.farm/i/runestone-01/,https://buddy.farm/page-data/i/runestone-01/page-data.json,runestone-01__runestone-01.json,buddy-item-multi-source-v1,reward_quantity_defaulted
Runestone 01,runestone 01,Moonstone,moonstone,0.3333333333333333,1,thrown_to_reward,Candidate from cached Buddy page-data; review before canonical promotion. Buddy page data exposes reward chance but not reward quantity; candidate export defaults quantity to 1 for review.,https://buddy.farm/i/runestone-01/,https://buddy.farm/page-data/i/runestone-01/page-data.json,runestone-01__runestone-01.json,buddy-item-multi-source-v1,reward_quantity_defaulted
Runestone 01,runestone 01,Strange Letter,strange letter,0.3333333333333333,1,thrown_to_reward,Candidate from cached Buddy page-data; review before canonical promotion. Buddy page data exposes reward chance but not reward quantity; candidate export defaults quantity to 1 for review.,https://buddy.farm/i/runestone-01/,https://buddy.farm/page-data/i/runestone-01/page-data.json,runestone-01__runestone-01.json,buddy-item-multi-source-v1,reward_quantity_defaulted
Runestone 02,runestone 02,Magna Quartz,magna quartz,0.25,1,thrown_to_reward,Candidate from cached Buddy page-data; review before canonical promotion. Buddy page data exposes reward chance but not reward quantity; candidate export defaults quantity to 1 for review.,https://buddy.farm/i/runestone-02/,https://buddy.farm/page-data/i/runestone-02/page-data.json,runestone-02__runestone-02.json,buddy-item-multi-source-v1,reward_quantity_defaulted
Runestone 02,runestone 02,Runestone 01,runestone 01,0.25,1,thrown_to_reward,Candidate from cached Buddy page-data; review before canonical promotion. Buddy page data exposes reward chance but not reward quantity; candidate export defaults quantity to 1 for review.,https://buddy.farm/i/runestone-02/,https://buddy.farm/page-data/i/runestone-02/page-data.json,runestone-02__runestone-02.json,buddy-item-multi-source-v1,reward_quantity_defaulted
Runestone 02,runestone 02,Runestone 03,runestone 03,0.25,1,thrown_to_reward,Candidate from cached Buddy page-data; review before canonical promotion. Buddy page data exposes reward chance but not reward quantity; candidate export defaults quantity to 1 for review.,https://buddy.farm/i/runestone-02/,https://buddy.farm/page-data/i/runestone-02/page-data.json,runestone-02__runestone-02.json,buddy-item-multi-source-v1,reward_quantity_defaulted
Runestone 02,runestone 02,Magicite,magicite,0.25,1,thrown_to_reward,Candidate from cached Buddy page-data; review before canonical promotion. Buddy page data exposes reward chance but not reward quantity; candidate export defaults quantity to 1 for review.,https://buddy.farm/i/runestone-02/,https://buddy.farm/page-data/i/runestone-02/page-data.json,runestone-02__runestone-02.json,buddy-item-multi-source-v1,reward_quantity_defaulted
Runestone 03,runestone 03,Runestone 04,runestone 04,0.3333333333333333,1,thrown_to_reward,Candidate from cached Buddy page-data; review before canonical promotion. Buddy page data exposes reward chance but not reward quantity; candidate export defaults quantity to 1 for review.,https://buddy.farm/i/runestone-03/,https://buddy.farm/page-data/i/runestone-03/page-data.json,runestone-03__runestone-03.json,buddy-item-multi-source-v1,reward_quantity_defaulted
Runestone 03,runestone 03,Runestone 05,runestone 05,0.3333333333333333,1,thrown_to_reward,Candidate from cached Buddy page-data; review before canonical promotion. Buddy page data exposes reward chance but not reward quantity; candidate export defaults quantity to 1 for review.,https://buddy.farm/i/runestone-03/,https://buddy.farm/page-data/i/runestone-03/page-data.json,runestone-03__runestone-03.json,buddy-item-multi-source-v1,reward_quantity_defaulted
Runestone 03,runestone 03,Moonstone,moonstone,0.3333333333333333,1,thrown_to_reward,Candidate from cached Buddy page-data; review before canonical promotion. Buddy page data exposes reward chance but not reward quantity; candidate export defaults quantity to 1 for review.,https://buddy.farm/i/runestone-03/,https://buddy.farm/page-data/i/runestone-03/page-data.json,runestone-03__runestone-03.json,buddy-item-multi-source-v1,reward_quantity_defaulted
Runestone 04,runestone 04,Gold Leaf,gold leaf,0.3333333333333333,1,thrown_to_reward,Candidate from cached Buddy page-data; review before canonical promotion. Buddy page data exposes reward chance but not reward quantity; candidate export defaults quantity to 1 for review.,https://buddy.farm/i/runestone-04/,https://buddy.farm/page-data/i/runestone-04/page-data.json,runestone-04__runestone-04.json,buddy-item-multi-source-v1,reward_quantity_defaulted
Runestone 04,runestone 04,Gold Feather,gold feather,0.3333333333333333,1,thrown_to_reward,Candidate from cached Buddy page-data; review before canonical promotion. Buddy page data exposes reward chance but not reward quantity; candidate export defaults quantity to 1 for review.,https://buddy.farm/i/runestone-04/,https://buddy.farm/page-data/i/runestone-04/page-data.json,runestone-04__runestone-04.json,buddy-item-multi-source-v1,reward_quantity_defaulted
Runestone 04,runestone 04,Runestone 03,runestone 03,0.3333333333333333,1,thrown_to_reward,Candidate from cached Buddy page-data; review before canonical promotion. Buddy page data exposes reward chance but not reward quantity; candidate export defaults quantity to 1 for review.,https://buddy.farm/i/runestone-04/,https://buddy.farm/page-data/i/runestone-04/page-data.json,runestone-04__runestone-04.json,buddy-item-multi-source-v1,reward_quantity_defaulted
Runestone 05,runestone 05,Magna Quartz,magna quartz,0.25,1,thrown_to_reward,Candidate from cached Buddy page-data; review before canonical promotion. Buddy page data exposes reward chance but not reward quantity; candidate export defaults quantity to 1 for review.,https://buddy.farm/i/runestone-05/,https://buddy.farm/page-data/i/runestone-05/page-data.json,runestone-05__runestone-05.json,buddy-item-multi-source-v1,reward_quantity_defaulted
Runestone 05,runestone 05,Magicite,magicite,0.25,1,thrown_to_reward,Candidate from cached Buddy page-data; review before canonical promotion. Buddy page data exposes reward chance but not reward quantity; candidate export defaults quantity to 1 for review.,https://buddy.farm/i/runestone-05/,https://buddy.farm/page-data/i/runestone-05/page-data.json,runestone-05__runestone-05.json,buddy-item-multi-source-v1,reward_quantity_defaulted
Runestone 05,runestone 05,Runestone 06,runestone 06,0.25,1,thrown_to_reward,Candidate from cached Buddy page-data; review before canonical promotion. Buddy page data exposes reward chance but not reward quantity; candidate export defaults quantity to 1 for review.,https://buddy.farm/i/runestone-05/,https://buddy.farm/page-data/i/runestone-05/page-data.json,runestone-05__runestone-05.json,buddy-item-multi-source-v1,reward_quantity_defaulted
Runestone 05,runestone 05,Runestone 04,runestone 04,0.25,1,thrown_to_reward,Candidate from cached Buddy page-data; review before canonical promotion. Buddy page data exposes reward chance but not reward quantity; candidate export defaults quantity to 1 for review.,https://buddy.farm/i/runestone-05/,https://buddy.farm/page-data/i/runestone-05/page-data.json,runestone-05__runestone-05.json,buddy-item-multi-source-v1,reward_quantity_defaulted
Runestone 06,runestone 06,Gold Leaf,gold leaf,0.25,1,thrown_to_reward,Candidate from cached Buddy page-data; review before canonical promotion. Buddy page data exposes reward chance but not reward quantity; candidate export defaults quantity to 1 for review.,https://buddy.farm/i/runestone-06/,https://buddy.farm/page-data/i/runestone-06/page-data.json,runestone-06__runestone-06.json,buddy-item-multi-source-v1,reward_quantity_defaulted
Runestone 06,runestone 06,Runestone 07,runestone 07,0.25,1,thrown_to_reward,Candidate from cached Buddy page-data; review before canonical promotion. Buddy page data exposes reward chance but not reward quantity; candidate export defaults quantity to 1 for review.,https://buddy.farm/i/runestone-06/,https://buddy.farm/page-data/i/runestone-06/page-data.json,runestone-06__runestone-06.json,buddy-item-multi-source-v1,reward_quantity_defaulted
Runestone 06,runestone 06,Runestone 10,runestone 10,0.25,1,thrown_to_reward,Candidate from cached Buddy page-data; review before canonical promotion. Buddy page data exposes reward chance but not reward quantity; candidate export defaults quantity to 1 for review.,https://buddy.farm/i/runestone-06/,https://buddy.farm/page-data/i/runestone-06/page-data.json,runestone-06__runestone-06.json,buddy-item-multi-source-v1,reward_quantity_defaulted
Runestone 06,runestone 06,Gold Feather,gold feather,0.25,1,thrown_to_reward,Candidate from cached Buddy page-data; review before canonical promotion. Buddy page data exposes reward chance but not reward quantity; candidate export defaults quantity to 1 for review.,https://buddy.farm/i/runestone-06/,https://buddy.farm/page-data/i/runestone-06/page-data.json,runestone-06__runestone-06.json,buddy-item-multi-source-v1,reward_quantity_defaulted
Runestone 07,runestone 07,Gold Leaf,gold leaf,0.3333333333333333,1,thrown_to_reward,Candidate from cached Buddy page-data; review before canonical promotion. Buddy page data exposes reward chance but not reward quantity; candidate export defaults quantity to 1 for review.,https://buddy.farm/i/runestone-07/,https://buddy.farm/page-data/i/runestone-07/page-data.json,runestone-07__runestone-07.json,buddy-item-multi-source-v1,reward_quantity_defaulted
Runestone 07,runestone 07,Runestone 08,runestone 08,0.3333333333333333,1,thrown_to_reward,Candidate from cached Buddy page-data; review before canonical promotion. Buddy page data exposes reward chance but not reward quantity; candidate export defaults quantity to 1 for review.,https://buddy.farm/i/runestone-07/,https://buddy.farm/page-data/i/runestone-07/page-data.json,runestone-07__runestone-07.json,buddy-item-multi-source-v1,reward_quantity_defaulted
Runestone 07,runestone 07,Runestone 10,runestone 10,0.3333333333333333,1,thrown_to_reward,Candidate from cached Buddy page-data; review before canonical promotion. Buddy page data exposes reward chance but not reward quantity; candidate export defaults quantity to 1 for review.,https://buddy.farm/i/runestone-07/,https://buddy.farm/page-data/i/runestone-07/page-data.json,runestone-07__runestone-07.json,buddy-item-multi-source-v1,reward_quantity_defaulted
Runestone 08,runestone 08,Gold Feather,gold feather,0.3333333333333333,1,thrown_to_reward,Candidate from cached Buddy page-data; review before canonical promotion. Buddy page data exposes reward chance but not reward quantity; candidate export defaults quantity to 1 for review.,https://buddy.farm/i/runestone-08/,https://buddy.farm/page-data/i/runestone-08/page-data.json,runestone-08__runestone-08.json,buddy-item-multi-source-v1,reward_quantity_defaulted
Runestone 08,runestone 08,Runestone 09,runestone 09,0.3333333333333333,1,thrown_to_reward,Candidate from cached Buddy page-data; review before canonical promotion. Buddy page data exposes reward chance but not reward quantity; candidate export defaults quantity to 1 for review.,https://buddy.farm/i/runestone-08/,https://buddy.farm/page-data/i/runestone-08/page-data.json,runestone-08__runestone-08.json,buddy-item-multi-source-v1,reward_quantity_defaulted
Runestone 08,runestone 08,Runestone 10,runestone 10,0.3333333333333333,1,thrown_to_reward,Candidate from cached Buddy page-data; review before canonical promotion. Buddy page data exposes reward chance but not reward quantity; candidate export defaults quantity to 1 for review.,https://buddy.farm/i/runestone-08/,https://buddy.farm/page-data/i/runestone-08/page-data.json,runestone-08__runestone-08.json,buddy-item-multi-source-v1,reward_quantity_defaulted
Runestone 09,runestone 09,Runestone 08,runestone 08,0.3333333333333333,1,thrown_to_reward,Candidate from cached Buddy page-data; review before canonical promotion. Buddy page data exposes reward chance but not reward quantity; candidate export defaults quantity to 1 for review.,https://buddy.farm/i/runestone-09/,https://buddy.farm/page-data/i/runestone-09/page-data.json,runestone-09__runestone-09.json,buddy-item-multi-source-v1,reward_quantity_defaulted
Runestone 09,runestone 09,Runestone 10,runestone 10,0.3333333333333333,1,thrown_to_reward,Candidate from cached Buddy page-data; review before canonical promotion. Buddy page data exposes reward chance but not reward quantity; candidate export defaults quantity to 1 for review.,https://buddy.farm/i/runestone-09/,https://buddy.farm/page-data/i/runestone-09/page-data.json,runestone-09__runestone-09.json,buddy-item-multi-source-v1,reward_quantity_defaulted
Runestone 09,runestone 09,Gold Feather,gold feather,0.3333333333333333,1,thrown_to_reward,Candidate from cached Buddy page-data; review before canonical promotion. Buddy page data exposes reward chance but not reward quantity; candidate export defaults quantity to 1 for review.,https://buddy.farm/i/runestone-09/,https://buddy.farm/page-data/i/runestone-09/page-data.json,runestone-09__runestone-09.json,buddy-item-multi-source-v1,reward_quantity_defaulted
Runestone 10,runestone 10,Runestone 06,runestone 06,0.3333333333333333,1,thrown_to_reward,Candidate from cached Buddy page-data; review before canonical promotion. Buddy page data exposes reward chance but not reward quantity; candidate export defaults quantity to 1 for review.,https://buddy.farm/i/runestone-10/,https://buddy.farm/page-data/i/runestone-10/page-data.json,runestone-10__runestone-10.json,buddy-item-multi-source-v1,reward_quantity_defaulted
Runestone 10,runestone 10,Runestone 08,runestone 08,0.3333333333333333,1,thrown_to_reward,Candidate from cached Buddy page-data; review before canonical promotion. Buddy page data exposes reward chance but not reward quantity; candidate export defaults quantity to 1 for review.,https://buddy.farm/i/runestone-10/,https://buddy.farm/page-data/i/runestone-10/page-data.json,runestone-10__runestone-10.json,buddy-item-multi-source-v1,reward_quantity_defaulted
Runestone 10,runestone 10,Runestone 09,runestone 09,0.3333333333333333,1,thrown_to_reward,Candidate from cached Buddy page-data; review before canonical promotion. Buddy page data exposes reward chance but not reward quantity; candidate export defaults quantity to 1 for review.,https://buddy.farm/i/runestone-10/,https://buddy.farm/page-data/i/runestone-10/page-data.json,runestone-10__runestone-10.json,buddy-item-multi-source-v1,reward_quantity_defaulted
Salt,salt,Spiked Shell,spiked shell,0.5,1,thrown_to_reward,Candidate from cached Buddy page-data; review before canonical promotion. Buddy page data exposes reward chance but not reward quantity; candidate export defaults quantity to 1 for review.,https://buddy.farm/i/salt/,https://buddy.farm/page-data/i/salt/page-data.json,salt__salt.json,buddy-item-multi-source-v1,reward_quantity_defaulted
Salt,salt,Broccoli,broccoli,0.5,1,thrown_to_reward,Candidate from cached Buddy page-data; review before canonical promotion. Buddy page data exposes reward chance but not reward quantity; candidate export defaults quantity to 1 for review.,https://buddy.farm/i/salt/,https://buddy.farm/page-data/i/salt/page-data.json,salt__salt.json,buddy-item-multi-source-v1,reward_quantity_defaulted
Sea Dragon,sea dragon,Orange Gecko,orange gecko,0.3333333333333333,1,thrown_to_reward,Candidate from cached Buddy page-data; review before canonical promotion. Buddy page data exposes reward chance but not reward quantity; candidate export defaults quantity to 1 for review.,https://buddy.farm/i/sea-dragon/,https://buddy.farm/page-data/i/sea-dragon/page-data.json,sea-dragon__sea-dragon.json,buddy-item-multi-source-v1,reward_quantity_defaulted
Sea Dragon,sea dragon,Frog,frog,0.3333333333333333,1,thrown_to_reward,Candidate from cached Buddy page-data; review before canonical promotion. Buddy page data exposes reward chance but not reward quantity; candidate export defaults quantity to 1 for review.,https://buddy.farm/i/sea-dragon/,https://buddy.farm/page-data/i/sea-dragon/page-data.json,sea-dragon__sea-dragon.json,buddy-item-multi-source-v1,reward_quantity_defaulted
Sea Dragon,sea dragon,Fancy Drum,fancy drum,0.3333333333333333,1,thrown_to_reward,Candidate from cached Buddy page-data; review before canonical promotion. Buddy page data exposes reward chance but not reward quantity; candidate export defaults quantity to 1 for review.,https://buddy.farm/i/sea-dragon/,https://buddy.farm/page-data/i/sea-dragon/page-data.json,sea-dragon__sea-dragon.json,buddy-item-multi-source-v1,reward_quantity_defaulted
Shark Tooth,shark tooth,Bacon,bacon,0.3333333333333333,1,thrown_to_reward,Candidate from cached Buddy page-data; review before canonical promotion. Buddy page data exposes reward chance but not reward quantity; candidate export defaults quantity to 1 for review.,https://buddy.farm/i/shark-tooth/,https://buddy.farm/page-data/i/shark-tooth/page-data.json,shark-tooth__shark-tooth.json,buddy-item-multi-source-v1,reward_quantity_defaulted
Shark Tooth,shark tooth,Moonstone,moonstone,0.3333333333333333,1,thrown_to_reward,Candidate from cached Buddy page-data; review before canonical promotion. Buddy page data exposes reward chance but not reward quantity; candidate export defaults quantity to 1 for review.,https://buddy.farm/i/shark-tooth/,https://buddy.farm/page-data/i/shark-tooth/page-data.json,shark-tooth__shark-tooth.json,buddy-item-multi-source-v1,reward_quantity_defaulted
Shark Tooth,shark tooth,4-leaf Clover,4 leaf clover,0.3333333333333333,1,thrown_to_reward,Candidate from cached Buddy page-data; review before canonical promotion. Buddy page data exposes reward chance but not reward quantity; candidate export defaults quantity to 1 for review.,https://buddy.farm/i/shark-tooth/,https://buddy.farm/page-data/i/shark-tooth/page-data.json,shark-tooth__shark-tooth.json,buddy-item-multi-source-v1,reward_quantity_defaulted
Shiny Beetle,shiny beetle,Horned Beetle,horned beetle,0.25,1,thrown_to_reward,Candidate from cached Buddy page-data; review before canonical promotion. Buddy page data exposes reward chance but not reward quantity; candidate export defaults quantity to 1 for review.,https://buddy.farm/i/shiny-beetle/,https://buddy.farm/page-data/i/shiny-beetle/page-data.json,shiny-beetle__shiny-beetle.json,buddy-item-multi-source-v1,reward_quantity_defaulted
Shiny Beetle,shiny beetle,Runestone 05,runestone 05,0.25,1,thrown_to_reward,Candidate from cached Buddy page-data; review before canonical promotion. Buddy page data exposes reward chance but not reward quantity; candidate export defaults quantity to 1 for review.,https://buddy.farm/i/shiny-beetle/,https://buddy.farm/page-data/i/shiny-beetle/page-data.json,shiny-beetle__shiny-beetle.json,buddy-item-multi-source-v1,reward_quantity_defaulted
Shiny Beetle,shiny beetle,Caterpillar,caterpillar,0.25,1,thrown_to_reward,Candidate from cached Buddy page-data; review before canonical promotion. Buddy page data exposes reward chance but not reward quantity; candidate export defaults quantity to 1 for review.,https://buddy.farm/i/shiny-beetle/,https://buddy.farm/page-data/i/shiny-beetle/page-data.json,shiny-beetle__shiny-beetle.json,buddy-item-multi-source-v1,reward_quantity_defaulted
Shiny Beetle,shiny beetle,Snail,snail,0.25,1,thrown_to_reward,Candidate from cached Buddy page-data; review before canonical promotion. Buddy page data exposes reward chance but not reward quantity; candidate export defaults quantity to 1 for review.,https://buddy.farm/i/shiny-beetle/,https://buddy.farm/page-data/i/shiny-beetle/page-data.json,shiny-beetle__shiny-beetle.json,buddy-item-multi-source-v1,reward_quantity_defaulted
Small Flute,small flute,Carved Warthog,carved warthog,0.2,1,thrown_to_reward,Candidate from cached Buddy page-data; review before canonical promotion. Buddy page data exposes reward chance but not reward quantity; candidate export defaults quantity to 1 for review.,https://buddy.farm/i/small-flute/,https://buddy.farm/page-data/i/small-flute/page-data.json,small-flute__small-flute.json,buddy-item-multi-source-v1,reward_quantity_defaulted
Small Flute,small flute,Small Screw,small screw,0.2,1,thrown_to_reward,Candidate from cached Buddy page-data; review before canonical promotion. Buddy page data exposes reward chance but not reward quantity; candidate export defaults quantity to 1 for review.,https://buddy.farm/i/small-flute/,https://buddy.farm/page-data/i/small-flute/page-data.json,small-flute__small-flute.json,buddy-item-multi-source-v1,reward_quantity_defaulted
Small Flute,small flute,Strange Letter,strange letter,0.2,1,thrown_to_reward,Candidate from cached Buddy page-data; review before canonical promotion. Buddy page data exposes reward chance but not reward quantity; candidate export defaults quantity to 1 for review.,https://buddy.farm/i/small-flute/,https://buddy.farm/page-data/i/small-flute/page-data.json,small-flute__small-flute.json,buddy-item-multi-source-v1,reward_quantity_defaulted
Small Flute,small flute,Captains Log,captains log,0.2,1,thrown_to_reward,Candidate from cached Buddy page-data; review before canonical promotion. Buddy page data exposes reward chance but not reward quantity; candidate export defaults quantity to 1 for review.,https://buddy.farm/i/small-flute/,https://buddy.farm/page-data/i/small-flute/page-data.json,small-flute__small-flute.json,buddy-item-multi-source-v1,reward_quantity_defaulted
Small Flute,small flute,Dice,dice,0.2,1,thrown_to_reward,Candidate from cached Buddy page-data; review before canonical promotion. Buddy page data exposes reward chance but not reward quantity; candidate export defaults quantity to 1 for review.,https://buddy.farm/i/small-flute/,https://buddy.farm/page-data/i/small-flute/page-data.json,small-flute__small-flute.json,buddy-item-multi-source-v1,reward_quantity_defaulted
Small Gear,small gear,Gouda,gouda,0.3333333333333333,1,thrown_to_reward,Candidate from cached Buddy page-data; review before canonical promotion. Buddy page data exposes reward chance but not reward quantity; candidate export defaults quantity to 1 for review.,https://buddy.farm/i/small-gear/,https://buddy.farm/page-data/i/small-gear/page-data.json,small-gear__small-gear.json,buddy-item-multi-source-v1,reward_quantity_defaulted
Small Gear,small gear,Fancy Box,fancy box,0.3333333333333333,1,thrown_to_reward,Candidate from cached Buddy page-data; review before canonical promotion. Buddy page data exposes reward chance but not reward quantity; candidate export defaults quantity to 1 for review.,https://buddy.farm/i/small-gear/,https://buddy.farm/page-data/i/small-gear/page-data.json,small-gear__small-gear.json,buddy-item-multi-source-v1,reward_quantity_defaulted
Small Gear,small gear,Wax Candle,wax candle,0.3333333333333333,1,thrown_to_reward,Candidate from cached Buddy page-data; review before canonical promotion. Buddy page data exposes reward chance but not reward quantity; candidate export defaults quantity to 1 for review.,https://buddy.farm/i/small-gear/,https://buddy.farm/page-data/i/small-gear/page-data.json,small-gear__small-gear.json,buddy-item-multi-source-v1,reward_quantity_defaulted
Small Spring,small spring,Small Screw,small screw,0.25,1,thrown_to_reward,Candidate from cached Buddy page-data; review before canonical promotion. Buddy page data exposes reward chance but not reward quantity; candidate export defaults quantity to 1 for review.,https://buddy.farm/i/small-spring/,https://buddy.farm/page-data/i/small-spring/page-data.json,small-spring__small-spring.json,buddy-item-multi-source-v1,reward_quantity_defaulted
Small Spring,small spring,Spectacles,spectacles,0.25,1,thrown_to_reward,Candidate from cached Buddy page-data; review before canonical promotion. Buddy page data exposes reward chance but not reward quantity; candidate export defaults quantity to 1 for review.,https://buddy.farm/i/small-spring/,https://buddy.farm/page-data/i/small-spring/page-data.json,small-spring__small-spring.json,buddy-item-multi-source-v1,reward_quantity_defaulted
Small Spring,small spring,Strange Letter,strange letter,0.25,1,thrown_to_reward,Candidate from cached Buddy page-data; review before canonical promotion. Buddy page data exposes reward chance but not reward quantity; candidate export defaults quantity to 1 for review.,https://buddy.farm/i/small-spring/,https://buddy.farm/page-data/i/small-spring/page-data.json,small-spring__small-spring.json,buddy-item-multi-source-v1,reward_quantity_defaulted
Small Spring,small spring,Wooden Pipe,wooden pipe,0.25,1,thrown_to_reward,Candidate from cached Buddy page-data; review before canonical promotion. Buddy page data exposes reward chance but not reward quantity; candidate export defaults quantity to 1 for review.,https://buddy.farm/i/small-spring/,https://buddy.farm/page-data/i/small-spring/page-data.json,small-spring__small-spring.json,buddy-item-multi-source-v1,reward_quantity_defaulted
Snail,snail,Shiny Beetle,shiny beetle,0.25,1,thrown_to_reward,Candidate from cached Buddy page-data; review before canonical promotion. Buddy page data exposes reward chance but not reward quantity; candidate export defaults quantity to 1 for review.,https://buddy.farm/i/snail/,https://buddy.farm/page-data/i/snail/page-data.json,snail__snail.json,buddy-item-multi-source-v1,reward_quantity_defaulted
Snail,snail,Runestone 10,runestone 10,0.25,1,thrown_to_reward,Candidate from cached Buddy page-data; review before canonical promotion. Buddy page data exposes reward chance but not reward quantity; candidate export defaults quantity to 1 for review.,https://buddy.farm/i/snail/,https://buddy.farm/page-data/i/snail/page-data.json,snail__snail.json,buddy-item-multi-source-v1,reward_quantity_defaulted
Snail,snail,Caterpillar,caterpillar,0.25,1,thrown_to_reward,Candidate from cached Buddy page-data; review before canonical promotion. Buddy page data exposes reward chance but not reward quantity; candidate export defaults quantity to 1 for review.,https://buddy.farm/i/snail/,https://buddy.farm/page-data/i/snail/page-data.json,snail__snail.json,buddy-item-multi-source-v1,reward_quantity_defaulted
Snail,snail,Horned Beetle,horned beetle,0.25,1,thrown_to_reward,Candidate from cached Buddy page-data; review before canonical promotion. Buddy page data exposes reward chance but not reward quantity; candidate export defaults quantity to 1 for review.,https://buddy.farm/i/snail/,https://buddy.farm/page-data/i/snail/page-data.json,snail__snail.json,buddy-item-multi-source-v1,reward_quantity_defaulted
Spectacles,spectacles,Carved Squirrel,carved squirrel,0.2,1,thrown_to_reward,Candidate from cached Buddy page-data; review before canonical promotion. Buddy page data exposes reward chance but not reward quantity; candidate export defaults quantity to 1 for review.,https://buddy.farm/i/spectacles/,https://buddy.farm/page-data/i/spectacles/page-data.json,spectacles__spectacles.json,buddy-item-multi-source-v1,reward_quantity_defaulted
Spectacles,spectacles,Dice,dice,0.2,1,thrown_to_reward,Candidate from cached Buddy page-data; review before canonical promotion. Buddy page data exposes reward chance but not reward quantity; candidate export defaults quantity to 1 for review.,https://buddy.farm/i/spectacles/,https://buddy.farm/page-data/i/spectacles/page-data.json,spectacles__spectacles.json,buddy-item-multi-source-v1,reward_quantity_defaulted
Spectacles,spectacles,Small Screw,small screw,0.2,1,thrown_to_reward,Candidate from cached Buddy page-data; review before canonical promotion. Buddy page data exposes reward chance but not reward quantity; candidate export defaults quantity to 1 for review.,https://buddy.farm/i/spectacles/,https://buddy.farm/page-data/i/spectacles/page-data.json,spectacles__spectacles.json,buddy-item-multi-source-v1,reward_quantity_defaulted
Spectacles,spectacles,Wooden Pipe,wooden pipe,0.2,1,thrown_to_reward,Candidate from cached Buddy page-data; review before canonical promotion. Buddy page data exposes reward chance but not reward quantity; candidate export defaults quantity to 1 for review.,https://buddy.farm/i/spectacles/,https://buddy.farm/page-data/i/spectacles/page-data.json,spectacles__spectacles.json,buddy-item-multi-source-v1,reward_quantity_defaulted
Spectacles,spectacles,Pirate Bandana,pirate bandana,0.2,1,thrown_to_reward,Candidate from cached Buddy page-data; review before canonical promotion. Buddy page data exposes reward chance but not reward quantity; candidate export defaults quantity to 1 for review.,https://buddy.farm/i/spectacles/,https://buddy.farm/page-data/i/spectacles/page-data.json,spectacles__spectacles.json,buddy-item-multi-source-v1,reward_quantity_defaulted
Spoon,spoon,Canoe,canoe,0.3333333333333333,1,thrown_to_reward,Candidate from cached Buddy page-data; review before canonical promotion. Buddy page data exposes reward chance but not reward quantity; candidate export defaults quantity to 1 for review.,https://buddy.farm/i/spoon/,https://buddy.farm/page-data/i/spoon/page-data.json,spoon__spoon.json,buddy-item-multi-source-v1,reward_quantity_defaulted
Spoon,spoon,Wrench,wrench,0.3333333333333333,1,thrown_to_reward,Candidate from cached Buddy page-data; review before canonical promotion. Buddy page data exposes reward chance but not reward quantity; candidate export defaults quantity to 1 for review.,https://buddy.farm/i/spoon/,https://buddy.farm/page-data/i/spoon/page-data.json,spoon__spoon.json,buddy-item-multi-source-v1,reward_quantity_defaulted
Spoon,spoon,Onyx Scorpion,onyx scorpion,0.3333333333333333,1,thrown_to_reward,Candidate from cached Buddy page-data; review before canonical promotion. Buddy page data exposes reward chance but not reward quantity; candidate export defaults quantity to 1 for review.,https://buddy.farm/i/spoon/,https://buddy.farm/page-data/i/spoon/page-data.json,spoon__spoon.json,buddy-item-multi-source-v1,reward_quantity_defaulted
Steel Plate,steel plate,Blue Purse,blue purse,0.3333333333333333,1,thrown_to_reward,Candidate from cached Buddy page-data; review before canonical promotion. Buddy page data exposes reward chance but not reward quantity; candidate export defaults quantity to 1 for review.,https://buddy.farm/i/steel-plate/,https://buddy.farm/page-data/i/steel-plate/page-data.json,steel-plate__steel-plate.json,buddy-item-multi-source-v1,reward_quantity_defaulted
Steel Plate,steel plate,Monster Skull,monster skull,0.3333333333333333,1,thrown_to_reward,Candidate from cached Buddy page-data; review before canonical promotion. Buddy page data exposes reward chance but not reward quantity; candidate export defaults quantity to 1 for review.,https://buddy.farm/i/steel-plate/,https://buddy.farm/page-data/i/steel-plate/page-data.json,steel-plate__steel-plate.json,buddy-item-multi-source-v1,reward_quantity_defaulted
Steel Plate,steel plate,Wrench,wrench,0.3333333333333333,1,thrown_to_reward,Candidate from cached Buddy page-data; review before canonical promotion. Buddy page data exposes reward chance but not reward quantity; candidate export defaults quantity to 1 for review.,https://buddy.farm/i/steel-plate/,https://buddy.farm/page-data/i/steel-plate/page-data.json,steel-plate__steel-plate.json,buddy-item-multi-source-v1,reward_quantity_defaulted
Strange Letter,strange letter,Small Screw,small screw,0.25,1,thrown_to_reward,Candidate from cached Buddy page-data; review before canonical promotion. Buddy page data exposes reward chance but not reward quantity; candidate export defaults quantity to 1 for review.,https://buddy.farm/i/strange-letter/,https://buddy.farm/page-data/i/strange-letter/page-data.json,strange-letter__strange-letter.json,buddy-item-multi-source-v1,reward_quantity_defaulted
Strange Letter,strange letter,Spectacles,spectacles,0.25,1,thrown_to_reward,Candidate from cached Buddy page-data; review before canonical promotion. Buddy page data exposes reward chance but not reward quantity; candidate export defaults quantity to 1 for review.,https://buddy.farm/i/strange-letter/,https://buddy.farm/page-data/i/strange-letter/page-data.json,strange-letter__strange-letter.json,buddy-item-multi-source-v1,reward_quantity_defaulted
Strange Letter,strange letter,Dice,dice,0.25,1,thrown_to_reward,Candidate from cached Buddy page-data; review before canonical promotion. Buddy page data exposes reward chance but not reward quantity; candidate export defaults quantity to 1 for review.,https://buddy.farm/i/strange-letter/,https://buddy.farm/page-data/i/strange-letter/page-data.json,strange-letter__strange-letter.json,buddy-item-multi-source-v1,reward_quantity_defaulted
Strange Letter,strange letter,Freaky Picture,freaky picture,0.25,1,thrown_to_reward,Candidate from cached Buddy page-data; review before canonical promotion. Buddy page data exposes reward chance but not reward quantity; candidate export defaults quantity to 1 for review.,https://buddy.farm/i/strange-letter/,https://buddy.farm/page-data/i/strange-letter/page-data.json,strange-letter__strange-letter.json,buddy-item-multi-source-v1,reward_quantity_defaulted
Sturdy Bow,sturdy bow,Fancy Drum,fancy drum,0.3333333333333333,1,thrown_to_reward,Candidate from cached Buddy page-data; review before canonical promotion. Buddy page data exposes reward chance but not reward quantity; candidate export defaults quantity to 1 for review.,https://buddy.farm/i/sturdy-bow/,https://buddy.farm/page-data/i/sturdy-bow/page-data.json,sturdy-bow__sturdy-bow.json,buddy-item-multi-source-v1,reward_quantity_defaulted
Sturdy Bow,sturdy bow,Fancy Guitar,fancy guitar,0.3333333333333333,1,thrown_to_reward,Candidate from cached Buddy page-data; review before canonical promotion. Buddy page data exposes reward chance but not reward quantity; candidate export defaults quantity to 1 for review.,https://buddy.farm/i/sturdy-bow/,https://buddy.farm/page-data/i/sturdy-bow/page-data.json,sturdy-bow__sturdy-bow.json,buddy-item-multi-source-v1,reward_quantity_defaulted
Sturdy Bow,sturdy bow,Machine Press,machine press,0.3333333333333333,1,thrown_to_reward,Candidate from cached Buddy page-data; review before canonical promotion. Buddy page data exposes reward chance but not reward quantity; candidate export defaults quantity to 1 for review.,https://buddy.farm/i/sturdy-bow/,https://buddy.farm/page-data/i/sturdy-bow/page-data.json,sturdy-bow__sturdy-bow.json,buddy-item-multi-source-v1,reward_quantity_defaulted
Taffy,taffy,Ancient Coin,ancient coin,0.3333333333333333,1,thrown_to_reward,Candidate from cached Buddy page-data; review before canonical promotion. Buddy page data exposes reward chance but not reward quantity; candidate export defaults quantity to 1 for review.,https://buddy.farm/i/taffy/,https://buddy.farm/page-data/i/taffy/page-data.json,taffy__taffy.json,buddy-item-multi-source-v1,reward_quantity_defaulted
Taffy,taffy,Lollipop,lollipop,0.3333333333333333,1,thrown_to_reward,Candidate from cached Buddy page-data; review before canonical promotion. Buddy page data exposes reward chance but not reward quantity; candidate export defaults quantity to 1 for review.,https://buddy.farm/i/taffy/,https://buddy.farm/page-data/i/taffy/page-data.json,taffy__taffy.json,buddy-item-multi-source-v1,reward_quantity_defaulted
Taffy,taffy,Candy,candy,0.3333333333333333,1,thrown_to_reward,Candidate from cached Buddy page-data; review before canonical promotion. Buddy page data exposes reward chance but not reward quantity; candidate export defaults quantity to 1 for review.,https://buddy.farm/i/taffy/,https://buddy.farm/page-data/i/taffy/page-data.json,taffy__taffy.json,buddy-item-multi-source-v1,reward_quantity_defaulted
Teapot,teapot,Captains Log,captains log,0.14285714285714285,1,thrown_to_reward,Candidate from cached Buddy page-data; review before canonical promotion. Buddy page data exposes reward chance but not reward quantity; candidate export defaults quantity to 1 for review.,https://buddy.farm/i/teapot/,https://buddy.farm/page-data/i/teapot/page-data.json,teapot__teapot.json,buddy-item-multi-source-v1,reward_quantity_defaulted
Teapot,teapot,Carved Rhino,carved rhino,0.14285714285714285,1,thrown_to_reward,Candidate from cached Buddy page-data; review before canonical promotion. Buddy page data exposes reward chance but not reward quantity; candidate export defaults quantity to 1 for review.,https://buddy.farm/i/teapot/,https://buddy.farm/page-data/i/teapot/page-data.json,teapot__teapot.json,buddy-item-multi-source-v1,reward_quantity_defaulted
Teapot,teapot,Carved Warthog,carved warthog,0.14285714285714285,1,thrown_to_reward,Candidate from cached Buddy page-data; review before canonical promotion. Buddy page data exposes reward chance but not reward quantity; candidate export defaults quantity to 1 for review.,https://buddy.farm/i/teapot/,https://buddy.farm/page-data/i/teapot/page-data.json,teapot__teapot.json,buddy-item-multi-source-v1,reward_quantity_defaulted
Teapot,teapot,Freaky Picture,freaky picture,0.14285714285714285,1,thrown_to_reward,Candidate from cached Buddy page-data; review before canonical promotion. Buddy page data exposes reward chance but not reward quantity; candidate export defaults quantity to 1 for review.,https://buddy.farm/i/teapot/,https://buddy.farm/page-data/i/teapot/page-data.json,teapot__teapot.json,buddy-item-multi-source-v1,reward_quantity_defaulted
Teapot,teapot,Pirate Flag,pirate flag,0.14285714285714285,1,thrown_to_reward,Candidate from cached Buddy page-data; review before canonical promotion. Buddy page data exposes reward chance but not reward quantity; candidate export defaults quantity to 1 for review.,https://buddy.farm/i/teapot/,https://buddy.farm/page-data/i/teapot/page-data.json,teapot__teapot.json,buddy-item-multi-source-v1,reward_quantity_defaulted
Teapot,teapot,Carved Owl,carved owl,0.14285714285714285,1,thrown_to_reward,Candidate from cached Buddy page-data; review before canonical promotion. Buddy page data exposes reward chance but not reward quantity; candidate export defaults quantity to 1 for review.,https://buddy.farm/i/teapot/,https://buddy.farm/page-data/i/teapot/page-data.json,teapot__teapot.json,buddy-item-multi-source-v1,reward_quantity_defaulted
Teapot,teapot,Runestone 02,runestone 02,0.14285714285714285,1,thrown_to_reward,Candidate from cached Buddy page-data; review before canonical promotion. Buddy page data exposes reward chance but not reward quantity; candidate export defaults quantity to 1 for review.,https://buddy.farm/i/teapot/,https://buddy.farm/page-data/i/teapot/page-data.json,teapot__teapot.json,buddy-item-multi-source-v1,reward_quantity_defaulted
Treat Bag 02,treat bag 02,Egyptian Necklace,egyptian necklace,0.3333333333333333,1,thrown_to_reward,Candidate from cached Buddy page-data; review before canonical promotion. Buddy page data exposes reward chance but not reward quantity; candidate export defaults quantity to 1 for review.,https://buddy.farm/i/treat-bag-02/,https://buddy.farm/page-data/i/treat-bag-02/page-data.json,treat-bag-02__treat-bag-02.json,buddy-item-multi-source-v1,reward_quantity_defaulted
Treat Bag 02,treat bag 02,Square Key,square key,0.3333333333333333,1,thrown_to_reward,Candidate from cached Buddy page-data; review before canonical promotion. Buddy page data exposes reward chance but not reward quantity; candidate export defaults quantity to 1 for review.,https://buddy.farm/i/treat-bag-02/,https://buddy.farm/page-data/i/treat-bag-02/page-data.json,treat-bag-02__treat-bag-02.json,buddy-item-multi-source-v1,reward_quantity_defaulted
Treat Bag 02,treat bag 02,Taffy,taffy,0.3333333333333333,1,thrown_to_reward,Candidate from cached Buddy page-data; review before canonical promotion. Buddy page data exposes reward chance but not reward quantity; candidate export defaults quantity to 1 for review.,https://buddy.farm/i/treat-bag-02/,https://buddy.farm/page-data/i/treat-bag-02/page-data.json,treat-bag-02__treat-bag-02.json,buddy-item-multi-source-v1,reward_quantity_defaulted
Treat Bag 03,treat bag 03,Candy Corn,candy corn,0.3333333333333333,1,thrown_to_reward,Candidate from cached Buddy page-data; review before canonical promotion. Buddy page data exposes reward chance but not reward quantity; candidate export defaults quantity to 1 for review.,https://buddy.farm/i/treat-bag-03/,https://buddy.farm/page-data/i/treat-bag-03/page-data.json,treat-bag-03__treat-bag-03.json,buddy-item-multi-source-v1,reward_quantity_defaulted
Treat Bag 03,treat bag 03,Moonstone,moonstone,0.3333333333333333,1,thrown_to_reward,Candidate from cached Buddy page-data; review before canonical promotion. Buddy page data exposes reward chance but not reward quantity; candidate export defaults quantity to 1 for review.,https://buddy.farm/i/treat-bag-03/,https://buddy.farm/page-data/i/treat-bag-03/page-data.json,treat-bag-03__treat-bag-03.json,buddy-item-multi-source-v1,reward_quantity_defaulted
Treat Bag 03,treat bag 03,Jack-o-lantern,jack o lantern,0.3333333333333333,1,thrown_to_reward,Candidate from cached Buddy page-data; review before canonical promotion. Buddy page data exposes reward chance but not reward quantity; candidate export defaults quantity to 1 for review.,https://buddy.farm/i/treat-bag-03/,https://buddy.farm/page-data/i/treat-bag-03/page-data.json,treat-bag-03__treat-bag-03.json,buddy-item-multi-source-v1,reward_quantity_defaulted
Water Lily,water lily,Mushroom Paste,mushroom paste,0.3333333333333333,1,thrown_to_reward,Candidate from cached Buddy page-data; review before canonical promotion. Buddy page data exposes reward chance but not reward quantity; candidate export defaults quantity to 1 for review.,https://buddy.farm/i/water-lily/,https://buddy.farm/page-data/i/water-lily/page-data.json,water-lily__water-lily.json,buddy-item-multi-source-v1,reward_quantity_defaulted
Water Lily,water lily,Popcorn,popcorn,0.3333333333333333,1,thrown_to_reward,Candidate from cached Buddy page-data; review before canonical promotion. Buddy page data exposes reward chance but not reward quantity; candidate export defaults quantity to 1 for review.,https://buddy.farm/i/water-lily/,https://buddy.farm/page-data/i/water-lily/page-data.json,water-lily__water-lily.json,buddy-item-multi-source-v1,reward_quantity_defaulted
Water Lily,water lily,Grab Bag 02,grab bag 02,0.3333333333333333,1,thrown_to_reward,Candidate from cached Buddy page-data; review before canonical promotion. Buddy page data exposes reward chance but not reward quantity; candidate export defaults quantity to 1 for review.,https://buddy.farm/i/water-lily/,https://buddy.farm/page-data/i/water-lily/page-data.json,water-lily__water-lily.json,buddy-item-multi-source-v1,reward_quantity_defaulted
Wax Candle,wax candle,Gouda,gouda,0.3333333333333333,1,thrown_to_reward,Candidate from cached Buddy page-data; review before canonical promotion. Buddy page data exposes reward chance but not reward quantity; candidate export defaults quantity to 1 for review.,https://buddy.farm/i/wax-candle/,https://buddy.farm/page-data/i/wax-candle/page-data.json,wax-candle__wax-candle.json,buddy-item-multi-source-v1,reward_quantity_defaulted
Wax Candle,wax candle,R.O.A.S.,r o a s,0.3333333333333333,1,thrown_to_reward,Candidate from cached Buddy page-data; review before canonical promotion. Buddy page data exposes reward chance but not reward quantity; candidate export defaults quantity to 1 for review.,https://buddy.farm/i/wax-candle/,https://buddy.farm/page-data/i/wax-candle/page-data.json,wax-candle__wax-candle.json,buddy-item-multi-source-v1,reward_quantity_defaulted
Wax Candle,wax candle,Witch Hat,witch hat,0.3333333333333333,1,thrown_to_reward,Candidate from cached Buddy page-data; review before canonical promotion. Buddy page data exposes reward chance but not reward quantity; candidate export defaults quantity to 1 for review.,https://buddy.farm/i/wax-candle/,https://buddy.farm/page-data/i/wax-candle/page-data.json,wax-candle__wax-candle.json,buddy-item-multi-source-v1,reward_quantity_defaulted
Witch Hat,witch hat,Chattering Teeth,chattering teeth,0.3333333333333333,1,thrown_to_reward,Candidate from cached Buddy page-data; review before canonical promotion. Buddy page data exposes reward chance but not reward quantity; candidate export defaults quantity to 1 for review.,https://buddy.farm/i/witch-hat/,https://buddy.farm/page-data/i/witch-hat/page-data.json,witch-hat__witch-hat.json,buddy-item-multi-source-v1,reward_quantity_defaulted
Witch Hat,witch hat,Wizard Hat,wizard hat,0.3333333333333333,1,thrown_to_reward,Candidate from cached Buddy page-data; review before canonical promotion. Buddy page data exposes reward chance but not reward quantity; candidate export defaults quantity to 1 for review.,https://buddy.farm/i/witch-hat/,https://buddy.farm/page-data/i/witch-hat/page-data.json,witch-hat__witch-hat.json,buddy-item-multi-source-v1,reward_quantity_defaulted
Witch Hat,witch hat,Wax Candle,wax candle,0.3333333333333333,1,thrown_to_reward,Candidate from cached Buddy page-data; review before canonical promotion. Buddy page data exposes reward chance but not reward quantity; candidate export defaults quantity to 1 for review.,https://buddy.farm/i/witch-hat/,https://buddy.farm/page-data/i/witch-hat/page-data.json,witch-hat__witch-hat.json,buddy-item-multi-source-v1,reward_quantity_defaulted
Wooden Box,wooden box,Carved Chicken,carved chicken,0.25,1,thrown_to_reward,Candidate from cached Buddy page-data; review before canonical promotion. Buddy page data exposes reward chance but not reward quantity; candidate export defaults quantity to 1 for review.,https://buddy.farm/i/wooden-box/,https://buddy.farm/page-data/i/wooden-box/page-data.json,wooden-box__wooden-box.json,buddy-item-multi-source-v1,reward_quantity_defaulted
Wooden Box,wooden box,Carved Fox,carved fox,0.25,1,thrown_to_reward,Candidate from cached Buddy page-data; review before canonical promotion. Buddy page data exposes reward chance but not reward quantity; candidate export defaults quantity to 1 for review.,https://buddy.farm/i/wooden-box/,https://buddy.farm/page-data/i/wooden-box/page-data.json,wooden-box__wooden-box.json,buddy-item-multi-source-v1,reward_quantity_defaulted
Wooden Box,wooden box,Wooden Mask,wooden mask,0.25,1,thrown_to_reward,Candidate from cached Buddy page-data; review before canonical promotion. Buddy page data exposes reward chance but not reward quantity; candidate export defaults quantity to 1 for review.,https://buddy.farm/i/wooden-box/,https://buddy.farm/page-data/i/wooden-box/page-data.json,wooden-box__wooden-box.json,buddy-item-multi-source-v1,reward_quantity_defaulted
Wooden Box,wooden box,Treasure Chest,treasure chest,0.25,1,thrown_to_reward,Candidate from cached Buddy page-data; review before canonical promotion. Buddy page data exposes reward chance but not reward quantity; candidate export defaults quantity to 1 for review.,https://buddy.farm/i/wooden-box/,https://buddy.farm/page-data/i/wooden-box/page-data.json,wooden-box__wooden-box.json,buddy-item-multi-source-v1,reward_quantity_defaulted
Wooden Mask,wooden mask,Spectacles,spectacles,0.3333333333333333,1,thrown_to_reward,Candidate from cached Buddy page-data; review before canonical promotion. Buddy page data exposes reward chance but not reward quantity; candidate export defaults quantity to 1 for review.,https://buddy.farm/i/wooden-mask/,https://buddy.farm/page-data/i/wooden-mask/page-data.json,wooden-mask__wooden-mask.json,buddy-item-multi-source-v1,reward_quantity_defaulted
Wooden Mask,wooden mask,Carved Owl,carved owl,0.3333333333333333,1,thrown_to_reward,Candidate from cached Buddy page-data; review before canonical promotion. Buddy page data exposes reward chance but not reward quantity; candidate export defaults quantity to 1 for review.,https://buddy.farm/i/wooden-mask/,https://buddy.farm/page-data/i/wooden-mask/page-data.json,wooden-mask__wooden-mask.json,buddy-item-multi-source-v1,reward_quantity_defaulted
Wooden Mask,wooden mask,Small Flute,small flute,0.3333333333333333,1,thrown_to_reward,Candidate from cached Buddy page-data; review before canonical promotion. Buddy page data exposes reward chance but not reward quantity; candidate export defaults quantity to 1 for review.,https://buddy.farm/i/wooden-mask/,https://buddy.farm/page-data/i/wooden-mask/page-data.json,wooden-mask__wooden-mask.json,buddy-item-multi-source-v1,reward_quantity_defaulted
Wooden Pipe,wooden pipe,Fancy Pipe,fancy pipe,0.25,1,thrown_to_reward,Candidate from cached Buddy page-data; review before canonical promotion. Buddy page data exposes reward chance but not reward quantity; candidate export defaults quantity to 1 for review.,https://buddy.farm/i/wooden-pipe/,https://buddy.farm/page-data/i/wooden-pipe/page-data.json,wooden-pipe__wooden-pipe.json,buddy-item-multi-source-v1,reward_quantity_defaulted
Wooden Pipe,wooden pipe,Small Gear,small gear,0.25,1,thrown_to_reward,Candidate from cached Buddy page-data; review before canonical promotion. Buddy page data exposes reward chance but not reward quantity; candidate export defaults quantity to 1 for review.,https://buddy.farm/i/wooden-pipe/,https://buddy.farm/page-data/i/wooden-pipe/page-data.json,wooden-pipe__wooden-pipe.json,buddy-item-multi-source-v1,reward_quantity_defaulted
Wooden Pipe,wooden pipe,Small Flute,small flute,0.25,1,thrown_to_reward,Candidate from cached Buddy page-data; review before canonical promotion. Buddy page data exposes reward chance but not reward quantity; candidate export defaults quantity to 1 for review.,https://buddy.farm/i/wooden-pipe/,https://buddy.farm/page-data/i/wooden-pipe/page-data.json,wooden-pipe__wooden-pipe.json,buddy-item-multi-source-v1,reward_quantity_defaulted
Wooden Pipe,wooden pipe,Dice,dice,0.25,1,thrown_to_reward,Candidate from cached Buddy page-data; review before canonical promotion. Buddy page data exposes reward chance but not reward quantity; candidate export defaults quantity to 1 for review.,https://buddy.farm/i/wooden-pipe/,https://buddy.farm/page-data/i/wooden-pipe/page-data.json,wooden-pipe__wooden-pipe.json,buddy-item-multi-source-v1,reward_quantity_defaulted